Centro,Fecha_Creacion,Hora,FRM_Orden_Final,FRM_Orden_Item_Final,EOC_ID_TIENDA,Grupo_Canal,Tipo_de_Negocio,Tipo_Despacho_Detalle,Operador_Logistico_Old,EOC_DELIVERYSTOREID,EOC_Estado,Estado_T,Estado_T_Detalle,FRM_N_DNI_Asesor,FRM_Tipologia,Fecha_Entrega_Pactada,Fecha_Entrega_Real,INR_FechaActivacion,Cruce_INAR,EOC_Estado,EOC_Cierre,Multilinea_Asesor,Multi_item,FRM_Departamento_de_entrega,INR_NumRentaIGV_Neto,FRM_Plan_vendido,OBI_Nuevo_plan,OBI_Operador_Origen_Portabilidad,OMN_SLA_Tipo_Entrega,SBL_Estado,SBL_Subestado,OBI_DESC_Rechazo_OAP,LGX_Distrito_Entrega
Netcall,3 oct 2026,13,928107662,92810766289511710101030235888,9283,Outbound,Portabilidad Postpago,EXPRESS,Retiro en tienda,9349,ABIERTAS,Entregado,Entregado,NET_MMIRANDAM,SIM,3 oct 2026,null,null,No,ABIERTAS,null,Monolínea,Mono_item,Ucayali,null,null,null,null,10:00 - 20:00,En Progreso,Punto de No Retorno,null,null
Netcall,1 oct 2026,11,927269820,9272698208285621259263,9283,Outbound,Portabilidad Postpago,EXPRESS,Logixtal,9349,CANCELADAS,Anulado,PIN-PORTA NO LLEGA SMS,NET_YUCEDAB,SIM,1 oct 2026,null,null,No,CANCELADAS,2026-10-01 13:39:33,Monolínea,Mono_item,Ucayali,null,null,Power ilim 79.90 SD N,Viettel Peru,10:00 - 20:00,Cancelado,Rechazado,Desconocido,YARINACOCHA
Netcall,2 oct 2026,18,927886648,927886648,9283,Outbound,Portabilidad Postpago,PROGRAMADO,Logixtal,9349,ABIERTAS,Pendiente Entrega,Pendiente Entrega,NET_KYUPANQUIC,SIM,3 oct 2026,null,null,No,ABIERTAS,null,Monolínea,Mono_item,Ucayali,null,null,null,null,09:00 - 13:00,En Progreso,En Progreso,null,YARINACOCHA
Netcall,1 oct 2026,16,927360976,9273609768286486412112,9283,Outbound,Portabilidad Postpago,PROGRAMADO,Logixtal,5022,CERRADAS,Entregado,Entregado,NET_YRUEDAMONDR,SIM,2 oct 2026,2 oct 2026,null,No,CERRADAS,2026-10-03 01:37:57,Multilínea,Mono_item,Arequipa,null,Power ilim 79.90 SD N,Power ilim 79.90 SD N,AmericaMovil,09:00 - 13:00,Cerrado,Resuelto,Desconocido,YANAHUARA
Netcall,2 oct 2026,15,927813860,927813860,9283,Outbound,Portabilidad Postpago,EXPRESS,Logixtal,5022,CERRADAS,Entregado,Entregado,NET_GSILVAF,SIM,2 oct 2026,2 oct 2026,null,No,CERRADAS,2026-10-03 00:28:29,Multilínea,Mono_item,Arequipa,null,Power ilim 79.90 SD N,null,null,10:00 - 20:00,Cerrado,Resuelto,null,YANAHUARA
Netcall,2 oct 2026,16,927836552,927836552,9283,Outbound,Portabilidad Postpago,EXPRESS,Logixtal,5022,CERRADAS,Entregado,Entregado,NET_GSILVAF,SIM,2 oct 2026,2 oct 2026,null,No,CERRADAS,2026-10-03 00:22:42,Multilínea,Mono_item,Arequipa,null,Power ilim 79.90 SD N,null,null,10:00 - 20:00,Cerrado,Resuelto,null,YANAHUARA
Netcall,2 oct 2026,15,927814982,927814982,9283,Outbound,Portabilidad Postpago,EXPRESS,Logixtal,5022,CERRADAS,Entregado,Entregado,NET_GSILVAF,SIM,2 oct 2026,2 oct 2026,null,No,CERRADAS,2026-10-03 01:44:58,Multilínea,Mono_item,Arequipa,null,Power ilim 79.90 SD N,null,null,10:00 - 20:00,Cerrado,Resuelto,null,YANAHUARA
Netcall,2 oct 2026,15,927816499,927816499,9283,Outbound,Portabilidad Postpago,EXPRESS,Logixtal,5022,CANCELADAS,Anulado,PIN-PORTA NO LLEGA SMS,NET_GSILVAF,SIM,2 oct 2026,null,null,No,CANCELADAS,2026-10-02 16:23:41,Multilínea,Mono_item,Arequipa,null,null,null,null,10:00 - 20:00,Cancelado,Rechazado,null,YANAHUARA
Netcall,1 oct 2026,16,927358186,9273581868286454081459,9283,Outbound,Portabilidad Postpago,PROGRAMADO,Logixtal,5022,CERRADAS,Entregado,Entregado,NET_YRUEDAMONDR,SIM,2 oct 2026,2 oct 2026,null,No,CERRADAS,2026-10-03 00:48:48,Multilínea,Mono_item,Arequipa,null,Power ilim 79.90 SD N,Power ilim 79.90 SD N,AmericaMovil,09:00 - 13:00,Cerrado,Resuelto,Desconocido,YANAHUARA
Netcall,3 oct 2026,9,928037305,92803730589511710101029548200,9283,Outbound,Portabilidad Postpago,EXPRESS,Logixtal,5022,ABIERTAS,Entregado,Entregado,TLV_NET_DBARTET,SIM,3 oct 2026,null,null,No,ABIERTAS,null,Monolínea,Mono_item,Arequipa,null,null,null,null,10:00 - 20:00,En Progreso,Punto de No Retorno,null,null
Netcall,3 oct 2026,11,928081093,92808109389511710101029544605,9283,Outbound,Portabilidad Postpago,EXPRESS,Logixtal,5022,ABIERTAS,Pendiente Entrega,Pendiente de Picking,NET_TDILAST,SIM,3 oct 2026,null,null,No,ABIERTAS,null,Monolínea,Mono_item,Arequipa,null,null,null,null,10:00 - 20:00,En Progreso,Punto de No Retorno,null,null
Netcall,1 oct 2026,13,927321089,9273210898286099074536,9283,Outbound,Portabilidad Postpago,EXPRESS,Logixtal,3115,ABIERTAS,Anulado,REINTENTOS MÁXIMOS,NET_KCHAVEZF,SIM,1 oct 2026,null,null,No,ABIERTAS,null,Monolínea,Mono_item,Pasco,null,null,Power ilim 69.90 N,Viettel Peru,10:00 - 20:00,En Progreso,Punto de No Retorno,Desconocido,YANACANCHA
Netcall,2 oct 2026,9,927694366,927694366,9283,Outbound,Portabilidad Postpago,EXPRESS,Logixtal,3115,CERRADAS,Entregado,Entregado,TLV_NET_BRAMIRE,SIM,2 oct 2026,2 oct 2026,null,No,CERRADAS,2026-10-03 01:45:22,Monolínea,Mono_item,Pasco,null,Power ilim 69.90 N,null,null,10:00 - 20:00,Cerrado,Resuelto,null,YANACANCHA
Netcall,1 oct 2026,15,927343051,9273430518286313838164,9283,Outbound,Portabilidad Postpago,EXPRESS,Logixtal,3115,ABIERTAS,Anulado,PIN-PORTA NO LLEGA SMS,NET_ECARRETEROH,SIM,1 oct 2026,null,null,No,ABIERTAS,null,Monolínea,Mono_item,Pasco,null,null,Power ilim 79.90 SD N,Viettel Peru,10:00 - 20:00,En Progreso,Punto de No Retorno,Desconocido,YANACANCHA
Netcall,2 oct 2026,12,927758239,927758239,9283,Outbound,Portabilidad Postpago,EXPRESS,Logixtal,3115,ABIERTAS,Entregado,Entregado,NET_ATORRESP,SIM,2 oct 2026,2 oct 2026,null,No,ABIERTAS,null,Monolínea,Mono_item,Pasco,null,null,null,null,10:00 - 20:00,En Progreso,Punto de No Retorno,null,YANACANCHA
Netcall,3 oct 2026,10,928042065,92804206589511710101030171257,5299,Outbound,Portabilidad Postpago,EXPRESS,Retiro en tienda,9343,ABIERTAS,Entregado,Entregado,NET_MMENDOZAV,SIM,3 oct 2026,null,null,No,ABIERTAS,null,Monolínea,Mono_item,Cusco,null,null,null,null,10:00 - 20:00,En Progreso,Punto de No Retorno,null,null
Netcall,3 oct 2026,8,928020333,92802033389511710101030209107,9283,Outbound,Portabilidad Postpago,EXPRESS,Retiro en tienda,9343,ABIERTAS,Entregado,Entregado,NET_ARIOST,SIM,3 oct 2026,null,null,No,ABIERTAS,null,Multilínea,Mono_item,Cusco,null,null,null,null,10:00 - 20:00,En Progreso,Punto de No Retorno,null,null
Netcall,3 oct 2026,13,928107319,92810731989511710101030178484,9283,Outbound,Portabilidad Postpago,PROGRAMADO,Retiro en tienda,9343,ABIERTAS,Entregado,Entregado,NET_ADOROTEOSAL,SIM,5 oct 2026,null,null,No,ABIERTAS,null,Multilínea,Mono_item,Cusco,null,null,null,null,13:01 - 19:00,En Progreso,Punto de No Retorno,null,null
Netcall,3 oct 2026,13,928109465,92810946589511710101030178468,9283,Outbound,Portabilidad Postpago,PROGRAMADO,Retiro en tienda,9343,ABIERTAS,Entregado,Entregado,NET_ADOROTEOSAL,SIM,6 oct 2026,null,null,No,ABIERTAS,null,Multilínea,Mono_item,Cusco,null,null,null,null,09:00 - 13:00,En Progreso,Punto de No Retorno,null,null
Netcall,3 oct 2026,8,928020829,92802082989511710101030209180,9283,Outbound,Portabilidad Postpago,EXPRESS,Retiro en tienda,9343,ABIERTAS,Entregado,Entregado,NET_ARIOST,SIM,3 oct 2026,null,null,No,ABIERTAS,null,Multilínea,Mono_item,Cusco,null,null,null,null,10:00 - 20:00,En Progreso,Punto de No Retorno,null,null
Netcall,1 oct 2026,15,927348486,9273484868286358239396,9271,Outbound,Portabilidad Postpago,EXPRESS,Logixtal,9343,CERRADAS,Entregado,Entregado,NET_MSUAREZG,SIM,1 oct 2026,2 oct 2026,null,No,CERRADAS,2026-10-03 02:03:52,Monolínea,Mono_item,Cusco,null,Power ilim 79.90 SD N,Power ilim 79.90 SD N,AmericaMovil,10:00 - 20:00,Cerrado,Resuelto,Desconocido,WANCHAQ
Netcall,3 oct 2026,9,928033958,92803395889511710101030171133,9283,Outbound,Portabilidad Postpago,EXPRESS,Retiro en tienda,9343,ABIERTAS,Entregado,Entregado,NET_SRAMOSC,SIM,3 oct 2026,null,null,No,ABIERTAS,null,Monolínea,Mono_item,Cusco,null,null,null,null,10:00 - 20:00,En Progreso,Punto de No Retorno,null,null
Netcall,2 oct 2026,14,927810889,927810889,9283,Outbound,Portabilidad Postpago,PROGRAMADO,Logixtal,9343,ABIERTAS,Pendiente Entrega,Pendiente Entrega,NET_KSOLORZANOV,SIM,3 oct 2026,null,null,No,ABIERTAS,null,Multilínea,Mono_item,Cusco,null,null,null,null,13:01 - 19:00,En Progreso,En Progreso,null,WANCHAQ
Netcall,1 oct 2026,7,927198247,9271982478285186737710,9283,Outbound,Venta Regular / Alta,EXPRESS,Logixtal,9343,CERRADAS,Entregado,Entregado,NET_PCHAVESTAY,SIM,1 oct 2026,1 oct 2026,01/10/2026,Sí,CERRADAS,2026-10-01 14:29:39,Multilínea,Mono_item,Cusco,39.95,Power ilim 79.90 SD N,Power ilim 79.90 SD N,Desconocido,10:00 - 20:00,Cerrado,Resuelto,Desconocido,WANCHAQ
Netcall,1 oct 2026,10,927255945,927255945,9283,Outbound,Portabilidad Postpago,EXPRESS,Logixtal,9343,CERRADAS,Entregado,Entregado,NET_RCARDENASH,SIM,1 oct 2026,1 oct 2026,null,No,CERRADAS,2026-10-02 00:28:45,Monolínea,Mono_item,Cusco,null,Power ilim 69.90 N,null,null,10:00 - 20:00,Cerrado,Resuelto,null,WANCHAQ
Netcall,1 oct 2026,8,927200200,9272002008285194425715,9283,Outbound,Portabilidad Postpago,EXPRESS,Logixtal,9343,CERRADAS,Entregado,Entregado,NET_PCHAVESTAY,SIM,1 oct 2026,1 oct 2026,null,No,CERRADAS,2026-10-02 03:29:45,Multilínea,Mono_item,Cusco,null,Power ilim 79.90 SD N,Power ilim 79.90 SD N,Viettel Peru,10:00 - 20:00,Cerrado,Resuelto,Desconocido,WANCHAQ
Netcall,2 oct 2026,10,927724451,927724451,9283,Outbound,Portabilidad Postpago,EXPRESS,Logixtal,9343,CERRADAS,Entregado,Entregado,NET_LMALDONADOC,SIM,2 oct 2026,2 oct 2026,null,No,CERRADAS,2026-10-03 00:31:37,Monolínea,Mono_item,Cusco,null,Power ilim 69.90 N,null,null,10:00 - 20:00,Cerrado,Resuelto,null,WANCHAQ
Netcall,3 oct 2026,10,928058546,928058546Empty,9283,Outbound,Portabilidad Postpago,PROGRAMADO,Retiro en tienda,9343,ABIERTAS,Pendiente Entrega,Pendiente Entrega,NET_JPRADOP,SIM,5 oct 2026,null,null,No,ABIERTAS,null,Monolínea,Mono_item,Cusco,null,null,null,null,09:00 - 13:00,En Progreso,En Progreso,null,null
Netcall,3 oct 2026,12,928105137,92810513789511710101030178492,9283,Outbound,Portabilidad Postpago,PROGRAMADO,Retiro en tienda,9343,ABIERTAS,Entregado,Entregado,NET_ADOROTEOSAL,SIM,5 oct 2026,null,null,No,ABIERTAS,null,Multilínea,Mono_item,Cusco,null,null,null,null,13:01 - 19:00,En Progreso,Punto de No Retorno,null,null
Netcall,3 oct 2026,13,928108741,92810874189511710101030178476,9283,Outbound,Portabilidad Postpago,PROGRAMADO,Retiro en tienda,9343,ABIERTAS,Pendiente Entrega,Pendiente Entrega,NET_ADOROTEOSAL,SIM,6 oct 2026,null,null,No,ABIERTAS,null,Multilínea,Mono_item,Cusco,null,null,null,null,09:00 - 13:00,En Progreso,Punto de No Retorno,null,null
Netcall,2 oct 2026,11,927737450,927737450,9283,Outbound,Portabilidad Postpago,PROGRAMADO,Logixtal,9343,ABIERTAS,Pendiente Entrega,Pendiente Entrega,TLV_NET_CURCIAR,SIM,3 oct 2026,null,null,No,ABIERTAS,null,Monolínea,Mono_item,Cusco,null,null,null,null,09:00 - 13:00,En Progreso,En Progreso,null,WANCHAQ
Netcall,2 oct 2026,15,927812415,927812415,9283,Outbound,Portabilidad Postpago,PROGRAMADO,Logixtal,9343,ABIERTAS,Pendiente Entrega,Pendiente Entrega,NET_KSOLORZANOV,SIM,3 oct 2026,null,null,No,ABIERTAS,null,Multilínea,Mono_item,Cusco,null,null,null,null,13:01 - 19:00,En Progreso,Punto de No Retorno,null,WANCHAQ
Netcall,1 oct 2026,12,927296033,9272960338285856509217,9283,Outbound,Portabilidad Postpago,PROGRAMADO,Logixtal,5023,CERRADAS,Entregado,Entregado,NET_ABARRERAY,SIM,2 oct 2026,2 oct 2026,null,No,CERRADAS,2026-10-03 00:49:51,Monolínea,Mono_item,La Libertad,null,Power ilim 69.90 N,Power ilim 69.90 N,Viettel Peru,09:00 - 19:00,Cerrado,Resuelto,Desconocido,VIRU
Netcall,1 oct 2026,11,927283150,9272831508285727514220,9283,Outbound,Portabilidad Postpago,PROGRAMADO,Logixtal,5023,CERRADAS,Entregado,Entregado,NET_LCAMPOSCABR,SIM,2 oct 2026,2 oct 2026,null,No,CERRADAS,2026-10-03 01:03:35,Monolínea,Mono_item,La Libertad,null,Power ilim 69.90 N,Power ilim 69.90 N,Viettel Peru,09:00 - 19:00,Cerrado,Resuelto,Desconocido,VIRU
Netcall,2 oct 2026,15,927816599,927816599,9223,Fidelización,Renovación,PROGRAMADO,Logixtal,5023,ABIERTAS,Pendiente Entrega,Pendiente Entrega,NET_AUSCAMAYTAH,Equipo,5 oct 2026,null,null,No,ABIERTAS,null,Multilínea,Mono_item,La Libertad,null,null,null,null,09:00 - 19:00,En Progreso,Punto de No Retorno,null,VIRU
Netcall,3 oct 2026,10,928048567,92804856789511710111087132649,9283,Outbound,Portabilidad Postpago,PROGRAMADO,Logixtal,5023,ABIERTAS,Pendiente Entrega,Pendiente de Picking,NET_SLAZOB,SIM,5 oct 2026,null,null,No,ABIERTAS,null,Monolínea,Mono_item,La Libertad,null,null,null,null,09:00 - 19:00,En Progreso,Punto de No Retorno,null,null
Netcall,2 oct 2026,15,927818289,927818289,9283,Outbound,Portabilidad Postpago,EXPRESS,Logixtal,5023,CERRADAS,Entregado,Entregado,TLV_NET_DVALOI,SIM,2 oct 2026,2 oct 2026,null,No,CERRADAS,2026-10-03 01:54:44,Monolínea,Mono_item,La Libertad,null,Power ilim 69.90 N,null,null,10:00 - 20:00,Cerrado,Resuelto,null,VIRU
Netcall,1 oct 2026,19,927415985,9274159858287022688137,9283,Outbound,Portabilidad Postpago,PROGRAMADO,Logixtal,9342,ABIERTAS,Pendiente Entrega,Pendiente Entrega,NET_ANCASTROR,SIM,2 oct 2026,null,null,No,ABIERTAS,null,Monolínea,Mono_item,Lima - Callao,null,null,Power ilim 69.90 N,AmericaMovil,08:00 - 13:00,En Progreso,Punto de No Retorno,Desconocido,VILLA MARIA DEL TRIUNFO
Netcall,1 oct 2026,11,927275774,9272757748285676575753,9283,Outbound,Portabilidad Postpago,EXPRESS,Logixtal,9342,CERRADAS,Entregado,Entregado,NET_CRAMOSC,SIM,1 oct 2026,1 oct 2026,null,No,CERRADAS,2026-10-02 01:33:59,Monolínea,Mono_item,Lima - Callao,null,Power ilim 69.90 N,Power ilim 69.90 N,TELEFONICAPE,10:00 - 22:00,Cerrado,Resuelto,Desconocido,VILLA MARIA DEL TRIUNFO
Netcall,3 oct 2026,12,928090849,92809084989511710101081584812,9283,Outbound,Portabilidad Postpago,EXPRESS,Logixtal,9342,ABIERTAS,Pendiente Entrega,Pendiente de Picking,NET_MMREVILLA,SIM,3 oct 2026,null,null,No,ABIERTAS,null,Multilínea,Mono_item,Lima - Callao,null,null,null,null,10:00 - 22:00,En Progreso,Punto de No Retorno,null,null
Netcall,1 oct 2026,15,927351141,9273511418286379127123,9283,Outbound,Portabilidad Postpago,EXPRESS,Logixtal,9342,CERRADAS,Entregado,Entregado,NET_CASCONAT,SIM,1 oct 2026,1 oct 2026,null,No,CERRADAS,2026-10-02 00:55:26,Monolínea,Mono_item,Lima - Callao,null,Power ilim 79.90 SD N,Power ilim 79.90 SD N,TELEFONICAPE,10:00 - 22:00,Cerrado,Resuelto,Desconocido,VILLA MARIA DEL TRIUNFO
Netcall,3 oct 2026,12,928097086,928097086Empty,9283,Outbound,Portabilidad Postpago,PROGRAMADO,Logixtal,9342,ABIERTAS,Pendiente Entrega,Pendiente de Picking,NET_ECHEROS,SIM,4 oct 2026,null,null,No,ABIERTAS,null,Monolínea,Mono_item,Lima - Callao,null,null,null,null,08:00 - 22:00,En Progreso,En Progreso,null,null
Netcall,3 oct 2026,12,928092480,92809248089511710101081584796,9283,Outbound,Venta Regular / Alta,EXPRESS,Logixtal,9342,ABIERTAS,Pendiente Entrega,Pendiente de Picking,NET_MMREVILLA,SIM,3 oct 2026,null,null,No,ABIERTAS,null,Multilínea,Mono_item,Lima - Callao,null,null,null,null,10:00 - 22:00,En Progreso,Punto de No Retorno,null,null
Netcall,3 oct 2026,12,928097703,92809770389511710121083455928,9271,Outbound,Portabilidad Postpago,EXPRESS,Logixtal,9342,ABIERTAS,Entregado,Entregado,NET_MGSGRADOS,SIM,3 oct 2026,null,null,No,ABIERTAS,null,Multilínea,Mono_item,Lima - Callao,null,null,null,null,10:00 - 22:00,En Progreso,Punto de No Retorno,null,null
Netcall,1 oct 2026,10,927261600,9272616008285553994490,9283,Outbound,Portabilidad Postpago,EXPRESS,Logixtal,9342,CERRADAS,Entregado,Entregado,NET_EMMENDIZF,SIM,1 oct 2026,1 oct 2026,null,No,CERRADAS,2026-10-02 00:45:40,Monolínea,Mono_item,Lima - Callao,null,Power ilim 69.90 N,Power ilim 69.90 N,TELEFONICAPE,10:00 - 22:00,Cerrado,Resuelto,Desconocido,VILLA MARIA DEL TRIUNFO
Netcall,2 oct 2026,12,927762194,927762194,9283,Outbound,Portabilidad Postpago,EXPRESS,Logixtal,9342,CERRADAS,Entregado,Entregado,NET_ECARRETEROH,SIM,2 oct 2026,2 oct 2026,null,No,CERRADAS,2026-10-03 01:11:13,Monolínea,Mono_item,Lima - Callao,null,Power ilim 79.90 SD N,null,null,10:00 - 22:00,Cerrado,Resuelto,null,VILLA MARIA DEL TRIUNFO
Netcall,1 oct 2026,17,927386967,9273869678286738375149,9283,Outbound,Portabilidad Postpago,EXPRESS,Logixtal,9342,CERRADAS,Entregado,Entregado,NET_CIOLAYAR,SIM,1 oct 2026,1 oct 2026,null,No,CERRADAS,2026-10-02 02:00:49,Monolínea,Mono_item,Lima - Callao,null,Power ilim 79.90 SD N,Power ilim 79.90 SD N,AmericaMovil,10:00 - 22:00,Cerrado,Resuelto,Desconocido,VILLA MARIA DEL TRIUNFO
Netcall,1 oct 2026,6,927177597,927177597,9283,Outbound,Portabilidad Postpago,EXPRESS,Logixtal,9342,CERRADAS,Entregado,Entregado,NET_KDIAZPISCOY,SIM,1 oct 2026,1 oct 2026,null,No,CERRADAS,2026-10-02 00:32:09,Monolínea,Mono_item,Lima - Callao,null,Power ilim 79.90 SD N,null,null,10:00 - 22:00,Cerrado,Resuelto,null,VILLA MARIA DEL TRIUNFO
Netcall,1 oct 2026,13,927322201,9273222018286111192335,5299,Outbound,Portabilidad Postpago,EXPRESS,Logixtal,9342,CANCELADAS,Entregado,Entregado,NET_CPORRASP,SIM,1 oct 2026,1 oct 2026,null,No,CANCELADAS,2026-10-01 22:00:25,Monolínea,Mono_item,Lima - Callao,null,null,Power ilim 69.90 N,TELEFONICAPE,10:00 - 22:00,Cancelado,Pedido Cancelación,Portabilidad Rechazada. REC01PRT09: El abonado tiene deuda exigible | paymentDueDate=2026-09-28|portabilityOperDateActive=2026-02-15|amount=39.9|units=01,VILLA MARIA DEL TRIUNFO
Netcall,1 oct 2026,9,927242964,9272429648285391213043,9283,Outbound,Portabilidad Postpago,EXPRESS,Logixtal,9342,CERRADAS,Entregado,Entregado,NET_MORIHUELAQ,SIM,1 oct 2026,1 oct 2026,null,No,CERRADAS,2026-10-02 01:17:07,Multilínea,Mono_item,Lima - Callao,null,Power ilim 79.90 SD N,Power ilim 79.90 SD N,Viettel Peru,10:00 - 22:00,Cerrado,Resuelto,Desconocido,VILLA MARIA DEL TRIUNFO
Netcall,3 oct 2026,12,928083998,92808399889511710101081584846,9283,Outbound,Portabilidad Postpago,EXPRESS,Logixtal,9342,ABIERTAS,Pendiente Entrega,Pendiente de Picking,NET_DLIMAYMANTC,SIM,3 oct 2026,null,null,No,ABIERTAS,null,Multilínea,Mono_item,Lima - Callao,null,null,null,null,10:00 - 22:00,En Progreso,Punto de No Retorno,null,null
Netcall,3 oct 2026,11,928075921,92807592189511710101081584861,9283,Outbound,Portabilidad Postpago,EXPRESS,Logixtal,9342,ABIERTAS,Pendiente Entrega,Pendiente de Picking,NET_DLIMAYMANTC,SIM,3 oct 2026,null,null,No,ABIERTAS,null,Multilínea,Mono_item,Lima - Callao,null,null,null,null,10:00 - 22:00,En Progreso,Punto de No Retorno,null,null
Netcall,3 oct 2026,13,928118516,928118516Empty,9283,Outbound,Portabilidad Postpago,EXPRESS,Logixtal,9342,ABIERTAS,Pendiente Entrega,Pendiente de Picking,TLV_NET_CURCIAR,SIM,3 oct 2026,null,null,No,ABIERTAS,null,Monolínea,Mono_item,Lima - Callao,null,null,null,null,10:00 - 22:00,En Progreso,En Progreso,null,null
Netcall,1 oct 2026,17,927381500,9273815008286693988718,9283,Outbound,Portabilidad Postpago,EXPRESS,Logixtal,9342,CERRADAS,Entregado,Entregado,NET_CCONDEM,SIM,1 oct 2026,1 oct 2026,null,No,CERRADAS,2026-10-02 01:20:33,Monolínea,Mono_item,Lima - Callao,null,Power ilim 79.90 SD N,Power ilim 79.90 SD N,AmericaMovil,10:00 - 22:00,Cerrado,Resuelto,Desconocido,VILLA MARIA DEL TRIUNFO
Netcall,1 oct 2026,12,927304476,9273044768285938463503,9283,Outbound,Portabilidad Postpago,EXPRESS,Logixtal,9342,CANCELADAS,Entregado,Entregado,NET_NZAMORAV,SIM,1 oct 2026,1 oct 2026,null,No,CANCELADAS,2026-10-01 22:00:36,Multilínea,Mono_item,Lima - Callao,null,null,Power ilim 79.90 SD N,AmericaMovil,10:00 - 22:00,Cancelado,Pedido Cancelación,Portabilidad Rechazada. REC01PRT09: El abonado tiene deuda exigible | paymentDueDate=2026-09-24|portabilityOperDateActive=2024-06-15,VILLA MARIA DEL TRIUNFO
Netcall,3 oct 2026,10,928056195,92805619589511710101081583061,9283,Outbound,Portabilidad Postpago,EXPRESS,Logixtal,9342,CANCELADAS,Pendiente Entrega,Pendiente de Picking,NET_MMACHACAM,SIM,3 oct 2026,null,null,No,CANCELADAS,2026-10-03 12:17:40,Monolínea,Mono_item,Lima - Callao,null,null,null,null,10:00 - 22:00,Cancelado,Rechazado,null,null
Netcall,1 oct 2026,14,927326197,9273261978286142812344,9283,Outbound,Portabilidad Postpago,EXPRESS,Logixtal,9342,CANCELADAS,Anulado,CLIENTE DESISTE - INFORMACIÓN INCORRECTA,NET_LCHAFLOQUEA,SIM,1 oct 2026,null,null,No,CANCELADAS,2026-10-01 15:20:43,Multilínea,Mono_item,Lima - Callao,null,null,Power ilim 79.90 SD N,Viettel Peru,10:00 - 22:00,Cancelado,Rechazado,Desconocido,VILLA MARIA DEL TRIUNFO
Netcall,3 oct 2026,11,928075921,92807592189511710101081584853,9283,Outbound,Portabilidad Postpago,EXPRESS,Logixtal,9342,ABIERTAS,Pendiente Entrega,Pendiente de Picking,NET_DLIMAYMANTC,SIM,3 oct 2026,null,null,No,ABIERTAS,null,Multilínea,Mono_item,Lima - Callao,null,null,null,null,10:00 - 22:00,En Progreso,Punto de No Retorno,null,null
Netcall,1 oct 2026,18,927401729,9274017298286878929151,9283,Outbound,Portabilidad Postpago,EXPRESS,Logixtal,9342,CANCELADAS,Anulado,CLIENTE YA NO DESEA PRODUCTO,NET_DHUAYACGONZ,SIM,1 oct 2026,null,null,No,CANCELADAS,2026-10-02 10:28:43,Monolínea,Mono_item,Lima - Callao,null,null,Power ilim 79.90 SD N,AmericaMovil,08:00 - 20:00,Cancelado,Rechazado,Desconocido,VILLA MARIA DEL TRIUNFO
Netcall,2 oct 2026,12,927761785,927761785,9283,Outbound,Portabilidad Postpago,EXPRESS,Logixtal,9342,CERRADAS,Entregado,Entregado,NET_GSANTOSC,SIM,2 oct 2026,2 oct 2026,null,No,CERRADAS,2026-10-03 03:35:54,Multilínea,Mono_item,Lima - Callao,null,Power ilim 79.90 SD N,null,null,10:00 - 22:00,Cerrado,Resuelto,null,VILLA MARIA DEL TRIUNFO
Netcall,1 oct 2026,14,927328362,9273283628286170967551,9283,Outbound,Portabilidad Postpago,EXPRESS,Logixtal,9342,CANCELADAS,Anulado,CLIENTE DESISTE - INFORMACIÓN INCORRECTA,NET_LCHAFLOQUEA,SIM,1 oct 2026,null,null,No,CANCELADAS,2026-10-01 15:20:32,Multilínea,Mono_item,Lima - Callao,null,null,Power ilim 79.90 SD N,AmericaMovil,10:00 - 22:00,Cancelado,Rechazado,Desconocido,VILLA MARIA DEL TRIUNFO
Netcall,3 oct 2026,11,928082830,92808283089511710101081584879,9283,Outbound,Portabilidad Postpago,EXPRESS,Logixtal,9342,ABIERTAS,Pendiente Entrega,Pendiente de Picking,NET_DLIMAYMANTC,SIM,3 oct 2026,null,null,No,ABIERTAS,null,Multilínea,Mono_item,Lima - Callao,null,null,null,null,10:00 - 22:00,En Progreso,Punto de No Retorno,null,null
Netcall,1 oct 2026,10,927265553,9272655538285587310010,9283,Outbound,Venta Regular / Alta,EXPRESS,Logixtal,9342,CANCELADAS,Anulado,CLIENTE DESISTE - INFORMACIÓN INCORRECTA,TLV_NET_RSORIAH,SIM,1 oct 2026,null,null,No,CANCELADAS,2026-10-01 12:15:59,Monolínea,Mono_item,Lima - Callao,null,null,Power ilim 69.90 N,Desconocido,10:00 - 22:00,Cancelado,Rechazado,Desconocido,VILLA MARIA DEL TRIUNFO
Netcall,1 oct 2026,15,927347587,9273475878286351777740,9283,Outbound,Venta Regular / Alta,EXPRESS,Logixtal,9342,CERRADAS,Entregado,Entregado,NET_ATRIVINOS,SIM,1 oct 2026,1 oct 2026,null,No,CERRADAS,2026-10-01 16:53:34,Monolínea,Mono_item,Lima - Callao,null,Power ilim 69.90 N,Power ilim 69.90 N,Desconocido,10:00 - 22:00,Cerrado,Resuelto,Desconocido,VILLA MARIA DEL TRIUNFO
Netcall,3 oct 2026,10,928040157,92804015789511710121083471602,9283,Outbound,Portabilidad Postpago,EXPRESS,Logixtal,9342,ABIERTAS,Pendiente Entrega,Pendiente de Picking,NET_KALMEYDAS,SIM,3 oct 2026,null,null,No,ABIERTAS,null,Monolínea,Mono_item,Lima - Callao,null,null,null,null,10:00 - 22:00,En Progreso,Punto de No Retorno,null,null
Netcall,3 oct 2026,11,928081140,92808114089511710121083455944,9283,Outbound,Portabilidad Postpago,EXPRESS,Logixtal,9342,ABIERTAS,Entregado,Entregado,NET_EZAPATAC,SIM,3 oct 2026,null,null,No,ABIERTAS,null,Monolínea,Mono_item,Lima - Callao,null,null,null,null,10:00 - 22:00,En Progreso,Punto de No Retorno,null,null
Netcall,1 oct 2026,18,927403164,9274031648286906046586,9283,Outbound,Portabilidad Postpago,EXPRESS,Logixtal,9342,CERRADAS,Entregado,Entregado,NET_GDELGADO,SIM,1 oct 2026,2 oct 2026,null,No,CERRADAS,2026-10-03 01:53:54,Monolínea,Mono_item,Lima - Callao,null,Power ilim 69.90 N,Power ilim 69.90 N,AmericaMovil,10:00 - 22:00,Cerrado,Resuelto,Desconocido,VILLA MARIA DEL TRIUNFO
Netcall,3 oct 2026,13,928114314,928114314Empty,9283,Outbound,Portabilidad Postpago,EXPRESS,Logixtal,9342,ABIERTAS,Pendiente Entrega,Pendiente de Picking,NET_MCVASQUEZ,SIM,3 oct 2026,null,null,No,ABIERTAS,null,Monolínea,Mono_item,Lima - Callao,null,null,null,null,10:00 - 22:00,En Progreso,En Progreso,null,null
Netcall,1 oct 2026,11,927269041,927269041,9283,Outbound,Portabilidad Postpago,EXPRESS,Logixtal,9342,CERRADAS,Entregado,Entregado,NET_WBENITESA,SIM,1 oct 2026,1 oct 2026,null,No,CERRADAS,2026-10-02 00:29:30,Monolínea,Mono_item,Lima - Callao,null,Power ilim 79.90 SD N,null,null,10:00 - 22:00,Cerrado,Resuelto,null,VILLA MARIA DEL TRIUNFO
Netcall,2 oct 2026,15,927824503,927824503,9283,Outbound,Portabilidad Postpago,EXPRESS,Logixtal,9342,CERRADAS,Entregado,Entregado,NET_DFRANCIAH,SIM,2 oct 2026,2 oct 2026,null,No,CERRADAS,2026-10-03 00:06:14,Monolínea,Mono_item,Lima - Callao,null,Power ilim 69.90 N,null,null,10:00 - 22:00,Cerrado,Resuelto,null,VILLA MARIA DEL TRIUNFO
Netcall,1 oct 2026,12,927305955,9273059558285952814926,9283,Outbound,Portabilidad Postpago,EXPRESS,Logixtal,9342,CANCELADAS,Anulado,Cliente sin equipo Pin Porta,NET_NZAMORAV,SIM,1 oct 2026,null,null,No,CANCELADAS,2026-10-01 14:00:47,Multilínea,Mono_item,Lima - Callao,null,null,Power ilim 79.90 SD N,AmericaMovil,10:00 - 22:00,Cancelado,Rechazado,Desconocido,VILLA MARIA DEL TRIUNFO
Netcall,2 oct 2026,11,927745545,927745545,9283,Outbound,Portabilidad Postpago,EXPRESS,Logixtal,9342,CERRADAS,Entregado,Entregado,NET_KALMEYDAS,SIM,2 oct 2026,2 oct 2026,null,No,CERRADAS,2026-10-03 03:29:09,Monolínea,Mono_item,Lima - Callao,null,Power ilim 69.90 N,null,null,10:00 - 22:00,Cerrado,Resuelto,null,VILLA MARIA DEL TRIUNFO
Netcall,1 oct 2026,14,927327209,9273272098286156523673,9283,Outbound,Portabilidad Postpago,EXPRESS,Logixtal,9342,CERRADAS,Entregado,Entregado,NET_CGARCIAC,SIM,1 oct 2026,1 oct 2026,null,No,CERRADAS,2026-10-02 04:16:47,Multilínea,Mono_item,Lima - Callao,null,Power ilim 69.90 N,Power ilim 69.90 N,TELEFONICAPE,10:00 - 22:00,Cerrado,Resuelto,Desconocido,VILLA MARIA DEL TRIUNFO
Netcall,1 oct 2026,11,927271484,9272714848285636339472,9283,Outbound,Portabilidad Postpago,EXPRESS,Logixtal,9342,CANCELADAS,Anulado,CLIENTE DESISTE - INFORMACIÓN INCORRECTA,NET_CGARCIAC,SIM,1 oct 2026,null,null,No,CANCELADAS,2026-10-01 12:55:32,Multilínea,Mono_item,Lima - Callao,null,null,Power ilim 69.90 N,TELEFONICAPE,10:00 - 22:00,Cancelado,Rechazado,Desconocido,VILLA MARIA DEL TRIUNFO
Netcall,1 oct 2026,9,927231894,927231894,9283,Outbound,Portabilidad Postpago,EXPRESS,Logixtal,9342,CERRADAS,Entregado,Entregado,NET_LHUAPAYAO,SIM,1 oct 2026,1 oct 2026,null,No,CERRADAS,2026-10-02 00:34:22,Monolínea,Mono_item,Lima - Callao,null,Power ilim 69.90 N,null,null,10:00 - 22:00,Cerrado,Resuelto,null,VILLA MARIA DEL TRIUNFO
Netcall,2 oct 2026,15,927818941,927818941,9283,Outbound,Portabilidad Postpago,EXPRESS,Logixtal,9342,CERRADAS,Entregado,Entregado,NET_JSANCHEZC,SIM,2 oct 2026,2 oct 2026,null,No,CERRADAS,2026-10-03 00:25:50,Monolínea,Mono_item,Lima - Callao,null,Power ilim 69.90 N,null,null,10:00 - 22:00,Cerrado,Resuelto,null,VILLA MARIA DEL TRIUNFO
Netcall,1 oct 2026,16,927359900,9273599008286472460765,9271,Outbound,Portabilidad Postpago,EXPRESS,Logixtal,9342,ABIERTAS,Pendiente Entrega,Pendiente Entrega,NET_MSUAREZG,SIM,1 oct 2026,null,null,No,ABIERTAS,null,Monolínea,Mono_item,Lima - Callao,null,null,Power ilim 79.90 SD N,TELEFONICAPE,08:00 - 20:00,En Progreso,Punto de No Retorno,Desconocido,VILLA MARIA DEL TRIUNFO
Netcall,1 oct 2026,12,927298585,9272985858285881895126,9283,Outbound,Portabilidad Postpago,EXPRESS,Logixtal,9342,CANCELADAS,Anulado,ZONA INACCESIBLE,NET_CRAMOSC,SIM,1 oct 2026,null,null,No,CANCELADAS,2026-10-01 13:08:29,Monolínea,Mono_item,Lima - Callao,null,null,Power ilim 69.90 N,TELEFONICAPE,10:00 - 22:00,Cancelado,Rechazado,Desconocido,VILLA MARIA DEL TRIUNFO
Netcall,1 oct 2026,9,927232720,9272327208285323186263,9283,Outbound,Portabilidad Postpago,PROGRAMADO,Logixtal,9342,CANCELADAS,Anulado,CLIENTE YA NO DESEA PRODUCTO,NET_CRAMOSC,SIM,2 oct 2026,null,null,No,CANCELADAS,2026-10-02 17:38:39,Monolínea,Mono_item,Lima - Callao,null,null,Power ilim 69.90 N,AmericaMovil,13:01 - 22:00,Cancelado,Rechazado,Desconocido,VILLA MARIA DEL TRIUNFO
Netcall,2 oct 2026,10,927711648,927711648,9271,Outbound,Portabilidad Postpago,EXPRESS,Logixtal,9342,CERRADAS,Entregado,Entregado,NET_KANGELESS,SIM,2 oct 2026,2 oct 2026,null,No,CERRADAS,2026-10-03 03:32:59,Monolínea,Mono_item,Lima - Callao,null,Power ilim 69.90 N,null,null,10:00 - 22:00,Cerrado,Resuelto,null,VILLA MARIA DEL TRIUNFO
Netcall,3 oct 2026,11,928082830,92808283089511710101081584838,9283,Outbound,Portabilidad Postpago,EXPRESS,Logixtal,9342,ABIERTAS,Pendiente Entrega,Pendiente de Picking,NET_DLIMAYMANTC,SIM,3 oct 2026,null,null,No,ABIERTAS,null,Multilínea,Mono_item,Lima - Callao,null,null,null,null,10:00 - 22:00,En Progreso,Punto de No Retorno,null,null
Netcall,1 oct 2026,9,927243605,927243605,9283,Outbound,Portabilidad Postpago,EXPRESS,Logixtal,9342,CERRADAS,Entregado,Entregado,NET_MORIHUELAQ,SIM,1 oct 2026,1 oct 2026,null,No,CERRADAS,2026-10-02 00:35:32,Multilínea,Mono_item,Lima - Callao,null,Power ilim 79.90 SD N,null,null,10:00 - 22:00,Cerrado,Resuelto,null,VILLA MARIA DEL TRIUNFO
Netcall,2 oct 2026,12,927763022,927763022,9283,Outbound,Portabilidad Postpago,EXPRESS,Logixtal,9342,CERRADAS,Entregado,Entregado,NET_GSANTOSC,SIM,2 oct 2026,2 oct 2026,null,No,CERRADAS,2026-10-03 01:05:42,Multilínea,Mono_item,Lima - Callao,null,Power ilim 79.90 SD N,null,null,10:00 - 22:00,Cerrado,Resuelto,null,VILLA MARIA DEL TRIUNFO
Netcall,1 oct 2026,13,927314081,9273140818286034910070,9283,Outbound,Portabilidad Postpago,EXPRESS,Logixtal,9342,CERRADAS,Entregado,Entregado,NET_WBENITESA,SIM,1 oct 2026,1 oct 2026,null,No,CERRADAS,2026-10-02 01:28:00,Monolínea,Mono_item,Lima - Callao,null,Power ilim 79.90 SD N,Power ilim 79.90 SD N,AmericaMovil,10:00 - 22:00,Cerrado,Resuelto,Desconocido,VILLA MARIA DEL TRIUNFO
Netcall,3 oct 2026,9,928026872,92802687289511710111073951176,9283,Outbound,Portabilidad Postpago,EXPRESS,Logixtal,9342,ABIERTAS,Entregado,Entregado,TLV_NET_BCHAVEZ,SIM,3 oct 2026,null,null,No,ABIERTAS,null,Monolínea,Mono_item,Lima - Callao,null,null,null,null,10:00 - 22:00,En Progreso,Pago Recibido,null,null
Netcall,3 oct 2026,12,928096468,92809646889511710121083455936,9271,Outbound,Portabilidad Postpago,EXPRESS,Logixtal,9342,ABIERTAS,Entregado,Entregado,NET_MGSGRADOS,SIM,3 oct 2026,null,null,No,ABIERTAS,null,Multilínea,Mono_item,Lima - Callao,null,null,null,null,10:00 - 22:00,En Progreso,Punto de No Retorno,null,null
Netcall,2 oct 2026,14,927810199,927810199,9283,Outbound,Venta Regular / Alta,EXPRESS,Logixtal,9342,ABIERTAS,Pendiente Entrega,Pendiente Entrega,NET_LMARTINEZAR,SIM,2 oct 2026,null,null,No,ABIERTAS,null,Multilínea,Mono_item,Lima - Callao,null,null,null,null,08:00 - 20:00,En Progreso,Punto de No Retorno,null,VILLA EL SALVADOR
Netcall,1 oct 2026,17,927382310,927382310,9283,Outbound,Portabilidad Postpago,EXPRESS,Logixtal,9342,CERRADAS,Entregado,Entregado,NET_JLIL,SIM,1 oct 2026,1 oct 2026,null,No,CERRADAS,2026-10-02 00:33:57,Monolínea,Mono_item,Lima - Callao,null,Power ilim 69.90 N,null,null,10:00 - 22:00,Cerrado,Resuelto,null,VILLA EL SALVADOR
Netcall,2 oct 2026,9,927709514,927709514,9301,Outbound,Portabilidad Postpago,PROGRAMADO,Logixtal,9342,ABIERTAS,Pendiente Entrega,Pendiente Entrega,NET_FBARTET,SIM,3 oct 2026,null,null,No,ABIERTAS,null,Monolínea,Mono_item,Lima - Callao,null,null,null,null,08:00 - 13:00,En Progreso,Punto de No Retorno,null,VILLA EL SALVADOR
Netcall,2 oct 2026,12,927764802,927764802,9283,Outbound,Portabilidad Postpago,EXPRESS,Logixtal,9342,CERRADAS,Entregado,Entregado,NET_BCUSQUISIVA,SIM,2 oct 2026,2 oct 2026,null,No,CERRADAS,2026-10-03 00:29:35,Monolínea,Mono_item,Lima - Callao,null,Power ilim 69.90 N,null,null,10:00 - 22:00,Cerrado,Resuelto,null,VILLA EL SALVADOR
Netcall,2 oct 2026,11,927754304,927754304,9283,Outbound,Portabilidad Postpago,EXPRESS,Logixtal,9342,CERRADAS,Entregado,Entregado,NET_LLEONAN,SIM,2 oct 2026,2 oct 2026,null,No,CERRADAS,2026-10-03 00:47:56,Multilínea,Mono_item,Lima - Callao,null,Power ilim 79.90 SD N,null,null,10:00 - 22:00,Cerrado,Resuelto,null,VILLA EL SALVADOR
Netcall,1 oct 2026,14,927329204,9273292048286246629992,9283,Outbound,Portabilidad Postpago,EXPRESS,Logixtal,9342,CANCELADAS,Anulado,CLIENTE DESISTE - INFORMACIÓN INCORRECTA,NET_KYUPANQUIC,SIM,1 oct 2026,null,null,No,CANCELADAS,2026-10-01 16:22:00,Monolínea,Mono_item,Lima - Callao,null,null,Power ilim 69.90 N,AmericaMovil,10:00 - 22:00,Cancelado,Rechazado,Desconocido,VILLA EL SALVADOR
Netcall,1 oct 2026,12,927301846,9273018468285925100411,9283,Outbound,Portabilidad Postpago,EXPRESS,Logixtal,9342,CERRADAS,Entregado,Entregado,NET_LLEONAN,SIM,1 oct 2026,1 oct 2026,null,No,CERRADAS,2026-10-02 01:36:44,Monolínea,Mono_item,Lima - Callao,null,Power ilim 79.90 SD N,Power ilim 79.90 SD N,AmericaMovil,10:00 - 22:00,Cerrado,Resuelto,Desconocido,VILLA EL SALVADOR
Netcall,3 oct 2026,11,928083180,928083180Empty,9283,Outbound,Portabilidad Postpago,PROGRAMADO,Logixtal,9342,ABIERTAS,Pendiente Entrega,Pendiente de Picking,TLV_NET_RSORIAH,SIM,5 oct 2026,null,null,No,ABIERTAS,null,Monolínea,Mono_item,Lima - Callao,null,null,null,null,08:00 - 13:00,En Progreso,En Progreso,null,null
Netcall,2 oct 2026,9,927700066,927700066,9283,Outbound,Portabilidad Postpago,EXPRESS,Logixtal,9342,CANCELADAS,Anulado,Cliente sin equipo Pin Porta,TLV_NET_DVALOI,SIM,2 oct 2026,null,null,No,CANCELADAS,2026-10-02 10:36:09,Monolínea,Mono_item,Lima - Callao,null,null,null,null,10:00 - 22:00,Cancelado,Rechazado,null,VILLA EL SALVADOR
Netcall,2 oct 2026,18,927877664,927877664,9283,Outbound,Portabilidad Postpago,EXPRESS,Logixtal,9342,CERRADAS,Entregado,Entregado,NET_KDIAZPISCOY,SIM,2 oct 2026,2 oct 2026,null,No,CERRADAS,2026-10-03 01:21:24,Monolínea,Mono_item,Lima - Callao,null,Power ilim 79.90 SD N,null,null,10:00 - 22:00,Cerrado,Resuelto,null,VILLA EL SALVADOR
Netcall,2 oct 2026,9,927700456,927700456,9283,Outbound,Portabilidad Postpago,EXPRESS,Logixtal,9342,ABIERTAS,Pendiente Entrega,Pendiente Entrega,NET_MLFERNANDEV,SIM,2 oct 2026,null,null,No,ABIERTAS,null,Monolínea,Mono_item,Lima - Callao,null,null,null,null,10:00 - 22:00,En Progreso,Punto de No Retorno,null,VILLA EL SALVADOR
Netcall,1 oct 2026,17,927388243,9273882438286755842225,5299,Outbound,Portabilidad Postpago,EXPRESS,Logixtal,9342,CERRADAS,Entregado,Entregado,NET_MCORDOVACRU,SIM,1 oct 2026,1 oct 2026,null,No,CERRADAS,2026-10-02 02:00:58,Monolínea,Mono_item,Lima - Callao,null,Power ilim 69.90 N,Power ilim 69.90 N,Viettel Peru,10:00 - 22:00,Cerrado,Resuelto,Desconocido,VILLA EL SALVADOR
Netcall,3 oct 2026,13,928109988,92810998889511710121083395801,9283,Outbound,Portabilidad Postpago,EXPRESS,Logixtal,9342,ABIERTAS,Entregado,Entregado,NET_GCABALLEROB,SIM,3 oct 2026,null,null,No,ABIERTAS,null,Monolínea,Mono_item,Lima - Callao,null,null,null,null,10:00 - 22:00,En Progreso,Punto de No Retorno,null,null
Netcall,2 oct 2026,7,927623982,927623982,9283,Outbound,Portabilidad Postpago,EXPRESS,Logixtal,9342,ABIERTAS,Pendiente Entrega,Pendiente Entrega,NET_MMREVILLA,SIM,2 oct 2026,null,null,No,ABIERTAS,null,Monolínea,Mono_item,Lima - Callao,null,null,null,null,08:00 - 20:00,En Progreso,Punto de No Retorno,null,VILLA EL SALVADOR
Netcall,2 oct 2026,11,927746430,927746430,9301,Outbound,Portabilidad Postpago,PROGRAMADO,Logixtal,9342,ABIERTAS,No bop,No bop,NET_FBARTET,SIM,4 oct 2026,null,null,No,ABIERTAS,null,Monolínea,Mono_item,Lima - Callao,null,null,null,null,08:00 - 22:00,En Progreso,En Progreso,null,VILLA EL SALVADOR
Netcall,1 oct 2026,9,927244415,9272444158285405408745,9283,Outbound,Portabilidad Postpago,EXPRESS,Logixtal,9342,CANCELADAS,Anulado,PIN PORTA_NO VALIDO,NET_MLFERNANDEV,SIM,1 oct 2026,null,null,No,CANCELADAS,2026-10-01 11:05:18,Monolínea,Mono_item,Lima - Callao,null,null,Power ilim 69.90 N,TelefonicaPr,10:00 - 22:00,Cancelado,Pedido Cancelación,Portabilidad Rechazada. REC01ABD04: La numeración no pertenece al concesionario cedente. | REC01ABD04,VILLA EL SALVADOR
Netcall,2 oct 2026,13,927780851,927780851,5299,Outbound,Portabilidad Postpago,EXPRESS,Logixtal,9342,CANCELADAS,Anulado,CLIENTE DESISTE - INFORMACIÓN INCORRECTA,NET_JBOZAC,SIM,2 oct 2026,null,null,No,CANCELADAS,2026-10-02 13:38:44,Multilínea,Mono_item,Lima - Callao,null,null,null,null,10:00 - 22:00,Cancelado,Rechazado,null,VILLA EL SALVADOR
Netcall,3 oct 2026,13,928123980,928123980Empty,9223,Fidelización,Renovación,EXPRESS PROGRAMADO,Logixtal,9342,ABIERTAS,Pendiente Entrega,Pendiente de Picking,NET_ICAHUAC,Equipo,3 oct 2026,null,null,No,ABIERTAS,null,Multilínea,Mono_item,Lima - Callao,null,null,null,null,17:01 - 21:00,null,null,null,null
Netcall,2 oct 2026,12,927770656,927770656,9283,Outbound,Portabilidad Postpago,EXPRESS,Logixtal,9342,CERRADAS,Entregado,Entregado,NET_BZUASNABARF,SIM,2 oct 2026,2 oct 2026,null,No,CERRADAS,2026-10-03 01:40:33,Monolínea,Mono_item,Lima - Callao,null,Power ilim 69.90 N,null,null,10:00 - 22:00,Cerrado,Resuelto,null,VILLA EL SALVADOR
Netcall,3 oct 2026,8,928020559,92802055989511710121083465034,5299,Outbound,Venta Regular / Alta,EXPRESS,Logixtal,9342,CERRADAS,Entregado,Entregado,NET_JBOZAC,SIM,3 oct 2026,3 oct 2026,null,No,CERRADAS,2026-10-03 13:49:10,Monolínea,Mono_item,Lima - Callao,null,null,null,null,10:00 - 22:00,En Progreso,Punto de No Retorno,null,null
Netcall,1 oct 2026,10,927258906,9272589068285529939968,9283,Outbound,Portabilidad Postpago,EXPRESS,Logixtal,9342,CERRADAS,Entregado,Entregado,NET_AROJASF,SIM,1 oct 2026,1 oct 2026,null,No,CERRADAS,2026-10-02 02:00:11,Monolínea,Mono_item,Lima - Callao,null,Power ilim 69.90 N,Power ilim 69.90 N,TELEFONICAPE,10:00 - 22:00,Cerrado,Resuelto,Desconocido,VILLA EL SALVADOR
Netcall,2 oct 2026,10,927711204,927711204,9283,Outbound,Portabilidad Postpago,PROGRAMADO,Logixtal,9342,ABIERTAS,Pendiente Entrega,Pendiente Entrega,NET_TVASQUEZANG,SIM,3 oct 2026,null,null,No,ABIERTAS,null,Monolínea,Mono_item,Lima - Callao,null,null,null,null,08:00 - 13:00,En Progreso,Punto de No Retorno,null,VILLA EL SALVADOR
Netcall,1 oct 2026,8,927217803,9272178038285245228939,9283,Outbound,Portabilidad Postpago,EXPRESS,Logixtal,9342,CERRADAS,Entregado,Entregado,NET_SLAZOB,SIM,1 oct 2026,1 oct 2026,null,No,CERRADAS,2026-10-02 01:54:02,Monolínea,Mono_item,Lima - Callao,null,Power ilim 69.90 N,Power ilim 69.90 N,Viettel Peru,10:00 - 22:00,Cerrado,Resuelto,Desconocido,VILLA EL SALVADOR
Netcall,3 oct 2026,13,928122718,928122718Empty,9283,Outbound,Portabilidad Postpago,EXPRESS,Logixtal,9342,ABIERTAS,Pendiente Entrega,Pendiente de Picking,TLV_NET_GJQUISP,SIM,3 oct 2026,null,null,No,ABIERTAS,null,Monolínea,Mono_item,Lima - Callao,null,null,null,null,10:00 - 22:00,null,null,null,null
Netcall,3 oct 2026,13,928113148,92811314889511710111073981678,9271,Outbound,Portabilidad Postpago,EXPRESS,Logixtal,9342,ABIERTAS,Pendiente Entrega,Pendiente de Picking,NET_MRUIZSANCHC,SIM,3 oct 2026,null,null,No,ABIERTAS,null,Multilínea,Mono_item,Lima - Callao,null,null,null,null,10:00 - 22:00,En Progreso,Punto de No Retorno,null,null
Netcall,1 oct 2026,10,927248020,9272480208285442949672,9283,Outbound,Venta Regular / Alta,EXPRESS,Logixtal,9342,CERRADAS,Entregado,Entregado,NET_LFIESTASG,SIM,1 oct 2026,1 oct 2026,01/10/2026,Sí,CERRADAS,2026-10-01 11:59:03,Multilínea,Mono_item,Lima - Callao,39.95,Power ilim 79.90 SD N,Power ilim 79.90 SD N,Desconocido,10:00 - 22:00,Cerrado,Resuelto,Desconocido,VILLA EL SALVADOR
Netcall,3 oct 2026,13,928123335,928123335Empty,9283,Outbound,Portabilidad Postpago,EXPRESS,Logixtal,9342,ABIERTAS,Pendiente Entrega,Pendiente de Picking,NET_SSUAREZG,SIM,3 oct 2026,null,null,No,ABIERTAS,null,Multilínea,Mono_item,Lima - Callao,null,null,null,null,10:00 - 22:00,null,null,null,null
Netcall,2 oct 2026,9,927703416,927703416,9283,Outbound,Portabilidad Postpago,PROGRAMADO,Logixtal,9342,ABIERTAS,No bop,No bop,TLV_NET_JPENAM,SIM,4 oct 2026,null,null,No,ABIERTAS,null,Monolínea,Mono_item,Lima - Callao,null,null,null,null,08:00 - 22:00,En Progreso,En Progreso,null,VILLA EL SALVADOR
Netcall,1 oct 2026,15,927342823,9273428238286305619321,9283,Outbound,Portabilidad Postpago,EXPRESS,Logixtal,9342,CERRADAS,Entregado,Entregado,NET_SSALAZARV,SIM,1 oct 2026,1 oct 2026,null,No,CERRADAS,2026-10-02 01:45:15,Monolínea,Mono_item,Lima - Callao,null,Power 59.90 N,Power 59.90 N,Viettel Peru,10:00 - 22:00,Cerrado,Resuelto,Desconocido,VILLA EL SALVADOR
Netcall,3 oct 2026,9,928030468,92803046889511710121083465026,9283,Outbound,Portabilidad Postpago,EXPRESS,Logixtal,9342,ABIERTAS,Entregado,Entregado,TLV_NET_LMONTED,SIM,3 oct 2026,null,null,No,ABIERTAS,null,Monolínea,Mono_item,Lima - Callao,null,null,null,null,10:00 - 22:00,En Progreso,Punto de No Retorno,null,null
Netcall,3 oct 2026,11,928065115,92806511589511710121083465307,9283,Outbound,Portabilidad Postpago,EXPRESS,Logixtal,9342,ABIERTAS,Entregado,Entregado,TLV_NET_YAQUINO,SIM,3 oct 2026,null,null,No,ABIERTAS,null,Monolínea,Mono_item,Lima - Callao,null,null,null,null,10:00 - 22:00,En Progreso,Pago Recibido,null,null
Netcall,2 oct 2026,14,927808349,927808349,9283,Outbound,Portabilidad Postpago,EXPRESS,Logixtal,9342,ABIERTAS,Pendiente Entrega,Pendiente Entrega,NET_LMARTINEZAR,SIM,2 oct 2026,null,null,No,ABIERTAS,null,Multilínea,Mono_item,Lima - Callao,null,null,null,null,08:00 - 20:00,En Progreso,Punto de No Retorno,null,VILLA EL SALVADOR
Netcall,1 oct 2026,10,927250072,927250072,9283,Outbound,Portabilidad Postpago,EXPRESS,Logixtal,9342,CERRADAS,Entregado,Entregado,NET_LFIESTASG,SIM,1 oct 2026,1 oct 2026,null,No,CERRADAS,2026-10-02 00:08:28,Multilínea,Mono_item,Lima - Callao,null,Power ilim 79.90 SD N,null,null,10:00 - 22:00,Cerrado,Resuelto,null,VILLA EL SALVADOR
Netcall,2 oct 2026,12,927772484,927772484,9283,Outbound,Portabilidad Postpago,PROGRAMADO,Logixtal,9342,ABIERTAS,Pendiente Entrega,Pendiente Entrega,NET_JVASQUEZMEN,SIM,3 oct 2026,null,null,No,ABIERTAS,null,Monolínea,Mono_item,Lima - Callao,null,null,null,null,13:01 - 22:00,En Progreso,Punto de No Retorno,null,VILLA EL SALVADOR
Netcall,1 oct 2026,11,927279732,9272797328285696686836,9283,Outbound,Portabilidad Postpago,PROGRAMADO,Logixtal,9342,ABIERTAS,Pendiente Entrega,Pendiente Entrega,NET_GCABALLEROB,SIM,3 oct 2026,null,null,No,ABIERTAS,null,Multilínea,Mono_item,Lima - Callao,null,null,Power ilim 79.90 SD N,Viettel Peru,08:00 - 13:00,En Progreso,Punto de No Retorno,Desconocido,VILLA EL SALVADOR
Netcall,1 oct 2026,11,927276403,9272764038285667965298,9283,Outbound,Portabilidad Postpago,PROGRAMADO,Logixtal,9342,ABIERTAS,Pendiente Entrega,Pendiente Entrega,NET_GCABALLEROB,SIM,3 oct 2026,null,null,No,ABIERTAS,null,Multilínea,Mono_item,Lima - Callao,null,null,Power ilim 79.90 SD N,Viettel Peru,08:00 - 13:00,En Progreso,Punto de No Retorno,Desconocido,VILLA EL SALVADOR
Netcall,3 oct 2026,13,928114222,928114222Empty,9283,Outbound,Portabilidad Postpago,EXPRESS,Logixtal,9342,ABIERTAS,Pendiente Entrega,Pendiente de Picking,NET_KYUPANQUIC,SIM,3 oct 2026,null,null,No,ABIERTAS,null,Monolínea,Mono_item,Lima - Callao,null,null,null,null,10:00 - 22:00,En Progreso,En Progreso,null,null
Netcall,2 oct 2026,15,927824832,927824832,5299,Outbound,Portabilidad Postpago,EXPRESS,Logixtal,9342,CANCELADAS,Anulado,PIN PORTA_NO VALIDO,NET_JBOZAC,SIM,2 oct 2026,null,null,No,CANCELADAS,2026-10-02 17:53:10,Multilínea,Mono_item,Lima - Callao,null,null,null,null,10:00 - 22:00,Cancelado,Pedido Cancelación,null,VILLA EL SALVADOR
Netcall,3 oct 2026,13,928117219,92811721989511710111073981728,9283,Outbound,Portabilidad Postpago,EXPRESS,Logixtal,9342,ABIERTAS,Pendiente Entrega,Pendiente de Picking,NET_MCVASQUEZ,SIM,3 oct 2026,null,null,No,ABIERTAS,null,Monolínea,Mono_item,Lima - Callao,null,null,null,null,10:00 - 22:00,En Progreso,Punto de No Retorno,null,null
Netcall,3 oct 2026,13,928111879,92811187989511710121083395975,9271,Outbound,Portabilidad Postpago,EXPRESS,Logixtal,9342,ABIERTAS,Entregado,Entregado,NET_MRUIZSANCHC,SIM,3 oct 2026,null,null,No,ABIERTAS,null,Multilínea,Mono_item,Lima - Callao,null,null,null,null,10:00 - 22:00,En Progreso,Punto de No Retorno,null,null
Netcall,2 oct 2026,15,927816720,927816720,5299,Outbound,Portabilidad Postpago,EXPRESS,Logixtal,9342,CANCELADAS,Anulado,CLIENTE DESISTE - INFORMACIÓN INCORRECTA,NET_JBOZAC,SIM,2 oct 2026,null,null,No,CANCELADAS,2026-10-02 15:38:03,Multilínea,Mono_item,Lima - Callao,null,null,null,null,10:00 - 22:00,Cancelado,Rechazado,null,VILLA EL SALVADOR
Netcall,2 oct 2026,11,927746492,927746492,9283,Outbound,Portabilidad Postpago,EXPRESS,Logixtal,9342,CERRADAS,Entregado,Entregado,NET_IQUEREVALUL,SIM,2 oct 2026,2 oct 2026,null,No,CERRADAS,2026-10-03 01:50:20,Monolínea,Mono_item,Lima - Callao,null,Power ilim 69.90 N,null,null,10:00 - 22:00,Cerrado,Resuelto,null,VILLA EL SALVADOR
Netcall,1 oct 2026,15,927355368,927355368,9283,Outbound,Portabilidad Postpago,EXPRESS,Logixtal,9342,CERRADAS,Entregado,Entregado,NET_VMEJIAC,SIM,1 oct 2026,1 oct 2026,null,No,CERRADAS,2026-10-02 00:30:07,Monolínea,Mono_item,Lima - Callao,null,Power ilim 69.90 N,null,null,10:00 - 22:00,Cerrado,Resuelto,null,VILLA EL SALVADOR
Netcall,2 oct 2026,18,927871763,927871763,5299,Outbound,Portabilidad Postpago,EXPRESS,Logixtal,9342,CANCELADAS,Anulado,CLIENTE DESISTE - NO BRINDA MOTIVOS,NET_JBOZAC,SIM,2 oct 2026,null,null,No,CANCELADAS,2026-10-02 19:23:38,Multilínea,Mono_item,Lima - Callao,null,null,null,null,10:00 - 22:00,Cancelado,Rechazado,null,VILLA EL SALVADOR
Netcall,2 oct 2026,11,927752511,927752511,9283,Outbound,Venta Regular / Alta,EXPRESS,Logixtal,9342,CERRADAS,Entregado,Entregado,NET_LLEONAN,SIM,2 oct 2026,2 oct 2026,null,No,CERRADAS,2026-10-02 14:05:42,Multilínea,Mono_item,Lima - Callao,null,Power ilim 79.90 SD N,null,null,10:00 - 22:00,Cerrado,Resuelto,null,VILLA EL SALVADOR
Netcall,1 oct 2026,18,927406597,9274065978286935030597,9283,Outbound,Portabilidad Postpago,PROGRAMADO,Logixtal,9342,CERRADAS,Entregado,Entregado,NET_JCHAVEZC,SIM,2 oct 2026,2 oct 2026,null,No,CERRADAS,2026-10-03 00:10:00,Monolínea,Mono_item,Lima - Callao,null,Power ilim 69.90 N,Power ilim 69.90 N,AmericaMovil,08:00 - 13:00,Cerrado,Resuelto,Desconocido,VILLA EL SALVADOR
Netcall,1 oct 2026,12,927301722,927301722,9283,Outbound,Portabilidad Postpago,EXPRESS,Logixtal,9342,CERRADAS,Entregado,Entregado,NET_BMIRANDAFE,SIM,1 oct 2026,1 oct 2026,null,No,CERRADAS,2026-10-02 00:25:31,Monolínea,Mono_item,Lima - Callao,null,Power ilim 69.90 N,null,null,10:00 - 22:00,Cerrado,Resuelto,null,VILLA EL SALVADOR
Netcall,1 oct 2026,11,927273860,9272738608285651833849,9283,Outbound,Portabilidad Postpago,PROGRAMADO,Logixtal,9342,ABIERTAS,Pendiente Entrega,Pendiente Entrega,NET_GCABALLEROB,SIM,3 oct 2026,null,null,No,ABIERTAS,null,Multilínea,Mono_item,Lima - Callao,null,null,Power ilim 79.90 SD N,Viettel Peru,08:00 - 13:00,En Progreso,Punto de No Retorno,Desconocido,VILLA EL SALVADOR
Netcall,3 oct 2026,13,928111879,92811187989511710121083395991,9271,Outbound,Portabilidad Postpago,EXPRESS,Logixtal,9342,ABIERTAS,Entregado,Entregado,NET_MRUIZSANCHC,SIM,3 oct 2026,null,null,No,ABIERTAS,null,Multilínea,Mono_item,Lima - Callao,null,null,null,null,10:00 - 22:00,En Progreso,Punto de No Retorno,null,null
Netcall,1 oct 2026,11,927278281,9272782818285686227299,9283,Outbound,Portabilidad Postpago,PROGRAMADO,Logixtal,9342,ABIERTAS,Pendiente Entrega,Pendiente Entrega,NET_GCABALLEROB,SIM,3 oct 2026,null,null,No,ABIERTAS,null,Multilínea,Mono_item,Lima - Callao,null,null,Power ilim 79.90 SD N,Viettel Peru,08:00 - 13:00,En Progreso,Punto de No Retorno,Desconocido,VILLA EL SALVADOR
Netcall,3 oct 2026,14,928124295,928124295Empty,9283,Outbound,Portabilidad Postpago,EXPRESS,Logixtal,9342,ABIERTAS,Pendiente Entrega,Pendiente de Picking,NET_SSUAREZG,SIM,3 oct 2026,null,null,No,ABIERTAS,null,Multilínea,Mono_item,Lima - Callao,null,null,null,null,10:00 - 22:00,null,null,null,null
Netcall,2 oct 2026,12,927762614,927762614,9283,Outbound,Venta Regular / Alta,EXPRESS,Logixtal,5023,CERRADAS,Entregado,Entregado,NET_PYGARCIAG,SIM,2 oct 2026,2 oct 2026,null,No,CERRADAS,2026-10-02 14:25:31,Monolínea,Mono_item,La Libertad,null,Power 39.90 N,null,null,10:00 - 20:00,Cerrado,Resuelto,null,VICTOR LARCO HERRERA
Netcall,2 oct 2026,13,927792367,927792367,5299,Outbound,Portabilidad Postpago,EXPRESS,Logixtal,5023,CERRADAS,Entregado,Entregado,NET_DAYLASF,SIM,2 oct 2026,2 oct 2026,null,No,CERRADAS,2026-10-03 01:01:38,Monolínea,Mono_item,La Libertad,null,Power ilim 69.90 N,null,null,10:00 - 20:00,Cerrado,Resuelto,null,VICTOR LARCO HERRERA
Netcall,1 oct 2026,9,927234475,9272344758285318778287,9283,Outbound,Portabilidad Postpago,EXPRESS,Logixtal,5023,CERRADAS,Entregado,Entregado,NET_THUAMANIP,SIM,1 oct 2026,1 oct 2026,null,No,CERRADAS,2026-10-02 01:55:37,Monolínea,Mono_item,La Libertad,null,Power ilim 69.90 N,Power ilim 69.90 N,Viettel Peru,10:00 - 20:00,Cerrado,Resuelto,Desconocido,VICTOR LARCO HERRERA
Netcall,1 oct 2026,15,927346605,927346605,9283,Outbound,Portabilidad Postpago,EXPRESS,Logixtal,5023,CERRADAS,Entregado,Entregado,NET_LTORRESP,SIM,1 oct 2026,1 oct 2026,null,No,CERRADAS,2026-10-02 00:14:34,Monolínea,Mono_item,La Libertad,null,Power ilim 79.90 SD N,null,null,10:00 - 20:00,Cerrado,Resuelto,null,VICTOR LARCO HERRERA
Netcall,1 oct 2026,15,927342931,9273429318286322846410,9283,Outbound,Portabilidad Postpago,EXPRESS,Logixtal,5023,CERRADAS,Entregado,Entregado,NET_BCUSQUISIVA,SIM,1 oct 2026,1 oct 2026,null,No,CERRADAS,2026-10-02 02:00:00,Monolínea,Mono_item,La Libertad,null,Power ilim 69.90 N,Power ilim 69.90 N,TELEFONICAPE,10:00 - 20:00,Cerrado,Resuelto,Desconocido,VICTOR LARCO HERRERA
Netcall,1 oct 2026,12,927297514,9272975148285875327452,9283,Outbound,Portabilidad Postpago,PROGRAMADO,Logixtal,9001,ABIERTAS,Pendiente Entrega,Pendiente Entrega,NET_MZEVALLOSMA,SIM,2 oct 2026,null,null,No,ABIERTAS,null,Multilínea,Mono_item,Lima - Callao,null,null,Power ilim 69.90 N,TELEFONICAPE,08:00 - 13:00,En Progreso,Punto de No Retorno,Desconocido,VENTANILLA
Netcall,1 oct 2026,9,927236582,9272365828285333640340,9283,Outbound,Portabilidad Postpago,EXPRESS,Logixtal,9001,CANCELADAS,Anulado,DIRECCIÓN ERRADA,NET_SDIAZO,SIM,1 oct 2026,null,null,No,CANCELADAS,2026-10-01 11:26:30,Monolínea,Mono_item,Lima - Callao,null,null,Power ilim 69.90 N,AmericaMovil,10:00 - 22:00,Cancelado,Rechazado,Desconocido,VENTANILLA
Netcall,2 oct 2026,13,927782958,927782958,9283,Outbound,Portabilidad Postpago,PROGRAMADO,Logixtal,9001,ABIERTAS,Pendiente Entrega,Pendiente Entrega,NET_SLAZOB,SIM,3 oct 2026,null,null,No,ABIERTAS,null,Monolínea,Mono_item,Lima - Callao,null,null,null,null,08:00 - 13:00,En Progreso,Punto de No Retorno,null,VENTANILLA
Netcall,2 oct 2026,18,927877240,927877240,9283,Outbound,Portabilidad Postpago,PROGRAMADO,Logixtal,9001,ABIERTAS,Pendiente Entrega,Pendiente Entrega,NET_RTORRESB,SIM,3 oct 2026,null,null,No,ABIERTAS,null,Monolínea,Mono_item,Lima - Callao,null,null,null,null,13:01 - 22:00,En Progreso,Punto de No Retorno,null,VENTANILLA
Netcall,2 oct 2026,10,927725265,927725265,9283,Outbound,Portabilidad Postpago,EXPRESS,Logixtal,9001,CANCELADAS,Anulado,CLIENTE YA NO DESEA PRODUCTO,NET_MAZCARATED,SIM,2 oct 2026,null,null,No,CANCELADAS,2026-10-02 15:29:42,Multilínea,Mono_item,Lima - Callao,null,null,null,null,10:00 - 22:00,Cancelado,Rechazado,null,VENTANILLA
Netcall,1 oct 2026,17,927385973,9273859738286740550944,9283,Outbound,Portabilidad Postpago,PROGRAMADO,Logixtal,9001,ABIERTAS,Pendiente Entrega,Pendiente Entrega,TLV_NET_MFARFAN,SIM,2 oct 2026,null,null,No,ABIERTAS,null,Monolínea,Mono_item,Lima - Callao,null,null,Power ilim 69.90 N,AmericaMovil,13:01 - 22:00,En Progreso,Punto de No Retorno,Desconocido,VENTANILLA
Netcall,1 oct 2026,17,927392737,9273927378286798036575,9283,Outbound,Portabilidad Postpago,PROGRAMADO,Logixtal,9001,CERRADAS,Entregado,Entregado,NET_YRAYMUNDOTA,SIM,2 oct 2026,2 oct 2026,null,No,CERRADAS,2026-10-03 00:28:19,Monolínea,Mono_item,Lima - Callao,null,Power ilim 69.90 N,Power ilim 69.90 N,TELEFONICAPE,13:01 - 22:00,Cerrado,Resuelto,Desconocido,VENTANILLA
Netcall,1 oct 2026,12,927302639,9273026398285917748429,9283,Outbound,Portabilidad Postpago,PROGRAMADO,Logixtal,9001,CERRADAS,Entregado,Entregado,NET_CTRAVIM,SIM,2 oct 2026,2 oct 2026,null,No,CERRADAS,2026-10-03 02:25:38,Monolínea,Mono_item,Lima - Callao,null,Power ilim 69.90 N,Power ilim 69.90 N,TELEFONICAPE,13:01 - 22:00,Cerrado,Resuelto,Desconocido,VENTANILLA
Netcall,1 oct 2026,18,927402230,9274022308286890653627,9283,Outbound,Portabilidad Postpago,PROGRAMADO,Logixtal,9001,ABIERTAS,Pendiente Entrega,Pendiente Entrega,TLV_NET_JSOTOZ,SIM,2 oct 2026,null,null,No,ABIERTAS,null,Multilínea,Mono_item,Lima - Callao,null,null,Power ilim 79.90 SD N,Viettel Peru,08:00 - 20:00,En Progreso,Punto de No Retorno,Desconocido,VENTANILLA
Netcall,2 oct 2026,13,927781626,927781626,9283,Outbound,Portabilidad Postpago,PROGRAMADO,Logixtal,9001,ABIERTAS,Pendiente Entrega,Pendiente Entrega,NET_DVILLALOBOS,SIM,3 oct 2026,null,null,No,ABIERTAS,null,Monolínea,Mono_item,Lima - Callao,null,null,null,null,08:00 - 13:00,En Progreso,Punto de No Retorno,null,VENTANILLA
Netcall,1 oct 2026,16,927376112,9273761128286640975891,9283,Outbound,Portabilidad Postpago,PROGRAMADO,Logixtal,9001,CERRADAS,Entregado,Entregado,NET_SINGAC,SIM,2 oct 2026,2 oct 2026,null,No,CERRADAS,2026-10-03 01:46:06,Monolínea,Mono_item,Lima - Callao,null,Power ilim 69.90 N,Power ilim 69.90 N,Viettel Peru,13:01 - 22:00,Cerrado,Resuelto,Desconocido,VENTANILLA
Netcall,1 oct 2026,17,927389710,9273897108286768915590,9283,Outbound,Portabilidad Postpago,PROGRAMADO,Logixtal,9001,ABIERTAS,Pendiente Entrega,Pendiente Entrega,TLV_NET_MFARFAN,SIM,2 oct 2026,null,null,No,ABIERTAS,null,Monolínea,Mono_item,Lima - Callao,null,null,Power ilim 69.90 N,AmericaMovil,13:01 - 22:00,En Progreso,Punto de No Retorno,Desconocido,VENTANILLA
Netcall,2 oct 2026,11,927740298,927740298,5299,Outbound,Portabilidad Postpago,EXPRESS,Logixtal,9001,CANCELADAS,Anulado,ZONA INACCESIBLE,NET_CPORRASP,SIM,2 oct 2026,null,null,No,CANCELADAS,2026-10-02 12:30:06,Monolínea,Mono_item,Lima - Callao,null,null,null,null,10:00 - 22:00,Cancelado,Rechazado,null,VENTANILLA
Netcall,2 oct 2026,11,927740407,927740407,9283,Outbound,Portabilidad Postpago,EXPRESS,Logixtal,9001,CERRADAS,Entregado,Entregado,NET_RGUTIERREZS,SIM,2 oct 2026,2 oct 2026,null,No,CERRADAS,2026-10-03 00:28:15,Monolínea,Mono_item,Lima - Callao,null,Power ilim 69.90 N,null,null,10:00 - 22:00,Cerrado,Resuelto,null,VENTANILLA
Netcall,2 oct 2026,9,927697238,927697238,9283,Outbound,Portabilidad Postpago,EXPRESS,Logixtal,9001,CERRADAS,Entregado,Entregado,TLV_NET_YAQUINO,SIM,2 oct 2026,2 oct 2026,null,No,CERRADAS,2026-10-03 01:59:46,Monolínea,Mono_item,Lima - Callao,null,Power ilim 79.90 SD N,null,null,10:00 - 22:00,Cerrado,Resuelto,null,VENTANILLA
Netcall,1 oct 2026,14,927337034,9273370348286249539214,9283,Outbound,Portabilidad Postpago,PROGRAMADO,Logixtal,9001,CERRADAS,Entregado,Entregado,TLV_NET_CURCIAR,SIM,2 oct 2026,2 oct 2026,null,No,CERRADAS,2026-10-03 00:59:55,Multilínea,Mono_item,Lima - Callao,null,Power ilim 79.90 SD N,Power ilim 79.90 SD N,TELEFONICAPE,13:01 - 22:00,Cerrado,Resuelto,Desconocido,VENTANILLA
Netcall,3 oct 2026,10,928044442,92804444289511710121083425061,9283,Outbound,Portabilidad Postpago,EXPRESS,Logixtal,9001,ABIERTAS,Entregado,Entregado,NET_FCARRIONM,SIM,3 oct 2026,null,null,No,ABIERTAS,null,Monolínea,Mono_item,Lima - Callao,null,null,null,null,10:00 - 22:00,En Progreso,Pago Recibido,null,null
Netcall,2 oct 2026,18,927880720,927880720,9283,Outbound,Venta Regular / Alta,PROGRAMADO,Logixtal,9001,ABIERTAS,Pendiente Entrega,Pendiente Entrega,TLV_NET_CZEGARR,SIM,3 oct 2026,null,null,No,ABIERTAS,null,Multilínea,Mono_item,Lima - Callao,null,null,null,null,13:01 - 22:00,En Progreso,Punto de No Retorno,null,VENTANILLA
Netcall,1 oct 2026,14,927338099,9273380998286259414324,9283,Outbound,Portabilidad Postpago,PROGRAMADO,Logixtal,9001,CERRADAS,Entregado,Entregado,TLV_NET_CURCIAR,SIM,2 oct 2026,2 oct 2026,null,No,CERRADAS,2026-10-03 01:29:41,Multilínea,Mono_item,Lima - Callao,null,Power ilim 79.90 SD N,Power ilim 79.90 SD N,TELEFONICAPE,13:01 - 22:00,Cerrado,Resuelto,Desconocido,VENTANILLA
Netcall,3 oct 2026,9,928028306,92802830689511710111087038606,5299,Outbound,Portabilidad Postpago,EXPRESS,Logixtal,9001,ABIERTAS,Entregado,Entregado,NET_CPORRASP,SIM,3 oct 2026,null,null,No,ABIERTAS,null,Monolínea,Mono_item,Lima - Callao,null,null,null,null,10:00 - 22:00,En Progreso,Punto de No Retorno,null,null
Netcall,3 oct 2026,10,928052820,92805282089511710111087004467,9283,Outbound,Portabilidad Postpago,EXPRESS,Logixtal,9001,CANCELADAS,Pendiente Entrega,Pendiente de Picking,NET_MCASTILLOC,SIM,3 oct 2026,null,null,No,CANCELADAS,2026-10-03 11:34:39,Multilínea,Mono_item,Lima - Callao,null,null,null,null,10:00 - 22:00,Cancelado,Rechazado,null,null
Netcall,2 oct 2026,18,927882305,927882305,9283,Outbound,Portabilidad Postpago,PROGRAMADO,Logixtal,9001,ABIERTAS,Pendiente Entrega,Pendiente Entrega,TLV_NET_CZEGARR,SIM,3 oct 2026,null,null,No,ABIERTAS,null,Multilínea,Mono_item,Lima - Callao,null,null,null,null,13:01 - 22:00,En Progreso,Punto de No Retorno,null,VENTANILLA
Netcall,2 oct 2026,10,927728495,927728495,9283,Outbound,Portabilidad Postpago,EXPRESS,Logixtal,9001,CERRADAS,Entregado,Entregado,NET_GCABALLEROC,SIM,2 oct 2026,2 oct 2026,null,No,CERRADAS,2026-10-03 01:49:49,Monolínea,Mono_item,Lima - Callao,null,Power ilim 79.90 SD N,null,null,10:00 - 22:00,Cerrado,Resuelto,null,VENTANILLA
Netcall,1 oct 2026,12,927292099,9272920998285815498312,9283,Outbound,Portabilidad Postpago,PROGRAMADO,Logixtal,9001,CERRADAS,Entregado,Entregado,NET_CALVANC,SIM,2 oct 2026,2 oct 2026,null,No,CERRADAS,2026-10-03 00:35:01,Monolínea,Mono_item,Lima - Callao,null,Power ilim 79.90 SD N,Power ilim 79.90 SD N,TELEFONICAPE,08:00 - 13:00,Cerrado,Resuelto,Desconocido,VENTANILLA
Netcall,3 oct 2026,12,928104708,928104708Empty,9283,Outbound,Portabilidad Postpago,PROGRAMADO,Logixtal,9001,ABIERTAS,Pendiente Entrega,Pendiente de Picking,NET_IROSALESA,SIM,4 oct 2026,null,null,No,ABIERTAS,null,Monolínea,Mono_item,Lima - Callao,null,null,null,null,08:00 - 22:00,En Progreso,En Progreso,null,null
Netcall,2 oct 2026,10,927722527,927722527,9283,Outbound,Portabilidad Postpago,EXPRESS,Logixtal,9001,CANCELADAS,Anulado,CLIENTE YA NO DESEA PRODUCTO,NET_MAZCARATED,SIM,2 oct 2026,null,null,No,CANCELADAS,2026-10-02 15:30:43,Multilínea,Mono_item,Lima - Callao,null,null,null,null,10:00 - 22:00,Cancelado,Rechazado,null,VENTANILLA
Netcall,1 oct 2026,10,927224798,9272247988285421208403,9283,Outbound,Portabilidad Postpago,EXPRESS,Logixtal,9001,CERRADAS,Entregado,Entregado,NET_ARIVERA,SIM,1 oct 2026,2 oct 2026,null,No,CERRADAS,2026-10-03 01:53:23,Monolínea,Mono_item,Lima - Callao,null,Power ilim 69.90 N,Power ilim 69.90 N,TELEFONICAPE,10:00 - 22:00,Cerrado,Resuelto,Desconocido,VENTANILLA
Netcall,1 oct 2026,9,927236232,9272362328285389275812,9283,Outbound,Portabilidad Postpago,EXPRESS,Logixtal,9001,CANCELADAS,Anulado,DIRECCIÓN ERRADA,NET_MZEVALLOSMA,SIM,1 oct 2026,null,null,No,CANCELADAS,2026-10-01 10:49:46,Multilínea,Mono_item,Lima - Callao,null,null,Power ilim 69.90 N,TELEFONICAPE,10:00 - 22:00,Cancelado,Rechazado,Desconocido,VENTANILLA
Netcall,1 oct 2026,18,927400615,9274006158286879505329,9283,Outbound,Portabilidad Postpago,PROGRAMADO,Logixtal,9001,CERRADAS,Entregado,Entregado,TLV_NET_JSOTOZ,SIM,2 oct 2026,2 oct 2026,null,No,CERRADAS,2026-10-03 01:01:38,Multilínea,Mono_item,Lima - Callao,null,Power ilim 79.90 SD N,Power ilim 79.90 SD N,AmericaMovil,13:01 - 22:00,Cerrado,Resuelto,Desconocido,VENTANILLA
Netcall,1 oct 2026,10,927254698,9272546988285497234367,9283,Outbound,Portabilidad Postpago,EXPRESS,Logixtal,9001,CANCELADAS,Anulado,CLIENTE DESISTE - NO BRINDA MOTIVOS,NET_AROJASF,SIM,1 oct 2026,null,null,No,CANCELADAS,2026-10-01 11:02:59,Monolínea,Mono_item,Lima - Callao,null,null,Power ilim 69.90 N,Viettel Peru,10:00 - 22:00,Cancelado,Rechazado,Desconocido,VENTANILLA
Netcall,3 oct 2026,12,928086702,92808670289511710111087004483,9283,Outbound,Portabilidad Postpago,EXPRESS,Logixtal,9001,CANCELADAS,Pendiente Entrega,Pendiente de Picking,NET_MCASTILLOC,SIM,3 oct 2026,null,null,No,CANCELADAS,2026-10-03 12:23:40,Multilínea,Mono_item,Lima - Callao,null,null,null,null,10:00 - 22:00,Cancelado,Rechazado,null,null
Netcall,1 oct 2026,12,927299166,9272991668285883720725,9283,Outbound,Portabilidad Postpago,PROGRAMADO,Logixtal,9001,CANCELADAS,Anulado,CLIENTE YA NO DESEA PRODUCTO,NET_IROSALESA,SIM,2 oct 2026,null,null,No,CANCELADAS,2026-10-02 18:08:44,Monolínea,Mono_item,Lima - Callao,null,null,Power ilim 79.90 SD N,AmericaMovil,13:01 - 22:00,Cancelado,Rechazado,Desconocido,VENTANILLA
Netcall,1 oct 2026,10,927232110,9272321108285421028554,9283,Outbound,Portabilidad Postpago,EXPRESS,Logixtal,9001,CERRADAS,Entregado,Entregado,NET_ARIVERA,SIM,1 oct 2026,2 oct 2026,null,No,CERRADAS,2026-10-03 03:35:08,Monolínea,Mono_item,Lima - Callao,null,Power ilim 69.90 N,Power ilim 69.90 N,TELEFONICAPE,10:00 - 22:00,Cerrado,Resuelto,Desconocido,VENTANILLA
Netcall,1 oct 2026,12,927303917,9273039178285935266527,9283,Outbound,Portabilidad Postpago,PROGRAMADO,Logixtal,9001,CERRADAS,Entregado,Entregado,NET_DVILLALOBOS,SIM,2 oct 2026,2 oct 2026,null,No,CERRADAS,2026-10-03 03:08:01,Monolínea,Mono_item,Lima - Callao,null,Power ilim 79.90 SD N,Power ilim 79.90 SD N,AmericaMovil,08:00 - 13:00,Cerrado,Resuelto,Desconocido,VENTANILLA
Netcall,1 oct 2026,18,927409112,9274091128286960665252,9283,Outbound,Portabilidad Postpago,PROGRAMADO,Logixtal,5021,CERRADAS,Entregado,Entregado,TLV_NET_DVALOI,SIM,2 oct 2026,2 oct 2026,null,No,CERRADAS,2026-10-03 00:14:01,Monolínea,Mono_item,Piura,null,Power ilim 69.90 N,Power ilim 69.90 N,Viettel Peru,09:00 - 13:00,Cerrado,Resuelto,Desconocido,VEINTISEIS DE OCTUBRE
Netcall,1 oct 2026,12,927304072,9273040728285939534411,9283,Outbound,Portabilidad Postpago,EXPRESS,Logixtal,5021,CERRADAS,Entregado,Entregado,TLV_NET_DSANC,SIM,1 oct 2026,1 oct 2026,null,No,CERRADAS,2026-10-02 00:49:31,Monolínea,Mono_item,Piura,null,Power ilim 79.90 SD N,Power ilim 79.90 SD N,TELEFONICAPE,10:00 - 20:00,Cerrado,Resuelto,Desconocido,VEINTISEIS DE OCTUBRE
Netcall,2 oct 2026,11,927740940,927740940,9283,Outbound,Portabilidad Postpago,EXPRESS,Logixtal,5021,CERRADAS,Entregado,Entregado,NET_MZEVALLOSMA,SIM,2 oct 2026,2 oct 2026,null,No,CERRADAS,2026-10-03 01:40:00,Monolínea,Mono_item,Piura,null,Power ilim 79.90 SD N,null,null,10:00 - 20:00,Cerrado,Resuelto,null,VEINTISEIS DE OCTUBRE
Netcall,3 oct 2026,11,928061207,92806120789511710111070509936,9283,Outbound,Portabilidad Postpago,EXPRESS,Logixtal,5021,ABIERTAS,Entregado,Entregado,NET_LVASQUEZT,SIM,3 oct 2026,null,null,No,ABIERTAS,null,Monolínea,Mono_item,Piura,null,null,null,null,10:00 - 20:00,En Progreso,Punto de No Retorno,null,null
Netcall,2 oct 2026,9,927695204,927695204,9283,Outbound,Portabilidad Postpago,EXPRESS,Logixtal,5021,CERRADAS,Entregado,Entregado,TLV_NET_CACEVED,SIM,2 oct 2026,2 oct 2026,null,No,CERRADAS,2026-10-03 01:43:23,Monolínea,Mono_item,Piura,null,Power ilim 79.90 SD N,null,null,10:00 - 20:00,Cerrado,Resuelto,null,VEINTISEIS DE OCTUBRE
Netcall,2 oct 2026,11,927749758,927749758,9283,Outbound,Portabilidad Postpago,EXPRESS,Logixtal,5021,CERRADAS,Entregado,Entregado,NET_CDACHAC,SIM,2 oct 2026,2 oct 2026,null,No,CERRADAS,2026-10-03 01:06:33,Monolínea,Mono_item,Piura,null,Power ilim 69.90 N,null,null,10:00 - 20:00,Cerrado,Resuelto,null,VEINTISEIS DE OCTUBRE
Netcall,2 oct 2026,12,927768895,927768895,9283,Outbound,Portabilidad Postpago,EXPRESS,Logixtal,5021,CERRADAS,Entregado,Entregado,NET_LMALCAM,SIM,2 oct 2026,2 oct 2026,null,No,CERRADAS,2026-10-03 01:06:35,Monolínea,Mono_item,Piura,null,Power ilim 79.90 SD N,null,null,10:00 - 20:00,Cerrado,Resuelto,null,VEINTISEIS DE OCTUBRE
Netcall,1 oct 2026,14,927339810,927339810,9283,Outbound,Portabilidad Postpago,EXPRESS,Logixtal,5021,CERRADAS,Entregado,Entregado,NET_SSUAREZG,SIM,1 oct 2026,1 oct 2026,null,No,CERRADAS,2026-10-02 00:39:25,Monolínea,Mono_item,Piura,null,Power ilim 79.90 SD N,null,null,10:00 - 20:00,Cerrado,Resuelto,null,VEINTISEIS DE OCTUBRE
Netcall,1 oct 2026,10,927247324,9272473248285430180301,9283,Outbound,Portabilidad Postpago,EXPRESS,Logixtal,5021,CERRADAS,Entregado,Entregado,NET_SBENITESL,SIM,1 oct 2026,1 oct 2026,null,No,CERRADAS,2026-10-02 03:44:13,Monolínea,Mono_item,Piura,null,Power ilim 69.90 N,Power ilim 69.90 N,AmericaMovil,10:00 - 20:00,Cerrado,Resuelto,Desconocido,VEINTISEIS DE OCTUBRE
Netcall,3 oct 2026,10,928052955,92805295589511710111070509704,9283,Outbound,Portabilidad Postpago,EXPRESS,Logixtal,5021,ABIERTAS,Entregado,Entregado,NET_MZEVALLOSMA,SIM,3 oct 2026,null,null,No,ABIERTAS,null,Monolínea,Mono_item,Piura,null,null,null,null,10:00 - 20:00,En Progreso,Pago Recibido,null,null
Netcall,2 oct 2026,14,927809660,927809660,9283,Outbound,Portabilidad Postpago,EXPRESS,Logixtal,5021,CERRADAS,Entregado,Entregado,TLV_NET_JSOTOZ,SIM,2 oct 2026,2 oct 2026,null,No,CERRADAS,2026-10-03 01:11:02,Monolínea,Mono_item,Piura,null,Power ilim 69.90 N,null,null,10:00 - 20:00,Cerrado,Resuelto,null,VEINTISEIS DE OCTUBRE
Netcall,1 oct 2026,16,927365193,927365193,9223,Fidelización,Renovación,PROGRAMADO,Logixtal,9001,ABIERTAS,Pendiente Entrega,Pendiente Entrega,NET_PJORDINOLAG,Equipo,3 oct 2026,null,null,No,ABIERTAS,null,Multilínea,Mono_item,Lima - Callao,null,null,null,null,09:00 - 20:00,En Progreso,Punto de No Retorno,null,VEGUETA
Netcall,2 oct 2026,9,927704948,927704948,9283,Outbound,Venta Regular / Alta,RETIRO EN TIENDA,Retiro en tienda,3073,ABIERTAS,Pendiente Entrega,Pendiente Entrega,TLV_NET_DVALOI,SIM,2 oct 2026,null,null,No,ABIERTAS,null,Multilínea,Mono_item,Amazonas,null,null,null,null,16:45 - 21:00,En Progreso,En Progreso,null,null
Netcall,3 oct 2026,10,928041802,928041802Empty,9283,Outbound,Venta Regular / Alta,RETIRO EN TIENDA,Retiro en tienda,3073,CERRADAS,Entregado,Entregado,TLV_NET_DVALOI,SIM,3 oct 2026,3 oct 2026,null,No,CERRADAS,2026-10-03 11:00:35,Monolínea,Mono_item,Amazonas,null,Power ilim 79.90 SD N,null,null,16:45 - 21:00,Cerrado,Resuelto,null,null
Netcall,2 oct 2026,9,927704186,927704186,9283,Outbound,Portabilidad Postpago,RETIRO EN TIENDA,Retiro en tienda,3073,ABIERTAS,Pendiente Entrega,Pendiente Entrega,TLV_NET_DVALOI,SIM,2 oct 2026,null,null,No,ABIERTAS,null,Multilínea,Mono_item,Amazonas,null,null,null,null,16:45 - 21:00,En Progreso,En Progreso,null,null
Netcall,2 oct 2026,18,927874001,927874001,9283,Outbound,Portabilidad Postpago,RETIRO EN TIENDA,Retiro en tienda,3073,ABIERTAS,Pendiente Entrega,Pendiente Entrega,NET_MPAUCARP,SIM,2 oct 2026,null,null,No,ABIERTAS,null,Monolínea,Mono_item,Amazonas,null,null,null,null,16:45 - 21:00,En Progreso,En Progreso,null,null
Netcall,3 oct 2026,10,928048841,928048841Empty,9283,Outbound,Portabilidad Postpago,RETIRO EN TIENDA,Retiro en tienda,3073,ABIERTAS,Pendiente Entrega,Pendiente Entrega,NET_THUAMANIP,SIM,3 oct 2026,null,null,No,ABIERTAS,null,Monolínea,Mono_item,Amazonas,null,null,null,null,16:45 - 21:00,En Progreso,En Progreso,null,null
Netcall,1 oct 2026,16,927365895,9273658958286533821790,9283,Outbound,Portabilidad Postpago,EXPRESS,Logixtal,5302,CANCELADAS,Anulado,CLIENTE YA NO DESEA PRODUCTO,NET_KSOLORZANOV,SIM,1 oct 2026,null,null,No,CANCELADAS,2026-10-02 13:39:41,Monolínea,Mono_item,Tumbes,null,null,Power ilim 69.90 N,TELEFONICAPE,10:00 - 20:00,Cancelado,Rechazado,Desconocido,TUMBES
Netcall,3 oct 2026,10,928060065,92806006589511710101045239701,9283,Outbound,Portabilidad Postpago,EXPRESS,Retiro en tienda,5302,ABIERTAS,Pendiente Entrega,Pendiente Entrega,NET_CLOPEZA,SIM,3 oct 2026,null,null,No,ABIERTAS,null,Monolínea,Mono_item,Tumbes,null,null,null,null,10:00 - 20:00,En Progreso,Punto de No Retorno,null,null
Netcall,2 oct 2026,13,927782811,927782811,9283,Outbound,Portabilidad Postpago,EXPRESS,Logixtal,5302,CERRADAS,Entregado,Entregado,NET_GHERRERAG,SIM,2 oct 2026,2 oct 2026,null,No,CERRADAS,2026-10-03 01:00:01,Monolínea,Mono_item,Tumbes,null,Power ilim 79.90 SD N,null,null,10:00 - 20:00,Cerrado,Resuelto,null,TUMBES
Netcall,2 oct 2026,9,927706524,927706524,9283,Outbound,Portabilidad Postpago,PROGRAMADO,Logixtal,5302,ABIERTAS,Pendiente Entrega,Pendiente Entrega,NET_GGALLARDAYA,SIM,5 oct 2026,null,null,No,ABIERTAS,null,Monolínea,Mono_item,Tumbes,null,null,null,null,13:01 - 19:00,En Progreso,En Progreso,null,TUMBES
Netcall,2 oct 2026,13,927779160,927779160,9283,Outbound,Portabilidad Postpago,PROGRAMADO,Logixtal,5024,ABIERTAS,Pendiente Entrega,Pendiente Entrega,NET_JROMEROC,SIM,7 oct 2026,null,null,No,ABIERTAS,null,Monolínea,Mono_item,Lambayeque,null,null,null,null,09:00 - 19:00,En Progreso,Punto de No Retorno,null,TUMAN
Netcall,2 oct 2026,12,927768764,927768764,5299,Outbound,Portabilidad Postpago,PROGRAMADO,Logixtal,5024,ABIERTAS,Pendiente Entrega,Pendiente Entrega,NET_MMENDOZAV,SIM,7 oct 2026,null,null,No,ABIERTAS,null,Monolínea,Mono_item,Lambayeque,null,null,null,null,09:00 - 19:00,En Progreso,Punto de No Retorno,null,TUMAN
Netcall,3 oct 2026,11,928074732,92807473289511710101029509491,9283,Outbound,Portabilidad Postpago,PROGRAMADO,Logixtal,5024,ABIERTAS,Pendiente Entrega,Pendiente de Picking,NET_JROMEROC,SIM,8 oct 2026,null,null,No,ABIERTAS,null,Monolínea,Mono_item,Lambayeque,null,null,null,null,09:00 - 19:00,En Progreso,Punto de No Retorno,null,null
Netcall,1 oct 2026,15,927341224,9273412248286288096685,9271,Outbound,Portabilidad Postpago,EXPRESS,Logixtal,5023,CERRADAS,Entregado,Entregado,NET_VAYALAS,SIM,1 oct 2026,1 oct 2026,null,No,CERRADAS,2026-10-02 01:02:44,Monolínea,Mono_item,La Libertad,null,Power ilim 69.90 N,Power ilim 69.90 N,TELEFONICAPE,10:00 - 20:00,Cerrado,Resuelto,Desconocido,TRUJILLO
Netcall,2 oct 2026,13,927783254,927783254,9271,Outbound,Portabilidad Postpago,EXPRESS,Logixtal,5023,CANCELADAS,Cancelado,CANCELADA EN OMNIX,NET_KLGARCIAA,SIM,2 oct 2026,null,null,No,CANCELADAS,2026-10-02 14:07:30,Multilínea,Mono_item,La Libertad,null,null,null,null,10:00 - 20:00,Cancelado,Rechazado,null,TRUJILLO
Netcall,2 oct 2026,11,927747625,927747625,9223,Fidelización,Renovación,RETIRO EN TIENDA,Retiro en tienda,1027,ABIERTAS,Pendiente Entrega,Pendiente Entrega,NET_RNAVARROC,Equipo,2 oct 2026,null,null,No,ABIERTAS,null,Multilínea,Mono_item,La Libertad,null,null,null,null,09:00 - 21:00,En Progreso,En Progreso,null,null
Netcall,3 oct 2026,14,928124283,928124283Empty,9271,Outbound,Portabilidad Postpago,EXPRESS,Logixtal,5023,ABIERTAS,Pendiente Entrega,Pendiente de Picking,NET_STANANTAM,SIM,3 oct 2026,null,null,No,ABIERTAS,null,Monolínea,Mono_item,La Libertad,null,null,null,null,10:00 - 20:00,null,null,null,null
Netcall,1 oct 2026,16,927370238,9273702388286580223847,9283,Outbound,Portabilidad Postpago,RETIRO EN TIENDA,Retiro en tienda,3043,CANCELADAS,Cancelado,Cancelado,NET_KCHAVEZF,SIM,1 oct 2026,null,null,No,CANCELADAS,2026-10-01 22:16:00,Multilínea,Multi_item,La Libertad,null,null,Power ilim 79.90 SD N,TELEFONICAPE,09:00 - 21:00,Cancelado,Pedido Cancelación,Portabilidad Rechazada. REC01ABD15: El Código NIP es invalido | REC01ABD15,null
Netcall,2 oct 2026,13,927794074,927794074,9283,Outbound,Portabilidad Postpago,EXPRESS,Logixtal,5023,CERRADAS,Entregado,Entregado,NET_MFERRER,SIM,2 oct 2026,2 oct 2026,null,No,CERRADAS,2026-10-03 01:38:44,Monolínea,Mono_item,La Libertad,null,Power ilim 79.90 SD N,null,null,10:00 - 20:00,Cerrado,Resuelto,null,TRUJILLO
Netcall,1 oct 2026,16,927368551,9273685518286554088677,9283,Outbound,Portabilidad Postpago,RETIRO EN TIENDA,Retiro en tienda,3043,CANCELADAS,Cancelado,Cancelado,NET_KCHAVEZF,SIM,1 oct 2026,null,null,No,CANCELADAS,2026-10-01 22:46:15,Multilínea,Mono_item,La Libertad,null,null,Power ilim 79.90 SD N,TELEFONICAPE,09:00 - 21:00,Cancelado,Rechazado,Portabilidad Rechazada. REC01ABD15: El Código NIP es invalido | REC01ABD15,null
Netcall,3 oct 2026,13,928123230,928123230Empty,9283,Outbound,Portabilidad Postpago,RETIRO EN TIENDA,Retiro en tienda,3043,ABIERTAS,Pendiente Entrega,Pendiente Entrega,TLV_NET_BCHAVEZ,SIM,3 oct 2026,null,null,No,ABIERTAS,null,Multilínea,Mono_item,La Libertad,null,null,null,null,09:00 - 21:00,null,null,null,null
Netcall,2 oct 2026,9,927695954,927695954,9283,Outbound,Portabilidad Postpago,EXPRESS,Logixtal,5023,CERRADAS,Entregado,Entregado,NET_RDULANTORO,SIM,2 oct 2026,2 oct 2026,null,No,CERRADAS,2026-10-03 02:41:31,Monolínea,Mono_item,La Libertad,null,Power ilim 79.90 SD N,null,null,10:00 - 20:00,Cerrado,Resuelto,null,TRUJILLO
Netcall,2 oct 2026,10,927716443,927716443,9283,Outbound,Portabilidad Postpago,EXPRESS,Logixtal,5023,CERRADAS,Entregado,Entregado,NET_LCAMPOSCABR,SIM,2 oct 2026,2 oct 2026,null,No,CERRADAS,2026-10-03 03:31:26,Multilínea,Mono_item,La Libertad,null,Power ilim 79.90 SD N,null,null,10:00 - 20:00,Cerrado,Resuelto,null,TRUJILLO
Netcall,3 oct 2026,9,928027071,92802707189511710111071771162,9283,Outbound,Portabilidad Postpago,PROGRAMADO,Logixtal,5023,ABIERTAS,Pendiente Entrega,Pendiente de Picking,NET_IMOGOLLONC,SIM,5 oct 2026,null,null,No,ABIERTAS,null,Monolínea,Mono_item,La Libertad,null,null,null,null,09:00 - 13:00,En Progreso,Punto de No Retorno,null,null
Netcall,1 oct 2026,14,927328758,927328758,9283,Outbound,Portabilidad Postpago,EXPRESS,Logixtal,5023,CERRADAS,Entregado,Entregado,NET_TANCHANTEG,SIM,1 oct 2026,1 oct 2026,null,No,CERRADAS,2026-10-02 00:31:20,Multilínea,Mono_item,La Libertad,null,Power ilim 79.90 SD N,null,null,10:00 - 20:00,Cerrado,Resuelto,null,TRUJILLO
Netcall,2 oct 2026,13,927786786,927786786,9283,Outbound,Portabilidad Postpago,RETIRO EN TIENDA,Retiro en tienda,3043,CERRADAS,Entregado,Entregado,NET_WBENITESA,SIM,2 oct 2026,2 oct 2026,null,No,CERRADAS,2026-10-03 01:14:10,Monolínea,Mono_item,La Libertad,null,Power ilim 79.90 SD N,null,null,09:00 - 21:00,Cerrado,Resuelto,null,null
Netcall,3 oct 2026,11,928063683,92806368389511710111071775270,9283,Outbound,Portabilidad Postpago,PROGRAMADO,Logixtal,5023,ABIERTAS,Pendiente Entrega,Pendiente de Picking,NET_NCASTILLOF,SIM,5 oct 2026,null,null,No,ABIERTAS,null,Monolínea,Mono_item,La Libertad,null,null,null,null,13:01 - 20:00,En Progreso,Punto de No Retorno,null,null
Netcall,3 oct 2026,10,928048503,92804850389511710111087241499,9283,Outbound,Venta Regular / Alta,EXPRESS,Logixtal,5023,CERRADAS,Entregado,Entregado,NET_SAVILAC,SIM,3 oct 2026,3 oct 2026,null,No,CERRADAS,2026-10-03 13:41:34,Monolínea,Mono_item,La Libertad,null,Power 39.90 N,null,null,10:00 - 20:00,En Progreso,Resuelto,null,null
Netcall,3 oct 2026,11,928079221,92807922189511710111071776161,9283,Outbound,Portabilidad Postpago,EXPRESS,Logixtal,5023,ABIERTAS,Entregado,Entregado,NET_CSALAZARP,SIM,3 oct 2026,null,null,No,ABIERTAS,null,Monolínea,Mono_item,La Libertad,null,null,null,null,10:00 - 20:00,En Progreso,Punto de No Retorno,null,null
Netcall,3 oct 2026,10,928054849,92805484989511710111087242166,9283,Outbound,Portabilidad Postpago,EXPRESS,Logixtal,5023,ABIERTAS,Entregado,Entregado,NET_THUAMANIP,SIM,3 oct 2026,null,null,No,ABIERTAS,null,Monolínea,Mono_item,La Libertad,null,null,null,null,10:00 - 20:00,En Progreso,Punto de No Retorno,null,null
Netcall,2 oct 2026,8,927664484,927664484,9283,Outbound,Portabilidad Postpago,RETIRO EN TIENDA,Retiro en tienda,1027,CERRADAS,Entregado,Entregado,NET_LTORRESP,SIM,2 oct 2026,2 oct 2026,null,No,CERRADAS,2026-10-03 00:42:32,Monolínea,Mono_item,La Libertad,null,Power ilim 79.90 SD N,null,null,09:00 - 21:00,Cerrado,Resuelto,null,null
Netcall,3 oct 2026,10,928047606,928047606Empty,9283,Outbound,Portabilidad Postpago,RETIRO EN TIENDA,Retiro en tienda,7252,ABIERTAS,Pendiente Entrega,Pendiente Entrega,NET_KQUISPEMUNO,SIM,3 oct 2026,null,null,No,ABIERTAS,null,Monolínea,Mono_item,La Libertad,null,null,null,null,09:00 - 21:00,En Progreso,Documentación Generada,null,null
Netcall,3 oct 2026,11,928069737,92806973789511710111087242141,9283,Outbound,Venta Regular / Alta,EXPRESS,Logixtal,5023,CERRADAS,Entregado,Entregado,NET_VSANTISTEBV,SIM,3 oct 2026,3 oct 2026,null,No,CERRADAS,2026-10-03 13:41:28,Multilínea,Mono_item,La Libertad,null,Power ilim 79.90 SD N,null,null,10:00 - 20:00,Cerrado,Resuelto,null,null
Netcall,2 oct 2026,16,927830848,927830848,9283,Outbound,Portabilidad Postpago,RETIRO EN TIENDA,Retiro en tienda,7252,CANCELADAS,Cancelado,Cancelado,NET_AATOCHEH,SIM,2 oct 2026,null,null,No,CANCELADAS,2026-10-02 17:54:00,Multilínea,Mono_item,La Libertad,null,null,null,null,09:00 - 21:00,Cancelado,Rechazado,null,null
Netcall,1 oct 2026,16,927370238,9273702388286580255064,9283,Outbound,Portabilidad Postpago,RETIRO EN TIENDA,Retiro en tienda,3043,CANCELADAS,Cancelado,Cancelado,NET_KCHAVEZF,SIM,1 oct 2026,null,null,No,CANCELADAS,2026-10-01 22:16:00,Multilínea,Multi_item,La Libertad,null,null,Power ilim 79.90 SD N,TELEFONICAPE,09:00 - 21:00,Cancelado,Pedido Cancelación,Desconocido,null
Netcall,2 oct 2026,16,927833588,927833588,9283,Outbound,Portabilidad Postpago,EXPRESS,Logixtal,5023,ABIERTAS,Pendiente Entrega,Pendiente Entrega,NET_GMENDIGUETE,SIM,2 oct 2026,null,null,No,ABIERTAS,null,Monolínea,Mono_item,La Libertad,null,null,null,null,08:00 - 20:00,En Progreso,Punto de No Retorno,null,TRUJILLO
Netcall,2 oct 2026,12,927776955,927776955,9271,Outbound,Portabilidad Postpago,RETIRO EN TIENDA,Retiro en tienda,3043,ABIERTAS,Pendiente Entrega,Pendiente Entrega,NET_FCASTILLOG,SIM,2 oct 2026,null,null,No,ABIERTAS,null,Multilínea,Mono_item,La Libertad,null,null,null,null,09:00 - 21:00,En Progreso,En Progreso,null,null
Netcall,1 oct 2026,14,927328170,9273281708286164990954,9283,Outbound,Portabilidad Postpago,EXPRESS,Logixtal,5023,CERRADAS,Entregado,Entregado,NET_TANCHANTEG,SIM,1 oct 2026,1 oct 2026,null,No,CERRADAS,2026-10-02 01:47:30,Multilínea,Mono_item,La Libertad,null,Power ilim 79.90 SD N,Power ilim 79.90 SD N,TELEFONICAPE,10:00 - 20:00,Cerrado,Resuelto,Desconocido,TRUJILLO
Netcall,2 oct 2026,10,927719694,927719694,9283,Outbound,Portabilidad Postpago,EXPRESS,Logixtal,5023,CERRADAS,Entregado,Entregado,NET_LCAMPOSCABR,SIM,2 oct 2026,2 oct 2026,null,No,CERRADAS,2026-10-03 01:13:36,Multilínea,Mono_item,La Libertad,null,Power ilim 79.90 SD N,null,null,10:00 - 20:00,Cerrado,Resuelto,null,TRUJILLO
Netcall,3 oct 2026,13,928123873,928123873Empty,9283,Outbound,Portabilidad Postpago,EXPRESS,Logixtal,5023,ABIERTAS,Pendiente Entrega,Pendiente de Picking,NET_RCORDOVAC,SIM,3 oct 2026,null,null,No,ABIERTAS,null,Multilínea,Mono_item,La Libertad,null,null,null,null,10:00 - 20:00,null,null,null,null
Netcall,1 oct 2026,13,927317727,9273177278286071565312,9271,Outbound,Portabilidad Postpago,EXPRESS,Logixtal,5023,CANCELADAS,Cancelado,CANCELADA EN OMNIX,NET_RCEVERINOL,SIM,1 oct 2026,null,null,No,CANCELADAS,2026-10-01 13:47:02,Monolínea,Mono_item,La Libertad,null,null,Power ilim 79.90 SD N,AmericaMovil,10:00 - 20:00,Cancelado,Rechazado,Desconocido,TRUJILLO
Netcall,2 oct 2026,14,927804303,927804303,9271,Outbound,Venta Regular / Alta,EXPRESS,Logixtal,5023,CERRADAS,Entregado,Entregado,NET_KLGARCIAA,SIM,2 oct 2026,2 oct 2026,null,No,CERRADAS,2026-10-02 17:59:33,Multilínea,Mono_item,La Libertad,null,Power ilim 79.90 SD N,null,null,10:00 - 20:00,Cerrado,Resuelto,null,TRUJILLO
Netcall,2 oct 2026,18,927889286,927889286,5299,Outbound,Portabilidad Postpago,RETIRO EN TIENDA,Retiro en tienda,3043,CERRADAS,Entregado,Entregado,NET_JBOZAC,SIM,2 oct 2026,2 oct 2026,null,No,CERRADAS,2026-10-03 00:36:18,Multilínea,Mono_item,La Libertad,null,Power ilim 69.90 N,null,null,09:00 - 21:00,Cerrado,Resuelto,null,null
Netcall,3 oct 2026,12,928104572,92810457289511710111087131914,9283,Outbound,Portabilidad Postpago,PROGRAMADO,Logixtal,5023,ABIERTAS,Pendiente Entrega,Pendiente de Picking,NET_LFLORESY,SIM,5 oct 2026,null,null,No,ABIERTAS,null,Monolínea,Mono_item,La Libertad,null,null,null,null,09:00 - 13:00,En Progreso,Punto de No Retorno,null,null
Netcall,2 oct 2026,18,927888169,927888169,5299,Outbound,Portabilidad Postpago,RETIRO EN TIENDA,Retiro en tienda,3043,CERRADAS,Entregado,Entregado,NET_JBOZAC,SIM,2 oct 2026,2 oct 2026,null,No,CERRADAS,2026-10-03 01:06:33,Multilínea,Mono_item,La Libertad,null,Power ilim 69.90 N,null,null,09:00 - 21:00,Cerrado,Resuelto,null,null
Netcall,2 oct 2026,14,927805326,927805326,9271,Outbound,Portabilidad Postpago,EXPRESS,Logixtal,5023,CERRADAS,Entregado,Entregado,NET_KLGARCIAA,SIM,2 oct 2026,2 oct 2026,null,No,CERRADAS,2026-10-03 03:34:37,Multilínea,Mono_item,La Libertad,null,Power ilim 79.90 SD N,null,null,10:00 - 20:00,Cerrado,Resuelto,null,TRUJILLO
Netcall,2 oct 2026,9,927707900,927707900,9271,Outbound,Portabilidad Postpago,EXPRESS,Logixtal,5023,CERRADAS,Entregado,Entregado,NET_CREYESJ,SIM,2 oct 2026,2 oct 2026,null,No,CERRADAS,2026-10-03 01:57:24,Monolínea,Mono_item,La Libertad,null,Power ilim 79.90 SD N,null,null,10:00 - 20:00,Cerrado,Resuelto,null,TRUJILLO
Netcall,1 oct 2026,16,927371723,9273717238286589115843,9283,Outbound,Portabilidad Postpago,RETIRO EN TIENDA,Retiro en tienda,3043,CANCELADAS,Cancelado,Cancelado,NET_KCHAVEZF,SIM,1 oct 2026,null,null,No,CANCELADAS,2026-10-01 22:55:59,Multilínea,Mono_item,La Libertad,null,null,Power ilim 79.90 SD N,TELEFONICAPE,09:00 - 21:00,Cancelado,Rechazado,Desconocido,null
Netcall,1 oct 2026,20,927438138,9274381388287271016906,9283,Outbound,Portabilidad Postpago,PROGRAMADO,Logixtal,5023,ABIERTAS,Pendiente Entrega,Pendiente Entrega,TLV_NET_MCHAMBI,SIM,3 oct 2026,null,null,No,ABIERTAS,null,Monolínea,Mono_item,La Libertad,null,null,Power ilim 69.90 N,AmericaMovil,09:00 - 13:00,En Progreso,Punto de No Retorno,Desconocido,TRUJILLO
Netcall,3 oct 2026,11,928065146,92806514689511710111087241481,9283,Outbound,Portabilidad Postpago,EXPRESS,Logixtal,5023,ABIERTAS,Entregado,Entregado,NET_AMORALEST,SIM,3 oct 2026,null,null,No,ABIERTAS,null,Monolínea,Mono_item,La Libertad,null,null,null,null,10:00 - 20:00,En Progreso,Punto de No Retorno,null,null
Netcall,2 oct 2026,12,927778346,927778346,9271,Outbound,Portabilidad Postpago,RETIRO EN TIENDA,Retiro en tienda,3043,ABIERTAS,Pendiente Entrega,Pendiente Entrega,NET_FCASTILLOG,SIM,2 oct 2026,null,null,No,ABIERTAS,null,Multilínea,Mono_item,La Libertad,null,null,null,null,09:00 - 21:00,En Progreso,En Progreso,null,null
Netcall,2 oct 2026,17,927861890,927861890,9283,Outbound,Venta Regular / Alta,PROGRAMADO,Logixtal,5023,ABIERTAS,Pendiente Entrega,Pendiente Entrega,NET_VOBESOS,SIM,5 oct 2026,null,null,No,ABIERTAS,null,Monolínea,Mono_item,La Libertad,null,null,null,null,09:00 - 13:00,En Progreso,Punto de No Retorno,null,TRUJILLO
Netcall,1 oct 2026,13,927311164,9273111648286006211063,9283,Outbound,Portabilidad Postpago,RETIRO EN TIENDA,Retiro en tienda,3043,CERRADAS,Entregado,Entregado,NET_LTORRESP,SIM,1 oct 2026,1 oct 2026,null,No,CERRADAS,2026-10-02 01:36:01,Monolínea,Mono_item,La Libertad,null,Power ilim 69.90 N,Power ilim 69.90 N,TELEFONICAPE,09:00 - 21:00,Cerrado,Resuelto,Desconocido,null
Netcall,1 oct 2026,14,927327813,9273278138286163202641,9283,Outbound,Portabilidad Postpago,EXPRESS,Logixtal,5023,CANCELADAS,Anulado,CLIENTE YA NO DESEA PRODUCTO,NET_DEGALLARDOA,SIM,1 oct 2026,null,null,No,CANCELADAS,2026-10-01 18:22:32,Monolínea,Mono_item,La Libertad,null,null,Power ilim 79.90 SD N,TELEFONICAPE,10:00 - 20:00,Cancelado,Rechazado,Desconocido,TRUJILLO
Netcall,3 oct 2026,14,928124215,928124215Empty,9283,Outbound,Portabilidad Postpago,EXPRESS,Logixtal,5023,ABIERTAS,Pendiente Entrega,Pendiente de Picking,NET_VSANTISTEBV,SIM,3 oct 2026,null,null,No,ABIERTAS,null,Multilínea,Mono_item,La Libertad,null,null,null,null,10:00 - 20:00,null,null,null,null
Netcall,2 oct 2026,13,927782020,927782020,9271,Outbound,Venta Regular / Alta,EXPRESS,Logixtal,5023,CANCELADAS,Cancelado,CANCELADA EN OMNIX,NET_KLGARCIAA,SIM,2 oct 2026,null,null,No,CANCELADAS,2026-10-02 14:04:23,Multilínea,Mono_item,La Libertad,null,null,null,null,10:00 - 20:00,Cancelado,Rechazado,null,TRUJILLO
Netcall,1 oct 2026,10,927260020,9272600208285533604557,9283,Outbound,Portabilidad Postpago,EXPRESS,Logixtal,5023,CERRADAS,Entregado,Entregado,NET_LCONDORIG,SIM,1 oct 2026,1 oct 2026,null,No,CERRADAS,2026-10-02 04:16:50,Monolínea,Mono_item,La Libertad,null,Power ilim 69.90 N,Power ilim 69.90 N,AmericaMovil,10:00 - 20:00,Cerrado,Resuelto,Desconocido,TRUJILLO
Netcall,2 oct 2026,9,927700296,927700296,9271,Outbound,Portabilidad Postpago,EXPRESS,Logixtal,5023,CERRADAS,Entregado,Entregado,NET_KGUTIERREZV,SIM,2 oct 2026,2 oct 2026,null,No,CERRADAS,2026-10-03 01:58:45,Monolínea,Mono_item,La Libertad,null,Power ilim 79.90 SD N,null,null,10:00 - 20:00,Cerrado,Resuelto,null,TRUJILLO
Netcall,3 oct 2026,11,928070009,92807000989511710111071768713,9283,Outbound,Portabilidad Postpago,EXPRESS,Logixtal,5023,ABIERTAS,Entregado,Entregado,NET_FRIVERAO,SIM,3 oct 2026,null,null,No,ABIERTAS,null,Monolínea,Mono_item,La Libertad,null,null,null,null,10:00 - 20:00,En Progreso,Pago Recibido,null,null
Netcall,3 oct 2026,12,928098680,928098680Empty,9223,Fidelización,Renovación,RETIRO EN TIENDA,Retiro en tienda,3043,ABIERTAS,Pendiente Entrega,Pendiente Entrega,NET_AMCORDOVAC,Equipo,3 oct 2026,null,null,No,ABIERTAS,null,Multilínea,Mono_item,La Libertad,null,null,null,null,09:00 - 21:00,En Progreso,En Progreso,null,null
Netcall,1 oct 2026,9,927238415,9272384158285354412179,9283,Outbound,Portabilidad Postpago,EXPRESS,Logixtal,5023,CANCELADAS,Anulado,EXCESO DE VISITAS,NET_CMENESESV,SIM,1 oct 2026,null,null,No,CANCELADAS,2026-10-03 06:53:40,Monolínea,Mono_item,La Libertad,null,null,Power ilim 79.90 SD N,AmericaMovil,10:00 - 20:00,Cancelado,Rechazado,Desconocido,TRUJILLO
Netcall,2 oct 2026,18,927872401,927872401,9283,Outbound,Portabilidad Postpago,RETIRO EN TIENDA,Retiro en tienda,7252,ABIERTAS,Pendiente Entrega,Pendiente Entrega,NET_AATOCHEH,SIM,2 oct 2026,null,null,No,ABIERTAS,null,Multilínea,Mono_item,La Libertad,null,null,null,null,09:00 - 21:00,En Progreso,En Progreso,null,null
Netcall,3 oct 2026,11,928068621,92806862189511710111087242158,9283,Outbound,Portabilidad Postpago,EXPRESS,Logixtal,5023,ABIERTAS,Entregado,Entregado,NET_VSANTISTEBV,SIM,3 oct 2026,null,null,No,ABIERTAS,null,Multilínea,Mono_item,La Libertad,null,null,null,null,10:00 - 20:00,En Progreso,Pago Recibido,null,null
Netcall,1 oct 2026,14,927327349,927327349,9283,Outbound,Portabilidad Postpago,EXPRESS,Logixtal,5023,CERRADAS,Entregado,Entregado,NET_TANCHANTEG,SIM,1 oct 2026,1 oct 2026,null,No,CERRADAS,2026-10-02 00:18:05,Monolínea,Mono_item,La Libertad,null,Power ilim 69.90 N,null,null,10:00 - 20:00,Cerrado,Resuelto,null,TRUJILLO
Netcall,2 oct 2026,10,927723993,927723993,9283,Outbound,Portabilidad Postpago,PROGRAMADO,Logixtal,5022,ABIERTAS,No bop,No bop,NET_LHUAPAYAO,SIM,7 oct 2026,null,null,No,ABIERTAS,null,Multilínea,Mono_item,Arequipa,null,null,null,null,09:00 - 16:00,En Progreso,En Progreso,null,TIABAYA
Netcall,2 oct 2026,10,927719267,927719267,9283,Outbound,Portabilidad Postpago,PROGRAMADO,Logixtal,5022,ABIERTAS,No bop,No bop,NET_LHUAPAYAO,SIM,7 oct 2026,null,null,No,ABIERTAS,null,Multilínea,Mono_item,Arequipa,null,null,null,null,09:00 - 16:00,En Progreso,En Progreso,null,TIABAYA
Netcall,2 oct 2026,16,927845034,927845034,9283,Outbound,Portabilidad Postpago,RETIRO EN TIENDA,Retiro en tienda,3138,CERRADAS,Entregado,Entregado,NET_PHUAMANM,SIM,2 oct 2026,2 oct 2026,null,No,CERRADAS,2026-10-03 02:02:53,Monolínea,Mono_item,Junin,null,Power ilim 79.90 SD N,null,null,09:00 - 21:00,Cerrado,Resuelto,null,null
Netcall,1 oct 2026,9,927239666,9272396668285358470623,9259,Outbound,Portabilidad Postpago,RETIRO EN TIENDA,Retiro en tienda,3138,CERRADAS,Entregado,Entregado,NET_CBIELICHR,SIM,1 oct 2026,1 oct 2026,null,No,CERRADAS,2026-10-02 00:53:00,Multilínea,Mono_item,Junin,null,Power ilim 79.90 SD N,Power ilim 79.90 SD N,AmericaMovil,09:00 - 21:00,Cerrado,Resuelto,Desconocido,null
Netcall,1 oct 2026,11,927285935,9272859358285755799749,9259,Outbound,Portabilidad Postpago,RETIRO EN TIENDA,Retiro en tienda,3138,CERRADAS,Entregado,Entregado,NET_CBIELICHR,SIM,1 oct 2026,1 oct 2026,null,No,CERRADAS,2026-10-02 00:59:42,Multilínea,Mono_item,Junin,null,Power ilim 79.90 SD N,Power ilim 79.90 SD N,AmericaMovil,09:00 - 21:00,Cerrado,Resuelto,Desconocido,null
Netcall,1 oct 2026,9,927243304,9272433048285393143990,9259,Outbound,Portabilidad Postpago,RETIRO EN TIENDA,Retiro en tienda,3138,CANCELADAS,Cancelado,Cancelado,NET_CBIELICHR,SIM,1 oct 2026,null,null,No,CANCELADAS,2026-10-01 12:10:29,Multilínea,Mono_item,Junin,null,null,Power ilim 79.90 SD N,AmericaMovil,09:00 - 21:00,Cancelado,Rechazado,Desconocido,null
Netcall,1 oct 2026,14,927332309,927332309,9283,Outbound,Portabilidad Postpago,RETIRO EN TIENDA,Retiro en tienda,3138,CERRADAS,Entregado,Entregado,NET_YRAYMUNDOTA,SIM,1 oct 2026,1 oct 2026,null,No,CERRADAS,2026-10-02 00:34:32,Monolínea,Mono_item,Junin,null,Power ilim 79.90 SD N,null,null,09:00 - 21:00,Cerrado,Resuelto,null,null
Netcall,1 oct 2026,16,927366649,9273666498286541458984,9283,Outbound,Portabilidad Postpago,RETIRO EN TIENDA,Retiro en tienda,3138,CERRADAS,Entregado,Entregado,NET_EMACHEROT,SIM,1 oct 2026,1 oct 2026,null,No,CERRADAS,2026-10-02 02:03:33,Monolínea,Mono_item,Junin,null,Power ilim 69.90 N,Power ilim 69.90 N,TELEFONICAPE,09:00 - 21:00,Cerrado,Resuelto,Desconocido,null
Netcall,2 oct 2026,13,927794069,927794069,9283,Outbound,Portabilidad Postpago,RETIRO EN TIENDA,Retiro en tienda,3138,ABIERTAS,Pendiente Entrega,Pendiente Entrega,NET_HEULOGIO,SIM,2 oct 2026,null,null,No,ABIERTAS,null,Monolínea,Mono_item,Junin,null,null,null,null,09:00 - 21:00,En Progreso,En Progreso,null,null
Netcall,2 oct 2026,20,927908139,927908139,9283,Outbound,Portabilidad Postpago,PROGRAMADO,Logixtal,9352,ABIERTAS,Pendiente Entrega,Pendiente Entrega,NET_SSUAREZG,SIM,3 oct 2026,null,null,No,ABIERTAS,null,Multilínea,Mono_item,San Martin,null,null,null,null,13:01 - 19:00,En Progreso,En Progreso,null,TARAPOTO
Netcall,3 oct 2026,9,928027236,92802723689511710101051106935,9283,Outbound,Portabilidad Postpago,EXPRESS,Retiro en tienda,9352,ABIERTAS,Entregado,Entregado,NET_EVELASQUEZB,SIM,3 oct 2026,null,null,No,ABIERTAS,null,Multilínea,Mono_item,San Martin,null,null,null,null,10:00 - 20:00,En Progreso,Punto de No Retorno,null,null
Netcall,2 oct 2026,20,927906600,927906600,9283,Outbound,Venta Regular / Alta,PROGRAMADO,Logixtal,9352,ABIERTAS,Pendiente Entrega,Pendiente Entrega,NET_SSUAREZG,SIM,3 oct 2026,null,null,No,ABIERTAS,null,Multilínea,Mono_item,San Martin,null,null,null,null,13:01 - 19:00,En Progreso,En Progreso,null,TARAPOTO
Netcall,1 oct 2026,11,927283254,9272832548285727562815,9283,Outbound,Portabilidad Postpago,EXPRESS,Logixtal,9352,CERRADAS,Entregado,Entregado,TLV_NET_LPULIDO,SIM,1 oct 2026,1 oct 2026,null,No,CERRADAS,2026-10-02 00:59:17,Monolínea,Mono_item,San Martin,null,Power ilim 69.90 N,Power ilim 69.90 N,TELEFONICAPE,10:00 - 20:00,Cerrado,Resuelto,Desconocido,TARAPOTO
Netcall,2 oct 2026,20,927905644,927905644,9283,Outbound,Venta Regular / Alta,PROGRAMADO,Logixtal,9352,ABIERTAS,Pendiente Entrega,Pendiente Entrega,NET_SSUAREZG,SIM,3 oct 2026,null,null,No,ABIERTAS,null,Multilínea,Mono_item,San Martin,null,null,null,null,13:01 - 19:00,En Progreso,En Progreso,null,TARAPOTO
Netcall,3 oct 2026,11,928078187,92807818789511710101051105697,9283,Outbound,Portabilidad Postpago,EXPRESS,Retiro en tienda,9352,ABIERTAS,Entregado,Entregado,NET_EVELASQUEZB,SIM,3 oct 2026,null,null,No,ABIERTAS,null,Monolínea,Mono_item,San Martin,null,null,null,null,10:00 - 20:00,En Progreso,Punto de No Retorno,null,null
Netcall,1 oct 2026,13,927313250,9273132508286029977141,9283,Outbound,Portabilidad Postpago,EXPRESS,Logixtal,9352,CERRADAS,Entregado,Entregado,NET_GSILVAF,SIM,1 oct 2026,1 oct 2026,null,No,CERRADAS,2026-10-02 01:05:20,Monolínea,Mono_item,San Martin,null,Power ilim 69.90 N,Power ilim 69.90 N,Viettel Peru,10:00 - 20:00,Cerrado,Resuelto,Desconocido,TARAPOTO
Netcall,3 oct 2026,9,928028724,92802872489511710101051106919,9283,Outbound,Portabilidad Postpago,EXPRESS,Retiro en tienda,9352,ABIERTAS,Entregado,Entregado,NET_EVELASQUEZB,SIM,3 oct 2026,null,null,No,ABIERTAS,null,Multilínea,Mono_item,San Martin,null,null,null,null,10:00 - 20:00,En Progreso,Punto de No Retorno,null,null
Netcall,3 oct 2026,9,928027753,92802775389511710101051106950,9283,Outbound,Portabilidad Postpago,EXPRESS,Retiro en tienda,9352,ABIERTAS,Entregado,Entregado,NET_EVELASQUEZB,SIM,3 oct 2026,null,null,No,ABIERTAS,null,Multilínea,Mono_item,San Martin,null,null,null,null,10:00 - 20:00,En Progreso,Punto de No Retorno,null,null
Netcall,2 oct 2026,20,927907329,927907329,9283,Outbound,Portabilidad Postpago,PROGRAMADO,Logixtal,9352,ABIERTAS,Pendiente Entrega,Pendiente Entrega,NET_SSUAREZG,SIM,3 oct 2026,null,null,No,ABIERTAS,null,Multilínea,Mono_item,San Martin,null,null,null,null,13:01 - 19:00,En Progreso,En Progreso,null,TARAPOTO
Netcall,3 oct 2026,13,928122971,928122971Empty,9283,Outbound,Portabilidad Postpago,EXPRESS,Retiro en tienda,9352,ABIERTAS,Pendiente Entrega,Pendiente Entrega,NET_AVIVANCOE,SIM,3 oct 2026,null,null,No,ABIERTAS,null,Monolínea,Mono_item,San Martin,null,null,null,null,10:00 - 20:00,null,null,null,null
Netcall,2 oct 2026,13,927796083,927796083,9283,Outbound,Portabilidad Postpago,EXPRESS,Logixtal,9352,CERRADAS,Entregado,Entregado,TLV_NET_RSORIAH,SIM,2 oct 2026,2 oct 2026,null,No,CERRADAS,2026-10-03 03:36:23,Monolínea,Mono_item,San Martin,null,Power ilim 79.90 SD N,null,null,10:00 - 20:00,Cerrado,Resuelto,null,TARAPOTO
Netcall,1 oct 2026,10,927246433,9272464338285422148679,9283,Outbound,Portabilidad Postpago,EXPRESS,Logixtal,9352,CERRADAS,Entregado,Entregado,NET_SLAZOB,SIM,1 oct 2026,2 oct 2026,null,No,CERRADAS,2026-10-03 01:14:45,Monolínea,Mono_item,San Martin,null,Power ilim 69.90 N,Power ilim 69.90 N,Viettel Peru,08:00 - 20:00,Cerrado,Resuelto,Desconocido,TARAPOTO
Netcall,1 oct 2026,17,927379274,9273792748286679168324,9283,Outbound,Portabilidad Postpago,PROGRAMADO,Logixtal,9352,CERRADAS,Entregado,Entregado,TLV_NET_DGARCIA,SIM,2 oct 2026,2 oct 2026,null,No,CERRADAS,2026-10-03 00:54:07,Monolínea,Mono_item,San Martin,null,Power ilim 69.90 N,Power ilim 69.90 N,Viettel Peru,09:00 - 13:00,Cerrado,Resuelto,Desconocido,TARAPOTO
Netcall,3 oct 2026,9,928025828,92802582889511710101051106901,9283,Outbound,Portabilidad Postpago,EXPRESS,Retiro en tienda,9352,ABIERTAS,Entregado,Entregado,NET_SLAZOB,SIM,3 oct 2026,null,null,No,ABIERTAS,null,Monolínea,Mono_item,San Martin,null,null,null,null,10:00 - 20:00,En Progreso,Punto de No Retorno,null,null
Netcall,2 oct 2026,17,927863258,927863258,9283,Outbound,Portabilidad Postpago,PROGRAMADO,Logixtal,9347,ABIERTAS,Pendiente Entrega,Pendiente Entrega,NET_PSANCHEZE,SIM,3 oct 2026,null,null,No,ABIERTAS,null,Multilínea,Mono_item,Madre De Dios,null,null,null,null,09:00 - 13:00,En Progreso,En Progreso,null,TAMBOPATA
Netcall,1 oct 2026,9,927242204,9272422048285382221822,9271,Outbound,Portabilidad Postpago,PROGRAMADO,Logixtal,9347,CANCELADAS,Anulado,PIN PORTA_NO VALIDO,NET_STITOP,SIM,2 oct 2026,null,null,No,CANCELADAS,2026-10-02 13:28:03,Monolínea,Mono_item,Madre De Dios,null,null,Power ilim 79.90 SD N,AmericaMovil,13:01 - 19:00,Cancelado,Pedido Cancelación,Desconocido,TAMBOPATA
Netcall,2 oct 2026,9,927710179,927710179,9283,Outbound,Portabilidad Postpago,EXPRESS,Logixtal,9347,CERRADAS,Entregado,Entregado,NET_EALBORNOZR,SIM,2 oct 2026,2 oct 2026,null,No,CERRADAS,2026-10-03 01:38:57,Monolínea,Mono_item,Madre De Dios,null,Power ilim 69.90 N,null,null,10:00 - 20:00,Cerrado,Resuelto,null,TAMBOPATA
Netcall,2 oct 2026,17,927861780,927861780,9283,Outbound,Portabilidad Postpago,PROGRAMADO,Logixtal,9347,ABIERTAS,Pendiente Entrega,Pendiente Entrega,NET_PSANCHEZE,SIM,3 oct 2026,null,null,No,ABIERTAS,null,Multilínea,Mono_item,Madre De Dios,null,null,null,null,09:00 - 13:00,En Progreso,En Progreso,null,TAMBOPATA
Netcall,1 oct 2026,12,927297250,9272972508285871009396,5299,Outbound,Portabilidad Postpago,EXPRESS,Logixtal,9347,CERRADAS,Entregado,Entregado,NET_SCHUMIOQUEP,SIM,1 oct 2026,1 oct 2026,null,No,CERRADAS,2026-10-02 01:17:59,Monolínea,Mono_item,Madre De Dios,null,Power ilim 69.90 N,Power ilim 69.90 N,TELEFONICAPE,10:00 - 20:00,Cerrado,Resuelto,Desconocido,TAMBOPATA
Netcall,1 oct 2026,11,927280793,9272807938285705882506,9271,Outbound,Portabilidad Postpago,PROGRAMADO,Logixtal,5021,ABIERTAS,Pendiente Entrega,Pendiente Entrega,NET_STANANTAM,SIM,5 oct 2026,null,null,No,ABIERTAS,null,Monolínea,Mono_item,Piura,null,null,Power ilim 79.90 SD N,Viettel Peru,09:00 - 19:00,En Progreso,Punto de No Retorno,Desconocido,TAMBO GRANDE
Netcall,1 oct 2026,13,927317429,9273174298286064550662,9283,Outbound,Portabilidad Postpago,PROGRAMADO,Logixtal,5021,ABIERTAS,Pendiente Entrega,Pendiente Entrega,NET_IROSALESA,SIM,5 oct 2026,null,null,No,ABIERTAS,null,Monolínea,Mono_item,Piura,null,null,Power ilim 69.90 N,AmericaMovil,09:00 - 19:00,En Progreso,Punto de No Retorno,Desconocido,TAMBO GRANDE
Netcall,1 oct 2026,10,927252823,9272528238285474012990,9283,Outbound,Portabilidad Postpago,PROGRAMADO,Logixtal,5021,ABIERTAS,Pendiente Entrega,Pendiente Entrega,NET_GCABALLEROB,SIM,5 oct 2026,null,null,No,ABIERTAS,null,Monolínea,Mono_item,Piura,null,null,Power ilim 69.90 N,Viettel Peru,09:00 - 19:00,En Progreso,Punto de No Retorno,Desconocido,TAMBO GRANDE
Netcall,3 oct 2026,12,928101675,928101675Empty,9283,Outbound,Portabilidad Postpago,RETIRO EN TIENDA,Retiro en tienda,1026,ABIERTAS,Pendiente Entrega,Pendiente Entrega,NET_LHUAPAYAO,SIM,3 oct 2026,null,null,No,ABIERTAS,null,Monolínea,Mono_item,Piura,null,null,null,null,09:00 - 21:00,En Progreso,En Progreso,null,null
Netcall,3 oct 2026,11,928071327,92807132789511710111073595759,9283,Outbound,Portabilidad Postpago,EXPRESS,Retiro en tienda,9348,ABIERTAS,Pendiente Entrega,Pendiente Entrega,NET_CMENESESV,SIM,3 oct 2026,null,null,No,ABIERTAS,null,Monolínea,Mono_item,Tacna,null,null,null,null,10:00 - 20:00,En Progreso,Punto de No Retorno,null,null
Netcall,2 oct 2026,16,927845576,927845576,9283,Outbound,Portabilidad Postpago,EXPRESS,Logixtal,9348,CERRADAS,Entregado,Entregado,TLV_NET_KCHAVEZ,SIM,2 oct 2026,2 oct 2026,null,No,CERRADAS,2026-10-03 00:40:39,Monolínea,Mono_item,Tacna,null,Power ilim 69.90 N,null,null,10:00 - 20:00,Cerrado,Resuelto,null,TACNA
Netcall,1 oct 2026,15,927351620,9273516208286391152970,9283,Outbound,Portabilidad Postpago,EXPRESS,Logixtal,9348,CANCELADAS,Entregado,Entregado,NET_CMENESESV,SIM,1 oct 2026,2 oct 2026,null,No,CANCELADAS,2026-10-02 22:00:28,Multilínea,Mono_item,Tacna,null,null,Power ilim 69.90 N,TELEFONICAPE,08:00 - 20:00,Cancelado,Pedido Cancelación,Desconocido,TACNA
Netcall,2 oct 2026,15,927821574,927821574,9283,Outbound,Portabilidad Postpago,EXPRESS,Logixtal,9348,CERRADAS,Entregado,Entregado,NET_AAPOLAYACAC,SIM,2 oct 2026,2 oct 2026,null,No,CERRADAS,2026-10-03 00:33:53,Monolínea,Mono_item,Tacna,null,Power ilim 79.90 SD N,null,null,10:00 - 20:00,Cerrado,Resuelto,null,TACNA
Netcall,2 oct 2026,18,927884026,927884026,9283,Outbound,Venta Regular / Alta,PROGRAMADO,Logixtal,9348,ABIERTAS,Pendiente Entrega,Pendiente Entrega,NET_GZAVALAR,SIM,3 oct 2026,null,null,No,ABIERTAS,null,Monolínea,Mono_item,Tacna,null,null,null,null,09:00 - 13:00,En Progreso,En Progreso,null,TACNA
Netcall,2 oct 2026,17,927863762,927863762,9283,Outbound,Portabilidad Postpago,PROGRAMADO,Logixtal,9348,ABIERTAS,Pendiente Entrega,Pendiente Entrega,NET_JSREQUENA,SIM,3 oct 2026,null,null,No,ABIERTAS,null,Monolínea,Mono_item,Tacna,null,null,null,null,09:00 - 13:00,En Progreso,En Progreso,null,TACNA
Netcall,1 oct 2026,17,927376983,9273769838286652538683,9283,Outbound,Portabilidad Postpago,EXPRESS,Logixtal,9348,CANCELADAS,Anulado,CLIENTE YA NO DESEA PRODUCTO,NET_CMDELACRUZV,SIM,2 oct 2026,null,null,No,CANCELADAS,2026-10-02 09:48:40,Monolínea,Mono_item,Tacna,null,null,Power ilim 69.90 N,TELEFONICAPE,10:00 - 20:00,Cancelado,Rechazado,Desconocido,TACNA
Netcall,1 oct 2026,14,927329627,927329627,9283,Outbound,Portabilidad Postpago,EXPRESS,Logixtal,9348,CERRADAS,Entregado,Entregado,NET_ATRIVINOS,SIM,1 oct 2026,1 oct 2026,null,No,CERRADAS,2026-10-02 00:40:45,Monolínea,Mono_item,Tacna,null,Power ilim 69.90 N,null,null,10:00 - 20:00,Cerrado,Resuelto,null,TACNA
Netcall,3 oct 2026,9,928029729,928029729Empty,9283,Outbound,Portabilidad Postpago,RETIRO EN TIENDA,Retiro en tienda,1025,ABIERTAS,Pendiente Entrega,Pendiente Entrega,TLV_NET_MMURGAF,SIM,3 oct 2026,null,null,No,ABIERTAS,null,Multilínea,Mono_item,Tacna,null,null,null,null,09:00 - 21:00,En Progreso,En Progreso,null,null
Netcall,2 oct 2026,18,927886978,927886978,9283,Outbound,Venta Regular / Alta,PROGRAMADO,Logixtal,9348,ABIERTAS,Pendiente Entrega,Pendiente Entrega,NET_GZAVALAR,SIM,3 oct 2026,null,null,No,ABIERTAS,null,Multilínea,Mono_item,Tacna,null,null,null,null,09:00 - 13:00,En Progreso,En Progreso,null,TACNA
Netcall,3 oct 2026,9,928027533,928027533Empty,9283,Outbound,Portabilidad Postpago,RETIRO EN TIENDA,Retiro en tienda,1025,ABIERTAS,Pendiente Entrega,Pendiente Entrega,TLV_NET_MMURGAF,SIM,3 oct 2026,null,null,No,ABIERTAS,null,Multilínea,Mono_item,Tacna,null,null,null,null,09:00 - 21:00,En Progreso,Documentación Generada,null,null
Netcall,3 oct 2026,12,928096957,92809695789511710111073595718,9283,Outbound,Portabilidad Postpago,EXPRESS,Retiro en tienda,9348,ABIERTAS,Pendiente Entrega,Pendiente Entrega,NET_AROJASF,SIM,3 oct 2026,null,null,No,ABIERTAS,null,Monolínea,Mono_item,Tacna,null,null,null,null,10:00 - 20:00,En Progreso,En Progreso,null,null
Netcall,2 oct 2026,12,927764370,927764370,9283,Outbound,Portabilidad Postpago,EXPRESS,Logixtal,9348,CERRADAS,Entregado,Entregado,NET_SINGAC,SIM,2 oct 2026,2 oct 2026,null,No,CERRADAS,2026-10-03 00:37:34,Monolínea,Mono_item,Tacna,null,Power ilim 69.90 N,null,null,10:00 - 20:00,Cerrado,Resuelto,null,TACNA
Netcall,2 oct 2026,13,927786969,927786969,9283,Outbound,Portabilidad Postpago,EXPRESS,Logixtal,9348,CERRADAS,Entregado,Entregado,NET_AYROJASS,SIM,2 oct 2026,2 oct 2026,null,No,CERRADAS,2026-10-03 01:15:05,Monolínea,Mono_item,Tacna,null,Power ilim 69.90 N,null,null,10:00 - 20:00,Cerrado,Resuelto,null,TACNA
Netcall,3 oct 2026,10,928045175,92804517589511710111073596708,9283,Outbound,Portabilidad Postpago,EXPRESS,Retiro en tienda,9348,ABIERTAS,Entregado,Entregado,NET_ARIOST,SIM,3 oct 2026,null,null,No,ABIERTAS,null,Monolínea,Mono_item,Tacna,null,null,null,null,10:00 - 20:00,En Progreso,Punto de No Retorno,null,null
Netcall,1 oct 2026,15,927352703,9273527038286398954080,9283,Outbound,Portabilidad Postpago,EXPRESS,Logixtal,9348,CANCELADAS,Entregado,Entregado,NET_CMENESESV,SIM,1 oct 2026,2 oct 2026,null,No,CANCELADAS,2026-10-02 22:00:31,Multilínea,Mono_item,Tacna,null,null,Power ilim 69.90 N,TELEFONICAPE,08:00 - 20:00,Cancelado,Pedido Cancelación,Desconocido,TACNA
Netcall,2 oct 2026,10,927718661,927718661,9283,Outbound,Portabilidad Postpago,EXPRESS,Logixtal,9348,ABIERTAS,Pendiente Entrega,Pendiente Entrega,NET_LMARTINEZAR,SIM,2 oct 2026,null,null,No,ABIERTAS,null,Monolínea,Mono_item,Tacna,null,null,null,null,08:00 - 20:00,En Progreso,Punto de No Retorno,null,TACNA
Netcall,2 oct 2026,18,927888887,927888887,9283,Outbound,Portabilidad Postpago,PROGRAMADO,Logixtal,9348,ABIERTAS,Pendiente Entrega,Pendiente Entrega,NET_GZAVALAR,SIM,3 oct 2026,null,null,No,ABIERTAS,null,Multilínea,Mono_item,Tacna,null,null,null,null,09:00 - 13:00,En Progreso,En Progreso,null,TACNA
Netcall,1 oct 2026,11,927277314,927277314,9283,Outbound,Portabilidad Postpago,EXPRESS,Logixtal,9348,CERRADAS,Entregado,Entregado,TLV_NET_GJQUISP,SIM,1 oct 2026,1 oct 2026,null,No,CERRADAS,2026-10-02 00:23:13,Monolínea,Mono_item,Tacna,null,Power ilim 69.90 N,null,null,10:00 - 20:00,Cerrado,Resuelto,null,TACNA
Netcall,3 oct 2026,9,928028744,928028744Empty,9283,Outbound,Portabilidad Postpago,RETIRO EN TIENDA,Retiro en tienda,1025,ABIERTAS,Pendiente Entrega,Pendiente Entrega,TLV_NET_MMURGAF,SIM,3 oct 2026,null,null,No,ABIERTAS,null,Multilínea,Mono_item,Tacna,null,null,null,null,09:00 - 21:00,En Progreso,En Progreso,null,null
Netcall,3 oct 2026,11,928071327,92807132789511710111073595767,9283,Outbound,Portabilidad Postpago,EXPRESS,Retiro en tienda,9348,ABIERTAS,Pendiente Entrega,Pendiente Entrega,NET_CMENESESV,SIM,3 oct 2026,null,null,No,ABIERTAS,null,Monolínea,Mono_item,Tacna,null,null,null,null,10:00 - 20:00,En Progreso,Punto de No Retorno,null,null
Netcall,1 oct 2026,17,927385846,9273858468286734428138,9283,Outbound,Portabilidad Postpago,PROGRAMADO,Logixtal,9348,CERRADAS,Entregado,Entregado,NET_YHUAMAN,SIM,2 oct 2026,2 oct 2026,null,No,CERRADAS,2026-10-03 01:38:01,Monolínea,Mono_item,Tacna,null,Power ilim 79.90 SD N,Power ilim 79.90 SD N,AmericaMovil,09:00 - 13:00,Cerrado,Resuelto,Desconocido,TACNA
Netcall,1 oct 2026,9,927232594,9272325948285306109561,9283,Outbound,Portabilidad Postpago,RETIRO EN TIENDA,Retiro en tienda,1025,CERRADAS,Entregado,Entregado,TLV_NET_MMURGAF,SIM,1 oct 2026,1 oct 2026,null,No,CERRADAS,2026-10-02 01:07:14,Monolínea,Mono_item,Tacna,null,Power ilim 69.90 N,Power ilim 69.90 N,AmericaMovil,09:00 - 21:00,Cerrado,Resuelto,Desconocido,null
Netcall,1 oct 2026,15,927341842,9273418428286299329733,9283,Outbound,Portabilidad Postpago,EXPRESS,Logixtal,9001,CERRADAS,Entregado,Entregado,NET_KCHAVEZF,SIM,1 oct 2026,1 oct 2026,null,No,CERRADAS,2026-10-02 01:40:41,Monolínea,Mono_item,Lima - Callao,null,Power ilim 69.90 N,Power ilim 69.90 N,AmericaMovil,10:00 - 22:00,Cerrado,Resuelto,Desconocido,SURQUILLO
Netcall,3 oct 2026,12,928089594,928089594Empty,9283,Outbound,Portabilidad Postpago,PROGRAMADO,Logixtal,9001,ABIERTAS,Pendiente Entrega,Pendiente de Picking,NET_RCASTANEDAR,SIM,5 oct 2026,null,null,No,ABIERTAS,null,Monolínea,Mono_item,Lima - Callao,null,null,null,null,08:00 - 13:00,En Progreso,En Progreso,null,null
Netcall,3 oct 2026,9,928030244,92803024489511710111087042897,9271,Outbound,Portabilidad Postpago,EXPRESS,Logixtal,9001,ABIERTAS,Entregado,Entregado,NET_CREYESJ,SIM,3 oct 2026,null,null,No,ABIERTAS,null,Multilínea,Mono_item,Lima - Callao,null,null,null,null,10:00 - 22:00,En Progreso,Pago Recibido,null,null
Netcall,3 oct 2026,10,928046334,92804633489511710111087023079,9283,Outbound,Portabilidad Postpago,EXPRESS,Logixtal,9001,ABIERTAS,Pendiente Entrega,Pendiente de Picking,NET_CCONDEM,SIM,3 oct 2026,null,null,No,ABIERTAS,null,Monolínea,Mono_item,Lima - Callao,null,null,null,null,10:00 - 22:00,En Progreso,Punto de No Retorno,null,null
Netcall,3 oct 2026,9,928036572,92803657289511710111073728509,9283,Outbound,Portabilidad Postpago,PROGRAMADO,Logixtal,9001,ABIERTAS,Pendiente Entrega,Pendiente de Picking,NET_KEMENDOZAJ,SIM,5 oct 2026,null,null,No,ABIERTAS,null,Monolínea,Mono_item,Lima - Callao,null,null,null,null,13:01 - 22:00,En Progreso,Punto de No Retorno,null,null
Netcall,1 oct 2026,13,927318153,9273181538286074444887,9283,Outbound,Portabilidad Postpago,EXPRESS,Logixtal,9001,CERRADAS,Entregado,Entregado,NET_SBENITOV,SIM,1 oct 2026,1 oct 2026,null,No,CERRADAS,2026-10-02 01:19:55,Multilínea,Multi_item,Lima - Callao,null,Power ilim 79.90 SD N,Power ilim 79.90 SD N,AmericaMovil,10:00 - 22:00,Cerrado,Resuelto,Desconocido,SURQUILLO
Netcall,2 oct 2026,15,927827592,927827592,9283,Outbound,Portabilidad Postpago,PROGRAMADO,Logixtal,9001,ABIERTAS,Pendiente Entrega,Pendiente Entrega,NET_ETORRE,SIM,3 oct 2026,null,null,No,ABIERTAS,null,Monolínea,Mono_item,Lima - Callao,null,null,null,null,08:00 - 13:00,En Progreso,Punto de No Retorno,null,SURQUILLO
Netcall,1 oct 2026,13,927312067,9273120678286012891521,9283,Outbound,Portabilidad Postpago,EXPRESS,Logixtal,9001,CERRADAS,Entregado,Entregado,TLV_NET_MLANDAR,SIM,1 oct 2026,1 oct 2026,null,No,CERRADAS,2026-10-02 01:14:22,Monolínea,Mono_item,Lima - Callao,null,Power ilim 69.90 N,Power ilim 69.90 N,Viettel Peru,10:00 - 22:00,Cerrado,Resuelto,Desconocido,SURQUILLO
Netcall,2 oct 2026,12,927778315,927778315,9223,Fidelización,Renovación,EXPRESS PROGRAMADO,Logixtal,9001,CERRADAS,Entregado,Entregado,NET_JMBURGAA,Equipo,2 oct 2026,2 oct 2026,null,No,CERRADAS,2026-10-02 18:33:08,Multilínea,Mono_item,Lima - Callao,null,null,null,null,17:01 - 21:00,Cerrado,Resuelto,null,SURQUILLO
Netcall,2 oct 2026,12,927777689,927777689,9283,Outbound,Portabilidad Postpago,EXPRESS,Logixtal,9001,CANCELADAS,Anulado,PIN PORTA_NO VALIDO,NET_BCUSQUISIVA,SIM,2 oct 2026,null,null,No,CANCELADAS,2026-10-02 13:47:09,Monolínea,Mono_item,Lima - Callao,null,null,null,null,10:00 - 22:00,Cancelado,Pedido Cancelación,null,SURQUILLO
Netcall,1 oct 2026,17,927393230,9273932308286801861359,9283,Outbound,Venta Regular / Alta,EXPRESS,Logixtal,9001,CERRADAS,Entregado,Entregado,TLV_NET_DBARTET,SIM,1 oct 2026,2 oct 2026,null,No,CERRADAS,2026-10-02 12:42:26,Monolínea,Mono_item,Lima - Callao,null,Power 39.90 N,Power 39.90 N,Desconocido,08:00 - 20:00,Cerrado,Resuelto,Desconocido,SURQUILLO
Netcall,1 oct 2026,13,927318153,9273181538286074444670,9283,Outbound,Portabilidad Postpago,EXPRESS,Logixtal,9001,CERRADAS,Entregado,Entregado,NET_SBENITOV,SIM,1 oct 2026,1 oct 2026,null,No,CERRADAS,2026-10-02 01:19:55,Multilínea,Multi_item,Lima - Callao,null,Power ilim 79.90 SD N,Power ilim 79.90 SD N,AmericaMovil,10:00 - 22:00,Cerrado,Resuelto,Desconocido,SURQUILLO
Netcall,3 oct 2026,11,928082303,92808230389511710101081537471,9283,Outbound,Portabilidad Postpago,EXPRESS,Logixtal,9001,ABIERTAS,Pendiente Entrega,Pendiente de Picking,NET_MOQUISPITON,SIM,3 oct 2026,null,null,No,ABIERTAS,null,Monolínea,Mono_item,Lima - Callao,null,null,null,null,10:00 - 22:00,En Progreso,Punto de No Retorno,null,null
Netcall,3 oct 2026,9,928031129,92803112989511710101081043058,9271,Outbound,Portabilidad Postpago,EXPRESS,Logixtal,9001,ABIERTAS,Entregado,Entregado,NET_CREYESJ,SIM,3 oct 2026,null,null,No,ABIERTAS,null,Multilínea,Mono_item,Lima - Callao,null,null,null,null,10:00 - 22:00,En Progreso,Pago Recibido,null,null
Netcall,2 oct 2026,14,927798561,927798561,9283,Outbound,Portabilidad Postpago,EXPRESS,Logixtal,9001,CERRADAS,Entregado,Entregado,NET_SSALAZARV,SIM,2 oct 2026,2 oct 2026,null,No,CERRADAS,2026-10-03 00:53:43,Monolínea,Mono_item,Lima - Callao,null,Power ilim 69.90 N,null,null,10:00 - 22:00,Cerrado,Resuelto,null,SURQUILLO
Netcall,2 oct 2026,13,927782927,927782927,9283,Outbound,Portabilidad Postpago,EXPRESS,Logixtal,9001,CERRADAS,Entregado,Entregado,TLV_NET_LSANCHA,SIM,2 oct 2026,2 oct 2026,null,No,CERRADAS,2026-10-03 02:43:07,Monolínea,Mono_item,Lima - Callao,null,Power ilim 69.90 N,null,null,10:00 - 22:00,Cerrado,Resuelto,null,SURQUILLO
Netcall,1 oct 2026,18,927412672,9274126728286992284222,9259,Outbound,Portabilidad Postpago,EXPRESS,Logixtal,9001,CANCELADAS,Anulado,DIRECCIÓN ERRADA,NET_CBIELICHR,SIM,1 oct 2026,null,null,No,CANCELADAS,2026-10-01 19:18:32,Monolínea,Mono_item,Lima - Callao,null,null,Power ilim 79.90 SD N,AmericaMovil,10:00 - 22:00,Cancelado,Rechazado,Desconocido,SURQUILLO
Netcall,3 oct 2026,10,928042662,92804266289511710101081537489,9283,Outbound,Portabilidad Postpago,EXPRESS,Logixtal,9001,ABIERTAS,Entregado,Entregado,TLV_NET_DGARCIA,SIM,3 oct 2026,null,null,No,ABIERTAS,null,Monolínea,Mono_item,Lima - Callao,null,null,null,null,10:00 - 22:00,En Progreso,Punto de No Retorno,null,null
Netcall,3 oct 2026,10,928042662,92804266289511710101081537497,9283,Outbound,Portabilidad Postpago,EXPRESS,Logixtal,9001,ABIERTAS,Entregado,Entregado,TLV_NET_DGARCIA,SIM,3 oct 2026,null,null,No,ABIERTAS,null,Monolínea,Mono_item,Lima - Callao,null,null,null,null,10:00 - 22:00,En Progreso,Punto de No Retorno,null,null
Netcall,2 oct 2026,12,927767336,927767336,9283,Outbound,Portabilidad Postpago,EXPRESS,Logixtal,9345,CANCELADAS,Anulado,PUNTO DE ENCUENTRO CAMUFLADO,NET_CLOPEZA,SIM,2 oct 2026,null,null,No,CANCELADAS,2026-10-02 14:47:38,Multilínea,Mono_item,Ica,null,null,null,null,10:00 - 20:00,Cancelado,Rechazado,null,SUNAMPE
Netcall,3 oct 2026,13,928120398,928120398Empty,9283,Outbound,Portabilidad Postpago,EXPRESS,Retiro en tienda,9345,ABIERTAS,Pendiente Entrega,Pendiente Entrega,TLV_NET_RSORIAH,SIM,3 oct 2026,null,null,No,ABIERTAS,null,Monolínea,Mono_item,Ica,null,null,null,null,10:00 - 20:00,En Progreso,En Progreso,null,null
Netcall,2 oct 2026,9,927706883,927706883,9271,Outbound,Portabilidad Postpago,EXPRESS,Logixtal,9345,CERRADAS,Entregado,Entregado,NET_KGUTIERREZV,SIM,2 oct 2026,2 oct 2026,null,No,CERRADAS,2026-10-03 03:37:41,Monolínea,Mono_item,Ica,null,Power ilim 79.90 SD N,null,null,10:00 - 20:00,Cerrado,Resuelto,null,SUNAMPE
Netcall,2 oct 2026,10,927715902,927715902,9283,Outbound,Portabilidad Postpago,EXPRESS,Logixtal,9345,CANCELADAS,Anulado,PUNTO DE ENCUENTRO CAMUFLADO,NET_CLOPEZA,SIM,2 oct 2026,null,null,No,CANCELADAS,2026-10-02 12:09:07,Multilínea,Mono_item,Ica,null,null,null,null,10:00 - 20:00,Cancelado,Rechazado,null,SUNAMPE
Netcall,3 oct 2026,11,928070800,92807080089511710101030227521,9283,Outbound,Portabilidad Postpago,EXPRESS,Retiro en tienda,9345,ABIERTAS,Entregado,Entregado,NET_TDILAST,SIM,3 oct 2026,null,null,No,ABIERTAS,null,Monolínea,Mono_item,Ica,null,null,null,null,10:00 - 20:00,En Progreso,Punto de No Retorno,null,null
Netcall,1 oct 2026,18,927402631,9274026318286896143951,9283,Outbound,Portabilidad Postpago,PROGRAMADO,Logixtal,5021,ABIERTAS,Pendiente Entrega,Pendiente Entrega,NET_EAYALAE,SIM,3 oct 2026,null,null,No,ABIERTAS,null,Monolínea,Mono_item,Piura,null,null,Power ilim 69.90 N,AmericaMovil,09:00 - 13:00,En Progreso,Punto de No Retorno,Desconocido,SULLANA
Netcall,3 oct 2026,12,928083087,928083087Empty,9283,Outbound,Portabilidad Postpago,RETIRO EN TIENDA,Retiro en tienda,3132,ABIERTAS,Pendiente Entrega,Pendiente Entrega,NET_BCUSQUISIVA,SIM,3 oct 2026,null,null,No,ABIERTAS,null,Monolínea,Mono_item,Piura,null,null,null,null,09:00 - 21:00,En Progreso,En Progreso,null,null
Netcall,2 oct 2026,10,927713291,927713291,9283,Outbound,Portabilidad Postpago,PROGRAMADO,Logixtal,5021,ABIERTAS,Pendiente Entrega,Pendiente Entrega,NET_KCHAVEZF,SIM,3 oct 2026,null,null,No,ABIERTAS,null,Monolínea,Mono_item,Piura,null,null,null,null,09:00 - 13:00,En Progreso,Punto de No Retorno,null,SULLANA
Netcall,2 oct 2026,11,927757093,927757093,9283,Outbound,Portabilidad Postpago,PROGRAMADO,Logixtal,5021,ABIERTAS,Pendiente Entrega,Pendiente Entrega,NET_LMUSAYONS,SIM,3 oct 2026,null,null,No,ABIERTAS,null,Multilínea,Mono_item,Piura,null,null,null,null,09:00 - 13:00,En Progreso,Punto de No Retorno,null,SULLANA
Netcall,1 oct 2026,11,927267506,9272675068285598421549,9283,Outbound,Portabilidad Postpago,PROGRAMADO,Logixtal,5021,CERRADAS,Entregado,Entregado,NET_KORTIZD,SIM,2 oct 2026,2 oct 2026,null,No,CERRADAS,2026-10-03 01:21:32,Monolínea,Mono_item,Piura,null,Power ilim 79.90 SD N,Power ilim 79.90 SD N,TELEFONICAPE,09:00 - 13:00,Cerrado,Resuelto,Desconocido,SULLANA
Netcall,1 oct 2026,8,927225897,9272258978285271115417,9283,Outbound,Portabilidad Postpago,EXPRESS,Logixtal,5021,CERRADAS,Entregado,Entregado,NET_NRUBIOMARCO,SIM,1 oct 2026,1 oct 2026,null,No,CERRADAS,2026-10-02 01:22:16,Monolínea,Mono_item,Piura,null,Power ilim 69.90 N,Power ilim 69.90 N,AmericaMovil,10:00 - 20:00,Cerrado,Resuelto,Desconocido,SULLANA
Netcall,2 oct 2026,16,927829998,927829998,9283,Outbound,Portabilidad Postpago,EXPRESS,Logixtal,5021,CERRADAS,Entregado,Entregado,NET_SFARIASR,SIM,2 oct 2026,2 oct 2026,null,No,CERRADAS,2026-10-03 01:32:00,Multilínea,Mono_item,Piura,null,Power ilim 79.90 SD N,null,null,10:00 - 20:00,Cerrado,Resuelto,null,SULLANA
Netcall,2 oct 2026,11,927755275,927755275,9283,Outbound,Portabilidad Postpago,PROGRAMADO,Logixtal,5021,ABIERTAS,Pendiente Entrega,Pendiente Entrega,NET_LMUSAYONS,SIM,3 oct 2026,null,null,No,ABIERTAS,null,Multilínea,Mono_item,Piura,null,null,null,null,09:00 - 13:00,En Progreso,Punto de No Retorno,null,SULLANA
Netcall,2 oct 2026,15,927828658,927828658,9283,Outbound,Portabilidad Postpago,EXPRESS,Logixtal,5021,CERRADAS,Entregado,Entregado,NET_SFARIASR,SIM,2 oct 2026,2 oct 2026,null,No,CERRADAS,2026-10-03 01:29:09,Multilínea,Mono_item,Piura,null,Power ilim 79.90 SD N,null,null,10:00 - 20:00,Cerrado,Resuelto,null,SULLANA
Netcall,2 oct 2026,10,927714343,927714343,9271,Outbound,Portabilidad Postpago,EXPRESS,Logixtal,5021,CERRADAS,Entregado,Entregado,NET_HJUNCOT,SIM,2 oct 2026,2 oct 2026,null,No,CERRADAS,2026-10-03 00:18:34,Multilínea,Mono_item,Piura,null,Power ilim 79.90 SD N,null,null,10:00 - 20:00,Cerrado,Resuelto,null,SULLANA
Netcall,1 oct 2026,11,927278020,9272780208285681363213,9271,Outbound,Portabilidad Postpago,EXPRESS,Logixtal,5021,CERRADAS,Entregado,Entregado,TLV_NET_MAYALAM,SIM,1 oct 2026,1 oct 2026,null,No,CERRADAS,2026-10-02 01:22:17,Monolínea,Mono_item,Piura,null,Power ilim 69.90 N,Power ilim 69.90 N,TELEFONICAPE,10:00 - 20:00,Cerrado,Resuelto,Desconocido,SULLANA
Netcall,2 oct 2026,17,927853334,927853334,9271,Outbound,Portabilidad Postpago,PROGRAMADO,Logixtal,5021,ABIERTAS,Pendiente Entrega,Pendiente Entrega,NET_LDIAZ,SIM,3 oct 2026,null,null,No,ABIERTAS,null,Monolínea,Mono_item,Piura,null,null,null,null,13:01 - 20:00,En Progreso,Punto de No Retorno,null,SULLANA
Netcall,2 oct 2026,10,927715577,927715577,9271,Outbound,Portabilidad Postpago,EXPRESS,Logixtal,5021,CERRADAS,Entregado,Entregado,NET_HJUNCOT,SIM,2 oct 2026,2 oct 2026,null,No,CERRADAS,2026-10-03 01:49:18,Multilínea,Mono_item,Piura,null,Power ilim 79.90 SD N,null,null,10:00 - 20:00,Cerrado,Resuelto,null,SULLANA
Netcall,2 oct 2026,15,927812769,927812769,9283,Outbound,Portabilidad Postpago,RETIRO EN TIENDA,Retiro en tienda,3132,CERRADAS,Entregado,Entregado,NET_ARIVERA,SIM,2 oct 2026,2 oct 2026,null,No,CERRADAS,2026-10-03 00:52:45,Monolínea,Mono_item,Piura,null,Power ilim 79.90 SD N,null,null,09:00 - 21:00,Cerrado,Resuelto,null,null
Netcall,1 oct 2026,17,927385873,9273858738286735176831,9283,Outbound,Portabilidad Postpago,PROGRAMADO,Logixtal,5021,CERRADAS,Entregado,Entregado,NET_MCRUZE,SIM,2 oct 2026,2 oct 2026,null,No,CERRADAS,2026-10-03 03:11:15,Monolínea,Mono_item,Piura,null,Power ilim 69.90 N,Power ilim 69.90 N,AmericaMovil,09:00 - 13:00,Cerrado,Resuelto,Desconocido,SULLANA
Netcall,1 oct 2026,14,927325896,9273258968286142169544,9271,Outbound,Portabilidad Postpago,PROGRAMADO,Logixtal,5022,CERRADAS,Entregado,Entregado,NET_BATOP,SIM,2 oct 2026,2 oct 2026,null,No,CERRADAS,2026-10-03 03:25:27,Monolínea,Mono_item,Arequipa,null,Power ilim 69.90 N,Power ilim 69.90 N,TELEFONICAPE,13:01 - 20:00,Cerrado,Resuelto,Desconocido,SOCABAYA
Netcall,3 oct 2026,11,928073589,92807358989511710111068649819,9283,Outbound,Portabilidad Postpago,PROGRAMADO,Logixtal,5022,ABIERTAS,Pendiente Entrega,Pendiente de Picking,NET_KCARRENOV,SIM,5 oct 2026,null,null,No,ABIERTAS,null,Monolínea,Mono_item,Arequipa,null,null,null,null,13:01 - 20:00,En Progreso,Punto de No Retorno,null,null
Netcall,2 oct 2026,19,927891011,927891011,9283,Outbound,Portabilidad Postpago,PROGRAMADO,Logixtal,5022,ABIERTAS,Pendiente Entrega,Pendiente Entrega,NET_KCHAVEZF,SIM,3 oct 2026,null,null,No,ABIERTAS,null,Monolínea,Mono_item,Arequipa,null,null,null,null,09:00 - 13:00,En Progreso,Punto de No Retorno,null,SOCABAYA
Netcall,1 oct 2026,15,927342006,9273420068286300493815,9283,Outbound,Portabilidad Postpago,PROGRAMADO,Logixtal,5021,ABIERTAS,Pendiente Entrega,Pendiente Entrega,NET_VAYALA,SIM,3 oct 2026,null,null,No,ABIERTAS,null,Monolínea,Mono_item,Piura,null,null,Power ilim 79.90 SD N,Viettel Peru,09:00 - 19:00,En Progreso,Punto de No Retorno,Desconocido,SECHURA
Netcall,2 oct 2026,9,927699668,927699668,9283,Outbound,Portabilidad Postpago,PROGRAMADO,Logixtal,5021,ABIERTAS,Pendiente Entrega,Pendiente Entrega,NET_GVELASQUEZA,SIM,3 oct 2026,null,null,No,ABIERTAS,null,Multilínea,Mono_item,Piura,null,null,null,null,09:00 - 19:00,En Progreso,Punto de No Retorno,null,SECHURA
Netcall,2 oct 2026,16,927834306,927834306,9283,Outbound,Portabilidad Postpago,PROGRAMADO,Logixtal,5021,ABIERTAS,Pendiente Entrega,Pendiente Entrega,NET_PBCGOMEZ,SIM,3 oct 2026,null,null,No,ABIERTAS,null,Monolínea,Mono_item,Piura,null,null,null,null,09:00 - 19:00,En Progreso,Punto de No Retorno,null,SECHURA
Netcall,2 oct 2026,16,927834485,927834485,9283,Outbound,Portabilidad Postpago,PROGRAMADO,Logixtal,5021,ABIERTAS,Pendiente Entrega,Pendiente Entrega,TLV_NET_VNAPAH,SIM,3 oct 2026,null,null,No,ABIERTAS,null,Monolínea,Mono_item,Piura,null,null,null,null,09:00 - 19:00,En Progreso,Punto de No Retorno,null,SECHURA
Netcall,2 oct 2026,9,927700691,927700691,9283,Outbound,Portabilidad Postpago,PROGRAMADO,Logixtal,5021,ABIERTAS,Pendiente Entrega,Pendiente Entrega,NET_GVELASQUEZA,SIM,3 oct 2026,null,null,No,ABIERTAS,null,Multilínea,Mono_item,Piura,null,null,null,null,09:00 - 19:00,En Progreso,Punto de No Retorno,null,SECHURA
Netcall,3 oct 2026,9,928029009,928029009Empty,9265,Outbound,Portabilidad Postpago,RETIRO EN TIENDA,Retiro en tienda,3130,ABIERTAS,Pendiente Entrega,Pendiente Entrega,NET_AYMESTAN,SIM,3 oct 2026,null,null,No,ABIERTAS,null,Monolínea,Mono_item,Junin,null,null,null,null,09:00 - 21:00,En Progreso,En Progreso,null,null
Netcall,3 oct 2026,13,928115075,928115075Empty,9271,Outbound,Portabilidad Postpago,RETIRO EN TIENDA,Retiro en tienda,3130,ABIERTAS,Pendiente Entrega,Pendiente Entrega,NET_EPARDOG,SIM,3 oct 2026,null,null,No,ABIERTAS,null,Monolínea,Mono_item,Junin,null,null,null,null,09:00 - 21:00,En Progreso,En Progreso,null,null
Netcall,1 oct 2026,9,927240985,9272409858285372488366,9265,Outbound,Portabilidad Postpago,RETIRO EN TIENDA,Retiro en tienda,3130,ABIERTAS,Pendiente Entrega,Pendiente Entrega,NET_AYMESTAN,SIM,1 oct 2026,null,null,No,ABIERTAS,null,Monolínea,Mono_item,Junin,null,null,Power ilim 79.90 SD N,AmericaMovil,09:00 - 21:00,En Progreso,En Progreso,Desconocido,null
Netcall,1 oct 2026,16,927365233,9273652338286530060890,9283,Outbound,Portabilidad Postpago,RETIRO EN TIENDA,Retiro en tienda,3130,ABIERTAS,Pendiente Entrega,Pendiente Entrega,NET_CALVANC,SIM,1 oct 2026,null,null,No,ABIERTAS,null,Monolínea,Mono_item,Junin,null,null,Power ilim 79.90 SD N,Viettel Peru,09:00 - 21:00,En Progreso,En Progreso,Desconocido,null
Netcall,2 oct 2026,18,927884222,927884222,9283,Outbound,Portabilidad Postpago,RETIRO EN TIENDA,Retiro en tienda,3130,ABIERTAS,Pendiente Entrega,Pendiente Entrega,TLV_NET_DVALOI,SIM,2 oct 2026,null,null,No,ABIERTAS,null,Monolínea,Mono_item,Junin,null,null,null,null,09:00 - 21:00,En Progreso,En Progreso,null,null
Netcall,2 oct 2026,14,927796899,927796899,9271,Outbound,Portabilidad Postpago,EXPRESS,Logixtal,9342,ABIERTAS,Pendiente Entrega,Pendiente Entrega,NET_STANANTAM,SIM,2 oct 2026,null,null,No,ABIERTAS,null,Multilínea,Mono_item,Lima - Callao,null,null,null,null,08:00 - 20:00,En Progreso,Punto de No Retorno,null,SANTIAGO DE SURCO
Netcall,1 oct 2026,9,927226489,9272264898285274834969,9283,Outbound,Portabilidad Postpago,EXPRESS,Logixtal,9342,CERRADAS,Entregado,Entregado,NET_YMILLA,SIM,1 oct 2026,1 oct 2026,null,No,CERRADAS,2026-10-02 02:04:10,Multilínea,Multi_item,Lima - Callao,null,Power ilim 79.90 SD N,Power ilim 79.90 SD N,AmericaMovil,10:00 - 22:00,Cerrado,Resuelto,Desconocido,SANTIAGO DE SURCO
Netcall,3 oct 2026,7,927997285,92799728589511710121083466412,9283,Outbound,Portabilidad Postpago,EXPRESS,Logixtal,9342,ABIERTAS,Entregado,Entregado,NET_SLAZOB,SIM,3 oct 2026,null,null,No,ABIERTAS,null,Multilínea,Mono_item,Lima - Callao,null,null,null,null,10:00 - 22:00,En Progreso,Pago Recibido,null,null
Netcall,1 oct 2026,15,927342407,9273424078286298218043,9283,Outbound,Portabilidad Postpago,EXPRESS,Logixtal,9342,CANCELADAS,Entregado,Entregado,NET_MLFERNANDEV,SIM,1 oct 2026,1 oct 2026,null,No,CANCELADAS,2026-10-01 22:00:36,Monolínea,Mono_item,Lima - Callao,null,null,Power ilim 79.90 SD N,AmericaMovil,10:00 - 22:00,Cancelado,Pedido Cancelación,Portabilidad Rechazada. REC01PRT09: El abonado tiene deuda exigible | paymentDueDate=2026-09-29|portabilityOperDateActive=2024-02-21|amount=64|units=01,SANTIAGO DE SURCO
Netcall,1 oct 2026,10,927262544,9272625448285564405222,9283,Outbound,Portabilidad Postpago,EXPRESS,Logixtal,9342,CERRADAS,Entregado,Entregado,NET_YMILLA,SIM,1 oct 2026,1 oct 2026,null,No,CERRADAS,2026-10-02 01:36:27,Multilínea,Mono_item,Lima - Callao,null,Power ilim 79.90 SD N,Power ilim 79.90 SD N,AmericaMovil,10:00 - 22:00,Cerrado,Resuelto,Desconocido,SANTIAGO DE SURCO
Netcall,3 oct 2026,11,928072033,92807203389511710121083397088,9283,Outbound,Portabilidad Postpago,EXPRESS,Logixtal,9342,ABIERTAS,Entregado,Entregado,NET_LLOPEZM,SIM,3 oct 2026,null,null,No,ABIERTAS,null,Multilínea,Mono_item,Lima - Callao,null,null,null,null,10:00 - 22:00,En Progreso,Pago Recibido,null,null
Netcall,1 oct 2026,15,927346432,9273464328286345553616,9283,Outbound,Portabilidad Postpago,EXPRESS,Logixtal,9342,CERRADAS,Entregado,Entregado,TLV_NET_CSILVAP,SIM,1 oct 2026,1 oct 2026,null,No,CERRADAS,2026-10-02 00:53:11,Multilínea,Mono_item,Lima - Callao,null,Power ilim 69.90 N,Power ilim 69.90 N,TELEFONICAPE,10:00 - 22:00,Cerrado,Resuelto,Desconocido,SANTIAGO DE SURCO
Netcall,1 oct 2026,9,927226489,9272264898285272492186,9283,Outbound,Portabilidad Postpago,EXPRESS,Logixtal,9342,CERRADAS,Entregado,Entregado,NET_YMILLA,SIM,1 oct 2026,1 oct 2026,null,No,CERRADAS,2026-10-02 02:04:10,Multilínea,Multi_item,Lima - Callao,null,Power ilim 79.90 SD N,Power ilim 79.90 SD N,AmericaMovil,10:00 - 22:00,Cerrado,Resuelto,Desconocido,SANTIAGO DE SURCO
Netcall,2 oct 2026,15,927816820,927816820,9283,Outbound,Portabilidad Postpago,EXPRESS,Logixtal,9342,CERRADAS,Entregado,Entregado,NET_TMUNOZCALDE,SIM,2 oct 2026,2 oct 2026,null,No,CERRADAS,2026-10-03 00:41:11,Multilínea,Mono_item,Lima - Callao,null,Power ilim 79.90 SD N,null,null,10:00 - 22:00,Cerrado,Resuelto,null,SANTIAGO DE SURCO
Netcall,2 oct 2026,14,927798778,927798778,9271,Outbound,Portabilidad Postpago,EXPRESS,Logixtal,9342,ABIERTAS,Pendiente Entrega,Pendiente Entrega,NET_STANANTAM,SIM,2 oct 2026,null,null,No,ABIERTAS,null,Multilínea,Mono_item,Lima - Callao,null,null,null,null,08:00 - 20:00,En Progreso,Punto de No Retorno,null,SANTIAGO DE SURCO
Netcall,1 oct 2026,11,927267404,9272674048285597922219,9283,Outbound,Portabilidad Postpago,EXPRESS,Logixtal,9342,CERRADAS,Entregado,Entregado,NET_SMENDOZAV,SIM,1 oct 2026,1 oct 2026,null,No,CERRADAS,2026-10-02 03:43:28,Monolínea,Mono_item,Lima - Callao,null,Power ilim 69.90 N,Power ilim 69.90 N,TELEFONICAPE,10:00 - 22:00,Cerrado,Resuelto,Desconocido,SANTIAGO DE SURCO
Netcall,2 oct 2026,11,927743613,927743613,9283,Outbound,Portabilidad Postpago,EXPRESS,Logixtal,9342,CERRADAS,Entregado,Entregado,TLV_NET_LVILLLA,SIM,2 oct 2026,2 oct 2026,null,No,CERRADAS,2026-10-03 01:35:10,Monolínea,Mono_item,Lima - Callao,null,Power ilim 79.90 SD N,null,null,10:00 - 22:00,Cerrado,Resuelto,null,SANTIAGO DE SURCO
Netcall,2 oct 2026,9,927697427,927697427,9283,Outbound,Portabilidad Postpago,EXPRESS,Logixtal,9342,CERRADAS,Entregado,Entregado,NET_PHUAMANM,SIM,2 oct 2026,2 oct 2026,null,No,CERRADAS,2026-10-03 00:55:44,Monolínea,Mono_item,Lima - Callao,null,Power ilim 79.90 SD N,null,null,10:00 - 22:00,Cerrado,Resuelto,null,SANTIAGO DE SURCO
Netcall,1 oct 2026,14,927329231,9273292318286176090757,9283,Outbound,Portabilidad Postpago,PROGRAMADO,Logixtal,9342,CERRADAS,Entregado,Entregado,NET_ARIVERA,SIM,2 oct 2026,2 oct 2026,null,No,CERRADAS,2026-10-03 01:38:44,Monolínea,Mono_item,Lima - Callao,null,Power ilim 79.90 SD N,Power ilim 79.90 SD N,AmericaMovil,08:00 - 13:00,Cerrado,Resuelto,Desconocido,SANTIAGO DE SURCO
Netcall,1 oct 2026,15,927354021,9273540218286412347249,9283,Outbound,Venta Regular / Alta,EXPRESS,Logixtal,9342,CERRADAS,Entregado,Entregado,NET_JCHAVEZC,SIM,1 oct 2026,1 oct 2026,01/10/2026,Sí,CERRADAS,2026-10-01 20:36:10,Monolínea,Mono_item,Lima - Callao,39.9,Power 39.90 N,Power 39.90 N,Desconocido,10:00 - 22:00,Cerrado,Resuelto,Desconocido,SANTIAGO DE SURCO
Netcall,1 oct 2026,13,927312163,9273121638286013002550,9283,Outbound,Venta Regular / Alta,EXPRESS,Logixtal,9342,CANCELADAS,Cancelado,CANCELADA EN OMNIX,NET_MMREVILLA,SIM,1 oct 2026,null,null,No,CANCELADAS,2026-10-01 13:18:14,Monolínea,Mono_item,Lima - Callao,null,null,Power 49.90 N,Desconocido,10:00 - 22:00,Cancelado,Rechazado,Desconocido,SANTIAGO DE SURCO
Netcall,3 oct 2026,7,927996038,92799603889511710121083466420,9283,Outbound,Portabilidad Postpago,EXPRESS,Logixtal,9342,ABIERTAS,Entregado,Entregado,NET_SLAZOB,SIM,3 oct 2026,null,null,No,ABIERTAS,null,Multilínea,Mono_item,Lima - Callao,null,null,null,null,10:00 - 22:00,En Progreso,Pago Recibido,null,null
Netcall,1 oct 2026,10,927265868,9272658688285589481098,9259,Outbound,Portabilidad Postpago,EXPRESS,Logixtal,9342,CERRADAS,Entregado,Entregado,NET_MDIAZJ,SIM,1 oct 2026,1 oct 2026,null,No,CERRADAS,2026-10-02 01:24:16,Multilínea,Mono_item,Lima - Callao,null,Power ilim 79.90 SD N,Power ilim 79.90 SD N,AmericaMovil,10:00 - 22:00,Cerrado,Resuelto,Desconocido,SANTIAGO DE SURCO
Netcall,2 oct 2026,15,927818536,927818536,9283,Outbound,Portabilidad Postpago,EXPRESS,Logixtal,9342,CERRADAS,Entregado,Entregado,NET_TMUNOZCALDE,SIM,2 oct 2026,2 oct 2026,null,No,CERRADAS,2026-10-03 00:34:00,Multilínea,Mono_item,Lima - Callao,null,Power ilim 79.90 SD N,null,null,10:00 - 22:00,Cerrado,Resuelto,null,SANTIAGO DE SURCO
Netcall,2 oct 2026,11,927747003,927747003,9283,Outbound,Portabilidad Postpago,EXPRESS,Logixtal,9342,CANCELADAS,Entregado,Entregado,NET_JMINIANOR,SIM,2 oct 2026,2 oct 2026,null,No,CANCELADAS,2026-10-02 22:00:28,Monolínea,Mono_item,Lima - Callao,null,null,null,null,10:00 - 22:00,Cancelado,Pedido Cancelación,null,SANTIAGO DE SURCO
Netcall,2 oct 2026,7,927623816,927623816,9283,Outbound,Venta Regular / Alta,EXPRESS,Logixtal,9342,CANCELADAS,Anulado,CLIENTE DESISTE - INFORMACIÓN INCORRECTA,NET_MMREVILLA,SIM,2 oct 2026,null,null,No,CANCELADAS,2026-10-02 11:24:04,Monolínea,Mono_item,Lima - Callao,null,null,null,null,10:00 - 22:00,Cancelado,Rechazado,null,SANTIAGO DE SURCO
Netcall,1 oct 2026,11,927274489,9272744898285659296912,9259,Outbound,Portabilidad Postpago,EXPRESS,Logixtal,9342,CERRADAS,Entregado,Entregado,NET_MDIAZJ,SIM,1 oct 2026,1 oct 2026,null,No,CERRADAS,2026-10-02 02:01:55,Multilínea,Mono_item,Lima - Callao,null,Power ilim 79.90 SD N,Power ilim 79.90 SD N,AmericaMovil,10:00 - 22:00,Cerrado,Resuelto,Desconocido,SANTIAGO DE SURCO
Netcall,1 oct 2026,11,927269466,9272694668285615473396,9259,Outbound,Portabilidad Postpago,EXPRESS,Logixtal,9342,CERRADAS,Entregado,Entregado,NET_MDIAZJ,SIM,1 oct 2026,1 oct 2026,null,No,CERRADAS,2026-10-02 00:42:47,Multilínea,Mono_item,Lima - Callao,null,Power ilim 79.90 SD N,Power ilim 79.90 SD N,AmericaMovil,10:00 - 22:00,Cerrado,Resuelto,Desconocido,SANTIAGO DE SURCO
Netcall,1 oct 2026,11,927268009,9272680098285604626629,9259,Outbound,Portabilidad Postpago,EXPRESS,Logixtal,9342,CERRADAS,Entregado,Entregado,NET_MDIAZJ,SIM,1 oct 2026,1 oct 2026,null,No,CERRADAS,2026-10-02 01:56:59,Multilínea,Mono_item,Lima - Callao,null,Power ilim 79.90 SD N,Power ilim 79.90 SD N,AmericaMovil,10:00 - 22:00,Cerrado,Resuelto,Desconocido,SANTIAGO DE SURCO
Netcall,3 oct 2026,9,928029890,92802989089511710121083398227,9283,Outbound,Portabilidad Postpago,EXPRESS,Logixtal,9342,ABIERTAS,Pendiente Entrega,Pendiente de Picking,NET_LRODRIGUEZC,SIM,3 oct 2026,null,null,No,ABIERTAS,null,Monolínea,Mono_item,Lima - Callao,null,null,null,null,10:00 - 22:00,En Progreso,Punto de No Retorno,null,null
Netcall,3 oct 2026,10,928047129,928047129Empty,9283,Outbound,Portabilidad Postpago,PROGRAMADO,Logixtal,9342,ABIERTAS,Pendiente Entrega,Pendiente de Picking,NET_PCHAVESTAY,SIM,5 oct 2026,null,null,No,ABIERTAS,null,Multilínea,Mono_item,Lima - Callao,null,null,null,null,08:00 - 13:00,En Progreso,En Progreso,null,null
Netcall,1 oct 2026,10,927258429,9272584298285523538386,9283,Outbound,Portabilidad Postpago,PROGRAMADO,Logixtal,9342,CERRADAS,Entregado,Entregado,NET_VJAUREGUIM,SIM,2 oct 2026,2 oct 2026,null,No,CERRADAS,2026-10-03 00:05:18,Multilínea,Mono_item,Lima - Callao,null,Power ilim 79.90 SD N,Power ilim 79.90 SD N,AmericaMovil,08:00 - 13:00,Cerrado,Resuelto,Desconocido,SANTIAGO DE SURCO
Netcall,1 oct 2026,10,927257045,9272570458285515236762,9283,Outbound,Portabilidad Postpago,PROGRAMADO,Logixtal,9342,CERRADAS,Entregado,Entregado,NET_VJAUREGUIM,SIM,2 oct 2026,2 oct 2026,null,No,CERRADAS,2026-10-03 00:07:42,Multilínea,Mono_item,Lima - Callao,null,Power ilim 79.90 SD N,Power ilim 79.90 SD N,AmericaMovil,08:00 - 13:00,Cerrado,Resuelto,Desconocido,SANTIAGO DE SURCO
Netcall,3 oct 2026,10,928048021,928048021Empty,9283,Outbound,Portabilidad Postpago,PROGRAMADO,Logixtal,9342,ABIERTAS,Pendiente Entrega,Pendiente de Picking,NET_PCHAVESTAY,SIM,5 oct 2026,null,null,No,ABIERTAS,null,Multilínea,Mono_item,Lima - Callao,null,null,null,null,08:00 - 13:00,En Progreso,En Progreso,null,null
Netcall,1 oct 2026,15,927345206,9273452068286328972529,9283,Outbound,Portabilidad Postpago,EXPRESS,Logixtal,9342,CERRADAS,Entregado,Entregado,TLV_NET_CSILVAP,SIM,1 oct 2026,1 oct 2026,null,No,CERRADAS,2026-10-02 01:55:12,Multilínea,Mono_item,Lima - Callao,null,Power ilim 69.90 N,Power ilim 69.90 N,TELEFONICAPE,10:00 - 22:00,Cerrado,Resuelto,Desconocido,SANTIAGO DE SURCO
Netcall,1 oct 2026,12,927305344,9273053448285942610747,9283,Outbound,Portabilidad Postpago,EXPRESS,Logixtal,9342,CERRADAS,Entregado,Entregado,NET_WBENITESA,SIM,1 oct 2026,1 oct 2026,null,No,CERRADAS,2026-10-02 00:54:31,Monolínea,Mono_item,Lima - Callao,null,Power ilim 69.90 N,Power ilim 69.90 N,TELEFONICAPE,10:00 - 22:00,Cerrado,Resuelto,Desconocido,SANTIAGO DE SURCO
Netcall,1 oct 2026,9,927229834,9272298348285282061395,9283,Outbound,Portabilidad Postpago,EXPRESS,Logixtal,9342,CANCELADAS,Anulado,CLIENTE DESISTE - INFORMACIÓN INCORRECTA,NET_YMILLA,SIM,1 oct 2026,null,null,No,CANCELADAS,2026-10-01 10:03:30,Multilínea,Multi_item,Lima - Callao,null,null,Power ilim 79.90 SD N,AmericaMovil,10:00 - 22:00,Cancelado,Rechazado,Desconocido,SANTIAGO DE SURCO
Netcall,2 oct 2026,9,927704640,927704640,9283,Outbound,Portabilidad Postpago,EXPRESS,Logixtal,9342,CERRADAS,Entregado,Entregado,NET_EJARANAA,SIM,2 oct 2026,2 oct 2026,null,No,CERRADAS,2026-10-03 00:11:13,Monolínea,Mono_item,Lima - Callao,null,Power ilim 69.90 N,null,null,10:00 - 22:00,Cerrado,Resuelto,null,SANTIAGO DE SURCO
Netcall,1 oct 2026,15,927347651,9273476518286352400994,9283,Outbound,Portabilidad Postpago,EXPRESS,Logixtal,9342,CERRADAS,Entregado,Entregado,TLV_NET_CSILVAP,SIM,1 oct 2026,1 oct 2026,null,No,CERRADAS,2026-10-02 00:52:30,Multilínea,Mono_item,Lima - Callao,null,Power ilim 69.90 N,Power ilim 69.90 N,TELEFONICAPE,10:00 - 22:00,Cerrado,Resuelto,Desconocido,SANTIAGO DE SURCO
Netcall,2 oct 2026,13,927781912,927781912,9283,Outbound,Portabilidad Postpago,EXPRESS,Logixtal,9342,CERRADAS,Entregado,Entregado,NET_DHUAYACGONZ,SIM,2 oct 2026,2 oct 2026,null,No,CERRADAS,2026-10-03 00:13:15,Monolínea,Mono_item,Lima - Callao,null,Power ilim 79.90 SD N,null,null,10:00 - 22:00,Cerrado,Resuelto,null,SANTIAGO DE SURCO
Netcall,2 oct 2026,15,927815974,927815974,9283,Outbound,Portabilidad Postpago,EXPRESS,Logixtal,9342,CERRADAS,Entregado,Entregado,NET_TMUNOZCALDE,SIM,2 oct 2026,2 oct 2026,null,No,CERRADAS,2026-10-03 03:03:47,Multilínea,Mono_item,Lima - Callao,null,Power ilim 79.90 SD N,null,null,10:00 - 22:00,Cerrado,Resuelto,null,SANTIAGO DE SURCO
Netcall,1 oct 2026,9,927229834,9272298348285282061612,9283,Outbound,Portabilidad Postpago,EXPRESS,Logixtal,9342,CANCELADAS,Anulado,CLIENTE DESISTE - INFORMACIÓN INCORRECTA,NET_YMILLA,SIM,1 oct 2026,null,null,No,CANCELADAS,2026-10-01 10:03:30,Multilínea,Multi_item,Lima - Callao,null,null,Power ilim 79.90 SD N,AmericaMovil,10:00 - 22:00,Cancelado,Rechazado,Desconocido,SANTIAGO DE SURCO
Netcall,2 oct 2026,13,927789964,927789964,9271,Outbound,Portabilidad Postpago,EXPRESS,Logixtal,9342,ABIERTAS,Pendiente Entrega,Pendiente Entrega,NET_BATOP,SIM,2 oct 2026,null,null,No,ABIERTAS,null,Monolínea,Mono_item,Lima - Callao,null,null,null,null,10:00 - 22:00,En Progreso,Punto de No Retorno,null,SANTIAGO DE SURCO
Netcall,3 oct 2026,11,928070646,92807064689511710121083397054,9283,Outbound,Portabilidad Postpago,EXPRESS,Logixtal,9342,ABIERTAS,Entregado,Entregado,NET_LLOPEZM,SIM,3 oct 2026,null,null,No,ABIERTAS,null,Multilínea,Mono_item,Lima - Callao,null,null,null,null,10:00 - 22:00,En Progreso,Pago Recibido,null,null
Netcall,1 oct 2026,12,927298153,9272981538285879640486,9283,Outbound,Portabilidad Postpago,EXPRESS,Logixtal,9342,CANCELADAS,Anulado,DIRECCIÓN ERRADA,NET_EHUANCAH,SIM,1 oct 2026,null,null,No,CANCELADAS,2026-10-01 13:37:31,Monolínea,Mono_item,Lima - Callao,null,null,Power ilim 79.90 SD N,AmericaMovil,10:00 - 22:00,Cancelado,Rechazado,Desconocido,SANTIAGO DE SURCO
Netcall,2 oct 2026,15,927817659,927817659,9283,Outbound,Portabilidad Postpago,EXPRESS,Logixtal,9342,CERRADAS,Entregado,Entregado,NET_TMUNOZCALDE,SIM,2 oct 2026,2 oct 2026,null,No,CERRADAS,2026-10-03 01:36:27,Multilínea,Mono_item,Lima - Callao,null,Power ilim 79.90 SD N,null,null,10:00 - 22:00,Cerrado,Resuelto,null,SANTIAGO DE SURCO
Netcall,1 oct 2026,12,927294487,927294487,9283,Outbound,Portabilidad Postpago,EXPRESS,Logixtal,9342,CERRADAS,Entregado,Entregado,NET_CULLOAC,SIM,1 oct 2026,1 oct 2026,null,No,CERRADAS,2026-10-02 00:35:47,Monolínea,Mono_item,Lima - Callao,null,Power ilim 69.90 N,null,null,10:00 - 22:00,Cerrado,Resuelto,null,SANTIAGO DE SURCO
Netcall,3 oct 2026,11,928068911,92806891189511710121083397062,9283,Outbound,Portabilidad Postpago,EXPRESS,Logixtal,9342,ABIERTAS,Entregado,Entregado,NET_LLOPEZM,SIM,3 oct 2026,null,null,No,ABIERTAS,null,Multilínea,Mono_item,Lima - Callao,null,null,null,null,10:00 - 22:00,En Progreso,Pago Recibido,null,null
Netcall,1 oct 2026,13,927309503,9273095038285994980879,9283,Outbound,Portabilidad Postpago,EXPRESS,Logixtal,9342,CERRADAS,Entregado,Entregado,NET_YMILLA,SIM,1 oct 2026,1 oct 2026,null,No,CERRADAS,2026-10-02 00:49:59,Multilínea,Mono_item,Lima - Callao,null,Power ilim 79.90 SD N,Power ilim 79.90 SD N,AmericaMovil,10:00 - 22:00,Cerrado,Resuelto,Desconocido,SANTIAGO DE SURCO
Netcall,2 oct 2026,17,927855262,927855262,9283,Outbound,Portabilidad Postpago,EXPRESS,Logixtal,9342,CERRADAS,Entregado,Entregado,NET_JCHAVEZC,SIM,2 oct 2026,2 oct 2026,null,No,CERRADAS,2026-10-03 02:04:52,Monolínea,Mono_item,Lima - Callao,null,Power ilim 69.90 N,null,null,10:00 - 22:00,Cerrado,Resuelto,null,SANTIAGO DE SURCO
Netcall,1 oct 2026,12,927291467,9272914678285810450020,9283,Outbound,Portabilidad Postpago,EXPRESS,Logixtal,9343,CERRADAS,Entregado,Entregado,NET_BZUASNABARF,SIM,1 oct 2026,1 oct 2026,null,No,CERRADAS,2026-10-02 01:38:42,Monolínea,Mono_item,Cusco,null,Power ilim 69.90 N,Power ilim 69.90 N,TELEFONICAPE,10:00 - 20:00,Cerrado,Resuelto,Desconocido,SANTIAGO
Netcall,1 oct 2026,12,927302528,9273025288285916236215,9283,Outbound,Portabilidad Postpago,EXPRESS,Logixtal,9343,CANCELADAS,Anulado,CLIENTE NO DESEA EN CONTACTO PREVIO,NET_LLOBATONV,SIM,1 oct 2026,null,null,No,CANCELADAS,2026-10-01 15:23:29,Monolínea,Mono_item,Cusco,null,null,Power ilim 79.90 SD N,AmericaMovil,10:00 - 20:00,Cancelado,Rechazado,Desconocido,SANTIAGO
Netcall,2 oct 2026,9,927708174,927708174,9271,Outbound,Portabilidad Postpago,EXPRESS,Logixtal,9343,ABIERTAS,Pendiente Entrega,Pendiente Entrega,NET_GHUANCASS,SIM,2 oct 2026,null,null,No,ABIERTAS,null,Monolínea,Mono_item,Cusco,null,null,null,null,10:00 - 20:00,En Progreso,Punto de No Retorno,null,SANTIAGO
Netcall,1 oct 2026,12,927299755,9272997558285890939339,9283,Outbound,Portabilidad Postpago,PROGRAMADO,Logixtal,9001,CERRADAS,Entregado,Entregado,NET_YACHOM,SIM,2 oct 2026,2 oct 2026,null,No,CERRADAS,2026-10-03 00:21:18,Monolínea,Mono_item,Lima - Callao,null,Power ilim 69.90 N,Power ilim 69.90 N,AmericaMovil,09:00 - 20:00,Cerrado,Resuelto,Desconocido,SANTA ROSA
Netcall,2 oct 2026,11,927754968,927754968,9283,Outbound,Portabilidad Postpago,EXPRESS,Logixtal,9001,CANCELADAS,Anulado,PIN-PORTA NO LLEGA SMS,NET_AARANAS,SIM,2 oct 2026,null,null,No,CANCELADAS,2026-10-02 13:28:45,Monolínea,Mono_item,Lima - Callao,null,null,null,null,10:00 - 22:00,Cancelado,Rechazado,null,SANTA ANITA
Netcall,2 oct 2026,12,927767022,927767022,9283,Outbound,Portabilidad Postpago,EXPRESS,Logixtal,9001,CERRADAS,Entregado,Entregado,NET_YCASTILLOO,SIM,2 oct 2026,2 oct 2026,null,No,CERRADAS,2026-10-03 00:14:48,Monolínea,Mono_item,Lima - Callao,null,Power ilim 69.90 N,null,null,10:00 - 22:00,Cerrado,Resuelto,null,SANTA ANITA
Netcall,1 oct 2026,17,927390023,9273900238286774821166,9283,Outbound,Portabilidad Postpago,EXPRESS,Logixtal,9001,CERRADAS,Entregado,Entregado,TLV_NET_DBARTET,SIM,1 oct 2026,1 oct 2026,null,No,CERRADAS,2026-10-02 01:07:46,Multilínea,Mono_item,Lima - Callao,null,Power ilim 79.90 SD N,Power ilim 79.90 SD N,AmericaMovil,10:00 - 22:00,Cerrado,Resuelto,Desconocido,SANTA ANITA
Netcall,3 oct 2026,11,928074448,92807444889511710111087046575,9283,Outbound,Portabilidad Postpago,EXPRESS,Logixtal,9001,CANCELADAS,Pendiente Entrega,Pendiente de Picking,NET_PBCGOMEZ,SIM,3 oct 2026,null,null,No,CANCELADAS,2026-10-03 12:17:43,Monolínea,Mono_item,Lima - Callao,null,null,null,null,10:00 - 22:00,Cancelado,Rechazado,null,null
Netcall,2 oct 2026,11,927758358,927758358,9283,Outbound,Portabilidad Postpago,EXPRESS,Logixtal,9001,CERRADAS,Entregado,Entregado,NET_JCHAVEZC,SIM,2 oct 2026,2 oct 2026,null,No,CERRADAS,2026-10-03 00:19:54,Monolínea,Mono_item,Lima - Callao,null,Power ilim 69.90 N,null,null,10:00 - 22:00,Cerrado,Resuelto,null,SANTA ANITA
Netcall,2 oct 2026,15,927828083,927828083,9283,Outbound,Portabilidad Postpago,PROGRAMADO,Logixtal,9001,ABIERTAS,Pendiente Entrega,Pendiente Entrega,NET_CCONDEM,SIM,3 oct 2026,null,null,No,ABIERTAS,null,Multilínea,Mono_item,Lima - Callao,null,null,null,null,13:01 - 22:00,En Progreso,Punto de No Retorno,null,SANTA ANITA
Netcall,1 oct 2026,18,927397738,9273977388286847790872,9283,Outbound,Portabilidad Postpago,PROGRAMADO,Logixtal,9001,CERRADAS,Entregado,Entregado,NET_ECARRETEROH,SIM,2 oct 2026,2 oct 2026,null,No,CERRADAS,2026-10-03 00:44:23,Multilínea,Mono_item,Lima - Callao,null,Power ilim 79.90 SD N,Power ilim 79.90 SD N,TELEFONICAPE,08:00 - 13:00,Cerrado,Resuelto,Desconocido,SANTA ANITA
Netcall,1 oct 2026,17,927385677,9273856778286728987668,9283,Outbound,Portabilidad Postpago,EXPRESS,Logixtal,9001,CERRADAS,Entregado,Entregado,TLV_NET_DBARTET,SIM,1 oct 2026,1 oct 2026,null,No,CERRADAS,2026-10-02 01:50:36,Multilínea,Mono_item,Lima - Callao,null,Power ilim 79.90 SD N,Power ilim 79.90 SD N,AmericaMovil,10:00 - 22:00,Cerrado,Resuelto,Desconocido,SANTA ANITA
Netcall,1 oct 2026,17,927387474,9273874748286751460659,9283,Outbound,Venta Regular / Alta,EXPRESS,Logixtal,9001,CERRADAS,Entregado,Entregado,TLV_NET_DBARTET,SIM,1 oct 2026,1 oct 2026,01/10/2026,Sí,CERRADAS,2026-10-01 20:15:20,Multilínea,Mono_item,Lima - Callao,39.95,Power ilim 79.90 SD N,Power ilim 79.90 SD N,Desconocido,10:00 - 22:00,Cerrado,Resuelto,Desconocido,SANTA ANITA
Netcall,3 oct 2026,9,928037195,92803719589511710121083422795,9271,Outbound,Portabilidad Postpago,EXPRESS,Logixtal,9001,ABIERTAS,Entregado,Entregado,NET_GHUAMANT,SIM,3 oct 2026,null,null,No,ABIERTAS,null,Multilínea,Mono_item,Lima - Callao,null,null,null,null,10:00 - 22:00,En Progreso,Pago Recibido,null,null
Netcall,3 oct 2026,10,928041987,92804198789511710101081537653,9283,Outbound,Portabilidad Postpago,EXPRESS,Logixtal,9001,ABIERTAS,Entregado,Entregado,NET_YCHAVEZ,SIM,3 oct 2026,null,null,No,ABIERTAS,null,Monolínea,Mono_item,Lima - Callao,null,null,null,null,10:00 - 22:00,En Progreso,Punto de No Retorno,null,null
Netcall,3 oct 2026,13,928112988,92811298889511710101081431337,9271,Outbound,Portabilidad Postpago,EXPRESS,Logixtal,9001,ABIERTAS,Entregado,Entregado,NET_FCASTILLOG,SIM,3 oct 2026,null,null,No,ABIERTAS,null,Multilínea,Mono_item,Lima - Callao,null,null,null,null,10:00 - 22:00,En Progreso,Punto de No Retorno,null,null
Netcall,3 oct 2026,13,928111252,92811125289511710111087046542,9271,Outbound,Portabilidad Postpago,EXPRESS,Logixtal,9001,ABIERTAS,Entregado,Entregado,NET_FCASTILLOG,SIM,3 oct 2026,null,null,No,ABIERTAS,null,Multilínea,Mono_item,Lima - Callao,null,null,null,null,10:00 - 22:00,En Progreso,Punto de No Retorno,null,null
Netcall,3 oct 2026,9,928038358,92803835889511710111087046724,9271,Outbound,Portabilidad Postpago,EXPRESS,Logixtal,9001,ABIERTAS,Entregado,Entregado,NET_GHUAMANT,SIM,3 oct 2026,null,null,No,ABIERTAS,null,Multilínea,Mono_item,Lima - Callao,null,null,null,null,10:00 - 22:00,En Progreso,Punto de No Retorno,null,null
Netcall,3 oct 2026,10,928052374,92805237489511710101081537521,9283,Outbound,Venta Regular / Alta,EXPRESS,Logixtal,9001,CANCELADAS,Pendiente Entrega,Pendiente de Picking,NET_GBUITRONL,SIM,3 oct 2026,null,null,No,CANCELADAS,2026-10-03 12:41:44,Monolínea,Mono_item,Lima - Callao,null,null,null,null,10:00 - 22:00,Cancelado,Rechazado,null,null
Netcall,1 oct 2026,18,927398650,927398650,9283,Outbound,Portabilidad Postpago,EXPRESS,Logixtal,9001,CERRADAS,Entregado,Entregado,NET_ECARRETEROH,SIM,1 oct 2026,1 oct 2026,null,No,CERRADAS,2026-10-02 00:22:52,Multilínea,Mono_item,Lima - Callao,null,Power ilim 79.90 SD N,null,null,10:00 - 22:00,Cerrado,Resuelto,null,SANTA ANITA
Netcall,1 oct 2026,18,927398330,9273983308286857291504,9283,Outbound,Portabilidad Postpago,EXPRESS,Logixtal,9001,CANCELADAS,Anulado,PIN-PORTA NO LLEGA SMS,NET_AARANAS,SIM,1 oct 2026,null,null,No,CANCELADAS,2026-10-01 19:16:35,Monolínea,Mono_item,Lima - Callao,null,null,Power ilim 69.90 N,Viettel Peru,10:00 - 22:00,Cancelado,Rechazado,Desconocido,SANTA ANITA
Netcall,1 oct 2026,10,927247243,927247243,9283,Outbound,Portabilidad Postpago,EXPRESS,Logixtal,9001,CERRADAS,Entregado,Entregado,NET_MCVASQUEZ,SIM,1 oct 2026,1 oct 2026,null,No,CERRADAS,2026-10-02 00:08:56,Monolínea,Mono_item,Lima - Callao,null,Power ilim 69.90 N,null,null,10:00 - 22:00,Cerrado,Resuelto,null,SANTA ANITA
Netcall,1 oct 2026,13,927318808,9273188088286077268651,9283,Outbound,Portabilidad Postpago,EXPRESS,Logixtal,9001,CERRADAS,Entregado,Entregado,NET_BAPAZAB,SIM,1 oct 2026,1 oct 2026,null,No,CERRADAS,2026-10-02 01:46:28,Monolínea,Mono_item,Lima - Callao,null,Power ilim 69.90 N,Power ilim 69.90 N,TELEFONICAPE,10:00 - 22:00,Cerrado,Resuelto,Desconocido,SANTA ANITA
Netcall,2 oct 2026,15,927826335,927826335,9283,Outbound,Portabilidad Postpago,PROGRAMADO,Logixtal,9001,ABIERTAS,Pendiente Entrega,Pendiente Entrega,NET_CCONDEM,SIM,3 oct 2026,null,null,No,ABIERTAS,null,Multilínea,Mono_item,Lima - Callao,null,null,null,null,13:01 - 22:00,En Progreso,Punto de No Retorno,null,SANTA ANITA
Netcall,2 oct 2026,14,927803055,927803055,9283,Outbound,Portabilidad Postpago,EXPRESS,Logixtal,9001,CERRADAS,Entregado,Entregado,TLV_NET_MLANDAR,SIM,2 oct 2026,2 oct 2026,null,No,CERRADAS,2026-10-03 00:55:04,Monolínea,Mono_item,Lima - Callao,null,Power ilim 69.90 N,null,null,10:00 - 22:00,Cerrado,Resuelto,null,SANTA ANITA
Netcall,3 oct 2026,6,927981790,927981790Empty,9283,Outbound,Portabilidad Postpago,RETIRO EN TIENDA,Retiro en tienda,3205,ABIERTAS,Pendiente Entrega,Pendiente Entrega,NET_KDIAZPISCOY,SIM,3 oct 2026,null,null,No,ABIERTAS,null,Multilínea,Mono_item,Ancash,null,null,null,null,09:00 - 21:00,En Progreso,Pago Recibido,null,null
Netcall,1 oct 2026,18,927408341,9274083418286950622924,9283,Outbound,Portabilidad Postpago,RETIRO EN TIENDA,Retiro en tienda,1004,CERRADAS,Entregado,Entregado,NET_GGALLARDAYA,SIM,1 oct 2026,1 oct 2026,null,No,CERRADAS,2026-10-02 00:58:24,Multilínea,Mono_item,Ancash,null,Power ilim 79.90 SD N,Power ilim 79.90 SD N,AmericaMovil,09:00 - 21:00,Cerrado,Resuelto,Desconocido,null
Netcall,2 oct 2026,12,927768195,927768195,9283,Outbound,Portabilidad Postpago,RETIRO EN TIENDA,Retiro en tienda,3205,CERRADAS,Entregado,Entregado,NET_ETORRE,SIM,2 oct 2026,2 oct 2026,null,No,CERRADAS,2026-10-03 01:04:12,Multilínea,Mono_item,Ancash,null,Power ilim 79.90 SD N,null,null,09:00 - 21:00,Cerrado,Resuelto,null,null
Netcall,3 oct 2026,6,927981942,927981942Empty,9283,Outbound,Portabilidad Postpago,RETIRO EN TIENDA,Retiro en tienda,3205,ABIERTAS,Pendiente Entrega,Pendiente Entrega,NET_KDIAZPISCOY,SIM,3 oct 2026,null,null,No,ABIERTAS,null,Multilínea,Mono_item,Ancash,null,null,null,null,09:00 - 21:00,En Progreso,Pago Recibido,null,null
Netcall,3 oct 2026,6,927982133,927982133Empty,9283,Outbound,Venta Regular / Alta,RETIRO EN TIENDA,Retiro en tienda,3205,CERRADAS,Entregado,Entregado,NET_KDIAZPISCOY,SIM,3 oct 2026,3 oct 2026,null,No,CERRADAS,2026-10-03 10:23:17,Multilínea,Mono_item,Ancash,null,Power ilim 79.90 SD N,null,null,09:00 - 21:00,Cerrado,Resuelto,null,null
Netcall,2 oct 2026,12,927766675,927766675,9283,Outbound,Portabilidad Postpago,RETIRO EN TIENDA,Retiro en tienda,3205,CERRADAS,Entregado,Entregado,NET_ETORRE,SIM,2 oct 2026,2 oct 2026,null,No,CERRADAS,2026-10-03 01:34:50,Multilínea,Mono_item,Ancash,null,Power ilim 79.90 SD N,null,null,09:00 - 21:00,Cerrado,Resuelto,null,null
Netcall,1 oct 2026,13,927310212,9273102128285998710195,9283,Outbound,Portabilidad Postpago,RETIRO EN TIENDA,Retiro en tienda,3205,ABIERTAS,Pendiente Entrega,Pendiente Entrega,NET_RNUNEZH,SIM,1 oct 2026,null,null,No,ABIERTAS,null,Monolínea,Mono_item,Ancash,null,null,Power ilim 69.90 N,Viettel Peru,09:00 - 21:00,En Progreso,En Progreso,Desconocido,null
Netcall,3 oct 2026,6,927982053,927982053Empty,9283,Outbound,Portabilidad Postpago,RETIRO EN TIENDA,Retiro en tienda,3205,ABIERTAS,Pendiente Entrega,Pendiente Entrega,NET_KDIAZPISCOY,SIM,3 oct 2026,null,null,No,ABIERTAS,null,Multilínea,Mono_item,Ancash,null,null,null,null,09:00 - 21:00,En Progreso,Pago Recibido,null,null
Netcall,1 oct 2026,9,927244549,9272445498285410368830,9283,Outbound,Portabilidad Postpago,RETIRO EN TIENDA,Retiro en tienda,8056,CERRADAS,Entregado,Entregado,NET_LCAMPOSCABR,SIM,1 oct 2026,1 oct 2026,null,No,CERRADAS,2026-10-02 00:58:12,Monolínea,Mono_item,Ancash,null,Power ilim 69.90 N,Power ilim 69.90 N,Viettel Peru,09:00 - 21:00,Cerrado,Resuelto,Desconocido,null
Netcall,2 oct 2026,4,927594555,927594555,9283,Outbound,Portabilidad Postpago,RETIRO EN TIENDA,Retiro en tienda,1004,ABIERTAS,Pendiente Entrega,Pendiente Entrega,NET_JMENDOZAN,SIM,2 oct 2026,null,null,No,ABIERTAS,null,Monolínea,Mono_item,Ancash,null,null,null,null,09:00 - 21:00,En Progreso,En Progreso,null,null
Netcall,1 oct 2026,10,927265036,9272650368285582033304,9283,Outbound,Portabilidad Postpago,RETIRO EN TIENDA,Retiro en tienda,1004,CERRADAS,Entregado,Entregado,TLV_NET_JSOTOZ,SIM,1 oct 2026,1 oct 2026,null,No,CERRADAS,2026-10-02 01:10:55,Monolínea,Mono_item,Ancash,null,Power ilim 69.90 N,Power ilim 69.90 N,TELEFONICAPE,09:00 - 21:00,Cerrado,Resuelto,Desconocido,null
Netcall,2 oct 2026,10,927730576,927730576,9283,Outbound,Portabilidad Postpago,RETIRO EN TIENDA,Retiro en tienda,2112,ABIERTAS,Pendiente Entrega,Pendiente Entrega,NET_LMALDONADOC,SIM,2 oct 2026,null,null,No,ABIERTAS,null,Monolínea,Mono_item,La Libertad,null,null,null,null,09:00 - 21:00,En Progreso,En Progreso,null,null
Netcall,1 oct 2026,13,927315811,9273158118286055006255,5299,Outbound,Portabilidad Postpago,PROGRAMADO,Logixtal,9001,CERRADAS,Entregado,Entregado,NET_MCORDOVACRU,SIM,2 oct 2026,2 oct 2026,null,No,CERRADAS,2026-10-03 01:23:03,Multilínea,Multi_item,Lima - Callao,null,Power ilim 79.90 SD N,Power ilim 79.90 SD N,AmericaMovil,09:00 - 20:00,Cerrado,Resuelto,Desconocido,SAN VICENTE DE CAÑETE
Netcall,1 oct 2026,15,927354473,9273544738286424494754,9283,Outbound,Portabilidad Postpago,PROGRAMADO,Logixtal,9001,CERRADAS,Entregado,Entregado,NET_ANCASTROR,SIM,2 oct 2026,2 oct 2026,null,No,CERRADAS,2026-10-03 01:19:00,Monolínea,Mono_item,Lima - Callao,null,Power ilim 69.90 N,Power ilim 69.90 N,TELEFONICAPE,09:00 - 20:00,Cerrado,Resuelto,Desconocido,SAN VICENTE DE CAÑETE
Netcall,3 oct 2026,10,928042371,928042371Empty,9283,Outbound,Portabilidad Postpago,PROGRAMADO,Logixtal,9001,ABIERTAS,Pendiente Entrega,Pendiente de Picking,NET_KORTIZD,SIM,5 oct 2026,null,null,No,ABIERTAS,null,Monolínea,Mono_item,Lima - Callao,null,null,null,null,09:00 - 20:00,En Progreso,En Progreso,null,null
Netcall,1 oct 2026,10,927257915,9272579158285521565148,9283,Outbound,Portabilidad Postpago,PROGRAMADO,Logixtal,9001,CANCELADAS,Entregado,Entregado,NET_TBECERRAC,SIM,2 oct 2026,2 oct 2026,null,No,CANCELADAS,2026-10-02 22:00:29,Monolínea,Mono_item,Lima - Callao,null,null,Power ilim 79.90 SD N,TELEFONICAPE,09:00 - 20:00,Cancelado,Pedido Cancelación,Desconocido,SAN VICENTE DE CAÑETE
Netcall,1 oct 2026,13,927315811,9273158118286055006020,5299,Outbound,Portabilidad Postpago,PROGRAMADO,Logixtal,9001,CERRADAS,Entregado,Entregado,NET_MCORDOVACRU,SIM,2 oct 2026,2 oct 2026,null,No,CERRADAS,2026-10-03 01:23:03,Multilínea,Multi_item,Lima - Callao,null,Power ilim 79.90 SD N,Power ilim 79.90 SD N,AmericaMovil,09:00 - 20:00,Cerrado,Resuelto,Desconocido,SAN VICENTE DE CAÑETE
Netcall,1 oct 2026,11,927284690,9272846908285745555875,9283,Outbound,Portabilidad Postpago,PROGRAMADO,Logixtal,9001,ABIERTAS,Pendiente Entrega,Pendiente Entrega,NET_CLARIOSJ,SIM,2 oct 2026,null,null,No,ABIERTAS,null,Monolínea,Mono_item,Lima - Callao,null,null,Power ilim 79.90 SD N,AmericaMovil,08:00 - 20:00,En Progreso,Punto de No Retorno,Desconocido,SAN VICENTE DE CAÑETE
Netcall,2 oct 2026,10,927731230,927731230,9283,Outbound,Portabilidad Postpago,EXPRESS,Logixtal,9001,CERRADAS,Entregado,Entregado,NET_MAZCARATED,SIM,2 oct 2026,2 oct 2026,null,No,CERRADAS,2026-10-03 03:37:29,Monolínea,Mono_item,Lima - Callao,null,Power ilim 69.90 N,null,null,10:00 - 20:00,Cerrado,Resuelto,null,SAN VICENTE DE CAÑETE
Netcall,2 oct 2026,12,927778348,927778348,9283,Outbound,Portabilidad Postpago,EXPRESS,Logixtal,9001,CERRADAS,Entregado,Entregado,NET_AARNAIZA,SIM,2 oct 2026,2 oct 2026,null,No,CERRADAS,2026-10-03 00:35:43,Multilínea,Mono_item,Lima - Callao,null,Power ilim 79.90 SD N,null,null,10:00 - 20:00,Cerrado,Resuelto,null,SAN VICENTE DE CAÑETE
Netcall,2 oct 2026,13,927779408,927779408,9283,Outbound,Portabilidad Postpago,EXPRESS,Logixtal,9001,CERRADAS,Entregado,Entregado,NET_AARNAIZA,SIM,2 oct 2026,2 oct 2026,null,No,CERRADAS,2026-10-03 00:47:57,Multilínea,Mono_item,Lima - Callao,null,Power ilim 79.90 SD N,null,null,10:00 - 20:00,Cerrado,Resuelto,null,SAN VICENTE DE CAÑETE
Netcall,3 oct 2026,13,928112972,928112972Empty,9283,Outbound,Portabilidad Postpago,PROGRAMADO,Logixtal,9001,ABIERTAS,Pendiente Entrega,Pendiente de Picking,NET_EVALDIVIEZO,SIM,5 oct 2026,null,null,No,ABIERTAS,null,Monolínea,Mono_item,Lima - Callao,null,null,null,null,09:00 - 20:00,En Progreso,En Progreso,null,null
Netcall,2 oct 2026,10,927731939,927731939,9283,Outbound,Portabilidad Postpago,EXPRESS,Logixtal,9001,CERRADAS,Entregado,Entregado,NET_ABARRERAY,SIM,2 oct 2026,2 oct 2026,null,No,CERRADAS,2026-10-03 02:02:28,Monolínea,Mono_item,Lima - Callao,null,Power ilim 69.90 N,null,null,10:00 - 20:00,Cerrado,Resuelto,null,SAN VICENTE DE CAÑETE
Netcall,1 oct 2026,11,927270616,9272706168285622693774,9283,Outbound,Portabilidad Postpago,PROGRAMADO,Logixtal,9001,CERRADAS,Entregado,Entregado,NET_AYROJASS,SIM,2 oct 2026,2 oct 2026,null,No,CERRADAS,2026-10-03 02:23:54,Monolínea,Mono_item,Lima - Callao,null,Power ilim 69.90 N,Power ilim 69.90 N,TELEFONICAPE,09:00 - 20:00,Cerrado,Resuelto,Desconocido,SAN VICENTE DE CAÑETE
Netcall,2 oct 2026,13,927793918,927793918,9283,Outbound,Portabilidad Postpago,EXPRESS,Logixtal,9343,CERRADAS,Entregado,Entregado,NET_EHUANCAH,SIM,2 oct 2026,2 oct 2026,null,No,CERRADAS,2026-10-03 01:41:36,Multilínea,Mono_item,Cusco,null,Power ilim 79.90 SD N,null,null,10:00 - 20:00,Cerrado,Resuelto,null,SAN SEBASTIAN
Netcall,3 oct 2026,11,928069497,92806949789511710101030158544,9271,Outbound,Portabilidad Postpago,EXPRESS,Retiro en tienda,9343,ABIERTAS,Pendiente Entrega,Pendiente Entrega,NET_KTORRESP,SIM,3 oct 2026,null,null,No,ABIERTAS,null,Monolínea,Mono_item,Cusco,null,null,null,null,10:00 - 20:00,En Progreso,Punto de No Retorno,null,null
Netcall,3 oct 2026,11,928070065,928070065Empty,9283,Outbound,Portabilidad Postpago,PROGRAMADO,Retiro en tienda,9343,ABIERTAS,Pendiente Entrega,Pendiente Entrega,NET_MORIHUELAQ,SIM,6 oct 2026,null,null,No,ABIERTAS,null,Monolínea,Mono_item,Cusco,null,null,null,null,13:01 - 19:00,En Progreso,En Progreso,null,null
Netcall,3 oct 2026,8,928020758,92802075889511710101030174582,9283,Outbound,Portabilidad Postpago,EXPRESS,Retiro en tienda,9343,CANCELADAS,Cancelado,Cancelado,NET_SSALAZARV,SIM,3 oct 2026,null,null,No,CANCELADAS,2026-10-03 09:36:47,Monolínea,Mono_item,Cusco,null,null,null,null,10:00 - 20:00,Cancelado,Rechazado,null,null
Netcall,2 oct 2026,9,927705583,927705583,9283,Outbound,Venta Regular / Alta,EXPRESS,Logixtal,9343,CANCELADAS,Anulado,CLIENTE YA NO DESEA PRODUCTO,TLV_NET_RSORIAH,SIM,2 oct 2026,null,null,No,CANCELADAS,2026-10-02 13:21:40,Multilínea,Mono_item,Cusco,null,null,null,null,10:00 - 20:00,Cancelado,Rechazado,null,SAN SEBASTIAN
Netcall,2 oct 2026,16,927842370,927842370,9283,Outbound,Portabilidad Postpago,PROGRAMADO,Logixtal,9343,ABIERTAS,Pendiente Entrega,Pendiente Entrega,NET_CALVANC,SIM,3 oct 2026,null,null,No,ABIERTAS,null,Monolínea,Mono_item,Cusco,null,null,null,null,09:00 - 13:00,En Progreso,Punto de No Retorno,null,SAN SEBASTIAN
Netcall,2 oct 2026,13,927794644,927794644,9283,Outbound,Portabilidad Postpago,EXPRESS,Logixtal,9343,CERRADAS,Entregado,Entregado,NET_EHUANCAH,SIM,2 oct 2026,2 oct 2026,null,No,CERRADAS,2026-10-03 00:43:57,Multilínea,Mono_item,Cusco,null,Power ilim 79.90 SD N,null,null,10:00 - 20:00,Cerrado,Resuelto,null,SAN SEBASTIAN
Netcall,2 oct 2026,18,927886455,927886455,9283,Outbound,Portabilidad Postpago,PROGRAMADO,Logixtal,9343,ABIERTAS,Pendiente Entrega,Pendiente Entrega,TLV_NET_YQUITOV,SIM,5 oct 2026,null,null,No,ABIERTAS,null,Multilínea,Mono_item,Cusco,null,null,null,null,09:00 - 13:00,En Progreso,En Progreso,null,SAN SEBASTIAN
Netcall,1 oct 2026,11,927283544,9272835448285732115244,9283,Outbound,Portabilidad Postpago,EXPRESS,Logixtal,9343,CERRADAS,Entregado,Entregado,NET_LFLORESY,SIM,1 oct 2026,1 oct 2026,null,No,CERRADAS,2026-10-02 01:52:22,Monolínea,Mono_item,Cusco,null,Power ilim 69.90 N,Power ilim 69.90 N,TELEFONICAPE,10:00 - 20:00,Cerrado,Resuelto,Desconocido,SAN SEBASTIAN
Netcall,2 oct 2026,11,927750705,927750705,9271,Outbound,Portabilidad Postpago,EXPRESS,Logixtal,9343,ABIERTAS,Pendiente Entrega,Pendiente Entrega,NET_YPAREDESG,SIM,2 oct 2026,null,null,No,ABIERTAS,null,Monolínea,Mono_item,Cusco,null,null,null,null,10:00 - 20:00,En Progreso,Punto de No Retorno,null,SAN SEBASTIAN
Netcall,1 oct 2026,10,927248685,9272486858285444581991,9283,Outbound,Portabilidad Postpago,PROGRAMADO,Logixtal,9343,CERRADAS,Entregado,Entregado,NET_MOQUISPITON,SIM,2 oct 2026,2 oct 2026,null,No,CERRADAS,2026-10-03 00:35:22,Monolínea,Mono_item,Cusco,null,Power ilim 69.90 N,Power ilim 69.90 N,AmericaMovil,09:00 - 13:00,Cerrado,Resuelto,Desconocido,SAN SEBASTIAN
Netcall,2 oct 2026,10,927712667,927712667,9283,Outbound,Portabilidad Postpago,EXPRESS,Logixtal,9343,ABIERTAS,Pendiente Entrega,Pendiente Entrega,NET_JLUCIANOT,SIM,2 oct 2026,null,null,No,ABIERTAS,null,Monolínea,Mono_item,Cusco,null,null,null,null,10:00 - 20:00,En Progreso,Punto de No Retorno,null,SAN SEBASTIAN
Netcall,3 oct 2026,8,928015171,92801517189511710101030171125,9283,Outbound,Portabilidad Postpago,EXPRESS,Retiro en tienda,9343,ABIERTAS,Entregado,Entregado,TLV_NET_MFARFAN,SIM,3 oct 2026,null,null,No,ABIERTAS,null,Monolínea,Mono_item,Cusco,null,null,null,null,10:00 - 20:00,En Progreso,Punto de No Retorno,null,null
Netcall,2 oct 2026,17,927859160,927859160,9283,Outbound,Portabilidad Postpago,PROGRAMADO,Logixtal,9343,ABIERTAS,Pendiente Entrega,Pendiente Entrega,NET_MCSANCHEZ,SIM,3 oct 2026,null,null,No,ABIERTAS,null,Monolínea,Mono_item,Cusco,null,null,null,null,09:00 - 13:00,En Progreso,En Progreso,null,SAN SEBASTIAN
Netcall,1 oct 2026,14,927329266,9273292668286179306864,9283,Outbound,Portabilidad Postpago,EXPRESS,Logixtal,9343,CERRADAS,Entregado,Entregado,TLV_NET_JSILVAT,SIM,1 oct 2026,1 oct 2026,null,No,CERRADAS,2026-10-02 01:02:44,Monolínea,Mono_item,Cusco,null,Power ilim 69.90 N,Power ilim 69.90 N,Viettel Peru,10:00 - 20:00,Cerrado,Resuelto,Desconocido,SAN SEBASTIAN
Netcall,2 oct 2026,9,927704473,927704473,9283,Outbound,Portabilidad Postpago,EXPRESS,Logixtal,9343,CERRADAS,Entregado,Entregado,TLV_NET_RSORIAH,SIM,2 oct 2026,2 oct 2026,null,No,CERRADAS,2026-10-03 00:42:32,Multilínea,Mono_item,Cusco,null,Power ilim 79.90 SD N,null,null,10:00 - 20:00,Cerrado,Resuelto,null,SAN SEBASTIAN
Netcall,2 oct 2026,7,927623853,927623853,9283,Outbound,Portabilidad Postpago,EXPRESS,Logixtal,9343,CANCELADAS,Anulado,PIN-PORTA NO LLEGA SMS,TLV_NET_MFARFAN,SIM,2 oct 2026,null,null,No,CANCELADAS,2026-10-02 12:36:40,Monolínea,Mono_item,Cusco,null,null,null,null,10:00 - 20:00,Cancelado,Rechazado,null,SAN SEBASTIAN
Netcall,1 oct 2026,12,927293096,9272930968285824692424,9283,Outbound,Portabilidad Postpago,PROGRAMADO,Logixtal,9343,CANCELADAS,Anulado,CLIENTE DESISTE - NO BRINDA MOTIVOS,NET_JLUCIANOT,SIM,2 oct 2026,null,null,No,CANCELADAS,2026-10-02 15:12:44,Monolínea,Mono_item,Cusco,null,null,Power ilim 79.90 SD N,AmericaMovil,13:01 - 19:00,Cancelado,Rechazado,Desconocido,SAN SEBASTIAN
Netcall,2 oct 2026,12,927769606,927769606,9283,Outbound,Portabilidad Postpago,PROGRAMADO,Logixtal,9343,ABIERTAS,Pendiente Entrega,Pendiente Entrega,NET_EHUANCAH,SIM,3 oct 2026,null,null,No,ABIERTAS,null,Monolínea,Mono_item,Cusco,null,null,null,null,09:00 - 13:00,En Progreso,En Progreso,null,SAN SEBASTIAN
Netcall,2 oct 2026,19,927891263,927891263,9283,Outbound,Portabilidad Postpago,PROGRAMADO,Logixtal,9343,ABIERTAS,Pendiente Entrega,Pendiente Entrega,TLV_NET_YQUITOV,SIM,5 oct 2026,null,null,No,ABIERTAS,null,Multilínea,Mono_item,Cusco,null,null,null,null,09:00 - 13:00,En Progreso,En Progreso,null,SAN SEBASTIAN
Netcall,2 oct 2026,9,927693053,927693053,9283,Outbound,Portabilidad Postpago,RETIRO EN TIENDA,Retiro en tienda,2104,CERRADAS,Entregado,Entregado,NET_JORTIZV,SIM,2 oct 2026,2 oct 2026,null,No,CERRADAS,2026-10-03 01:49:37,Monolínea,Mono_item,Puno,null,Power ilim 79.90 SD N,null,null,09:00 - 21:00,Cerrado,Resuelto,null,null
Netcall,2 oct 2026,15,927828647,927828647,9283,Outbound,Portabilidad Postpago,RETIRO EN TIENDA,Retiro en tienda,2104,CERRADAS,Entregado,Entregado,NET_RMPEREZC,SIM,2 oct 2026,2 oct 2026,null,No,CERRADAS,2026-10-03 00:58:15,Monolínea,Mono_item,Puno,null,Power ilim 79.90 SD N,null,null,09:00 - 21:00,Cerrado,Resuelto,null,null
Netcall,1 oct 2026,10,927256226,9272562268285506455368,9283,Outbound,Portabilidad Postpago,RETIRO EN TIENDA,Retiro en tienda,2104,ABIERTAS,Pendiente Entrega,Pendiente Entrega,NET_LTAMAYOD,SIM,1 oct 2026,null,null,No,ABIERTAS,null,Monolínea,Mono_item,Puno,null,null,Power ilim 69.90 N,Viettel Peru,09:00 - 21:00,En Progreso,En Progreso,Desconocido,null
Netcall,1 oct 2026,17,927391478,9273914788286785395409,9283,Outbound,Portabilidad Postpago,RETIRO EN TIENDA,Retiro en tienda,2104,CERRADAS,Entregado,Entregado,NET_CALVANC,SIM,1 oct 2026,1 oct 2026,null,No,CERRADAS,2026-10-02 00:42:03,Monolínea,Mono_item,Puno,null,Power ilim 79.90 SD N,Power ilim 79.90 SD N,AmericaMovil,09:00 - 21:00,Cerrado,Resuelto,Desconocido,null
Netcall,2 oct 2026,12,927772522,927772522,9283,Outbound,Portabilidad Postpago,RETIRO EN TIENDA,Retiro en tienda,2104,ABIERTAS,Pendiente Entrega,Pendiente Entrega,NET_SPEREZR,SIM,2 oct 2026,null,null,No,ABIERTAS,null,Monolínea,Mono_item,Puno,null,null,null,null,09:00 - 21:00,En Progreso,En Progreso,null,null
Netcall,2 oct 2026,17,927867358,927867358,9283,Outbound,Portabilidad Postpago,RETIRO EN TIENDA,Retiro en tienda,2104,CANCELADAS,Cancelado,Cancelado,TLV_NET_JSOTOZ,SIM,2 oct 2026,null,null,No,CANCELADAS,2026-10-02 17:55:56,Monolínea,Mono_item,Puno,null,null,null,null,09:00 - 21:00,Cancelado,Rechazado,null,null
Netcall,2 oct 2026,12,927758911,927758911,9283,Outbound,Portabilidad Postpago,RETIRO EN TIENDA,Retiro en tienda,2104,ABIERTAS,Pendiente Entrega,Pendiente Entrega,TLV_NET_MFARFAN,SIM,2 oct 2026,null,null,No,ABIERTAS,null,Monolínea,Mono_item,Puno,null,null,null,null,09:00 - 21:00,En Progreso,En Progreso,null,null
Netcall,3 oct 2026,12,928091201,928091201Empty,9271,Outbound,Portabilidad Postpago,RETIRO EN TIENDA,Retiro en tienda,2104,ABIERTAS,Pendiente Entrega,Pendiente Entrega,NET_KTORRESP,SIM,3 oct 2026,null,null,No,ABIERTAS,null,Monolínea,Mono_item,Puno,null,null,null,null,09:00 - 21:00,En Progreso,En Progreso,null,null
Netcall,2 oct 2026,17,927851793,927851793,9283,Outbound,Portabilidad Postpago,RETIRO EN TIENDA,Retiro en tienda,2104,CERRADAS,Entregado,Entregado,NET_SMENDOZAV,SIM,2 oct 2026,2 oct 2026,null,No,CERRADAS,2026-10-03 01:00:38,Monolínea,Mono_item,Puno,null,Power ilim 69.90 N,null,null,09:00 - 21:00,Cerrado,Resuelto,null,null
Netcall,1 oct 2026,14,927338318,9273383188286260331255,9283,Outbound,Portabilidad Postpago,RETIRO EN TIENDA,Retiro en tienda,2104,CERRADAS,Entregado,Entregado,NET_YMILLA,SIM,1 oct 2026,1 oct 2026,null,No,CERRADAS,2026-10-02 01:41:31,Multilínea,Mono_item,Puno,null,Power ilim 79.90 SD N,Power ilim 79.90 SD N,Viettel Peru,09:00 - 21:00,Cerrado,Resuelto,Desconocido,null
Netcall,1 oct 2026,14,927339307,9273393078286274349635,9283,Outbound,Venta Regular / Alta,RETIRO EN TIENDA,Retiro en tienda,2104,CERRADAS,Entregado,Entregado,NET_YMILLA,SIM,1 oct 2026,1 oct 2026,01/10/2026,Sí,CERRADAS,2026-10-01 15:19:59,Multilínea,Mono_item,Puno,39.95,Power ilim 79.90 SD N,Power ilim 79.90 SD N,Desconocido,09:00 - 21:00,Cerrado,Resuelto,Desconocido,null
Netcall,1 oct 2026,10,927250169,9272501698285454485094,9271,Outbound,Portabilidad Postpago,RETIRO EN TIENDA,Retiro en tienda,2104,ABIERTAS,Pendiente Entrega,Pendiente Entrega,NET_MSUAREZG,SIM,1 oct 2026,null,null,No,ABIERTAS,null,Monolínea,Mono_item,Puno,null,null,Power ilim 79.90 SD N,Viettel Peru,09:00 - 21:00,En Progreso,En Progreso,Desconocido,null
Netcall,2 oct 2026,9,927706811,927706811,9283,Outbound,Portabilidad Postpago,EXPRESS,Logixtal,9001,ABIERTAS,Pendiente Entrega,Pendiente Entrega,NET_JPRADOP,SIM,2 oct 2026,null,null,No,ABIERTAS,null,Multilínea,Mono_item,Lima - Callao,null,null,null,null,08:00 - 20:00,En Progreso,Punto de No Retorno,null,SAN MIGUEL
Netcall,1 oct 2026,18,927415112,9274151128287017164838,9283,Outbound,Portabilidad Postpago,EXPRESS,Logixtal,9001,CANCELADAS,Anulado,PEDIDO MAL GENERADO,NET_VOBESOS,SIM,1 oct 2026,null,null,No,CANCELADAS,2026-10-01 19:08:59,Monolínea,Mono_item,Lima - Callao,null,null,Power ilim 69.90 N,AmericaMovil,10:00 - 22:00,Cancelado,Rechazado,Desconocido,SAN MIGUEL
Netcall,1 oct 2026,10,927260707,9272607078285543523059,9259,Outbound,Portabilidad Postpago,EXPRESS,Logixtal,9001,CERRADAS,Entregado,Entregado,NET_CBIELICHR,SIM,1 oct 2026,1 oct 2026,null,No,CERRADAS,2026-10-02 04:40:27,Multilínea,Multi_item,Lima - Callao,null,null,Power ilim 79.90 SD N,AmericaMovil,10:00 - 22:00,Cerrado,Resuelto,Portabilidad Rechazada. REC01ABD15: El Código NIP es invalido | REC01ABD15,SAN MIGUEL
Netcall,1 oct 2026,9,927236957,9272369578285344979481,9283,Outbound,Portabilidad Postpago,EXPRESS,Logixtal,9001,CERRADAS,Entregado,Entregado,TLV_NET_KCHAVEZ,SIM,1 oct 2026,1 oct 2026,null,No,CERRADAS,2026-10-02 01:12:17,Monolínea,Mono_item,Lima - Callao,null,Power ilim 69.90 N,Power ilim 69.90 N,TELEFONICAPE,10:00 - 22:00,Cerrado,Resuelto,Desconocido,SAN MIGUEL
Netcall,2 oct 2026,9,927706002,927706002,9283,Outbound,Portabilidad Postpago,EXPRESS,Logixtal,9001,CERRADAS,Entregado,Entregado,NET_JPRADOP,SIM,2 oct 2026,2 oct 2026,null,No,CERRADAS,2026-10-03 00:04:55,Multilínea,Mono_item,Lima - Callao,null,Power ilim 79.90 SD N,null,null,10:00 - 22:00,Cerrado,Resuelto,null,SAN MIGUEL
Netcall,1 oct 2026,9,927243320,9272433208285393892930,9283,Outbound,Portabilidad Postpago,EXPRESS,Logixtal,9001,CERRADAS,Entregado,Entregado,NET_GCABALLEROB,SIM,1 oct 2026,1 oct 2026,null,No,CERRADAS,2026-10-02 00:59:23,Monolínea,Mono_item,Lima - Callao,null,Power ilim 79.90 SD N,Power ilim 79.90 SD N,Viettel Peru,10:00 - 22:00,Cerrado,Resuelto,Desconocido,SAN MIGUEL
Netcall,2 oct 2026,8,927674724,927674724,9283,Outbound,Portabilidad Postpago,PROGRAMADO,Logixtal,9001,ABIERTAS,Pendiente Entrega,Pendiente Entrega,NET_DHUAYACGONZ,SIM,4 oct 2026,null,null,No,ABIERTAS,null,Monolínea,Mono_item,Lima - Callao,null,null,null,null,08:00 - 22:00,En Progreso,Punto de No Retorno,null,SAN MIGUEL
Netcall,2 oct 2026,11,927746928,927746928,9283,Outbound,Portabilidad Postpago,EXPRESS,Logixtal,9001,CERRADAS,Entregado,Entregado,TLV_NET_GANACLE,SIM,2 oct 2026,2 oct 2026,null,No,CERRADAS,2026-10-03 01:25:30,Monolínea,Mono_item,Lima - Callao,null,Power ilim 69.90 N,null,null,10:00 - 22:00,Cerrado,Resuelto,null,SAN MIGUEL
Netcall,1 oct 2026,9,927236411,9272364118285332799206,9283,Outbound,Portabilidad Postpago,EXPRESS,Logixtal,9001,CANCELADAS,Entregado,Entregado,NET_MORIHUELAQ,SIM,1 oct 2026,1 oct 2026,null,No,CANCELADAS,2026-10-01 22:00:36,Monolínea,Mono_item,Lima - Callao,null,null,Power ilim 69.90 N,TELEFONICAPE,10:00 - 22:00,Cancelado,Pedido Cancelación,Portabilidad Rechazada. REC01PRT09: El abonado tiene deuda exigible | paymentDueDate=2026-09-18|portabilityOperDateActive=2025-02-16,SAN MIGUEL
Netcall,2 oct 2026,18,927880669,927880669,9283,Outbound,Portabilidad Postpago,PROGRAMADO,Logixtal,9001,ABIERTAS,Pendiente Entrega,Pendiente Entrega,NET_RCASTANEDAR,SIM,3 oct 2026,null,null,No,ABIERTAS,null,Multilínea,Mono_item,Lima - Callao,null,null,null,null,08:00 - 13:00,En Progreso,Punto de No Retorno,null,SAN MIGUEL
Netcall,2 oct 2026,13,927793984,927793984,9283,Outbound,Portabilidad Postpago,EXPRESS,Logixtal,9001,CERRADAS,Entregado,Entregado,NET_CMDELACRUZV,SIM,2 oct 2026,2 oct 2026,null,No,CERRADAS,2026-10-03 01:51:38,Monolínea,Mono_item,Lima - Callao,null,Power ilim 69.90 N,null,null,10:00 - 22:00,Cerrado,Resuelto,null,SAN MIGUEL
Netcall,1 oct 2026,12,927302657,9273026578285922811388,9283,Outbound,Portabilidad Postpago,EXPRESS,Logixtal,9001,CERRADAS,Entregado,Entregado,TLV_NET_KCHAVEZ,SIM,1 oct 2026,1 oct 2026,null,No,CERRADAS,2026-10-02 00:42:59,Monolínea,Mono_item,Lima - Callao,null,Power ilim 79.90 SD N,Power ilim 79.90 SD N,AmericaMovil,10:00 - 22:00,Cerrado,Resuelto,Desconocido,SAN MIGUEL
Netcall,2 oct 2026,18,927879412,927879412,9283,Outbound,Portabilidad Postpago,PROGRAMADO,Logixtal,9001,ABIERTAS,Pendiente Entrega,Pendiente Entrega,NET_RCASTANEDAR,SIM,3 oct 2026,null,null,No,ABIERTAS,null,Multilínea,Mono_item,Lima - Callao,null,null,null,null,08:00 - 13:00,En Progreso,Punto de No Retorno,null,SAN MIGUEL
Netcall,1 oct 2026,10,927260707,9272607078285543511842,9259,Outbound,Portabilidad Postpago,EXPRESS,Logixtal,9001,CERRADAS,Entregado,Entregado,NET_CBIELICHR,SIM,1 oct 2026,1 oct 2026,null,No,CERRADAS,2026-10-02 04:40:27,Multilínea,Multi_item,Lima - Callao,null,null,Power ilim 79.90 SD N,AmericaMovil,10:00 - 22:00,Cerrado,Resuelto,Desconocido,SAN MIGUEL
Netcall,1 oct 2026,9,927242353,9272423538285382070895,9271,Outbound,Portabilidad Postpago,EXPRESS,Logixtal,9001,CERRADAS,Entregado,Entregado,NET_GHUAMANT,SIM,1 oct 2026,1 oct 2026,null,No,CERRADAS,2026-10-02 00:57:06,Multilínea,Mono_item,Lima - Callao,null,Power ilim 79.90 SD N,Power ilim 79.90 SD N,TELEFONICAPE,10:00 - 22:00,Cerrado,Resuelto,Desconocido,SAN MARTIN DE PORRES
Netcall,1 oct 2026,18,927405675,9274056758286918165402,9259,Outbound,Portabilidad Postpago,EXPRESS,Logixtal,9001,ABIERTAS,Pendiente Entrega,Pendiente Entrega,NET_CBIELICHR,SIM,1 oct 2026,null,null,No,ABIERTAS,null,Multilínea,Multi_item,Lima - Callao,null,null,Power ilim 79.90 SD N,AmericaMovil,08:00 - 20:00,En Progreso,Punto de No Retorno,Desconocido,SAN MARTIN DE PORRES
Netcall,1 oct 2026,14,927335208,9273352088286231664539,9283,Outbound,Portabilidad Postpago,EXPRESS,Logixtal,9001,CANCELADAS,Anulado,CLIENTE YA NO DESEA PRODUCTO,NET_ARIOST,SIM,1 oct 2026,null,null,No,CANCELADAS,2026-10-01 15:54:31,Monolínea,Mono_item,Lima - Callao,null,null,Power ilim 69.90 N,AmericaMovil,10:00 - 22:00,Cancelado,Rechazado,Desconocido,SAN MARTIN DE PORRES
Netcall,1 oct 2026,10,927237900,9272379008285422707450,9283,Outbound,Portabilidad Postpago,EXPRESS,Logixtal,9001,CANCELADAS,Anulado,CLIENTE DESISTE - INFORMACIÓN INCORRECTA,NET_MRIOSP,SIM,1 oct 2026,null,null,No,CANCELADAS,2026-10-01 11:14:00,Multilínea,Multi_item,Lima - Callao,null,null,Power ilim 79.90 SD N,AmericaMovil,10:00 - 22:00,Cancelado,Rechazado,Desconocido,SAN MARTIN DE PORRES
Netcall,1 oct 2026,10,927237900,9272379008285422707667,9283,Outbound,Portabilidad Postpago,EXPRESS,Logixtal,9001,CANCELADAS,Anulado,CLIENTE DESISTE - INFORMACIÓN INCORRECTA,NET_MRIOSP,SIM,1 oct 2026,null,null,No,CANCELADAS,2026-10-01 11:14:00,Multilínea,Multi_item,Lima - Callao,null,null,Power ilim 79.90 SD N,AmericaMovil,10:00 - 22:00,Cancelado,Rechazado,Desconocido,SAN MARTIN DE PORRES
Netcall,1 oct 2026,10,927254296,9272542968285490430930,9283,Outbound,Portabilidad Postpago,EXPRESS,Logixtal,9001,CERRADAS,Entregado,Entregado,NET_EMMENDIZF,SIM,1 oct 2026,2 oct 2026,null,No,CERRADAS,2026-10-03 01:26:22,Monolínea,Mono_item,Lima - Callao,null,Power ilim 79.90 SD N,Power ilim 79.90 SD N,TELEFONICAPE,10:00 - 22:00,Cerrado,Resuelto,Desconocido,SAN MARTIN DE PORRES
Netcall,1 oct 2026,11,927277053,927277053,9271,Outbound,Portabilidad Postpago,EXPRESS,Logixtal,9001,CERRADAS,Entregado,Entregado,NET_KANGELESS,SIM,1 oct 2026,1 oct 2026,null,No,CERRADAS,2026-10-02 00:39:12,Multilínea,Mono_item,Lima - Callao,null,Power ilim 79.90 SD N,null,null,10:00 - 22:00,Cerrado,Resuelto,null,SAN MARTIN DE PORRES
Netcall,3 oct 2026,13,928123685,928123685Empty,9283,Outbound,Venta Regular / Alta,EXPRESS,Logixtal,9001,ABIERTAS,Pendiente Entrega,Pendiente de Picking,NET_NRUBIOMARCO,SIM,3 oct 2026,null,null,No,ABIERTAS,null,Multilínea,Mono_item,Lima - Callao,null,null,null,null,10:00 - 22:00,null,null,null,null
Netcall,2 oct 2026,11,927749986,927749986,9283,Outbound,Portabilidad Postpago,PROGRAMADO,Logixtal,9001,ABIERTAS,No bop,No bop,NET_GHERRERAG,SIM,4 oct 2026,null,null,No,ABIERTAS,null,Monolínea,Mono_item,Lima - Callao,null,null,null,null,08:00 - 22:00,En Progreso,En Progreso,null,SAN MARTIN DE PORRES
Netcall,3 oct 2026,13,928106886,92810688689511710101081044759,9283,Outbound,Portabilidad Postpago,EXPRESS,Logixtal,9001,ABIERTAS,Pendiente Entrega,Pendiente de Picking,TLV_NET_APINTAD,SIM,3 oct 2026,null,null,No,ABIERTAS,null,Monolínea,Mono_item,Lima - Callao,null,null,null,null,10:00 - 22:00,En Progreso,Punto de No Retorno,null,null
Netcall,1 oct 2026,10,927251852,9272518528285468194191,9271,Outbound,Portabilidad Postpago,EXPRESS,Logixtal,9001,CERRADAS,Entregado,Entregado,TLV_NET_MAYALAM,SIM,1 oct 2026,1 oct 2026,null,No,CERRADAS,2026-10-02 01:37:51,Monolínea,Mono_item,Lima - Callao,null,Power ilim 69.90 N,Power ilim 69.90 N,TELEFONICAPE,10:00 - 22:00,Cerrado,Resuelto,Desconocido,SAN MARTIN DE PORRES
Netcall,2 oct 2026,16,927847471,927847471,9271,Outbound,Portabilidad Postpago,EXPRESS,Logixtal,9001,CERRADAS,Entregado,Entregado,NET_CDIAZG,SIM,2 oct 2026,2 oct 2026,null,No,CERRADAS,2026-10-03 03:29:28,Monolínea,Mono_item,Lima - Callao,null,Power ilim 69.90 N,null,null,10:00 - 22:00,Cerrado,Resuelto,null,SAN MARTIN DE PORRES
Netcall,1 oct 2026,16,927373609,9273736098286625725231,9283,Outbound,Venta Regular / Alta,EXPRESS,Logixtal,9001,CERRADAS,Entregado,Entregado,NET_MARIOSV,SIM,1 oct 2026,1 oct 2026,01/10/2026,Sí,CERRADAS,2026-10-01 19:55:28,Monolínea,Mono_item,Lima - Callao,49.9,Power 49.90 N,Power 49.90 N,Desconocido,10:00 - 22:00,Cerrado,Resuelto,Desconocido,SAN MARTIN DE PORRES
Netcall,2 oct 2026,9,927704064,927704064,9283,Outbound,Portabilidad Postpago,EXPRESS,Logixtal,9001,CERRADAS,Entregado,Entregado,TLV_NET_BCHAVEZ,SIM,2 oct 2026,2 oct 2026,null,No,CERRADAS,2026-10-03 00:38:46,Monolínea,Mono_item,Lima - Callao,null,Power ilim 69.90 N,null,null,10:00 - 22:00,Cerrado,Resuelto,null,SAN MARTIN DE PORRES
Netcall,2 oct 2026,10,927713481,927713481,9283,Outbound,Portabilidad Postpago,EXPRESS,Logixtal,9001,CERRADAS,Entregado,Entregado,NET_VJAUREGUIM,SIM,2 oct 2026,2 oct 2026,null,No,CERRADAS,2026-10-03 01:13:24,Multilínea,Mono_item,Lima - Callao,null,Power ilim 79.90 SD N,null,null,10:00 - 22:00,Cerrado,Resuelto,null,SAN MARTIN DE PORRES
Netcall,2 oct 2026,10,927722615,927722615,9283,Outbound,Portabilidad Postpago,EXPRESS,Logixtal,9001,CERRADAS,Entregado,Entregado,NET_SBENITESL,SIM,2 oct 2026,2 oct 2026,null,No,CERRADAS,2026-10-03 01:20:57,Monolínea,Mono_item,Lima - Callao,null,Power ilim 79.90 SD N,null,null,10:00 - 22:00,Cerrado,Resuelto,null,SAN MARTIN DE PORRES
Netcall,3 oct 2026,11,928068858,92806885889511710101081442904,9283,Outbound,Portabilidad Postpago,EXPRESS,Logixtal,9001,ABIERTAS,Entregado,Entregado,NET_ATUMEH,SIM,3 oct 2026,null,null,No,ABIERTAS,null,Monolínea,Mono_item,Lima - Callao,null,null,null,null,10:00 - 22:00,En Progreso,Punto de No Retorno,null,null
Netcall,2 oct 2026,13,927781937,927781937,9283,Outbound,Portabilidad Postpago,PROGRAMADO,Logixtal,9001,ABIERTAS,Pendiente Entrega,Pendiente Entrega,TLV_NET_EBULNES,SIM,3 oct 2026,null,null,No,ABIERTAS,null,Multilínea,Mono_item,Lima - Callao,null,null,null,null,08:00 - 13:00,En Progreso,Punto de No Retorno,null,SAN MARTIN DE PORRES
Netcall,1 oct 2026,18,927408794,9274087948286953760383,9283,Outbound,Portabilidad Postpago,EXPRESS,Logixtal,9001,CANCELADAS,Entregado,Entregado,NET_EVELASQUEZB,SIM,1 oct 2026,1 oct 2026,null,No,CANCELADAS,2026-10-01 22:00:20,Multilínea,Mono_item,Lima - Callao,null,null,Power ilim 79.90 SD N,TELEFONICAPE,10:00 - 22:00,Cancelado,Pedido Cancelación,Portabilidad Rechazada. REC01PRT09: El abonado tiene deuda exigible | paymentDueDate=2026-09-15|portabilityOperDateActive=2023-11-18|amount=44.7|units=01,SAN MARTIN DE PORRES
Netcall,2 oct 2026,11,927756501,927756501,9271,Outbound,Portabilidad Postpago,EXPRESS,Logixtal,9001,ABIERTAS,Pendiente Entrega,Pendiente Entrega,NET_RCEVERINOL,SIM,2 oct 2026,null,null,No,ABIERTAS,null,Monolínea,Mono_item,Lima - Callao,null,null,null,null,10:00 - 22:00,En Progreso,Punto de No Retorno,null,SAN MARTIN DE PORRES
Netcall,1 oct 2026,13,927317923,9273179238286072879206,9283,Outbound,Portabilidad Postpago,PROGRAMADO,Logixtal,9001,ABIERTAS,Pendiente Entrega,Pendiente Entrega,TLV_NET_ECODARL,SIM,3 oct 2026,null,null,No,ABIERTAS,null,Multilínea,Multi_item,Lima - Callao,null,null,Power ilim 79.90 SD N,Viettel Peru,08:00 - 13:00,En Progreso,Punto de No Retorno,Desconocido,SAN MARTIN DE PORRES
Netcall,1 oct 2026,18,927406348,9274063488286928173741,9271,Outbound,Portabilidad Postpago,EXPRESS,Logixtal,9001,CERRADAS,Entregado,Entregado,NET_CSANTIAGOQ,SIM,1 oct 2026,1 oct 2026,null,No,CERRADAS,2026-10-02 01:02:26,Multilínea,Mono_item,Lima - Callao,null,Power ilim 79.90 SD N,Power ilim 79.90 SD N,AmericaMovil,10:00 - 22:00,Cerrado,Resuelto,Desconocido,SAN MARTIN DE PORRES
Netcall,1 oct 2026,11,927278698,9272786988285683079916,9271,Outbound,Portabilidad Postpago,EXPRESS,Logixtal,9001,CERRADAS,Entregado,Entregado,NET_KANGELESS,SIM,1 oct 2026,1 oct 2026,null,No,CERRADAS,2026-10-02 02:01:17,Multilínea,Mono_item,Lima - Callao,null,Power ilim 79.90 SD N,Power ilim 79.90 SD N,AmericaMovil,10:00 - 22:00,Cerrado,Resuelto,Desconocido,SAN MARTIN DE PORRES
Netcall,3 oct 2026,10,928050251,92805025189511710111087000812,9283,Outbound,Venta Regular / Alta,EXPRESS,Logixtal,9001,ABIERTAS,Entregado,Entregado,TLV_NET_GCUEVAC,SIM,3 oct 2026,null,null,No,ABIERTAS,null,Multilínea,Mono_item,Lima - Callao,null,null,null,null,10:00 - 22:00,En Progreso,Punto de No Retorno,null,null
Netcall,1 oct 2026,13,927317923,9273179238286072857989,9283,Outbound,Portabilidad Postpago,PROGRAMADO,Logixtal,9001,ABIERTAS,Pendiente Entrega,Pendiente Entrega,TLV_NET_ECODARL,SIM,3 oct 2026,null,null,No,ABIERTAS,null,Multilínea,Multi_item,Lima - Callao,null,null,Power ilim 79.90 SD N,Viettel Peru,08:00 - 13:00,En Progreso,Punto de No Retorno,Desconocido,SAN MARTIN DE PORRES
Netcall,3 oct 2026,13,928121778,928121778Empty,9283,Outbound,Portabilidad Postpago,EXPRESS,Logixtal,9001,ABIERTAS,Pendiente Entrega,Pendiente de Picking,NET_NRUBIOMARCO,SIM,3 oct 2026,null,null,No,ABIERTAS,null,Multilínea,Mono_item,Lima - Callao,null,null,null,null,10:00 - 22:00,null,null,null,null
Netcall,1 oct 2026,18,927405476,9274054768286917274468,9271,Outbound,Portabilidad Postpago,EXPRESS,Logixtal,9001,CERRADAS,Entregado,Entregado,NET_CSANTIAGOQ,SIM,1 oct 2026,1 oct 2026,null,No,CERRADAS,2026-10-02 01:04:27,Multilínea,Mono_item,Lima - Callao,null,Power ilim 79.90 SD N,Power ilim 79.90 SD N,TELEFONICAPE,10:00 - 22:00,Cerrado,Resuelto,Desconocido,SAN MARTIN DE PORRES
Netcall,1 oct 2026,9,927239363,9272393638285362261115,9271,Outbound,Portabilidad Postpago,EXPRESS,Logixtal,9001,CERRADAS,Entregado,Entregado,NET_GHUAMANT,SIM,1 oct 2026,1 oct 2026,null,No,CERRADAS,2026-10-02 01:08:58,Multilínea,Mono_item,Lima - Callao,null,Power ilim 79.90 SD N,Power ilim 79.90 SD N,TELEFONICAPE,10:00 - 22:00,Cerrado,Resuelto,Desconocido,SAN MARTIN DE PORRES
Netcall,2 oct 2026,10,927714674,927714674,9283,Outbound,Venta Regular / Alta,EXPRESS,Logixtal,9001,CERRADAS,Entregado,Entregado,NET_VJAUREGUIM,SIM,2 oct 2026,2 oct 2026,null,No,CERRADAS,2026-10-02 12:38:37,Multilínea,Mono_item,Lima - Callao,null,Power ilim 79.90 SD N,null,null,10:00 - 22:00,Cerrado,Resuelto,null,SAN MARTIN DE PORRES
Netcall,1 oct 2026,9,927231504,9272315048285292515988,9283,Outbound,Portabilidad Postpago,EXPRESS,Logixtal,9001,CERRADAS,Entregado,Entregado,TLV_NET_BCHAVEZ,SIM,1 oct 2026,1 oct 2026,null,No,CERRADAS,2026-10-02 02:53:39,Monolínea,Mono_item,Lima - Callao,null,Power ilim 79.90 SD N,Power ilim 79.90 SD N,TELEFONICAPE,10:00 - 22:00,Cerrado,Resuelto,Desconocido,SAN MARTIN DE PORRES
Netcall,3 oct 2026,12,928099302,92809930289511710111073929396,9283,Outbound,Portabilidad Postpago,EXPRESS,Logixtal,9001,ABIERTAS,Pendiente Entrega,Pendiente de Picking,NET_SLIZARDOPER,SIM,3 oct 2026,null,null,No,ABIERTAS,null,Multilínea,Mono_item,Lima - Callao,null,null,null,null,10:00 - 22:00,En Progreso,Punto de No Retorno,null,null
Netcall,2 oct 2026,12,927770138,927770138,9283,Outbound,Portabilidad Postpago,EXPRESS,Logixtal,9001,CERRADAS,Entregado,Entregado,NET_MARIOSV,SIM,2 oct 2026,2 oct 2026,null,No,CERRADAS,2026-10-03 01:54:37,Monolínea,Mono_item,Lima - Callao,null,Power ilim 69.90 N,null,null,10:00 - 22:00,Cerrado,Resuelto,null,SAN MARTIN DE PORRES
Netcall,3 oct 2026,10,928048920,92804892089511710111087000820,9283,Outbound,Portabilidad Postpago,EXPRESS,Logixtal,9001,ABIERTAS,Entregado,Entregado,TLV_NET_GCUEVAC,SIM,3 oct 2026,null,null,No,ABIERTAS,null,Multilínea,Mono_item,Lima - Callao,null,null,null,null,10:00 - 22:00,En Progreso,Punto de No Retorno,null,null
Netcall,1 oct 2026,18,927405675,9274056758286918165669,9259,Outbound,Portabilidad Postpago,EXPRESS,Logixtal,9001,ABIERTAS,Pendiente Entrega,Pendiente Entrega,NET_CBIELICHR,SIM,1 oct 2026,null,null,No,ABIERTAS,null,Multilínea,Multi_item,Lima - Callao,null,null,Power ilim 79.90 SD N,AmericaMovil,08:00 - 20:00,En Progreso,Punto de No Retorno,Desconocido,SAN MARTIN DE PORRES
Netcall,3 oct 2026,12,928098281,92809828189511710111073929388,9283,Outbound,Venta Regular / Alta,EXPRESS,Logixtal,9001,ABIERTAS,Pendiente Entrega,Pendiente de Picking,NET_SLIZARDOPER,SIM,3 oct 2026,null,null,No,ABIERTAS,null,Multilínea,Mono_item,Lima - Callao,null,null,null,null,10:00 - 22:00,En Progreso,Punto de No Retorno,null,null
Netcall,1 oct 2026,13,927316138,9273161388286055284432,9283,Outbound,Portabilidad Postpago,PROGRAMADO,Logixtal,9001,ABIERTAS,Pendiente Entrega,Pendiente Entrega,TLV_NET_ECODARL,SIM,3 oct 2026,null,null,No,ABIERTAS,null,Multilínea,Mono_item,Lima - Callao,null,null,Power ilim 79.90 SD N,TELEFONICAPE,08:00 - 13:00,En Progreso,Punto de No Retorno,Desconocido,SAN MARTIN DE PORRES
Netcall,2 oct 2026,15,927819882,927819882,9271,Outbound,Portabilidad Postpago,EXPRESS,Logixtal,9001,CERRADAS,Entregado,Entregado,NET_RCEVERINOL,SIM,2 oct 2026,2 oct 2026,null,No,CERRADAS,2026-10-03 00:18:17,Monolínea,Mono_item,Lima - Callao,null,Power ilim 69.90 N,null,null,10:00 - 22:00,Cerrado,Resuelto,null,SAN MARTIN DE PORRES
Netcall,2 oct 2026,9,927705671,927705671,9283,Outbound,Portabilidad Postpago,EXPRESS,Logixtal,9001,ABIERTAS,Pendiente Entrega,Pendiente Entrega,NET_LMUSAYONS,SIM,2 oct 2026,null,null,No,ABIERTAS,null,Monolínea,Mono_item,Lima - Callao,null,null,null,null,08:00 - 20:00,En Progreso,Punto de No Retorno,null,SAN MARTIN DE PORRES
Netcall,2 oct 2026,9,927708072,927708072,9283,Outbound,Portabilidad Postpago,EXPRESS,Logixtal,9001,CERRADAS,Entregado,Entregado,NET_BROMANS,SIM,2 oct 2026,2 oct 2026,null,No,CERRADAS,2026-10-03 00:24:30,Monolínea,Mono_item,Lima - Callao,null,Power ilim 79.90 SD N,null,null,10:00 - 22:00,Cerrado,Resuelto,null,SAN MARTIN DE PORRES
Netcall,1 oct 2026,10,927256456,927256456,9283,Outbound,Portabilidad Postpago,EXPRESS,Logixtal,9001,CERRADAS,Entregado,Entregado,NET_MDIAZP,SIM,1 oct 2026,1 oct 2026,null,No,CERRADAS,2026-10-02 00:19:56,Monolínea,Mono_item,Lima - Callao,null,Power ilim 69.90 N,null,null,10:00 - 22:00,Cerrado,Resuelto,null,SAN MARTIN DE PORRES
Netcall,3 oct 2026,11,928063874,92806387489511710101081018415,9283,Outbound,Portabilidad Postpago,EXPRESS,Logixtal,9001,ABIERTAS,Entregado,Entregado,NET_JCALDASB,SIM,3 oct 2026,null,null,No,ABIERTAS,null,Monolínea,Mono_item,Lima - Callao,null,null,null,null,10:00 - 22:00,En Progreso,Pago Recibido,null,null
Netcall,1 oct 2026,8,927214700,927214700,9283,Outbound,Portabilidad Postpago,EXPRESS,Logixtal,9001,CERRADAS,Entregado,Entregado,TLV_NET_DVALOI,SIM,1 oct 2026,1 oct 2026,null,No,CERRADAS,2026-10-02 00:24:25,Monolínea,Mono_item,Lima - Callao,null,Power ilim 69.90 N,null,null,10:00 - 22:00,Cerrado,Resuelto,null,SAN MARTIN DE PORRES
Netcall,1 oct 2026,18,927407796,9274077968286942545743,9283,Outbound,Portabilidad Postpago,EXPRESS,Logixtal,9001,CERRADAS,Entregado,Entregado,NET_EVELASQUEZB,SIM,1 oct 2026,1 oct 2026,null,No,CERRADAS,2026-10-02 01:50:17,Multilínea,Mono_item,Lima - Callao,null,Power ilim 79.90 SD N,Power ilim 79.90 SD N,TELEFONICAPE,10:00 - 22:00,Cerrado,Resuelto,Desconocido,SAN MARTIN DE PORRES
Netcall,2 oct 2026,15,927821922,927821922,9283,Outbound,Portabilidad Postpago,EXPRESS,Logixtal,9001,CANCELADAS,Anulado,DIRECCIÓN ERRADA,NET_LHUAPAYAO,SIM,2 oct 2026,null,null,No,CANCELADAS,2026-10-02 16:32:41,Multilínea,Mono_item,Lima - Callao,null,null,null,null,10:00 - 22:00,Cancelado,Rechazado,null,SAN MARTIN DE PORRES
Netcall,1 oct 2026,9,927234575,927234575,9283,Outbound,Portabilidad Postpago,EXPRESS,Logixtal,9001,CERRADAS,Entregado,Entregado,NET_JLIL,SIM,1 oct 2026,1 oct 2026,null,No,CERRADAS,2026-10-02 00:36:34,Monolínea,Mono_item,Lima - Callao,null,Power ilim 79.90 SD N,null,null,10:00 - 22:00,Cerrado,Resuelto,null,SAN MARTIN DE PORRES
Netcall,2 oct 2026,13,927780817,927780817,9283,Outbound,Venta Regular / Alta,PROGRAMADO,Logixtal,9001,ABIERTAS,Pendiente Entrega,Pendiente Entrega,TLV_NET_EBULNES,SIM,3 oct 2026,null,null,No,ABIERTAS,null,Multilínea,Mono_item,Lima - Callao,null,null,null,null,08:00 - 13:00,En Progreso,Punto de No Retorno,null,SAN MARTIN DE PORRES
Netcall,1 oct 2026,11,927268945,9272689458285750197771,9283,Outbound,Portabilidad Postpago,RETIRO EN TIENDA,Retiro en tienda,3042,CERRADAS,Entregado,Entregado,NET_GSANTOSC,SIM,1 oct 2026,1 oct 2026,null,No,CERRADAS,2026-10-02 01:22:26,Monolínea,Mono_item,San Martin,null,Power ilim 79.90 SD N,Power ilim 79.90 SD N,AmericaMovil,17:00 - 21:00,Cerrado,Resuelto,Desconocido,null
Netcall,1 oct 2026,17,927391117,9273911178286792693545,9283,Outbound,Portabilidad Postpago,RETIRO EN TIENDA,Retiro en tienda,3042,CERRADAS,Entregado,Entregado,NET_LCAMPOSCABR,SIM,1 oct 2026,1 oct 2026,null,No,CERRADAS,2026-10-02 01:01:54,Monolínea,Mono_item,San Martin,null,Power ilim 69.90 N,Power ilim 69.90 N,AmericaMovil,17:00 - 21:00,Cerrado,Resuelto,Desconocido,null
Netcall,1 oct 2026,17,927382695,9273826958286713074577,5299,Outbound,Portabilidad Postpago,RETIRO EN TIENDA,Retiro en tienda,3042,CERRADAS,Entregado,Entregado,NET_SCHUMIOQUEP,SIM,1 oct 2026,1 oct 2026,null,No,CERRADAS,2026-10-02 01:20:20,Monolínea,Mono_item,San Martin,null,Power ilim 79.90 SD N,Power ilim 79.90 SD N,TELEFONICAPE,17:00 - 21:00,Cerrado,Resuelto,Desconocido,null
Netcall,2 oct 2026,14,927809770,927809770,9283,Outbound,Portabilidad Postpago,PROGRAMADO,Logixtal,9001,ABIERTAS,No bop,No bop,NET_JSANGAMA,SIM,4 oct 2026,null,null,No,ABIERTAS,null,Monolínea,Mono_item,Lima - Callao,null,null,null,null,08:00 - 22:00,En Progreso,En Progreso,null,SAN LUIS
Netcall,1 oct 2026,13,927320352,927320352,9283,Outbound,Portabilidad Postpago,EXPRESS,Logixtal,9001,CERRADAS,Entregado,Entregado,NET_DVALVERDEM,SIM,1 oct 2026,1 oct 2026,null,No,CERRADAS,2026-10-02 00:26:43,Monolínea,Mono_item,Lima - Callao,null,Power 59.90 N,null,null,10:00 - 22:00,Cerrado,Resuelto,null,SAN LUIS
Netcall,2 oct 2026,17,927853416,927853416,9283,Outbound,Portabilidad Postpago,EXPRESS,Logixtal,9001,CERRADAS,Entregado,Entregado,NET_JCORONADOC,SIM,2 oct 2026,2 oct 2026,null,No,CERRADAS,2026-10-03 01:36:14,Monolínea,Mono_item,Lima - Callao,null,Power ilim 69.90 N,null,null,10:00 - 22:00,Cerrado,Resuelto,null,SAN LUIS
Netcall,2 oct 2026,13,927789075,927789075,9283,Outbound,Portabilidad Postpago,EXPRESS,Logixtal,9001,CANCELADAS,Anulado,PIN PORTA_NO VALIDO,NET_CIOLAYAR,SIM,2 oct 2026,null,null,No,CANCELADAS,2026-10-02 14:20:58,Monolínea,Mono_item,Lima - Callao,null,null,null,null,10:00 - 22:00,Cancelado,Pedido Cancelación,null,SAN LUIS
Netcall,1 oct 2026,12,927301972,9273019728285914311992,9283,Outbound,Portabilidad Postpago,EXPRESS,Logixtal,9001,CERRADAS,Entregado,Entregado,NET_ZRAMIREZG,SIM,1 oct 2026,1 oct 2026,null,No,CERRADAS,2026-10-02 01:06:26,Multilínea,Multi_item,Lima - Callao,null,Power ilim 79.90 SD N,Power ilim 79.90 SD N,AmericaMovil,10:00 - 22:00,Cerrado,Resuelto,Desconocido,SAN LUIS
Netcall,1 oct 2026,12,927301972,9273019728285914311775,9283,Outbound,Portabilidad Postpago,EXPRESS,Logixtal,9001,CERRADAS,Entregado,Entregado,NET_ZRAMIREZG,SIM,1 oct 2026,1 oct 2026,null,No,CERRADAS,2026-10-02 01:06:26,Multilínea,Multi_item,Lima - Callao,null,Power ilim 79.90 SD N,Power ilim 79.90 SD N,AmericaMovil,10:00 - 22:00,Cerrado,Resuelto,Desconocido,SAN LUIS
Netcall,3 oct 2026,10,928048013,928048013Empty,9283,Outbound,Portabilidad Postpago,PROGRAMADO,Logixtal,9001,ABIERTAS,Pendiente Entrega,Pendiente de Picking,NET_NSANTAMARIA,SIM,5 oct 2026,null,null,No,ABIERTAS,null,Monolínea,Mono_item,Lima - Callao,null,null,null,null,09:00 - 20:00,En Progreso,En Progreso,null,null
Netcall,1 oct 2026,11,927285234,9272852348285749041549,9283,Outbound,Portabilidad Postpago,EXPRESS,Logixtal,9001,CERRADAS,Entregado,Entregado,NET_JCHAVEZC,SIM,1 oct 2026,1 oct 2026,null,No,CERRADAS,2026-10-02 01:48:39,Monolínea,Mono_item,Lima - Callao,null,Power 59.90 N,Power 59.90 N,AmericaMovil,10:00 - 22:00,Cerrado,Resuelto,Desconocido,SAN LUIS
Netcall,2 oct 2026,12,927761612,927761612,9283,Outbound,Portabilidad Postpago,EXPRESS,Logixtal,9001,CERRADAS,Entregado,Entregado,NET_MORIHUELAQ,SIM,2 oct 2026,2 oct 2026,null,No,CERRADAS,2026-10-03 01:15:14,Monolínea,Mono_item,Lima - Callao,null,Power ilim 79.90 SD N,null,null,10:00 - 22:00,Cerrado,Resuelto,null,SAN LUIS
Netcall,1 oct 2026,11,927271713,9272717138285631427772,9283,Outbound,Venta Regular / Alta,EXPRESS,Logixtal,9342,CERRADAS,Entregado,Entregado,NET_AARANAS,SIM,1 oct 2026,1 oct 2026,01/10/2026,Sí,CERRADAS,2026-10-01 14:44:46,Multilínea,Mono_item,Lima - Callao,39.95,Power ilim 79.90 SD N,Power ilim 79.90 SD N,Desconocido,10:00 - 22:00,Cerrado,Resuelto,Desconocido,SAN JUAN DE MIRAFLORES
Netcall,3 oct 2026,10,928052121,92805212189511710121083398813,9283,Outbound,Portabilidad Postpago,EXPRESS,Logixtal,9342,ABIERTAS,Pendiente Entrega,Pendiente de Picking,NET_GMENDIGUETE,SIM,3 oct 2026,null,null,No,ABIERTAS,null,Monolínea,Mono_item,Lima - Callao,null,null,null,null,10:00 - 22:00,En Progreso,Punto de No Retorno,null,null
Netcall,2 oct 2026,13,927787723,927787723,9283,Outbound,Portabilidad Postpago,EXPRESS,Logixtal,9342,CERRADAS,Entregado,Entregado,NET_BZUASNABARF,SIM,2 oct 2026,2 oct 2026,null,No,CERRADAS,2026-10-03 00:14:19,Monolínea,Mono_item,Lima - Callao,null,Power ilim 69.90 N,null,null,10:00 - 22:00,Cerrado,Resuelto,null,SAN JUAN DE MIRAFLORES
Netcall,2 oct 2026,17,927849603,927849603,9283,Outbound,Portabilidad Postpago,EXPRESS,Logixtal,9342,CERRADAS,Entregado,Entregado,NET_DVILLALOBOS,SIM,2 oct 2026,2 oct 2026,null,No,CERRADAS,2026-10-03 00:27:03,Monolínea,Mono_item,Lima - Callao,null,Power ilim 69.90 N,null,null,10:00 - 22:00,Cerrado,Resuelto,null,SAN JUAN DE MIRAFLORES
Netcall,1 oct 2026,9,927232518,9272325188285305150223,9283,Outbound,Portabilidad Postpago,PROGRAMADO,Logixtal,9342,ABIERTAS,Pendiente Entrega,Pendiente Entrega,NET_JSANGAMA,SIM,3 oct 2026,null,null,No,ABIERTAS,null,Multilínea,Multi_item,Lima - Callao,null,null,Power ilim 79.90 SD N,TELEFONICAPE,13:01 - 22:00,En Progreso,Punto de No Retorno,Desconocido,SAN JUAN DE MIRAFLORES
Netcall,1 oct 2026,17,927396461,9273964618286834793336,9283,Outbound,Portabilidad Postpago,EXPRESS,Logixtal,9342,CERRADAS,Entregado,Entregado,NET_OTACOM,SIM,1 oct 2026,1 oct 2026,null,No,CERRADAS,2026-10-02 01:54:20,Monolínea,Mono_item,Lima - Callao,null,Power ilim 69.90 N,Power ilim 69.90 N,TELEFONICAPE,10:00 - 22:00,Cerrado,Resuelto,Desconocido,SAN JUAN DE MIRAFLORES
Netcall,1 oct 2026,15,927351065,9273510658286391292125,9283,Outbound,Portabilidad Postpago,EXPRESS,Logixtal,9342,CANCELADAS,Anulado,DIRECCIÓN ERRADA,NET_CTRAVIM,SIM,1 oct 2026,null,null,No,CANCELADAS,2026-10-01 17:29:01,Monolínea,Mono_item,Lima - Callao,null,null,Power ilim 69.90 N,AmericaMovil,10:00 - 22:00,Cancelado,Rechazado,Desconocido,SAN JUAN DE MIRAFLORES
Netcall,1 oct 2026,14,927339263,9273392638286263944454,9283,Outbound,Portabilidad Postpago,EXPRESS,Logixtal,9342,CERRADAS,Entregado,Entregado,NET_AAPOLAYACAC,SIM,1 oct 2026,1 oct 2026,null,No,CERRADAS,2026-10-02 01:32:45,Monolínea,Mono_item,Lima - Callao,null,Power ilim 69.90 N,Power ilim 69.90 N,AmericaMovil,10:00 - 22:00,Cerrado,Resuelto,Desconocido,SAN JUAN DE MIRAFLORES
Netcall,2 oct 2026,17,927854778,927854778,9259,Outbound,Venta Regular / Alta,EXPRESS,Logixtal,9342,ABIERTAS,Pendiente Entrega,Pendiente Entrega,NET_CBIELICHR,SIM,2 oct 2026,null,null,No,ABIERTAS,null,Multilínea,Mono_item,Lima - Callao,null,null,null,null,10:00 - 22:00,En Progreso,Punto de No Retorno,null,SAN JUAN DE MIRAFLORES
Netcall,1 oct 2026,11,927274624,927274624,9283,Outbound,Portabilidad Postpago,EXPRESS,Logixtal,9342,CERRADAS,Entregado,Entregado,NET_AARANAS,SIM,1 oct 2026,1 oct 2026,null,No,CERRADAS,2026-10-02 00:18:18,Multilínea,Mono_item,Lima - Callao,null,Power ilim 79.90 SD N,null,null,10:00 - 22:00,Cerrado,Resuelto,null,SAN JUAN DE MIRAFLORES
Netcall,1 oct 2026,10,927258350,9272583508285526341134,9283,Outbound,Portabilidad Postpago,EXPRESS,Logixtal,9342,CANCELADAS,Anulado,DIRECCIÓN ERRADA,NET_TMUNOZCALDE,SIM,1 oct 2026,null,null,No,CANCELADAS,2026-10-01 12:04:00,Multilínea,Mono_item,Lima - Callao,null,null,Power ilim 79.90 SD N,TELEFONICAPE,10:00 - 22:00,Cancelado,Rechazado,Desconocido,SAN JUAN DE MIRAFLORES
Netcall,3 oct 2026,13,928122606,928122606Empty,9283,Outbound,Portabilidad Postpago,EXPRESS,Logixtal,9342,ABIERTAS,Pendiente Entrega,Pendiente de Picking,NET_MLFERNANDEV,SIM,3 oct 2026,null,null,No,ABIERTAS,null,Multilínea,Mono_item,Lima - Callao,null,null,null,null,10:00 - 22:00,null,null,null,null
Netcall,3 oct 2026,13,928123737,928123737Empty,9283,Outbound,Portabilidad Postpago,EXPRESS,Logixtal,9342,ABIERTAS,Pendiente Entrega,Pendiente de Picking,NET_MLFERNANDEV,SIM,3 oct 2026,null,null,No,ABIERTAS,null,Multilínea,Mono_item,Lima - Callao,null,null,null,null,10:00 - 22:00,null,null,null,null
Netcall,1 oct 2026,12,927291785,9272917858285821464971,9283,Outbound,Portabilidad Postpago,EXPRESS,Logixtal,9342,CERRADAS,Entregado,Entregado,NET_JCHAVEZPINT,SIM,1 oct 2026,1 oct 2026,null,No,CERRADAS,2026-10-02 01:03:55,Multilínea,Mono_item,Lima - Callao,null,Power ilim 79.90 SD N,Power ilim 79.90 SD N,TELEFONICAPE,10:00 - 22:00,Cerrado,Resuelto,Desconocido,SAN JUAN DE MIRAFLORES
Netcall,1 oct 2026,12,927292585,927292585,9283,Outbound,Portabilidad Postpago,EXPRESS,Logixtal,9342,CERRADAS,Entregado,Entregado,NET_JCHAVEZPINT,SIM,1 oct 2026,1 oct 2026,null,No,CERRADAS,2026-10-02 00:35:13,Multilínea,Mono_item,Lima - Callao,null,Power ilim 79.90 SD N,null,null,10:00 - 22:00,Cerrado,Resuelto,null,SAN JUAN DE MIRAFLORES
Netcall,1 oct 2026,16,927369111,9273691118286563510722,9283,Outbound,Portabilidad Postpago,EXPRESS,Logixtal,9342,CERRADAS,Entregado,Entregado,NET_YCASTILLOO,SIM,1 oct 2026,1 oct 2026,null,No,CERRADAS,2026-10-02 01:25:14,Monolínea,Mono_item,Lima - Callao,null,Power ilim 69.90 N,Power ilim 69.90 N,AmericaMovil,10:00 - 22:00,Cerrado,Resuelto,Desconocido,SAN JUAN DE MIRAFLORES
Netcall,2 oct 2026,16,927842115,927842115,9283,Outbound,Portabilidad Postpago,PROGRAMADO,Logixtal,9342,ABIERTAS,Pendiente Entrega,Pendiente Entrega,NET_WBENITESA,SIM,3 oct 2026,null,null,No,ABIERTAS,null,Monolínea,Mono_item,Lima - Callao,null,null,null,null,08:00 - 13:00,En Progreso,Punto de No Retorno,null,SAN JUAN DE MIRAFLORES
Netcall,1 oct 2026,9,927232518,9272325188285305150657,9283,Outbound,Portabilidad Postpago,PROGRAMADO,Logixtal,9342,ABIERTAS,Pendiente Entrega,Pendiente Entrega,NET_JSANGAMA,SIM,3 oct 2026,null,null,No,ABIERTAS,null,Multilínea,Multi_item,Lima - Callao,null,null,Power ilim 79.90 SD N,TELEFONICAPE,13:01 - 22:00,En Progreso,Punto de No Retorno,Desconocido,SAN JUAN DE MIRAFLORES
Netcall,3 oct 2026,13,928105930,92810593089511710111073984623,9283,Outbound,Portabilidad Postpago,EXPRESS,Logixtal,9342,ABIERTAS,Pendiente Entrega,Pendiente de Picking,NET_JCHAVEZPINT,SIM,3 oct 2026,null,null,No,ABIERTAS,null,Monolínea,Mono_item,Lima - Callao,null,null,null,null,10:00 - 22:00,En Progreso,Punto de No Retorno,null,null
Netcall,2 oct 2026,16,927843449,927843449,9283,Outbound,Portabilidad Postpago,PROGRAMADO,Logixtal,9342,ABIERTAS,Pendiente Entrega,Pendiente Entrega,NET_EGOMEZB,SIM,3 oct 2026,null,null,No,ABIERTAS,null,Multilínea,Mono_item,Lima - Callao,null,null,null,null,08:00 - 13:00,En Progreso,Punto de No Retorno,null,SAN JUAN DE MIRAFLORES
Netcall,2 oct 2026,9,927703420,927703420,9283,Outbound,Portabilidad Postpago,EXPRESS,Logixtal,9342,CERRADAS,Entregado,Entregado,NET_AROJASF,SIM,2 oct 2026,2 oct 2026,null,No,CERRADAS,2026-10-03 03:34:57,Monolínea,Mono_item,Lima - Callao,null,Power ilim 69.90 N,null,null,10:00 - 22:00,Cerrado,Resuelto,null,SAN JUAN DE MIRAFLORES
Netcall,2 oct 2026,16,927842112,927842112,9283,Outbound,Portabilidad Postpago,PROGRAMADO,Logixtal,9342,ABIERTAS,Pendiente Entrega,Pendiente Entrega,NET_EGOMEZB,SIM,3 oct 2026,null,null,No,ABIERTAS,null,Multilínea,Mono_item,Lima - Callao,null,null,null,null,08:00 - 13:00,En Progreso,Punto de No Retorno,null,SAN JUAN DE MIRAFLORES
Netcall,2 oct 2026,15,927827989,927827989,9259,Outbound,Venta Regular / Alta,EXPRESS,Logixtal,9342,CANCELADAS,Anulado,CLIENTE DESISTE - INFORMACIÓN INCORRECTA,NET_CBIELICHR,SIM,2 oct 2026,null,null,No,CANCELADAS,2026-10-02 16:36:39,Multilínea,Mono_item,Lima - Callao,null,null,null,null,10:00 - 22:00,Cancelado,Rechazado,null,SAN JUAN DE MIRAFLORES
Netcall,2 oct 2026,15,927826781,927826781,9259,Outbound,Portabilidad Postpago,EXPRESS,Logixtal,9342,ABIERTAS,Pendiente Entrega,Pendiente Entrega,NET_CBIELICHR,SIM,3 oct 2026,null,null,No,ABIERTAS,null,Multilínea,Mono_item,Lima - Callao,null,null,null,null,10:00 - 22:00,En Progreso,En Progreso,null,SAN JUAN DE MIRAFLORES
Netcall,3 oct 2026,8,928024195,92802419589511710121083474614,9283,Outbound,Portabilidad Postpago,EXPRESS,Logixtal,9342,ABIERTAS,Entregado,Entregado,NET_PHUAMANM,SIM,3 oct 2026,null,null,No,ABIERTAS,null,Monolínea,Mono_item,Lima - Callao,null,null,null,null,10:00 - 22:00,En Progreso,Pago Recibido,null,null
Netcall,3 oct 2026,12,928101473,92810147389511710111073961928,9283,Outbound,Portabilidad Postpago,EXPRESS,Logixtal,9342,ABIERTAS,Entregado,Entregado,NET_CULLOAC,SIM,3 oct 2026,null,null,No,ABIERTAS,null,Monolínea,Mono_item,Lima - Callao,null,null,null,null,10:00 - 22:00,En Progreso,Punto de No Retorno,null,null
Netcall,3 oct 2026,9,928035966,92803596689511710121083470943,9283,Outbound,Portabilidad Postpago,EXPRESS,Logixtal,9342,ABIERTAS,Pendiente Entrega,Pendiente de Picking,NET_LLEONAN,SIM,3 oct 2026,null,null,No,ABIERTAS,null,Monolínea,Mono_item,Lima - Callao,null,null,null,null,10:00 - 22:00,En Progreso,Punto de No Retorno,null,null
Netcall,2 oct 2026,14,927799294,927799294,9283,Outbound,Portabilidad Postpago,EXPRESS,Logixtal,9342,CERRADAS,Entregado,Entregado,NET_EZAPATAC,SIM,2 oct 2026,2 oct 2026,null,No,CERRADAS,2026-10-03 01:48:47,Monolínea,Mono_item,Lima - Callao,null,Power ilim 69.90 N,null,null,10:00 - 22:00,Cerrado,Resuelto,null,SAN JUAN DE MIRAFLORES
Netcall,1 oct 2026,13,927320735,9273207358286096816360,9283,Outbound,Portabilidad Postpago,PROGRAMADO,Logixtal,9342,CERRADAS,Entregado,Entregado,NET_MHUAPAYAQ,SIM,2 oct 2026,2 oct 2026,null,No,CERRADAS,2026-10-03 01:08:17,Monolínea,Mono_item,Lima - Callao,null,Power ilim 69.90 N,Power ilim 69.90 N,AmericaMovil,08:00 - 13:00,Cerrado,Resuelto,Desconocido,SAN JUAN DE MIRAFLORES
Netcall,2 oct 2026,9,927708184,927708184,9283,Outbound,Portabilidad Postpago,EXPRESS,Logixtal,9342,CERRADAS,Entregado,Entregado,NET_YSANTOSP,SIM,2 oct 2026,2 oct 2026,null,No,CERRADAS,2026-10-03 00:04:57,Monolínea,Mono_item,Lima - Callao,null,Power ilim 69.90 N,null,null,10:00 - 22:00,Cerrado,Resuelto,null,SAN JUAN DE MIRAFLORES
Netcall,1 oct 2026,9,927232518,9272325188285305150440,9283,Outbound,Portabilidad Postpago,PROGRAMADO,Logixtal,9342,ABIERTAS,Pendiente Entrega,Pendiente Entrega,NET_JSANGAMA,SIM,3 oct 2026,null,null,No,ABIERTAS,null,Multilínea,Multi_item,Lima - Callao,null,null,Power ilim 79.90 SD N,TELEFONICAPE,13:01 - 22:00,En Progreso,Punto de No Retorno,Desconocido,SAN JUAN DE MIRAFLORES
Netcall,3 oct 2026,11,928074720,92807472089511710111073984763,9283,Outbound,Portabilidad Postpago,EXPRESS,Logixtal,9342,ABIERTAS,Entregado,Entregado,NET_TANCHANTEG,SIM,3 oct 2026,null,null,No,ABIERTAS,null,Monolínea,Mono_item,Lima - Callao,null,null,null,null,10:00 - 22:00,En Progreso,Punto de No Retorno,null,null
Netcall,2 oct 2026,10,927732017,927732017,9283,Outbound,Portabilidad Postpago,EXPRESS,Logixtal,9342,CERRADAS,Entregado,Entregado,NET_NCASTILLOF,SIM,2 oct 2026,2 oct 2026,null,No,CERRADAS,2026-10-03 02:01:55,Monolínea,Mono_item,Lima - Callao,null,Power ilim 69.90 N,null,null,10:00 - 22:00,Cerrado,Resuelto,null,SAN JUAN DE MIRAFLORES
Netcall,2 oct 2026,11,927758287,927758287,9283,Outbound,Portabilidad Postpago,EXPRESS,Logixtal,9001,ERROR,Entregado,Entregado,NET_YRUEDAMONDR,SIM,2 oct 2026,2 oct 2026,null,No,ERROR,null,Monolínea,Mono_item,Lima - Callao,null,null,null,null,10:00 - 22:00,En Progreso,Pago Recibido,null,SAN JUAN DE LURIGANCHO
Netcall,1 oct 2026,12,927305569,9273055698285951454478,9283,Outbound,Portabilidad Postpago,EXPRESS,Logixtal,9001,CERRADAS,Entregado,Entregado,NET_EVALDIVIEZO,SIM,1 oct 2026,1 oct 2026,null,No,CERRADAS,2026-10-02 02:02:42,Monolínea,Mono_item,Lima - Callao,null,Power ilim 69.90 N,Power ilim 69.90 N,AmericaMovil,10:00 - 22:00,Cerrado,Resuelto,Desconocido,SAN JUAN DE LURIGANCHO
Netcall,1 oct 2026,9,927235111,9272351118285324156225,9283,Outbound,Portabilidad Postpago,EXPRESS,Logixtal,9001,CERRADAS,Entregado,Entregado,NET_VMEJIAC,SIM,1 oct 2026,1 oct 2026,null,No,CERRADAS,2026-10-02 03:58:57,Monolínea,Mono_item,Lima - Callao,null,Power ilim 79.90 SD N,Power ilim 79.90 SD N,TELEFONICAPE,10:00 - 22:00,Cerrado,Resuelto,Desconocido,SAN JUAN DE LURIGANCHO
Netcall,1 oct 2026,18,927405973,9274059738286918902106,9283,Outbound,Venta Regular / Alta,PROGRAMADO,Logixtal,9001,CERRADAS,Entregado,Entregado,TLV_NET_RSORIAH,SIM,2 oct 2026,2 oct 2026,null,No,CERRADAS,2026-10-02 09:54:09,Multilínea,Mono_item,Lima - Callao,null,Power ilim 79.90 SD N,Power ilim 79.90 SD N,Desconocido,08:00 - 13:00,Cerrado,Resuelto,Desconocido,SAN JUAN DE LURIGANCHO
Netcall,3 oct 2026,10,928051211,92805121189511710101081043553,9283,Outbound,Portabilidad Postpago,EXPRESS,Logixtal,9001,CANCELADAS,Pendiente Entrega,Pendiente de Picking,NET_RNUNEZH,SIM,3 oct 2026,null,null,No,CANCELADAS,2026-10-03 12:02:46,Monolínea,Mono_item,Lima - Callao,null,null,null,null,10:00 - 22:00,Cancelado,Rechazado,null,null
Netcall,3 oct 2026,13,928108208,92810820889511710101081511922,9283,Outbound,Portabilidad Postpago,EXPRESS,Logixtal,9001,ABIERTAS,Pendiente Entrega,Pendiente de Picking,TLV_NET_MLANDAR,SIM,3 oct 2026,null,null,No,ABIERTAS,null,Monolínea,Mono_item,Lima - Callao,null,null,null,null,10:00 - 22:00,En Progreso,Punto de No Retorno,null,null
Netcall,1 oct 2026,16,927374594,927374594,9283,Outbound,Portabilidad Postpago,EXPRESS,Logixtal,9001,CERRADAS,Entregado,Entregado,NET_SPEREZR,SIM,1 oct 2026,1 oct 2026,null,No,CERRADAS,2026-10-02 00:37:39,Monolínea,Mono_item,Lima - Callao,null,Power ilim 69.90 N,null,null,10:00 - 22:00,Cerrado,Resuelto,null,SAN JUAN DE LURIGANCHO
Netcall,1 oct 2026,9,927232003,9272320038285298143705,9271,Outbound,Portabilidad Postpago,EXPRESS,Logixtal,9001,CANCELADAS,Anulado,Cliente sin equipo Pin Porta,NET_KTORRESP,SIM,1 oct 2026,null,null,No,CANCELADAS,2026-10-01 10:46:32,Multilínea,Multi_item,Lima - Callao,null,null,Power ilim 79.90 SD N,AmericaMovil,10:00 - 22:00,Cancelado,Rechazado,Desconocido,SAN JUAN DE LURIGANCHO
Netcall,3 oct 2026,10,928040742,92804074289511710101080515148,9283,Outbound,Portabilidad Postpago,EXPRESS,Logixtal,9001,CANCELADAS,Pendiente Entrega,Pendiente de Picking,NET_ARIOST,SIM,3 oct 2026,null,null,No,CANCELADAS,2026-10-03 10:23:15,Monolínea,Mono_item,Lima - Callao,null,null,null,null,10:00 - 22:00,Cancelado,Pedido Cancelación,null,null
Netcall,3 oct 2026,9,928036089,92803608989511710121083438643,9283,Outbound,Portabilidad Postpago,EXPRESS,Logixtal,9001,CANCELADAS,Pendiente Entrega,Pendiente de Picking,TLV_NET_JMORO,SIM,3 oct 2026,null,null,No,CANCELADAS,2026-10-03 10:27:41,Multilínea,Mono_item,Lima - Callao,null,null,null,null,10:00 - 22:00,Cancelado,Rechazado,null,null
Netcall,3 oct 2026,11,928056405,92805640589511710101081511856,9283,Outbound,Portabilidad Postpago,EXPRESS,Logixtal,9001,ABIERTAS,Pendiente Entrega,Pendiente de Picking,TLV_NET_LVILLLA,SIM,3 oct 2026,null,null,No,ABIERTAS,null,Monolínea,Mono_item,Lima - Callao,null,null,null,null,10:00 - 22:00,En Progreso,Punto de No Retorno,null,null
Netcall,1 oct 2026,15,927349703,9273497038286372246841,9283,Outbound,Portabilidad Postpago,EXPRESS,Logixtal,9001,ABIERTAS,Entregado,Entregado,TLV_NET_SFERNAN,SIM,1 oct 2026,1 oct 2026,null,No,ABIERTAS,null,Monolínea,Mono_item,Lima - Callao,null,null,Power ilim 79.90 SD N,AmericaMovil,10:00 - 22:00,En Progreso,Punto de No Retorno,Desconocido,SAN JUAN DE LURIGANCHO
Netcall,2 oct 2026,12,927761123,927761123,9283,Outbound,Venta Regular / Alta,EXPRESS,Logixtal,9001,CERRADAS,Entregado,Entregado,NET_PSANCHEZE,SIM,2 oct 2026,2 oct 2026,null,No,CERRADAS,2026-10-02 16:07:59,Multilínea,Mono_item,Lima - Callao,null,Power ilim 79.90 SD N,null,null,10:00 - 22:00,Cerrado,Resuelto,null,SAN JUAN DE LURIGANCHO
Netcall,1 oct 2026,17,927382270,9273822708286701073042,9283,Outbound,Portabilidad Postpago,EXPRESS,Logixtal,9001,CERRADAS,Entregado,Entregado,TLV_NET_JMORO,SIM,1 oct 2026,1 oct 2026,null,No,CERRADAS,2026-10-02 01:49:08,Multilínea,Mono_item,Lima - Callao,null,Power ilim 79.90 SD N,Power ilim 79.90 SD N,Viettel Peru,10:00 - 22:00,Cerrado,Resuelto,Desconocido,SAN JUAN DE LURIGANCHO
Netcall,1 oct 2026,13,927318638,9273186388286077569440,9283,Outbound,Portabilidad Postpago,EXPRESS,Logixtal,9001,CERRADAS,Entregado,Entregado,NET_KORTIZD,SIM,1 oct 2026,1 oct 2026,null,No,CERRADAS,2026-10-02 01:05:52,Monolínea,Mono_item,Lima - Callao,null,Power ilim 69.90 N,Power ilim 69.90 N,AmericaMovil,10:00 - 22:00,Cerrado,Resuelto,Desconocido,SAN JUAN DE LURIGANCHO
Netcall,2 oct 2026,9,927707211,927707211,9271,Outbound,Portabilidad Postpago,PROGRAMADO,Logixtal,9001,ABIERTAS,Pendiente Entrega,Pendiente Entrega,NET_HDOMINGUEZC,SIM,3 oct 2026,null,null,No,ABIERTAS,null,Monolínea,Mono_item,Lima - Callao,null,null,null,null,08:00 - 13:00,En Progreso,Punto de No Retorno,null,SAN JUAN DE LURIGANCHO
Netcall,1 oct 2026,15,927345994,927345994,9283,Outbound,Portabilidad Postpago,EXPRESS,Logixtal,9001,CERRADAS,Entregado,Entregado,NET_SRUIZS,SIM,1 oct 2026,1 oct 2026,null,No,CERRADAS,2026-10-02 00:10:56,Multilínea,Mono_item,Lima - Callao,null,Power ilim 79.90 SD N,null,null,10:00 - 22:00,Cerrado,Resuelto,null,SAN JUAN DE LURIGANCHO
Netcall,1 oct 2026,17,927390150,9273901508286775919227,9283,Outbound,Portabilidad Postpago,EXPRESS,Logixtal,9001,CANCELADAS,Anulado,CLIENTE DESISTE - NO BRINDA MOTIVOS,TLV_NET_ACUBASS,SIM,1 oct 2026,null,null,No,CANCELADAS,2026-10-01 19:36:38,Monolínea,Mono_item,Lima - Callao,null,null,Power ilim 69.90 N,Viettel Peru,10:00 - 22:00,Cancelado,Rechazado,Desconocido,SAN JUAN DE LURIGANCHO
Netcall,2 oct 2026,9,927704201,927704201,9283,Outbound,Portabilidad Postpago,PROGRAMADO,Logixtal,9001,ABIERTAS,Pendiente Entrega,Pendiente Entrega,NET_KCHAVEZF,SIM,3 oct 2026,null,null,No,ABIERTAS,null,Monolínea,Mono_item,Lima - Callao,null,null,null,null,08:00 - 13:00,En Progreso,Punto de No Retorno,null,SAN JUAN DE LURIGANCHO
Netcall,2 oct 2026,15,927819648,927819648,9283,Outbound,Portabilidad Postpago,EXPRESS,Logixtal,9001,CERRADAS,Entregado,Entregado,NET_KROJASNAUPA,SIM,2 oct 2026,2 oct 2026,null,No,CERRADAS,2026-10-03 01:12:58,Monolínea,Mono_item,Lima - Callao,null,Power ilim 79.90 SD N,null,null,10:00 - 22:00,Cerrado,Resuelto,null,SAN JUAN DE LURIGANCHO
Netcall,1 oct 2026,6,927177780,9271777808285136082256,9283,Outbound,Portabilidad Postpago,EXPRESS,Logixtal,9001,CERRADAS,Entregado,Entregado,NET_RCARDENASH,SIM,1 oct 2026,1 oct 2026,null,No,CERRADAS,2026-10-02 00:53:25,Multilínea,Mono_item,Lima - Callao,null,Power ilim 79.90 SD N,Power ilim 79.90 SD N,Viettel Peru,10:00 - 22:00,Cerrado,Resuelto,Desconocido,SAN JUAN DE LURIGANCHO
Netcall,2 oct 2026,17,927860065,927860065,9283,Outbound,Portabilidad Postpago,EXPRESS,Logixtal,9001,ABIERTAS,Pendiente Entrega,Pendiente Entrega,NET_SSUAREZG,SIM,2 oct 2026,null,null,No,ABIERTAS,null,Monolínea,Mono_item,Lima - Callao,null,null,null,null,08:00 - 20:00,En Progreso,Punto de No Retorno,null,SAN JUAN DE LURIGANCHO
Netcall,1 oct 2026,14,927334841,9273348418286230109963,9283,Outbound,Portabilidad Postpago,PROGRAMADO,Logixtal,9001,ABIERTAS,Pendiente Entrega,Pendiente Entrega,NET_CMENESESV,SIM,3 oct 2026,null,null,No,ABIERTAS,null,Monolínea,Mono_item,Lima - Callao,null,null,Power ilim 69.90 N,TELEFONICAPE,08:00 - 13:00,En Progreso,Punto de No Retorno,Desconocido,SAN JUAN DE LURIGANCHO
Netcall,2 oct 2026,9,927710941,927710941,9283,Outbound,Portabilidad Postpago,EXPRESS,Logixtal,9001,CERRADAS,Entregado,Entregado,NET_VSANTISTEBV,SIM,2 oct 2026,2 oct 2026,null,No,CERRADAS,2026-10-03 03:32:01,Monolínea,Mono_item,Lima - Callao,null,Power ilim 69.90 N,null,null,10:00 - 22:00,Cerrado,Resuelto,null,SAN JUAN DE LURIGANCHO
Netcall,1 oct 2026,11,927281481,9272814818285714201820,9283,Outbound,Portabilidad Postpago,EXPRESS,Logixtal,9001,CERRADAS,Entregado,Entregado,NET_VSANTISTEBV,SIM,1 oct 2026,1 oct 2026,null,No,CERRADAS,2026-10-02 01:39:11,Multilínea,Mono_item,Lima - Callao,null,Power ilim 79.90 SD N,Power ilim 79.90 SD N,AmericaMovil,10:00 - 22:00,Cerrado,Resuelto,Desconocido,SAN JUAN DE LURIGANCHO
Netcall,1 oct 2026,17,927381911,9273819118286696289506,9283,Outbound,Portabilidad Postpago,EXPRESS,Logixtal,9001,CANCELADAS,Anulado,ZONA INACCESIBLE,NET_LTAMAYOD,SIM,1 oct 2026,null,null,No,CANCELADAS,2026-10-01 18:04:34,Multilínea,Mono_item,Lima - Callao,null,null,Power ilim 69.90 N,TELEFONICAPE,10:00 - 22:00,Cancelado,Rechazado,Desconocido,SAN JUAN DE LURIGANCHO
Netcall,3 oct 2026,10,928055627,92805562789511710101081512425,9283,Outbound,Portabilidad Postpago,EXPRESS,Logixtal,9001,ABIERTAS,Entregado,Entregado,NET_GVELASQUEZA,SIM,3 oct 2026,null,null,No,ABIERTAS,null,Monolínea,Mono_item,Lima - Callao,null,null,null,null,10:00 - 22:00,En Progreso,Punto de No Retorno,null,null
Netcall,1 oct 2026,11,927280521,9272805218285704748900,9283,Outbound,Portabilidad Postpago,EXPRESS,Logixtal,9001,CERRADAS,Entregado,Entregado,NET_VAYALA,SIM,1 oct 2026,1 oct 2026,null,No,CERRADAS,2026-10-02 01:36:34,Monolínea,Mono_item,Lima - Callao,null,Power 39.90 N,Power 39.90 N,TELEFONICAPE,10:00 - 22:00,Cerrado,Resuelto,Desconocido,SAN JUAN DE LURIGANCHO
Netcall,1 oct 2026,11,927273244,9272732448285643677350,9271,Outbound,Venta Regular / Alta,EXPRESS,Logixtal,9001,CERRADAS,Entregado,Entregado,NET_CSANTIAGOQ,SIM,1 oct 2026,1 oct 2026,01/10/2026,Sí,CERRADAS,2026-10-01 14:14:02,Multilínea,Mono_item,Lima - Callao,19.95,Power ilim 79.90 SD N,Power ilim 79.90 SD N,Desconocido,10:00 - 22:00,Cerrado,Resuelto,Desconocido,SAN JUAN DE LURIGANCHO
Netcall,1 oct 2026,10,927258629,9272586298285527643889,9283,Outbound,Portabilidad Postpago,EXPRESS,Logixtal,9001,CERRADAS,Entregado,Entregado,NET_ECHEROS,SIM,1 oct 2026,1 oct 2026,null,No,CERRADAS,2026-10-02 01:33:23,Monolínea,Mono_item,Lima - Callao,null,Power ilim 69.90 N,Power ilim 69.90 N,AmericaMovil,10:00 - 22:00,Cerrado,Resuelto,Desconocido,SAN JUAN DE LURIGANCHO
Netcall,1 oct 2026,11,927271964,9272719648285638026853,9271,Outbound,Venta Regular / Alta,EXPRESS,Logixtal,9001,CERRADAS,Entregado,Entregado,NET_CSANTIAGOQ,SIM,1 oct 2026,1 oct 2026,01/10/2026,Sí,CERRADAS,2026-10-01 14:09:13,Multilínea,Mono_item,Lima - Callao,39.95,Power ilim 79.90 SD N,Power ilim 79.90 SD N,Desconocido,10:00 - 22:00,Cerrado,Resuelto,Desconocido,SAN JUAN DE LURIGANCHO
Netcall,1 oct 2026,9,927231427,9272314278285292452912,9283,Outbound,Portabilidad Postpago,EXPRESS,Logixtal,9001,CERRADAS,Entregado,Entregado,TLV_NET_YAQUINO,SIM,1 oct 2026,1 oct 2026,null,No,CERRADAS,2026-10-02 01:39:40,Monolínea,Mono_item,Lima - Callao,null,Power ilim 69.90 N,Power ilim 69.90 N,TELEFONICAPE,10:00 - 22:00,Cerrado,Resuelto,Desconocido,SAN JUAN DE LURIGANCHO
Netcall,1 oct 2026,13,927316618,9273166188286060104727,9283,Outbound,Portabilidad Postpago,EXPRESS,Logixtal,9001,ABIERTAS,Pendiente Entrega,Pendiente Entrega,TLV_NET_MFARFAN,SIM,1 oct 2026,null,null,No,ABIERTAS,null,Monolínea,Mono_item,Lima - Callao,null,null,Power ilim 69.90 N,TELEFONICAPE,10:00 - 22:00,En Progreso,Punto de No Retorno,Desconocido,SAN JUAN DE LURIGANCHO
Netcall,2 oct 2026,16,927833658,927833658,9283,Outbound,Venta Regular / Alta,EXPRESS,Logixtal,9001,CANCELADAS,Anulado,CLIENTE YA NO DESEA PRODUCTO,NET_SSUAREZG,SIM,2 oct 2026,null,null,No,CANCELADAS,2026-10-02 16:38:43,Monolínea,Mono_item,Lima - Callao,null,null,null,null,10:00 - 22:00,Cancelado,Rechazado,null,SAN JUAN DE LURIGANCHO
Netcall,1 oct 2026,9,927232003,9272320038285298143922,9271,Outbound,Portabilidad Postpago,EXPRESS,Logixtal,9001,CANCELADAS,Anulado,Cliente sin equipo Pin Porta,NET_KTORRESP,SIM,1 oct 2026,null,null,No,CANCELADAS,2026-10-01 10:46:32,Multilínea,Multi_item,Lima - Callao,null,null,Power ilim 79.90 SD N,AmericaMovil,10:00 - 22:00,Cancelado,Rechazado,Desconocido,SAN JUAN DE LURIGANCHO
Netcall,2 oct 2026,13,927785858,927785858,9283,Outbound,Portabilidad Postpago,EXPRESS,Logixtal,9001,CERRADAS,Entregado,Entregado,NET_SDIAZO,SIM,2 oct 2026,2 oct 2026,null,No,CERRADAS,2026-10-03 00:31:32,Multilínea,Mono_item,Lima - Callao,null,Power ilim 79.90 SD N,null,null,10:00 - 22:00,Cerrado,Resuelto,null,SAN JUAN DE LURIGANCHO
Netcall,2 oct 2026,18,927877510,927877510,9283,Outbound,Portabilidad Postpago,EXPRESS,Logixtal,9001,ABIERTAS,Entregado,Entregado,NET_LTAMAYOD,SIM,2 oct 2026,2 oct 2026,null,No,ABIERTAS,null,Monolínea,Mono_item,Lima - Callao,null,null,null,null,10:00 - 22:00,En Progreso,Pago Recibido,null,SAN JUAN DE LURIGANCHO
Netcall,1 oct 2026,17,927391370,9273913708286784927068,9283,Outbound,Portabilidad Postpago,EXPRESS,Logixtal,9001,CANCELADAS,Anulado,CLIENTE DESISTE - NO BRINDA MOTIVOS,NET_PYGARCIAG,SIM,1 oct 2026,null,null,No,CANCELADAS,2026-10-01 19:12:01,Monolínea,Mono_item,Lima - Callao,null,null,Power ilim 79.90 SD N,Viettel Peru,10:00 - 22:00,Cancelado,Rechazado,Desconocido,SAN JUAN DE LURIGANCHO
Netcall,2 oct 2026,9,927694059,927694059,9283,Outbound,Portabilidad Postpago,PROGRAMADO,Logixtal,9001,ABIERTAS,Pendiente Entrega,Pendiente Entrega,NET_LCAMPOSCABR,SIM,4 oct 2026,null,null,No,ABIERTAS,null,Monolínea,Mono_item,Lima - Callao,null,null,null,null,08:00 - 22:00,En Progreso,Punto de No Retorno,null,SAN JUAN DE LURIGANCHO
Netcall,1 oct 2026,11,927282176,9272821768285717619161,9283,Outbound,Portabilidad Postpago,EXPRESS,Logixtal,9001,CERRADAS,Entregado,Entregado,NET_LLOBATONV,SIM,1 oct 2026,1 oct 2026,null,No,CERRADAS,2026-10-02 03:31:05,Monolínea,Mono_item,Lima - Callao,null,Power ilim 69.90 N,Power ilim 69.90 N,TELEFONICAPE,10:00 - 22:00,Cerrado,Resuelto,Desconocido,SAN JUAN DE LURIGANCHO
Netcall,1 oct 2026,9,927241289,927241289,9283,Outbound,Portabilidad Postpago,EXPRESS,Logixtal,9001,CERRADAS,Entregado,Entregado,TLV_NET_CACEVED,SIM,1 oct 2026,1 oct 2026,null,No,CERRADAS,2026-10-02 00:26:24,Monolínea,Mono_item,Lima - Callao,null,Power ilim 79.90 SD N,null,null,10:00 - 22:00,Cerrado,Resuelto,null,SAN JUAN DE LURIGANCHO
Netcall,1 oct 2026,15,927350045,9273500458286374310766,9283,Outbound,Portabilidad Postpago,EXPRESS,Logixtal,9001,CERRADAS,Entregado,Entregado,NET_ATRIVINOS,SIM,1 oct 2026,1 oct 2026,null,No,CERRADAS,2026-10-02 01:21:21,Monolínea,Mono_item,Lima - Callao,null,Power ilim 69.90 N,Power ilim 69.90 N,Viettel Peru,10:00 - 22:00,Cerrado,Resuelto,Desconocido,SAN JUAN DE LURIGANCHO
Netcall,2 oct 2026,9,927709446,927709446,9283,Outbound,Portabilidad Postpago,EXPRESS,Logixtal,9001,CERRADAS,Entregado,Entregado,NET_JLUCIANOT,SIM,2 oct 2026,2 oct 2026,null,No,CERRADAS,2026-10-03 01:06:31,Monolínea,Mono_item,Lima - Callao,null,Power ilim 69.90 N,null,null,10:00 - 22:00,Cerrado,Resuelto,null,SAN JUAN DE LURIGANCHO
Netcall,3 oct 2026,11,928070311,92807031189511710101081511864,9283,Outbound,Portabilidad Postpago,EXPRESS,Logixtal,9001,ABIERTAS,Pendiente Entrega,Pendiente de Picking,NET_JYPEREZV,SIM,3 oct 2026,null,null,No,ABIERTAS,null,Monolínea,Mono_item,Lima - Callao,null,null,null,null,10:00 - 22:00,En Progreso,Punto de No Retorno,null,null
Netcall,1 oct 2026,13,927319947,9273199478286083645669,9283,Outbound,Portabilidad Postpago,EXPRESS,Logixtal,9001,CANCELADAS,Anulado,PIN PORTA_NO VALIDO,NET_BROMANS,SIM,1 oct 2026,null,null,No,CANCELADAS,2026-10-01 15:03:34,Monolínea,Mono_item,Lima - Callao,null,null,Power ilim 69.90 N,TELEFONICAPE,10:00 - 22:00,Cancelado,Pedido Cancelación,Portabilidad Rechazada. REC01PRT09: El abonado tiene deuda exigible | paymentDueDate=2026-09-01|portabilityOperDateActive=2025-10-30|amount=29.6|units=01,SAN JUAN DE LURIGANCHO
Netcall,1 oct 2026,10,927250385,9272503858285460238518,9283,Outbound,Portabilidad Postpago,PROGRAMADO,Logixtal,9001,CERRADAS,Entregado,Entregado,NET_JSANCHEZC,SIM,2 oct 2026,2 oct 2026,null,No,CERRADAS,2026-10-03 03:37:46,Monolínea,Mono_item,Lima - Callao,null,Power ilim 79.90 SD N,Power ilim 79.90 SD N,AmericaMovil,08:00 - 13:00,Cerrado,Resuelto,Desconocido,SAN JUAN DE LURIGANCHO
Netcall,3 oct 2026,11,928079024,92807902489511710101081043603,9271,Outbound,Portabilidad Postpago,EXPRESS,Logixtal,9001,ABIERTAS,Entregado,Entregado,NET_RCEVERINOL,SIM,3 oct 2026,null,null,No,ABIERTAS,null,Multilínea,Mono_item,Lima - Callao,null,null,null,null,10:00 - 22:00,En Progreso,Punto de No Retorno,null,null
Netcall,3 oct 2026,10,928052670,928052670356105874076695,9223,Fidelización,Renovación,EXPRESS PROGRAMADO,Logixtal,9001,ABIERTAS,Pendiente Entrega,Pendiente de Picking,NET_MGARMAR,Equipo,3 oct 2026,null,null,No,ABIERTAS,null,Multilínea,Mono_item,Lima - Callao,null,null,null,null,17:01 - 21:00,En Progreso,Punto de No Retorno,null,null
Netcall,2 oct 2026,16,927837420,927837420,9283,Outbound,Portabilidad Postpago,PROGRAMADO,Logixtal,9001,ABIERTAS,Pendiente Entrega,Pendiente Entrega,NET_DDEPINHOZ,SIM,3 oct 2026,null,null,No,ABIERTAS,null,Monolínea,Mono_item,Lima - Callao,null,null,null,null,08:00 - 13:00,En Progreso,Punto de No Retorno,null,SAN JUAN DE LURIGANCHO
Netcall,2 oct 2026,17,927850084,927850084,9283,Outbound,Portabilidad Postpago,EXPRESS,Logixtal,9001,CERRADAS,Entregado,Entregado,NET_VSANTISTEBV,SIM,2 oct 2026,2 oct 2026,null,No,CERRADAS,2026-10-03 01:14:22,Monolínea,Mono_item,Lima - Callao,null,Power ilim 69.90 N,null,null,10:00 - 22:00,Cerrado,Resuelto,null,SAN JUAN DE LURIGANCHO
Netcall,1 oct 2026,11,927282555,9272825558285724434482,9283,Outbound,Venta Regular / Alta,EXPRESS,Logixtal,9001,CERRADAS,Entregado,Entregado,NET_VSANTISTEBV,SIM,1 oct 2026,1 oct 2026,01/10/2026,Sí,CERRADAS,2026-10-01 15:57:05,Multilínea,Mono_item,Lima - Callao,39.95,Power ilim 79.90 SD N,Power ilim 79.90 SD N,Desconocido,10:00 - 22:00,Cerrado,Resuelto,Desconocido,SAN JUAN DE LURIGANCHO
Netcall,3 oct 2026,13,928112975,92811297589511710101081511930,9283,Outbound,Portabilidad Postpago,EXPRESS,Logixtal,9001,ABIERTAS,Pendiente Entrega,Pendiente de Picking,NET_YRUEDAMONDR,SIM,3 oct 2026,null,null,No,ABIERTAS,null,Monolínea,Mono_item,Lima - Callao,null,null,null,null,10:00 - 22:00,En Progreso,Punto de No Retorno,null,null
Netcall,2 oct 2026,14,927807021,927807021,9283,Outbound,Portabilidad Postpago,EXPRESS,Logixtal,9001,ABIERTAS,Pendiente Entrega,Pendiente Entrega,NET_DLIMAYMANTC,SIM,2 oct 2026,null,null,No,ABIERTAS,null,Monolínea,Mono_item,Lima - Callao,null,null,null,null,10:00 - 22:00,En Progreso,Punto de No Retorno,null,SAN JUAN DE LURIGANCHO
Netcall,3 oct 2026,11,928077133,92807713389511710101081043595,9271,Outbound,Portabilidad Postpago,EXPRESS,Logixtal,9001,ABIERTAS,Entregado,Entregado,NET_RCEVERINOL,SIM,3 oct 2026,null,null,No,ABIERTAS,null,Multilínea,Mono_item,Lima - Callao,null,null,null,null,10:00 - 22:00,En Progreso,Punto de No Retorno,null,null
Netcall,1 oct 2026,6,927177594,9271775948285130458399,9283,Outbound,Portabilidad Postpago,EXPRESS,Logixtal,9001,CERRADAS,Entregado,Entregado,NET_RCARDENASH,SIM,1 oct 2026,1 oct 2026,null,No,CERRADAS,2026-10-02 03:31:00,Multilínea,Mono_item,Lima - Callao,null,Power ilim 79.90 SD N,Power ilim 79.90 SD N,Viettel Peru,10:00 - 22:00,Cerrado,Resuelto,Desconocido,SAN JUAN DE LURIGANCHO
Netcall,3 oct 2026,11,928076689,92807668989511710101081535434,9283,Outbound,Portabilidad Postpago,EXPRESS,Logixtal,9001,ABIERTAS,Entregado,Entregado,TLV_NET_JPENAM,SIM,3 oct 2026,null,null,No,ABIERTAS,null,Monolínea,Mono_item,Lima - Callao,null,null,null,null,10:00 - 22:00,En Progreso,Punto de No Retorno,null,null
Netcall,1 oct 2026,11,927283780,9272837808285733175294,9283,Outbound,Portabilidad Postpago,EXPRESS,Logixtal,9001,CERRADAS,Entregado,Entregado,TLV_NET_BCHAVEZ,SIM,1 oct 2026,1 oct 2026,null,No,CERRADAS,2026-10-02 01:38:10,Monolínea,Mono_item,Lima - Callao,null,Power ilim 69.90 N,Power ilim 69.90 N,TELEFONICAPE,10:00 - 22:00,Cerrado,Resuelto,Desconocido,SAN JUAN DE LURIGANCHO
Netcall,1 oct 2026,14,927332292,9273322928286205403710,9283,Outbound,Portabilidad Postpago,EXPRESS,Logixtal,9001,CERRADAS,Entregado,Entregado,NET_JVELASQUEZS,SIM,1 oct 2026,1 oct 2026,null,No,CERRADAS,2026-10-02 01:00:42,Monolínea,Mono_item,Lima - Callao,null,Power ilim 79.90 SD N,Power ilim 79.90 SD N,Viettel Peru,10:00 - 22:00,Cerrado,Resuelto,Desconocido,SAN JUAN DE LURIGANCHO
Netcall,2 oct 2026,14,927806346,927806346,9283,Outbound,Portabilidad Postpago,EXPRESS,Logixtal,9001,CERRADAS,Entregado,Entregado,NET_KCARRENOV,SIM,2 oct 2026,2 oct 2026,null,No,CERRADAS,2026-10-03 01:24:05,Monolínea,Mono_item,Lima - Callao,null,Power ilim 69.90 N,null,null,10:00 - 22:00,Cerrado,Resuelto,null,SAN JUAN DE LURIGANCHO
Netcall,1 oct 2026,17,927388553,927388553,9283,Outbound,Portabilidad Postpago,EXPRESS,Logixtal,9001,CERRADAS,Entregado,Entregado,NET_VJAUREGUIM,SIM,1 oct 2026,1 oct 2026,null,No,CERRADAS,2026-10-02 00:23:49,Monolínea,Mono_item,Lima - Callao,null,Power ilim 69.90 N,null,null,10:00 - 22:00,Cerrado,Resuelto,null,SAN JUAN DE LURIGANCHO
Netcall,3 oct 2026,13,928119021,928119021Empty,9271,Outbound,Portabilidad Postpago,EXPRESS,Logixtal,9001,ABIERTAS,Pendiente Entrega,Pendiente de Picking,NET_STITOP,SIM,3 oct 2026,null,null,No,ABIERTAS,null,Monolínea,Mono_item,Lima - Callao,null,null,null,null,10:00 - 22:00,En Progreso,En Progreso,null,null
Netcall,3 oct 2026,11,928061430,92806143089511710101081014919,9271,Outbound,Portabilidad Postpago,EXPRESS,Logixtal,9001,ABIERTAS,Entregado,Entregado,NET_STANANTAM,SIM,3 oct 2026,null,null,No,ABIERTAS,null,Monolínea,Mono_item,Lima - Callao,null,null,null,null,10:00 - 22:00,En Progreso,Punto de No Retorno,null,null
Netcall,3 oct 2026,11,928078121,92807812189511710101081512474,9271,Outbound,Portabilidad Postpago,EXPRESS,Logixtal,9001,ABIERTAS,Entregado,Entregado,NET_KANGELESS,SIM,3 oct 2026,null,null,No,ABIERTAS,null,Monolínea,Mono_item,Lima - Callao,null,null,null,null,10:00 - 22:00,En Progreso,Punto de No Retorno,null,null
Netcall,2 oct 2026,11,927749818,927749818,9283,Outbound,Venta Regular / Alta,EXPRESS,Logixtal,9001,CANCELADAS,Anulado,SOLICITADO POR CANAL,NET_DNIEVESNIMA,SIM,2 oct 2026,null,null,No,CANCELADAS,2026-10-02 12:16:41,Multilínea,Mono_item,Lima - Callao,null,null,null,null,10:00 - 22:00,Cancelado,Rechazado,null,SAN JUAN DE LURIGANCHO
Netcall,2 oct 2026,16,927833249,927833249,9283,Outbound,Portabilidad Postpago,EXPRESS,Logixtal,9001,CERRADAS,Entregado,Entregado,TLV_NET_CACEVED,SIM,2 oct 2026,2 oct 2026,null,No,CERRADAS,2026-10-03 00:46:02,Multilínea,Mono_item,Lima - Callao,null,Power ilim 79.90 SD N,null,null,10:00 - 22:00,Cerrado,Resuelto,null,SAN JUAN DE LURIGANCHO
Netcall,2 oct 2026,12,927763438,927763438,9283,Outbound,Portabilidad Postpago,EXPRESS,Logixtal,9001,CERRADAS,Entregado,Entregado,NET_PSANCHEZE,SIM,2 oct 2026,2 oct 2026,null,No,CERRADAS,2026-10-03 01:34:36,Multilínea,Mono_item,Lima - Callao,null,Power ilim 79.90 SD N,null,null,10:00 - 22:00,Cerrado,Resuelto,null,SAN JUAN DE LURIGANCHO
Netcall,2 oct 2026,12,927763126,927763126,9283,Outbound,Portabilidad Postpago,EXPRESS,Logixtal,9001,ABIERTAS,Pendiente Entrega,Pendiente Entrega,NET_RPINZONN,SIM,2 oct 2026,null,null,No,ABIERTAS,null,Monolínea,Mono_item,Lima - Callao,null,null,null,null,10:00 - 22:00,En Progreso,Punto de No Retorno,null,SAN JUAN DE LURIGANCHO
Netcall,1 oct 2026,14,927329496,9273294968286179957171,9283,Outbound,Portabilidad Postpago,EXPRESS,Logixtal,9001,CERRADAS,Entregado,Entregado,NET_GGALLARDAYA,SIM,1 oct 2026,1 oct 2026,null,No,CERRADAS,2026-10-02 01:07:08,Monolínea,Mono_item,Lima - Callao,null,Power ilim 69.90 N,Power ilim 69.90 N,TELEFONICAPE,10:00 - 22:00,Cerrado,Resuelto,Desconocido,SAN JUAN DE LURIGANCHO
Netcall,2 oct 2026,10,927719224,927719224,9283,Outbound,Portabilidad Postpago,EXPRESS,Logixtal,9001,CERRADAS,Entregado,Entregado,NET_MARIOSV,SIM,2 oct 2026,2 oct 2026,null,No,CERRADAS,2026-10-03 03:32:10,Monolínea,Mono_item,Lima - Callao,null,Power ilim 69.90 N,null,null,10:00 - 22:00,Cerrado,Resuelto,null,SAN JUAN DE LURIGANCHO
Netcall,2 oct 2026,13,927794824,927794824,9283,Outbound,Venta Regular / Alta,EXPRESS,Logixtal,9001,CERRADAS,Entregado,Entregado,NET_DNIEVESNIMA,SIM,2 oct 2026,2 oct 2026,null,No,CERRADAS,2026-10-02 19:30:16,Multilínea,Mono_item,Lima - Callao,null,Power 39.90 N,null,null,10:00 - 22:00,Cerrado,Resuelto,null,SAN JUAN DE LURIGANCHO
Netcall,2 oct 2026,13,927782785,927782785,9283,Outbound,Portabilidad Postpago,PROGRAMADO,Logixtal,9001,ABIERTAS,Pendiente Entrega,Pendiente Entrega,NET_MDONAYRE,SIM,3 oct 2026,null,null,No,ABIERTAS,null,Monolínea,Mono_item,Lima - Callao,null,null,null,null,08:00 - 13:00,En Progreso,Punto de No Retorno,null,SAN JUAN DE LURIGANCHO
Netcall,1 oct 2026,9,927231969,9272319698285298567737,9283,Outbound,Portabilidad Postpago,EXPRESS,Logixtal,9001,CANCELADAS,Anulado,ZONA INACCESIBLE,NET_LTAMAYOD,SIM,1 oct 2026,null,null,No,CANCELADAS,2026-10-01 16:47:01,Multilínea,Mono_item,Lima - Callao,null,null,Power ilim 69.90 N,TELEFONICAPE,10:00 - 22:00,Cancelado,Rechazado,Desconocido,SAN JUAN DE LURIGANCHO
Netcall,3 oct 2026,13,928123584,928123584Empty,9283,Outbound,Portabilidad Postpago,PROGRAMADO,Logixtal,9001,ABIERTAS,Pendiente Entrega,Pendiente de Picking,NET_ABARRERAY,SIM,4 oct 2026,null,null,No,ABIERTAS,null,Monolínea,Mono_item,Lima - Callao,null,null,null,null,08:00 - 22:00,null,null,null,null
Netcall,2 oct 2026,11,927757216,927757216,9283,Outbound,Portabilidad Postpago,EXPRESS,Logixtal,9001,CERRADAS,Entregado,Entregado,NET_RMPEREZC,SIM,2 oct 2026,2 oct 2026,null,No,CERRADAS,2026-10-03 00:52:23,Monolínea,Mono_item,Lima - Callao,null,Power ilim 79.90 SD N,null,null,10:00 - 22:00,Cerrado,Resuelto,null,SAN JUAN DE LURIGANCHO
Netcall,3 oct 2026,11,928075999,92807599989511710101081043652,9271,Outbound,Portabilidad Postpago,EXPRESS,Logixtal,9001,ABIERTAS,Entregado,Entregado,NET_RCEVERINOL,SIM,3 oct 2026,null,null,No,ABIERTAS,null,Multilínea,Mono_item,Lima - Callao,null,null,null,null,10:00 - 22:00,En Progreso,Punto de No Retorno,null,null
Netcall,2 oct 2026,14,927801062,927801062,9283,Outbound,Portabilidad Postpago,EXPRESS,Logixtal,9001,CERRADAS,Entregado,Entregado,NET_LVASQUEZT,SIM,2 oct 2026,2 oct 2026,null,No,CERRADAS,2026-10-03 00:33:32,Monolínea,Mono_item,Lima - Callao,null,Power ilim 79.90 SD N,null,null,10:00 - 22:00,Cerrado,Resuelto,null,SAN JUAN DE LURIGANCHO
Netcall,1 oct 2026,17,927386575,9273865758286742918112,9283,Outbound,Portabilidad Postpago,EXPRESS,Logixtal,9001,ABIERTAS,Pendiente Entrega,Pendiente Entrega,NET_TREATEGUIV,SIM,1 oct 2026,null,null,No,ABIERTAS,null,Monolínea,Mono_item,Lima - Callao,null,null,Power ilim 69.90 N,AmericaMovil,10:00 - 22:00,En Progreso,Punto de No Retorno,Desconocido,SAN JUAN DE LURIGANCHO
Netcall,1 oct 2026,15,927344633,9273446338286323326945,9283,Outbound,Portabilidad Postpago,EXPRESS,Logixtal,9001,CERRADAS,Entregado,Entregado,NET_SRUIZS,SIM,1 oct 2026,1 oct 2026,null,No,CERRADAS,2026-10-02 01:41:04,Multilínea,Mono_item,Lima - Callao,null,Power ilim 79.90 SD N,Power ilim 79.90 SD N,AmericaMovil,10:00 - 22:00,Cerrado,Resuelto,Desconocido,SAN JUAN DE LURIGANCHO
Netcall,2 oct 2026,15,927828582,927828582,9283,Outbound,Portabilidad Postpago,EXPRESS,Logixtal,9001,CERRADAS,Entregado,Entregado,NET_KCHAVEZF,SIM,2 oct 2026,2 oct 2026,null,No,CERRADAS,2026-10-03 00:23:45,Monolínea,Mono_item,Lima - Callao,null,Power ilim 69.90 N,null,null,10:00 - 22:00,Cerrado,Resuelto,null,SAN JUAN DE LURIGANCHO
Netcall,1 oct 2026,9,927236283,9272362838285332268423,9283,Outbound,Portabilidad Postpago,PROGRAMADO,Logixtal,9001,CANCELADAS,Anulado,CLIENTE DESISTE - INFORMACIÓN INCORRECTA,NET_MMREVILLA,SIM,2 oct 2026,null,null,No,CANCELADAS,2026-10-02 12:23:43,Monolínea,Mono_item,Lima - Callao,null,null,Power ilim 69.90 N,Viettel Peru,08:00 - 13:00,Cancelado,Rechazado,Desconocido,SAN JUAN DE LURIGANCHO
Netcall,2 oct 2026,11,927742508,927742508,5299,Outbound,Venta Regular / Alta,PROGRAMADO,Logixtal,9001,ABIERTAS,Pendiente Entrega,Pendiente Entrega,NET_LVIZCARRARO,SIM,3 oct 2026,null,null,No,ABIERTAS,null,Multilínea,Mono_item,Lima - Callao,null,null,null,null,08:00 - 13:00,En Progreso,Punto de No Retorno,null,SAN JUAN DE LURIGANCHO
Netcall,1 oct 2026,17,927383327,9273833278286709893880,9283,Outbound,Portabilidad Postpago,EXPRESS,Logixtal,9001,CERRADAS,Entregado,Entregado,TLV_NET_JMORO,SIM,1 oct 2026,1 oct 2026,null,No,CERRADAS,2026-10-02 01:32:41,Multilínea,Mono_item,Lima - Callao,null,Power ilim 79.90 SD N,Power ilim 79.90 SD N,Viettel Peru,10:00 - 22:00,Cerrado,Resuelto,Desconocido,SAN JUAN DE LURIGANCHO
Netcall,2 oct 2026,9,927704024,927704024,9283,Outbound,Portabilidad Postpago,EXPRESS,Logixtal,9001,CANCELADAS,Anulado,ZONA INACCESIBLE,NET_LTAMAYOD,SIM,2 oct 2026,null,null,No,CANCELADAS,2026-10-02 12:34:43,Multilínea,Mono_item,Lima - Callao,null,null,null,null,10:00 - 22:00,Cancelado,Rechazado,null,SAN JUAN DE LURIGANCHO
Netcall,3 oct 2026,11,928068512,92806851289511710111087037871,9283,Outbound,Portabilidad Postpago,EXPRESS,Logixtal,9001,ABIERTAS,Entregado,Entregado,TLV_NET_BRAMIRE,SIM,3 oct 2026,null,null,No,ABIERTAS,null,Monolínea,Mono_item,Lima - Callao,null,null,null,null,10:00 - 22:00,En Progreso,Punto de No Retorno,null,null
Netcall,2 oct 2026,10,927725035,927725035,9283,Outbound,Venta Regular / Alta,EXPRESS,Logixtal,9001,CANCELADAS,Anulado,CLIENTE YA NO DESEA PRODUCTO,NET_SDIAZO,SIM,2 oct 2026,null,null,No,CANCELADAS,2026-10-02 13:29:42,Monolínea,Mono_item,Lima - Callao,null,null,null,null,10:00 - 22:00,Cancelado,Rechazado,null,SAN JUAN DE LURIGANCHO
Netcall,1 oct 2026,18,927404210,9274042108286910409062,9283,Outbound,Portabilidad Postpago,PROGRAMADO,Logixtal,9001,CERRADAS,Entregado,Entregado,TLV_NET_RSORIAH,SIM,2 oct 2026,2 oct 2026,null,No,CERRADAS,2026-10-03 00:21:59,Multilínea,Mono_item,Lima - Callao,null,Power ilim 79.90 SD N,Power ilim 79.90 SD N,Viettel Peru,08:00 - 13:00,Cerrado,Resuelto,Desconocido,SAN JUAN DE LURIGANCHO
Netcall,2 oct 2026,16,927834696,927834696,9283,Outbound,Portabilidad Postpago,EXPRESS,Logixtal,9001,CERRADAS,Entregado,Entregado,TLV_NET_CACEVED,SIM,2 oct 2026,2 oct 2026,null,No,CERRADAS,2026-10-03 01:38:34,Multilínea,Mono_item,Lima - Callao,null,Power ilim 79.90 SD N,null,null,10:00 - 22:00,Cerrado,Resuelto,null,SAN JUAN DE LURIGANCHO
Netcall,2 oct 2026,11,927744134,927744134,5299,Outbound,Portabilidad Postpago,PROGRAMADO,Logixtal,9001,ABIERTAS,Pendiente Entrega,Pendiente Entrega,NET_LVIZCARRARO,SIM,3 oct 2026,null,null,No,ABIERTAS,null,Multilínea,Mono_item,Lima - Callao,null,null,null,null,08:00 - 13:00,En Progreso,Punto de No Retorno,null,SAN JUAN DE LURIGANCHO
Netcall,1 oct 2026,10,927254774,9272547748285496086140,9283,Outbound,Portabilidad Postpago,EXPRESS,Logixtal,9001,CERRADAS,Entregado,Entregado,NET_EBOZA,SIM,1 oct 2026,1 oct 2026,null,No,CERRADAS,2026-10-02 00:50:52,Monolínea,Mono_item,Lima - Callao,null,Power 59.90 N,Power 59.90 N,AmericaMovil,10:00 - 22:00,Cerrado,Resuelto,Desconocido,SAN JUAN DE LURIGANCHO
Netcall,2 oct 2026,13,927783912,927783912,9283,Outbound,Portabilidad Postpago,EXPRESS,Logixtal,9001,CERRADAS,Entregado,Entregado,NET_SDIAZO,SIM,2 oct 2026,2 oct 2026,null,No,CERRADAS,2026-10-03 01:49:01,Multilínea,Mono_item,Lima - Callao,null,Power ilim 79.90 SD N,null,null,10:00 - 22:00,Cerrado,Resuelto,null,SAN JUAN DE LURIGANCHO
Netcall,2 oct 2026,11,927748502,927748502,9283,Outbound,Portabilidad Postpago,EXPRESS,Logixtal,9001,CERRADAS,Entregado,Entregado,NET_GSANCHEZO,SIM,2 oct 2026,2 oct 2026,null,No,CERRADAS,2026-10-03 00:21:45,Monolínea,Mono_item,Lima - Callao,null,Power ilim 69.90 N,null,null,10:00 - 22:00,Cerrado,Resuelto,null,SAN JUAN DE LURIGANCHO
Netcall,3 oct 2026,11,928080033,92808003389511710101081043637,9271,Outbound,Portabilidad Postpago,EXPRESS,Logixtal,9001,ABIERTAS,Entregado,Entregado,NET_RCEVERINOL,SIM,3 oct 2026,null,null,No,ABIERTAS,null,Multilínea,Mono_item,Lima - Callao,null,null,null,null,10:00 - 22:00,En Progreso,Punto de No Retorno,null,null
Netcall,1 oct 2026,12,927307787,9273077878285968044405,9283,Outbound,Portabilidad Postpago,EXPRESS,Logixtal,9345,CANCELADAS,Anulado,DIRECCIÓN ERRADA,NET_CALVANC,SIM,1 oct 2026,null,null,No,CANCELADAS,2026-10-02 11:11:46,Multilínea,Mono_item,Ica,null,null,Power ilim 79.90 SD N,TELEFONICAPE,10:00 - 20:00,Cancelado,Rechazado,Desconocido,SAN JUAN BAUTISTA
Netcall,2 oct 2026,13,927783503,927783503,9283,Outbound,Portabilidad Postpago,EXPRESS,Logixtal,9355,CERRADAS,Entregado,Entregado,TLV_NET_GJQUISP,SIM,2 oct 2026,2 oct 2026,null,No,CERRADAS,2026-10-03 01:58:18,Multilínea,Mono_item,Loreto,null,Power ilim 79.90 SD N,null,null,10:00 - 20:00,Cerrado,Resuelto,null,SAN JUAN BAUTISTA
Netcall,1 oct 2026,10,927247702,9272477028285431742628,9283,Outbound,Portabilidad Postpago,EXPRESS,Logixtal,9355,CERRADAS,Entregado,Entregado,NET_SCAVEROC,SIM,1 oct 2026,1 oct 2026,null,No,CERRADAS,2026-10-02 01:30:24,Monolínea,Mono_item,Loreto,null,Power ilim 69.90 N,Power ilim 69.90 N,TELEFONICAPE,10:00 - 20:00,Cerrado,Resuelto,Desconocido,SAN JUAN BAUTISTA
Netcall,2 oct 2026,8,927683692,927683692,9283,Outbound,Portabilidad Postpago,EXPRESS,Logixtal,9345,ABIERTAS,Pendiente Entrega,Pendiente Entrega,NET_GVELASQUEZA,SIM,2 oct 2026,null,null,No,ABIERTAS,null,Multilínea,Mono_item,Ica,null,null,null,null,08:00 - 20:00,En Progreso,Punto de No Retorno,null,SAN JUAN BAUTISTA
Netcall,2 oct 2026,13,927782181,927782181,9283,Outbound,Portabilidad Postpago,EXPRESS,Logixtal,9355,CERRADAS,Entregado,Entregado,TLV_NET_GJQUISP,SIM,2 oct 2026,2 oct 2026,null,No,CERRADAS,2026-10-03 00:57:23,Multilínea,Mono_item,Loreto,null,Power ilim 79.90 SD N,null,null,10:00 - 20:00,Cerrado,Resuelto,null,SAN JUAN BAUTISTA
Netcall,1 oct 2026,11,927278552,9272785528285709925932,9283,Outbound,Portabilidad Postpago,EXPRESS,Logixtal,9355,CERRADAS,Entregado,Entregado,TLV_NET_BRAMIRE,SIM,1 oct 2026,1 oct 2026,null,No,CERRADAS,2026-10-02 01:02:07,Monolínea,Mono_item,Loreto,null,Power 39.90 N,Power 39.90 N,TELEFONICAPE,10:00 - 20:00,Cerrado,Resuelto,Desconocido,SAN JUAN BAUTISTA
Netcall,2 oct 2026,10,927730955,927730955,9283,Outbound,Portabilidad Postpago,PROGRAMADO,Logixtal,9354,ABIERTAS,Pendiente Entrega,Pendiente Entrega,NET_MHUARCAYAA,SIM,3 oct 2026,null,null,No,ABIERTAS,null,Monolínea,Mono_item,Ayacucho,null,null,null,null,13:01 - 19:00,En Progreso,En Progreso,null,SAN JUAN BAUTISTA
Netcall,3 oct 2026,11,928078790,92807879089511710101029861421,9283,Outbound,Portabilidad Postpago,EXPRESS,Retiro en tienda,9355,CANCELADAS,Cancelado,Cancelado,NET_SBENITOV,SIM,3 oct 2026,null,null,No,CANCELADAS,2026-10-03 12:45:43,Monolínea,Mono_item,Loreto,null,null,null,null,10:00 - 20:00,Cancelado,Rechazado,null,null
Netcall,1 oct 2026,16,927369046,9273690468286613656438,9283,Outbound,Portabilidad Postpago,EXPRESS,Logixtal,9354,ABIERTAS,Pendiente Entrega,Pendiente Entrega,NET_JORTIZV,SIM,1 oct 2026,null,null,No,ABIERTAS,null,Monolínea,Mono_item,Ayacucho,null,null,Power ilim 69.90 N,TELEFONICAPE,10:00 - 20:00,En Progreso,Punto de No Retorno,Desconocido,SAN JUAN BAUTISTA
Netcall,1 oct 2026,11,927281504,9272815048285713169907,9283,Outbound,Portabilidad Postpago,EXPRESS,Logixtal,9345,CANCELADAS,Anulado,PIN-PORTA NO LLEGA SMS,NET_GVELASQUEZA,SIM,1 oct 2026,null,null,No,CANCELADAS,2026-10-01 13:04:59,Multilínea,Mono_item,Ica,null,null,Power ilim 79.90 SD N,AmericaMovil,10:00 - 20:00,Cancelado,Rechazado,Desconocido,SAN JUAN BAUTISTA
Netcall,2 oct 2026,8,927682551,927682551,9283,Outbound,Portabilidad Postpago,EXPRESS,Logixtal,9345,CERRADAS,Entregado,Entregado,NET_GVELASQUEZA,SIM,2 oct 2026,2 oct 2026,null,No,CERRADAS,2026-10-03 03:37:10,Multilínea,Mono_item,Ica,null,Power ilim 79.90 SD N,null,null,10:00 - 20:00,Cerrado,Resuelto,null,SAN JUAN BAUTISTA
Netcall,1 oct 2026,12,927309136,9273091368285983316517,9283,Outbound,Portabilidad Postpago,PROGRAMADO,Logixtal,9354,CERRADAS,Entregado,Entregado,NET_MHUAPAYAQ,SIM,2 oct 2026,2 oct 2026,null,No,CERRADAS,2026-10-03 01:16:49,Monolínea,Mono_item,Ayacucho,null,Power ilim 69.90 N,Power ilim 69.90 N,AmericaMovil,09:00 - 13:00,Cerrado,Resuelto,Desconocido,SAN JUAN BAUTISTA
Netcall,2 oct 2026,11,927751095,927751095,5299,Outbound,Portabilidad Postpago,PROGRAMADO,Logixtal,9345,ABIERTAS,Pendiente Entrega,Pendiente Entrega,NET_RCANDIOTTIA,SIM,3 oct 2026,null,null,No,ABIERTAS,null,Monolínea,Mono_item,Ica,null,null,null,null,09:00 - 13:00,En Progreso,En Progreso,null,SAN JUAN BAUTISTA
Netcall,1 oct 2026,12,927308826,9273088268285985543301,9283,Outbound,Venta Regular / Alta,EXPRESS,Logixtal,9345,CANCELADAS,Anulado,DIRECCIÓN ERRADA,NET_CALVANC,SIM,1 oct 2026,null,null,No,CANCELADAS,2026-10-02 12:44:41,Multilínea,Mono_item,Ica,null,null,Power ilim 79.90 SD N,Desconocido,10:00 - 20:00,Cancelado,Rechazado,Desconocido,SAN JUAN BAUTISTA
Netcall,1 oct 2026,9,927244948,927244948,5299,Outbound,Portabilidad Postpago,EXPRESS,Logixtal,9354,CERRADAS,Entregado,Entregado,NET_AEREYES,SIM,1 oct 2026,1 oct 2026,null,No,CERRADAS,2026-10-02 00:14:25,Monolínea,Mono_item,Ayacucho,null,Power ilim 69.90 N,null,null,10:00 - 20:00,Cerrado,Resuelto,null,SAN JUAN BAUTISTA
Netcall,1 oct 2026,11,927279814,9272798148285693982460,9283,Outbound,Portabilidad Postpago,EXPRESS,Logixtal,9345,CANCELADAS,Anulado,PIN-PORTA NO LLEGA SMS,NET_GVELASQUEZA,SIM,1 oct 2026,null,null,No,CANCELADAS,2026-10-01 13:06:26,Multilínea,Mono_item,Ica,null,null,Power ilim 79.90 SD N,AmericaMovil,10:00 - 20:00,Cancelado,Rechazado,Desconocido,SAN JUAN BAUTISTA
Netcall,3 oct 2026,11,928078790,92807879089511710101029861413,9283,Outbound,Portabilidad Postpago,EXPRESS,Retiro en tienda,9355,CANCELADAS,Cancelado,Cancelado,NET_SBENITOV,SIM,3 oct 2026,null,null,No,CANCELADAS,2026-10-03 12:45:43,Monolínea,Mono_item,Loreto,null,null,null,null,10:00 - 20:00,Cancelado,Rechazado,null,null
Netcall,2 oct 2026,16,927841189,927841189,9283,Outbound,Portabilidad Postpago,PROGRAMADO,Logixtal,9343,ABIERTAS,Pendiente Entrega,Pendiente Entrega,NET_EZAPATAC,SIM,3 oct 2026,null,null,No,ABIERTAS,null,Monolínea,Mono_item,Cusco,null,null,null,null,09:00 - 13:00,En Progreso,Punto de No Retorno,null,SAN JERONIMO
Netcall,2 oct 2026,9,927696073,927696073,9283,Outbound,Portabilidad Postpago,EXPRESS,Logixtal,9343,CANCELADAS,Anulado,CLIENTE DESISTE - CONTRAOFERTA,NET_DEGALLARDOA,SIM,2 oct 2026,null,null,No,CANCELADAS,2026-10-02 12:21:42,Monolínea,Mono_item,Cusco,null,null,null,null,10:00 - 20:00,Cancelado,Rechazado,null,SAN JERONIMO
Netcall,3 oct 2026,10,928041839,92804183989511710101081005610,9283,Outbound,Portabilidad Postpago,EXPRESS,Logixtal,9001,ABIERTAS,Entregado,Entregado,NET_ECHEROS,SIM,3 oct 2026,null,null,No,ABIERTAS,null,Monolínea,Mono_item,Lima - Callao,null,null,null,null,10:00 - 22:00,En Progreso,Punto de No Retorno,null,null
Netcall,1 oct 2026,11,927267306,9272673068285598225826,9283,Outbound,Portabilidad Postpago,EXPRESS,Logixtal,9001,CERRADAS,Entregado,Entregado,TLV_NET_DGARCIA,SIM,1 oct 2026,1 oct 2026,null,No,CERRADAS,2026-10-02 00:52:10,Monolínea,Mono_item,Lima - Callao,null,Power ilim 69.90 N,Power ilim 69.90 N,AmericaMovil,10:00 - 22:00,Cerrado,Resuelto,Desconocido,SAN ISIDRO
Netcall,1 oct 2026,16,927361439,9273614398286491770939,9283,Outbound,Portabilidad Postpago,EXPRESS,Logixtal,9001,CERRADAS,Entregado,Entregado,NET_JBAYONAC,SIM,1 oct 2026,1 oct 2026,null,No,CERRADAS,2026-10-02 03:29:44,Multilínea,Mono_item,Lima - Callao,null,Power ilim 79.90 SD N,Power ilim 79.90 SD N,TELEFONICAPE,10:00 - 22:00,Cerrado,Resuelto,Desconocido,SAN ISIDRO
Netcall,1 oct 2026,16,927365876,9273658768286532710360,9283,Outbound,Portabilidad Postpago,PROGRAMADO,Logixtal,9001,CERRADAS,Entregado,Entregado,NET_MORIHUELAQ,SIM,2 oct 2026,2 oct 2026,null,No,CERRADAS,2026-10-03 01:16:29,Multilínea,Mono_item,Lima - Callao,null,Power ilim 79.90 SD N,Power ilim 79.90 SD N,AmericaMovil,08:00 - 13:00,Cerrado,Resuelto,Desconocido,SAN ISIDRO
Netcall,1 oct 2026,16,927371245,927371245,9283,Outbound,Portabilidad Postpago,EXPRESS,Logixtal,9001,CERRADAS,Entregado,Entregado,TLV_NET_KARANDA,SIM,1 oct 2026,1 oct 2026,null,No,CERRADAS,2026-10-02 00:29:59,Monolínea,Mono_item,Lima - Callao,null,Power ilim 79.90 SD N,null,null,10:00 - 22:00,Cerrado,Resuelto,null,SAN ISIDRO
Netcall,1 oct 2026,17,927377637,9273776378286652455672,9283,Outbound,Portabilidad Postpago,EXPRESS,Logixtal,9001,CERRADAS,Entregado,Entregado,NET_EBOZA,SIM,1 oct 2026,2 oct 2026,null,No,CERRADAS,2026-10-03 00:54:42,Monolínea,Mono_item,Lima - Callao,null,Power ilim 69.90 N,Power ilim 69.90 N,Viettel Peru,08:00 - 20:00,Cerrado,Resuelto,Desconocido,SAN ISIDRO
Netcall,1 oct 2026,17,927393111,9273931118286804914320,9283,Outbound,Portabilidad Postpago,PROGRAMADO,Logixtal,9001,CERRADAS,Entregado,Entregado,NET_JCORONADOC,SIM,2 oct 2026,2 oct 2026,null,No,CERRADAS,2026-10-03 01:29:03,Multilínea,Mono_item,Lima - Callao,null,Power ilim 79.90 SD N,Power ilim 79.90 SD N,TELEFONICAPE,08:00 - 13:00,Cerrado,Resuelto,Desconocido,SAN ISIDRO
Netcall,1 oct 2026,13,927311151,9273111518286006515039,9283,Outbound,Portabilidad Postpago,EXPRESS,Logixtal,9001,CANCELADAS,Anulado,PIN PORTA_NO VALIDO,NET_JBAYONAC,SIM,1 oct 2026,null,null,No,CANCELADAS,2026-10-01 13:34:40,Multilínea,Mono_item,Lima - Callao,null,null,Power ilim 79.90 SD N,TelefonicaPr,10:00 - 22:00,Cancelado,Pedido Cancelación,Portabilidad Rechazada. REC01ABD15: El Código NIP es invalido | REC01ABD15,SAN ISIDRO
Netcall,1 oct 2026,17,927394038,9273940388286810597859,9283,Outbound,Portabilidad Postpago,PROGRAMADO,Logixtal,9001,CANCELADAS,Anulado,CLIENTE YA NO DESEA PRODUCTO,NET_JCORONADOC,SIM,2 oct 2026,null,null,No,CANCELADAS,2026-10-02 18:14:41,Multilínea,Mono_item,Lima - Callao,null,null,Power ilim 79.90 SD N,TELEFONICAPE,08:00 - 13:00,Cancelado,Rechazado,Desconocido,SAN ISIDRO
Netcall,1 oct 2026,15,927342320,9273423208286297433542,9283,Outbound,Portabilidad Postpago,EXPRESS,Logixtal,9001,CERRADAS,Entregado,Entregado,NET_CPINELLAC,SIM,1 oct 2026,1 oct 2026,null,No,CERRADAS,2026-10-02 01:15:32,Monolínea,Mono_item,Lima - Callao,null,Power ilim 79.90 SD N,Power ilim 79.90 SD N,AmericaMovil,10:00 - 22:00,Cerrado,Resuelto,Desconocido,SAN ISIDRO
Netcall,2 oct 2026,12,927776472,927776472,9271,Outbound,Portabilidad Postpago,EXPRESS,Logixtal,9001,CERRADAS,Entregado,Entregado,NET_LGOMEZA,SIM,2 oct 2026,2 oct 2026,null,No,CERRADAS,2026-10-03 01:14:08,Monolínea,Mono_item,Lima - Callao,null,Power ilim 79.90 SD N,null,null,10:00 - 22:00,Cerrado,Resuelto,null,SAN ISIDRO
Netcall,2 oct 2026,15,927819899,927819899,9271,Outbound,Portabilidad Postpago,EXPRESS,Logixtal,9001,CERRADAS,Entregado,Entregado,NET_SCOVENASC,SIM,2 oct 2026,2 oct 2026,null,No,CERRADAS,2026-10-03 01:57:01,Multilínea,Mono_item,Lima - Callao,null,Power ilim 79.90 SD N,null,null,10:00 - 22:00,Cerrado,Resuelto,null,SAN ISIDRO
Netcall,1 oct 2026,11,927270771,9272707718285623370945,9283,Outbound,Portabilidad Postpago,EXPRESS,Logixtal,9001,CERRADAS,Entregado,Entregado,NET_FLABANM,SIM,1 oct 2026,1 oct 2026,null,No,CERRADAS,2026-10-02 00:46:35,Monolínea,Mono_item,Lima - Callao,null,Power ilim 69.90 N,Power ilim 69.90 N,TELEFONICAPE,10:00 - 22:00,Cerrado,Resuelto,Desconocido,SAN ISIDRO
Netcall,1 oct 2026,13,927315725,9273157258286043418325,9283,Outbound,Portabilidad Postpago,EXPRESS,Logixtal,9001,CANCELADAS,Anulado,PEDIDO MAL GENERADO,NET_EBOZA,SIM,1 oct 2026,null,null,No,CANCELADAS,2026-10-01 15:07:32,Monolínea,Mono_item,Lima - Callao,null,null,Power ilim 79.90 SD N,Viettel Peru,10:00 - 22:00,Cancelado,Rechazado,Desconocido,SAN ISIDRO
Netcall,1 oct 2026,15,927349620,9273496208286368443148,9283,Outbound,Portabilidad Postpago,EXPRESS,Logixtal,9001,CERRADAS,Entregado,Entregado,NET_WBENITESA,SIM,1 oct 2026,1 oct 2026,null,No,CERRADAS,2026-10-02 01:03:18,Monolínea,Mono_item,Lima - Callao,null,Power 59.90 N,Power 59.90 N,TELEFONICAPE,10:00 - 22:00,Cerrado,Resuelto,Desconocido,SAN ISIDRO
Netcall,2 oct 2026,16,927834109,927834109,9283,Outbound,Portabilidad Postpago,EXPRESS,Logixtal,9001,CERRADAS,Entregado,Entregado,TLV_NET_GJQUISP,SIM,2 oct 2026,2 oct 2026,null,No,CERRADAS,2026-10-03 00:10:47,Monolínea,Mono_item,Lima - Callao,null,Power ilim 69.90 N,null,null,10:00 - 22:00,Cerrado,Resuelto,null,SAN ISIDRO
Netcall,2 oct 2026,15,927820959,927820959,9271,Outbound,Portabilidad Postpago,EXPRESS,Logixtal,9001,CERRADAS,Entregado,Entregado,NET_SCOVENASC,SIM,2 oct 2026,2 oct 2026,null,No,CERRADAS,2026-10-03 01:05:18,Multilínea,Mono_item,Lima - Callao,null,Power ilim 79.90 SD N,null,null,10:00 - 22:00,Cerrado,Resuelto,null,SAN ISIDRO
Netcall,1 oct 2026,13,927312471,9273124718286020033585,9283,Outbound,Venta Regular / Alta,EXPRESS,Logixtal,9001,CANCELADAS,Anulado,CLIENTE YA NO DESEA PRODUCTO,NET_JBAYONAC,SIM,1 oct 2026,null,null,No,CANCELADAS,2026-10-01 13:48:33,Multilínea,Mono_item,Lima - Callao,null,null,Power ilim 79.90 SD N,Desconocido,10:00 - 22:00,Cancelado,Rechazado,Desconocido,SAN ISIDRO
Netcall,1 oct 2026,10,927253691,9272536918285487596726,9283,Outbound,Portabilidad Postpago,EXPRESS,Logixtal,9001,CERRADAS,Entregado,Entregado,NET_VMEJIAC,SIM,1 oct 2026,1 oct 2026,null,No,CERRADAS,2026-10-02 00:42:17,Monolínea,Mono_item,Lima - Callao,null,Power ilim 79.90 SD N,Power ilim 79.90 SD N,Viettel Peru,10:00 - 22:00,Cerrado,Resuelto,Desconocido,SAN ISIDRO
Netcall,1 oct 2026,16,927367135,9273671358286543599174,9283,Outbound,Portabilidad Postpago,PROGRAMADO,Logixtal,9001,CERRADAS,Entregado,Entregado,NET_MORIHUELAQ,SIM,2 oct 2026,2 oct 2026,null,No,CERRADAS,2026-10-03 01:24:09,Multilínea,Mono_item,Lima - Callao,null,Power ilim 79.90 SD N,Power ilim 79.90 SD N,AmericaMovil,08:00 - 13:00,Cerrado,Resuelto,Desconocido,SAN ISIDRO
Netcall,1 oct 2026,16,927362399,9273623998286496943232,9283,Outbound,Venta Regular / Alta,EXPRESS,Logixtal,9001,CERRADAS,Entregado,Entregado,NET_JBAYONAC,SIM,1 oct 2026,1 oct 2026,01/10/2026,Sí,CERRADAS,2026-10-01 17:54:53,Multilínea,Mono_item,Lima - Callao,39.95,Power ilim 79.90 SD N,Power ilim 79.90 SD N,Desconocido,10:00 - 22:00,Cerrado,Resuelto,Desconocido,SAN ISIDRO
Netcall,3 oct 2026,10,928040518,92804051889511710101080564096,9283,Outbound,Portabilidad Postpago,PROGRAMADO,Logixtal,9001,ABIERTAS,Pendiente Entrega,Pendiente de Picking,NET_BTRUJILLOT,SIM,5 oct 2026,null,null,No,ABIERTAS,null,Monolínea,Mono_item,Lima - Callao,null,null,null,null,08:00 - 13:00,En Progreso,Punto de No Retorno,null,null
Netcall,1 oct 2026,16,927372608,9273726088286605386396,9283,Outbound,Portabilidad Postpago,EXPRESS,Logixtal,9345,ABIERTAS,Pendiente Entrega,Pendiente Entrega,NET_YVEGASA,SIM,1 oct 2026,null,null,No,ABIERTAS,null,Monolínea,Mono_item,Ica,null,null,Power ilim 69.90 N,AmericaMovil,10:00 - 20:00,En Progreso,En Progreso,Desconocido,SAN CLEMENTE
Netcall,1 oct 2026,18,927405248,9274052488286917255582,9283,Outbound,Portabilidad Postpago,PROGRAMADO,Logixtal,9345,ABIERTAS,Pendiente Entrega,Pendiente Entrega,NET_JSANGAMA,SIM,2 oct 2026,null,null,No,ABIERTAS,null,Monolínea,Mono_item,Ica,null,null,Power ilim 79.90 SD N,AmericaMovil,13:01 - 19:00,En Progreso,En Progreso,Desconocido,SAN CLEMENTE
Netcall,2 oct 2026,18,927874794,927874794,9283,Outbound,Portabilidad Postpago,PROGRAMADO,Logixtal,9345,ABIERTAS,Pendiente Entrega,Pendiente Entrega,NET_SDIAZO,SIM,3 oct 2026,null,null,No,ABIERTAS,null,Monolínea,Mono_item,Ica,null,null,null,null,13:01 - 19:00,En Progreso,En Progreso,null,SAN CLEMENTE
Netcall,2 oct 2026,10,927720953,927720953,9283,Outbound,Portabilidad Postpago,EXPRESS,Logixtal,9001,ERROR,Entregado,Entregado,TLV_NET_GJQUISP,SIM,2 oct 2026,2 oct 2026,null,No,ERROR,null,Monolínea,Mono_item,Lima - Callao,null,null,null,null,10:00 - 22:00,En Progreso,Pago Recibido,null,SAN BORJA
Netcall,1 oct 2026,13,927321435,927321435,9283,Outbound,Portabilidad Postpago,EXPRESS,Logixtal,9001,CERRADAS,Entregado,Entregado,NET_LBAUTISTAS,SIM,1 oct 2026,1 oct 2026,null,No,CERRADAS,2026-10-02 00:24:11,Monolínea,Mono_item,Lima - Callao,null,Power ilim 79.90 SD N,null,null,10:00 - 22:00,Cerrado,Resuelto,null,SAN BORJA
Netcall,1 oct 2026,12,927302512,9273025128285916110892,9283,Outbound,Portabilidad Postpago,EXPRESS,Logixtal,9001,ABIERTAS,Pendiente Entrega,Pendiente Entrega,NET_MFLORESD,SIM,1 oct 2026,null,null,No,ABIERTAS,null,Monolínea,Mono_item,Lima - Callao,null,null,Power ilim 79.90 SD N,AmericaMovil,10:00 - 22:00,En Progreso,Punto de No Retorno,Desconocido,SAN BORJA
Netcall,1 oct 2026,11,927278133,9272781338285681265754,9283,Outbound,Portabilidad Postpago,EXPRESS,Logixtal,9001,CANCELADAS,Anulado,PIN PORTA_NO VALIDO,NET_KCHUNAP,SIM,1 oct 2026,null,null,No,CANCELADAS,2026-10-01 11:47:38,Monolínea,Mono_item,Lima - Callao,null,null,Power ilim 69.90 N,TELEFONICAPE,10:00 - 22:00,Cancelado,Pedido Cancelación,Portabilidad Rechazada. REC01ABD05: Numeración dentro del plazo mínimo de contratación | REC01ABD05,SAN BORJA
Netcall,3 oct 2026,9,928037393,92803739389511710101081533918,9283,Outbound,Portabilidad Postpago,EXPRESS,Logixtal,9001,ABIERTAS,Entregado,Entregado,NET_JVELASQUEZS,SIM,3 oct 2026,null,null,No,ABIERTAS,null,Monolínea,Mono_item,Lima - Callao,null,null,null,null,10:00 - 22:00,En Progreso,Punto de No Retorno,null,null
Netcall,1 oct 2026,13,927324094,9273240948286129349303,9283,Outbound,Portabilidad Postpago,EXPRESS,Logixtal,9001,CERRADAS,Entregado,Entregado,TLV_NET_RSORIAH,SIM,1 oct 2026,1 oct 2026,null,No,CERRADAS,2026-10-02 04:16:33,Monolínea,Mono_item,Lima - Callao,null,Power ilim 69.90 N,Power ilim 69.90 N,TELEFONICAPE,10:00 - 22:00,Cerrado,Resuelto,Desconocido,SAN BORJA
Netcall,3 oct 2026,12,928085739,92808573989511710101081533728,9283,Outbound,Portabilidad Postpago,EXPRESS,Logixtal,9001,ABIERTAS,Pendiente Entrega,Pendiente de Picking,NET_FRIVERAO,SIM,3 oct 2026,null,null,No,ABIERTAS,null,Monolínea,Mono_item,Lima - Callao,null,null,null,null,10:00 - 22:00,En Progreso,Punto de No Retorno,null,null
Netcall,1 oct 2026,10,927248527,9272485278285443026854,9283,Outbound,Portabilidad Postpago,EXPRESS,Logixtal,9001,CERRADAS,Entregado,Entregado,NET_LTVENTURAG,SIM,1 oct 2026,1 oct 2026,null,No,CERRADAS,2026-10-02 01:13:07,Monolínea,Mono_item,Lima - Callao,null,Power ilim 69.90 N,Power ilim 69.90 N,TELEFONICAPE,10:00 - 22:00,Cerrado,Resuelto,Desconocido,SAN BORJA
Netcall,1 oct 2026,11,927289345,9272893458285784063637,5299,Outbound,Venta Regular / Alta,EXPRESS,Logixtal,9001,CERRADAS,Entregado,Entregado,NET_MCORDOVACRU,SIM,1 oct 2026,1 oct 2026,01/10/2026,Sí,CERRADAS,2026-10-01 15:34:48,Monolínea,Mono_item,Lima - Callao,39.95,Power ilim 79.90 SD N,Power ilim 79.90 SD N,Desconocido,10:00 - 22:00,Cerrado,Resuelto,Desconocido,SAN BORJA
Netcall,2 oct 2026,11,927742934,927742934,9271,Outbound,Portabilidad Postpago,EXPRESS,Logixtal,9001,CERRADAS,Entregado,Entregado,NET_MSUAREZG,SIM,2 oct 2026,2 oct 2026,null,No,CERRADAS,2026-10-03 00:42:59,Monolínea,Mono_item,Lima - Callao,null,Power ilim 79.90 SD N,null,null,10:00 - 22:00,Cerrado,Resuelto,null,SAN BORJA
Netcall,2 oct 2026,16,927846354,927846354,9283,Outbound,Portabilidad Postpago,PROGRAMADO,Logixtal,9356,ABIERTAS,Pendiente Entrega,Pendiente Entrega,NET_MRIOSP,SIM,3 oct 2026,null,null,No,ABIERTAS,null,Monolínea,Mono_item,Moquegua,null,null,null,null,09:00 - 13:00,En Progreso,En Progreso,null,SAN ANTONIO
Netcall,2 oct 2026,10,927713389,927713389,9283,Outbound,Portabilidad Postpago,PROGRAMADO,Logixtal,9345,ABIERTAS,Pendiente Entrega,Pendiente Entrega,NET_INAVARROI,SIM,5 oct 2026,null,null,No,ABIERTAS,null,Monolínea,Mono_item,Ica,null,null,null,null,09:00 - 13:00,En Progreso,En Progreso,null,SAN ANDRES
Netcall,3 oct 2026,11,928062028,92806202889511710111071760462,9271,Outbound,Portabilidad Postpago,PROGRAMADO,Logixtal,5023,ABIERTAS,Pendiente Entrega,Pendiente de Picking,NET_GHUAMANT,SIM,7 oct 2026,null,null,No,ABIERTAS,null,Monolínea,Mono_item,La Libertad,null,null,null,null,09:00 - 19:00,En Progreso,Punto de No Retorno,null,null
Netcall,2 oct 2026,17,927866870,927866870,9283,Outbound,Portabilidad Postpago,PROGRAMADO,Logixtal,5023,ABIERTAS,Pendiente Entrega,Pendiente Entrega,NET_LLOBATONV,SIM,3 oct 2026,null,null,No,ABIERTAS,null,Monolínea,Mono_item,La Libertad,null,null,null,null,09:00 - 19:00,En Progreso,Punto de No Retorno,null,SALAVERRY
Netcall,1 oct 2026,17,927382434,9273824348286709013190,9283,Outbound,Portabilidad Postpago,PROGRAMADO,Logixtal,5022,CERRADAS,Entregado,Entregado,NET_GLOPEZF,SIM,2 oct 2026,2 oct 2026,null,No,CERRADAS,2026-10-03 00:28:03,Multilínea,Mono_item,Arequipa,null,Power ilim 79.90 SD N,Power ilim 79.90 SD N,AmericaMovil,09:00 - 13:00,Cerrado,Resuelto,Desconocido,SACHACA
Netcall,1 oct 2026,17,927384228,9273842288286720071227,9283,Outbound,Portabilidad Postpago,PROGRAMADO,Logixtal,5022,CERRADAS,Entregado,Entregado,NET_GLOPEZF,SIM,2 oct 2026,2 oct 2026,null,No,CERRADAS,2026-10-03 01:06:23,Multilínea,Mono_item,Arequipa,null,Power ilim 79.90 SD N,Power ilim 79.90 SD N,AmericaMovil,09:00 - 13:00,Cerrado,Resuelto,Desconocido,SACHACA
Netcall,3 oct 2026,9,928032497,92803249789511710111068649884,9283,Outbound,Portabilidad Postpago,PROGRAMADO,Logixtal,5022,ABIERTAS,Pendiente Entrega,Pendiente de Picking,NET_LLOBATONV,SIM,5 oct 2026,null,null,No,ABIERTAS,null,Monolínea,Mono_item,Arequipa,null,null,null,null,09:00 - 13:00,En Progreso,Punto de No Retorno,null,null
Netcall,1 oct 2026,16,927362674,9273626748286503945763,9283,Outbound,Portabilidad Postpago,PROGRAMADO,Logixtal,5022,ABIERTAS,Pendiente Entrega,Pendiente Entrega,NET_RGUTIERREZS,SIM,2 oct 2026,null,null,No,ABIERTAS,null,Monolínea,Mono_item,Arequipa,null,null,Power ilim 69.90 N,Viettel Peru,08:00 - 20:00,En Progreso,Punto de No Retorno,Desconocido,SACHACA
Netcall,2 oct 2026,12,927771846,927771846,9283,Outbound,Portabilidad Postpago,PROGRAMADO,Logixtal,5022,ABIERTAS,Pendiente Entrega,Pendiente Entrega,NET_GLOPEZF,SIM,3 oct 2026,null,null,No,ABIERTAS,null,Monolínea,Mono_item,Arequipa,null,null,null,null,13:01 - 20:00,En Progreso,Punto de No Retorno,null,SACHACA
Netcall,2 oct 2026,15,927819533,927819533,9283,Outbound,Portabilidad Postpago,EXPRESS,Logixtal,9353,CANCELADAS,Cancelado,CANCELADA EN OMNIX,NET_LCORNEJOL,SIM,2 oct 2026,null,null,No,CANCELADAS,2026-10-02 16:06:20,Monolínea,Mono_item,Huanuco,null,null,null,null,10:00 - 20:00,Cancelado,Rechazado,null,RUPA-RUPA
Netcall,2 oct 2026,15,927813875,927813875,9283,Outbound,Portabilidad Postpago,EXPRESS,Logixtal,9353,ABIERTAS,Pendiente Entrega,Pendiente Entrega,NET_JTORRESQ,SIM,2 oct 2026,null,null,No,ABIERTAS,null,Monolínea,Mono_item,Huanuco,null,null,null,null,10:00 - 20:00,En Progreso,En Progreso,null,RUPA-RUPA
Netcall,1 oct 2026,13,927320243,9273202438286091096539,9283,Outbound,Portabilidad Postpago,EXPRESS,Logixtal,9353,CERRADAS,Entregado,Entregado,NET_JVELASQUEZS,SIM,1 oct 2026,1 oct 2026,null,No,CERRADAS,2026-10-02 01:33:14,Monolínea,Mono_item,Huanuco,null,Power ilim 69.90 N,Power ilim 69.90 N,AmericaMovil,10:00 - 20:00,Cerrado,Resuelto,Desconocido,RUPA-RUPA
Netcall,2 oct 2026,9,927707171,927707171,9283,Outbound,Portabilidad Postpago,EXPRESS,Logixtal,9353,CERRADAS,Entregado,Entregado,NET_SGONZALESF,SIM,2 oct 2026,2 oct 2026,null,No,CERRADAS,2026-10-03 03:21:48,Monolínea,Mono_item,Huanuco,null,Power ilim 79.90 SD N,null,null,10:00 - 20:00,Cerrado,Resuelto,null,RUPA-RUPA
Netcall,3 oct 2026,10,928043726,92804372689511710101030024829,9283,Outbound,Portabilidad Postpago,EXPRESS,Retiro en tienda,9353,ABIERTAS,Pendiente Entrega,Pendiente Entrega,NET_LHUAPAYAO,SIM,3 oct 2026,null,null,No,ABIERTAS,null,Monolínea,Mono_item,Huanuco,null,null,null,null,10:00 - 20:00,En Progreso,Punto de No Retorno,null,null
Netcall,3 oct 2026,10,928044569,92804456989511710101030024696,9283,Outbound,Portabilidad Postpago,EXPRESS,Retiro en tienda,9353,ABIERTAS,Entregado,Entregado,NET_YSANTOSP,SIM,3 oct 2026,null,null,No,ABIERTAS,null,Monolínea,Mono_item,Huanuco,null,null,null,null,10:00 - 20:00,En Progreso,Punto de No Retorno,null,null
Netcall,3 oct 2026,11,928078585,92807858589511710101081530666,9283,Outbound,Portabilidad Postpago,EXPRESS,Logixtal,9001,ABIERTAS,Pendiente Entrega,Pendiente de Picking,NET_CDACHAC,SIM,3 oct 2026,null,null,No,ABIERTAS,null,Monolínea,Mono_item,Lima - Callao,null,null,null,null,10:00 - 22:00,En Progreso,Punto de No Retorno,null,null
Netcall,3 oct 2026,11,928066484,92806648489511710101081530997,9283,Outbound,Portabilidad Postpago,EXPRESS,Logixtal,9001,ABIERTAS,Entregado,Entregado,NET_YUCEDAB,SIM,3 oct 2026,null,null,No,ABIERTAS,null,Multilínea,Mono_item,Lima - Callao,null,null,null,null,10:00 - 22:00,En Progreso,Punto de No Retorno,null,null
Netcall,3 oct 2026,11,928067254,92806725489511710101081530658,9283,Outbound,Portabilidad Postpago,EXPRESS,Logixtal,9001,ABIERTAS,Entregado,Entregado,NET_APACHECO,SIM,3 oct 2026,null,null,No,ABIERTAS,null,Monolínea,Mono_item,Lima - Callao,null,null,null,null,10:00 - 22:00,En Progreso,Punto de No Retorno,null,null
Netcall,3 oct 2026,12,928092824,92809282489511710101081530674,9283,Outbound,Portabilidad Postpago,EXPRESS,Logixtal,9001,ABIERTAS,Pendiente Entrega,Pendiente de Picking,NET_EDMATOSM,SIM,3 oct 2026,null,null,No,ABIERTAS,null,Monolínea,Mono_item,Lima - Callao,null,null,null,null,10:00 - 22:00,En Progreso,Punto de No Retorno,null,null
Netcall,2 oct 2026,9,927704102,927704102,9283,Outbound,Portabilidad Postpago,EXPRESS,Logixtal,9001,CERRADAS,Entregado,Entregado,NET_EVALDIVIEZO,SIM,2 oct 2026,2 oct 2026,null,No,CERRADAS,2026-10-03 01:25:09,Monolínea,Mono_item,Lima - Callao,null,Power ilim 79.90 SD N,null,null,10:00 - 22:00,Cerrado,Resuelto,null,RIMAC
Netcall,3 oct 2026,11,928064806,92806480689511710101081530971,9283,Outbound,Portabilidad Postpago,EXPRESS,Logixtal,9001,ABIERTAS,Entregado,Entregado,NET_YUCEDAB,SIM,3 oct 2026,null,null,No,ABIERTAS,null,Multilínea,Mono_item,Lima - Callao,null,null,null,null,10:00 - 22:00,En Progreso,Pago Recibido,null,null
Netcall,1 oct 2026,12,927291777,927291777,9283,Outbound,Portabilidad Postpago,EXPRESS,Logixtal,9001,CERRADAS,Entregado,Entregado,NET_PHUAMANM,SIM,1 oct 2026,1 oct 2026,null,No,CERRADAS,2026-10-02 00:13:05,Monolínea,Mono_item,Lima - Callao,null,Power ilim 79.90 SD N,null,null,10:00 - 22:00,Cerrado,Resuelto,null,RIMAC
Netcall,1 oct 2026,10,927265411,9272654118285586652225,9283,Outbound,Portabilidad Postpago,EXPRESS,Logixtal,9001,ABIERTAS,Pendiente Entrega,Pendiente Entrega,NET_SRAMOSC,SIM,1 oct 2026,null,null,No,ABIERTAS,null,Monolínea,Mono_item,Lima - Callao,null,null,Power ilim 69.90 N,AmericaMovil,10:00 - 22:00,En Progreso,Punto de No Retorno,Desconocido,RIMAC
Netcall,3 oct 2026,11,928067749,92806774989511710101081530989,9283,Outbound,Portabilidad Postpago,EXPRESS,Logixtal,9001,ABIERTAS,Entregado,Entregado,NET_YUCEDAB,SIM,3 oct 2026,null,null,No,ABIERTAS,null,Multilínea,Mono_item,Lima - Callao,null,null,null,null,10:00 - 22:00,En Progreso,Punto de No Retorno,null,null
Netcall,1 oct 2026,9,927236623,9272366238285333800953,9283,Outbound,Portabilidad Postpago,PROGRAMADO,Logixtal,5024,ABIERTAS,Pendiente Entrega,Pendiente Entrega,NET_JAMASIFUENT,SIM,3 oct 2026,null,null,No,ABIERTAS,null,Monolínea,Mono_item,Lambayeque,null,null,Power ilim 69.90 N,Viettel Peru,09:00 - 19:00,En Progreso,Punto de No Retorno,Desconocido,REQUE
Netcall,2 oct 2026,15,927825074,927825074,9283,Outbound,Portabilidad Postpago,PROGRAMADO,Logixtal,9342,ABIERTAS,Pendiente Entrega,Pendiente Entrega,NET_YUCEDAB,SIM,3 oct 2026,null,null,No,ABIERTAS,null,Monolínea,Mono_item,Lima - Callao,null,null,null,null,09:00 - 20:00,En Progreso,Punto de No Retorno,null,PUNTA NEGRA
Netcall,3 oct 2026,13,928114484,928114484Empty,9283,Outbound,Portabilidad Postpago,RETIRO EN TIENDA,Retiro en tienda,3034,ABIERTAS,Pendiente Entrega,Pendiente Entrega,NET_MZEVALLOSMA,SIM,3 oct 2026,null,null,No,ABIERTAS,null,Multilínea,Mono_item,Puno,null,null,null,null,09:00 - 21:00,En Progreso,En Progreso,null,null
Netcall,2 oct 2026,10,927729423,927729423,9283,Outbound,Portabilidad Postpago,EXPRESS,Logixtal,9351,CERRADAS,Entregado,Entregado,NET_CULLOAC,SIM,2 oct 2026,2 oct 2026,null,No,CERRADAS,2026-10-03 00:34:17,Monolínea,Mono_item,Puno,null,Power ilim 69.90 N,null,null,10:00 - 20:00,Cerrado,Resuelto,null,PUNO
Netcall,2 oct 2026,13,927790970,927790970,9283,Outbound,Portabilidad Postpago,EXPRESS,Logixtal,9351,CERRADAS,Entregado,Entregado,NET_JSANGAMA,SIM,2 oct 2026,2 oct 2026,null,No,CERRADAS,2026-10-03 01:55:36,Monolínea,Mono_item,Puno,null,Power ilim 79.90 SD N,null,null,10:00 - 20:00,Cerrado,Resuelto,null,PUNO
Netcall,1 oct 2026,10,927254076,9272540768285490155964,9283,Outbound,Portabilidad Postpago,EXPRESS,Logixtal,9351,CERRADAS,Entregado,Entregado,NET_MCHAVEZV,SIM,1 oct 2026,1 oct 2026,null,No,CERRADAS,2026-10-02 01:07:23,Monolínea,Mono_item,Puno,null,Power ilim 79.90 SD N,Power ilim 79.90 SD N,Viettel Peru,10:00 - 20:00,Cerrado,Resuelto,Desconocido,PUNO
Netcall,3 oct 2026,9,928038686,92803868689511710101030343328,9283,Outbound,Portabilidad Postpago,EXPRESS,Retiro en tienda,9351,ABIERTAS,Entregado,Entregado,NET_JCALDASB,SIM,3 oct 2026,null,null,No,ABIERTAS,null,Monolínea,Mono_item,Puno,null,null,null,null,10:00 - 20:00,En Progreso,Punto de No Retorno,null,null
Netcall,2 oct 2026,13,927780038,927780038,9283,Outbound,Portabilidad Postpago,PROGRAMADO,Logixtal,9351,ABIERTAS,Pendiente Entrega,Pendiente Entrega,NET_MHUARCAYAA,SIM,3 oct 2026,null,null,No,ABIERTAS,null,Monolínea,Mono_item,Puno,null,null,null,null,13:01 - 19:00,En Progreso,Punto de No Retorno,null,PUNO
Netcall,1 oct 2026,18,927401471,9274014718286884975273,9283,Outbound,Portabilidad Postpago,PROGRAMADO,Logixtal,9351,CERRADAS,Entregado,Entregado,NET_LYAIPENARRO,SIM,2 oct 2026,2 oct 2026,null,No,CERRADAS,2026-10-03 00:50:04,Monolínea,Mono_item,Puno,null,Power ilim 69.90 N,Power ilim 69.90 N,AmericaMovil,13:01 - 19:00,Cerrado,Resuelto,Desconocido,PUNO
Netcall,2 oct 2026,9,927710364,927710364,9283,Outbound,Portabilidad Postpago,EXPRESS,Logixtal,9351,CERRADAS,Entregado,Entregado,NET_CCONDEM,SIM,2 oct 2026,2 oct 2026,null,No,CERRADAS,2026-10-03 01:29:54,Monolínea,Mono_item,Puno,null,Power ilim 69.90 N,null,null,10:00 - 20:00,Cerrado,Resuelto,null,PUNO
Netcall,1 oct 2026,17,927384780,9273847808286730602968,9283,Outbound,Portabilidad Postpago,PROGRAMADO,Logixtal,9351,CERRADAS,Entregado,Entregado,NET_ASANTIAGOT,SIM,2 oct 2026,2 oct 2026,null,No,CERRADAS,2026-10-03 02:26:06,Monolínea,Mono_item,Puno,null,Power ilim 69.90 N,Power ilim 69.90 N,TELEFONICAPE,09:00 - 13:00,Cerrado,Resuelto,Desconocido,PUNO
Netcall,1 oct 2026,12,927290665,927290665,9283,Outbound,Portabilidad Postpago,EXPRESS,Logixtal,9351,CERRADAS,Entregado,Entregado,TLV_NET_MFARFAN,SIM,1 oct 2026,1 oct 2026,null,No,CERRADAS,2026-10-02 00:05:53,Monolínea,Mono_item,Puno,null,Power ilim 79.90 SD N,null,null,10:00 - 20:00,Cerrado,Resuelto,null,PUNO
Netcall,1 oct 2026,9,927242808,9272428088285391215389,9283,Outbound,Portabilidad Postpago,EXPRESS,Logixtal,9351,CERRADAS,Entregado,Entregado,NET_VSANTISTEBV,SIM,1 oct 2026,1 oct 2026,null,No,CERRADAS,2026-10-02 01:12:41,Monolínea,Mono_item,Puno,null,Power ilim 69.90 N,Power ilim 69.90 N,AmericaMovil,10:00 - 20:00,Cerrado,Resuelto,Desconocido,PUNO
Netcall,2 oct 2026,15,927826696,927826696,9283,Outbound,Portabilidad Postpago,PROGRAMADO,Logixtal,9351,ABIERTAS,Pendiente Entrega,Pendiente Entrega,NET_MRIOSA,SIM,3 oct 2026,null,null,No,ABIERTAS,null,Monolínea,Mono_item,Puno,null,null,null,null,09:00 - 13:00,En Progreso,En Progreso,null,PUNO
Netcall,2 oct 2026,13,927782881,927782881,9271,Outbound,Portabilidad Postpago,EXPRESS,Logixtal,9351,CERRADAS,Entregado,Entregado,NET_BATOP,SIM,2 oct 2026,2 oct 2026,null,No,CERRADAS,2026-10-03 01:16:02,Monolínea,Mono_item,Puno,null,Power 59.90 N,null,null,10:00 - 20:00,Cerrado,Resuelto,null,PUNO
Netcall,1 oct 2026,17,927394384,9273943848286817203714,9283,Outbound,Portabilidad Postpago,PROGRAMADO,Logixtal,9351,CERRADAS,Entregado,Entregado,TLV_NET_JMORO,SIM,2 oct 2026,2 oct 2026,null,No,CERRADAS,2026-10-03 00:13:18,Monolínea,Mono_item,Puno,null,Power ilim 69.90 N,Power ilim 69.90 N,AmericaMovil,13:01 - 19:00,Cerrado,Resuelto,Desconocido,PUNO
Netcall,3 oct 2026,13,928115350,928115350Empty,9283,Outbound,Portabilidad Postpago,RETIRO EN TIENDA,Retiro en tienda,3034,ABIERTAS,Pendiente Entrega,Pendiente Entrega,NET_MZEVALLOSMA,SIM,3 oct 2026,null,null,No,ABIERTAS,null,Multilínea,Mono_item,Puno,null,null,null,null,09:00 - 21:00,En Progreso,En Progreso,null,null
Netcall,2 oct 2026,9,927698245,927698245,9283,Outbound,Portabilidad Postpago,EXPRESS,Logixtal,9351,ABIERTAS,Pendiente Entrega,Pendiente Entrega,TLV_NET_BRAMIRE,SIM,2 oct 2026,null,null,No,ABIERTAS,null,Monolínea,Mono_item,Puno,null,null,null,null,10:00 - 20:00,En Progreso,Punto de No Retorno,null,PUNO
Netcall,2 oct 2026,16,927840535,927840535,9283,Outbound,Portabilidad Postpago,EXPRESS,Logixtal,9351,CERRADAS,Entregado,Entregado,NET_BTRUJILLOT,SIM,2 oct 2026,2 oct 2026,null,No,CERRADAS,2026-10-03 03:16:22,Monolínea,Mono_item,Puno,null,Power ilim 79.90 SD N,null,null,10:00 - 20:00,Cerrado,Resuelto,null,PUNO
Netcall,2 oct 2026,11,927739763,927739763,9283,Outbound,Portabilidad Postpago,EXPRESS,Logixtal,9351,CERRADAS,Entregado,Entregado,NET_IVARGASI,SIM,2 oct 2026,2 oct 2026,null,No,CERRADAS,2026-10-03 00:17:34,Monolínea,Mono_item,Puno,null,Power ilim 69.90 N,null,null,10:00 - 20:00,Cerrado,Resuelto,null,PUNO
Netcall,3 oct 2026,9,928032984,92803298489511710101030343344,9283,Outbound,Portabilidad Postpago,EXPRESS,Retiro en tienda,9351,ABIERTAS,Entregado,Entregado,NET_SMENDOZAV,SIM,3 oct 2026,null,null,No,ABIERTAS,null,Monolínea,Mono_item,Puno,null,null,null,null,10:00 - 20:00,En Progreso,Punto de No Retorno,null,null
Netcall,2 oct 2026,9,927698533,927698533,9271,Outbound,Portabilidad Postpago,EXPRESS,Logixtal,9351,CERRADAS,Entregado,Entregado,NET_JAREVALOC,SIM,2 oct 2026,2 oct 2026,null,No,CERRADAS,2026-10-03 00:37:22,Monolínea,Mono_item,Puno,null,Power ilim 69.90 N,null,null,10:00 - 20:00,Cerrado,Resuelto,null,PUNO
Netcall,1 oct 2026,9,927242028,9272420288285387610189,9283,Outbound,Portabilidad Postpago,PROGRAMADO,Logixtal,9351,ABIERTAS,Pendiente Entrega,Pendiente Entrega,NET_GHERRERAG,SIM,3 oct 2026,null,null,No,ABIERTAS,null,Monolínea,Mono_item,Puno,null,null,Power ilim 69.90 N,TELEFONICAPE,09:00 - 13:00,En Progreso,Punto de No Retorno,Desconocido,PUNO
Netcall,3 oct 2026,10,928044781,92804478189511710101030343302,9283,Outbound,Portabilidad Postpago,EXPRESS,Retiro en tienda,9351,ABIERTAS,Entregado,Entregado,NET_DHUAYACGONZ,SIM,3 oct 2026,null,null,No,ABIERTAS,null,Monolínea,Mono_item,Puno,null,null,null,null,10:00 - 20:00,En Progreso,Punto de No Retorno,null,null
Netcall,1 oct 2026,9,927237868,9272378688285350373240,9283,Outbound,Portabilidad Postpago,EXPRESS,Logixtal,9001,CERRADAS,Entregado,Entregado,NET_JORTIZV,SIM,1 oct 2026,1 oct 2026,null,No,CERRADAS,2026-10-02 01:00:10,Monolínea,Mono_item,Lima - Callao,null,Power ilim 79.90 SD N,Power ilim 79.90 SD N,AmericaMovil,10:00 - 22:00,Cerrado,Resuelto,Desconocido,PUENTE PIEDRA
Netcall,1 oct 2026,17,927383924,9273839248286712138097,9259,Outbound,Portabilidad Postpago,EXPRESS,Logixtal,9001,CERRADAS,Entregado,Entregado,NET_CBIELICHR,SIM,1 oct 2026,1 oct 2026,null,No,CERRADAS,2026-10-02 01:03:10,Multilínea,Mono_item,Lima - Callao,null,Power ilim 79.90 SD N,Power ilim 79.90 SD N,AmericaMovil,10:00 - 22:00,Cerrado,Resuelto,Desconocido,PUENTE PIEDRA
Netcall,2 oct 2026,8,927688352,927688352,9283,Outbound,Venta Regular / Alta,EXPRESS,Logixtal,9001,ABIERTAS,Pendiente Entrega,Pendiente Entrega,NET_EMONZONP,SIM,2 oct 2026,null,null,No,ABIERTAS,null,Monolínea,Mono_item,Lima - Callao,null,null,null,null,08:00 - 20:00,En Progreso,Punto de No Retorno,null,PUENTE PIEDRA
Netcall,2 oct 2026,11,927743414,927743414,9283,Outbound,Portabilidad Postpago,EXPRESS,Logixtal,9001,CERRADAS,Entregado,Entregado,TLV_NET_CSILVAP,SIM,2 oct 2026,2 oct 2026,null,No,CERRADAS,2026-10-03 00:14:18,Multilínea,Mono_item,Lima - Callao,null,Power ilim 69.90 N,null,null,10:00 - 22:00,Cerrado,Resuelto,null,PUENTE PIEDRA
Netcall,1 oct 2026,13,927322635,9273226358286108414365,9283,Outbound,Portabilidad Postpago,EXPRESS,Logixtal,9001,ABIERTAS,Pendiente Entrega,Pendiente Entrega,NET_RDULANTORO,SIM,1 oct 2026,null,null,No,ABIERTAS,null,Monolínea,Mono_item,Lima - Callao,null,null,Power ilim 79.90 SD N,AmericaMovil,10:00 - 22:00,En Progreso,Punto de No Retorno,Desconocido,PUENTE PIEDRA
Netcall,2 oct 2026,10,927713197,927713197,9283,Outbound,Portabilidad Postpago,EXPRESS,Logixtal,9001,CERRADAS,Entregado,Entregado,NET_STAVARALIVI,SIM,2 oct 2026,2 oct 2026,null,No,CERRADAS,2026-10-03 03:37:21,Monolínea,Mono_item,Lima - Callao,null,Power ilim 69.90 N,null,null,10:00 - 22:00,Cerrado,Resuelto,null,PUENTE PIEDRA
Netcall,3 oct 2026,11,928063428,92806342889511710111087049082,9283,Outbound,Portabilidad Postpago,EXPRESS,Logixtal,9001,ABIERTAS,Pendiente Entrega,Pendiente de Picking,NET_SSUAREZG,SIM,3 oct 2026,null,null,No,ABIERTAS,null,Multilínea,Mono_item,Lima - Callao,null,null,null,null,10:00 - 22:00,En Progreso,Punto de No Retorno,null,null
Netcall,2 oct 2026,13,927781233,927781233,9283,Outbound,Portabilidad Postpago,EXPRESS,Logixtal,9001,ABIERTAS,Pendiente Entrega,Pendiente Entrega,NET_LFLORESY,SIM,2 oct 2026,null,null,No,ABIERTAS,null,Monolínea,Mono_item,Lima - Callao,null,null,null,null,10:00 - 22:00,En Progreso,Punto de No Retorno,null,PUENTE PIEDRA
Netcall,1 oct 2026,9,927232359,927232359,9283,Outbound,Portabilidad Postpago,EXPRESS,Logixtal,9001,CERRADAS,Entregado,Entregado,NET_ECARRETEROH,SIM,1 oct 2026,1 oct 2026,null,No,CERRADAS,2026-10-02 00:40:20,Multilínea,Mono_item,Lima - Callao,null,Power ilim 79.90 SD N,null,null,10:00 - 22:00,Cerrado,Resuelto,null,PUENTE PIEDRA
Netcall,1 oct 2026,17,927379493,9273794938286674657511,9283,Outbound,Portabilidad Postpago,EXPRESS,Logixtal,9001,CANCELADAS,Anulado,DIRECCIÓN ERRADA,TLV_NET_DVALOI,SIM,1 oct 2026,null,null,No,CANCELADAS,2026-10-01 18:44:59,Monolínea,Mono_item,Lima - Callao,null,null,Power ilim 69.90 N,Viettel Peru,10:00 - 22:00,Cancelado,Rechazado,Desconocido,PUENTE PIEDRA
Netcall,3 oct 2026,13,928109753,92810975389511710101081510445,9283,Outbound,Portabilidad Postpago,EXPRESS,Logixtal,9001,ABIERTAS,Pendiente Entrega,Pendiente de Picking,NET_ARAMOSR,SIM,3 oct 2026,null,null,No,ABIERTAS,null,Monolínea,Mono_item,Lima - Callao,null,null,null,null,10:00 - 22:00,En Progreso,En Progreso,null,null
Netcall,1 oct 2026,9,927231808,9272318088285294266072,9283,Outbound,Portabilidad Postpago,EXPRESS,Logixtal,9001,CERRADAS,Entregado,Entregado,NET_ECARRETEROH,SIM,1 oct 2026,1 oct 2026,null,No,CERRADAS,2026-10-02 01:27:04,Multilínea,Mono_item,Lima - Callao,null,Power ilim 79.90 SD N,Power ilim 79.90 SD N,AmericaMovil,10:00 - 22:00,Cerrado,Resuelto,Desconocido,PUENTE PIEDRA
Netcall,2 oct 2026,11,927745067,927745067,9283,Outbound,Portabilidad Postpago,EXPRESS,Logixtal,9001,CERRADAS,Entregado,Entregado,TLV_NET_CSILVAP,SIM,2 oct 2026,2 oct 2026,null,No,CERRADAS,2026-10-03 01:36:33,Multilínea,Mono_item,Lima - Callao,null,Power ilim 69.90 N,null,null,10:00 - 22:00,Cerrado,Resuelto,null,PUENTE PIEDRA
Netcall,3 oct 2026,11,928062228,92806222889511710111087049074,9283,Outbound,Portabilidad Postpago,EXPRESS,Logixtal,9001,ABIERTAS,Pendiente Entrega,Pendiente de Picking,NET_SSUAREZG,SIM,3 oct 2026,null,null,No,ABIERTAS,null,Multilínea,Mono_item,Lima - Callao,null,null,null,null,10:00 - 22:00,En Progreso,Punto de No Retorno,null,null
Netcall,2 oct 2026,10,927716293,927716293,9283,Outbound,Portabilidad Postpago,EXPRESS,Logixtal,9001,CERRADAS,Entregado,Entregado,NET_ECARRETEROH,SIM,2 oct 2026,2 oct 2026,null,No,CERRADAS,2026-10-03 00:59:19,Monolínea,Mono_item,Lima - Callao,null,Power ilim 69.90 N,null,null,10:00 - 22:00,Cerrado,Resuelto,null,PUENTE PIEDRA
Netcall,2 oct 2026,8,927690468,927690468,9283,Outbound,Portabilidad Postpago,EXPRESS,Logixtal,9001,CERRADAS,Entregado,Entregado,TLV_NET_JSILVAT,SIM,2 oct 2026,2 oct 2026,null,No,CERRADAS,2026-10-03 00:33:59,Monolínea,Mono_item,Lima - Callao,null,Power ilim 69.90 N,null,null,10:00 - 22:00,Cerrado,Resuelto,null,PUENTE PIEDRA
Netcall,3 oct 2026,8,928024218,92802421889511710111068507900,9271,Outbound,Portabilidad Postpago,PROGRAMADO,Logixtal,9001,ABIERTAS,Pendiente Entrega,Pendiente de Picking,NET_MGSGRADOS,SIM,4 oct 2026,null,null,No,ABIERTAS,null,Monolínea,Mono_item,Lima - Callao,null,null,null,null,08:00 - 22:00,En Progreso,Punto de No Retorno,null,null
Netcall,1 oct 2026,14,927336916,9273369168286243939312,9283,Outbound,Portabilidad Postpago,EXPRESS,Logixtal,9001,CANCELADAS,Anulado,CLIENTE YA NO DESEA PRODUCTO,NET_JCAVEROC,SIM,1 oct 2026,null,null,No,CANCELADAS,2026-10-02 15:59:41,Monolínea,Mono_item,Lima - Callao,null,null,Power ilim 69.90 N,AmericaMovil,10:00 - 22:00,Cancelado,Rechazado,Desconocido,PUENTE PIEDRA
Netcall,1 oct 2026,17,927382714,9273827148286702079612,9259,Outbound,Portabilidad Postpago,EXPRESS,Logixtal,9001,CANCELADAS,Anulado,CLIENTE DESISTE - INFORMACIÓN INCORRECTA,NET_CBIELICHR,SIM,1 oct 2026,null,null,No,CANCELADAS,2026-10-01 19:50:03,Multilínea,Mono_item,Lima - Callao,null,null,Power ilim 79.90 SD N,AmericaMovil,10:00 - 22:00,Cancelado,Rechazado,Desconocido,PUENTE PIEDRA
Netcall,1 oct 2026,12,927294423,9272944238285839892480,9283,Outbound,Portabilidad Postpago,EXPRESS,Logixtal,9001,CERRADAS,Entregado,Entregado,NET_DESPINOZAM,SIM,1 oct 2026,1 oct 2026,null,No,CERRADAS,2026-10-02 02:25:15,Monolínea,Mono_item,Lima - Callao,null,Power ilim 69.90 N,Power ilim 69.90 N,TELEFONICAPE,10:00 - 22:00,Cerrado,Resuelto,Desconocido,PUENTE PIEDRA
Netcall,3 oct 2026,10,928042148,92804214889511710111087049108,9283,Outbound,Portabilidad Postpago,EXPRESS,Logixtal,9001,ABIERTAS,Entregado,Entregado,NET_CTRAVIM,SIM,3 oct 2026,null,null,No,ABIERTAS,null,Monolínea,Mono_item,Lima - Callao,null,null,null,null,10:00 - 22:00,En Progreso,Pago Recibido,null,null
Netcall,2 oct 2026,14,927803184,927803184,9283,Outbound,Portabilidad Postpago,EXPRESS,Logixtal,9001,CERRADAS,Entregado,Entregado,NET_EVALDIVIEZO,SIM,2 oct 2026,2 oct 2026,null,No,CERRADAS,2026-10-03 00:12:39,Multilínea,Mono_item,Lima - Callao,null,Power ilim 79.90 SD N,null,null,10:00 - 22:00,Cerrado,Resuelto,null,PUENTE PIEDRA
Netcall,3 oct 2026,10,928044175,92804417589511710101081017367,9283,Outbound,Portabilidad Postpago,EXPRESS,Logixtal,9001,ABIERTAS,Pendiente Entrega,Pendiente de Picking,NET_LCAMPOSCABR,SIM,3 oct 2026,null,null,No,ABIERTAS,null,Monolínea,Mono_item,Lima - Callao,null,null,null,null,10:00 - 22:00,En Progreso,Punto de No Retorno,null,null
Netcall,1 oct 2026,9,927233021,927233021,9283,Outbound,Portabilidad Postpago,EXPRESS,Logixtal,9001,CERRADAS,Entregado,Entregado,NET_ECARRETEROH,SIM,1 oct 2026,1 oct 2026,null,No,CERRADAS,2026-10-02 00:15:42,Multilínea,Mono_item,Lima - Callao,null,Power ilim 79.90 SD N,null,null,10:00 - 22:00,Cerrado,Resuelto,null,PUENTE PIEDRA
Netcall,1 oct 2026,17,927385593,9273855938286728586374,9283,Outbound,Portabilidad Postpago,EXPRESS,Logixtal,9001,CERRADAS,Entregado,Entregado,NET_PCHAVESTAY,SIM,1 oct 2026,2 oct 2026,null,No,CERRADAS,2026-10-03 01:32:49,Monolínea,Mono_item,Lima - Callao,null,Power ilim 79.90 SD N,Power ilim 79.90 SD N,AmericaMovil,08:00 - 20:00,Cerrado,Resuelto,Desconocido,PUENTE PIEDRA
Netcall,1 oct 2026,11,927274168,9272741688285653144861,9283,Outbound,Portabilidad Postpago,EXPRESS,Logixtal,9001,CANCELADAS,Anulado,DIRECCIÓN ERRADA,NET_JROMEROC,SIM,1 oct 2026,null,null,No,CANCELADAS,2026-10-01 12:45:28,Multilínea,Mono_item,Lima - Callao,null,null,Power ilim 79.90 SD N,AmericaMovil,10:00 - 22:00,Cancelado,Rechazado,Desconocido,PUENTE PIEDRA
Netcall,2 oct 2026,14,927804347,927804347,9283,Outbound,Portabilidad Postpago,EXPRESS,Logixtal,9001,CERRADAS,Entregado,Entregado,NET_EVALDIVIEZO,SIM,2 oct 2026,2 oct 2026,null,No,CERRADAS,2026-10-03 01:05:36,Multilínea,Mono_item,Lima - Callao,null,Power ilim 79.90 SD N,null,null,10:00 - 22:00,Cerrado,Resuelto,null,PUENTE PIEDRA
Netcall,1 oct 2026,14,927337351,9273373518286251278109,9271,Outbound,Portabilidad Postpago,EXPRESS,Logixtal,9001,ABIERTAS,Pendiente Entrega,Pendiente Entrega,NET_CREYESJ,SIM,1 oct 2026,null,null,No,ABIERTAS,null,Monolínea,Mono_item,Lima - Callao,null,null,Power ilim 69.90 N,Viettel Peru,10:00 - 22:00,En Progreso,Punto de No Retorno,Desconocido,PUENTE PIEDRA
Netcall,3 oct 2026,10,928042440,92804244089511710111087049116,9283,Outbound,Venta Regular / Alta,EXPRESS,Logixtal,9001,ABIERTAS,Pendiente Entrega,Pendiente de Picking,NET_LFIESTASG,SIM,3 oct 2026,null,null,No,ABIERTAS,null,Multilínea,Mono_item,Lima - Callao,null,null,null,null,10:00 - 22:00,En Progreso,Punto de No Retorno,null,null
Netcall,2 oct 2026,9,927694813,927694813,9283,Outbound,Portabilidad Postpago,EXPRESS,Logixtal,9001,CERRADAS,Entregado,Entregado,NET_RURBINAG,SIM,2 oct 2026,2 oct 2026,null,No,CERRADAS,2026-10-03 01:16:48,Monolínea,Mono_item,Lima - Callao,null,Power ilim 69.90 N,null,null,10:00 - 22:00,Cerrado,Resuelto,null,PUENTE PIEDRA
Netcall,3 oct 2026,11,928076124,92807612489511710111087049090,9283,Outbound,Portabilidad Postpago,EXPRESS,Logixtal,9001,ABIERTAS,Entregado,Entregado,NET_MORIHUELAQ,SIM,3 oct 2026,null,null,No,ABIERTAS,null,Monolínea,Mono_item,Lima - Callao,null,null,null,null,10:00 - 22:00,En Progreso,Punto de No Retorno,null,null
Netcall,2 oct 2026,12,927775692,927775692,9283,Outbound,Portabilidad Postpago,EXPRESS,Logixtal,9001,CERRADAS,Entregado,Entregado,NET_KDIAZPISCOY,SIM,2 oct 2026,2 oct 2026,null,No,CERRADAS,2026-10-03 00:13:17,Monolínea,Mono_item,Lima - Callao,null,Power ilim 79.90 SD N,null,null,10:00 - 22:00,Cerrado,Resuelto,null,PUENTE PIEDRA
Netcall,1 oct 2026,11,927269374,9272693748285614849457,9283,Outbound,Portabilidad Postpago,EXPRESS,Logixtal,9001,CANCELADAS,Anulado,DIRECCIÓN ERRADA,NET_JROMEROC,SIM,1 oct 2026,null,null,No,CANCELADAS,2026-10-01 12:44:59,Multilínea,Mono_item,Lima - Callao,null,null,Power ilim 79.90 SD N,AmericaMovil,10:00 - 22:00,Cancelado,Rechazado,Desconocido,PUENTE PIEDRA
Netcall,3 oct 2026,11,928061137,92806113789511710111087049066,9283,Outbound,Portabilidad Postpago,EXPRESS,Logixtal,9001,ABIERTAS,Entregado,Entregado,NET_VOBESOS,SIM,3 oct 2026,null,null,No,ABIERTAS,null,Monolínea,Mono_item,Lima - Callao,null,null,null,null,10:00 - 22:00,En Progreso,Punto de No Retorno,null,null
Netcall,1 oct 2026,11,927272743,9272727438285641142208,9283,Outbound,Portabilidad Postpago,EXPRESS,Logixtal,9001,CANCELADAS,Anulado,DIRECCIÓN ERRADA,NET_JROMEROC,SIM,1 oct 2026,null,null,No,CANCELADAS,2026-10-01 12:45:29,Multilínea,Mono_item,Lima - Callao,null,null,Power ilim 79.90 SD N,AmericaMovil,10:00 - 22:00,Cancelado,Rechazado,Desconocido,PUENTE PIEDRA
Netcall,3 oct 2026,10,928043427,92804342789511710111087049124,9283,Outbound,Portabilidad Postpago,EXPRESS,Logixtal,9001,ABIERTAS,Pendiente Entrega,Pendiente de Picking,NET_LFIESTASG,SIM,3 oct 2026,null,null,No,ABIERTAS,null,Multilínea,Mono_item,Lima - Callao,null,null,null,null,10:00 - 22:00,En Progreso,Punto de No Retorno,null,null
Netcall,1 oct 2026,16,927375851,9273758518286635653950,9283,Outbound,Portabilidad Postpago,EXPRESS,Logixtal,9001,CERRADAS,Entregado,Entregado,NET_TVASQUEZANG,SIM,1 oct 2026,1 oct 2026,null,No,CERRADAS,2026-10-02 02:04:36,Monolínea,Mono_item,Lima - Callao,null,Power ilim 69.90 N,Power ilim 69.90 N,TELEFONICAPE,10:00 - 22:00,Cerrado,Resuelto,Desconocido,PUENTE PIEDRA
Netcall,1 oct 2026,17,927381262,9273812628286692041696,9259,Outbound,Portabilidad Postpago,EXPRESS,Logixtal,9001,CERRADAS,Entregado,Entregado,NET_CBIELICHR,SIM,1 oct 2026,1 oct 2026,null,No,CERRADAS,2026-10-02 01:15:58,Multilínea,Mono_item,Lima - Callao,null,Power ilim 79.90 SD N,Power ilim 79.90 SD N,AmericaMovil,10:00 - 22:00,Cerrado,Resuelto,Desconocido,PUENTE PIEDRA
Netcall,1 oct 2026,16,927366957,9273669578286546681497,9283,Outbound,Portabilidad Postpago,EXPRESS,Logixtal,9001,CERRADAS,Entregado,Entregado,NET_RCORDOVAC,SIM,1 oct 2026,1 oct 2026,null,No,CERRADAS,2026-10-02 01:32:50,Monolínea,Mono_item,Lima - Callao,null,Power ilim 79.90 SD N,Power ilim 79.90 SD N,AmericaMovil,10:00 - 22:00,Cerrado,Resuelto,Desconocido,PUENTE PIEDRA
Netcall,2 oct 2026,14,927806731,927806731,9283,Outbound,Portabilidad Postpago,EXPRESS,Logixtal,9001,CERRADAS,Entregado,Entregado,NET_YGARCIAP,SIM,2 oct 2026,2 oct 2026,null,No,CERRADAS,2026-10-03 01:21:04,Monolínea,Mono_item,Lima - Callao,null,Power ilim 69.90 N,null,null,10:00 - 22:00,Cerrado,Resuelto,null,PUENTE PIEDRA
Netcall,2 oct 2026,11,927746754,927746754,9283,Outbound,Portabilidad Postpago,EXPRESS,Logixtal,9345,CERRADAS,Entregado,Entregado,NET_JCALDASB,SIM,2 oct 2026,2 oct 2026,null,No,CERRADAS,2026-10-03 01:50:32,Monolínea,Mono_item,Ica,null,Power ilim 69.90 N,null,null,10:00 - 20:00,Cerrado,Resuelto,null,PUEBLO NUEVO
Netcall,2 oct 2026,15,927816178,927816178,9271,Outbound,Portabilidad Postpago,PROGRAMADO,Logixtal,9345,ABIERTAS,Pendiente Entrega,Pendiente Entrega,NET_FCASTILLOG,SIM,3 oct 2026,null,null,No,ABIERTAS,null,Monolínea,Mono_item,Ica,null,null,null,null,09:00 - 13:00,En Progreso,En Progreso,null,PUEBLO NUEVO
Netcall,2 oct 2026,13,927788036,927788036,9283,Outbound,Portabilidad Postpago,PROGRAMADO,Logixtal,9345,ABIERTAS,Pendiente Entrega,Pendiente Entrega,TLV_NET_KCHAVEZ,SIM,3 oct 2026,null,null,No,ABIERTAS,null,Monolínea,Mono_item,Ica,null,null,null,null,09:00 - 13:00,En Progreso,En Progreso,null,PUEBLO NUEVO
Netcall,1 oct 2026,9,927238834,9272388348285360335161,9283,Outbound,Portabilidad Postpago,PROGRAMADO,Logixtal,5024,CANCELADAS,Cancelado,CANCELADA EN OMNIX,NET_ATORRESP,SIM,6 oct 2026,null,null,No,CANCELADAS,2026-10-01 10:29:48,Monolínea,Mono_item,Lambayeque,null,null,Power ilim 69.90 N,AmericaMovil,09:00 - 19:00,Cancelado,Rechazado,Desconocido,PUEBLO NUEVO
Netcall,2 oct 2026,13,927791096,927791096,9283,Outbound,Portabilidad Postpago,EXPRESS,Logixtal,9345,CERRADAS,Entregado,Entregado,TLV_NET_MLANDAR,SIM,2 oct 2026,2 oct 2026,null,No,CERRADAS,2026-10-03 01:19:41,Monolínea,Mono_item,Ica,null,Power ilim 79.90 SD N,null,null,10:00 - 20:00,Cerrado,Resuelto,null,PUEBLO NUEVO
Netcall,2 oct 2026,10,927731056,927731056,9283,Outbound,Portabilidad Postpago,EXPRESS,Logixtal,9345,CANCELADAS,Anulado,CLIENTE DESISTE - INFORMACIÓN INCORRECTA,NET_SBENITOV,SIM,2 oct 2026,null,null,No,CANCELADAS,2026-10-02 16:43:43,Monolínea,Mono_item,Ica,null,null,null,null,10:00 - 20:00,Cancelado,Rechazado,null,PUEBLO NUEVO
Netcall,2 oct 2026,14,927807895,927807895,9283,Outbound,Portabilidad Postpago,EXPRESS,Logixtal,9345,CERRADAS,Entregado,Entregado,NET_SSALAZARV,SIM,2 oct 2026,2 oct 2026,null,No,CERRADAS,2026-10-03 00:56:20,Monolínea,Mono_item,Ica,null,Power ilim 69.90 N,null,null,10:00 - 20:00,Cerrado,Resuelto,null,PUEBLO NUEVO
Netcall,2 oct 2026,11,927742233,927742233,9283,Outbound,Venta Regular / Alta,EXPRESS,Logixtal,9001,CERRADAS,Entregado,Entregado,NET_GCABALLEROB,SIM,2 oct 2026,2 oct 2026,null,No,CERRADAS,2026-10-02 18:49:15,Multilínea,Mono_item,Lima - Callao,null,Power ilim 79.90 SD N,null,null,10:00 - 22:00,Cerrado,Resuelto,null,PUEBLO LIBRE
Netcall,1 oct 2026,15,927347381,927347381,9283,Outbound,Portabilidad Postpago,EXPRESS,Logixtal,9001,CERRADAS,Entregado,Entregado,NET_MCASTILLOC,SIM,1 oct 2026,1 oct 2026,null,No,CERRADAS,2026-10-02 00:08:28,Monolínea,Mono_item,Lima - Callao,null,Power ilim 79.90 SD N,null,null,10:00 - 22:00,Cerrado,Resuelto,null,PUEBLO LIBRE
Netcall,2 oct 2026,11,927744531,927744531,9283,Outbound,Portabilidad Postpago,EXPRESS,Logixtal,9001,CERRADAS,Entregado,Entregado,NET_VZEGARRAAGU,SIM,2 oct 2026,2 oct 2026,null,No,CERRADAS,2026-10-03 03:34:17,Monolínea,Mono_item,Lima - Callao,null,Power ilim 69.90 N,null,null,10:00 - 22:00,Cerrado,Resuelto,null,PUEBLO LIBRE
Netcall,2 oct 2026,11,927741027,927741027,9283,Outbound,Portabilidad Postpago,EXPRESS,Logixtal,9001,CERRADAS,Entregado,Entregado,NET_GCABALLEROB,SIM,2 oct 2026,2 oct 2026,null,No,CERRADAS,2026-10-03 00:27:18,Multilínea,Mono_item,Lima - Callao,null,Power ilim 79.90 SD N,null,null,10:00 - 22:00,Cerrado,Resuelto,null,PUEBLO LIBRE
Netcall,1 oct 2026,16,927369367,9273693678286569944365,9283,Outbound,Portabilidad Postpago,PROGRAMADO,Logixtal,5024,ABIERTAS,Pendiente Entrega,Pendiente Entrega,NET_EYDAVILAC,SIM,7 oct 2026,null,null,No,ABIERTAS,null,Monolínea,Mono_item,Lambayeque,null,null,Power ilim 69.90 N,TELEFONICAPE,09:00 - 19:00,En Progreso,Punto de No Retorno,Desconocido,POMALCA
Netcall,3 oct 2026,12,928087905,92808790589511710111087102915,9271,Outbound,Portabilidad Postpago,EXPRESS,Logixtal,5021,ABIERTAS,Entregado,Entregado,NET_JAREVALOC,SIM,3 oct 2026,null,null,No,ABIERTAS,null,Monolínea,Mono_item,Piura,null,null,null,null,10:00 - 20:00,En Progreso,Punto de No Retorno,null,null
Netcall,3 oct 2026,13,928116329,928116329Empty,9283,Outbound,Portabilidad Postpago,EXPRESS,Logixtal,5021,ABIERTAS,Pendiente Entrega,Pendiente de Picking,NET_ATISNADOA,SIM,3 oct 2026,null,null,No,ABIERTAS,null,Monolínea,Mono_item,Piura,null,null,null,null,10:00 - 20:00,En Progreso,En Progreso,null,null
Netcall,3 oct 2026,12,928088031,92808803189511710111087147159,9271,Outbound,Venta Regular / Alta,EXPRESS,Logixtal,5021,CERRADAS,Entregado,Entregado,TLV_NET_MAYALAM,SIM,3 oct 2026,3 oct 2026,null,No,CERRADAS,2026-10-03 13:55:03,Multilínea,Mono_item,Piura,null,null,null,null,10:00 - 20:00,En Progreso,Punto de No Retorno,null,null
Netcall,2 oct 2026,13,927789348,927789348,9283,Outbound,Portabilidad Postpago,PROGRAMADO,Logixtal,5021,ABIERTAS,Pendiente Entrega,Pendiente Entrega,NET_ATISNADOA,SIM,3 oct 2026,null,null,No,ABIERTAS,null,Multilínea,Mono_item,Piura,null,null,null,null,09:00 - 13:00,En Progreso,Punto de No Retorno,null,PIURA
Netcall,3 oct 2026,11,928081190,928081190Empty,9283,Outbound,Portabilidad Postpago,RETIRO EN TIENDA,Retiro en tienda,3120,ABIERTAS,Pendiente Entrega,Pendiente Entrega,NET_MPAUCARP,SIM,3 oct 2026,null,null,No,ABIERTAS,null,Monolínea,Mono_item,Piura,null,null,null,null,09:00 - 21:00,En Progreso,En Progreso,null,null
Netcall,3 oct 2026,12,928086161,92808616189511710111087147068,9271,Outbound,Venta Regular / Alta,EXPRESS,Logixtal,5021,CERRADAS,Entregado,Entregado,TLV_NET_MAYALAM,SIM,3 oct 2026,3 oct 2026,null,No,CERRADAS,2026-10-03 13:53:13,Multilínea,Mono_item,Piura,null,null,null,null,10:00 - 20:00,En Progreso,Punto de No Retorno,null,null
Netcall,2 oct 2026,11,927746407,927746407,9283,Outbound,Portabilidad Postpago,RETIRO EN TIENDA,Retiro en tienda,3120,ABIERTAS,Pendiente Entrega,Pendiente Entrega,NET_KORTIZD,SIM,2 oct 2026,null,null,No,ABIERTAS,null,Monolínea,Mono_item,Piura,null,null,null,null,09:00 - 21:00,En Progreso,En Progreso,null,null
Netcall,1 oct 2026,12,927305626,9273056268285950538977,9283,Outbound,Portabilidad Postpago,EXPRESS,Logixtal,5021,CERRADAS,Entregado,Entregado,NET_GCABALLEROB,SIM,1 oct 2026,1 oct 2026,null,No,CERRADAS,2026-10-02 01:51:27,Monolínea,Mono_item,Piura,null,Power ilim 79.90 SD N,Power ilim 79.90 SD N,Viettel Peru,10:00 - 20:00,Cerrado,Resuelto,Desconocido,PIURA
Netcall,1 oct 2026,12,927304498,9273044988285939441270,9259,Outbound,Portabilidad Postpago,EXPRESS,Logixtal,5021,CERRADAS,Entregado,Entregado,NET_CBIELICHR,SIM,1 oct 2026,1 oct 2026,null,No,CERRADAS,2026-10-02 01:20:38,Monolínea,Mono_item,Piura,null,Power ilim 69.90 N,Power ilim 69.90 N,TELEFONICAPE,10:00 - 20:00,Cerrado,Resuelto,Desconocido,PIURA
Netcall,2 oct 2026,18,927879043,927879043,9271,Outbound,Portabilidad Postpago,RETIRO EN TIENDA,Retiro en tienda,3120,CERRADAS,Entregado,Entregado,NET_SCOVENASC,SIM,2 oct 2026,2 oct 2026,null,No,CERRADAS,2026-10-03 00:56:42,Monolínea,Mono_item,Piura,null,Power ilim 79.90 SD N,null,null,09:00 - 21:00,Cerrado,Resuelto,null,null
Netcall,1 oct 2026,18,927410357,9274103578286968631102,9265,Outbound,Portabilidad Postpago,PROGRAMADO,Logixtal,5021,ABIERTAS,Pendiente Entrega,Pendiente Entrega,NET_IRODRIGUEZS,SIM,2 oct 2026,null,null,No,ABIERTAS,null,Monolínea,Mono_item,Piura,null,null,Power ilim 69.90 N,AmericaMovil,08:00 - 20:00,En Progreso,Punto de No Retorno,Desconocido,PIURA
Netcall,1 oct 2026,10,927256266,927256266,9259,Outbound,Portabilidad Postpago,EXPRESS,Logixtal,5021,CERRADAS,Entregado,Entregado,NET_MDIAZJ,SIM,1 oct 2026,1 oct 2026,null,No,CERRADAS,2026-10-02 00:32:43,Multilínea,Mono_item,Piura,null,Power ilim 79.90 SD N,null,null,10:00 - 20:00,Cerrado,Resuelto,null,PIURA
Netcall,2 oct 2026,12,927766641,927766641,5299,Outbound,Portabilidad Postpago,EXPRESS,Logixtal,5021,CERRADAS,Entregado,Entregado,NET_RCANDIOTTIA,SIM,2 oct 2026,2 oct 2026,null,No,CERRADAS,2026-10-03 01:28:19,Multilínea,Mono_item,Piura,null,Power ilim 79.90 SD N,null,null,10:00 - 20:00,Cerrado,Resuelto,null,PIURA
Netcall,1 oct 2026,14,927328540,9273285408286166932890,9283,Outbound,Portabilidad Postpago,EXPRESS,Logixtal,5021,CERRADAS,Entregado,Entregado,NET_SBENITESL,SIM,1 oct 2026,2 oct 2026,null,No,CERRADAS,2026-10-03 02:01:31,Monolínea,Mono_item,Piura,null,Power ilim 69.90 N,Power ilim 69.90 N,AmericaMovil,08:00 - 20:00,Cerrado,Resuelto,Desconocido,PIURA
Netcall,2 oct 2026,13,927796044,927796044,9283,Outbound,Portabilidad Postpago,PROGRAMADO,Logixtal,5021,ABIERTAS,Pendiente Entrega,Pendiente Entrega,NET_NSANTAMARIA,SIM,3 oct 2026,null,null,No,ABIERTAS,null,Multilínea,Mono_item,Piura,null,null,null,null,13:01 - 20:00,En Progreso,Punto de No Retorno,null,PIURA
Netcall,2 oct 2026,13,927787954,927787954,9283,Outbound,Portabilidad Postpago,PROGRAMADO,Logixtal,5021,ABIERTAS,Pendiente Entrega,Pendiente Entrega,NET_ATISNADOA,SIM,3 oct 2026,null,null,No,ABIERTAS,null,Multilínea,Mono_item,Piura,null,null,null,null,09:00 - 13:00,En Progreso,Punto de No Retorno,null,PIURA
Netcall,3 oct 2026,11,928063435,928063435Empty,9283,Outbound,Portabilidad Postpago,RETIRO EN TIENDA,Retiro en tienda,3027,ABIERTAS,Pendiente Entrega,Pendiente Entrega,NET_ATRIVINOS,SIM,3 oct 2026,null,null,No,ABIERTAS,null,Monolínea,Mono_item,Piura,null,null,null,null,09:00 - 21:00,En Progreso,Pago Recibido,null,null
Netcall,1 oct 2026,10,927254981,9272549818285493675772,9259,Outbound,Portabilidad Postpago,EXPRESS,Logixtal,5021,CERRADAS,Entregado,Entregado,NET_MDIAZJ,SIM,1 oct 2026,1 oct 2026,null,No,CERRADAS,2026-10-02 00:53:22,Multilínea,Mono_item,Piura,null,Power ilim 79.90 SD N,Power ilim 79.90 SD N,TELEFONICAPE,10:00 - 20:00,Cerrado,Resuelto,Desconocido,PIURA
Netcall,3 oct 2026,10,928042096,92804209689511710111087100216,9283,Outbound,Portabilidad Postpago,PROGRAMADO,Logixtal,5021,ABIERTAS,Pendiente Entrega,Pendiente de Picking,NET_MGONZALESPE,SIM,5 oct 2026,null,null,No,ABIERTAS,null,Monolínea,Mono_item,Piura,null,null,null,null,13:01 - 20:00,En Progreso,Punto de No Retorno,null,null
Netcall,1 oct 2026,14,927336853,9273368538286246824667,9283,Outbound,Portabilidad Postpago,EXPRESS,Logixtal,5021,CERRADAS,Entregado,Entregado,NET_RMPEREZC,SIM,1 oct 2026,1 oct 2026,null,No,CERRADAS,2026-10-02 00:59:38,Multilínea,Mono_item,Piura,null,Power ilim 79.90 SD N,Power ilim 79.90 SD N,Viettel Peru,10:00 - 20:00,Cerrado,Resuelto,Desconocido,PIURA
Netcall,3 oct 2026,13,928105831,928105831Empty,9223,Fidelización,Renovación,RETIRO EN TIENDA,Retiro en tienda,3120,ABIERTAS,Pendiente Entrega,Pendiente Entrega,NET_PJORDINOLAG,Equipo,3 oct 2026,null,null,No,ABIERTAS,null,Multilínea,Mono_item,Piura,null,null,null,null,09:00 - 21:00,En Progreso,En Progreso,null,null
Netcall,2 oct 2026,12,927767972,927767972,5299,Outbound,Portabilidad Postpago,EXPRESS,Logixtal,5021,CANCELADAS,Entregado,Entregado,NET_RCANDIOTTIA,SIM,2 oct 2026,2 oct 2026,null,No,CANCELADAS,2026-10-02 22:00:26,Multilínea,Mono_item,Piura,null,null,null,null,10:00 - 20:00,Cancelado,Pedido Cancelación,null,PIURA
Netcall,2 oct 2026,13,927790493,927790493,9283,Outbound,Portabilidad Postpago,EXPRESS,Logixtal,5021,CERRADAS,Entregado,Entregado,NET_VMEJIAC,SIM,2 oct 2026,2 oct 2026,null,No,CERRADAS,2026-10-03 00:40:36,Monolínea,Mono_item,Piura,null,Power ilim 79.90 SD N,null,null,10:00 - 20:00,Cerrado,Resuelto,null,PIURA
Netcall,3 oct 2026,10,928046423,928046423Empty,9283,Outbound,Portabilidad Postpago,RETIRO EN TIENDA,Retiro en tienda,3027,ABIERTAS,Pendiente Entrega,Pendiente Entrega,TLV_NET_SFERNAN,SIM,3 oct 2026,null,null,No,ABIERTAS,null,Monolínea,Mono_item,Piura,null,null,null,null,09:00 - 21:00,En Progreso,Pago Recibido,null,null
Netcall,1 oct 2026,14,927336108,9273361088286240511358,9283,Outbound,Venta Regular / Alta,EXPRESS,Logixtal,5021,CERRADAS,Entregado,Entregado,NET_RMPEREZC,SIM,1 oct 2026,1 oct 2026,01/10/2026,Sí,CERRADAS,2026-10-01 16:32:31,Multilínea,Mono_item,Piura,39.95,Power ilim 79.90 SD N,Power ilim 79.90 SD N,Desconocido,10:00 - 20:00,Cerrado,Resuelto,Desconocido,PIURA
Netcall,1 oct 2026,14,927328989,9273289898286168044257,9283,Outbound,Portabilidad Postpago,EXPRESS,Logixtal,5021,CERRADAS,Entregado,Entregado,TLV_NET_LMONTED,SIM,1 oct 2026,1 oct 2026,null,No,CERRADAS,2026-10-02 01:48:52,Multilínea,Mono_item,Piura,null,Power ilim 79.90 SD N,Power ilim 79.90 SD N,AmericaMovil,10:00 - 20:00,Cerrado,Resuelto,Desconocido,PIURA
Netcall,1 oct 2026,14,927329603,927329603,9283,Outbound,Portabilidad Postpago,EXPRESS,Logixtal,5021,CERRADAS,Entregado,Entregado,TLV_NET_LMONTED,SIM,1 oct 2026,1 oct 2026,null,No,CERRADAS,2026-10-02 00:25:45,Multilínea,Mono_item,Piura,null,Power ilim 79.90 SD N,null,null,10:00 - 20:00,Cerrado,Resuelto,null,PIURA
Netcall,2 oct 2026,11,927737722,927737722,9283,Outbound,Portabilidad Postpago,RETIRO EN TIENDA,Retiro en tienda,3120,CANCELADAS,Cancelado,Cancelado,NET_CIOLAYAR,SIM,2 oct 2026,null,null,No,CANCELADAS,2026-10-02 22:12:01,Monolínea,Mono_item,Piura,null,null,null,null,09:00 - 21:00,Cancelado,Pedido Cancelación,null,null
Netcall,1 oct 2026,16,927370918,927370918,9283,Outbound,Portabilidad Postpago,EXPRESS,Logixtal,5021,CERRADAS,Entregado,Entregado,NET_VZEGARRAAGU,SIM,1 oct 2026,1 oct 2026,null,No,CERRADAS,2026-10-02 00:19:32,Multilínea,Mono_item,Piura,null,Power ilim 79.90 SD N,null,null,10:00 - 20:00,Cerrado,Resuelto,null,PIURA
Netcall,1 oct 2026,16,927367913,9273679138286552763852,9283,Outbound,Portabilidad Postpago,EXPRESS,Logixtal,5021,CERRADAS,Entregado,Entregado,NET_VZEGARRAAGU,SIM,1 oct 2026,1 oct 2026,null,No,CERRADAS,2026-10-02 01:40:12,Multilínea,Mono_item,Piura,null,Power ilim 79.90 SD N,Power ilim 79.90 SD N,TELEFONICAPE,10:00 - 20:00,Cerrado,Resuelto,Desconocido,PIURA
Netcall,1 oct 2026,11,927290106,9272901068285797981915,9283,Outbound,Portabilidad Postpago,RETIRO EN TIENDA,Retiro en tienda,3027,ABIERTAS,Pendiente Entrega,Pendiente Entrega,NET_CGARCIAC,SIM,1 oct 2026,null,null,No,ABIERTAS,null,Monolínea,Mono_item,Piura,null,null,Power ilim 69.90 N,TELEFONICAPE,09:00 - 21:00,En Progreso,En Progreso,Desconocido,null
Netcall,2 oct 2026,16,927834674,927834674,9283,Outbound,Portabilidad Postpago,EXPRESS,Logixtal,5021,CERRADAS,Entregado,Entregado,NET_LLOBATONV,SIM,2 oct 2026,2 oct 2026,null,No,CERRADAS,2026-10-03 01:01:37,Monolínea,Mono_item,Piura,null,Power ilim 69.90 N,null,null,10:00 - 20:00,Cerrado,Resuelto,null,PIURA
Netcall,2 oct 2026,17,927758480,927758480,9283,Outbound,Portabilidad Postpago,EXPRESS,Logixtal,5021,ABIERTAS,Pendiente Entrega,Pendiente Entrega,NET_TDILAST,SIM,3 oct 2026,null,null,No,ABIERTAS,null,Monolínea,Mono_item,Piura,null,null,null,null,10:00 - 20:00,En Progreso,En Progreso,null,PIURA
Netcall,2 oct 2026,15,927818903,927818903,9283,Outbound,Portabilidad Postpago,EXPRESS,Logixtal,5021,ABIERTAS,Pendiente Entrega,Pendiente Entrega,NET_VJAUREGUIM,SIM,2 oct 2026,null,null,No,ABIERTAS,null,Monolínea,Mono_item,Piura,null,null,null,null,10:00 - 20:00,En Progreso,Punto de No Retorno,null,PIURA
Netcall,2 oct 2026,15,927825669,927825669,9283,Outbound,Portabilidad Postpago,RETIRO EN TIENDA,Retiro en tienda,7270,ABIERTAS,Pendiente Entrega,Pendiente Entrega,NET_GCABALLEROB,SIM,2 oct 2026,null,null,No,ABIERTAS,null,Monolínea,Mono_item,Piura,null,null,null,null,09:00 - 21:00,En Progreso,En Progreso,null,null
Netcall,1 oct 2026,11,927267034,9272670348285596363367,9283,Outbound,Portabilidad Postpago,EXPRESS,Logixtal,5021,CANCELADAS,Anulado,DIRECCIÓN ERRADA,NET_LMORAO,SIM,1 oct 2026,null,null,No,CANCELADAS,2026-10-02 15:15:44,Monolínea,Mono_item,Piura,null,null,Power ilim 69.90 N,TELEFONICAPE,10:00 - 20:00,Cancelado,Rechazado,Desconocido,PIURA
Netcall,1 oct 2026,14,927328397,9273283978286165813611,9283,Outbound,Portabilidad Postpago,EXPRESS,Logixtal,5021,CERRADAS,Entregado,Entregado,TLV_NET_LMONTED,SIM,1 oct 2026,1 oct 2026,null,No,CERRADAS,2026-10-02 01:17:43,Multilínea,Mono_item,Piura,null,Power ilim 79.90 SD N,Power ilim 79.90 SD N,TELEFONICAPE,10:00 - 20:00,Cerrado,Resuelto,Desconocido,PIURA
Netcall,3 oct 2026,13,928113111,92811311189511710111068553524,9283,Outbound,Portabilidad Postpago,EXPRESS,Logixtal,5021,ABIERTAS,Pendiente Entrega,Pendiente de Picking,NET_LHUAPAYAO,SIM,3 oct 2026,null,null,No,ABIERTAS,null,Monolínea,Mono_item,Piura,null,null,null,null,10:00 - 20:00,En Progreso,En Progreso,null,null
Netcall,2 oct 2026,13,927795113,927795113,9283,Outbound,Portabilidad Postpago,PROGRAMADO,Logixtal,5021,ABIERTAS,Pendiente Entrega,Pendiente Entrega,NET_NSANTAMARIA,SIM,3 oct 2026,null,null,No,ABIERTAS,null,Multilínea,Mono_item,Piura,null,null,null,null,13:01 - 20:00,En Progreso,Punto de No Retorno,null,PIURA
Netcall,2 oct 2026,16,927848572,927848572,9283,Outbound,Portabilidad Postpago,RETIRO EN TIENDA,Retiro en tienda,7135,CERRADAS,Entregado,Entregado,NET_CGRANADOSC,SIM,2 oct 2026,2 oct 2026,null,No,CERRADAS,2026-10-03 01:22:18,Monolínea,Mono_item,Piura,null,Power 39.90 N,null,null,09:00 - 21:00,Cerrado,Resuelto,null,null
Netcall,3 oct 2026,12,928091688,92809168889511710111087147126,9271,Outbound,Venta Regular / Alta,EXPRESS,Logixtal,5021,CERRADAS,Entregado,Entregado,TLV_NET_MAYALAM,SIM,3 oct 2026,3 oct 2026,null,No,CERRADAS,2026-10-03 13:55:35,Multilínea,Mono_item,Piura,null,null,null,null,10:00 - 20:00,En Progreso,Punto de No Retorno,null,null
Netcall,1 oct 2026,12,927294164,9272941648285837763669,9283,Outbound,Portabilidad Postpago,EXPRESS,Logixtal,9345,CERRADAS,Entregado,Entregado,NET_TMUNOZCALDE,SIM,1 oct 2026,2 oct 2026,null,No,CERRADAS,2026-10-03 00:09:14,Monolínea,Mono_item,Ica,null,Power ilim 69.90 N,Power ilim 69.90 N,AmericaMovil,10:00 - 20:00,Cerrado,Resuelto,Desconocido,PISCO
Netcall,2 oct 2026,11,927736755,927736755,9283,Outbound,Portabilidad Postpago,EXPRESS,Logixtal,9345,CERRADAS,Entregado,Entregado,NET_ARIOST,SIM,2 oct 2026,2 oct 2026,null,No,CERRADAS,2026-10-03 01:39:40,Monolínea,Mono_item,Ica,null,Power ilim 69.90 N,null,null,10:00 - 20:00,Cerrado,Resuelto,null,PISCO
Netcall,3 oct 2026,12,928083219,928083219Empty,9283,Outbound,Portabilidad Postpago,PROGRAMADO,Retiro en tienda,9345,ABIERTAS,Pendiente Entrega,Pendiente Entrega,NET_RURBINAG,SIM,6 oct 2026,null,null,No,ABIERTAS,null,Monolínea,Mono_item,Ica,null,null,null,null,09:00 - 13:00,En Progreso,En Progreso,null,null
Netcall,1 oct 2026,11,927283965,9272839658285734045297,9283,Outbound,Portabilidad Postpago,EXPRESS,Logixtal,9345,CERRADAS,Entregado,Entregado,NET_RGUTIERREZS,SIM,1 oct 2026,1 oct 2026,null,No,CERRADAS,2026-10-02 01:59:33,Monolínea,Mono_item,Ica,null,Power ilim 69.90 N,Power ilim 69.90 N,TELEFONICAPE,10:00 - 20:00,Cerrado,Resuelto,Desconocido,PISCO
Netcall,2 oct 2026,9,927701423,927701423,9283,Outbound,Portabilidad Postpago,EXPRESS,Logixtal,9345,CERRADAS,Entregado,Entregado,NET_SLAZOB,SIM,2 oct 2026,2 oct 2026,null,No,CERRADAS,2026-10-03 02:58:22,Monolínea,Mono_item,Ica,null,Power ilim 69.90 N,null,null,10:00 - 20:00,Cerrado,Resuelto,null,PISCO
Netcall,2 oct 2026,15,927824476,927824476,9283,Outbound,Portabilidad Postpago,PROGRAMADO,Logixtal,9345,ABIERTAS,Pendiente Entrega,Pendiente Entrega,NET_EMMENDIZF,SIM,3 oct 2026,null,null,No,ABIERTAS,null,Monolínea,Mono_item,Ica,null,null,null,null,13:01 - 19:00,En Progreso,En Progreso,null,PISCO
Netcall,2 oct 2026,16,927840818,927840818,9283,Outbound,Venta Regular / Alta,PROGRAMADO,Logixtal,9345,ABIERTAS,Pendiente Entrega,Pendiente Entrega,NET_MLAZAROR,SIM,3 oct 2026,null,null,No,ABIERTAS,null,Multilínea,Mono_item,Ica,null,null,null,null,13:01 - 19:00,En Progreso,En Progreso,null,PISCO
Netcall,1 oct 2026,12,927307317,9273073178285966204702,9283,Outbound,Portabilidad Postpago,PROGRAMADO,Logixtal,9345,ABIERTAS,Pendiente Entrega,Pendiente Entrega,NET_DREVILLAN,SIM,2 oct 2026,null,null,No,ABIERTAS,null,Monolínea,Mono_item,Ica,null,null,Power ilim 79.90 SD N,AmericaMovil,08:00 - 20:00,En Progreso,Punto de No Retorno,Desconocido,PISCO
Netcall,2 oct 2026,16,927846704,927846704,9283,Outbound,Portabilidad Postpago,PROGRAMADO,Logixtal,9345,ABIERTAS,Pendiente Entrega,Pendiente Entrega,NET_MLAZAROR,SIM,5 oct 2026,null,null,No,ABIERTAS,null,Multilínea,Mono_item,Ica,null,null,null,null,09:00 - 13:00,En Progreso,En Progreso,null,PISCO
Netcall,1 oct 2026,9,927229789,9272297898285281896365,9283,Outbound,Portabilidad Postpago,EXPRESS,Logixtal,9345,CERRADAS,Entregado,Entregado,NET_LMUSAYONS,SIM,1 oct 2026,2 oct 2026,null,No,CERRADAS,2026-10-03 01:38:30,Multilínea,Mono_item,Ica,null,Power ilim 79.90 SD N,Power ilim 79.90 SD N,TELEFONICAPE,10:00 - 20:00,Cerrado,Resuelto,Desconocido,PISCO
Netcall,1 oct 2026,18,927410360,9274103608286968740045,9283,Outbound,Portabilidad Postpago,PROGRAMADO,Logixtal,9345,CANCELADAS,Cancelado,CANCELADA EN OMNIX,NET_GHERRERAG,SIM,3 oct 2026,null,null,No,CANCELADAS,2026-10-02 10:09:13,Monolínea,Mono_item,Ica,null,null,Power ilim 79.90 SD N,AmericaMovil,09:00 - 13:00,Cancelado,Rechazado,Desconocido,PISCO
Netcall,2 oct 2026,12,927761860,927761860,9283,Outbound,Portabilidad Postpago,EXPRESS,Logixtal,9345,CANCELADAS,Anulado,PIN PORTA_CLIENTE RECHAZA,TLV_NET_DCABEZU,SIM,2 oct 2026,null,null,No,CANCELADAS,2026-10-02 15:26:26,Monolínea,Mono_item,Ica,null,null,null,null,10:00 - 20:00,Cancelado,Pedido Cancelación,null,PISCO
Netcall,1 oct 2026,9,927232026,9272320268285300341740,9283,Outbound,Portabilidad Postpago,EXPRESS,Logixtal,9345,CANCELADAS,Anulado,PIN-PORTA NO LLEGA SMS,NET_LMUSAYONS,SIM,1 oct 2026,null,null,No,CANCELADAS,2026-10-02 12:20:38,Multilínea,Mono_item,Ica,null,null,Power ilim 79.90 SD N,TELEFONICAPE,10:00 - 20:00,Cancelado,Rechazado,Desconocido,PISCO
Netcall,2 oct 2026,11,927746692,927746692,9283,Outbound,Portabilidad Postpago,EXPRESS,Logixtal,9345,CERRADAS,Entregado,Entregado,NET_STAVARALIVI,SIM,2 oct 2026,2 oct 2026,null,No,CERRADAS,2026-10-03 01:31:16,Monolínea,Mono_item,Ica,null,Power ilim 79.90 SD N,null,null,10:00 - 20:00,Cerrado,Resuelto,null,PISCO
Netcall,1 oct 2026,16,927365341,9273653418286530086755,9283,Outbound,Portabilidad Postpago,PROGRAMADO,Logixtal,9345,ABIERTAS,Pendiente Entrega,Pendiente Entrega,NET_JSANGAMA,SIM,2 oct 2026,null,null,No,ABIERTAS,null,Monolínea,Mono_item,Ica,null,null,Power ilim 79.90 SD N,TELEFONICAPE,13:01 - 19:00,En Progreso,En Progreso,Desconocido,PISCO
Netcall,2 oct 2026,10,927719498,927719498,9283,Outbound,Venta Regular / Alta,EXPRESS,Logixtal,9345,CERRADAS,Entregado,Entregado,NET_ATRIVINOS,SIM,2 oct 2026,2 oct 2026,null,No,CERRADAS,2026-10-02 12:16:43,Monolínea,Mono_item,Ica,null,Power ilim 79.90 SD N,null,null,10:00 - 20:00,Cerrado,Resuelto,null,PISCO
Netcall,2 oct 2026,9,927700791,927700791,9283,Outbound,Portabilidad Postpago,PROGRAMADO,Logixtal,5024,ABIERTAS,Pendiente Entrega,Pendiente Entrega,NET_JCHAVEZC,SIM,9 oct 2026,null,null,No,ABIERTAS,null,Monolínea,Mono_item,Lambayeque,null,null,null,null,09:00 - 19:00,En Progreso,Punto de No Retorno,null,PIMENTEL
Netcall,1 oct 2026,15,927350007,9273500078286374678980,9283,Outbound,Portabilidad Postpago,PROGRAMADO,Logixtal,5024,CERRADAS,Entregado,Entregado,NET_ARIOST,SIM,2 oct 2026,2 oct 2026,null,No,CERRADAS,2026-10-03 00:08:31,Monolínea,Mono_item,Lambayeque,null,Power ilim 69.90 N,Power ilim 69.90 N,TELEFONICAPE,09:00 - 19:00,Cerrado,Resuelto,Desconocido,PIMENTEL
Netcall,2 oct 2026,17,927857429,927857429,9283,Outbound,Portabilidad Postpago,PROGRAMADO,Logixtal,9353,ABIERTAS,Pendiente Entrega,Pendiente Entrega,NET_YFLORESR,SIM,3 oct 2026,null,null,No,ABIERTAS,null,Monolínea,Mono_item,Huanuco,null,null,null,null,09:00 - 13:00,En Progreso,En Progreso,null,PILLCO MARCA
Netcall,2 oct 2026,17,927865261,927865261,9283,Outbound,Portabilidad Postpago,PROGRAMADO,Logixtal,9353,ABIERTAS,Pendiente Entrega,Pendiente Entrega,TLV_NET_JPENAM,SIM,3 oct 2026,null,null,No,ABIERTAS,null,Monolínea,Mono_item,Huanuco,null,null,null,null,09:00 - 13:00,En Progreso,Documentación Generada,null,PILLCO MARCA
Netcall,3 oct 2026,13,928119909,928119909Empty,9283,Outbound,Portabilidad Postpago,EXPRESS,Retiro en tienda,9353,ABIERTAS,Pendiente Entrega,Pendiente Entrega,NET_ADOROTEOSAL,SIM,3 oct 2026,null,null,No,ABIERTAS,null,Monolínea,Mono_item,Huanuco,null,null,null,null,10:00 - 20:00,En Progreso,Documentación Generada,null,null
Netcall,3 oct 2026,12,928101262,928101262Empty,9283,Outbound,Portabilidad Postpago,EXPRESS,Retiro en tienda,9353,ABIERTAS,Pendiente Entrega,Pendiente Entrega,NET_ACULQUITANM,SIM,3 oct 2026,null,null,No,ABIERTAS,null,Monolínea,Mono_item,Huanuco,null,null,null,null,10:00 - 20:00,En Progreso,En Progreso,null,null
Netcall,2 oct 2026,15,927815155,927815155,9283,Outbound,Portabilidad Postpago,PROGRAMADO,Logixtal,9346,ABIERTAS,Pendiente Entrega,Pendiente Entrega,NET_MZEVALLOSMA,SIM,3 oct 2026,null,null,No,ABIERTAS,null,Monolínea,Mono_item,Junin,null,null,null,null,13:01 - 19:00,En Progreso,En Progreso,null,PILCOMAYO
Netcall,2 oct 2026,17,927857701,927857701,9283,Outbound,Portabilidad Postpago,RETIRO EN TIENDA,Retiro en tienda,3057,ABIERTAS,Pendiente Entrega,Pendiente Entrega,NET_CDACHAC,SIM,2 oct 2026,null,null,No,ABIERTAS,null,Monolínea,Mono_item,Arequipa,null,null,null,null,16:45 - 21:00,En Progreso,En Progreso,null,null
Netcall,1 oct 2026,16,927375735,9273757358286634590891,9283,Outbound,Portabilidad Postpago,RETIRO EN TIENDA,Retiro en tienda,3057,CERRADAS,Entregado,Entregado,NET_DGHERRERA,SIM,1 oct 2026,2 oct 2026,null,No,CERRADAS,2026-10-03 00:15:06,Monolínea,Mono_item,Arequipa,null,Power ilim 79.90 SD N,Power ilim 79.90 SD N,Viettel Peru,16:45 - 21:00,Cerrado,Resuelto,Desconocido,null
Netcall,1 oct 2026,17,927383483,9273834838286715773387,9283,Outbound,Portabilidad Postpago,RETIRO EN TIENDA,Retiro en tienda,3057,CERRADAS,Entregado,Entregado,NET_GAVILCHEZC,SIM,1 oct 2026,2 oct 2026,null,No,CERRADAS,2026-10-03 00:39:06,Monolínea,Mono_item,Arequipa,null,Power ilim 79.90 SD N,Power ilim 79.90 SD N,AmericaMovil,16:45 - 21:00,Cerrado,Resuelto,Desconocido,null
Netcall,3 oct 2026,9,928038856,92803885689511710101029543987,9283,Outbound,Portabilidad Postpago,EXPRESS,Logixtal,5022,ABIERTAS,Entregado,Entregado,NET_CGRANADOSC,SIM,3 oct 2026,null,null,No,ABIERTAS,null,Multilínea,Mono_item,Arequipa,null,null,null,null,10:00 - 20:00,En Progreso,Punto de No Retorno,null,null
Netcall,1 oct 2026,12,927303751,9273037518285934522852,9283,Outbound,Portabilidad Postpago,EXPRESS,Logixtal,5022,CANCELADAS,Anulado,PIN PORTA_NO VALIDO,NET_ARIVERA,SIM,1 oct 2026,null,null,No,CANCELADAS,2026-10-01 13:37:14,Monolínea,Mono_item,Arequipa,null,null,Power ilim 79.90 SD N,TELEFONICAPE,10:00 - 20:00,Cancelado,Pedido Cancelación,Portabilidad Rechazada. REC01PRT10: El número telefónico no se ha portado previamente y no estuvo en servicio por lo menos 30 días calendario en la red del Concesionario Cedente | portabilityOperDateActive=2026-09-30,PAUCARPATA
Netcall,3 oct 2026,12,928087264,92808726489511710101029543920,9283,Outbound,Portabilidad Postpago,EXPRESS,Logixtal,5022,ABIERTAS,Pendiente Entrega,Pendiente de Picking,NET_LMUSAYONS,SIM,3 oct 2026,null,null,No,ABIERTAS,null,Monolínea,Mono_item,Arequipa,null,null,null,null,10:00 - 20:00,En Progreso,Punto de No Retorno,null,null
Netcall,2 oct 2026,12,927761634,927761634,9283,Outbound,Portabilidad Postpago,PROGRAMADO,Logixtal,5022,ABIERTAS,No bop,No bop,NET_NSANTAMARIA,SIM,5 oct 2026,null,null,No,ABIERTAS,null,Multilínea,Mono_item,Arequipa,null,null,null,null,09:00 - 13:00,En Progreso,En Progreso,null,PAUCARPATA
Netcall,3 oct 2026,13,928105475,92810547589511710101029526727,9283,Outbound,Portabilidad Postpago,EXPRESS,Logixtal,5022,ABIERTAS,Pendiente Entrega,Pendiente de Picking,TLV_NET_CURCIAR,SIM,3 oct 2026,null,null,No,ABIERTAS,null,Multilínea,Mono_item,Arequipa,null,null,null,null,10:00 - 20:00,En Progreso,Punto de No Retorno,null,null
Netcall,2 oct 2026,12,927760209,927760209,9283,Outbound,Portabilidad Postpago,PROGRAMADO,Logixtal,5022,ABIERTAS,No bop,No bop,NET_NSANTAMARIA,SIM,5 oct 2026,null,null,No,ABIERTAS,null,Multilínea,Mono_item,Arequipa,null,null,null,null,09:00 - 13:00,En Progreso,En Progreso,null,PAUCARPATA
Netcall,3 oct 2026,10,928043428,92804342889511710101029543953,9283,Outbound,Portabilidad Postpago,EXPRESS,Logixtal,5022,ABIERTAS,Entregado,Entregado,NET_KAGRAMONTEM,SIM,3 oct 2026,null,null,No,ABIERTAS,null,Monolínea,Mono_item,Arequipa,null,null,null,null,10:00 - 20:00,En Progreso,Punto de No Retorno,null,null
Netcall,1 oct 2026,16,927363409,9273634098286508886767,9283,Outbound,Portabilidad Postpago,EXPRESS,Logixtal,5022,CERRADAS,Entregado,Entregado,NET_JORTIZV,SIM,1 oct 2026,1 oct 2026,null,No,CERRADAS,2026-10-02 01:02:34,Monolínea,Mono_item,Arequipa,null,Power ilim 69.90 N,Power ilim 69.90 N,AmericaMovil,10:00 - 20:00,Cerrado,Resuelto,Desconocido,PAUCARPATA
Netcall,3 oct 2026,10,928040423,92804042389511710101029543979,9283,Outbound,Portabilidad Postpago,EXPRESS,Logixtal,5022,ABIERTAS,Entregado,Entregado,NET_CGRANADOSC,SIM,3 oct 2026,null,null,No,ABIERTAS,null,Multilínea,Mono_item,Arequipa,null,null,null,null,10:00 - 20:00,En Progreso,Punto de No Retorno,null,null
Netcall,1 oct 2026,10,927253024,9272530248285479688676,9271,Outbound,Venta Regular / Alta,EXPRESS,Logixtal,5022,CERRADAS,Entregado,Entregado,NET_CREYESJ,SIM,1 oct 2026,1 oct 2026,01/10/2026,Sí,CERRADAS,2026-10-01 16:13:12,Monolínea,Mono_item,Arequipa,29.91303,Power ilim 79.90 SD N,Power ilim 79.90 SD N,Desconocido,10:00 - 20:00,Cerrado,Resuelto,Desconocido,PAUCARPATA
Netcall,2 oct 2026,12,927762222,927762222,9283,Outbound,Portabilidad Postpago,PROGRAMADO,Logixtal,5022,ABIERTAS,Pendiente Entrega,Pendiente Entrega,NET_DDEPINHOZ,SIM,3 oct 2026,null,null,No,ABIERTAS,null,Monolínea,Mono_item,Arequipa,null,null,null,null,09:00 - 13:00,En Progreso,Punto de No Retorno,null,PAUCARPATA
Netcall,3 oct 2026,11,928066230,92806623089511710101029526719,5299,Outbound,Portabilidad Postpago,EXPRESS,Logixtal,5022,ABIERTAS,Pendiente Entrega,Pendiente de Picking,NET_JBOZAC,SIM,3 oct 2026,null,null,No,ABIERTAS,null,Monolínea,Mono_item,Arequipa,null,null,null,null,10:00 - 20:00,En Progreso,Punto de No Retorno,null,null
Netcall,3 oct 2026,13,928106525,928106525Empty,9283,Outbound,Portabilidad Postpago,EXPRESS,Logixtal,5022,ABIERTAS,Pendiente Entrega,Pendiente de Picking,TLV_NET_CURCIAR,SIM,3 oct 2026,null,null,No,ABIERTAS,null,Multilínea,Mono_item,Arequipa,null,null,null,null,10:00 - 20:00,En Progreso,En Progreso,null,null
Netcall,2 oct 2026,17,927868007,927868007,9283,Outbound,Portabilidad Postpago,RETIRO EN TIENDA,Retiro en tienda,7151,ABIERTAS,Pendiente Entrega,Pendiente Entrega,TLV_NET_MCHAMBI,SIM,2 oct 2026,null,null,No,ABIERTAS,null,Multilínea,Mono_item,Pasco,null,null,null,null,09:00 - 21:00,En Progreso,En Progreso,null,null
Netcall,2 oct 2026,17,927862685,927862685,9283,Outbound,Portabilidad Postpago,RETIRO EN TIENDA,Retiro en tienda,7151,CERRADAS,Entregado,Entregado,TLV_NET_MCHAMBI,SIM,2 oct 2026,2 oct 2026,null,No,CERRADAS,2026-10-03 01:44:00,Multilínea,Mono_item,Pasco,null,Power ilim 79.90 SD N,null,null,09:00 - 21:00,Cerrado,Resuelto,null,null
Netcall,1 oct 2026,16,927362537,9273625378286507787209,9283,Outbound,Portabilidad Postpago,RETIRO EN TIENDA,Retiro en tienda,3115,ABIERTAS,Pendiente Entrega,Pendiente Entrega,NET_AAYAURIO,SIM,1 oct 2026,null,null,No,ABIERTAS,null,Monolínea,Mono_item,Pasco,null,null,Power ilim 69.90 N,TELEFONICAPE,11:00 - 21:00,En Progreso,En Progreso,Desconocido,null
Netcall,1 oct 2026,12,927305714,9273057148285944116116,9283,Outbound,Portabilidad Postpago,PROGRAMADO,Logixtal,5021,ABIERTAS,Pendiente Entrega,Pendiente Entrega,NET_MORIHUELAQ,SIM,6 oct 2026,null,null,No,ABIERTAS,null,Monolínea,Mono_item,Piura,null,null,Power ilim 69.90 N,TELEFONICAPE,09:00 - 19:00,En Progreso,Punto de No Retorno,Desconocido,PARIÑAS
Netcall,1 oct 2026,9,927244735,9272447358285411481747,9283,Outbound,Portabilidad Postpago,PROGRAMADO,Logixtal,5021,ABIERTAS,Pendiente Entrega,Pendiente Entrega,NET_YMILLA,SIM,2 oct 2026,null,null,No,ABIERTAS,null,Monolínea,Mono_item,Piura,null,null,Power ilim 69.90 N,AmericaMovil,09:00 - 19:00,En Progreso,Punto de No Retorno,Desconocido,PARIÑAS
Netcall,1 oct 2026,11,927277584,9272775848285679634466,9283,Outbound,Portabilidad Postpago,PROGRAMADO,Logixtal,5021,CERRADAS,Entregado,Entregado,TLV_NET_DSANC,SIM,2 oct 2026,2 oct 2026,null,No,CERRADAS,2026-10-03 01:44:15,Monolínea,Mono_item,Piura,null,Power ilim 69.90 N,Power ilim 69.90 N,AmericaMovil,09:00 - 19:00,Cerrado,Resuelto,Desconocido,PARIÑAS
Netcall,1 oct 2026,9,927244234,9272442348285399282957,9283,Outbound,Portabilidad Postpago,EXPRESS,Logixtal,9345,CERRADAS,Entregado,Entregado,NET_CSALAZARP,SIM,1 oct 2026,2 oct 2026,null,No,CERRADAS,2026-10-03 01:14:31,Monolínea,Mono_item,Ica,null,Power 59.90 N,Power 59.90 N,TELEFONICAPE,08:00 - 20:00,Cerrado,Resuelto,Desconocido,PARCONA
Netcall,1 oct 2026,17,927391895,9273918958286786672608,9283,Outbound,Portabilidad Postpago,PROGRAMADO,Logixtal,9345,CERRADAS,Entregado,Entregado,NET_JCHINGAA,SIM,2 oct 2026,2 oct 2026,null,No,CERRADAS,2026-10-03 00:39:34,Monolínea,Mono_item,Ica,null,Power ilim 69.90 N,Power ilim 69.90 N,AmericaMovil,09:00 - 13:00,Cerrado,Resuelto,Desconocido,PARCONA
Netcall,1 oct 2026,14,927338234,9273382348286259945810,9283,Outbound,Portabilidad Postpago,EXPRESS,Logixtal,9345,ABIERTAS,Pendiente Entrega,Pendiente Entrega,NET_LHUAPAYAO,SIM,1 oct 2026,null,null,No,ABIERTAS,null,Monolínea,Mono_item,Ica,null,null,Power ilim 79.90 SD N,TELEFONICAPE,08:00 - 20:00,En Progreso,Punto de No Retorno,Desconocido,PARCONA
Netcall,1 oct 2026,18,927405760,9274057608286924806699,9283,Outbound,Portabilidad Postpago,PROGRAMADO,Logixtal,9345,ABIERTAS,Pendiente Entrega,Pendiente Entrega,NET_SSUAREZG,SIM,3 oct 2026,null,null,No,ABIERTAS,null,Monolínea,Mono_item,Ica,null,null,Power ilim 89.90 SD N,TELEFONICAPE,09:00 - 13:00,En Progreso,En Progreso,Desconocido,PARCONA
Netcall,3 oct 2026,13,928113014,928113014Empty,9271,Outbound,Portabilidad Postpago,EXPRESS,Retiro en tienda,9345,ABIERTAS,Pendiente Entrega,Pendiente Entrega,NET_LGOMEZA,SIM,3 oct 2026,null,null,No,ABIERTAS,null,Monolínea,Mono_item,Ica,null,null,null,null,10:00 - 20:00,En Progreso,En Progreso,null,null
Netcall,2 oct 2026,11,927745315,927745315,9283,Outbound,Portabilidad Postpago,EXPRESS,Logixtal,9345,CERRADAS,Entregado,Entregado,TLV_NET_LVILLLA,SIM,2 oct 2026,2 oct 2026,null,No,CERRADAS,2026-10-03 02:00:23,Monolínea,Mono_item,Ica,null,Power ilim 69.90 N,null,null,10:00 - 20:00,Cerrado,Resuelto,null,PARCONA
Netcall,1 oct 2026,18,927399697,9273996978286866916043,9271,Outbound,Portabilidad Postpago,PROGRAMADO,Logixtal,9345,CERRADAS,Entregado,Entregado,NET_LGOMEZA,SIM,2 oct 2026,2 oct 2026,null,No,CERRADAS,2026-10-03 01:07:56,Monolínea,Mono_item,Ica,null,Power ilim 69.90 N,Power ilim 69.90 N,TELEFONICAPE,09:00 - 13:00,Cerrado,Resuelto,Desconocido,PARCONA
Netcall,1 oct 2026,10,927255311,9272553118285500476610,9283,Outbound,Portabilidad Postpago,PROGRAMADO,Logixtal,9001,ABIERTAS,Pendiente Entrega,Pendiente Entrega,NET_YHUAMAN,SIM,5 oct 2026,null,null,No,ABIERTAS,null,Monolínea,Mono_item,Lima - Callao,null,null,Power ilim 69.90 N,Viettel Peru,09:00 - 20:00,En Progreso,En Progreso,Desconocido,PARAMONGA
Netcall,2 oct 2026,11,927756821,927756821,9283,Outbound,Portabilidad Postpago,RETIRO EN TIENDA,Retiro en tienda,3161,CERRADAS,Entregado,Entregado,TLV_NET_KARANDA,SIM,2 oct 2026,2 oct 2026,null,No,CERRADAS,2026-10-03 01:41:12,Monolínea,Mono_item,Piura,null,Power ilim 79.90 SD N,null,null,09:00 - 21:00,Cerrado,Resuelto,null,null
Netcall,3 oct 2026,12,928088067,92808806789511710111070539347,9283,Outbound,Portabilidad Postpago,PROGRAMADO,Logixtal,5021,ABIERTAS,Pendiente Entrega,Pendiente de Picking,NET_CASCONAT,SIM,8 oct 2026,null,null,No,ABIERTAS,null,Monolínea,Mono_item,Piura,null,null,null,null,09:00 - 19:00,En Progreso,Punto de No Retorno,null,null
Netcall,2 oct 2026,16,927832055,927832055,9283,Outbound,Portabilidad Postpago,RETIRO EN TIENDA,Retiro en tienda,3161,CERRADAS,Entregado,Entregado,NET_JBAYONAC,SIM,2 oct 2026,2 oct 2026,null,No,CERRADAS,2026-10-03 00:09:33,Monolínea,Mono_item,Piura,null,Power ilim 69.90 N,null,null,09:00 - 21:00,Cerrado,Resuelto,null,null
Netcall,2 oct 2026,13,927779621,927779621,9283,Outbound,Portabilidad Postpago,RETIRO EN TIENDA,Retiro en tienda,3161,ABIERTAS,Pendiente Entrega,Pendiente Entrega,NET_LMALDONADOC,SIM,2 oct 2026,null,null,No,ABIERTAS,null,Monolínea,Mono_item,Piura,null,null,null,null,09:00 - 21:00,En Progreso,En Progreso,null,null
Netcall,1 oct 2026,18,927370384,927370384,9283,Outbound,Portabilidad Postpago,RETIRO EN TIENDA,Retiro en tienda,3161,CERRADAS,Entregado,Entregado,NET_RCASTANEDAR,SIM,1 oct 2026,1 oct 2026,null,No,CERRADAS,2026-10-02 00:06:31,Monolínea,Mono_item,Piura,null,Power ilim 79.90 SD N,null,null,09:00 - 21:00,Cerrado,Resuelto,null,null
Netcall,3 oct 2026,8,928007636,928007636Empty,9283,Outbound,Portabilidad Postpago,RETIRO EN TIENDA,Retiro en tienda,3161,ABIERTAS,Pendiente Entrega,Pendiente Entrega,NET_SLAZOB,SIM,3 oct 2026,null,null,No,ABIERTAS,null,Monolínea,Mono_item,Piura,null,null,null,null,09:00 - 21:00,En Progreso,En Progreso,null,null
Netcall,2 oct 2026,10,927719934,927719934,9271,Outbound,Portabilidad Postpago,PROGRAMADO,Logixtal,5023,ABIERTAS,Pendiente Entrega,Pendiente Entrega,NET_MVALIENTES,SIM,7 oct 2026,null,null,No,ABIERTAS,null,Multilínea,Mono_item,La Libertad,null,null,null,null,09:00 - 19:00,En Progreso,Punto de No Retorno,null,PAIJAN
Netcall,2 oct 2026,10,927712745,927712745,9271,Outbound,Portabilidad Postpago,PROGRAMADO,Logixtal,5023,ABIERTAS,Pendiente Entrega,Pendiente Entrega,NET_MVALIENTES,SIM,7 oct 2026,null,null,No,ABIERTAS,null,Multilínea,Mono_item,La Libertad,null,null,null,null,09:00 - 19:00,En Progreso,Punto de No Retorno,null,PAIJAN
Netcall,1 oct 2026,10,927264841,9272648418285584773709,9271,Outbound,Portabilidad Postpago,PROGRAMADO,Logixtal,9001,ABIERTAS,Pendiente Entrega,Pendiente Entrega,NET_RCEVERINOL,SIM,3 oct 2026,null,null,No,ABIERTAS,null,Monolínea,Mono_item,Lima - Callao,null,null,Power ilim 69.90 N,TELEFONICAPE,09:00 - 20:00,En Progreso,Punto de No Retorno,Desconocido,PACHACAMAC
Netcall,1 oct 2026,14,927327724,9273277248286158213485,9283,Outbound,Portabilidad Postpago,PROGRAMADO,Logixtal,9001,ABIERTAS,Pendiente Entrega,Pendiente Entrega,NET_EVELASQUEZB,SIM,3 oct 2026,null,null,No,ABIERTAS,null,Monolínea,Mono_item,Lima - Callao,null,null,Power ilim 69.90 N,AmericaMovil,09:00 - 20:00,En Progreso,Punto de No Retorno,Desconocido,PACHACAMAC
Netcall,2 oct 2026,13,927787578,927787578,9283,Outbound,Portabilidad Postpago,PROGRAMADO,Logixtal,9001,ABIERTAS,Pendiente Entrega,Pendiente Entrega,NET_ABARRERAY,SIM,3 oct 2026,null,null,No,ABIERTAS,null,Monolínea,Mono_item,Lima - Callao,null,null,null,null,09:00 - 20:00,En Progreso,Punto de No Retorno,null,PACHACAMAC
Netcall,1 oct 2026,18,927396434,9273964348286867594586,9271,Outbound,Venta Regular / Alta,PROGRAMADO,Logixtal,9001,ABIERTAS,Pendiente Entrega,Pendiente Entrega,NET_KESCORZAC,SIM,3 oct 2026,null,null,No,ABIERTAS,null,Monolínea,Mono_item,Lima - Callao,null,null,Power 39.90 N,Desconocido,09:00 - 20:00,En Progreso,Punto de No Retorno,Desconocido,PACHACAMAC
Netcall,1 oct 2026,18,927397811,9273978118286850585126,9283,Outbound,Portabilidad Postpago,PROGRAMADO,Logixtal,5023,CERRADAS,Entregado,Entregado,NET_SDEDIOSO,SIM,2 oct 2026,2 oct 2026,null,No,CERRADAS,2026-10-03 01:38:50,Monolínea,Mono_item,La Libertad,null,Power ilim 79.90 SD N,Power ilim 79.90 SD N,TELEFONICAPE,09:00 - 19:00,Cerrado,Resuelto,Desconocido,PACASMAYO
Netcall,3 oct 2026,12,928091976,92809197689511710111087131948,9271,Outbound,Portabilidad Postpago,PROGRAMADO,Logixtal,5023,ABIERTAS,Pendiente Entrega,Pendiente de Picking,NET_MVALIENTES,SIM,9 oct 2026,null,null,No,ABIERTAS,null,Monolínea,Mono_item,La Libertad,null,null,null,null,09:00 - 19:00,En Progreso,Punto de No Retorno,null,null
Netcall,1 oct 2026,12,927291490,9272914908285811557190,9283,Outbound,Portabilidad Postpago,PROGRAMADO,Logixtal,5023,CANCELADAS,Entregado,Entregado,NET_GFLORESS,SIM,2 oct 2026,2 oct 2026,null,No,CANCELADAS,2026-10-02 22:00:30,Multilínea,Mono_item,La Libertad,null,null,Power ilim 79.90 SD N,TELEFONICAPE,09:00 - 19:00,Cancelado,Pedido Cancelación,Desconocido,PACASMAYO
Netcall,1 oct 2026,12,927293604,9272936048285831240644,9283,Outbound,Venta Regular / Alta,PROGRAMADO,Logixtal,5023,CERRADAS,Entregado,Entregado,NET_GFLORESS,SIM,2 oct 2026,2 oct 2026,null,No,CERRADAS,2026-10-02 12:59:12,Multilínea,Mono_item,La Libertad,null,Power ilim 79.90 SD N,Power ilim 79.90 SD N,Desconocido,09:00 - 19:00,Cerrado,Resuelto,Desconocido,PACASMAYO
Netcall,1 oct 2026,6,927177147,927177147,9283,Outbound,Portabilidad Postpago,RETIRO EN TIENDA,Retiro en tienda,3113,CERRADAS,Entregado,Entregado,NET_LVASQUEZT,SIM,1 oct 2026,1 oct 2026,null,No,CERRADAS,2026-10-02 00:32:10,Multilínea,Mono_item,La Libertad,null,Power ilim 79.90 SD N,null,null,09:00 - 21:00,Cerrado,Resuelto,null,null
Netcall,1 oct 2026,6,927177098,9271770988285123217475,9283,Outbound,Portabilidad Postpago,RETIRO EN TIENDA,Retiro en tienda,3113,CERRADAS,Entregado,Entregado,NET_LVASQUEZT,SIM,1 oct 2026,1 oct 2026,null,No,CERRADAS,2026-10-02 02:16:37,Multilínea,Mono_item,La Libertad,null,Power ilim 79.90 SD N,Power ilim 79.90 SD N,AmericaMovil,09:00 - 21:00,Cerrado,Resuelto,Desconocido,null
Netcall,3 oct 2026,9,928029044,92802904489511710111070999558,9283,Outbound,Portabilidad Postpago,EXPRESS,Retiro en tienda,9344,ABIERTAS,Entregado,Entregado,NET_SAVILAC,SIM,3 oct 2026,null,null,No,ABIERTAS,null,Monolínea,Mono_item,Ancash,null,null,null,null,10:00 - 20:00,En Progreso,Pago Recibido,null,null
Netcall,3 oct 2026,10,928048774,92804877489511710111070999525,9283,Outbound,Portabilidad Postpago,EXPRESS,Retiro en tienda,9344,ABIERTAS,Pendiente Entrega,Pendiente Entrega,TLV_NET_LSANCHA,SIM,3 oct 2026,null,null,No,ABIERTAS,null,Monolínea,Mono_item,Ancash,null,null,null,null,10:00 - 20:00,En Progreso,Punto de No Retorno,null,null
Netcall,1 oct 2026,15,927345092,9273450928286330069726,9283,Outbound,Portabilidad Postpago,PROGRAMADO,Logixtal,9344,ABIERTAS,Pendiente Entrega,Pendiente Entrega,NET_LFLORESY,SIM,2 oct 2026,null,null,No,ABIERTAS,null,Monolínea,Mono_item,Ancash,null,null,Power ilim 69.90 N,TELEFONICAPE,09:00 - 13:00,En Progreso,Punto de No Retorno,Desconocido,NUEVO CHIMBOTE
Netcall,2 oct 2026,10,927716792,927716792,9283,Outbound,Portabilidad Postpago,EXPRESS,Logixtal,9344,CERRADAS,Entregado,Entregado,NET_PCHAVESTAY,SIM,2 oct 2026,2 oct 2026,null,No,CERRADAS,2026-10-03 01:58:17,Monolínea,Mono_item,Ancash,null,Power ilim 69.90 N,null,null,10:00 - 20:00,Cerrado,Resuelto,null,NUEVO CHIMBOTE
Netcall,1 oct 2026,10,927248802,9272488028285442914508,9283,Outbound,Portabilidad Postpago,PROGRAMADO,Logixtal,9344,CERRADAS,Entregado,Entregado,NET_EGOMEZB,SIM,2 oct 2026,2 oct 2026,null,No,CERRADAS,2026-10-03 00:43:02,Monolínea,Mono_item,Ancash,null,Power ilim 69.90 N,Power ilim 69.90 N,Viettel Peru,09:00 - 13:00,Cerrado,Resuelto,Desconocido,NUEVO CHIMBOTE
Netcall,3 oct 2026,11,928073712,92807371289511710101030169459,9283,Outbound,Portabilidad Postpago,EXPRESS,Retiro en tienda,9344,ABIERTAS,Entregado,Entregado,NET_RMPEREZC,SIM,3 oct 2026,null,null,No,ABIERTAS,null,Monolínea,Mono_item,Ancash,null,null,null,null,10:00 - 20:00,En Progreso,Punto de No Retorno,null,null
Netcall,2 oct 2026,15,927822216,927822216,9283,Outbound,Portabilidad Postpago,EXPRESS,Logixtal,9344,CERRADAS,Entregado,Entregado,TLV_NET_YQUITOV,SIM,2 oct 2026,2 oct 2026,null,No,CERRADAS,2026-10-03 01:49:05,Monolínea,Mono_item,Ancash,null,Power ilim 69.90 N,null,null,10:00 - 20:00,Cerrado,Resuelto,null,NUEVO CHIMBOTE
Netcall,2 oct 2026,4,927594533,927594533,9283,Outbound,Venta Regular / Alta,EXPRESS,Logixtal,9344,CANCELADAS,Anulado,CLIENTE DESISTE - INFORMACIÓN INCORRECTA,NET_JMENDOZAN,SIM,2 oct 2026,null,null,No,CANCELADAS,2026-10-02 12:02:06,Monolínea,Mono_item,Ancash,null,null,null,null,10:00 - 20:00,Cancelado,Rechazado,null,NUEVO CHIMBOTE
Netcall,1 oct 2026,17,927383808,9273838088286721987857,9283,Outbound,Portabilidad Postpago,PROGRAMADO,Logixtal,9344,CERRADAS,Entregado,Entregado,NET_CALVANC,SIM,2 oct 2026,2 oct 2026,null,No,CERRADAS,2026-10-03 00:52:58,Multilínea,Mono_item,Ancash,null,Power ilim 79.90 SD N,Power ilim 79.90 SD N,AmericaMovil,09:00 - 13:00,Cerrado,Resuelto,Desconocido,NUEVO CHIMBOTE
Netcall,1 oct 2026,11,927281439,9272814398285713999262,9283,Outbound,Portabilidad Postpago,EXPRESS,Logixtal,9344,CERRADAS,Entregado,Entregado,NET_VJAUREGUIM,SIM,1 oct 2026,1 oct 2026,null,No,CERRADAS,2026-10-02 01:05:25,Monolínea,Mono_item,Ancash,null,Power ilim 69.90 N,Power ilim 69.90 N,TELEFONICAPE,10:00 - 20:00,Cerrado,Resuelto,Desconocido,NUEVO CHIMBOTE
Netcall,1 oct 2026,17,927387851,9273878518286754492134,9283,Outbound,Venta Regular / Alta,PROGRAMADO,Logixtal,9344,CERRADAS,Entregado,Entregado,NET_CALVANC,SIM,2 oct 2026,2 oct 2026,null,No,CERRADAS,2026-10-02 16:14:36,Multilínea,Mono_item,Ancash,null,Power ilim 79.90 SD N,Power ilim 79.90 SD N,Desconocido,09:00 - 13:00,Cerrado,Resuelto,Desconocido,NUEVO CHIMBOTE
Netcall,3 oct 2026,9,928029273,92802927389511710101030169293,9283,Outbound,Venta Regular / Alta,EXPRESS,Retiro en tienda,9344,CERRADAS,Entregado,Entregado,NET_WBENITESA,SIM,3 oct 2026,3 oct 2026,null,No,CERRADAS,2026-10-03 11:19:06,Monolínea,Mono_item,Ancash,null,Power ilim 69.90 N,null,null,10:00 - 20:00,Cerrado,Resuelto,null,null
Netcall,1 oct 2026,12,927308831,9273088318285982071281,5299,Outbound,Venta Regular / Alta,EXPRESS,Logixtal,9344,CERRADAS,Entregado,Entregado,NET_MMENDOZAV,SIM,1 oct 2026,1 oct 2026,01/10/2026,Sí,CERRADAS,2026-10-01 17:06:15,Monolínea,Mono_item,Ancash,39.9,Power 39.90 N,Power 39.90 N,Desconocido,10:00 - 20:00,Cerrado,Resuelto,Desconocido,NUEVO CHIMBOTE
Netcall,1 oct 2026,10,927263313,927263313,9283,Outbound,Portabilidad Postpago,EXPRESS,Logixtal,9344,CERRADAS,Entregado,Entregado,TLV_NET_LSANCHA,SIM,1 oct 2026,1 oct 2026,null,No,CERRADAS,2026-10-02 00:11:33,Monolínea,Mono_item,Ancash,null,Power ilim 69.90 N,null,null,10:00 - 20:00,Cerrado,Resuelto,null,NUEVO CHIMBOTE
Netcall,1 oct 2026,12,927301927,9273019278285908825206,9283,Outbound,Portabilidad Postpago,EXPRESS,Logixtal,9344,CANCELADAS,Anulado,CLIENTE YA NO DESEA PRODUCTO,NET_SMENDOZAV,SIM,1 oct 2026,null,null,No,CANCELADAS,2026-10-02 10:47:39,Monolínea,Mono_item,Ancash,null,null,Power ilim 69.90 N,TELEFONICAPE,10:00 - 20:00,Cancelado,Rechazado,Desconocido,NUEVO CHIMBOTE
Netcall,1 oct 2026,15,927355008,9273550088286423080581,9283,Outbound,Portabilidad Postpago,EXPRESS,Logixtal,5022,CERRADAS,Entregado,Entregado,NET_RCORDOVAC,SIM,1 oct 2026,1 oct 2026,null,No,CERRADAS,2026-10-02 01:41:54,Monolínea,Mono_item,Arequipa,null,Power ilim 69.90 N,Power ilim 69.90 N,AmericaMovil,10:00 - 20:00,Cerrado,Resuelto,Desconocido,NICOLAS DE PIEROLA
Netcall,2 oct 2026,11,927745124,927745124,9271,Outbound,Portabilidad Postpago,RETIRO EN TIENDA,Retiro en tienda,3025,CERRADAS,Entregado,Entregado,NET_BATOP,SIM,2 oct 2026,2 oct 2026,null,No,CERRADAS,2026-10-03 00:27:12,Monolínea,Mono_item,San Martin,null,Power ilim 69.90 N,null,null,09:00 - 21:00,Cerrado,Resuelto,null,null
Netcall,1 oct 2026,16,927362474,9273624748286502731437,9283,Outbound,Portabilidad Postpago,RETIRO EN TIENDA,Retiro en tienda,3025,CERRADAS,Entregado,Entregado,NET_BROMANS,SIM,1 oct 2026,1 oct 2026,null,No,CERRADAS,2026-10-02 01:13:52,Monolínea,Mono_item,San Martin,null,Power ilim 69.90 N,Power ilim 69.90 N,AmericaMovil,09:00 - 21:00,Cerrado,Resuelto,Desconocido,null
Netcall,2 oct 2026,15,927819924,927819924,9283,Outbound,Portabilidad Postpago,RETIRO EN TIENDA,Retiro en tienda,3025,CANCELADAS,Cancelado,Cancelado,NET_GMENDIGUETE,SIM,2 oct 2026,null,null,No,CANCELADAS,2026-10-02 17:55:54,Monolínea,Mono_item,San Martin,null,null,null,null,09:00 - 21:00,Cancelado,Pedido Cancelación,null,null
Netcall,3 oct 2026,10,928045497,928045497Empty,9283,Outbound,Portabilidad Postpago,RETIRO EN TIENDA,Retiro en tienda,3025,ABIERTAS,Pendiente Entrega,Pendiente Entrega,NET_ARIVERA,SIM,3 oct 2026,null,null,No,ABIERTAS,null,Monolínea,Mono_item,San Martin,null,null,null,null,09:00 - 21:00,En Progreso,Pago Recibido,null,null
Netcall,2 oct 2026,12,927700157,927700157,9283,Outbound,Portabilidad Postpago,RETIRO EN TIENDA,Retiro en tienda,3025,CERRADAS,Entregado,Entregado,NET_MMATORELAS,SIM,2 oct 2026,2 oct 2026,null,No,CERRADAS,2026-10-03 01:41:45,Monolínea,Mono_item,San Martin,null,Power ilim 69.90 N,null,null,09:00 - 21:00,Cerrado,Resuelto,null,null
Netcall,3 oct 2026,11,928070842,928070842Empty,9283,Outbound,Portabilidad Postpago,RETIRO EN TIENDA,Retiro en tienda,3025,ABIERTAS,Pendiente Entrega,Pendiente Entrega,NET_GMENDIGUETE,SIM,3 oct 2026,null,null,No,ABIERTAS,null,Monolínea,Mono_item,San Martin,null,null,null,null,09:00 - 21:00,En Progreso,En Progreso,null,null
Netcall,1 oct 2026,18,927396821,927396821,9283,Outbound,Portabilidad Postpago,RETIRO EN TIENDA,Retiro en tienda,3025,CERRADAS,Entregado,Entregado,NET_LCALDERONC,SIM,1 oct 2026,1 oct 2026,null,No,CERRADAS,2026-10-02 00:25:49,Monolínea,Mono_item,San Martin,null,Power ilim 69.90 N,null,null,09:00 - 21:00,Cerrado,Resuelto,null,null
Netcall,1 oct 2026,15,927348419,9273484198286360751264,9283,Outbound,Portabilidad Postpago,RETIRO EN TIENDA,Retiro en tienda,3025,CANCELADAS,Cancelado,Cancelado,NET_LMUSAYONS,SIM,1 oct 2026,null,null,No,CANCELADAS,2026-10-01 15:37:10,Multilínea,Mono_item,San Martin,null,null,Power ilim 69.90 N,Viettel Peru,09:00 - 21:00,Cancelado,Documentación Generada,Portabilidad Rechazada. REC01PRT10: El número telefónico no se ha portado previamente y no estuvo en servicio por lo menos 30 días calendario en la red del Concesionario Cedente | portabilityOperDateActive=2026-09-01,null
Netcall,1 oct 2026,15,927344576,9273445768286323225688,9283,Outbound,Portabilidad Postpago,RETIRO EN TIENDA,Retiro en tienda,3025,CANCELADAS,Cancelado,Cancelado,NET_LMUSAYONS,SIM,1 oct 2026,null,null,No,CANCELADAS,2026-10-01 15:32:11,Multilínea,Mono_item,San Martin,null,null,Power ilim 69.90 N,Viettel Peru,09:00 - 21:00,Cancelado,Pedido Cancelación,Portabilidad Rechazada. REC01PRT10: El número telefónico no se ha portado previamente y no estuvo en servicio por lo menos 30 días calendario en la red del Concesionario Cedente | portabilityOperDateActive=2026-09-01,null
Netcall,1 oct 2026,15,927345981,927345981,9283,Outbound,Portabilidad Postpago,RETIRO EN TIENDA,Retiro en tienda,3025,CERRADAS,Entregado,Entregado,NET_JGUIOP,SIM,1 oct 2026,1 oct 2026,null,No,CERRADAS,2026-10-02 00:25:32,Monolínea,Mono_item,San Martin,null,Power ilim 79.90 SD N,null,null,09:00 - 21:00,Cerrado,Resuelto,null,null
Netcall,2 oct 2026,11,927738160,927738160,9283,Outbound,Portabilidad Postpago,RETIRO EN TIENDA,Retiro en tienda,3025,CERRADAS,Entregado,Entregado,NET_FCARRIONM,SIM,2 oct 2026,2 oct 2026,null,No,CERRADAS,2026-10-03 01:48:41,Monolínea,Mono_item,San Martin,null,Power ilim 69.90 N,null,null,09:00 - 21:00,Cerrado,Resuelto,null,null
Netcall,1 oct 2026,16,927357768,9273577688286452680188,9271,Outbound,Portabilidad Postpago,RETIRO EN TIENDA,Retiro en tienda,3025,CERRADAS,Entregado,Entregado,NET_KESCORZAC,SIM,1 oct 2026,2 oct 2026,null,No,CERRADAS,2026-10-03 01:40:08,Monolínea,Mono_item,San Martin,null,Power ilim 69.90 N,Power ilim 69.90 N,AmericaMovil,09:00 - 21:00,Cerrado,Resuelto,Desconocido,null
Netcall,2 oct 2026,18,927874582,927874582,9283,Outbound,Portabilidad Postpago,RETIRO EN TIENDA,Retiro en tienda,3025,CERRADAS,Entregado,Entregado,TLV_NET_KCHAVEZ,SIM,2 oct 2026,2 oct 2026,null,No,CERRADAS,2026-10-03 00:04:59,Monolínea,Mono_item,San Martin,null,Power ilim 69.90 N,null,null,09:00 - 21:00,Cerrado,Resuelto,null,null
Netcall,2 oct 2026,16,927834005,927834005,9283,Outbound,Portabilidad Postpago,PROGRAMADO,Logixtal,5024,ABIERTAS,Pendiente Entrega,Pendiente Entrega,NET_GLOPEZF,SIM,5 oct 2026,null,null,No,ABIERTAS,null,Multilínea,Mono_item,Lambayeque,null,null,null,null,09:00 - 19:00,En Progreso,Punto de No Retorno,null,MOTUPE
Netcall,2 oct 2026,16,927835030,927835030,9283,Outbound,Portabilidad Postpago,PROGRAMADO,Logixtal,5024,ABIERTAS,Pendiente Entrega,Pendiente Entrega,NET_GLOPEZF,SIM,5 oct 2026,null,null,No,ABIERTAS,null,Multilínea,Mono_item,Lambayeque,null,null,null,null,09:00 - 19:00,En Progreso,Punto de No Retorno,null,MOTUPE
Netcall,1 oct 2026,10,927262659,9272626598285564855931,9283,Outbound,Venta Regular / Alta,PROGRAMADO,Logixtal,5024,ABIERTAS,Pendiente Entrega,Pendiente Entrega,NET_JYPEREZV,SIM,5 oct 2026,null,null,No,ABIERTAS,null,Monolínea,Mono_item,Lambayeque,null,null,Power 39.90 N,Desconocido,09:00 - 19:00,En Progreso,Punto de No Retorno,Desconocido,MOTUPE
Netcall,2 oct 2026,13,927783562,927783562,9283,Outbound,Portabilidad Postpago,PROGRAMADO,Logixtal,5024,ABIERTAS,Pendiente Entrega,Pendiente Entrega,NET_EGOMEZB,SIM,8 oct 2026,null,null,No,ABIERTAS,null,Monolínea,Mono_item,Lambayeque,null,null,null,null,09:00 - 19:00,En Progreso,Punto de No Retorno,null,MORROPE
Netcall,1 oct 2026,14,927339537,9273395378286275431963,9283,Outbound,Portabilidad Postpago,PROGRAMADO,Logixtal,5024,ABIERTAS,Pendiente Entrega,Pendiente Entrega,NET_SLIZARDOPER,SIM,8 oct 2026,null,null,No,ABIERTAS,null,Multilínea,Mono_item,Lambayeque,null,null,Power ilim 79.90 SD N,TELEFONICAPE,09:00 - 19:00,En Progreso,Punto de No Retorno,Desconocido,MORROPE
Netcall,1 oct 2026,14,927340376,9273403768286284476661,9283,Outbound,Portabilidad Postpago,PROGRAMADO,Logixtal,5024,ABIERTAS,Pendiente Entrega,Pendiente Entrega,NET_SLIZARDOPER,SIM,8 oct 2026,null,null,No,ABIERTAS,null,Multilínea,Mono_item,Lambayeque,null,null,Power ilim 79.90 SD N,TELEFONICAPE,09:00 - 19:00,En Progreso,Punto de No Retorno,Desconocido,MORROPE
Netcall,3 oct 2026,12,928085869,928085869Empty,9283,Outbound,Portabilidad Postpago,PROGRAMADO,Retiro en tienda,9352,ABIERTAS,Pendiente Entrega,Pendiente Entrega,NET_JVASQUEZMEN,SIM,5 oct 2026,null,null,No,ABIERTAS,null,Multilínea,Mono_item,San Martin,null,null,null,null,09:00 - 13:00,En Progreso,En Progreso,null,null
Netcall,3 oct 2026,12,928083245,928083245Empty,9283,Outbound,Venta Regular / Alta,PROGRAMADO,Retiro en tienda,9352,ABIERTAS,Pendiente Entrega,Pendiente Entrega,NET_JVASQUEZMEN,SIM,5 oct 2026,null,null,No,ABIERTAS,null,Multilínea,Mono_item,San Martin,null,null,null,null,09:00 - 13:00,En Progreso,En Progreso,null,null
Netcall,1 oct 2026,13,927314623,9273146238286038502236,9283,Outbound,Portabilidad Postpago,EXPRESS,Logixtal,9356,CERRADAS,Entregado,Entregado,TLV_NET_CACEVED,SIM,1 oct 2026,1 oct 2026,null,No,CERRADAS,2026-10-02 01:59:36,Monolínea,Mono_item,Moquegua,null,Power ilim 69.90 N,Power ilim 69.90 N,AmericaMovil,10:00 - 20:00,Cerrado,Resuelto,Desconocido,MOQUEGUA
Netcall,3 oct 2026,9,928038718,92803871889511710101045201206,9283,Outbound,Portabilidad Postpago,EXPRESS,Retiro en tienda,9356,ABIERTAS,Entregado,Entregado,NET_KORTIZD,SIM,3 oct 2026,null,null,No,ABIERTAS,null,Monolínea,Mono_item,Moquegua,null,null,null,null,10:00 - 20:00,En Progreso,Punto de No Retorno,null,null
Netcall,2 oct 2026,13,927787561,927787561,9283,Outbound,Portabilidad Postpago,PROGRAMADO,Logixtal,9356,ABIERTAS,Pendiente Entrega,Pendiente Entrega,NET_ATORRESP,SIM,3 oct 2026,null,null,No,ABIERTAS,null,Monolínea,Mono_item,Moquegua,null,null,null,null,09:00 - 13:00,En Progreso,En Progreso,null,MOQUEGUA
Netcall,2 oct 2026,13,927787562,927787562,9283,Outbound,Portabilidad Postpago,EXPRESS,Logixtal,9356,CERRADAS,Entregado,Entregado,NET_JVELASQUEZS,SIM,2 oct 2026,2 oct 2026,null,No,CERRADAS,2026-10-03 03:35:14,Monolínea,Mono_item,Moquegua,null,Power ilim 69.90 N,null,null,10:00 - 20:00,Cerrado,Resuelto,null,MOQUEGUA
Netcall,2 oct 2026,16,927840303,927840303,9283,Outbound,Portabilidad Postpago,EXPRESS,Logixtal,9356,CERRADAS,Entregado,Entregado,NET_ARAMOSR,SIM,2 oct 2026,2 oct 2026,null,No,CERRADAS,2026-10-03 03:37:41,Monolínea,Mono_item,Moquegua,null,Power ilim 69.90 N,null,null,10:00 - 20:00,Cerrado,Resuelto,null,MOQUEGUA
Netcall,1 oct 2026,17,927384250,9273842508286719128312,9283,Outbound,Portabilidad Postpago,PROGRAMADO,Logixtal,5024,ABIERTAS,Pendiente Entrega,Pendiente Entrega,NET_SGONZALESF,SIM,3 oct 2026,null,null,No,ABIERTAS,null,Monolínea,Mono_item,Lambayeque,null,null,Power ilim 79.90 SD N,TELEFONICAPE,09:00 - 19:00,En Progreso,Punto de No Retorno,Desconocido,MONSEFU
Netcall,2 oct 2026,11,927757566,927757566,9283,Outbound,Portabilidad Postpago,PROGRAMADO,Logixtal,5024,ABIERTAS,Pendiente Entrega,Pendiente Entrega,NET_ASALASF,SIM,3 oct 2026,null,null,No,ABIERTAS,null,Monolínea,Mono_item,Lambayeque,null,null,null,null,09:00 - 19:00,En Progreso,Punto de No Retorno,null,MONSEFU
Netcall,2 oct 2026,14,927807795,927807795,9283,Outbound,Portabilidad Postpago,PROGRAMADO,Logixtal,5024,ABIERTAS,Pendiente Entrega,Pendiente Entrega,NET_GMENDIGUETE,SIM,3 oct 2026,null,null,No,ABIERTAS,null,Monolínea,Mono_item,Lambayeque,null,null,null,null,09:00 - 19:00,En Progreso,Punto de No Retorno,null,MONSEFU
Netcall,1 oct 2026,14,927326306,9273263068286149596822,9283,Outbound,Portabilidad Postpago,PROGRAMADO,Logixtal,5023,ABIERTAS,Pendiente Entrega,Pendiente Entrega,NET_BTRUJILLOT,SIM,3 oct 2026,null,null,No,ABIERTAS,null,Multilínea,Mono_item,La Libertad,null,null,Power ilim 79.90 SD N,TELEFONICAPE,09:00 - 19:00,En Progreso,Punto de No Retorno,Desconocido,MOCHE
Netcall,1 oct 2026,14,927327192,9273271928286156239269,9283,Outbound,Portabilidad Postpago,PROGRAMADO,Logixtal,5023,ABIERTAS,Pendiente Entrega,Pendiente Entrega,NET_BTRUJILLOT,SIM,3 oct 2026,null,null,No,ABIERTAS,null,Multilínea,Mono_item,La Libertad,null,null,Power ilim 79.90 SD N,AmericaMovil,09:00 - 19:00,En Progreso,Punto de No Retorno,Desconocido,MOCHE
Netcall,1 oct 2026,7,927193628,9271936288285166599167,9283,Outbound,Portabilidad Postpago,EXPRESS,Logixtal,9001,CERRADAS,Entregado,Entregado,TLV_NET_DVALOI,SIM,1 oct 2026,1 oct 2026,null,No,CERRADAS,2026-10-02 02:01:18,Monolínea,Mono_item,Lima - Callao,null,Power ilim 69.90 N,Power ilim 69.90 N,TELEFONICAPE,10:00 - 22:00,Cerrado,Resuelto,Desconocido,MIRAFLORES
Netcall,1 oct 2026,12,927293580,9272935808285831187323,9271,Outbound,Portabilidad Postpago,EXPRESS,Logixtal,9001,CERRADAS,Entregado,Entregado,NET_BATOP,SIM,1 oct 2026,1 oct 2026,null,No,CERRADAS,2026-10-02 00:59:41,Multilínea,Mono_item,Lima - Callao,null,Power ilim 69.90 N,Power ilim 69.90 N,AmericaMovil,10:00 - 22:00,Cerrado,Resuelto,Desconocido,MIRAFLORES
Netcall,1 oct 2026,11,927281838,9272818388285715209890,9283,Outbound,Portabilidad Postpago,EXPRESS,Logixtal,9001,CERRADAS,Entregado,Entregado,NET_CCONDEM,SIM,1 oct 2026,1 oct 2026,null,No,CERRADAS,2026-10-02 01:28:51,Monolínea,Mono_item,Lima - Callao,null,Power ilim 69.90 N,Power ilim 69.90 N,TELEFONICAPE,10:00 - 22:00,Cerrado,Resuelto,Desconocido,MIRAFLORES
Netcall,3 oct 2026,9,928038502,92803850289511710101029537583,9283,Outbound,Portabilidad Postpago,EXPRESS,Logixtal,5022,ABIERTAS,Entregado,Entregado,NET_VZEGARRAAGU,SIM,3 oct 2026,null,null,No,ABIERTAS,null,Monolínea,Mono_item,Arequipa,null,null,null,null,10:00 - 20:00,En Progreso,Punto de No Retorno,null,null
Netcall,1 oct 2026,10,927260825,9272608258285549734648,9271,Outbound,Portabilidad Postpago,EXPRESS,Logixtal,5022,CERRADAS,Entregado,Entregado,NET_KANGELESS,SIM,1 oct 2026,1 oct 2026,null,No,CERRADAS,2026-10-02 01:48:41,Multilínea,Mono_item,Arequipa,null,Power ilim 79.90 SD N,Power ilim 79.90 SD N,TELEFONICAPE,10:00 - 20:00,Cerrado,Resuelto,Desconocido,MIRAFLORES
Netcall,1 oct 2026,17,927390659,9273906598286777816989,9283,Outbound,Portabilidad Postpago,EXPRESS,Logixtal,9001,CERRADAS,Entregado,Entregado,NET_TANCHANTEG,SIM,1 oct 2026,1 oct 2026,null,No,CERRADAS,2026-10-02 01:28:53,Monolínea,Mono_item,Lima - Callao,null,Power ilim 79.90 SD N,Power ilim 79.90 SD N,AmericaMovil,10:00 - 22:00,Cerrado,Resuelto,Desconocido,MIRAFLORES
Netcall,2 oct 2026,16,927838275,927838275,9283,Outbound,Portabilidad Postpago,EXPRESS,Logixtal,5022,CERRADAS,Entregado,Entregado,NET_LFLORESY,SIM,2 oct 2026,2 oct 2026,null,No,CERRADAS,2026-10-03 01:09:38,Multilínea,Mono_item,Arequipa,null,Power ilim 79.90 SD N,null,null,10:00 - 20:00,Cerrado,Resuelto,null,MIRAFLORES
Netcall,2 oct 2026,16,927836473,927836473,9283,Outbound,Portabilidad Postpago,EXPRESS,Logixtal,5022,CERRADAS,Entregado,Entregado,NET_LFLORESY,SIM,2 oct 2026,2 oct 2026,null,No,CERRADAS,2026-10-03 01:49:20,Multilínea,Mono_item,Arequipa,null,Power ilim 79.90 SD N,null,null,10:00 - 20:00,Cerrado,Resuelto,null,MIRAFLORES
Netcall,1 oct 2026,14,927334624,9273346248286230348348,9283,Outbound,Portabilidad Postpago,EXPRESS,Logixtal,9001,CERRADAS,Entregado,Entregado,NET_HEULOGIO,SIM,1 oct 2026,1 oct 2026,null,No,CERRADAS,2026-10-02 01:40:22,Multilínea,Mono_item,Lima - Callao,null,Power ilim 79.90 SD N,Power ilim 79.90 SD N,AmericaMovil,10:00 - 22:00,Cerrado,Resuelto,Desconocido,MIRAFLORES
Netcall,1 oct 2026,12,927291432,927291432,9271,Outbound,Portabilidad Postpago,EXPRESS,Logixtal,9001,CERRADAS,Entregado,Entregado,NET_BATOP,SIM,1 oct 2026,1 oct 2026,null,No,CERRADAS,2026-10-02 00:13:40,Multilínea,Mono_item,Lima - Callao,null,Power ilim 69.90 N,null,null,10:00 - 22:00,Cerrado,Resuelto,null,MIRAFLORES
Netcall,3 oct 2026,11,928081594,92808159489511710101029525588,9283,Outbound,Portabilidad Postpago,EXPRESS,Logixtal,5022,ABIERTAS,Pendiente Entrega,Pendiente de Picking,NET_RDULANTORO,SIM,3 oct 2026,null,null,No,ABIERTAS,null,Monolínea,Mono_item,Arequipa,null,null,null,null,10:00 - 20:00,En Progreso,Punto de No Retorno,null,null
Netcall,1 oct 2026,17,927382615,9273826158286704472253,9283,Outbound,Portabilidad Postpago,PROGRAMADO,Logixtal,5022,CERRADAS,Entregado,Entregado,NET_ACQUISPE,SIM,2 oct 2026,2 oct 2026,null,No,CERRADAS,2026-10-03 01:52:54,Monolínea,Mono_item,Arequipa,null,Power ilim 79.90 SD N,Power ilim 79.90 SD N,AmericaMovil,13:01 - 20:00,Cerrado,Resuelto,Desconocido,MIRAFLORES
Netcall,1 oct 2026,14,927333688,9273336888286220332788,9283,Outbound,Portabilidad Postpago,EXPRESS,Logixtal,9001,CERRADAS,Entregado,Entregado,NET_HEULOGIO,SIM,1 oct 2026,1 oct 2026,null,No,CERRADAS,2026-10-02 03:28:57,Multilínea,Mono_item,Lima - Callao,null,Power ilim 79.90 SD N,Power ilim 79.90 SD N,AmericaMovil,10:00 - 22:00,Cerrado,Resuelto,Desconocido,MIRAFLORES
Netcall,2 oct 2026,18,927885801,927885801,9283,Outbound,Portabilidad Postpago,EXPRESS,Logixtal,9001,ABIERTAS,Pendiente Entrega,Pendiente Entrega,NET_BTRUJILLOT,SIM,2 oct 2026,null,null,No,ABIERTAS,null,Monolínea,Mono_item,Lima - Callao,null,null,null,null,08:00 - 20:00,En Progreso,Punto de No Retorno,null,VILLA MARIA DEL TRIUNFO
Netcall,3 oct 2026,11,928071311,92807131189511710111087045049,9283,Outbound,Portabilidad Postpago,EXPRESS,Logixtal,9001,ABIERTAS,Entregado,Entregado,TLV_NET_APINTAD,SIM,3 oct 2026,null,null,No,ABIERTAS,null,Monolínea,Mono_item,Lima - Callao,null,null,null,null,10:00 - 22:00,En Progreso,Punto de No Retorno,null,null
Netcall,1 oct 2026,12,927292636,9272926368285821666733,9283,Outbound,Portabilidad Postpago,EXPRESS,Logixtal,9001,CANCELADAS,Anulado,DIRECCIÓN ERRADA,NET_LHUAPAYAO,SIM,1 oct 2026,null,null,No,CANCELADAS,2026-10-02 11:52:45,Monolínea,Mono_item,Lima - Callao,null,null,Power ilim 69.90 N,AmericaMovil,10:00 - 22:00,Cancelado,Rechazado,Desconocido,MIRAFLORES
Netcall,1 oct 2026,10,927259482,9272594828285531847382,9271,Outbound,Portabilidad Postpago,EXPRESS,Logixtal,5022,CERRADAS,Entregado,Entregado,NET_KANGELESS,SIM,1 oct 2026,1 oct 2026,null,No,CERRADAS,2026-10-02 00:55:43,Multilínea,Mono_item,Arequipa,null,Power ilim 79.90 SD N,Power ilim 79.90 SD N,AmericaMovil,10:00 - 20:00,Cerrado,Resuelto,Desconocido,MIRAFLORES
Netcall,2 oct 2026,16,927837483,927837483,9283,Outbound,Portabilidad Postpago,EXPRESS,Logixtal,5022,CERRADAS,Entregado,Entregado,NET_LFLORESY,SIM,2 oct 2026,2 oct 2026,null,No,CERRADAS,2026-10-03 00:21:42,Multilínea,Mono_item,Arequipa,null,Power ilim 79.90 SD N,null,null,10:00 - 20:00,Cerrado,Resuelto,null,MIRAFLORES
Netcall,2 oct 2026,13,927784013,927784013,9283,Outbound,Portabilidad Postpago,EXPRESS,Logixtal,9001,CERRADAS,Entregado,Entregado,NET_LHUAPAYAO,SIM,2 oct 2026,2 oct 2026,null,No,CERRADAS,2026-10-03 00:31:41,Monolínea,Mono_item,Lima - Callao,null,Power ilim 69.90 N,null,null,10:00 - 22:00,Cerrado,Resuelto,null,MIRAFLORES
Netcall,2 oct 2026,16,927841487,927841487,5299,Outbound,Portabilidad Postpago,PROGRAMADO,Logixtal,5021,ABIERTAS,Pendiente Entrega,Pendiente Entrega,NET_RCANDIOTTIA,SIM,3 oct 2026,null,null,No,ABIERTAS,null,Monolínea,Mono_item,Piura,null,null,null,null,09:00 - 19:00,En Progreso,Punto de No Retorno,null,MIGUEL CHECA
Netcall,1 oct 2026,16,927360335,9273603358286478205375,9283,Outbound,Portabilidad Postpago,PROGRAMADO,Logixtal,9001,CANCELADAS,Anulado,DIRECCIÓN ERRADA,NET_VCARMENG,SIM,2 oct 2026,null,null,No,CANCELADAS,2026-10-02 12:28:42,Monolínea,Mono_item,Lima - Callao,null,null,Power ilim 79.90 SD N,Viettel Peru,08:00 - 13:00,Cancelado,Rechazado,Desconocido,MI PERU
Netcall,3 oct 2026,13,928121714,928121714Empty,9283,Outbound,Portabilidad Postpago,PROGRAMADO,Logixtal,9001,ABIERTAS,Pendiente Entrega,Pendiente de Picking,NET_YUCEDAB,SIM,4 oct 2026,null,null,No,ABIERTAS,null,Multilínea,Mono_item,Lima - Callao,null,null,null,null,08:00 - 22:00,null,null,null,null
Netcall,3 oct 2026,13,928120810,928120810Empty,9283,Outbound,Portabilidad Postpago,PROGRAMADO,Logixtal,9001,ABIERTAS,Pendiente Entrega,Pendiente de Picking,NET_YUCEDAB,SIM,4 oct 2026,null,null,No,ABIERTAS,null,Multilínea,Mono_item,Lima - Callao,null,null,null,null,08:00 - 22:00,null,null,null,null
Netcall,1 oct 2026,10,927257179,9272571798285515407683,9283,Outbound,Portabilidad Postpago,PROGRAMADO,Logixtal,9001,CERRADAS,Entregado,Entregado,NET_YRAYMUNDOTA,SIM,2 oct 2026,2 oct 2026,null,No,CERRADAS,2026-10-03 03:37:17,Monolínea,Mono_item,Lima - Callao,null,Power ilim 79.90 SD N,Power ilim 79.90 SD N,Viettel Peru,08:00 - 13:00,Cerrado,Resuelto,Desconocido,MI PERU
Netcall,1 oct 2026,13,927320887,9273208878286097291155,9283,Outbound,Portabilidad Postpago,PROGRAMADO,Logixtal,9001,CERRADAS,Entregado,Entregado,NET_CCONDEM,SIM,2 oct 2026,2 oct 2026,null,No,CERRADAS,2026-10-03 01:56:07,Monolínea,Mono_item,Lima - Callao,null,Power ilim 69.90 N,Power ilim 69.90 N,AmericaMovil,13:01 - 22:00,Cerrado,Resuelto,Desconocido,MI PERU
Netcall,3 oct 2026,13,928110885,928110885Empty,9283,Outbound,Venta Regular / Alta,PROGRAMADO,Logixtal,9001,ABIERTAS,Pendiente Entrega,Pendiente de Picking,NET_JSANCHEZC,SIM,4 oct 2026,null,null,No,ABIERTAS,null,Monolínea,Mono_item,Lima - Callao,null,null,null,null,08:00 - 22:00,En Progreso,En Progreso,null,null
Netcall,1 oct 2026,9,927231657,9272316578285296496707,9283,Outbound,Portabilidad Postpago,RETIRO EN TIENDA,Retiro en tienda,2103,CERRADAS,Entregado,Entregado,NET_JLUCIANOT,SIM,1 oct 2026,1 oct 2026,null,No,CERRADAS,2026-10-02 01:13:36,Monolínea,Mono_item,Loreto,null,Power ilim 79.90 SD N,Power ilim 79.90 SD N,AmericaMovil,09:00 - 21:00,Cerrado,Resuelto,Desconocido,null
Netcall,1 oct 2026,13,927325644,9273256448286140654972,9283,Outbound,Portabilidad Postpago,RETIRO EN TIENDA,Retiro en tienda,2103,ABIERTAS,Pendiente Entrega,Pendiente Entrega,NET_VCHIRIA,SIM,1 oct 2026,null,null,No,ABIERTAS,null,Monolínea,Mono_item,Loreto,null,null,Power ilim 69.90 N,TELEFONICAPE,09:00 - 21:00,En Progreso,En Progreso,Desconocido,null
Netcall,1 oct 2026,13,927324679,9273246798286135239967,9271,Outbound,Portabilidad Postpago,RETIRO EN TIENDA,Retiro en tienda,2103,CERRADAS,Entregado,Entregado,NET_KGUTIERREZV,SIM,1 oct 2026,1 oct 2026,null,No,CERRADAS,2026-10-02 01:45:06,Monolínea,Mono_item,Loreto,null,Power 49.90 N,Power 49.90 N,AmericaMovil,09:00 - 21:00,Cerrado,Resuelto,Desconocido,null
Netcall,3 oct 2026,12,928083364,928083364Empty,9283,Outbound,Portabilidad Postpago,RETIRO EN TIENDA,Retiro en tienda,7379,ABIERTAS,Pendiente Entrega,Pendiente Entrega,NET_MRIOSP,SIM,3 oct 2026,null,null,No,ABIERTAS,null,Monolínea,Mono_item,Moquegua,null,null,null,null,08:00 - 22:00,En Progreso,En Progreso,null,null
Netcall,1 oct 2026,17,927379482,9273794828286673561215,9283,Outbound,Portabilidad Postpago,RETIRO EN TIENDA,Retiro en tienda,7379,ABIERTAS,Pendiente Entrega,Pendiente Entrega,NET_BTRUJILLOT,SIM,1 oct 2026,null,null,No,ABIERTAS,null,Monolínea,Mono_item,Moquegua,null,null,Power ilim 69.90 N,AmericaMovil,08:00 - 22:00,En Progreso,En Progreso,Desconocido,null
Netcall,2 oct 2026,13,927791817,927791817,9283,Outbound,Portabilidad Postpago,PROGRAMADO,Logixtal,5022,ABIERTAS,Pendiente Entrega,Pendiente Entrega,NET_CULLOAC,SIM,3 oct 2026,null,null,No,ABIERTAS,null,Monolínea,Mono_item,Arequipa,null,null,null,null,09:00 - 13:00,En Progreso,Punto de No Retorno,null,MARIANO MELGAR
Netcall,3 oct 2026,10,928060505,92806050589511710101029526735,5299,Outbound,Portabilidad Postpago,EXPRESS,Logixtal,5022,ABIERTAS,Entregado,Entregado,NET_LVIZCARRARO,SIM,3 oct 2026,null,null,No,ABIERTAS,null,Monolínea,Mono_item,Arequipa,null,null,null,null,10:00 - 20:00,En Progreso,Punto de No Retorno,null,null
Netcall,3 oct 2026,10,928060505,92806050589511710101029526743,5299,Outbound,Portabilidad Postpago,EXPRESS,Logixtal,5022,ABIERTAS,Entregado,Entregado,NET_LVIZCARRARO,SIM,3 oct 2026,null,null,No,ABIERTAS,null,Monolínea,Mono_item,Arequipa,null,null,null,null,10:00 - 20:00,En Progreso,Punto de No Retorno,null,null
Netcall,1 oct 2026,18,927402320,9274023208286889083341,9283,Outbound,Portabilidad Postpago,PROGRAMADO,Logixtal,5022,ABIERTAS,Pendiente Entrega,Pendiente Entrega,NET_GVILELAR,SIM,2 oct 2026,null,null,No,ABIERTAS,null,Multilínea,Mono_item,Arequipa,null,null,Power ilim 79.90 SD N,TELEFONICAPE,08:00 - 20:00,En Progreso,Punto de No Retorno,Desconocido,MARIANO MELGAR
Netcall,1 oct 2026,10,927260752,9272607528285546435597,9283,Outbound,Portabilidad Postpago,EXPRESS,Logixtal,5022,CERRADAS,Entregado,Entregado,NET_SPEREZR,SIM,1 oct 2026,1 oct 2026,null,No,CERRADAS,2026-10-02 00:51:58,Monolínea,Mono_item,Arequipa,null,Power ilim 69.90 N,Power ilim 69.90 N,Viettel Peru,10:00 - 20:00,Cerrado,Resuelto,Desconocido,MARIANO MELGAR
Netcall,1 oct 2026,12,927299364,9272993648285888640625,9283,Outbound,Venta Regular / Alta,EXPRESS,Logixtal,5022,CERRADAS,Entregado,Entregado,NET_GFLORESS,SIM,1 oct 2026,1 oct 2026,01/10/2026,Sí,CERRADAS,2026-10-01 16:48:57,Monolínea,Mono_item,Arequipa,19.95,Power ilim 79.90 SD N,Power ilim 79.90 SD N,Desconocido,10:00 - 20:00,Cerrado,Resuelto,Desconocido,MARIANO MELGAR
Netcall,1 oct 2026,8,927209602,9272096028285216367163,9283,Outbound,Portabilidad Postpago,PROGRAMADO,Logixtal,5021,CERRADAS,Entregado,Entregado,TLV_NET_LVILLLA,SIM,2 oct 2026,2 oct 2026,null,No,CERRADAS,2026-10-03 01:42:31,Monolínea,Mono_item,Piura,null,Power ilim 69.90 N,Power ilim 69.90 N,TELEFONICAPE,09:00 - 13:00,Cerrado,Resuelto,Desconocido,MARCAVELICA
Netcall,1 oct 2026,9,927234832,9272348328285323105730,9283,Outbound,Portabilidad Postpago,PROGRAMADO,Logixtal,5021,ABIERTAS,Pendiente Entrega,Pendiente Entrega,NET_JMENDOZAN,SIM,2 oct 2026,null,null,No,ABIERTAS,null,Monolínea,Mono_item,Piura,null,null,Power ilim 69.90 N,Viettel Peru,08:00 - 20:00,En Progreso,Punto de No Retorno,Desconocido,MANCORA
Netcall,1 oct 2026,11,927280558,9272805588285704819806,9283,Outbound,Portabilidad Postpago,PROGRAMADO,Logixtal,5021,CERRADAS,Entregado,Entregado,NET_MSILVAP,SIM,2 oct 2026,2 oct 2026,null,No,CERRADAS,2026-10-03 03:36:56,Monolínea,Mono_item,Piura,null,Power ilim 69.90 N,Power ilim 69.90 N,TELEFONICAPE,09:00 - 19:00,Cerrado,Resuelto,Desconocido,MANCORA
Netcall,1 oct 2026,17,927391789,9273917898286786310707,9283,Outbound,Portabilidad Postpago,PROGRAMADO,Logixtal,9349,ABIERTAS,Entregado,Entregado,TLV_NET_GANACLE,SIM,2 oct 2026,2 oct 2026,null,No,ABIERTAS,null,Monolínea,Mono_item,Ucayali,null,null,Power ilim 69.90 N,TELEFONICAPE,13:01 - 19:00,En Progreso,Pago Recibido,Desconocido,MANANTAY
Netcall,1 oct 2026,13,927319625,9273196258286086763693,9283,Outbound,Portabilidad Postpago,PROGRAMADO,Logixtal,9349,CERRADAS,Entregado,Entregado,NET_JSILVERAG,SIM,2 oct 2026,2 oct 2026,null,No,CERRADAS,2026-10-03 00:07:19,Monolínea,Mono_item,Ucayali,null,Power ilim 69.90 N,Power ilim 69.90 N,TELEFONICAPE,13:01 - 19:00,Cerrado,Resuelto,Desconocido,MANANTAY
Netcall,1 oct 2026,16,927359159,9273591598286464009094,9283,Outbound,Portabilidad Postpago,PROGRAMADO,Logixtal,9349,ABIERTAS,Pendiente Entrega,Pendiente Entrega,NET_JMENDOZAN,SIM,2 oct 2026,null,null,No,ABIERTAS,null,Monolínea,Mono_item,Ucayali,null,null,Power ilim 69.90 N,TELEFONICAPE,13:01 - 19:00,En Progreso,Punto de No Retorno,Desconocido,MANANTAY
Netcall,3 oct 2026,10,928040552,92804055289511710101030243346,9283,Outbound,Portabilidad Postpago,EXPRESS,Retiro en tienda,9349,ABIERTAS,Pendiente Entrega,Pendiente Entrega,NET_NBURGAR,SIM,3 oct 2026,null,null,No,ABIERTAS,null,Monolínea,Mono_item,Ucayali,null,null,null,null,10:00 - 20:00,En Progreso,Punto de No Retorno,null,null
Netcall,3 oct 2026,11,928081041,928081041Empty,9283,Outbound,Portabilidad Postpago,PROGRAMADO,Logixtal,9001,ABIERTAS,Pendiente Entrega,Pendiente de Picking,TLV_NET_ECODARL,SIM,6 oct 2026,null,null,No,ABIERTAS,null,Monolínea,Mono_item,Lima - Callao,null,null,null,null,09:00 - 20:00,En Progreso,En Progreso,null,null
Netcall,2 oct 2026,13,927783555,927783555,9283,Outbound,Portabilidad Postpago,EXPRESS,Logixtal,5022,CERRADAS,Entregado,Entregado,TLV_NET_MLANDAR,SIM,2 oct 2026,2 oct 2026,null,No,CERRADAS,2026-10-03 00:20:42,Monolínea,Mono_item,Arequipa,null,Power ilim 69.90 N,null,null,10:00 - 20:00,Cerrado,Resuelto,null,MAJES
Netcall,2 oct 2026,9,927697115,927697115,9283,Outbound,Portabilidad Postpago,EXPRESS,Logixtal,5022,CERRADAS,Entregado,Entregado,TLV_NET_BRAMIRE,SIM,2 oct 2026,2 oct 2026,null,No,CERRADAS,2026-10-03 00:32:27,Monolínea,Mono_item,Arequipa,null,Power ilim 79.90 SD N,null,null,10:00 - 20:00,Cerrado,Resuelto,null,MAJES
Netcall,2 oct 2026,16,927843262,927843262,9271,Outbound,Portabilidad Postpago,EXPRESS,Logixtal,5022,CERRADAS,Entregado,Entregado,NET_RCEVERINOL,SIM,2 oct 2026,2 oct 2026,null,No,CERRADAS,2026-10-03 01:06:06,Multilínea,Mono_item,Arequipa,null,Power ilim 79.90 SD N,null,null,10:00 - 20:00,Cerrado,Resuelto,null,MAJES
Netcall,2 oct 2026,16,927845289,927845289,9271,Outbound,Portabilidad Postpago,EXPRESS,Logixtal,5022,CERRADAS,Entregado,Entregado,NET_RCEVERINOL,SIM,2 oct 2026,2 oct 2026,null,No,CERRADAS,2026-10-03 00:22:22,Multilínea,Mono_item,Arequipa,null,Power ilim 79.90 SD N,null,null,10:00 - 20:00,Cerrado,Resuelto,null,MAJES
Netcall,1 oct 2026,9,927234388,9272343888285322160931,9283,Outbound,Portabilidad Postpago,EXPRESS,Logixtal,5022,CERRADAS,Entregado,Entregado,NET_YCHAVEZ,SIM,1 oct 2026,1 oct 2026,null,No,CERRADAS,2026-10-02 00:57:58,Multilínea,Multi_item,Arequipa,null,Power ilim 79.90 SD N,Power ilim 79.90 SD N,AmericaMovil,10:00 - 20:00,Cerrado,Resuelto,Desconocido,MAJES
Netcall,1 oct 2026,9,927234388,9272343888285322160714,9283,Outbound,Portabilidad Postpago,EXPRESS,Logixtal,5022,CERRADAS,Entregado,Entregado,NET_YCHAVEZ,SIM,1 oct 2026,1 oct 2026,null,No,CERRADAS,2026-10-02 00:57:58,Multilínea,Multi_item,Arequipa,null,Power ilim 79.90 SD N,Power ilim 79.90 SD N,AmericaMovil,10:00 - 20:00,Cerrado,Resuelto,Desconocido,MAJES
Netcall,2 oct 2026,11,927756539,927756539,9283,Outbound,Portabilidad Postpago,EXPRESS,Logixtal,9001,CERRADAS,Entregado,Entregado,NET_AAYAURIO,SIM,2 oct 2026,2 oct 2026,null,No,CERRADAS,2026-10-03 02:41:34,Multilínea,Mono_item,Lima - Callao,null,Power ilim 79.90 SD N,null,null,10:00 - 22:00,Cerrado,Resuelto,null,MAGDALENA DEL MAR
Netcall,2 oct 2026,10,927729860,927729860,9283,Outbound,Portabilidad Postpago,PROGRAMADO,Logixtal,9001,ABIERTAS,Pendiente Entrega,Pendiente Entrega,NET_BCUSQUISIVA,SIM,3 oct 2026,null,null,No,ABIERTAS,null,Multilínea,Mono_item,Lima - Callao,null,null,null,null,08:00 - 13:00,En Progreso,Punto de No Retorno,null,MAGDALENA DEL MAR
Netcall,1 oct 2026,8,927222213,927222213,9283,Outbound,Portabilidad Postpago,EXPRESS,Logixtal,9001,CERRADAS,Entregado,Entregado,NET_JROMEROC,SIM,1 oct 2026,1 oct 2026,null,No,CERRADAS,2026-10-02 00:28:27,Monolínea,Mono_item,Lima - Callao,null,Power ilim 69.90 N,null,null,10:00 - 22:00,Cerrado,Resuelto,null,MAGDALENA DEL MAR
Netcall,2 oct 2026,12,927768321,927768321,9283,Outbound,Portabilidad Postpago,EXPRESS,Logixtal,9001,CERRADAS,Entregado,Entregado,NET_BROMANS,SIM,2 oct 2026,2 oct 2026,null,No,CERRADAS,2026-10-03 01:46:31,Monolínea,Mono_item,Lima - Callao,null,Power ilim 69.90 N,null,null,10:00 - 22:00,Cerrado,Resuelto,null,MAGDALENA DEL MAR
Netcall,2 oct 2026,10,927733300,927733300,9283,Outbound,Portabilidad Postpago,PROGRAMADO,Logixtal,9001,ABIERTAS,Pendiente Entrega,Pendiente Entrega,NET_BCUSQUISIVA,SIM,3 oct 2026,null,null,No,ABIERTAS,null,Multilínea,Mono_item,Lima - Callao,null,null,null,null,08:00 - 13:00,En Progreso,Punto de No Retorno,null,MAGDALENA DEL MAR
Netcall,1 oct 2026,14,927330366,9273303668286186353797,9265,Outbound,Portabilidad Postpago,EXPRESS,Logixtal,9001,CERRADAS,Entregado,Entregado,NET_IRODRIGUEZS,SIM,1 oct 2026,1 oct 2026,null,No,CERRADAS,2026-10-02 01:59:02,Multilínea,Mono_item,Lima - Callao,null,Power ilim 79.90 SD N,Power ilim 79.90 SD N,AmericaMovil,10:00 - 22:00,Cerrado,Resuelto,Desconocido,MAGDALENA DEL MAR
Netcall,3 oct 2026,11,928067234,92806723489511710101080513507,9283,Outbound,Portabilidad Postpago,EXPRESS,Logixtal,9001,ABIERTAS,Entregado,Entregado,NET_TANCHANTEG,SIM,3 oct 2026,null,null,No,ABIERTAS,null,Monolínea,Mono_item,Lima - Callao,null,null,null,null,10:00 - 22:00,En Progreso,Punto de No Retorno,null,null
Netcall,2 oct 2026,11,927755686,927755686,9283,Outbound,Portabilidad Postpago,EXPRESS,Logixtal,9001,CERRADAS,Entregado,Entregado,NET_AAYAURIO,SIM,2 oct 2026,2 oct 2026,null,No,CERRADAS,2026-10-03 01:30:56,Multilínea,Mono_item,Lima - Callao,null,Power ilim 79.90 SD N,null,null,10:00 - 22:00,Cerrado,Resuelto,null,MAGDALENA DEL MAR
Netcall,1 oct 2026,10,927256859,927256859,9283,Outbound,Portabilidad Postpago,EXPRESS,Logixtal,9001,CERRADAS,Entregado,Entregado,NET_TMUNOZCALDE,SIM,1 oct 2026,1 oct 2026,null,No,CERRADAS,2026-10-02 00:07:26,Multilínea,Mono_item,Lima - Callao,null,Power ilim 79.90 SD N,null,null,10:00 - 22:00,Cerrado,Resuelto,null,MAGDALENA DEL MAR
Netcall,2 oct 2026,11,927746469,927746469,9283,Outbound,Portabilidad Postpago,EXPRESS,Logixtal,9001,CERRADAS,Entregado,Entregado,TLV_NET_APINTAD,SIM,2 oct 2026,2 oct 2026,null,No,CERRADAS,2026-10-03 00:47:28,Monolínea,Mono_item,Lima - Callao,null,Power ilim 69.90 N,null,null,10:00 - 22:00,Cerrado,Resuelto,null,MAGDALENA DEL MAR
Netcall,1 oct 2026,14,927329437,9273294378286179753799,9265,Outbound,Portabilidad Postpago,EXPRESS,Logixtal,9001,CERRADAS,Entregado,Entregado,NET_IRODRIGUEZS,SIM,1 oct 2026,1 oct 2026,null,No,CERRADAS,2026-10-02 00:48:11,Multilínea,Mono_item,Lima - Callao,null,Power ilim 79.90 SD N,Power ilim 79.90 SD N,AmericaMovil,10:00 - 22:00,Cerrado,Resuelto,Desconocido,MAGDALENA DEL MAR
Netcall,3 oct 2026,12,928097607,92809760789511710111073739936,9283,Outbound,Portabilidad Postpago,EXPRESS,Logixtal,9001,ABIERTAS,Entregado,Entregado,NET_NCANCHOP,SIM,3 oct 2026,null,null,No,ABIERTAS,null,Monolínea,Mono_item,Lima - Callao,null,null,null,null,10:00 - 22:00,En Progreso,Punto de No Retorno,null,null
Netcall,1 oct 2026,14,927339000,9273390008286263175856,9283,Outbound,Portabilidad Postpago,PROGRAMADO,Logixtal,9342,ABIERTAS,Pendiente Entrega,Pendiente Entrega,NET_RALVAREZV,SIM,3 oct 2026,null,null,No,ABIERTAS,null,Monolínea,Mono_item,Lima - Callao,null,null,Power ilim 69.90 N,TELEFONICAPE,08:00 - 13:00,En Progreso,Punto de No Retorno,Desconocido,LURIN
Netcall,1 oct 2026,12,927303844,9273038448285935482481,9283,Outbound,Portabilidad Postpago,PROGRAMADO,Logixtal,9342,ABIERTAS,Pendiente Entrega,Pendiente Entrega,NET_ARAMOSR,SIM,3 oct 2026,null,null,No,ABIERTAS,null,Monolínea,Mono_item,Lima - Callao,null,null,Power ilim 69.90 N,AmericaMovil,08:00 - 13:00,En Progreso,Punto de No Retorno,Desconocido,LURIN
Netcall,2 oct 2026,17,927867762,927867762,9283,Outbound,Portabilidad Postpago,PROGRAMADO,Logixtal,9342,ABIERTAS,Pendiente Entrega,Pendiente Entrega,TLV_NET_YQUITOV,SIM,3 oct 2026,null,null,No,ABIERTAS,null,Monolínea,Mono_item,Lima - Callao,null,null,null,null,08:00 - 13:00,En Progreso,Punto de No Retorno,null,LURIN
Netcall,2 oct 2026,14,927806328,927806328,9283,Outbound,Portabilidad Postpago,PROGRAMADO,Logixtal,9342,ABIERTAS,Pendiente Entrega,Pendiente Entrega,NET_DESPINOZAM,SIM,3 oct 2026,null,null,No,ABIERTAS,null,Monolínea,Mono_item,Lima - Callao,null,null,null,null,08:00 - 13:00,En Progreso,Punto de No Retorno,null,LURIN
Netcall,1 oct 2026,14,927338471,9273384718286260863228,9283,Outbound,Portabilidad Postpago,PROGRAMADO,Logixtal,9342,CANCELADAS,Entregado,Entregado,NET_IVARGASI,SIM,2 oct 2026,2 oct 2026,null,No,CANCELADAS,2026-10-02 22:00:35,Monolínea,Mono_item,Lima - Callao,null,null,Power ilim 79.90 SD N,TELEFONICAPE,08:00 - 13:00,Cancelado,Pedido Cancelación,Desconocido,LURIN
Netcall,3 oct 2026,10,928051939,92805193989511710121083451398,9283,Outbound,Portabilidad Postpago,PROGRAMADO,Logixtal,9342,ABIERTAS,Pendiente Entrega,Pendiente de Picking,NET_PYGARCIAG,SIM,4 oct 2026,null,null,No,ABIERTAS,null,Monolínea,Mono_item,Lima - Callao,null,null,null,null,08:00 - 22:00,En Progreso,Punto de No Retorno,null,null
Netcall,1 oct 2026,9,927235981,9272359818285337121184,9283,Outbound,Portabilidad Postpago,PROGRAMADO,Logixtal,9342,CERRADAS,Entregado,Entregado,NET_SLIZARDOPER,SIM,2 oct 2026,2 oct 2026,null,No,CERRADAS,2026-10-03 01:35:50,Monolínea,Mono_item,Lima - Callao,null,Power ilim 79.90 SD N,Power ilim 79.90 SD N,AmericaMovil,08:00 - 13:00,Cerrado,Resuelto,Desconocido,LURIN
Netcall,3 oct 2026,10,928057868,92805786889511710121083451372,5299,Outbound,Portabilidad Postpago,PROGRAMADO,Logixtal,9342,ABIERTAS,Pendiente Entrega,Pendiente de Picking,NET_RCANDIOTTIA,SIM,4 oct 2026,null,null,No,ABIERTAS,null,Monolínea,Mono_item,Lima - Callao,null,null,null,null,08:00 - 22:00,En Progreso,Punto de No Retorno,null,null
Netcall,2 oct 2026,14,927801250,927801250,9283,Outbound,Portabilidad Postpago,PROGRAMADO,Logixtal,9342,ABIERTAS,Pendiente Entrega,Pendiente Entrega,NET_KCHAVEZF,SIM,3 oct 2026,null,null,No,ABIERTAS,null,Monolínea,Mono_item,Lima - Callao,null,null,null,null,08:00 - 13:00,En Progreso,Punto de No Retorno,null,LURIN
Netcall,1 oct 2026,18,927412877,9274128778286994669645,9283,Outbound,Portabilidad Postpago,PROGRAMADO,Logixtal,9342,CERRADAS,Entregado,Entregado,TLV_NET_MLANDAR,SIM,2 oct 2026,2 oct 2026,null,No,CERRADAS,2026-10-03 00:09:25,Monolínea,Mono_item,Lima - Callao,null,Power ilim 69.90 N,Power ilim 69.90 N,TELEFONICAPE,08:00 - 13:00,Cerrado,Resuelto,Desconocido,LURIN
Netcall,2 oct 2026,10,927712975,927712975,9283,Outbound,Portabilidad Postpago,PROGRAMADO,Logixtal,9342,ABIERTAS,Pendiente Entrega,Pendiente Entrega,NET_VAYALA,SIM,3 oct 2026,null,null,No,ABIERTAS,null,Monolínea,Mono_item,Lima - Callao,null,null,null,null,08:00 - 13:00,En Progreso,Punto de No Retorno,null,LURIN
Netcall,1 oct 2026,13,927324382,9273243828286128755328,9283,Outbound,Portabilidad Postpago,PROGRAMADO,Logixtal,9342,ABIERTAS,Pendiente Entrega,Pendiente Entrega,NET_AARANAS,SIM,2 oct 2026,null,null,No,ABIERTAS,null,Monolínea,Mono_item,Lima - Callao,null,null,Power ilim 79.90 SD N,TELEFONICAPE,08:00 - 13:00,En Progreso,Punto de No Retorno,Desconocido,LURIN
Netcall,1 oct 2026,11,927266605,9272666058285595184196,5299,Outbound,Portabilidad Postpago,PROGRAMADO,Logixtal,9342,CERRADAS,Entregado,Entregado,NET_AEREYES,SIM,2 oct 2026,2 oct 2026,null,No,CERRADAS,2026-10-03 01:00:19,Multilínea,Mono_item,Lima - Callao,null,Power ilim 79.90 SD N,Power ilim 79.90 SD N,AmericaMovil,08:00 - 13:00,Cerrado,Resuelto,Desconocido,LURIN
Netcall,3 oct 2026,9,928038154,92803815489511710121083451414,9283,Outbound,Portabilidad Postpago,PROGRAMADO,Logixtal,9342,ABIERTAS,Pendiente Entrega,Pendiente de Picking,NET_JTITOM,SIM,4 oct 2026,null,null,No,ABIERTAS,null,Monolínea,Mono_item,Lima - Callao,null,null,null,null,08:00 - 22:00,En Progreso,Punto de No Retorno,null,null
Netcall,2 oct 2026,18,927878188,927878188,9283,Outbound,Portabilidad Postpago,PROGRAMADO,Logixtal,9342,ABIERTAS,Pendiente Entrega,Pendiente Entrega,NET_MARIOSV,SIM,3 oct 2026,null,null,No,ABIERTAS,null,Monolínea,Mono_item,Lima - Callao,null,null,null,null,08:00 - 13:00,En Progreso,Punto de No Retorno,null,LURIN
Netcall,1 oct 2026,11,927266575,9272665758285594150459,5299,Outbound,Portabilidad Postpago,PROGRAMADO,Logixtal,9342,CERRADAS,Entregado,Entregado,NET_AEREYES,SIM,2 oct 2026,2 oct 2026,null,No,CERRADAS,2026-10-03 00:50:38,Multilínea,Mono_item,Lima - Callao,null,Power ilim 79.90 SD N,Power ilim 79.90 SD N,AmericaMovil,08:00 - 13:00,Cerrado,Resuelto,Desconocido,LURIN
Netcall,1 oct 2026,12,927305315,9273053158285942922830,9283,Outbound,Portabilidad Postpago,PROGRAMADO,Logixtal,9001,CERRADAS,Entregado,Entregado,TLV_NET_YQUITOV,SIM,2 oct 2026,2 oct 2026,null,No,CERRADAS,2026-10-03 00:31:14,Monolínea,Mono_item,Lima - Callao,null,Power ilim 69.90 N,Power ilim 69.90 N,TELEFONICAPE,08:00 - 13:00,Cerrado,Resuelto,Desconocido,LURIGANCHO
Netcall,1 oct 2026,15,927346870,9273468708286342225061,9283,Outbound,Portabilidad Postpago,PROGRAMADO,Logixtal,9001,CERRADAS,Entregado,Entregado,NET_GMENDIGUETE,SIM,2 oct 2026,2 oct 2026,null,No,CERRADAS,2026-10-03 01:38:53,Monolínea,Mono_item,Lima - Callao,null,Power ilim 69.90 N,Power ilim 69.90 N,Viettel Peru,08:00 - 13:00,Cerrado,Resuelto,Desconocido,LURIGANCHO
Netcall,2 oct 2026,12,927774661,927774661,9283,Outbound,Venta Regular / Alta,PROGRAMADO,Logixtal,9001,ABIERTAS,Pendiente Entrega,Pendiente Entrega,NET_SBENITOV,SIM,3 oct 2026,null,null,No,ABIERTAS,null,Multilínea,Mono_item,Lima - Callao,null,null,null,null,08:00 - 13:00,En Progreso,Punto de No Retorno,null,LURIGANCHO
Netcall,2 oct 2026,11,927742592,927742592,9283,Outbound,Portabilidad Postpago,PROGRAMADO,Logixtal,9001,ABIERTAS,Pendiente Entrega,Pendiente Entrega,NET_ECHEROS,SIM,3 oct 2026,null,null,No,ABIERTAS,null,Monolínea,Mono_item,Lima - Callao,null,null,null,null,08:00 - 13:00,En Progreso,Punto de No Retorno,null,LURIGANCHO
Netcall,1 oct 2026,17,927378829,9273788298286662404396,9283,Outbound,Portabilidad Postpago,PROGRAMADO,Logixtal,9001,CERRADAS,Entregado,Entregado,NET_LMUSAYONS,SIM,2 oct 2026,2 oct 2026,null,No,CERRADAS,2026-10-03 00:20:55,Multilínea,Mono_item,Lima - Callao,null,Power ilim 79.90 SD N,Power ilim 79.90 SD N,Viettel Peru,13:01 - 22:00,Cerrado,Resuelto,Desconocido,LURIGANCHO
Netcall,2 oct 2026,14,927810505,927810505,9283,Outbound,Portabilidad Postpago,PROGRAMADO,Logixtal,9001,ABIERTAS,Pendiente Entrega,Pendiente Entrega,NET_DDEPINHOZ,SIM,3 oct 2026,null,null,No,ABIERTAS,null,Monolínea,Mono_item,Lima - Callao,null,null,null,null,13:01 - 22:00,En Progreso,Punto de No Retorno,null,LURIGANCHO
Netcall,2 oct 2026,9,927700077,927700077,9283,Outbound,Portabilidad Postpago,PROGRAMADO,Logixtal,9001,ABIERTAS,Pendiente Entrega,Pendiente Entrega,NET_EALBORNOZR,SIM,4 oct 2026,null,null,No,ABIERTAS,null,Multilínea,Mono_item,Lima - Callao,null,null,null,null,08:00 - 22:00,En Progreso,Punto de No Retorno,null,LURIGANCHO
Netcall,1 oct 2026,18,927398615,9273986158286853184352,9283,Outbound,Portabilidad Postpago,PROGRAMADO,Logixtal,9001,ABIERTAS,Pendiente Entrega,Pendiente Entrega,NET_CQUISPITONO,SIM,2 oct 2026,null,null,No,ABIERTAS,null,Monolínea,Mono_item,Lima - Callao,null,null,Power ilim 69.90 N,Viettel Peru,08:00 - 20:00,En Progreso,Punto de No Retorno,Desconocido,LURIGANCHO
Netcall,2 oct 2026,13,927789339,927789339,9271,Outbound,Portabilidad Postpago,PROGRAMADO,Logixtal,9001,ABIERTAS,Pendiente Entrega,Pendiente Entrega,NET_CSANTIAGOQ,SIM,3 oct 2026,null,null,No,ABIERTAS,null,Monolínea,Mono_item,Lima - Callao,null,null,null,null,13:01 - 22:00,En Progreso,Punto de No Retorno,null,LURIGANCHO
Netcall,2 oct 2026,18,927885386,927885386,9271,Outbound,Portabilidad Postpago,PROGRAMADO,Logixtal,9001,ABIERTAS,Pendiente Entrega,Pendiente Entrega,NET_KANGELESS,SIM,3 oct 2026,null,null,No,ABIERTAS,null,Monolínea,Mono_item,Lima - Callao,null,null,null,null,13:01 - 22:00,En Progreso,Punto de No Retorno,null,LURIGANCHO
Netcall,2 oct 2026,17,927850756,927850756,5299,Outbound,Portabilidad Postpago,PROGRAMADO,Logixtal,9001,ABIERTAS,Pendiente Entrega,Pendiente Entrega,NET_SCHUMIOQUEP,SIM,3 oct 2026,null,null,No,ABIERTAS,null,Multilínea,Mono_item,Lima - Callao,null,null,null,null,08:00 - 13:00,En Progreso,Punto de No Retorno,null,LURIGANCHO
Netcall,2 oct 2026,9,927698677,927698677,9283,Outbound,Portabilidad Postpago,PROGRAMADO,Logixtal,9001,ABIERTAS,Pendiente Entrega,Pendiente Entrega,NET_NRUBIOMARCO,SIM,3 oct 2026,null,null,No,ABIERTAS,null,Monolínea,Mono_item,Lima - Callao,null,null,null,null,08:00 - 13:00,En Progreso,Punto de No Retorno,null,LURIGANCHO
Netcall,2 oct 2026,17,927848437,927848437,5299,Outbound,Portabilidad Postpago,PROGRAMADO,Logixtal,9001,ABIERTAS,Pendiente Entrega,Pendiente Entrega,NET_SCHUMIOQUEP,SIM,3 oct 2026,null,null,No,ABIERTAS,null,Multilínea,Mono_item,Lima - Callao,null,null,null,null,08:00 - 13:00,En Progreso,Punto de No Retorno,null,LURIGANCHO
Netcall,2 oct 2026,9,927699305,927699305,9283,Outbound,Portabilidad Postpago,PROGRAMADO,Logixtal,9001,ABIERTAS,Pendiente Entrega,Pendiente Entrega,NET_EALBORNOZR,SIM,4 oct 2026,null,null,No,ABIERTAS,null,Multilínea,Mono_item,Lima - Callao,null,null,null,null,08:00 - 22:00,En Progreso,Punto de No Retorno,null,LURIGANCHO
Netcall,2 oct 2026,17,927852863,927852863,5299,Outbound,Portabilidad Postpago,PROGRAMADO,Logixtal,9001,ABIERTAS,Pendiente Entrega,Pendiente Entrega,NET_SCHUMIOQUEP,SIM,3 oct 2026,null,null,No,ABIERTAS,null,Multilínea,Mono_item,Lima - Callao,null,null,null,null,13:01 - 22:00,En Progreso,Punto de No Retorno,null,LURIGANCHO
Netcall,3 oct 2026,11,928070476,928070476Empty,9301,Outbound,Portabilidad Postpago,PROGRAMADO,Logixtal,9001,ABIERTAS,Pendiente Entrega,Pendiente de Picking,NET_FBARTET,SIM,4 oct 2026,null,null,No,ABIERTAS,null,Multilínea,Mono_item,Lima - Callao,null,null,null,null,08:00 - 22:00,En Progreso,En Progreso,null,null
Netcall,2 oct 2026,18,927880676,927880676,9283,Outbound,Portabilidad Postpago,PROGRAMADO,Logixtal,9001,ABIERTAS,No bop,No bop,NET_EMEDINAU,SIM,4 oct 2026,null,null,No,ABIERTAS,null,Multilínea,Mono_item,Lima - Callao,null,null,null,null,08:00 - 22:00,En Progreso,En Progreso,null,LURIGANCHO
Netcall,3 oct 2026,11,928059447,92805944789511710101081412212,9283,Outbound,Portabilidad Postpago,PROGRAMADO,Logixtal,9001,ABIERTAS,Pendiente Entrega,Pendiente de Picking,TLV_NET_CACEVED,SIM,4 oct 2026,null,null,No,ABIERTAS,null,Monolínea,Mono_item,Lima - Callao,null,null,null,null,08:00 - 22:00,En Progreso,Punto de No Retorno,null,null
Netcall,2 oct 2026,18,927875131,927875131,9283,Outbound,Portabilidad Postpago,PROGRAMADO,Logixtal,9001,ABIERTAS,Pendiente Entrega,Pendiente Entrega,NET_SLIZARDOPER,SIM,3 oct 2026,null,null,No,ABIERTAS,null,Multilínea,Mono_item,Lima - Callao,null,null,null,null,13:01 - 22:00,En Progreso,Punto de No Retorno,null,LURIGANCHO
Netcall,1 oct 2026,17,927376702,9273767028286649803539,9283,Outbound,Portabilidad Postpago,PROGRAMADO,Logixtal,9001,CERRADAS,Entregado,Entregado,NET_LMUSAYONS,SIM,2 oct 2026,2 oct 2026,null,No,CERRADAS,2026-10-03 00:22:25,Multilínea,Mono_item,Lima - Callao,null,Power ilim 79.90 SD N,Power ilim 79.90 SD N,AmericaMovil,13:01 - 22:00,Cerrado,Resuelto,Desconocido,LURIGANCHO
Netcall,3 oct 2026,11,928065716,928065716Empty,9223,Fidelización,Renovación,PROGRAMADO,Logixtal,9001,ABIERTAS,Pendiente Entrega,Pendiente de Picking,NET_JBRICENOS,Equipo,4 oct 2026,null,null,No,ABIERTAS,null,Multilínea,Mono_item,Lima - Callao,null,null,null,null,08:00 - 22:00,En Progreso,En Progreso,null,null
Netcall,3 oct 2026,13,928122284,928122284Empty,9283,Outbound,Portabilidad Postpago,PROGRAMADO,Logixtal,9001,ABIERTAS,Pendiente Entrega,Pendiente de Picking,NET_JSREQUENA,SIM,4 oct 2026,null,null,No,ABIERTAS,null,Monolínea,Mono_item,Lima - Callao,null,null,null,null,08:00 - 22:00,null,null,null,null
Netcall,2 oct 2026,18,927881512,927881512,9283,Outbound,Portabilidad Postpago,PROGRAMADO,Logixtal,9001,ABIERTAS,No bop,No bop,NET_EMEDINAU,SIM,4 oct 2026,null,null,No,ABIERTAS,null,Multilínea,Mono_item,Lima - Callao,null,null,null,null,08:00 - 22:00,En Progreso,En Progreso,null,LURIGANCHO
Netcall,2 oct 2026,12,927772756,927772756,9283,Outbound,Portabilidad Postpago,PROGRAMADO,Logixtal,9001,ABIERTAS,Pendiente Entrega,Pendiente Entrega,NET_SBENITOV,SIM,3 oct 2026,null,null,No,ABIERTAS,null,Multilínea,Mono_item,Lima - Callao,null,null,null,null,08:00 - 13:00,En Progreso,Punto de No Retorno,null,LURIGANCHO
Netcall,1 oct 2026,13,927312164,9273121648286019393920,9283,Outbound,Portabilidad Postpago,PROGRAMADO,Logixtal,9001,ABIERTAS,Pendiente Entrega,Pendiente Entrega,TLV_NET_EBULNES,SIM,2 oct 2026,null,null,No,ABIERTAS,null,Monolínea,Mono_item,Lima - Callao,null,null,Power ilim 79.90 SD N,AmericaMovil,13:01 - 22:00,En Progreso,Punto de No Retorno,Desconocido,LURIGANCHO
Netcall,2 oct 2026,18,927876418,927876418,9283,Outbound,Portabilidad Postpago,PROGRAMADO,Logixtal,9001,ABIERTAS,Pendiente Entrega,Pendiente Entrega,NET_SLIZARDOPER,SIM,3 oct 2026,null,null,No,ABIERTAS,null,Multilínea,Mono_item,Lima - Callao,null,null,null,null,13:01 - 22:00,En Progreso,Punto de No Retorno,null,LURIGANCHO
Netcall,3 oct 2026,10,928050657,92805065789511710101081512961,9283,Outbound,Portabilidad Postpago,EXPRESS,Logixtal,9001,ABIERTAS,Pendiente Entrega,Pendiente de Picking,NET_LMANRIQUED,SIM,3 oct 2026,null,null,No,ABIERTAS,null,Multilínea,Mono_item,Lima - Callao,null,null,null,null,10:00 - 22:00,En Progreso,Punto de No Retorno,null,null
Netcall,3 oct 2026,13,928110140,92811014089511710111087012932,9283,Outbound,Portabilidad Postpago,EXPRESS,Logixtal,9001,ABIERTAS,Pendiente Entrega,Pendiente de Picking,NET_RMPEREZC,SIM,3 oct 2026,null,null,No,ABIERTAS,null,Monolínea,Mono_item,Lima - Callao,null,null,null,null,10:00 - 22:00,En Progreso,En Progreso,null,null
Netcall,3 oct 2026,9,928031859,92803185989511710111068507199,9283,Outbound,Portabilidad Postpago,PROGRAMADO,Logixtal,9001,ABIERTAS,Pendiente Entrega,Pendiente de Picking,NET_YUCEDAB,SIM,4 oct 2026,null,null,No,ABIERTAS,null,Monolínea,Mono_item,Lima - Callao,null,null,null,null,08:00 - 22:00,En Progreso,Punto de No Retorno,null,null
Netcall,3 oct 2026,10,928052332,92805233289511710101081512946,9283,Outbound,Portabilidad Postpago,EXPRESS,Logixtal,9001,ABIERTAS,Pendiente Entrega,Pendiente de Picking,NET_LMANRIQUED,SIM,3 oct 2026,null,null,No,ABIERTAS,null,Multilínea,Mono_item,Lima - Callao,null,null,null,null,10:00 - 22:00,En Progreso,Punto de No Retorno,null,null
Netcall,1 oct 2026,10,927257914,9272579148285518814228,9283,Outbound,Portabilidad Postpago,EXPRESS,Logixtal,9001,CERRADAS,Entregado,Entregado,NET_SRUIZS,SIM,1 oct 2026,1 oct 2026,null,No,CERRADAS,2026-10-02 01:30:06,Monolínea,Mono_item,Lima - Callao,null,Power ilim 69.90 N,Power ilim 69.90 N,TELEFONICAPE,10:00 - 22:00,Cerrado,Resuelto,Desconocido,LOS OLIVOS
Netcall,1 oct 2026,17,927382672,9273826728286704974382,9283,Outbound,Portabilidad Postpago,PROGRAMADO,Logixtal,9001,CERRADAS,Entregado,Entregado,NET_EMMENDIZF,SIM,2 oct 2026,2 oct 2026,null,No,CERRADAS,2026-10-03 03:34:27,Monolínea,Mono_item,Lima - Callao,null,Power ilim 69.90 N,Power ilim 69.90 N,AmericaMovil,08:00 - 13:00,Cerrado,Resuelto,Desconocido,LOS OLIVOS
Netcall,3 oct 2026,12,928095486,92809548689511710111087012940,9283,Outbound,Portabilidad Postpago,EXPRESS,Logixtal,9001,ABIERTAS,Pendiente Entrega,Pendiente de Picking,NET_STAVARALIVI,SIM,3 oct 2026,null,null,No,ABIERTAS,null,Monolínea,Mono_item,Lima - Callao,null,null,null,null,10:00 - 22:00,En Progreso,Punto de No Retorno,null,null
Netcall,3 oct 2026,8,928002548,92800254889511710111068216411,9283,Outbound,Portabilidad Postpago,PROGRAMADO,Logixtal,9001,ABIERTAS,Pendiente Entrega,Pendiente de Picking,NET_SLAZOB,SIM,5 oct 2026,null,null,No,ABIERTAS,null,Monolínea,Mono_item,Lima - Callao,null,null,null,null,08:00 - 13:00,En Progreso,Punto de No Retorno,null,null
Netcall,2 oct 2026,15,927829138,927829138,9283,Outbound,Portabilidad Postpago,EXPRESS,Logixtal,9001,CERRADAS,Entregado,Entregado,NET_ADOROTEOSAL,SIM,2 oct 2026,2 oct 2026,null,No,CERRADAS,2026-10-03 00:12:12,Monolínea,Mono_item,Lima - Callao,null,Power ilim 79.90 SD N,null,null,10:00 - 22:00,Cerrado,Resuelto,null,LOS OLIVOS
Netcall,2 oct 2026,16,927844113,927844113,9283,Outbound,Portabilidad Postpago,PROGRAMADO,Logixtal,9001,ABIERTAS,No bop,No bop,NET_JSANGAMA,SIM,4 oct 2026,null,null,No,ABIERTAS,null,Monolínea,Mono_item,Lima - Callao,null,null,null,null,08:00 - 22:00,En Progreso,En Progreso,null,LOS OLIVOS
Netcall,3 oct 2026,9,928025333,92802533389511710111068544804,9283,Outbound,Portabilidad Postpago,PROGRAMADO,Logixtal,9001,ABIERTAS,Pendiente Entrega,Pendiente de Picking,NET_RDULANTORO,SIM,5 oct 2026,null,null,No,ABIERTAS,null,Monolínea,Mono_item,Lima - Callao,null,null,null,null,08:00 - 13:00,En Progreso,Punto de No Retorno,null,null
Netcall,3 oct 2026,10,928055781,92805578189511710111087012890,9283,Outbound,Portabilidad Postpago,EXPRESS,Logixtal,9001,ABIERTAS,Entregado,Entregado,TLV_NET_APINTAD,SIM,3 oct 2026,null,null,No,ABIERTAS,null,Multilínea,Mono_item,Lima - Callao,null,null,null,null,10:00 - 22:00,En Progreso,Punto de No Retorno,null,null
Netcall,3 oct 2026,9,928030995,92803099589511710101081018332,9283,Outbound,Portabilidad Postpago,EXPRESS,Logixtal,9001,ABIERTAS,Entregado,Entregado,NET_ECARRETEROH,SIM,3 oct 2026,null,null,No,ABIERTAS,null,Multilínea,Mono_item,Lima - Callao,null,null,null,null,10:00 - 22:00,En Progreso,Pago Recibido,null,null
Netcall,3 oct 2026,9,928030314,92803031489511710101081018340,9283,Outbound,Portabilidad Postpago,EXPRESS,Logixtal,9001,ABIERTAS,Entregado,Entregado,NET_ECARRETEROH,SIM,3 oct 2026,null,null,No,ABIERTAS,null,Multilínea,Mono_item,Lima - Callao,null,null,null,null,10:00 - 22:00,En Progreso,Pago Recibido,null,null
Netcall,2 oct 2026,16,927836672,927836672,9283,Outbound,Portabilidad Postpago,EXPRESS,Logixtal,9001,CERRADAS,Entregado,Entregado,NET_JYPEREZV,SIM,2 oct 2026,2 oct 2026,null,No,CERRADAS,2026-10-03 01:45:43,Monolínea,Mono_item,Lima - Callao,null,Power ilim 69.90 N,null,null,10:00 - 22:00,Cerrado,Resuelto,null,LOS OLIVOS
Netcall,3 oct 2026,8,928013536,92801353689511710101081018001,9283,Outbound,Portabilidad Postpago,EXPRESS,Logixtal,9001,ABIERTAS,Entregado,Entregado,TLV_NET_MFARFAN,SIM,3 oct 2026,null,null,No,ABIERTAS,null,Monolínea,Mono_item,Lima - Callao,null,null,null,null,10:00 - 22:00,En Progreso,Pago Recibido,null,null
Netcall,2 oct 2026,12,927770872,927770872,9283,Outbound,Portabilidad Postpago,EXPRESS,Logixtal,9001,CERRADAS,Entregado,Entregado,NET_LMANRIQUED,SIM,2 oct 2026,2 oct 2026,null,No,CERRADAS,2026-10-03 00:18:36,Multilínea,Mono_item,Lima - Callao,null,Power ilim 79.90 SD N,null,null,10:00 - 22:00,Cerrado,Resuelto,null,LOS OLIVOS
Netcall,2 oct 2026,12,927769414,927769414,9283,Outbound,Portabilidad Postpago,EXPRESS,Logixtal,9001,CERRADAS,Entregado,Entregado,NET_LMANRIQUED,SIM,2 oct 2026,2 oct 2026,null,No,CERRADAS,2026-10-03 00:09:55,Multilínea,Mono_item,Lima - Callao,null,Power ilim 79.90 SD N,null,null,10:00 - 22:00,Cerrado,Resuelto,null,LOS OLIVOS
Netcall,2 oct 2026,13,927765670,927765670,9283,Outbound,Portabilidad Postpago,EXPRESS,Logixtal,9001,CERRADAS,Entregado,Entregado,NET_BYAUYOD,SIM,2 oct 2026,2 oct 2026,null,No,CERRADAS,2026-10-03 01:20:31,Monolínea,Mono_item,Lima - Callao,null,Power ilim 79.90 SD N,null,null,10:00 - 22:00,Cerrado,Resuelto,null,LOS OLIVOS
Netcall,2 oct 2026,11,927754590,927754590,9283,Outbound,Venta Regular / Alta,EXPRESS,Logixtal,9001,ABIERTAS,Pendiente Entrega,Pendiente Entrega,NET_SDIAZO,SIM,2 oct 2026,null,null,No,ABIERTAS,null,Monolínea,Mono_item,Lima - Callao,null,null,null,null,10:00 - 22:00,En Progreso,Punto de No Retorno,null,LOS OLIVOS
Netcall,3 oct 2026,10,928054620,92805462089511710111087012874,9283,Outbound,Venta Regular / Alta,EXPRESS,Logixtal,9001,ABIERTAS,Entregado,Entregado,TLV_NET_APINTAD,SIM,3 oct 2026,null,null,No,ABIERTAS,null,Multilínea,Mono_item,Lima - Callao,null,null,null,null,10:00 - 22:00,En Progreso,Punto de No Retorno,null,null
Netcall,3 oct 2026,10,928053962,92805396289511710101081512953,9283,Outbound,Portabilidad Postpago,EXPRESS,Logixtal,9001,ABIERTAS,Pendiente Entrega,Pendiente de Picking,NET_LMANRIQUED,SIM,3 oct 2026,null,null,No,ABIERTAS,null,Multilínea,Mono_item,Lima - Callao,null,null,null,null,10:00 - 22:00,En Progreso,Punto de No Retorno,null,null
Netcall,1 oct 2026,15,927354264,9273542648286412854692,9283,Outbound,Portabilidad Postpago,PROGRAMADO,Logixtal,9001,CERRADAS,Entregado,Entregado,NET_VRUIZG,SIM,2 oct 2026,2 oct 2026,null,No,CERRADAS,2026-10-03 01:59:30,Monolínea,Mono_item,Lima - Callao,null,Power ilim 69.90 N,Power ilim 69.90 N,TELEFONICAPE,08:00 - 13:00,Cerrado,Resuelto,Desconocido,LOS OLIVOS
Netcall,2 oct 2026,16,927840605,927840605,9283,Outbound,Portabilidad Postpago,PROGRAMADO,Logixtal,9350,ABIERTAS,Pendiente Entrega,Pendiente Entrega,NET_APACHECO,SIM,3 oct 2026,null,null,No,ABIERTAS,null,Monolínea,Mono_item,Cajamarca,null,null,null,null,09:00 - 19:00,En Progreso,En Progreso,null,LOS BAÑOS DEL INCA
Netcall,3 oct 2026,10,928054430,92805443089511710101030289711,9283,Outbound,Portabilidad Postpago,EXPRESS,Retiro en tienda,9350,CANCELADAS,Cancelado,Cancelado,NET_IROSALESA,SIM,3 oct 2026,null,null,No,CANCELADAS,2026-10-03 11:08:42,Monolínea,Mono_item,Cajamarca,null,null,null,null,10:00 - 20:00,Cancelado,Rechazado,null,null
Netcall,1 oct 2026,9,927231378,9272313788285295614456,9283,Outbound,Portabilidad Postpago,EXPRESS,Logixtal,9001,CERRADAS,Entregado,Entregado,NET_MMATORELAS,SIM,1 oct 2026,1 oct 2026,null,No,CERRADAS,2026-10-02 00:55:59,Monolínea,Mono_item,Lima - Callao,null,Power ilim 79.90 SD N,Power ilim 79.90 SD N,TELEFONICAPE,10:00 - 22:00,Cerrado,Resuelto,Desconocido,LINCE
Netcall,1 oct 2026,7,927189526,9271895268285157855433,9283,Outbound,Portabilidad Postpago,EXPRESS,Logixtal,9001,CERRADAS,Entregado,Entregado,NET_LFLORESY,SIM,1 oct 2026,1 oct 2026,null,No,CERRADAS,2026-10-02 01:40:40,Multilínea,Mono_item,Lima - Callao,null,Power ilim 79.90 SD N,Power ilim 79.90 SD N,AmericaMovil,10:00 - 22:00,Cerrado,Resuelto,Desconocido,LINCE
Netcall,1 oct 2026,7,927190166,9271901668285163166769,9283,Outbound,Portabilidad Postpago,EXPRESS,Logixtal,9001,CERRADAS,Entregado,Entregado,TLV_NET_DVALOI,SIM,1 oct 2026,1 oct 2026,null,No,CERRADAS,2026-10-02 00:56:39,Monolínea,Mono_item,Lima - Callao,null,Power ilim 79.90 SD N,Power ilim 79.90 SD N,AmericaMovil,10:00 - 22:00,Cerrado,Resuelto,Desconocido,LINCE
Netcall,2 oct 2026,12,927774092,927774092,9283,Outbound,Portabilidad Postpago,EXPRESS,Logixtal,9001,CERRADAS,Entregado,Entregado,TLV_NET_KARANDA,SIM,2 oct 2026,2 oct 2026,null,No,CERRADAS,2026-10-03 01:43:49,Monolínea,Mono_item,Lima - Callao,null,Power ilim 79.90 SD N,null,null,10:00 - 22:00,Cerrado,Resuelto,null,LINCE
Netcall,1 oct 2026,11,927276484,9272764848285668543721,9271,Outbound,Portabilidad Postpago,EXPRESS,Logixtal,9001,CERRADAS,Entregado,Entregado,NET_FCASTILLOG,SIM,1 oct 2026,1 oct 2026,null,No,CERRADAS,2026-10-02 00:57:54,Monolínea,Mono_item,Lima - Callao,null,Power ilim 69.90 N,Power ilim 69.90 N,TELEFONICAPE,10:00 - 22:00,Cerrado,Resuelto,Desconocido,LINCE
Netcall,2 oct 2026,18,927880280,927880280,9283,Outbound,Portabilidad Postpago,PROGRAMADO,Logixtal,9001,ABIERTAS,Pendiente Entrega,Pendiente Entrega,NET_MDONAYRE,SIM,3 oct 2026,null,null,No,ABIERTAS,null,Monolínea,Mono_item,Lima - Callao,null,null,null,null,08:00 - 13:00,En Progreso,Punto de No Retorno,null,LINCE
Netcall,1 oct 2026,7,927190543,9271905438285158883141,9283,Outbound,Portabilidad Postpago,EXPRESS,Logixtal,9001,CERRADAS,Entregado,Entregado,NET_LFLORESY,SIM,1 oct 2026,1 oct 2026,null,No,CERRADAS,2026-10-02 01:24:36,Multilínea,Mono_item,Lima - Callao,null,Power ilim 79.90 SD N,Power ilim 79.90 SD N,AmericaMovil,10:00 - 22:00,Cerrado,Resuelto,Desconocido,LINCE
Netcall,2 oct 2026,16,927832031,927832031,9283,Outbound,Portabilidad Postpago,PROGRAMADO,Logixtal,9001,ABIERTAS,Pendiente Entrega,Pendiente Entrega,NET_ATUMEH,SIM,3 oct 2026,null,null,No,ABIERTAS,null,Multilínea,Mono_item,Lima - Callao,null,null,null,null,08:00 - 13:00,En Progreso,Punto de No Retorno,null,LIMA
Netcall,2 oct 2026,18,927871092,927871092,9283,Outbound,Portabilidad Postpago,EXPRESS,Logixtal,9001,CERRADAS,Entregado,Entregado,NET_WBENITESA,SIM,2 oct 2026,2 oct 2026,null,No,CERRADAS,2026-10-03 00:48:34,Monolínea,Mono_item,Lima - Callao,null,Power ilim 79.90 SD N,null,null,10:00 - 22:00,Cerrado,Resuelto,null,LIMA
Netcall,2 oct 2026,9,927697597,927697597,9283,Outbound,Portabilidad Postpago,RETIRO EN TIENDA,Retiro en tienda,5055,ABIERTAS,Pendiente Entrega,Pendiente Entrega,NET_MMREVILLA,SIM,2 oct 2026,null,null,No,ABIERTAS,null,Monolínea,Mono_item,Lima - Callao,null,null,null,null,09:00 - 21:00,En Progreso,En Progreso,null,null
Netcall,1 oct 2026,12,927294454,927294454,9223,Fidelización,Renovación,RETIRO EN TIENDA,Retiro en tienda,3006,CERRADAS,Entregado,Entregado,NET_PJORDINOLAG,Equipo,1 oct 2026,1 oct 2026,null,No,CERRADAS,2026-10-01 14:45:36,Multilínea,Mono_item,Lima - Callao,null,null,null,null,09:00 - 21:00,Cerrado,Resuelto,null,null
Netcall,3 oct 2026,11,928065086,92806508689511710101081013259,9271,Outbound,Portabilidad Postpago,EXPRESS,Logixtal,9001,ABIERTAS,Entregado,Entregado,TLV_NET_BREYESR,SIM,3 oct 2026,null,null,No,ABIERTAS,null,Multilínea,Mono_item,Lima - Callao,null,null,null,null,10:00 - 22:00,En Progreso,Pago Recibido,null,null
Netcall,2 oct 2026,8,927686305,927686305,9271,Outbound,Portabilidad Postpago,EXPRESS,Logixtal,9001,CERRADAS,Entregado,Entregado,TLV_NET_MAYALAM,SIM,2 oct 2026,2 oct 2026,null,No,CERRADAS,2026-10-03 01:02:01,Monolínea,Mono_item,Lima - Callao,null,Power ilim 69.90 N,null,null,10:00 - 22:00,Cerrado,Resuelto,null,CALLAO
Netcall,2 oct 2026,10,927716535,927716535,9283,Outbound,Portabilidad Postpago,RETIRO EN TIENDA,Retiro en tienda,3220,ABIERTAS,Pendiente Entrega,Pendiente Entrega,TLV_NET_FVALQUI,SIM,2 oct 2026,null,null,No,ABIERTAS,null,Multilínea,Mono_item,Lima - Callao,null,null,null,null,09:00 - 21:00,En Progreso,En Progreso,null,null
Netcall,1 oct 2026,10,927247106,9272471068285434583802,9283,Outbound,Portabilidad Postpago,EXPRESS,Logixtal,9001,CERRADAS,Entregado,Entregado,TLV_NET_SVALDEZ,SIM,1 oct 2026,1 oct 2026,null,No,CERRADAS,2026-10-02 03:30:01,Monolínea,Mono_item,Lima - Callao,null,Power ilim 69.90 N,Power ilim 69.90 N,TELEFONICAPE,10:00 - 22:00,Cerrado,Resuelto,Desconocido,LIMA
Netcall,2 oct 2026,13,927789152,927789152,9283,Outbound,Portabilidad Postpago,EXPRESS,Logixtal,9001,CANCELADAS,Anulado,PIN PORTA_NO VALIDO,NET_GFLORESS,SIM,2 oct 2026,null,null,No,CANCELADAS,2026-10-02 14:30:15,Monolínea,Mono_item,Lima - Callao,null,null,null,null,10:00 - 22:00,Cancelado,Pedido Cancelación,null,LIMA
Netcall,1 oct 2026,8,927226321,9272263218285269265873,9283,Outbound,Venta Regular / Alta,EXPRESS,Logixtal,9001,CANCELADAS,Anulado,CLIENTE DESISTE - INFORMACIÓN INCORRECTA,NET_MFERRER,SIM,1 oct 2026,null,null,No,CANCELADAS,2026-10-01 10:28:31,Multilínea,Mono_item,Lima - Callao,null,null,Power ilim 79.90 SD N,Desconocido,10:00 - 22:00,Cancelado,Rechazado,Desconocido,LIMA
Netcall,3 oct 2026,11,928072747,92807274789511710101081015361,9283,Outbound,Portabilidad Postpago,EXPRESS,Logixtal,9001,ABIERTAS,Entregado,Entregado,TLV_NET_KARANDA,SIM,3 oct 2026,null,null,No,ABIERTAS,null,Multilínea,Mono_item,Lima - Callao,null,null,null,null,10:00 - 22:00,En Progreso,Punto de No Retorno,null,null
Netcall,1 oct 2026,9,927233141,9272331418285311988749,9283,Outbound,Portabilidad Postpago,RETIRO EN TIENDA,Retiro en tienda,3032,CERRADAS,Entregado,Entregado,NET_ARIVERA,SIM,1 oct 2026,1 oct 2026,null,No,CERRADAS,2026-10-02 01:36:39,Monolínea,Mono_item,Lima - Callao,null,Power 59.90 N,Power 59.90 N,Viettel Peru,09:00 - 21:00,Cerrado,Resuelto,Portabilidad Rechazada. REC01ABD15: El Código NIP es invalido | REC01ABD15,null
Netcall,3 oct 2026,12,928085002,928085002Empty,9283,Outbound,Portabilidad Postpago,RETIRO EN TIENDA,Retiro en tienda,3220,ABIERTAS,Pendiente Entrega,Pendiente Entrega,TLV_NET_JMORO,SIM,3 oct 2026,null,null,No,ABIERTAS,null,Multilínea,Mono_item,Lima - Callao,null,null,null,null,09:00 - 21:00,En Progreso,En Progreso,null,null
Netcall,2 oct 2026,7,927647283,927647283,9283,Outbound,Portabilidad Postpago,EXPRESS,Logixtal,9001,CANCELADAS,Anulado,PIN PORTA_NO VALIDO,NET_JLUCIANOT,SIM,2 oct 2026,null,null,No,CANCELADAS,2026-10-02 09:24:47,Monolínea,Mono_item,Lima - Callao,null,null,null,null,10:00 - 22:00,Cancelado,Pedido Cancelación,null,CALLAO
Netcall,1 oct 2026,12,927297274,9272972748285874672632,9283,Outbound,Portabilidad Postpago,EXPRESS,Logixtal,9001,CERRADAS,Entregado,Entregado,TLV_NET_MLANDAR,SIM,1 oct 2026,1 oct 2026,null,No,CERRADAS,2026-10-02 00:47:18,Monolínea,Mono_item,Lima - Callao,null,Power ilim 69.90 N,Power ilim 69.90 N,AmericaMovil,10:00 - 22:00,Cerrado,Resuelto,Desconocido,LIMA
Netcall,3 oct 2026,13,928118930,928118930Empty,9283,Outbound,Portabilidad Postpago,RETIRO EN TIENDA,Retiro en tienda,3032,ABIERTAS,Pendiente Entrega,Pendiente Entrega,NET_CMENESESV,SIM,3 oct 2026,null,null,No,ABIERTAS,null,Monolínea,Mono_item,Lima - Callao,null,null,null,null,09:00 - 21:00,En Progreso,En Progreso,null,null
Netcall,3 oct 2026,12,928085770,928085770Empty,9283,Outbound,Portabilidad Postpago,RETIRO EN TIENDA,Retiro en tienda,6036,ABIERTAS,Pendiente Entrega,Pendiente Entrega,NET_LFLORESY,SIM,3 oct 2026,null,null,No,ABIERTAS,null,Monolínea,Mono_item,Lima - Callao,null,null,null,null,09:00 - 21:00,En Progreso,En Progreso,null,null
Netcall,1 oct 2026,14,927329094,9273290948286251756892,5299,Outbound,Portabilidad Postpago,EXPRESS,Logixtal,9001,CERRADAS,Entregado,Entregado,NET_SCHUMIOQUEP,SIM,1 oct 2026,1 oct 2026,null,No,CERRADAS,2026-10-02 01:46:40,Monolínea,Mono_item,Lima - Callao,null,Power ilim 79.90 SD N,Power ilim 79.90 SD N,Viettel Peru,10:00 - 22:00,Cerrado,Resuelto,Desconocido,LIMA
Netcall,1 oct 2026,9,927238913,9272389138285359947947,9283,Outbound,Portabilidad Postpago,EXPRESS,Logixtal,9001,CERRADAS,Entregado,Entregado,NET_GGALLARDAYA,SIM,1 oct 2026,1 oct 2026,null,No,CERRADAS,2026-10-02 00:59:25,Multilínea,Mono_item,Lima - Callao,null,Power ilim 79.90 SD N,Power ilim 79.90 SD N,AmericaMovil,10:00 - 22:00,Cerrado,Resuelto,Desconocido,CALLAO
Netcall,1 oct 2026,15,927352852,927352852,9283,Outbound,Portabilidad Postpago,RETIRO EN TIENDA,Retiro en tienda,3006,CERRADAS,Entregado,Entregado,NET_CSALAZARP,SIM,1 oct 2026,1 oct 2026,null,No,CERRADAS,2026-10-02 00:26:23,Monolínea,Mono_item,Lima - Callao,null,Power ilim 69.90 N,null,null,09:00 - 21:00,Cerrado,Resuelto,null,null
Netcall,3 oct 2026,11,928077840,928077840Empty,9283,Outbound,Portabilidad Postpago,RETIRO EN TIENDA,Retiro en tienda,1023,ABIERTAS,Pendiente Entrega,Pendiente Entrega,NET_ETORRE,SIM,3 oct 2026,null,null,No,ABIERTAS,null,Monolínea,Mono_item,Lima - Callao,null,null,null,null,09:00 - 21:00,En Progreso,En Progreso,null,null
Netcall,1 oct 2026,6,927177605,9271776058285130393864,9283,Outbound,Portabilidad Postpago,EXPRESS,Logixtal,9001,CERRADAS,Entregado,Entregado,NET_SRAMOSC,SIM,1 oct 2026,1 oct 2026,null,No,CERRADAS,2026-10-02 01:45:11,Multilínea,Mono_item,Lima - Callao,null,Power ilim 79.90 SD N,Power ilim 79.90 SD N,AmericaMovil,10:00 - 22:00,Cerrado,Resuelto,Desconocido,CALLAO
Netcall,3 oct 2026,9,928030653,928030653Empty,9283,Outbound,Portabilidad Postpago,RETIRO EN TIENDA,Retiro en tienda,3162,ABIERTAS,Pendiente Entrega,Pendiente Entrega,NET_KAGRAMONTEM,SIM,3 oct 2026,null,null,No,ABIERTAS,null,Multilínea,Mono_item,Lima - Callao,null,null,null,null,09:00 - 21:00,En Progreso,En Progreso,null,null
Netcall,2 oct 2026,15,927827515,927827515,9283,Outbound,Portabilidad Postpago,EXPRESS,Logixtal,9001,CERRADAS,Entregado,Entregado,NET_MORIHUELAQ,SIM,2 oct 2026,2 oct 2026,null,No,CERRADAS,2026-10-03 00:04:05,Multilínea,Mono_item,Lima - Callao,null,Power ilim 79.90 SD N,null,null,10:00 - 22:00,Cerrado,Resuelto,null,LIMA
Netcall,1 oct 2026,10,927261754,9272617548285559863462,9283,Outbound,Portabilidad Postpago,EXPRESS,Logixtal,9001,CANCELADAS,Anulado,DIRECCIÓN ERRADA,NET_BBELLIDOP,SIM,1 oct 2026,null,null,No,CANCELADAS,2026-10-01 19:43:02,Monolínea,Mono_item,Lima - Callao,null,null,Power ilim 69.90 N,TELEFONICAPE,10:00 - 22:00,Cancelado,Rechazado,Desconocido,LIMA
Netcall,1 oct 2026,9,927227415,9272274158285273308728,9283,Outbound,Venta Regular / Alta,EXPRESS,Logixtal,9001,CANCELADAS,Anulado,CLIENTE DESISTE - INFORMACIÓN INCORRECTA,NET_MFERRER,SIM,1 oct 2026,null,null,No,CANCELADAS,2026-10-01 10:28:01,Multilínea,Mono_item,Lima - Callao,null,null,Power ilim 79.90 SD N,Desconocido,10:00 - 22:00,Cancelado,Rechazado,Desconocido,LIMA
Netcall,1 oct 2026,19,927418668,9274186688287047421371,9283,Outbound,Portabilidad Postpago,RETIRO EN TIENDA,Retiro en tienda,7199,CANCELADAS,Cancelado,Cancelado,NET_AARNAIZA,SIM,1 oct 2026,null,null,No,CANCELADAS,2026-10-01 19:44:33,Multilínea,Mono_item,Lima - Callao,null,null,Power ilim 79.90 SD N,AmericaMovil,09:00 - 21:00,Cancelado,Documentación Generada,Portabilidad Rechazada. REC01ABD15: El Código NIP es invalido | REC01ABD15,null
Netcall,2 oct 2026,13,927786217,927786217,9283,Outbound,Portabilidad Postpago,EXPRESS,Logixtal,9001,CERRADAS,Entregado,Entregado,NET_RGUTIERREZS,SIM,2 oct 2026,2 oct 2026,null,No,CERRADAS,2026-10-03 00:16:34,Monolínea,Mono_item,Lima - Callao,null,Power 59.90 N,null,null,10:00 - 22:00,Cerrado,Resuelto,null,LIMA
Netcall,3 oct 2026,9,928038969,92803896989511710101081015387,9283,Outbound,Portabilidad Postpago,EXPRESS,Logixtal,9001,ABIERTAS,Pendiente Entrega,Pendiente de Picking,NET_CGARCIAC,SIM,3 oct 2026,null,null,No,ABIERTAS,null,Monolínea,Mono_item,Lima - Callao,null,null,null,null,10:00 - 22:00,En Progreso,Punto de No Retorno,null,null
Netcall,3 oct 2026,12,928097261,928097261Empty,9283,Outbound,Portabilidad Postpago,RETIRO EN TIENDA,Retiro en tienda,7201,ABIERTAS,Pendiente Entrega,Pendiente Entrega,NET_ALOPEZD,SIM,3 oct 2026,null,null,No,ABIERTAS,null,Monolínea,Mono_item,Lima - Callao,null,null,null,null,08:00 - 22:00,En Progreso,En Progreso,null,null
Netcall,2 oct 2026,16,927842304,927842304,9283,Outbound,Portabilidad Postpago,EXPRESS,Logixtal,9001,CERRADAS,Entregado,Entregado,NET_LHUAPAYAO,SIM,2 oct 2026,2 oct 2026,null,No,CERRADAS,2026-10-03 01:46:35,Multilínea,Mono_item,Lima - Callao,null,Power ilim 79.90 SD N,null,null,10:00 - 22:00,Cerrado,Resuelto,null,CALLAO
Netcall,3 oct 2026,11,928068010,92806801089511710101081514884,9283,Outbound,Portabilidad Postpago,EXPRESS,Logixtal,9001,ABIERTAS,Pendiente Entrega,Pendiente de Picking,NET_MMATORELAS,SIM,3 oct 2026,null,null,No,ABIERTAS,null,Monolínea,Mono_item,Lima - Callao,null,null,null,null,10:00 - 22:00,En Progreso,Punto de No Retorno,null,null
Netcall,1 oct 2026,14,927329855,9273298558286185408812,9283,Outbound,Portabilidad Postpago,EXPRESS,Logixtal,9001,CERRADAS,Entregado,Entregado,NET_KDIAZPISCOY,SIM,1 oct 2026,1 oct 2026,null,No,CERRADAS,2026-10-02 00:46:04,Monolínea,Mono_item,Lima - Callao,null,Power ilim 69.90 N,Power ilim 69.90 N,AmericaMovil,10:00 - 22:00,Cerrado,Resuelto,Desconocido,LIMA
Netcall,1 oct 2026,13,927321097,9273210978286098052283,9283,Outbound,Portabilidad Postpago,RETIRO EN TIENDA,Retiro en tienda,7199,CANCELADAS,Cancelado,Cancelado,NET_AARNAIZA,SIM,1 oct 2026,null,null,No,CANCELADAS,2026-10-01 14:05:52,Multilínea,Mono_item,Lima - Callao,null,null,Power ilim 79.90 SD N,AmericaMovil,09:00 - 21:00,Cancelado,Rechazado,Desconocido,null
Netcall,1 oct 2026,9,927229648,9272296488285281622669,9283,Outbound,Venta Regular / Alta,EXPRESS,Logixtal,9001,CANCELADAS,Anulado,CLIENTE DESISTE - INFORMACIÓN INCORRECTA,NET_MFERRER,SIM,1 oct 2026,null,null,No,CANCELADAS,2026-10-01 10:26:28,Multilínea,Mono_item,Lima - Callao,null,null,Power ilim 79.90 SD N,Desconocido,10:00 - 22:00,Cancelado,Rechazado,Desconocido,LIMA
Netcall,2 oct 2026,17,927785645,927785645,9283,Outbound,Venta Regular / Alta,EXPRESS,Logixtal,9001,CERRADAS,Entregado,Entregado,NET_GMENDIGUETE,SIM,2 oct 2026,2 oct 2026,null,No,CERRADAS,2026-10-02 19:29:04,Monolínea,Mono_item,Lima - Callao,null,Power ilim 79.90 SD N,null,null,10:00 - 22:00,Cerrado,Resuelto,null,LIMA
Netcall,3 oct 2026,9,928028178,92802817889511710101081015403,9283,Outbound,Portabilidad Postpago,EXPRESS,Logixtal,9001,ABIERTAS,Entregado,Entregado,NET_DFRANCIAH,SIM,3 oct 2026,null,null,No,ABIERTAS,null,Monolínea,Mono_item,Lima - Callao,null,null,null,null,10:00 - 22:00,En Progreso,Pago Recibido,null,null
Netcall,3 oct 2026,9,928037260,92803726089511710101081514892,9283,Outbound,Venta Regular / Alta,EXPRESS,Logixtal,9001,ABIERTAS,Entregado,Entregado,NET_SLAZOB,SIM,3 oct 2026,null,null,No,ABIERTAS,null,Monolínea,Mono_item,Lima - Callao,null,null,null,null,10:00 - 22:00,En Progreso,Punto de No Retorno,null,null
Netcall,1 oct 2026,9,927238282,9272382828285352532840,9283,Outbound,Portabilidad Postpago,RETIRO EN TIENDA,Retiro en tienda,2101,CERRADAS,Entregado,Entregado,NET_HEULOGIO,SIM,1 oct 2026,1 oct 2026,null,No,CERRADAS,2026-10-02 01:58:36,Monolínea,Mono_item,Lima - Callao,null,Power ilim 69.90 N,Power ilim 69.90 N,AmericaMovil,09:00 - 21:00,Cerrado,Resuelto,Desconocido,null
Netcall,3 oct 2026,9,928031939,92803193989511710101081539089,9283,Outbound,Venta Regular / Alta,EXPRESS,Logixtal,9001,CERRADAS,Entregado,Entregado,NET_RNUNEZH,SIM,3 oct 2026,3 oct 2026,null,No,CERRADAS,2026-10-03 11:31:46,Multilínea,Mono_item,Lima - Callao,null,Power ilim 79.90 SD N,null,null,10:00 - 22:00,Cerrado,Resuelto,null,null
Netcall,1 oct 2026,11,927276131,9272761318285670105039,9283,Outbound,Portabilidad Postpago,EXPRESS,Logixtal,9001,CANCELADAS,Entregado,Entregado,NET_YRUEDAMONDR,SIM,1 oct 2026,1 oct 2026,null,No,CANCELADAS,2026-10-01 22:00:24,Monolínea,Mono_item,Lima - Callao,null,null,Power ilim 69.90 N,TELEFONICAPE,10:00 - 22:00,Cancelado,Pedido Cancelación,Portabilidad Rechazada. REC01PRT09: El abonado tiene deuda exigible | paymentDueDate=2026-09-18|portabilityOperDateActive=2021-03-18|amount=29.9|units=01,CALLAO
Netcall,1 oct 2026,17,927381730,927381730,9283,Outbound,Portabilidad Postpago,RETIRO EN TIENDA,Retiro en tienda,2113,CERRADAS,Entregado,Entregado,NET_ARAMOSR,SIM,1 oct 2026,1 oct 2026,null,No,CERRADAS,2026-10-02 00:28:28,Monolínea,Mono_item,Lima - Callao,null,Power ilim 69.90 N,null,null,09:00 - 21:00,Cerrado,Resuelto,null,null
Netcall,1 oct 2026,10,927246865,9272468658285429310676,9283,Outbound,Portabilidad Postpago,EXPRESS,Logixtal,9001,CERRADAS,Entregado,Entregado,NET_CRAMOSC,SIM,1 oct 2026,1 oct 2026,null,No,CERRADAS,2026-10-02 01:52:36,Monolínea,Mono_item,Lima - Callao,null,Power ilim 69.90 N,Power ilim 69.90 N,TELEFONICAPE,10:00 - 22:00,Cerrado,Resuelto,Desconocido,CALLAO
Netcall,3 oct 2026,12,928097315,928097315Empty,9283,Outbound,Portabilidad Postpago,RETIRO EN TIENDA,Retiro en tienda,5055,ABIERTAS,Pendiente Entrega,Pendiente Entrega,NET_HEULOGIO,SIM,3 oct 2026,null,null,No,ABIERTAS,null,Monolínea,Mono_item,Lima - Callao,null,null,null,null,09:00 - 21:00,En Progreso,En Progreso,null,null
Netcall,3 oct 2026,10,928044754,928044754Empty,9283,Outbound,Venta Regular / Alta,RETIRO EN TIENDA,Retiro en tienda,3158,ABIERTAS,Pendiente Entrega,Pendiente Entrega,NET_YVEGASA,SIM,3 oct 2026,null,null,No,ABIERTAS,null,Multilínea,Mono_item,Lima - Callao,null,null,null,null,09:00 - 21:00,En Progreso,En Progreso,null,null
Netcall,2 oct 2026,9,927691208,927691208,9283,Outbound,Portabilidad Postpago,RETIRO EN TIENDA,Retiro en tienda,7105,CERRADAS,Entregado,Entregado,TLV_NET_MFARFAN,SIM,2 oct 2026,2 oct 2026,null,No,CERRADAS,2026-10-03 02:51:23,Monolínea,Mono_item,Lima - Callao,null,Power ilim 69.90 N,null,null,09:00 - 21:00,Cerrado,Resuelto,null,null
Netcall,2 oct 2026,12,927773270,927773270,9283,Outbound,Portabilidad Postpago,RETIRO EN TIENDA,Retiro en tienda,7215,CERRADAS,Entregado,Entregado,NET_GMENDIGUETE,SIM,2 oct 2026,2 oct 2026,null,No,CERRADAS,2026-10-03 00:20:03,Monolínea,Mono_item,Lima - Callao,null,Power ilim 69.90 N,null,null,09:00 - 21:00,Cerrado,Resuelto,null,null
Netcall,3 oct 2026,12,928088917,928088917865477082441860,9223,Fidelización,Renovación,EXPRESS PROGRAMADO,Logixtal,9001,ABIERTAS,Pendiente Entrega,Pendiente de Picking,NET_JCONDORIP,Equipo,3 oct 2026,null,null,No,ABIERTAS,null,Multilínea,Mono_item,Lima - Callao,null,null,null,null,17:01 - 21:00,En Progreso,Punto de No Retorno,null,null
Netcall,2 oct 2026,18,927873598,927873598,9283,Outbound,Venta Regular / Alta,EXPRESS,Logixtal,9001,CERRADAS,Entregado,Entregado,TLV_NET_JPENAM,SIM,2 oct 2026,2 oct 2026,null,No,CERRADAS,2026-10-02 19:48:17,Monolínea,Mono_item,Lima - Callao,null,Power ilim 69.90 N,null,null,10:00 - 22:00,Cerrado,Resuelto,null,CALLAO
Netcall,2 oct 2026,9,927698468,927698468,9283,Outbound,Portabilidad Postpago,RETIRO EN TIENDA,Retiro en tienda,2106,ABIERTAS,Pendiente Entrega,Pendiente Entrega,NET_MDONAYRE,SIM,2 oct 2026,null,null,No,ABIERTAS,null,Monolínea,Mono_item,Lima - Callao,null,null,null,null,09:00 - 21:00,En Progreso,En Progreso,null,null
Netcall,1 oct 2026,11,927270470,9272704708285625375078,9283,Outbound,Portabilidad Postpago,EXPRESS,Logixtal,9001,CERRADAS,Entregado,Entregado,NET_YRUEDAMONDR,SIM,1 oct 2026,1 oct 2026,null,No,CERRADAS,2026-10-02 01:43:35,Monolínea,Mono_item,Lima - Callao,null,Power ilim 69.90 N,Power ilim 69.90 N,AmericaMovil,10:00 - 22:00,Cerrado,Resuelto,Desconocido,CALLAO
Netcall,3 oct 2026,12,928098453,928098453861943085613247,9223,Fidelización,Renovación,EXPRESS PROGRAMADO,Logixtal,9001,ABIERTAS,Pendiente Entrega,Pendiente de Picking,NET_AZAVALAE,Equipo,3 oct 2026,null,null,No,ABIERTAS,null,Multilínea,Mono_item,Lima - Callao,null,null,null,null,17:01 - 21:00,En Progreso,Punto de No Retorno,null,null
Netcall,3 oct 2026,10,928050648,928050648Empty,9223,Fidelización,Renovación,RETIRO EN TIENDA,Retiro en tienda,2113,ABIERTAS,Pendiente Entrega,Pendiente Entrega,NET_PJORDINOLAG,Equipo,3 oct 2026,null,null,No,ABIERTAS,null,Multilínea,Mono_item,Lima - Callao,null,null,null,null,09:00 - 21:00,En Progreso,En Progreso,null,null
Netcall,1 oct 2026,16,927376826,9273768268286645914620,9283,Outbound,Portabilidad Postpago,PROGRAMADO,Logixtal,9001,CERRADAS,Entregado,Entregado,NET_CLARIOSJ,SIM,2 oct 2026,2 oct 2026,null,No,CERRADAS,2026-10-03 01:16:27,Multilínea,Mono_item,Lima - Callao,null,Power ilim 79.90 SD N,Power ilim 79.90 SD N,AmericaMovil,08:00 - 13:00,Cerrado,Resuelto,Desconocido,LIMA
Netcall,1 oct 2026,15,927343804,9273438048286316595693,9283,Outbound,Portabilidad Postpago,EXPRESS,Logixtal,9001,CERRADAS,Entregado,Entregado,NET_PCHAVESTAY,SIM,1 oct 2026,1 oct 2026,null,No,CERRADAS,2026-10-02 01:02:33,Monolínea,Mono_item,Lima - Callao,null,Power ilim 79.90 SD N,Power ilim 79.90 SD N,TELEFONICAPE,10:00 - 22:00,Cerrado,Resuelto,Desconocido,LIMA
Netcall,2 oct 2026,15,927722935,927722935,9259,Outbound,Portabilidad Postpago,EXPRESS,Logixtal,9001,CERRADAS,Entregado,Entregado,TLV_NET_MRONCAL,SIM,2 oct 2026,2 oct 2026,null,No,CERRADAS,2026-10-03 01:46:13,Monolínea,Mono_item,Lima - Callao,null,Power ilim 79.90 SD N,null,null,10:00 - 22:00,Cerrado,Resuelto,null,LIMA
Netcall,2 oct 2026,11,927749049,927749049,9283,Outbound,Portabilidad Postpago,RETIRO EN TIENDA,Retiro en tienda,8037,ABIERTAS,Pendiente Entrega,Pendiente Entrega,NET_RTORRESB,SIM,2 oct 2026,null,null,No,ABIERTAS,null,Monolínea,Mono_item,Lima - Callao,null,null,null,null,09:00 - 21:00,En Progreso,En Progreso,null,null
Netcall,2 oct 2026,13,927780618,927780618,9283,Outbound,Portabilidad Postpago,RETIRO EN TIENDA,Retiro en tienda,3168,ABIERTAS,Pendiente Entrega,Pendiente Entrega,NET_BBELLIDOP,SIM,2 oct 2026,null,null,No,ABIERTAS,null,Multilínea,Mono_item,Lima - Callao,null,null,null,null,09:00 - 21:00,En Progreso,En Progreso,null,null
Netcall,3 oct 2026,13,928111930,928111930Empty,9265,Outbound,Portabilidad Postpago,EXPRESS,Logixtal,9001,ABIERTAS,Pendiente Entrega,Pendiente de Picking,NET_IRODRIGUEZS,SIM,3 oct 2026,null,null,No,ABIERTAS,null,Monolínea,Mono_item,Lima - Callao,null,null,null,null,10:00 - 22:00,En Progreso,En Progreso,null,null
Netcall,2 oct 2026,10,927717609,927717609,9283,Outbound,Portabilidad Postpago,RETIRO EN TIENDA,Retiro en tienda,3220,ABIERTAS,Pendiente Entrega,Pendiente Entrega,TLV_NET_FVALQUI,SIM,2 oct 2026,null,null,No,ABIERTAS,null,Multilínea,Mono_item,Lima - Callao,null,null,null,null,09:00 - 21:00,En Progreso,Documentación Generada,null,null
Netcall,3 oct 2026,10,928041847,928041847Empty,9223,Fidelización,Renovación,RETIRO EN TIENDA,Retiro en tienda,2107,ABIERTAS,Pendiente Entrega,Pendiente Entrega,NET_AZAVALAE,Equipo,3 oct 2026,null,null,No,ABIERTAS,null,Multilínea,Mono_item,Lima - Callao,null,null,null,null,09:00 - 21:00,En Progreso,En Progreso,null,null
Netcall,2 oct 2026,6,927622583,927622583,9283,Outbound,Portabilidad Postpago,EXPRESS,Logixtal,9001,ABIERTAS,Pendiente Entrega,Pendiente Entrega,NET_SLAZOB,SIM,2 oct 2026,null,null,No,ABIERTAS,null,Monolínea,Mono_item,Lima - Callao,null,null,null,null,10:00 - 22:00,En Progreso,Punto de No Retorno,null,CALLAO
Netcall,2 oct 2026,13,927793594,927793594,9283,Outbound,Portabilidad Postpago,EXPRESS,Logixtal,9001,CERRADAS,Entregado,Entregado,NET_ACONTRERASG,SIM,2 oct 2026,2 oct 2026,null,No,CERRADAS,2026-10-03 00:53:38,Monolínea,Mono_item,Lima - Callao,null,Power ilim 69.90 N,null,null,10:00 - 22:00,Cerrado,Resuelto,null,LIMA
Netcall,2 oct 2026,15,927818023,927818023,5299,Outbound,Portabilidad Postpago,RETIRO EN TIENDA,Retiro en tienda,8037,CERRADAS,Entregado,Entregado,NET_SCHUMIOQUEP,SIM,2 oct 2026,2 oct 2026,null,No,CERRADAS,2026-10-03 00:15:52,Monolínea,Mono_item,Lima - Callao,null,Power ilim 69.90 N,null,null,09:00 - 21:00,Cerrado,Resuelto,null,null
Netcall,1 oct 2026,9,927232999,9272329998285310634269,9283,Outbound,Portabilidad Postpago,EXPRESS,Logixtal,9001,CERRADAS,Entregado,Entregado,NET_CCONDEM,SIM,1 oct 2026,1 oct 2026,null,No,CERRADAS,2026-10-02 01:06:47,Multilínea,Mono_item,Lima - Callao,null,Power ilim 79.90 SD N,Power ilim 79.90 SD N,AmericaMovil,10:00 - 22:00,Cerrado,Resuelto,Desconocido,CALLAO
Netcall,3 oct 2026,11,928074883,928074883Empty,9271,Outbound,Portabilidad Postpago,RETIRO EN TIENDA,Retiro en tienda,3168,ABIERTAS,Pendiente Entrega,Pendiente Entrega,NET_MRUIZSANCHC,SIM,3 oct 2026,null,null,No,ABIERTAS,null,Multilínea,Mono_item,Lima - Callao,null,null,null,null,09:00 - 21:00,En Progreso,Pago Recibido,null,null
Netcall,2 oct 2026,14,927804362,927804362,9283,Outbound,Portabilidad Postpago,RETIRO EN TIENDA,Retiro en tienda,1023,ABIERTAS,Pendiente Entrega,Pendiente Entrega,NET_CSALAZARP,SIM,2 oct 2026,null,null,No,ABIERTAS,null,Monolínea,Mono_item,Lima - Callao,null,null,null,null,09:00 - 21:00,En Progreso,En Progreso,null,null
Netcall,3 oct 2026,10,928040123,92804012389511710101081514959,9271,Outbound,Portabilidad Postpago,EXPRESS,Logixtal,9001,CANCELADAS,Pendiente Entrega,Pendiente de Picking,NET_KESCORZAC,SIM,3 oct 2026,null,null,No,CANCELADAS,2026-10-03 11:39:01,Monolínea,Mono_item,Lima - Callao,null,null,null,null,10:00 - 22:00,Cancelado,Pedido Cancelación,null,null
Netcall,2 oct 2026,18,927876417,927876417,9283,Outbound,Portabilidad Postpago,RETIRO EN TIENDA,Retiro en tienda,1014,ABIERTAS,Pendiente Entrega,Pendiente Entrega,TLV_NET_ACUBASS,SIM,3 oct 2026,null,null,No,ABIERTAS,null,Multilínea,Mono_item,Lima - Callao,null,null,null,null,09:00 - 21:00,En Progreso,En Progreso,null,null
Netcall,1 oct 2026,16,927367771,9273677718286553376527,9283,Outbound,Portabilidad Postpago,EXPRESS,Logixtal,9001,CERRADAS,Entregado,Entregado,NET_NBURGAR,SIM,1 oct 2026,1 oct 2026,null,No,CERRADAS,2026-10-02 01:29:38,Multilínea,Multi_item,Lima - Callao,null,Power ilim 79.90 SD N,Power ilim 79.90 SD N,AmericaMovil,10:00 - 22:00,Cerrado,Resuelto,Desconocido,LIMA
Netcall,3 oct 2026,10,928045924,928045924Empty,9283,Outbound,Portabilidad Postpago,RETIRO EN TIENDA,Retiro en tienda,3158,CANCELADAS,Cancelado,Cancelado,NET_YVEGASA,SIM,3 oct 2026,null,null,No,CANCELADAS,2026-10-03 10:26:05,Multilínea,Mono_item,Lima - Callao,null,null,null,null,09:00 - 21:00,Cancelado,Rechazado,null,null
Netcall,2 oct 2026,11,927741945,927741945,9283,Outbound,Portabilidad Postpago,EXPRESS,Logixtal,9001,CERRADAS,Entregado,Entregado,TLV_NET_MMURGAF,SIM,2 oct 2026,2 oct 2026,null,No,CERRADAS,2026-10-03 02:02:24,Monolínea,Mono_item,Lima - Callao,null,Power ilim 79.90 SD N,null,null,10:00 - 22:00,Cerrado,Resuelto,null,LIMA
Netcall,2 oct 2026,14,927799094,927799094,9271,Outbound,Portabilidad Postpago,EXPRESS,Logixtal,9001,ABIERTAS,Pendiente Entrega,Pendiente Entrega,NET_LNECIOSUPC,SIM,2 oct 2026,null,null,No,ABIERTAS,null,Monolínea,Mono_item,Lima - Callao,null,null,null,null,08:00 - 20:00,En Progreso,Punto de No Retorno,null,LIMA
Netcall,1 oct 2026,15,927343957,9273439578286319967941,9283,Outbound,Portabilidad Postpago,EXPRESS,Logixtal,9001,CANCELADAS,Anulado,CLIENTE DESISTE - INFORMACIÓN INCORRECTA,NET_AARNAIZA,SIM,1 oct 2026,null,null,No,CANCELADAS,2026-10-01 18:38:58,Monolínea,Mono_item,Lima - Callao,null,null,Power ilim 69.90 N,TELEFONICAPE,10:00 - 22:00,Cancelado,Rechazado,Desconocido,CALLAO
Netcall,1 oct 2026,9,927245301,927245301,9283,Outbound,Portabilidad Postpago,RETIRO EN TIENDA,Retiro en tienda,3006,CERRADAS,Entregado,Entregado,NET_STAVARALIVI,SIM,1 oct 2026,1 oct 2026,null,No,CERRADAS,2026-10-02 00:26:06,Monolínea,Mono_item,Lima - Callao,null,Power ilim 69.90 N,null,null,09:00 - 21:00,Cerrado,Resuelto,null,null
Netcall,1 oct 2026,15,927344188,9273441888286321732609,9271,Outbound,Portabilidad Postpago,RETIRO EN TIENDA,Retiro en tienda,3220,CANCELADAS,Cancelado,Cancelado,NET_MRUIZSANCHC,SIM,1 oct 2026,null,null,No,CANCELADAS,2026-10-02 16:25:19,Multilínea,Multi_item,Lima - Callao,null,null,Power ilim 79.90 SD N,TELEFONICAPE,09:00 - 21:00,Cancelado,Rechazado,Desconocido,null
Netcall,1 oct 2026,15,927344188,9273441888286321732826,9271,Outbound,Portabilidad Postpago,RETIRO EN TIENDA,Retiro en tienda,3220,CANCELADAS,Cancelado,Cancelado,NET_MRUIZSANCHC,SIM,1 oct 2026,null,null,No,CANCELADAS,2026-10-02 16:25:19,Multilínea,Multi_item,Lima - Callao,null,null,Power ilim 79.90 SD N,TELEFONICAPE,09:00 - 21:00,Cancelado,Rechazado,Desconocido,null
Netcall,2 oct 2026,13,927787716,927787716,9283,Outbound,Portabilidad Postpago,EXPRESS,Logixtal,9001,CERRADAS,Entregado,Entregado,NET_YRUEDAMONDR,SIM,2 oct 2026,2 oct 2026,null,No,CERRADAS,2026-10-03 00:51:01,Monolínea,Mono_item,Lima - Callao,null,Power ilim 69.90 N,null,null,10:00 - 22:00,Cerrado,Resuelto,null,LIMA
Netcall,1 oct 2026,12,927292637,9272926378285823866197,9271,Outbound,Portabilidad Postpago,RETIRO EN TIENDA,Retiro en tienda,3158,CANCELADAS,Cancelado,Cancelado,NET_KTORRESP,SIM,1 oct 2026,null,null,No,CANCELADAS,2026-10-02 14:32:03,Monolínea,Mono_item,Lima - Callao,null,null,Power ilim 79.90 SD N,TELEFONICAPE,09:00 - 21:00,Cancelado,Rechazado,Desconocido,null
Netcall,3 oct 2026,12,928084393,92808439389511710101081013291,9283,Outbound,Portabilidad Postpago,EXPRESS,Logixtal,9001,ABIERTAS,Entregado,Entregado,NET_SGONZALESF,SIM,3 oct 2026,null,null,No,ABIERTAS,null,Multilínea,Mono_item,Lima - Callao,null,null,null,null,10:00 - 22:00,En Progreso,Punto de No Retorno,null,null
Netcall,1 oct 2026,11,927266657,9272666578285597684142,9259,Outbound,Portabilidad Postpago,EXPRESS,Logixtal,9001,CERRADAS,Entregado,Entregado,NET_CBIELICHR,SIM,1 oct 2026,1 oct 2026,null,No,CERRADAS,2026-10-02 01:26:02,Monolínea,Mono_item,Lima - Callao,null,Power ilim 79.90 SD N,Power ilim 79.90 SD N,AmericaMovil,10:00 - 22:00,Cerrado,Resuelto,Desconocido,LIMA
Netcall,2 oct 2026,7,927639894,927639894,9271,Outbound,Portabilidad Postpago,EXPRESS,Logixtal,9001,CERRADAS,Entregado,Entregado,NET_LNECIOSUPC,SIM,2 oct 2026,2 oct 2026,null,No,CERRADAS,2026-10-03 01:53:05,Multilínea,Mono_item,Lima - Callao,null,Power ilim 79.90 SD N,null,null,10:00 - 22:00,Cerrado,Resuelto,null,LIMA
Netcall,2 oct 2026,19,927888543,927888543,9283,Outbound,Venta Regular / Alta,RETIRO EN TIENDA,Retiro en tienda,7105,CERRADAS,Entregado,Entregado,NET_JAMASIFUENT,SIM,2 oct 2026,2 oct 2026,null,No,CERRADAS,2026-10-02 20:59:32,Monolínea,Mono_item,Lima - Callao,null,Power 39.90 N,null,null,09:00 - 21:00,Cerrado,Resuelto,null,null
Netcall,1 oct 2026,10,927248510,927248510,9283,Outbound,Portabilidad Postpago,EXPRESS,Logixtal,9001,CERRADAS,Entregado,Entregado,NET_CALVANC,SIM,1 oct 2026,1 oct 2026,null,No,CERRADAS,2026-10-02 00:24:05,Multilínea,Mono_item,Lima - Callao,null,Power ilim 79.90 SD N,null,null,10:00 - 22:00,Cerrado,Resuelto,null,LIMA
Netcall,3 oct 2026,11,928076256,92807625689511710101081015015,9283,Outbound,Portabilidad Postpago,EXPRESS,Logixtal,9001,ABIERTAS,Entregado,Entregado,TLV_NET_KARANDA,SIM,3 oct 2026,null,null,No,ABIERTAS,null,Multilínea,Mono_item,Lima - Callao,null,null,null,null,10:00 - 22:00,En Progreso,Punto de No Retorno,null,null
Netcall,3 oct 2026,10,928051925,928051925Empty,9283,Outbound,Portabilidad Postpago,PROGRAMADO,Logixtal,9001,ABIERTAS,Pendiente Entrega,Pendiente de Picking,NET_DVILLALOBOS,SIM,5 oct 2026,null,null,No,ABIERTAS,null,Monolínea,Mono_item,Lima - Callao,null,null,null,null,13:01 - 22:00,En Progreso,En Progreso,null,null
Netcall,1 oct 2026,6,927177743,927177743,9283,Outbound,Portabilidad Postpago,EXPRESS,Logixtal,9001,CERRADAS,Entregado,Entregado,NET_SRAMOSC,SIM,1 oct 2026,1 oct 2026,null,No,CERRADAS,2026-10-02 00:05:59,Multilínea,Mono_item,Lima - Callao,null,Power ilim 79.90 SD N,null,null,10:00 - 22:00,Cerrado,Resuelto,null,CALLAO
Netcall,1 oct 2026,9,927242275,927242275,9283,Outbound,Portabilidad Postpago,EXPRESS,Logixtal,9001,CERRADAS,Entregado,Entregado,TLV_NET_OCCONA,SIM,1 oct 2026,1 oct 2026,null,No,CERRADAS,2026-10-02 00:27:52,Monolínea,Mono_item,Lima - Callao,null,Power ilim 69.90 N,null,null,10:00 - 22:00,Cerrado,Resuelto,null,LIMA
Netcall,2 oct 2026,13,927780392,927780392,9283,Outbound,Venta Regular / Alta,EXPRESS,Logixtal,9001,ABIERTAS,Pendiente Entrega,Pendiente Entrega,TLV_NET_MMURGAF,SIM,2 oct 2026,null,null,No,ABIERTAS,null,Multilínea,Mono_item,Lima - Callao,null,null,null,null,08:00 - 20:00,En Progreso,Punto de No Retorno,null,CALLAO
Netcall,1 oct 2026,9,927243684,9272436848285397665622,9283,Outbound,Portabilidad Postpago,EXPRESS,Logixtal,9001,CERRADAS,Entregado,Entregado,NET_CTRAVIM,SIM,1 oct 2026,2 oct 2026,null,No,CERRADAS,2026-10-03 01:07:55,Monolínea,Mono_item,Lima - Callao,null,Power ilim 69.90 N,Power ilim 69.90 N,AmericaMovil,10:00 - 22:00,Cerrado,Resuelto,Desconocido,LIMA
Netcall,2 oct 2026,10,927717503,927717503,9283,Outbound,Portabilidad Postpago,RETIRO EN TIENDA,Retiro en tienda,1013,CERRADAS,Entregado,Entregado,TLV_NET_DGARCIA,SIM,2 oct 2026,2 oct 2026,null,No,CERRADAS,2026-10-03 01:21:03,Monolínea,Mono_item,Lima - Callao,null,Power ilim 69.90 N,null,null,09:00 - 21:00,Cerrado,Resuelto,null,null
Netcall,2 oct 2026,16,927831161,927831161,9283,Outbound,Portabilidad Postpago,EXPRESS,Logixtal,9001,CERRADAS,Entregado,Entregado,NET_BROMANS,SIM,2 oct 2026,2 oct 2026,null,No,CERRADAS,2026-10-03 01:56:39,Monolínea,Mono_item,Lima - Callao,null,Power ilim 69.90 N,null,null,10:00 - 22:00,Cerrado,Resuelto,null,CALLAO
Netcall,2 oct 2026,17,927864745,927864745,9283,Outbound,Portabilidad Postpago,EXPRESS,Logixtal,9001,CANCELADAS,Anulado,CLIENTE SE ENCUENTRA DE VIAJE,NET_SBENITOV,SIM,2 oct 2026,null,null,No,CANCELADAS,2026-10-02 19:48:43,Monolínea,Mono_item,Lima - Callao,null,null,null,null,10:00 - 22:00,Cancelado,Rechazado,null,LIMA
Netcall,2 oct 2026,11,927738238,927738238,9223,Fidelización,Renovación,RETIRO EN TIENDA,Retiro en tienda,3158,ABIERTAS,Pendiente Entrega,Pendiente Entrega,NET_JBRICENOS,Equipo,2 oct 2026,null,null,No,ABIERTAS,null,Multilínea,Mono_item,Lima - Callao,null,null,null,null,09:00 - 21:00,En Progreso,En Progreso,null,null
Netcall,2 oct 2026,11,927740531,927740531,9283,Outbound,Portabilidad Postpago,RETIRO EN TIENDA,Retiro en tienda,2113,ABIERTAS,Pendiente Entrega,Pendiente Entrega,NET_CIOLAYAR,SIM,2 oct 2026,null,null,No,ABIERTAS,null,Multilínea,Mono_item,Lima - Callao,null,null,null,null,09:00 - 21:00,En Progreso,En Progreso,null,null
Netcall,1 oct 2026,13,927321227,9273212278286098623148,9283,Outbound,Portabilidad Postpago,RETIRO EN TIENDA,Retiro en tienda,3160,CERRADAS,Entregado,Entregado,NET_ARIVERA,SIM,1 oct 2026,1 oct 2026,null,No,CERRADAS,2026-10-02 01:48:24,Monolínea,Mono_item,Lima - Callao,null,Power ilim 79.90 SD N,Power ilim 79.90 SD N,AmericaMovil,09:00 - 21:00,Cerrado,Resuelto,Desconocido,null
Netcall,1 oct 2026,11,927286372,9272863728285757370444,9283,Outbound,Portabilidad Postpago,EXPRESS,Logixtal,9001,CERRADAS,Entregado,Entregado,NET_RCASTANEDAR,SIM,1 oct 2026,1 oct 2026,null,No,CERRADAS,2026-10-02 04:16:49,Monolínea,Mono_item,Lima - Callao,null,Power ilim 69.90 N,Power ilim 69.90 N,TELEFONICAPE,10:00 - 22:00,Cerrado,Resuelto,Desconocido,CALLAO
Netcall,2 oct 2026,12,927778737,927778737,9283,Outbound,Venta Regular / Alta,RETIRO EN TIENDA,Retiro en tienda,3168,ABIERTAS,Pendiente Entrega,Pendiente Entrega,NET_BBELLIDOP,SIM,2 oct 2026,null,null,No,ABIERTAS,null,Multilínea,Mono_item,Lima - Callao,null,null,null,null,09:00 - 21:00,En Progreso,En Progreso,null,null
Netcall,2 oct 2026,15,927828869,927828869,9283,Outbound,Portabilidad Postpago,EXPRESS,Logixtal,9001,CERRADAS,Entregado,Entregado,NET_GSANCHEZO,SIM,2 oct 2026,2 oct 2026,null,No,CERRADAS,2026-10-03 01:42:11,Multilínea,Mono_item,Lima - Callao,null,Power ilim 79.90 SD N,null,null,10:00 - 22:00,Cerrado,Resuelto,null,CALLAO
Netcall,3 oct 2026,13,928118133,928118133Empty,9283,Outbound,Venta Regular / Alta,EXPRESS,Logixtal,9001,ABIERTAS,Pendiente Entrega,Pendiente de Picking,NET_ATISNADOA,SIM,3 oct 2026,null,null,No,ABIERTAS,null,Monolínea,Mono_item,Lima - Callao,null,null,null,null,10:00 - 22:00,En Progreso,En Progreso,null,null
Netcall,1 oct 2026,10,927252808,9272528088285474116480,9271,Outbound,Portabilidad Postpago,EXPRESS,Logixtal,9001,CERRADAS,Entregado,Entregado,NET_MSUAREZG,SIM,1 oct 2026,1 oct 2026,null,No,CERRADAS,2026-10-02 01:39:38,Monolínea,Mono_item,Lima - Callao,null,Power ilim 79.90 SD N,Power ilim 79.90 SD N,AmericaMovil,10:00 - 22:00,Cerrado,Resuelto,Desconocido,LIMA
Netcall,2 oct 2026,10,927733947,927733947,9283,Outbound,Portabilidad Postpago,EXPRESS,Logixtal,9001,CERRADAS,Entregado,Entregado,NET_BTRUJILLOT,SIM,2 oct 2026,2 oct 2026,null,No,CERRADAS,2026-10-03 00:11:26,Monolínea,Mono_item,Lima - Callao,null,Power ilim 69.90 N,null,null,10:00 - 22:00,Cerrado,Resuelto,null,LIMA
Netcall,3 oct 2026,10,928036672,928036672Empty,9271,Outbound,Portabilidad Postpago,RETIRO EN TIENDA,Retiro en tienda,3158,ABIERTAS,Pendiente Entrega,Pendiente Entrega,NET_RALVAREZV,SIM,3 oct 2026,null,null,No,ABIERTAS,null,Monolínea,Mono_item,Lima - Callao,null,null,null,null,09:00 - 21:00,En Progreso,Pago Recibido,null,null
Netcall,1 oct 2026,12,927304449,9273044498285938185101,9283,Outbound,Portabilidad Postpago,RETIRO EN TIENDA,Retiro en tienda,3220,ABIERTAS,Pendiente Entrega,Pendiente Entrega,NET_MMREVILLA,SIM,1 oct 2026,null,null,No,ABIERTAS,null,Monolínea,Mono_item,Lima - Callao,null,null,Power ilim 79.90 SD N,AmericaMovil,09:00 - 21:00,En Progreso,En Progreso,Desconocido,null
Netcall,2 oct 2026,13,927784036,927784036,9223,Fidelización,Renovación,RETIRO EN TIENDA,Retiro en tienda,2113,ABIERTAS,Pendiente Entrega,Pendiente Entrega,NET_AMCORDOVAC,Equipo,2 oct 2026,null,null,No,ABIERTAS,null,Multilínea,Mono_item,Lima - Callao,null,null,null,null,09:00 - 21:00,En Progreso,En Progreso,null,null
Netcall,2 oct 2026,7,927641519,927641519,9271,Outbound,Venta Regular / Alta,EXPRESS,Logixtal,9001,CERRADAS,Entregado,Entregado,NET_LNECIOSUPC,SIM,2 oct 2026,2 oct 2026,null,No,CERRADAS,2026-10-02 10:02:10,Multilínea,Mono_item,Lima - Callao,null,Power ilim 79.90 SD N,null,null,10:00 - 22:00,Cerrado,Resuelto,null,LIMA
Netcall,2 oct 2026,9,927708893,927708893,9223,Fidelización,Renovación,RETIRO EN TIENDA,Retiro en tienda,3160,ABIERTAS,Pendiente Entrega,Pendiente Entrega,NET_JBRICENOS,Equipo,2 oct 2026,null,null,No,ABIERTAS,null,Multilínea,Mono_item,Lima - Callao,null,null,null,null,09:00 - 21:00,En Progreso,En Progreso,null,null
Netcall,2 oct 2026,10,927710213,927710213,9223,Fidelización,Renovación,RETIRO EN TIENDA,Retiro en tienda,3160,CERRADAS,Entregado,Entregado,NET_ICAHUAC,Equipo,2 oct 2026,2 oct 2026,null,No,CERRADAS,2026-10-02 11:32:35,Multilínea,Mono_item,Lima - Callao,null,null,null,null,09:00 - 21:00,Cerrado,Resuelto,null,null
Netcall,2 oct 2026,11,927743292,927743292,9283,Outbound,Portabilidad Postpago,RETIRO EN TIENDA,Retiro en tienda,2113,ABIERTAS,Pendiente Entrega,Pendiente Entrega,NET_CIOLAYAR,SIM,2 oct 2026,null,null,No,ABIERTAS,null,Multilínea,Mono_item,Lima - Callao,null,null,null,null,09:00 - 21:00,En Progreso,En Progreso,null,null
Netcall,1 oct 2026,9,927237897,9272378978285348113603,9283,Outbound,Portabilidad Postpago,EXPRESS,Logixtal,9001,CERRADAS,Entregado,Entregado,NET_GGALLARDAYA,SIM,1 oct 2026,1 oct 2026,null,No,CERRADAS,2026-10-02 01:41:03,Multilínea,Multi_item,Lima - Callao,null,Power ilim 79.90 SD N,Power ilim 79.90 SD N,AmericaMovil,10:00 - 22:00,Cerrado,Resuelto,Desconocido,CALLAO
Netcall,3 oct 2026,12,928083607,928083607Empty,9283,Outbound,Portabilidad Postpago,RETIRO EN TIENDA,Retiro en tienda,3220,ABIERTAS,Pendiente Entrega,Pendiente Entrega,NET_CMENESESV,SIM,3 oct 2026,null,null,No,ABIERTAS,null,Monolínea,Mono_item,Lima - Callao,null,null,null,null,09:00 - 21:00,En Progreso,En Progreso,null,null
Netcall,2 oct 2026,13,927781406,927781406,9283,Outbound,Portabilidad Postpago,EXPRESS,Logixtal,9001,ABIERTAS,Pendiente Entrega,Pendiente Entrega,TLV_NET_MMURGAF,SIM,2 oct 2026,null,null,No,ABIERTAS,null,Multilínea,Mono_item,Lima - Callao,null,null,null,null,08:00 - 20:00,En Progreso,Punto de No Retorno,null,CALLAO
Netcall,3 oct 2026,10,928045261,92804526189511710101081012558,9283,Outbound,Portabilidad Postpago,EXPRESS,Logixtal,9001,ABIERTAS,Entregado,Entregado,NET_CALVANC,SIM,3 oct 2026,null,null,No,ABIERTAS,null,Multilínea,Mono_item,Lima - Callao,null,null,null,null,10:00 - 22:00,En Progreso,Punto de No Retorno,null,null
Netcall,1 oct 2026,10,927247108,9272471088285429641588,9283,Outbound,Portabilidad Postpago,EXPRESS,Logixtal,9001,CERRADAS,Entregado,Entregado,NET_CALVANC,SIM,1 oct 2026,1 oct 2026,null,No,CERRADAS,2026-10-02 01:32:38,Multilínea,Mono_item,Lima - Callao,null,Power ilim 79.90 SD N,Power ilim 79.90 SD N,AmericaMovil,10:00 - 22:00,Cerrado,Resuelto,Desconocido,LIMA
Netcall,2 oct 2026,10,927732503,927732503,9283,Outbound,Portabilidad Postpago,PROGRAMADO,Logixtal,9001,ABIERTAS,Pendiente Entrega,Pendiente Entrega,TLV_NET_LSANCHA,SIM,3 oct 2026,null,null,No,ABIERTAS,null,Monolínea,Mono_item,Lima - Callao,null,null,null,null,08:00 - 13:00,En Progreso,Punto de No Retorno,null,CALLAO
Netcall,3 oct 2026,10,928060206,92806020689511710101081013234,9283,Outbound,Portabilidad Postpago,EXPRESS,Logixtal,9001,CANCELADAS,Pendiente Entrega,Pendiente de Picking,NET_SGONZALESF,SIM,3 oct 2026,null,null,No,CANCELADAS,2026-10-03 11:11:37,Multilínea,Mono_item,Lima - Callao,null,null,null,null,10:00 - 22:00,Cancelado,Rechazado,null,null
Netcall,3 oct 2026,11,928071494,92807149489511710101081015148,9283,Outbound,Portabilidad Postpago,EXPRESS,Logixtal,9001,ABIERTAS,Entregado,Entregado,TLV_NET_KARANDA,SIM,3 oct 2026,null,null,No,ABIERTAS,null,Multilínea,Mono_item,Lima - Callao,null,null,null,null,10:00 - 22:00,En Progreso,Punto de No Retorno,null,null
Netcall,1 oct 2026,14,927334426,9273344268286218585646,9283,Outbound,Portabilidad Postpago,EXPRESS,Logixtal,9001,CERRADAS,Entregado,Entregado,NET_MSILVAP,SIM,1 oct 2026,1 oct 2026,null,No,CERRADAS,2026-10-02 01:44:53,Monolínea,Mono_item,Lima - Callao,null,Power ilim 69.90 N,Power ilim 69.90 N,Viettel Peru,10:00 - 22:00,Cerrado,Resuelto,Desconocido,LIMA
Netcall,2 oct 2026,7,927625323,927625323,9283,Outbound,Portabilidad Postpago,RETIRO EN TIENDA,Retiro en tienda,3162,CERRADAS,Entregado,Entregado,NET_CIOLAYAR,SIM,2 oct 2026,2 oct 2026,null,No,CERRADAS,2026-10-03 00:57:04,Multilínea,Mono_item,Lima - Callao,null,Power ilim 79.90 SD N,null,null,09:00 - 21:00,Cerrado,Resuelto,null,null
Netcall,3 oct 2026,9,928027856,92802785689511710101081532126,9283,Outbound,Portabilidad Postpago,EXPRESS,Logixtal,9001,ABIERTAS,Entregado,Entregado,NET_RNUNEZH,SIM,3 oct 2026,null,null,No,ABIERTAS,null,Multilínea,Mono_item,Lima - Callao,null,null,null,null,10:00 - 22:00,En Progreso,Punto de No Retorno,null,null
Netcall,3 oct 2026,9,928029112,92802911289511710101081532175,9283,Outbound,Portabilidad Postpago,EXPRESS,Logixtal,9001,ABIERTAS,Entregado,Entregado,NET_SSALAZARV,SIM,3 oct 2026,null,null,No,ABIERTAS,null,Monolínea,Mono_item,Lima - Callao,null,null,null,null,10:00 - 22:00,En Progreso,Punto de No Retorno,null,null
Netcall,1 oct 2026,16,927376226,927376226,9283,Outbound,Portabilidad Postpago,EXPRESS,Logixtal,9001,CERRADAS,Entregado,Entregado,NET_LTVENTURAG,SIM,1 oct 2026,1 oct 2026,null,No,CERRADAS,2026-10-02 00:26:54,Monolínea,Mono_item,Lima - Callao,null,Power ilim 69.90 N,null,null,10:00 - 22:00,Cerrado,Resuelto,null,LIMA
Netcall,3 oct 2026,9,928027469,92802746989511710101081011261,9283,Outbound,Portabilidad Postpago,EXPRESS,Logixtal,9001,ABIERTAS,Entregado,Entregado,NET_PCHAVESTAY,SIM,3 oct 2026,null,null,No,ABIERTAS,null,Monolínea,Mono_item,Lima - Callao,null,null,null,null,10:00 - 22:00,En Progreso,Pago Recibido,null,null
Netcall,2 oct 2026,16,927832516,927832516,9283,Outbound,Portabilidad Postpago,EXPRESS,Logixtal,9001,CERRADAS,Entregado,Entregado,NET_LHUAPAYAO,SIM,2 oct 2026,2 oct 2026,null,No,CERRADAS,2026-10-03 01:46:46,Multilínea,Mono_item,Lima - Callao,null,Power ilim 79.90 SD N,null,null,10:00 - 22:00,Cerrado,Resuelto,null,CALLAO
Netcall,2 oct 2026,7,927633651,927633651,9283,Outbound,Portabilidad Postpago,RETIRO EN TIENDA,Retiro en tienda,3162,CERRADAS,Entregado,Entregado,NET_CIOLAYAR,SIM,2 oct 2026,2 oct 2026,null,No,CERRADAS,2026-10-03 00:46:13,Multilínea,Mono_item,Lima - Callao,null,Power ilim 79.90 SD N,null,null,09:00 - 21:00,Cerrado,Resuelto,null,null
Netcall,3 oct 2026,11,928077946,92807794689511710101081015023,9283,Outbound,Portabilidad Postpago,EXPRESS,Logixtal,9001,ABIERTAS,Entregado,Entregado,TLV_NET_KARANDA,SIM,3 oct 2026,null,null,No,ABIERTAS,null,Multilínea,Mono_item,Lima - Callao,null,null,null,null,10:00 - 22:00,En Progreso,Punto de No Retorno,null,null
Netcall,2 oct 2026,9,927709324,927709324,9283,Outbound,Portabilidad Postpago,EXPRESS,Logixtal,9001,CANCELADAS,Anulado,ZONA INACCESIBLE,NET_MORIHUELAQ,SIM,2 oct 2026,null,null,No,CANCELADAS,2026-10-02 11:32:48,Multilínea,Mono_item,Lima - Callao,null,null,null,null,10:00 - 22:00,Cancelado,Rechazado,null,LIMA
Netcall,1 oct 2026,16,927367771,9273677718286553376744,9283,Outbound,Portabilidad Postpago,EXPRESS,Logixtal,9001,CERRADAS,Entregado,Entregado,NET_NBURGAR,SIM,1 oct 2026,1 oct 2026,null,No,CERRADAS,2026-10-02 01:29:38,Multilínea,Multi_item,Lima - Callao,null,Power ilim 79.90 SD N,Power ilim 79.90 SD N,AmericaMovil,10:00 - 22:00,Cerrado,Resuelto,Desconocido,LIMA
Netcall,2 oct 2026,7,927630826,927630826,9283,Outbound,Portabilidad Postpago,RETIRO EN TIENDA,Retiro en tienda,3162,CERRADAS,Entregado,Entregado,NET_CIOLAYAR,SIM,2 oct 2026,2 oct 2026,null,No,CERRADAS,2026-10-03 01:26:18,Multilínea,Mono_item,Lima - Callao,null,Power ilim 79.90 SD N,null,null,09:00 - 21:00,Cerrado,Resuelto,null,null
Netcall,3 oct 2026,13,928115716,92811571689511710101081863737,9283,Outbound,Portabilidad Postpago,EXPRESS,Logixtal,9001,ABIERTAS,Pendiente Entrega,Pendiente de Picking,NET_VCHIRIA,SIM,3 oct 2026,null,null,No,ABIERTAS,null,Monolínea,Mono_item,Lima - Callao,null,null,null,null,10:00 - 22:00,En Progreso,Punto de No Retorno,null,null
Netcall,1 oct 2026,12,927298439,9272984398285877607672,9283,Outbound,Portabilidad Postpago,EXPRESS,Logixtal,9001,CERRADAS,Entregado,Entregado,NET_YRUEDAMONDR,SIM,1 oct 2026,1 oct 2026,null,No,CERRADAS,2026-10-02 01:59:36,Monolínea,Mono_item,Lima - Callao,null,Power ilim 69.90 N,Power ilim 69.90 N,TELEFONICAPE,10:00 - 22:00,Cerrado,Resuelto,Desconocido,CALLAO
Netcall,2 oct 2026,14,927807912,927807912,9283,Outbound,Portabilidad Postpago,EXPRESS,Logixtal,9001,CANCELADAS,Anulado,PIN-PORTA NO LLEGA SMS,NET_MOQUISPITON,SIM,2 oct 2026,null,null,No,CANCELADAS,2026-10-02 16:22:40,Multilínea,Mono_item,Lima - Callao,null,null,null,null,10:00 - 22:00,Cancelado,Rechazado,null,CALLAO
Netcall,2 oct 2026,12,927778171,927778171,9283,Outbound,Portabilidad Postpago,EXPRESS,Logixtal,9001,CERRADAS,Entregado,Entregado,NET_SLAZOB,SIM,2 oct 2026,2 oct 2026,null,No,CERRADAS,2026-10-03 01:55:32,Monolínea,Mono_item,Lima - Callao,null,Power ilim 79.90 SD N,null,null,10:00 - 22:00,Cerrado,Resuelto,null,CALLAO
Netcall,1 oct 2026,9,927237897,9272378978285348113820,9283,Outbound,Portabilidad Postpago,EXPRESS,Logixtal,9001,CERRADAS,Entregado,Entregado,NET_GGALLARDAYA,SIM,1 oct 2026,1 oct 2026,null,No,CERRADAS,2026-10-02 01:41:03,Multilínea,Multi_item,Lima - Callao,null,Power ilim 79.90 SD N,Power ilim 79.90 SD N,AmericaMovil,10:00 - 22:00,Cerrado,Resuelto,Desconocido,CALLAO
Netcall,2 oct 2026,14,927800097,927800097,9283,Outbound,Portabilidad Postpago,EXPRESS,Logixtal,9001,CERRADAS,Entregado,Entregado,NET_GMENDIGUETE,SIM,2 oct 2026,2 oct 2026,null,No,CERRADAS,2026-10-03 01:07:04,Monolínea,Mono_item,Lima - Callao,null,Power ilim 79.90 SD N,null,null,10:00 - 22:00,Cerrado,Resuelto,null,LIMA
Netcall,1 oct 2026,16,927367771,9273677718286553376961,9283,Outbound,Portabilidad Postpago,EXPRESS,Logixtal,9001,CERRADAS,Entregado,Entregado,NET_NBURGAR,SIM,1 oct 2026,1 oct 2026,null,No,CERRADAS,2026-10-02 01:29:38,Multilínea,Multi_item,Lima - Callao,null,Power ilim 79.90 SD N,Power ilim 79.90 SD N,AmericaMovil,10:00 - 22:00,Cerrado,Resuelto,Desconocido,LIMA
Netcall,2 oct 2026,16,927830771,927830771,9283,Outbound,Venta Regular / Alta,PROGRAMADO,Logixtal,9001,ABIERTAS,Pendiente Entrega,Pendiente Entrega,NET_ATUMEH,SIM,3 oct 2026,null,null,No,ABIERTAS,null,Multilínea,Mono_item,Lima - Callao,null,null,null,null,13:01 - 22:00,En Progreso,Punto de No Retorno,null,LIMA
Netcall,1 oct 2026,15,927342451,9273424518286305036042,9271,Outbound,Portabilidad Postpago,RETIRO EN TIENDA,Retiro en tienda,3220,ABIERTAS,Pendiente Entrega,Pendiente Entrega,NET_SBACAD,SIM,1 oct 2026,null,null,No,ABIERTAS,null,Monolínea,Mono_item,Lima - Callao,null,null,Power ilim 69.90 N,TELEFONICAPE,09:00 - 21:00,En Progreso,En Progreso,Desconocido,null
Netcall,2 oct 2026,10,927713558,927713558,9283,Outbound,Portabilidad Postpago,EXPRESS,Logixtal,9001,CERRADAS,Entregado,Entregado,NET_MORIHUELAQ,SIM,2 oct 2026,2 oct 2026,null,No,CERRADAS,2026-10-03 00:59:10,Monolínea,Mono_item,Lima - Callao,null,Power ilim 69.90 N,null,null,10:00 - 22:00,Cerrado,Resuelto,null,CALLAO
Netcall,1 oct 2026,10,927263921,9272639218285575447801,9271,Outbound,Venta Regular / Alta,RETIRO EN TIENDA,Retiro en tienda,7105,ABIERTAS,Pendiente Entrega,Pendiente Entrega,NET_JAREVALOC,SIM,1 oct 2026,null,null,No,ABIERTAS,null,Monolínea,Mono_item,Lima - Callao,null,null,Power ilim 69.90 N,Desconocido,09:00 - 21:00,En Progreso,En Progreso,Desconocido,null
Netcall,2 oct 2026,9,927699300,927699300,9283,Outbound,Portabilidad Postpago,EXPRESS,Logixtal,9001,CERRADAS,Entregado,Entregado,NET_YRUEDAMONDR,SIM,2 oct 2026,2 oct 2026,null,No,CERRADAS,2026-10-03 01:03:03,Monolínea,Mono_item,Lima - Callao,null,Power ilim 69.90 N,null,null,10:00 - 22:00,Cerrado,Resuelto,null,CALLAO
Netcall,1 oct 2026,13,927323167,9273231678286120508660,9283,Outbound,Portabilidad Postpago,EXPRESS,Logixtal,9001,CERRADAS,Entregado,Entregado,TLV_NET_LSANCHA,SIM,1 oct 2026,1 oct 2026,null,No,CERRADAS,2026-10-02 03:29:58,Monolínea,Mono_item,Lima - Callao,null,Power ilim 69.90 N,Power ilim 69.90 N,TELEFONICAPE,10:00 - 22:00,Cerrado,Resuelto,Desconocido,LIMA
Netcall,3 oct 2026,10,928039762,928039762Empty,9271,Outbound,Portabilidad Postpago,RETIRO EN TIENDA,Retiro en tienda,5055,ABIERTAS,Pendiente Entrega,Pendiente Entrega,NET_SBACAD,SIM,3 oct 2026,null,null,No,ABIERTAS,null,Monolínea,Mono_item,Lima - Callao,null,null,null,null,09:00 - 21:00,En Progreso,En Progreso,null,null
Netcall,2 oct 2026,11,927738549,927738549,9283,Outbound,Portabilidad Postpago,EXPRESS,Logixtal,9001,CERRADAS,Entregado,Entregado,NET_MGONZALESR,SIM,2 oct 2026,2 oct 2026,null,No,CERRADAS,2026-10-03 00:54:03,Monolínea,Mono_item,Lima - Callao,null,Power ilim 69.90 N,null,null,10:00 - 22:00,Cerrado,Resuelto,null,LIMA
Netcall,1 oct 2026,19,927419463,9274194638287056486403,9283,Outbound,Portabilidad Postpago,RETIRO EN TIENDA,Retiro en tienda,5055,CERRADAS,Entregado,Entregado,NET_GMENDIGUETE,SIM,1 oct 2026,1 oct 2026,null,No,CERRADAS,2026-10-02 00:47:39,Monolínea,Mono_item,Lima - Callao,null,Power ilim 79.90 SD N,Power ilim 79.90 SD N,AmericaMovil,09:00 - 21:00,Cerrado,Resuelto,Desconocido,null
Netcall,1 oct 2026,17,927379040,9273790408286670212414,9283,Outbound,Venta Regular / Alta,PROGRAMADO,Logixtal,9001,CERRADAS,Entregado,Entregado,NET_CLARIOSJ,SIM,2 oct 2026,2 oct 2026,null,No,CERRADAS,2026-10-02 15:40:10,Multilínea,Mono_item,Lima - Callao,null,Power ilim 79.90 SD N,Power ilim 79.90 SD N,Desconocido,08:00 - 13:00,Cerrado,Resuelto,Desconocido,LIMA
Netcall,3 oct 2026,12,928088775,928088775Empty,9283,Outbound,Portabilidad Postpago,PROGRAMADO,Logixtal,9001,ABIERTAS,Pendiente Entrega,Pendiente de Picking,NET_OTACOM,SIM,5 oct 2026,null,null,No,ABIERTAS,null,Monolínea,Mono_item,Lima - Callao,null,null,null,null,13:01 - 22:00,En Progreso,En Progreso,null,null
Netcall,3 oct 2026,11,928074946,92807494689511710101081015007,9283,Outbound,Portabilidad Postpago,EXPRESS,Logixtal,9001,ABIERTAS,Entregado,Entregado,TLV_NET_KARANDA,SIM,3 oct 2026,null,null,No,ABIERTAS,null,Multilínea,Mono_item,Lima - Callao,null,null,null,null,10:00 - 22:00,En Progreso,Punto de No Retorno,null,null
Netcall,2 oct 2026,11,927741692,927741692,9283,Outbound,Portabilidad Postpago,RETIRO EN TIENDA,Retiro en tienda,2113,ABIERTAS,Pendiente Entrega,Pendiente Entrega,NET_CIOLAYAR,SIM,2 oct 2026,null,null,No,ABIERTAS,null,Multilínea,Mono_item,Lima - Callao,null,null,null,null,09:00 - 21:00,En Progreso,En Progreso,null,null
Netcall,1 oct 2026,15,927354487,927354487,9223,Fidelización,Renovación,RETIRO EN TIENDA,Retiro en tienda,3160,ABIERTAS,Pendiente Entrega,Pendiente Entrega,NET_JBRICENOS,Equipo,1 oct 2026,null,null,No,ABIERTAS,null,Multilínea,Mono_item,Lima - Callao,null,null,null,null,09:00 - 21:00,En Progreso,En Progreso,null,null
Netcall,3 oct 2026,10,928047445,92804744589511710101081012574,9283,Outbound,Venta Regular / Alta,EXPRESS,Logixtal,9001,ABIERTAS,Entregado,Entregado,NET_CALVANC,SIM,3 oct 2026,null,null,No,ABIERTAS,null,Multilínea,Mono_item,Lima - Callao,null,null,null,null,10:00 - 22:00,En Progreso,Punto de No Retorno,null,null
Netcall,2 oct 2026,14,927807677,927807677,5299,Outbound,Portabilidad Postpago,RETIRO EN TIENDA,Retiro en tienda,3162,ABIERTAS,Pendiente Entrega,Pendiente Entrega,NET_RCANDIOTTIA,SIM,2 oct 2026,null,null,No,ABIERTAS,null,Multilínea,Mono_item,Lima - Callao,null,null,null,null,09:00 - 21:00,En Progreso,En Progreso,null,null
Netcall,1 oct 2026,10,927261778,927261778,9223,Fidelización,Renovación,RETIRO EN TIENDA,Retiro en tienda,3129,ABIERTAS,Pendiente Entrega,Pendiente Entrega,NET_JBRICENOS,Equipo,1 oct 2026,null,null,No,ABIERTAS,null,Multilínea,Mono_item,Lima - Callao,null,null,null,null,09:00 - 21:00,En Progreso,En Progreso,null,null
Netcall,1 oct 2026,9,927234665,9272346658285324710375,9283,Outbound,Portabilidad Postpago,EXPRESS,Logixtal,9001,CERRADAS,Entregado,Entregado,NET_CCONDEM,SIM,1 oct 2026,1 oct 2026,null,No,CERRADAS,2026-10-02 01:01:40,Multilínea,Mono_item,Lima - Callao,null,Power ilim 79.90 SD N,Power ilim 79.90 SD N,AmericaMovil,10:00 - 22:00,Cerrado,Resuelto,Desconocido,CALLAO
Netcall,2 oct 2026,16,927838113,927838113,9283,Outbound,Portabilidad Postpago,EXPRESS,Logixtal,9001,CERRADAS,Entregado,Entregado,NET_MOQUISPITON,SIM,2 oct 2026,2 oct 2026,null,No,CERRADAS,2026-10-03 01:18:04,Multilínea,Mono_item,Lima - Callao,null,Power ilim 79.90 SD N,null,null,10:00 - 22:00,Cerrado,Resuelto,null,CALLAO
Netcall,1 oct 2026,12,927305781,9273057818285957274981,9283,Outbound,Portabilidad Postpago,RETIRO EN TIENDA,Retiro en tienda,8037,CERRADAS,Entregado,Entregado,NET_KROJASNAUPA,SIM,1 oct 2026,1 oct 2026,null,No,CERRADAS,2026-10-02 01:56:19,Monolínea,Mono_item,Lima - Callao,null,Power ilim 69.90 N,Power ilim 69.90 N,TELEFONICAPE,09:00 - 21:00,Cerrado,Resuelto,Desconocido,null
Netcall,3 oct 2026,9,928031329,928031329Empty,9283,Outbound,Portabilidad Postpago,RETIRO EN TIENDA,Retiro en tienda,3162,ABIERTAS,Pendiente Entrega,Pendiente Entrega,NET_KAGRAMONTEM,SIM,3 oct 2026,null,null,No,ABIERTAS,null,Multilínea,Mono_item,Lima - Callao,null,null,null,null,09:00 - 21:00,En Progreso,En Progreso,null,null
Netcall,2 oct 2026,15,927816250,927816250,9283,Outbound,Portabilidad Postpago,EXPRESS,Logixtal,9001,CANCELADAS,Anulado,CLIENTE DESISTE - INFORMACIÓN INCORRECTA,NET_SGONZALESF,SIM,2 oct 2026,null,null,No,CANCELADAS,2026-10-02 19:28:41,Monolínea,Mono_item,Lima - Callao,null,null,null,null,10:00 - 22:00,Cancelado,Rechazado,null,CALLAO
Netcall,2 oct 2026,7,927642605,927642605,9271,Outbound,Venta Regular / Alta,EXPRESS,Logixtal,9001,CERRADAS,Entregado,Entregado,NET_LNECIOSUPC,SIM,2 oct 2026,2 oct 2026,null,No,CERRADAS,2026-10-02 10:12:54,Multilínea,Mono_item,Lima - Callao,null,Power ilim 79.90 SD N,null,null,10:00 - 22:00,Cerrado,Resuelto,null,LIMA
Netcall,2 oct 2026,14,927808781,927808781,5299,Outbound,Venta Regular / Alta,RETIRO EN TIENDA,Retiro en tienda,3162,ABIERTAS,Pendiente Entrega,Pendiente Entrega,NET_RCANDIOTTIA,SIM,2 oct 2026,null,null,No,ABIERTAS,null,Multilínea,Mono_item,Lima - Callao,null,null,null,null,09:00 - 21:00,En Progreso,En Progreso,null,null
Netcall,1 oct 2026,10,927263030,9272630308285583568505,9283,Outbound,Portabilidad Postpago,EXPRESS,Logixtal,9001,CERRADAS,Entregado,Entregado,TLV_NET_JMORO,SIM,1 oct 2026,1 oct 2026,null,No,CERRADAS,2026-10-02 01:57:11,Monolínea,Mono_item,Lima - Callao,null,Power ilim 69.90 N,Power ilim 69.90 N,AmericaMovil,10:00 - 22:00,Cerrado,Resuelto,Desconocido,LIMA
Netcall,1 oct 2026,6,927177568,927177568,9283,Outbound,Portabilidad Postpago,EXPRESS,Logixtal,9001,CERRADAS,Entregado,Entregado,NET_SRAMOSC,SIM,1 oct 2026,1 oct 2026,null,No,CERRADAS,2026-10-02 00:22:49,Multilínea,Mono_item,Lima - Callao,null,Power ilim 79.90 SD N,null,null,10:00 - 22:00,Cerrado,Resuelto,null,CALLAO
Netcall,2 oct 2026,20,927908910,927908910,9283,Outbound,Portabilidad Postpago,RETIRO EN TIENDA,Retiro en tienda,3220,ABIERTAS,Pendiente Entrega,Pendiente Entrega,NET_LTAMAYOD,SIM,2 oct 2026,null,null,No,ABIERTAS,null,Multilínea,Mono_item,Lima - Callao,null,null,null,null,09:00 - 21:00,En Progreso,En Progreso,null,null
Netcall,1 oct 2026,13,927316955,927316955,9223,Fidelización,Renovación,RETIRO EN TIENDA,Retiro en tienda,3158,CERRADAS,Entregado,Entregado,NET_AZAVALAE,Equipo,1 oct 2026,1 oct 2026,null,No,CERRADAS,2026-10-01 19:36:19,Multilínea,Mono_item,Lima - Callao,null,null,null,null,09:00 - 21:00,Cerrado,Resuelto,null,null
Netcall,2 oct 2026,12,927759205,927759205,9283,Outbound,Portabilidad Postpago,RETIRO EN TIENDA,Retiro en tienda,7105,ABIERTAS,Pendiente Entrega,Pendiente Entrega,NET_AMILTONL,SIM,2 oct 2026,null,null,No,ABIERTAS,null,Monolínea,Mono_item,Lima - Callao,null,null,null,null,09:00 - 21:00,En Progreso,En Progreso,null,null
Netcall,2 oct 2026,15,927827697,927827697,9283,Outbound,Portabilidad Postpago,EXPRESS,Logixtal,9001,CERRADAS,Entregado,Entregado,NET_GSANCHEZO,SIM,2 oct 2026,2 oct 2026,null,No,CERRADAS,2026-10-03 01:12:39,Multilínea,Mono_item,Lima - Callao,null,Power ilim 79.90 SD N,null,null,10:00 - 22:00,Cerrado,Resuelto,null,CALLAO
Netcall,2 oct 2026,10,927725336,927725336,9283,Outbound,Portabilidad Postpago,EXPRESS,Logixtal,9001,ABIERTAS,Pendiente Entrega,Pendiente Entrega,NET_CGARCIAC,SIM,2 oct 2026,null,null,No,ABIERTAS,null,Monolínea,Mono_item,Lima - Callao,null,null,null,null,10:00 - 22:00,En Progreso,Punto de No Retorno,null,LIMA
Netcall,2 oct 2026,9,927699080,927699080,9283,Outbound,Portabilidad Postpago,EXPRESS,Logixtal,9001,ABIERTAS,Pendiente Entrega,Pendiente Entrega,NET_AARNAIZA,SIM,2 oct 2026,null,null,No,ABIERTAS,null,Monolínea,Mono_item,Lima - Callao,null,null,null,null,10:00 - 22:00,En Progreso,Punto de No Retorno,null,CALLAO
Netcall,2 oct 2026,14,927810262,927810262,9283,Outbound,Portabilidad Postpago,RETIRO EN TIENDA,Retiro en tienda,3032,CERRADAS,Entregado,Entregado,NET_THUAMANIP,SIM,2 oct 2026,2 oct 2026,null,No,CERRADAS,2026-10-03 01:28:15,Monolínea,Mono_item,Lima - Callao,null,Power ilim 79.90 SD N,null,null,09:00 - 21:00,Cerrado,Resuelto,null,null
Netcall,2 oct 2026,14,927807253,927807253,9283,Outbound,Portabilidad Postpago,EXPRESS,Logixtal,9001,CERRADAS,Entregado,Entregado,NET_MOQUISPITON,SIM,2 oct 2026,2 oct 2026,null,No,CERRADAS,2026-10-03 02:03:57,Multilínea,Mono_item,Lima - Callao,null,Power ilim 79.90 SD N,null,null,10:00 - 22:00,Cerrado,Resuelto,null,CALLAO
Netcall,1 oct 2026,14,927340304,927340304,9283,Outbound,Portabilidad Postpago,EXPRESS,Logixtal,9001,CERRADAS,Entregado,Entregado,NET_DNIEVESNIMA,SIM,1 oct 2026,1 oct 2026,null,No,CERRADAS,2026-10-02 00:16:37,Monolínea,Mono_item,Lima - Callao,null,Power ilim 69.90 N,null,null,10:00 - 22:00,Cerrado,Resuelto,null,CALLAO
Netcall,3 oct 2026,11,928070699,928070699Empty,9271,Outbound,Portabilidad Postpago,RETIRO EN TIENDA,Retiro en tienda,3168,ABIERTAS,Pendiente Entrega,Pendiente Entrega,NET_MRUIZSANCHC,SIM,3 oct 2026,null,null,No,ABIERTAS,null,Multilínea,Mono_item,Lima - Callao,null,null,null,null,09:00 - 21:00,En Progreso,Pago Recibido,null,null
Netcall,2 oct 2026,12,927774238,927774238,9283,Outbound,Portabilidad Postpago,RETIRO EN TIENDA,Retiro en tienda,3168,CERRADAS,Entregado,Entregado,NET_LLOPEZM,SIM,2 oct 2026,2 oct 2026,null,No,CERRADAS,2026-10-03 00:45:59,Monolínea,Mono_item,Lima - Callao,null,Power ilim 69.90 N,null,null,09:00 - 21:00,Cerrado,Resuelto,null,null
Netcall,3 oct 2026,11,928062813,92806281389511710101081013242,9271,Outbound,Portabilidad Postpago,EXPRESS,Logixtal,9001,ABIERTAS,Entregado,Entregado,TLV_NET_BREYESR,SIM,3 oct 2026,null,null,No,ABIERTAS,null,Multilínea,Mono_item,Lima - Callao,null,null,null,null,10:00 - 22:00,En Progreso,Pago Recibido,null,null
Netcall,2 oct 2026,17,927866005,927866005,9283,Outbound,Portabilidad Postpago,RETIRO EN TIENDA,Retiro en tienda,3139,CERRADAS,Entregado,Entregado,NET_JVELASQUEZS,SIM,2 oct 2026,2 oct 2026,null,No,CERRADAS,2026-10-03 01:06:01,Monolínea,Mono_item,Huanuco,null,Power ilim 69.90 N,null,null,16:45 - 21:00,Cerrado,Resuelto,null,null
Netcall,2 oct 2026,17,927860229,927860229,9271,Outbound,Portabilidad Postpago,RETIRO EN TIENDA,Retiro en tienda,3139,ABIERTAS,Pendiente Entrega,Pendiente Entrega,NET_BATOP,SIM,2 oct 2026,null,null,No,ABIERTAS,null,Monolínea,Mono_item,Huanuco,null,null,null,null,16:45 - 21:00,En Progreso,En Progreso,null,null
Netcall,3 oct 2026,10,928060273,92806027389511710111087100141,9283,Outbound,Portabilidad Postpago,PROGRAMADO,Logixtal,5021,ABIERTAS,Pendiente Entrega,Pendiente de Picking,NET_AJSANCHEZR,SIM,5 oct 2026,null,null,No,ABIERTAS,null,Multilínea,Mono_item,Piura,null,null,null,null,09:00 - 19:00,En Progreso,Punto de No Retorno,null,null
Netcall,1 oct 2026,10,927265443,9272654438285581342033,9283,Outbound,Portabilidad Postpago,PROGRAMADO,Logixtal,5021,ABIERTAS,Pendiente Entrega,Pendiente Entrega,NET_FRIVERAO,SIM,5 oct 2026,null,null,No,ABIERTAS,null,Monolínea,Mono_item,Piura,null,null,Power ilim 69.90 N,TELEFONICAPE,09:00 - 19:00,En Progreso,Punto de No Retorno,Desconocido,LAS LOMAS
Netcall,3 oct 2026,10,928059246,92805924689511710111087100158,9283,Outbound,Venta Regular / Alta,PROGRAMADO,Logixtal,5021,ABIERTAS,Pendiente Entrega,Pendiente de Picking,NET_AJSANCHEZR,SIM,5 oct 2026,null,null,No,ABIERTAS,null,Multilínea,Mono_item,Piura,null,null,null,null,09:00 - 19:00,En Progreso,Punto de No Retorno,null,null
Netcall,2 oct 2026,16,927832618,927832618,9283,Outbound,Portabilidad Postpago,RETIRO EN TIENDA,Retiro en tienda,8060,ABIERTAS,Pendiente Entrega,Pendiente Entrega,NET_IROSALESA,SIM,2 oct 2026,null,null,No,ABIERTAS,null,Monolínea,Mono_item,Lambayeque,null,null,null,null,09:00 - 21:00,En Progreso,En Progreso,null,null
Netcall,2 oct 2026,18,927852858,927852858,9283,Outbound,Portabilidad Postpago,RETIRO EN TIENDA,Retiro en tienda,7126,CERRADAS,Entregado,Entregado,NET_ATRIVINOS,SIM,2 oct 2026,2 oct 2026,null,No,CERRADAS,2026-10-03 01:35:43,Monolínea,Mono_item,Lambayeque,null,Power ilim 79.90 SD N,null,null,09:00 - 21:00,Cerrado,Resuelto,null,null
Netcall,1 oct 2026,9,927237923,9272379238285349862177,9283,Outbound,Portabilidad Postpago,RETIRO EN TIENDA,Retiro en tienda,7126,CERRADAS,Entregado,Entregado,NET_SLAZOB,SIM,1 oct 2026,1 oct 2026,null,No,CERRADAS,2026-10-02 01:12:01,Monolínea,Mono_item,Lambayeque,null,Power ilim 79.90 SD N,Power ilim 79.90 SD N,Viettel Peru,09:00 - 21:00,Cerrado,Resuelto,Desconocido,null
Netcall,2 oct 2026,14,927797618,927797618,9223,Fidelización,Renovación,RETIRO EN TIENDA,Retiro en tienda,1003,ABIERTAS,Pendiente Entrega,Pendiente Entrega,NET_MVELEZU,Equipo,2 oct 2026,null,null,No,ABIERTAS,null,Multilínea,Mono_item,Lambayeque,null,null,null,null,09:00 - 21:00,En Progreso,En Progreso,null,null
Netcall,2 oct 2026,10,927716212,927716212,9283,Outbound,Portabilidad Postpago,RETIRO EN TIENDA,Retiro en tienda,7126,CANCELADAS,Cancelado,Cancelado,TLV_NET_CSILVAP,SIM,2 oct 2026,null,null,No,CANCELADAS,2026-10-02 16:12:40,Monolínea,Mono_item,Lambayeque,null,null,null,null,09:00 - 21:00,Cancelado,Rechazado,null,null
Netcall,1 oct 2026,12,927297488,9272974888285866971688,9271,Outbound,Portabilidad Postpago,PROGRAMADO,Logixtal,5024,ABIERTAS,Pendiente Entrega,Pendiente Entrega,NET_CGRANADOSC,SIM,8 oct 2026,null,null,No,ABIERTAS,null,Monolínea,Mono_item,Lambayeque,null,null,Power ilim 69.90 N,Viettel Peru,09:00 - 19:00,En Progreso,Punto de No Retorno,Desconocido,LAMBAYEQUE
Netcall,2 oct 2026,16,927832135,927832135,9283,Outbound,Portabilidad Postpago,PROGRAMADO,Logixtal,5024,ABIERTAS,Pendiente Entrega,Pendiente Entrega,NET_EMMENDIZF,SIM,8 oct 2026,null,null,No,ABIERTAS,null,Multilínea,Mono_item,Lambayeque,null,null,null,null,09:00 - 19:00,En Progreso,Punto de No Retorno,null,LAMBAYEQUE
Netcall,2 oct 2026,11,927747802,927747802,9283,Outbound,Venta Regular / Alta,RETIRO EN TIENDA,Retiro en tienda,7126,CERRADAS,Entregado,Entregado,NET_KDIAZPISCOY,SIM,2 oct 2026,2 oct 2026,null,No,CERRADAS,2026-10-02 14:13:04,Monolínea,Mono_item,Lambayeque,null,Power 49.90 N,null,null,09:00 - 21:00,Cerrado,Resuelto,null,null
Netcall,1 oct 2026,9,927222859,9272228598285273962658,9283,Outbound,Portabilidad Postpago,RETIRO EN TIENDA,Retiro en tienda,1003,CANCELADAS,Cancelado,Cancelado,NET_EMMENDIZF,SIM,1 oct 2026,null,null,No,CANCELADAS,2026-10-01 10:04:10,Monolínea,Mono_item,Lambayeque,null,null,Power ilim 79.90 SD N,Viettel Peru,09:00 - 21:00,Cancelado,Pedido Cancelación,Portabilidad Rechazada. REC01PRT10: El número telefónico no se ha portado previamente y no estuvo en servicio por lo menos 30 días calendario en la red del Concesionario Cedente | portabilityOperDateActive=2026-09-01,null
Netcall,2 oct 2026,9,927696415,927696415,9283,Outbound,Portabilidad Postpago,RETIRO EN TIENDA,Retiro en tienda,1003,CANCELADAS,Cancelado,Cancelado,NET_EMMENDIZF,SIM,2 oct 2026,null,null,No,CANCELADAS,2026-10-02 15:20:00,Multilínea,Mono_item,Lambayeque,null,null,null,null,09:00 - 21:00,Cancelado,Rechazado,null,null
Netcall,3 oct 2026,13,928111975,92811197589511710101081531391,9283,Outbound,Portabilidad Postpago,EXPRESS,Logixtal,9001,ABIERTAS,Pendiente Entrega,Pendiente de Picking,NET_SDIAZO,SIM,3 oct 2026,null,null,No,ABIERTAS,null,Multilínea,Mono_item,Lima - Callao,null,null,null,null,10:00 - 22:00,En Progreso,Punto de No Retorno,null,null
Netcall,2 oct 2026,16,927832136,927832136,9283,Outbound,Portabilidad Postpago,EXPRESS,Logixtal,9001,CERRADAS,Entregado,Entregado,NET_GVILELAR,SIM,2 oct 2026,2 oct 2026,null,No,CERRADAS,2026-10-03 01:05:52,Monolínea,Mono_item,Lima - Callao,null,Power ilim 69.90 N,null,null,10:00 - 22:00,Cerrado,Resuelto,null,LA VICTORIA
Netcall,1 oct 2026,12,927292389,9272923898285820481290,9283,Outbound,Portabilidad Postpago,EXPRESS,Logixtal,9001,CANCELADAS,Anulado,DIRECCIÓN ERRADA,NET_TMUNOZCALDE,SIM,1 oct 2026,null,null,No,CANCELADAS,2026-10-01 13:45:59,Monolínea,Mono_item,Lima - Callao,null,null,Power ilim 69.90 N,TELEFONICAPE,10:00 - 22:00,Cancelado,Rechazado,Desconocido,LA VICTORIA
Netcall,1 oct 2026,9,927242402,927242402,9283,Outbound,Portabilidad Postpago,EXPRESS,Logixtal,9001,CERRADAS,Entregado,Entregado,NET_SLIZARDOPER,SIM,1 oct 2026,1 oct 2026,null,No,CERRADAS,2026-10-02 00:31:48,Monolínea,Mono_item,Lima - Callao,null,Power ilim 69.90 N,null,null,10:00 - 22:00,Cerrado,Resuelto,null,LA VICTORIA
Netcall,2 oct 2026,16,927837754,927837754,9283,Outbound,Portabilidad Postpago,PROGRAMADO,Logixtal,9001,ABIERTAS,Pendiente Entrega,Pendiente Entrega,NET_ATRIVINOS,SIM,3 oct 2026,null,null,No,ABIERTAS,null,Monolínea,Mono_item,Lima - Callao,null,null,null,null,08:00 - 13:00,En Progreso,Punto de No Retorno,null,LA VICTORIA
Netcall,1 oct 2026,15,927342131,927342131,5299,Outbound,Portabilidad Postpago,EXPRESS,Logixtal,9001,CERRADAS,Entregado,Entregado,NET_MCORDOVACRU,SIM,1 oct 2026,1 oct 2026,null,No,CERRADAS,2026-10-02 00:21:23,Multilínea,Mono_item,Lima - Callao,null,Power ilim 79.90 SD N,null,null,10:00 - 22:00,Cerrado,Resuelto,null,LA VICTORIA
Netcall,3 oct 2026,13,928112757,92811275789511710101081531425,9283,Outbound,Portabilidad Postpago,EXPRESS,Logixtal,9001,ABIERTAS,Pendiente Entrega,Pendiente de Picking,NET_SDIAZO,SIM,3 oct 2026,null,null,No,ABIERTAS,null,Multilínea,Mono_item,Lima - Callao,null,null,null,null,10:00 - 22:00,En Progreso,Punto de No Retorno,null,null
Netcall,3 oct 2026,12,928095256,92809525689511710101081045947,9283,Outbound,Portabilidad Postpago,EXPRESS,Logixtal,9001,ABIERTAS,Entregado,Entregado,NET_MCVASQUEZ,SIM,3 oct 2026,null,null,No,ABIERTAS,null,Monolínea,Mono_item,Lima - Callao,null,null,null,null,10:00 - 22:00,En Progreso,Punto de No Retorno,null,null
Netcall,3 oct 2026,10,928045152,92804515289511710101029506190,9283,Outbound,Portabilidad Postpago,EXPRESS,Logixtal,5024,ABIERTAS,Entregado,Entregado,NET_DEGALLARDOA,SIM,3 oct 2026,null,null,No,ABIERTAS,null,Multilínea,Mono_item,Lambayeque,null,null,null,null,10:00 - 20:00,En Progreso,Punto de No Retorno,null,null
Netcall,2 oct 2026,15,927813600,927813600,9283,Outbound,Venta Regular / Alta,EXPRESS,Logixtal,9001,CERRADAS,Entregado,Entregado,NET_ATRIVINOS,SIM,2 oct 2026,2 oct 2026,null,No,CERRADAS,2026-10-02 17:45:53,Monolínea,Mono_item,Lima - Callao,null,Power ilim 69.90 N,null,null,10:00 - 22:00,Cerrado,Resuelto,null,LA VICTORIA
Netcall,1 oct 2026,10,927258497,9272584978285537669044,9283,Outbound,Portabilidad Postpago,EXPRESS,Logixtal,9001,CANCELADAS,Anulado,DIRECCIÓN ERRADA,NET_IVARGASI,SIM,1 oct 2026,null,null,No,CANCELADAS,2026-10-01 11:10:31,Monolínea,Mono_item,Lima - Callao,null,null,Power ilim 69.90 N,TELEFONICAPE,10:00 - 22:00,Cancelado,Rechazado,Desconocido,LA VICTORIA
Netcall,3 oct 2026,13,928111856,928111856Empty,9283,Outbound,Portabilidad Postpago,EXPRESS,Logixtal,9001,ABIERTAS,Pendiente Entrega,Pendiente de Picking,NET_BYAUYOD,SIM,3 oct 2026,null,null,No,ABIERTAS,null,Multilínea,Mono_item,Lima - Callao,null,null,null,null,10:00 - 22:00,En Progreso,En Progreso,null,null
Netcall,2 oct 2026,19,927901485,927901485,9283,Outbound,Portabilidad Postpago,PROGRAMADO,Logixtal,9001,ABIERTAS,Pendiente Entrega,Pendiente Entrega,NET_GMENDIGUETE,SIM,3 oct 2026,null,null,No,ABIERTAS,null,Monolínea,Mono_item,Lima - Callao,null,null,null,null,08:00 - 13:00,En Progreso,Punto de No Retorno,null,LA VICTORIA
Netcall,1 oct 2026,14,927330062,9273300628286181620066,9283,Outbound,Portabilidad Postpago,PROGRAMADO,Logixtal,5024,CERRADAS,Entregado,Entregado,TLV_NET_LVILLLA,SIM,2 oct 2026,2 oct 2026,null,No,CERRADAS,2026-10-03 03:37:00,Monolínea,Mono_item,Lambayeque,null,Power ilim 79.90 SD N,Power ilim 79.90 SD N,Viettel Peru,13:01 - 20:00,Cerrado,Resuelto,Desconocido,LA VICTORIA
Netcall,3 oct 2026,11,928071987,92807198789511710101081045871,9283,Outbound,Portabilidad Postpago,EXPRESS,Logixtal,9001,ABIERTAS,Pendiente Entrega,Pendiente de Picking,NET_ATISNADOA,SIM,3 oct 2026,null,null,No,ABIERTAS,null,Monolínea,Mono_item,Lima - Callao,null,null,null,null,10:00 - 22:00,En Progreso,Punto de No Retorno,null,null
Netcall,2 oct 2026,16,927835232,927835232,9283,Outbound,Portabilidad Postpago,EXPRESS,Logixtal,9001,CERRADAS,Entregado,Entregado,NET_LFLORESY,SIM,2 oct 2026,2 oct 2026,null,No,CERRADAS,2026-10-03 03:37:26,Monolínea,Mono_item,Lima - Callao,null,Power ilim 69.90 N,null,null,10:00 - 22:00,Cerrado,Resuelto,null,LA VICTORIA
Netcall,2 oct 2026,11,927741035,927741035,9283,Outbound,Portabilidad Postpago,EXPRESS,Logixtal,9001,CERRADAS,Entregado,Entregado,NET_MFERRER,SIM,2 oct 2026,2 oct 2026,null,No,CERRADAS,2026-10-03 00:42:11,Monolínea,Mono_item,Lima - Callao,null,Power ilim 69.90 N,null,null,10:00 - 22:00,Cerrado,Resuelto,null,LA VICTORIA
Netcall,1 oct 2026,10,927264388,9272643888285573747941,9283,Outbound,Portabilidad Postpago,EXPRESS,Logixtal,9001,CANCELADAS,Anulado,DIRECCIÓN ERRADA,NET_TMUNOZCALDE,SIM,1 oct 2026,null,null,No,CANCELADAS,2026-10-01 11:49:47,Monolínea,Mono_item,Lima - Callao,null,null,Power ilim 69.90 N,TELEFONICAPE,10:00 - 22:00,Cancelado,Rechazado,Desconocido,LA VICTORIA
Netcall,2 oct 2026,13,927790096,927790096,9283,Outbound,Portabilidad Postpago,EXPRESS,Logixtal,9001,CERRADAS,Entregado,Entregado,NET_TDILAST,SIM,2 oct 2026,2 oct 2026,null,No,CERRADAS,2026-10-03 03:35:33,Multilínea,Mono_item,Lima - Callao,null,Power ilim 79.90 SD N,null,null,10:00 - 22:00,Cerrado,Resuelto,null,LA VICTORIA
Netcall,2 oct 2026,11,927734170,927734170,9283,Outbound,Portabilidad Postpago,PROGRAMADO,Logixtal,9001,ABIERTAS,No bop,No bop,NET_DEGALLARDOA,SIM,4 oct 2026,null,null,No,ABIERTAS,null,Monolínea,Mono_item,Lima - Callao,null,null,null,null,08:00 - 22:00,En Progreso,En Progreso,null,LA VICTORIA
Netcall,3 oct 2026,13,928110017,92811001789511710101081531417,9283,Outbound,Portabilidad Postpago,EXPRESS,Logixtal,9001,ABIERTAS,Pendiente Entrega,Pendiente de Picking,NET_SDIAZO,SIM,3 oct 2026,null,null,No,ABIERTAS,null,Multilínea,Mono_item,Lima - Callao,null,null,null,null,10:00 - 22:00,En Progreso,Punto de No Retorno,null,null
Netcall,3 oct 2026,13,928111430,92811143089511710101081531441,9283,Outbound,Portabilidad Postpago,EXPRESS,Logixtal,9001,ABIERTAS,Pendiente Entrega,Pendiente de Picking,NET_ACASTROS,SIM,3 oct 2026,null,null,No,ABIERTAS,null,Monolínea,Mono_item,Lima - Callao,null,null,null,null,10:00 - 22:00,En Progreso,En Progreso,null,null
Netcall,2 oct 2026,9,927699553,927699553,9283,Outbound,Portabilidad Postpago,EXPRESS,Logixtal,9001,CERRADAS,Entregado,Entregado,TLV_NET_BCHAVEZ,SIM,2 oct 2026,2 oct 2026,null,No,CERRADAS,2026-10-03 00:51:57,Monolínea,Mono_item,Lima - Callao,null,Power ilim 79.90 SD N,null,null,10:00 - 22:00,Cerrado,Resuelto,null,LA VICTORIA
Netcall,3 oct 2026,13,928111430,92811143089511710101081531433,9283,Outbound,Portabilidad Postpago,EXPRESS,Logixtal,9001,ABIERTAS,Pendiente Entrega,Pendiente de Picking,NET_ACASTROS,SIM,3 oct 2026,null,null,No,ABIERTAS,null,Monolínea,Mono_item,Lima - Callao,null,null,null,null,10:00 - 22:00,En Progreso,En Progreso,null,null
Netcall,1 oct 2026,16,927361169,9273611698286491808426,9283,Outbound,Portabilidad Postpago,PROGRAMADO,Logixtal,9001,CERRADAS,Entregado,Entregado,NET_EBOZA,SIM,2 oct 2026,2 oct 2026,null,No,CERRADAS,2026-10-03 01:26:23,Multilínea,Mono_item,Lima - Callao,null,Power ilim 69.90 N,Power ilim 69.90 N,AmericaMovil,08:00 - 13:00,Cerrado,Resuelto,Desconocido,LA VICTORIA
Netcall,1 oct 2026,13,927321534,9273215348286105238161,9283,Outbound,Portabilidad Postpago,EXPRESS,Logixtal,9001,CERRADAS,Entregado,Entregado,NET_MCRUZE,SIM,1 oct 2026,1 oct 2026,null,No,CERRADAS,2026-10-02 01:51:11,Monolínea,Mono_item,Lima - Callao,null,Power ilim 69.90 N,Power ilim 69.90 N,Viettel Peru,10:00 - 22:00,Cerrado,Resuelto,Desconocido,LA VICTORIA
Netcall,1 oct 2026,10,927255197,9272551978285499822925,9283,Outbound,Portabilidad Postpago,EXPRESS,Logixtal,9001,CERRADAS,Entregado,Entregado,NET_SSUAREZG,SIM,1 oct 2026,1 oct 2026,null,No,CERRADAS,2026-10-02 00:44:05,Monolínea,Mono_item,Lima - Callao,null,Power ilim 79.90 SD N,Power ilim 79.90 SD N,TELEFONICAPE,10:00 - 22:00,Cerrado,Resuelto,Desconocido,LA VICTORIA
Netcall,1 oct 2026,12,927290863,9272908638285805467876,9271,Outbound,Portabilidad Postpago,EXPRESS,Logixtal,9001,CERRADAS,Entregado,Entregado,NET_LNECIOSUPC,SIM,1 oct 2026,1 oct 2026,null,No,CERRADAS,2026-10-02 00:59:08,Multilínea,Mono_item,Lima - Callao,null,Power ilim 79.90 SD N,Power ilim 79.90 SD N,AmericaMovil,10:00 - 22:00,Cerrado,Resuelto,Desconocido,LA VICTORIA
Netcall,1 oct 2026,15,927342775,9273427758286305297149,5299,Outbound,Portabilidad Postpago,EXPRESS,Logixtal,9001,CERRADAS,Entregado,Entregado,NET_MCORDOVACRU,SIM,1 oct 2026,1 oct 2026,null,No,CERRADAS,2026-10-02 01:32:48,Multilínea,Mono_item,Lima - Callao,null,Power ilim 79.90 SD N,Power ilim 79.90 SD N,Viettel Peru,10:00 - 22:00,Cerrado,Resuelto,Desconocido,LA VICTORIA
Netcall,2 oct 2026,17,927858877,927858877,9283,Outbound,Portabilidad Postpago,EXPRESS,Logixtal,9001,CERRADAS,Entregado,Entregado,NET_SAVILAC,SIM,2 oct 2026,2 oct 2026,null,No,CERRADAS,2026-10-03 00:20:12,Monolínea,Mono_item,Lima - Callao,null,Power ilim 69.90 N,null,null,10:00 - 22:00,Cerrado,Resuelto,null,LA VICTORIA
Netcall,2 oct 2026,13,927793948,927793948,9283,Outbound,Portabilidad Postpago,EXPRESS,Logixtal,9001,CERRADAS,Entregado,Entregado,NET_YVEGASA,SIM,2 oct 2026,2 oct 2026,null,No,CERRADAS,2026-10-03 01:59:45,Monolínea,Mono_item,Lima - Callao,null,Power ilim 69.90 N,null,null,10:00 - 22:00,Cerrado,Resuelto,null,LA VICTORIA
Netcall,2 oct 2026,17,927862985,927862985,9283,Outbound,Portabilidad Postpago,PROGRAMADO,Logixtal,9001,ABIERTAS,No bop,No bop,NET_EGOMEZB,SIM,4 oct 2026,null,null,No,ABIERTAS,null,Monolínea,Mono_item,Lima - Callao,null,null,null,null,08:00 - 22:00,En Progreso,En Progreso,null,LA VICTORIA
Netcall,1 oct 2026,9,927240668,9272406688285368412627,9271,Outbound,Venta Regular / Alta,EXPRESS,Logixtal,5024,CERRADAS,Entregado,Entregado,NET_KLGARCIAA,SIM,1 oct 2026,1 oct 2026,01/10/2026,Sí,CERRADAS,2026-10-01 12:51:01,Multilínea,Mono_item,Lambayeque,19.95,Power ilim 79.90 SD N,Power ilim 79.90 SD N,Desconocido,10:00 - 20:00,Cerrado,Resuelto,Desconocido,LA VICTORIA
Netcall,1 oct 2026,16,927376391,9273763918286642642385,9283,Outbound,Portabilidad Postpago,PROGRAMADO,Logixtal,9001,CERRADAS,Entregado,Entregado,NET_AROJASF,SIM,2 oct 2026,2 oct 2026,null,No,CERRADAS,2026-10-03 00:11:41,Monolínea,Mono_item,Lima - Callao,null,Power ilim 69.90 N,Power ilim 69.90 N,TELEFONICAPE,08:00 - 13:00,Cerrado,Resuelto,Desconocido,LA VICTORIA
Netcall,1 oct 2026,15,927343757,927343757,5299,Outbound,Portabilidad Postpago,EXPRESS,Logixtal,9001,CERRADAS,Entregado,Entregado,NET_MCORDOVACRU,SIM,2 oct 2026,1 oct 2026,null,No,CERRADAS,2026-10-02 00:38:48,Multilínea,Mono_item,Lima - Callao,null,Power ilim 79.90 SD N,null,null,10:00 - 22:00,Cerrado,Resuelto,null,LA VICTORIA
Netcall,3 oct 2026,9,928036525,92803652589511710101081045905,9283,Outbound,Portabilidad Postpago,EXPRESS,Logixtal,9001,ABIERTAS,Entregado,Entregado,NET_MMREVILLA,SIM,3 oct 2026,null,null,No,ABIERTAS,null,Monolínea,Mono_item,Lima - Callao,null,null,null,null,10:00 - 22:00,En Progreso,Pago Recibido,null,null
Netcall,1 oct 2026,12,927301141,927301141,9283,Outbound,Portabilidad Postpago,EXPRESS,Logixtal,9001,CERRADAS,Entregado,Entregado,NET_SFARIASR,SIM,1 oct 2026,1 oct 2026,null,No,CERRADAS,2026-10-02 00:40:10,Multilínea,Mono_item,Lima - Callao,null,Power ilim 79.90 SD N,null,null,10:00 - 22:00,Cerrado,Resuelto,null,LA VICTORIA
Netcall,1 oct 2026,12,927304171,927304171,9283,Outbound,Portabilidad Postpago,EXPRESS,Logixtal,9001,CERRADAS,Entregado,Entregado,NET_SFARIASR,SIM,1 oct 2026,1 oct 2026,null,No,CERRADAS,2026-10-02 00:24:19,Multilínea,Mono_item,Lima - Callao,null,Power ilim 79.90 SD N,null,null,10:00 - 22:00,Cerrado,Resuelto,null,LA VICTORIA
Netcall,1 oct 2026,12,927292224,9272922248285819379132,9271,Outbound,Venta Regular / Alta,EXPRESS,Logixtal,9001,CERRADAS,Entregado,Entregado,NET_LNECIOSUPC,SIM,1 oct 2026,1 oct 2026,01/10/2026,Sí,CERRADAS,2026-10-01 16:00:01,Multilínea,Mono_item,Lima - Callao,39.95,Power ilim 79.90 SD N,Power ilim 79.90 SD N,Desconocido,10:00 - 22:00,Cerrado,Resuelto,Desconocido,LA VICTORIA
Netcall,3 oct 2026,9,928037671,92803767189511710111087049512,9283,Outbound,Portabilidad Postpago,EXPRESS,Logixtal,9001,ABIERTAS,Entregado,Entregado,TLV_NET_OCCONA,SIM,3 oct 2026,null,null,No,ABIERTAS,null,Multilínea,Mono_item,Lima - Callao,null,null,null,null,10:00 - 22:00,En Progreso,Pago Recibido,null,null
Netcall,2 oct 2026,10,927714920,927714920,5299,Outbound,Portabilidad Postpago,EXPRESS,Logixtal,9001,CERRADAS,Entregado,Entregado,NET_JBOZAC,SIM,2 oct 2026,2 oct 2026,null,No,CERRADAS,2026-10-03 00:13:36,Monolínea,Mono_item,Lima - Callao,null,Power ilim 69.90 N,null,null,10:00 - 22:00,Cerrado,Resuelto,null,LA VICTORIA
Netcall,1 oct 2026,9,927238239,9272382398285348808047,9271,Outbound,Venta Regular / Alta,EXPRESS,Logixtal,5024,CERRADAS,Entregado,Entregado,NET_KLGARCIAA,SIM,1 oct 2026,1 oct 2026,01/10/2026,Sí,CERRADAS,2026-10-01 13:06:50,Multilínea,Mono_item,Lambayeque,39.95,Power ilim 79.90 SD N,Power ilim 79.90 SD N,Desconocido,10:00 - 20:00,Cerrado,Resuelto,Desconocido,LA VICTORIA
Netcall,1 oct 2026,12,927305323,9273053238285948417071,9283,Outbound,Portabilidad Postpago,EXPRESS,Logixtal,9001,CERRADAS,Entregado,Entregado,NET_SFARIASR,SIM,1 oct 2026,1 oct 2026,null,No,CERRADAS,2026-10-02 00:51:52,Multilínea,Mono_item,Lima - Callao,null,Power ilim 79.90 SD N,Power ilim 79.90 SD N,AmericaMovil,10:00 - 22:00,Cerrado,Resuelto,Desconocido,LA VICTORIA
Netcall,3 oct 2026,13,928106966,92810696689511710101081045863,9283,Outbound,Portabilidad Postpago,EXPRESS,Logixtal,9001,ABIERTAS,Pendiente Entrega,Pendiente de Picking,TLV_NET_KCHAVEZ,SIM,3 oct 2026,null,null,No,ABIERTAS,null,Monolínea,Mono_item,Lima - Callao,null,null,null,null,10:00 - 22:00,En Progreso,Punto de No Retorno,null,null
Netcall,2 oct 2026,12,927770674,927770674,9283,Outbound,Portabilidad Postpago,EXPRESS,Logixtal,9001,CERRADAS,Entregado,Entregado,NET_MAZCARATED,SIM,2 oct 2026,2 oct 2026,null,No,CERRADAS,2026-10-03 01:31:57,Monolínea,Mono_item,Lima - Callao,null,Power ilim 69.90 N,null,null,10:00 - 22:00,Cerrado,Resuelto,null,LA VICTORIA
Netcall,1 oct 2026,9,927232230,9272322308285301229838,9271,Outbound,Portabilidad Postpago,EXPRESS,Logixtal,9001,CERRADAS,Entregado,Entregado,NET_FCASTILLOG,SIM,1 oct 2026,2 oct 2026,null,No,CERRADAS,2026-10-03 00:58:42,Monolínea,Mono_item,Lima - Callao,null,Power ilim 69.90 N,Power ilim 69.90 N,AmericaMovil,10:00 - 22:00,Cerrado,Resuelto,Desconocido,LA VICTORIA
Netcall,2 oct 2026,9,927705933,927705933,9283,Outbound,Portabilidad Postpago,EXPRESS,Logixtal,9001,CERRADAS,Entregado,Entregado,NET_ADOMINGUEZF,SIM,2 oct 2026,2 oct 2026,null,No,CERRADAS,2026-10-03 01:53:13,Monolínea,Mono_item,Lima - Callao,null,Power ilim 79.90 SD N,null,null,10:00 - 22:00,Cerrado,Resuelto,null,LA VICTORIA
Netcall,1 oct 2026,11,927273491,9272734918285649850350,9283,Outbound,Portabilidad Postpago,EXPRESS,Logixtal,9001,CANCELADAS,Anulado,DIRECCIÓN ERRADA,NET_EBOZA,SIM,1 oct 2026,null,null,No,CANCELADAS,2026-10-01 11:51:01,Multilínea,Mono_item,Lima - Callao,null,null,Power 59.90 N,AmericaMovil,10:00 - 22:00,Cancelado,Rechazado,Desconocido,LA VICTORIA
Netcall,2 oct 2026,11,927734737,927734737,9283,Outbound,Portabilidad Postpago,EXPRESS,Logixtal,9001,CERRADAS,Entregado,Entregado,NET_ARIVERA,SIM,2 oct 2026,2 oct 2026,null,No,CERRADAS,2026-10-03 01:57:37,Monolínea,Mono_item,Lima - Callao,null,Power ilim 79.90 SD N,null,null,10:00 - 22:00,Cerrado,Resuelto,null,LA VICTORIA
Netcall,3 oct 2026,9,928036326,92803632689511710111087049850,9283,Outbound,Portabilidad Postpago,EXPRESS,Logixtal,9001,ABIERTAS,Entregado,Entregado,TLV_NET_OCCONA,SIM,3 oct 2026,null,null,No,ABIERTAS,null,Multilínea,Mono_item,Lima - Callao,null,null,null,null,10:00 - 22:00,En Progreso,Pago Recibido,null,null
Netcall,3 oct 2026,10,928049486,92804948689511710101029506182,9283,Outbound,Portabilidad Postpago,EXPRESS,Logixtal,5024,ABIERTAS,Entregado,Entregado,NET_DEGALLARDOA,SIM,3 oct 2026,null,null,No,ABIERTAS,null,Multilínea,Mono_item,Lambayeque,null,null,null,null,10:00 - 20:00,En Progreso,Punto de No Retorno,null,null
Netcall,2 oct 2026,13,927790960,927790960,9283,Outbound,Portabilidad Postpago,EXPRESS,Logixtal,9001,CERRADAS,Entregado,Entregado,NET_TDILAST,SIM,2 oct 2026,2 oct 2026,null,No,CERRADAS,2026-10-03 00:30:59,Multilínea,Mono_item,Lima - Callao,null,Power ilim 79.90 SD N,null,null,10:00 - 22:00,Cerrado,Resuelto,null,LA VICTORIA
Netcall,2 oct 2026,17,927856936,927856936,9283,Outbound,Portabilidad Postpago,EXPRESS,Logixtal,9001,CANCELADAS,Anulado,DIRECCIÓN ERRADA,NET_MMREVILLA,SIM,2 oct 2026,null,null,No,CANCELADAS,2026-10-02 18:46:41,Monolínea,Mono_item,Lima - Callao,null,null,null,null,10:00 - 22:00,Cancelado,Rechazado,null,LA VICTORIA
Netcall,1 oct 2026,12,927303081,927303081,9283,Outbound,Portabilidad Postpago,EXPRESS,Logixtal,9001,CERRADAS,Entregado,Entregado,NET_SFARIASR,SIM,1 oct 2026,1 oct 2026,null,No,CERRADAS,2026-10-02 00:39:31,Multilínea,Mono_item,Lima - Callao,null,Power ilim 79.90 SD N,null,null,10:00 - 22:00,Cerrado,Resuelto,null,LA VICTORIA
Netcall,3 oct 2026,11,928075235,92807523589511710101029506166,9283,Outbound,Portabilidad Postpago,EXPRESS,Logixtal,5024,ABIERTAS,Entregado,Entregado,NET_MCELISG,SIM,3 oct 2026,null,null,No,ABIERTAS,null,Monolínea,Mono_item,Lambayeque,null,null,null,null,10:00 - 20:00,En Progreso,Punto de No Retorno,null,null
Netcall,1 oct 2026,11,927289522,9272895228285790061033,9271,Outbound,Portabilidad Postpago,EXPRESS,Logixtal,9001,CERRADAS,Entregado,Entregado,NET_LNECIOSUPC,SIM,1 oct 2026,1 oct 2026,null,No,CERRADAS,2026-10-02 01:19:09,Multilínea,Mono_item,Lima - Callao,null,Power ilim 79.90 SD N,Power ilim 79.90 SD N,AmericaMovil,10:00 - 22:00,Cerrado,Resuelto,Desconocido,LA VICTORIA
Netcall,3 oct 2026,13,928113873,928113873Empty,9283,Outbound,Venta Regular / Alta,EXPRESS,Logixtal,9001,ABIERTAS,Pendiente Entrega,Pendiente de Picking,NET_BYAUYOD,SIM,3 oct 2026,null,null,No,ABIERTAS,null,Multilínea,Mono_item,Lima - Callao,null,null,null,null,10:00 - 22:00,En Progreso,En Progreso,null,null
Netcall,1 oct 2026,9,927239366,927239366,9271,Outbound,Portabilidad Postpago,EXPRESS,Logixtal,5024,CERRADAS,Entregado,Entregado,NET_KLGARCIAA,SIM,1 oct 2026,1 oct 2026,null,No,CERRADAS,2026-10-02 00:29:09,Multilínea,Mono_item,Lambayeque,null,Power ilim 79.90 SD N,null,null,10:00 - 20:00,Cerrado,Resuelto,null,LA VICTORIA
Netcall,1 oct 2026,9,927241790,9272417908285384456013,9271,Outbound,Portabilidad Postpago,EXPRESS,Logixtal,5024,CERRADAS,Entregado,Entregado,NET_KLGARCIAA,SIM,1 oct 2026,1 oct 2026,null,No,CERRADAS,2026-10-02 01:17:51,Multilínea,Mono_item,Lambayeque,null,Power ilim 79.90 SD N,Power ilim 79.90 SD N,Viettel Peru,10:00 - 20:00,Cerrado,Resuelto,Desconocido,LA VICTORIA
Netcall,3 oct 2026,10,928053305,92805330589511710101081531409,9283,Outbound,Portabilidad Postpago,EXPRESS,Logixtal,9001,ABIERTAS,Entregado,Entregado,NET_KSOLORZANOV,SIM,3 oct 2026,null,null,No,ABIERTAS,null,Monolínea,Mono_item,Lima - Callao,null,null,null,null,10:00 - 22:00,En Progreso,Punto de No Retorno,null,null
Netcall,3 oct 2026,10,928051208,92805120889511710101029506174,9283,Outbound,Portabilidad Postpago,EXPRESS,Logixtal,5024,ABIERTAS,Entregado,Entregado,NET_DEGALLARDOA,SIM,3 oct 2026,null,null,No,ABIERTAS,null,Multilínea,Mono_item,Lambayeque,null,null,null,null,10:00 - 20:00,En Progreso,Punto de No Retorno,null,null
Netcall,3 oct 2026,9,928031806,92803180689511710101081045681,9283,Outbound,Portabilidad Postpago,EXPRESS,Logixtal,9001,ABIERTAS,Pendiente Entrega,Pendiente de Picking,TLV_NET_DCABEZU,SIM,3 oct 2026,null,null,No,ABIERTAS,null,Monolínea,Mono_item,Lima - Callao,null,null,null,null,10:00 - 22:00,En Progreso,Punto de No Retorno,null,null
Netcall,1 oct 2026,9,927241914,9272419148285385560042,9283,Outbound,Portabilidad Postpago,PROGRAMADO,Logixtal,5021,ABIERTAS,Pendiente Entrega,Pendiente Entrega,TLV_NET_GJQUISP,SIM,7 oct 2026,null,null,No,ABIERTAS,null,Multilínea,Mono_item,Piura,null,null,Power ilim 79.90 SD N,AmericaMovil,09:00 - 19:00,En Progreso,Punto de No Retorno,Desconocido,LA UNION
Netcall,1 oct 2026,14,927335345,9273353458286232299959,9283,Outbound,Portabilidad Postpago,PROGRAMADO,Logixtal,5021,ABIERTAS,Pendiente Entrega,Pendiente Entrega,NET_BYAUYOD,SIM,7 oct 2026,null,null,No,ABIERTAS,null,Monolínea,Mono_item,Piura,null,null,Power ilim 79.90 SD N,AmericaMovil,09:00 - 19:00,En Progreso,Punto de No Retorno,Desconocido,LA UNION
Netcall,1 oct 2026,9,927240629,9272406298285371612603,9283,Outbound,Portabilidad Postpago,PROGRAMADO,Logixtal,5021,ABIERTAS,Pendiente Entrega,Pendiente Entrega,TLV_NET_GJQUISP,SIM,7 oct 2026,null,null,No,ABIERTAS,null,Multilínea,Mono_item,Piura,null,null,Power ilim 79.90 SD N,AmericaMovil,09:00 - 19:00,En Progreso,Punto de No Retorno,Desconocido,LA UNION
Netcall,1 oct 2026,13,927310145,9273101458285992414349,9283,Outbound,Portabilidad Postpago,PROGRAMADO,Logixtal,5021,ABIERTAS,Pendiente Entrega,Pendiente Entrega,NET_INAVARROI,SIM,7 oct 2026,null,null,No,ABIERTAS,null,Monolínea,Mono_item,Piura,null,null,Power ilim 69.90 N,Viettel Peru,09:00 - 19:00,En Progreso,Punto de No Retorno,Desconocido,LA UNION
Netcall,1 oct 2026,17,927385784,927385784,9223,Fidelización,Renovación,PROGRAMADO,Logixtal,5021,ABIERTAS,Pendiente Entrega,Pendiente Entrega,NET_ICAHUAC,Equipo,7 oct 2026,null,null,No,ABIERTAS,null,Multilínea,Mono_item,Piura,null,null,null,null,09:00 - 19:00,En Progreso,Punto de No Retorno,null,LA UNION
Netcall,2 oct 2026,11,927753906,927753906,9271,Outbound,Portabilidad Postpago,EXPRESS,Logixtal,9345,CANCELADAS,Anulado,CLIENTE DESISTE - INFORMACIÓN INCORRECTA,NET_CREYESJ,SIM,2 oct 2026,null,null,No,CANCELADAS,2026-10-02 13:43:45,Monolínea,Mono_item,Ica,null,null,null,null,10:00 - 20:00,Cancelado,Rechazado,null,LA TINGUIÑA
Netcall,3 oct 2026,8,928016296,92801629689511710101030211087,9283,Outbound,Portabilidad Postpago,EXPRESS,Retiro en tienda,9345,ABIERTAS,Pendiente Entrega,Pendiente Entrega,NET_LMALDONADOC,SIM,3 oct 2026,null,null,No,ABIERTAS,null,Monolínea,Mono_item,Ica,null,null,null,null,10:00 - 20:00,En Progreso,Punto de No Retorno,null,null
Netcall,2 oct 2026,12,927760406,927760406,9283,Outbound,Portabilidad Postpago,EXPRESS,Logixtal,9345,CERRADAS,Entregado,Entregado,NET_EZAPATAC,SIM,2 oct 2026,2 oct 2026,null,No,CERRADAS,2026-10-03 01:32:30,Monolínea,Mono_item,Ica,null,Power ilim 69.90 N,null,null,10:00 - 20:00,Cerrado,Resuelto,null,LA TINGUIÑA
Netcall,1 oct 2026,11,927281226,9272812268285707645901,9283,Outbound,Portabilidad Postpago,EXPRESS,Logixtal,9001,CERRADAS,Entregado,Entregado,TLV_NET_OCCONA,SIM,1 oct 2026,1 oct 2026,null,No,CERRADAS,2026-10-02 01:19:18,Monolínea,Mono_item,Lima - Callao,null,Power ilim 69.90 N,Power ilim 69.90 N,TELEFONICAPE,10:00 - 22:00,Cerrado,Resuelto,Desconocido,LA PERLA
Netcall,2 oct 2026,9,927701379,927701379,9283,Outbound,Portabilidad Postpago,EXPRESS,Logixtal,9001,CERRADAS,Entregado,Entregado,NET_JVALVERDEV,SIM,2 oct 2026,2 oct 2026,null,No,CERRADAS,2026-10-03 00:48:07,Monolínea,Mono_item,Lima - Callao,null,Power ilim 79.90 SD N,null,null,10:00 - 22:00,Cerrado,Resuelto,null,LA MOLINA
Netcall,1 oct 2026,15,927344288,9273442888286321917235,9283,Outbound,Portabilidad Postpago,EXPRESS,Logixtal,9001,CERRADAS,Entregado,Entregado,NET_EVALDIVIEZO,SIM,1 oct 2026,1 oct 2026,null,No,CERRADAS,2026-10-02 01:01:45,Multilínea,Mono_item,Lima - Callao,null,Power ilim 79.90 SD N,Power ilim 79.90 SD N,TELEFONICAPE,10:00 - 22:00,Cerrado,Resuelto,Desconocido,LA MOLINA
Netcall,2 oct 2026,13,927781181,927781181,9283,Outbound,Portabilidad Postpago,EXPRESS,Logixtal,9001,CERRADAS,Entregado,Entregado,NET_MLFERNANDEV,SIM,2 oct 2026,2 oct 2026,null,No,CERRADAS,2026-10-03 00:49:20,Monolínea,Mono_item,Lima - Callao,null,Power ilim 79.90 SD N,null,null,10:00 - 22:00,Cerrado,Resuelto,null,LA MOLINA
Netcall,1 oct 2026,12,927292154,927292154,9283,Outbound,Portabilidad Postpago,EXPRESS,Logixtal,9001,CERRADAS,Entregado,Entregado,NET_MMREVILLA,SIM,1 oct 2026,1 oct 2026,null,No,CERRADAS,2026-10-02 00:38:59,Monolínea,Mono_item,Lima - Callao,null,Power 39.90 N,null,null,10:00 - 22:00,Cerrado,Resuelto,null,LA MOLINA
Netcall,1 oct 2026,8,927220219,9272202198285250487497,9283,Outbound,Portabilidad Postpago,EXPRESS,Logixtal,9001,CANCELADAS,Anulado,Cliente sin equipo Pin Porta,TLV_NET_LVILLLA,SIM,1 oct 2026,null,null,No,CANCELADAS,2026-10-01 11:43:02,Monolínea,Mono_item,Lima - Callao,null,null,Power ilim 79.90 SD N,AmericaMovil,10:00 - 22:00,Cancelado,Rechazado,Desconocido,LA MOLINA
Netcall,2 oct 2026,10,927712362,927712362,9283,Outbound,Portabilidad Postpago,EXPRESS,Logixtal,9001,CERRADAS,Entregado,Entregado,NET_MOQUISPITON,SIM,2 oct 2026,2 oct 2026,null,No,CERRADAS,2026-10-03 00:32:07,Monolínea,Mono_item,Lima - Callao,null,Power ilim 69.90 N,null,null,10:00 - 22:00,Cerrado,Resuelto,null,LA MOLINA
Netcall,1 oct 2026,16,927364777,9273647778286522932926,9283,Outbound,Portabilidad Postpago,EXPRESS,Logixtal,9001,CERRADAS,Entregado,Entregado,NET_BCUSQUISIVA,SIM,1 oct 2026,1 oct 2026,null,No,CERRADAS,2026-10-02 00:48:47,Multilínea,Mono_item,Lima - Callao,null,Power ilim 79.90 SD N,Power ilim 79.90 SD N,TELEFONICAPE,10:00 - 22:00,Cerrado,Resuelto,Desconocido,LA MOLINA
Netcall,1 oct 2026,9,927234068,9272340688285316047273,9283,Outbound,Portabilidad Postpago,EXPRESS,Logixtal,9001,CERRADAS,Entregado,Entregado,NET_MORIHUELAQ,SIM,1 oct 2026,1 oct 2026,null,No,CERRADAS,2026-10-02 01:04:08,Multilínea,Mono_item,Lima - Callao,null,Power ilim 79.90 SD N,Power ilim 79.90 SD N,AmericaMovil,10:00 - 22:00,Cerrado,Resuelto,Desconocido,LA MOLINA
Netcall,1 oct 2026,16,927368636,9273686368286560649852,9283,Outbound,Venta Regular / Alta,EXPRESS,Logixtal,9001,CERRADAS,Entregado,Entregado,NET_BCUSQUISIVA,SIM,1 oct 2026,1 oct 2026,01/10/2026,Sí,CERRADAS,2026-10-01 19:54:23,Multilínea,Mono_item,Lima - Callao,39.95,Power ilim 79.90 SD N,Power ilim 79.90 SD N,Desconocido,10:00 - 22:00,Cerrado,Resuelto,Desconocido,LA MOLINA
Netcall,3 oct 2026,12,928092302,92809230289511710101081048917,9283,Outbound,Portabilidad Postpago,EXPRESS,Logixtal,9001,ABIERTAS,Pendiente Entrega,Pendiente de Picking,NET_SLIZARDOPER,SIM,3 oct 2026,null,null,No,ABIERTAS,null,Monolínea,Mono_item,Lima - Callao,null,null,null,null,10:00 - 22:00,En Progreso,Punto de No Retorno,null,null
Netcall,1 oct 2026,15,927350718,9273507188286377377521,9259,Outbound,Portabilidad Postpago,EXPRESS,Logixtal,9001,ABIERTAS,Pendiente Entrega,Pendiente Entrega,NET_CBIELICHR,SIM,1 oct 2026,null,null,No,ABIERTAS,null,Monolínea,Mono_item,Lima - Callao,null,null,Power ilim 69.90 N,AmericaMovil,08:00 - 20:00,En Progreso,Punto de No Retorno,Desconocido,PACHACAMAC
Netcall,1 oct 2026,15,927343412,9273434128286312695963,9283,Outbound,Portabilidad Postpago,EXPRESS,Logixtal,9001,CERRADAS,Entregado,Entregado,NET_EVALDIVIEZO,SIM,1 oct 2026,1 oct 2026,null,No,CERRADAS,2026-10-02 00:46:51,Multilínea,Mono_item,Lima - Callao,null,Power ilim 79.90 SD N,Power ilim 79.90 SD N,TELEFONICAPE,10:00 - 22:00,Cerrado,Resuelto,Desconocido,LA MOLINA
Netcall,1 oct 2026,11,927289173,927289173,9283,Outbound,Portabilidad Postpago,EXPRESS,Logixtal,9001,CERRADAS,Entregado,Entregado,NET_MDIAZP,SIM,1 oct 2026,1 oct 2026,null,No,CERRADAS,2026-10-02 00:08:19,Monolínea,Mono_item,Lima - Callao,null,Power ilim 69.90 N,null,null,10:00 - 22:00,Cerrado,Resuelto,null,LA MOLINA
Netcall,1 oct 2026,9,927232927,9272329278285306595269,9283,Outbound,Portabilidad Postpago,EXPRESS,Logixtal,9001,CERRADAS,Entregado,Entregado,NET_MORIHUELAQ,SIM,1 oct 2026,1 oct 2026,null,No,CERRADAS,2026-10-02 02:46:03,Multilínea,Mono_item,Lima - Callao,null,Power ilim 79.90 SD N,Power ilim 79.90 SD N,AmericaMovil,10:00 - 22:00,Cerrado,Resuelto,Desconocido,LA MOLINA
Netcall,3 oct 2026,9,928029503,92802950389511710111087045981,9283,Outbound,Portabilidad Postpago,EXPRESS,Logixtal,9001,ABIERTAS,Entregado,Entregado,NET_LCAMPOSCABR,SIM,3 oct 2026,null,null,No,ABIERTAS,null,Monolínea,Mono_item,Lima - Callao,null,null,null,null,10:00 - 22:00,En Progreso,Pago Recibido,null,null
Netcall,1 oct 2026,8,927226310,9272263108285269165720,9283,Outbound,Portabilidad Postpago,PROGRAMADO,Logixtal,5021,ABIERTAS,Pendiente Entrega,Pendiente Entrega,TLV_NET_DVALOI,SIM,5 oct 2026,null,null,No,ABIERTAS,null,Monolínea,Mono_item,Piura,null,null,Power ilim 69.90 N,AmericaMovil,09:00 - 19:00,En Progreso,Punto de No Retorno,Desconocido,LA MATANZA
Netcall,3 oct 2026,11,928069973,92806997389511710111087100133,9283,Outbound,Portabilidad Postpago,PROGRAMADO,Logixtal,5021,ABIERTAS,Pendiente Entrega,Pendiente de Picking,TLV_NET_LVILLLA,SIM,5 oct 2026,null,null,No,ABIERTAS,null,Monolínea,Mono_item,Piura,null,null,null,null,09:00 - 19:00,En Progreso,Punto de No Retorno,null,null
Netcall,1 oct 2026,9,927239774,9272397748285369783870,5299,Outbound,Portabilidad Postpago,EXPRESS,Logixtal,5023,CANCELADAS,Anulado,EXCESO DE VISITAS,NET_SCHUMIOQUEP,SIM,1 oct 2026,null,null,No,CANCELADAS,2026-10-03 06:55:43,Monolínea,Mono_item,La Libertad,null,null,Power ilim 79.90 SD N,TELEFONICAPE,10:00 - 20:00,Cancelado,Rechazado,Desconocido,LA ESPERANZA
Netcall,1 oct 2026,11,927283017,9272830178285730087561,9283,Outbound,Portabilidad Postpago,EXPRESS,Logixtal,5023,CERRADAS,Entregado,Entregado,NET_YMILLA,SIM,1 oct 2026,1 oct 2026,null,No,CERRADAS,2026-10-02 03:06:02,Multilínea,Mono_item,La Libertad,null,Power ilim 79.90 SD N,Power ilim 79.90 SD N,TELEFONICAPE,10:00 - 20:00,Cerrado,Resuelto,Desconocido,LA ESPERANZA
Netcall,2 oct 2026,10,927721586,927721586,9283,Outbound,Portabilidad Postpago,EXPRESS,Logixtal,5023,CANCELADAS,Anulado,Cliente sin equipo Pin Porta,NET_LLOPEZM,SIM,2 oct 2026,null,null,No,CANCELADAS,2026-10-02 12:57:41,Multilínea,Mono_item,La Libertad,null,null,null,null,10:00 - 20:00,Cancelado,Rechazado,null,LA ESPERANZA
Netcall,2 oct 2026,12,927775290,927775290,9283,Outbound,Portabilidad Postpago,EXPRESS,Logixtal,5023,CERRADAS,Entregado,Entregado,TLV_NET_BCHAVEZ,SIM,2 oct 2026,2 oct 2026,null,No,CERRADAS,2026-10-03 02:31:18,Multilínea,Mono_item,La Libertad,null,Power ilim 79.90 SD N,null,null,10:00 - 20:00,Cerrado,Resuelto,null,LA ESPERANZA
Netcall,3 oct 2026,9,928032395,92803239589511710111087134892,9283,Outbound,Portabilidad Postpago,EXPRESS,Logixtal,5023,ABIERTAS,Entregado,Entregado,TLV_NET_LPULIDO,SIM,3 oct 2026,null,null,No,ABIERTAS,null,Monolínea,Mono_item,La Libertad,null,null,null,null,10:00 - 20:00,En Progreso,Punto de No Retorno,null,null
Netcall,3 oct 2026,10,928051534,92805153489511710111071776674,9271,Outbound,Portabilidad Postpago,EXPRESS,Logixtal,5023,ABIERTAS,Pendiente Entrega,Pendiente de Picking,NET_CREYESJ,SIM,3 oct 2026,null,null,No,ABIERTAS,null,Monolínea,Mono_item,La Libertad,null,null,null,null,10:00 - 20:00,En Progreso,Punto de No Retorno,null,null
Netcall,2 oct 2026,16,927837986,927837986,9283,Outbound,Venta Regular / Alta,EXPRESS,Logixtal,5023,CERRADAS,Entregado,Entregado,NET_KCHAVEZF,SIM,2 oct 2026,2 oct 2026,null,No,CERRADAS,2026-10-02 20:07:36,Monolínea,Mono_item,La Libertad,null,Power 39.90 N,null,null,10:00 - 20:00,Cerrado,Resuelto,null,LA ESPERANZA
Netcall,2 oct 2026,10,927724736,927724736,9283,Outbound,Portabilidad Postpago,EXPRESS,Logixtal,5023,ABIERTAS,Pendiente Entrega,Pendiente Entrega,NET_ECARRETEROH,SIM,2 oct 2026,null,null,No,ABIERTAS,null,Monolínea,Mono_item,La Libertad,null,null,null,null,08:00 - 20:00,En Progreso,Punto de No Retorno,null,LA ESPERANZA
Netcall,3 oct 2026,13,928099746,92809974689511710111071776617,9283,Outbound,Portabilidad Postpago,EXPRESS,Logixtal,5023,ABIERTAS,Pendiente Entrega,Pendiente de Picking,NET_RALVAREZV,SIM,3 oct 2026,null,null,No,ABIERTAS,null,Monolínea,Mono_item,La Libertad,null,null,null,null,10:00 - 20:00,En Progreso,En Progreso,null,null
Netcall,2 oct 2026,13,927789742,927789742,9283,Outbound,Portabilidad Postpago,EXPRESS,Logixtal,5023,CERRADAS,Entregado,Entregado,NET_VMEJIAC,SIM,2 oct 2026,2 oct 2026,null,No,CERRADAS,2026-10-03 01:04:42,Monolínea,Mono_item,La Libertad,null,Power ilim 69.90 N,null,null,10:00 - 20:00,Cerrado,Resuelto,null,LA ESPERANZA
Netcall,3 oct 2026,13,928118444,928118444Empty,9283,Outbound,Portabilidad Postpago,EXPRESS,Logixtal,5023,ABIERTAS,Pendiente Entrega,Pendiente de Picking,NET_SSUAREZG,SIM,3 oct 2026,null,null,No,ABIERTAS,null,Monolínea,Mono_item,La Libertad,null,null,null,null,10:00 - 20:00,En Progreso,En Progreso,null,null
Netcall,1 oct 2026,10,927246050,9272460508285420888556,9283,Outbound,Portabilidad Postpago,EXPRESS,Logixtal,5023,CERRADAS,Entregado,Entregado,TLV_NET_MMURGAF,SIM,1 oct 2026,1 oct 2026,null,No,CERRADAS,2026-10-02 01:35:29,Monolínea,Mono_item,La Libertad,null,Power ilim 69.90 N,Power ilim 69.90 N,TELEFONICAPE,10:00 - 20:00,Cerrado,Resuelto,Desconocido,LA ESPERANZA
Netcall,1 oct 2026,10,927249889,927249889,9283,Outbound,Portabilidad Postpago,EXPRESS,Logixtal,5023,CERRADAS,Entregado,Entregado,NET_JCALDASB,SIM,1 oct 2026,1 oct 2026,null,No,CERRADAS,2026-10-02 00:30:48,Monolínea,Mono_item,La Libertad,null,Power ilim 79.90 SD N,null,null,10:00 - 20:00,Cerrado,Resuelto,null,LA ESPERANZA
Netcall,3 oct 2026,10,928054574,92805457489511710111087134900,9283,Outbound,Venta Regular / Alta,EXPRESS,Logixtal,5023,CERRADAS,Entregado,Entregado,NET_MOQUISPITON,SIM,3 oct 2026,3 oct 2026,null,No,CERRADAS,2026-10-03 13:22:15,Monolínea,Mono_item,La Libertad,null,Power ilim 69.90 N,null,null,10:00 - 20:00,En Progreso,Resuelto,null,null
Netcall,2 oct 2026,10,927719035,927719035,9283,Outbound,Portabilidad Postpago,EXPRESS,Logixtal,5023,CERRADAS,Entregado,Entregado,NET_LLOPEZM,SIM,2 oct 2026,2 oct 2026,null,No,CERRADAS,2026-10-03 00:42:16,Multilínea,Mono_item,La Libertad,null,Power ilim 79.90 SD N,null,null,10:00 - 20:00,Cerrado,Resuelto,null,LA ESPERANZA
Netcall,1 oct 2026,12,927297106,9272971068285870666403,9283,Outbound,Portabilidad Postpago,EXPRESS,Logixtal,5023,CERRADAS,Entregado,Entregado,NET_JTITOM,SIM,1 oct 2026,1 oct 2026,null,No,CERRADAS,2026-10-02 01:12:20,Monolínea,Mono_item,La Libertad,null,Power ilim 69.90 N,Power ilim 69.90 N,TELEFONICAPE,10:00 - 20:00,Cerrado,Resuelto,Desconocido,LA ESPERANZA
Netcall,2 oct 2026,9,927707538,927707538,9283,Outbound,Portabilidad Postpago,EXPRESS,Logixtal,5023,CERRADAS,Entregado,Entregado,TLV_NET_BCHAVEZ,SIM,2 oct 2026,2 oct 2026,null,No,CERRADAS,2026-10-03 01:28:55,Monolínea,Mono_item,La Libertad,null,Power ilim 69.90 N,null,null,10:00 - 20:00,Cerrado,Resuelto,null,LA ESPERANZA
Netcall,1 oct 2026,11,927284112,9272841128285737319012,9283,Outbound,Portabilidad Postpago,EXPRESS,Logixtal,5023,CERRADAS,Entregado,Entregado,NET_YMILLA,SIM,1 oct 2026,1 oct 2026,null,No,CERRADAS,2026-10-02 02:11:04,Multilínea,Mono_item,La Libertad,null,Power ilim 79.90 SD N,Power ilim 79.90 SD N,Viettel Peru,10:00 - 20:00,Cerrado,Resuelto,Desconocido,LA ESPERANZA
Netcall,1 oct 2026,15,927349900,9273499008286369265577,9271,Outbound,Portabilidad Postpago,EXPRESS,Logixtal,5023,CERRADAS,Entregado,Entregado,NET_CDIAZG,SIM,1 oct 2026,1 oct 2026,null,No,CERRADAS,2026-10-02 00:41:28,Multilínea,Multi_item,La Libertad,null,Power ilim 79.90 SD N,Power ilim 79.90 SD N,AmericaMovil,10:00 - 20:00,Cerrado,Resuelto,Desconocido,LA ESPERANZA
Netcall,2 oct 2026,9,927698955,927698955,9283,Outbound,Portabilidad Postpago,EXPRESS,Logixtal,5023,CERRADAS,Entregado,Entregado,NET_JSANGAMA,SIM,2 oct 2026,2 oct 2026,null,No,CERRADAS,2026-10-03 00:34:20,Monolínea,Mono_item,La Libertad,null,Power ilim 69.90 N,null,null,10:00 - 20:00,Cerrado,Resuelto,null,LA ESPERANZA
Netcall,3 oct 2026,8,928023909,92802390989511710111087134876,9271,Outbound,Portabilidad Postpago,EXPRESS,Logixtal,5023,ABIERTAS,Entregado,Entregado,NET_BATOP,SIM,3 oct 2026,null,null,No,ABIERTAS,null,Multilínea,Mono_item,La Libertad,null,null,null,null,10:00 - 20:00,En Progreso,Punto de No Retorno,null,null
Netcall,3 oct 2026,9,928026484,92802648489511710111087134884,9271,Outbound,Portabilidad Postpago,EXPRESS,Logixtal,5023,ABIERTAS,Entregado,Entregado,NET_BATOP,SIM,3 oct 2026,null,null,No,ABIERTAS,null,Multilínea,Mono_item,La Libertad,null,null,null,null,10:00 - 20:00,En Progreso,Punto de No Retorno,null,null
Netcall,2 oct 2026,12,927762239,927762239,9283,Outbound,Portabilidad Postpago,EXPRESS,Logixtal,5023,CERRADAS,Entregado,Entregado,NET_KBRACOV,SIM,2 oct 2026,2 oct 2026,null,No,CERRADAS,2026-10-03 00:43:48,Monolínea,Mono_item,La Libertad,null,Power ilim 79.90 SD N,null,null,10:00 - 20:00,Cerrado,Resuelto,null,LA ESPERANZA
Netcall,1 oct 2026,13,927318899,9273188998286078023210,5299,Outbound,Portabilidad Postpago,EXPRESS,Logixtal,5023,CANCELADAS,Anulado,PIN PORTA_NO VALIDO,NET_SCHUMIOQUEP,SIM,1 oct 2026,null,null,No,CANCELADAS,2026-10-02 15:53:17,Monolínea,Mono_item,La Libertad,null,null,Power ilim 69.90 N,Viettel Peru,08:00 - 20:00,Cancelado,Pedido Cancelación,Desconocido,LA ESPERANZA
Netcall,1 oct 2026,15,927349900,9273499008286369265794,9271,Outbound,Portabilidad Postpago,EXPRESS,Logixtal,5023,CERRADAS,Entregado,Entregado,NET_CDIAZG,SIM,1 oct 2026,1 oct 2026,null,No,CERRADAS,2026-10-02 00:41:28,Multilínea,Multi_item,La Libertad,null,Power ilim 79.90 SD N,Power ilim 79.90 SD N,AmericaMovil,10:00 - 20:00,Cerrado,Resuelto,Desconocido,LA ESPERANZA
Netcall,2 oct 2026,16,927843780,927843780,9283,Outbound,Portabilidad Postpago,EXPRESS,Logixtal,5023,ABIERTAS,Pendiente Entrega,Pendiente Entrega,NET_KCHAVEZF,SIM,2 oct 2026,null,null,No,ABIERTAS,null,Monolínea,Mono_item,La Libertad,null,null,null,null,08:00 - 20:00,En Progreso,Punto de No Retorno,null,LA ESPERANZA
Netcall,2 oct 2026,12,927774125,927774125,9283,Outbound,Venta Regular / Alta,EXPRESS,Logixtal,5023,CERRADAS,Entregado,Entregado,TLV_NET_BCHAVEZ,SIM,2 oct 2026,2 oct 2026,null,No,CERRADAS,2026-10-02 14:48:36,Multilínea,Mono_item,La Libertad,null,Power ilim 79.90 SD N,null,null,10:00 - 20:00,Cerrado,Resuelto,null,LA ESPERANZA
Netcall,2 oct 2026,12,927763326,927763326,9271,Outbound,Portabilidad Postpago,RETIRO EN TIENDA,Retiro en tienda,3215,CERRADAS,Entregado,Entregado,NET_LGOMEZA,SIM,2 oct 2026,2 oct 2026,null,No,CERRADAS,2026-10-03 00:27:54,Multilínea,Mono_item,Cusco,null,Power ilim 79.90 SD N,null,null,09:00 - 21:00,Cerrado,Resuelto,null,null
Netcall,2 oct 2026,12,927762089,927762089,9271,Outbound,Portabilidad Postpago,RETIRO EN TIENDA,Retiro en tienda,3215,CERRADAS,Entregado,Entregado,NET_LGOMEZA,SIM,2 oct 2026,2 oct 2026,null,No,CERRADAS,2026-10-03 02:03:16,Multilínea,Mono_item,Cusco,null,Power ilim 79.90 SD N,null,null,09:00 - 21:00,Cerrado,Resuelto,null,null
Netcall,2 oct 2026,11,927753507,927753507,9271,Outbound,Portabilidad Postpago,EXPRESS,Logixtal,9352,CERRADAS,Entregado,Entregado,NET_GHUANCASS,SIM,2 oct 2026,2 oct 2026,null,No,CERRADAS,2026-10-03 01:32:27,Monolínea,Mono_item,San Martin,null,Power ilim 79.90 SD N,null,null,10:00 - 20:00,Cerrado,Resuelto,null,LA BANDA DE SHILCAYO
Netcall,2 oct 2026,10,927718288,927718288,9283,Outbound,Portabilidad Postpago,EXPRESS,Logixtal,9352,CERRADAS,Entregado,Entregado,NET_KCHAVEZF,SIM,2 oct 2026,2 oct 2026,null,No,CERRADAS,2026-10-03 01:19:36,Monolínea,Mono_item,San Martin,null,Power ilim 69.90 N,null,null,10:00 - 20:00,Cerrado,Resuelto,null,LA BANDA DE SHILCAYO
Netcall,1 oct 2026,10,927255023,9272550238285496857554,9283,Outbound,Portabilidad Postpago,PROGRAMADO,Logixtal,9352,ABIERTAS,Pendiente Entrega,Pendiente Entrega,TLV_NET_YQUITOV,SIM,3 oct 2026,null,null,No,ABIERTAS,null,Monolínea,Mono_item,San Martin,null,null,Power ilim 69.90 N,AmericaMovil,09:00 - 13:00,En Progreso,En Progreso,Desconocido,LA BANDA DE SHILCAYO
Netcall,2 oct 2026,19,927905111,927905111,9283,Outbound,Portabilidad Postpago,PROGRAMADO,Logixtal,9352,ABIERTAS,Pendiente Entrega,Pendiente Entrega,NET_AATOCHEH,SIM,3 oct 2026,null,null,No,ABIERTAS,null,Monolínea,Mono_item,San Martin,null,null,null,null,09:00 - 13:00,En Progreso,En Progreso,null,LA BANDA DE SHILCAYO
Netcall,2 oct 2026,13,927781823,927781823,9271,Outbound,Portabilidad Postpago,RETIRO EN TIENDA,Retiro en tienda,3013,ABIERTAS,Pendiente Entrega,Pendiente Entrega,NET_AYZAGUIRREH,SIM,3 oct 2026,null,null,No,ABIERTAS,null,Multilínea,Mono_item,Junin,null,null,null,null,17:00 - 21:00,En Progreso,En Progreso,null,null
Netcall,1 oct 2026,14,927340350,927340350,9283,Outbound,Portabilidad Postpago,RETIRO EN TIENDA,Retiro en tienda,3013,CERRADAS,Entregado,Entregado,TLV_NET_BCHAVEZ,SIM,1 oct 2026,1 oct 2026,null,No,CERRADAS,2026-10-02 00:27:26,Monolínea,Mono_item,Junin,null,Power ilim 69.90 N,null,null,17:00 - 21:00,Cerrado,Resuelto,null,null
Netcall,3 oct 2026,11,928074430,928074430Empty,9283,Outbound,Portabilidad Postpago,RETIRO EN TIENDA,Retiro en tienda,3013,ABIERTAS,Pendiente Entrega,Pendiente Entrega,TLV_NET_MLANDAR,SIM,3 oct 2026,null,null,No,ABIERTAS,null,Monolínea,Mono_item,Junin,null,null,null,null,17:00 - 21:00,En Progreso,En Progreso,null,null
Netcall,1 oct 2026,12,927291217,9272912178285806860652,9283,Outbound,Portabilidad Postpago,RETIRO EN TIENDA,Retiro en tienda,8028,ABIERTAS,Pendiente Entrega,Pendiente Entrega,NET_AARANAS,SIM,1 oct 2026,null,null,No,ABIERTAS,null,Monolínea,Mono_item,Junin,null,null,Power ilim 69.90 N,Viettel Peru,09:00 - 21:00,En Progreso,En Progreso,Desconocido,null
Netcall,3 oct 2026,12,928085400,928085400Empty,9283,Outbound,Portabilidad Postpago,RETIRO EN TIENDA,Retiro en tienda,3013,ABIERTAS,Pendiente Entrega,Pendiente Entrega,TLV_NET_MLANDAR,SIM,3 oct 2026,null,null,No,ABIERTAS,null,Monolínea,Mono_item,Junin,null,null,null,null,17:00 - 21:00,En Progreso,En Progreso,null,null
Netcall,2 oct 2026,13,927769746,927769746,9271,Outbound,Portabilidad Postpago,RETIRO EN TIENDA,Retiro en tienda,3013,CERRADAS,Entregado,Entregado,NET_AYZAGUIRREH,SIM,3 oct 2026,2 oct 2026,null,No,CERRADAS,2026-10-03 00:30:06,Multilínea,Mono_item,Junin,null,Power ilim 79.90 SD N,null,null,17:00 - 21:00,Cerrado,Resuelto,null,null
Netcall,1 oct 2026,10,927257454,9272574548285520146237,9283,Outbound,Portabilidad Postpago,EXPRESS,Logixtal,9351,CERRADAS,Entregado,Entregado,NET_DREVILLAN,SIM,1 oct 2026,1 oct 2026,null,No,CERRADAS,2026-10-02 01:06:04,Monolínea,Mono_item,Puno,null,Power ilim 69.90 N,Power ilim 69.90 N,AmericaMovil,10:00 - 20:00,Cerrado,Resuelto,Portabilidad Rechazada. REC01ABD15: El Código NIP es invalido | REC01ABD15,JULIACA
Netcall,1 oct 2026,13,927315001,9273150018286040991039,9283,Outbound,Portabilidad Postpago,EXPRESS,Logixtal,9351,CERRADAS,Entregado,Entregado,NET_LDIAZM,SIM,1 oct 2026,1 oct 2026,null,No,CERRADAS,2026-10-02 01:49:08,Monolínea,Mono_item,Puno,null,Power ilim 79.90 SD N,Power ilim 79.90 SD N,AmericaMovil,10:00 - 20:00,Cerrado,Resuelto,Desconocido,JULIACA
Netcall,3 oct 2026,10,928055439,92805543989511710101030349515,9283,Outbound,Portabilidad Postpago,EXPRESS,Retiro en tienda,9351,ABIERTAS,Pendiente Entrega,Pendiente Entrega,NET_JAMASIFUENT,SIM,3 oct 2026,null,null,No,ABIERTAS,null,Monolínea,Mono_item,Puno,null,null,null,null,10:00 - 20:00,En Progreso,Punto de No Retorno,null,null
Netcall,2 oct 2026,10,927726259,927726259,9283,Outbound,Portabilidad Postpago,EXPRESS,Logixtal,9351,CERRADAS,Entregado,Entregado,NET_GGALLARDAYA,SIM,2 oct 2026,2 oct 2026,null,No,CERRADAS,2026-10-03 00:17:12,Monolínea,Mono_item,Puno,null,Power ilim 69.90 N,null,null,10:00 - 20:00,Cerrado,Resuelto,null,JULIACA
Netcall,1 oct 2026,15,927352007,9273520078286392878920,9283,Outbound,Portabilidad Postpago,EXPRESS,Logixtal,9351,CANCELADAS,Cancelado,CANCELADA EN OMNIX,NET_ACHOQUEB,SIM,1 oct 2026,null,null,No,CANCELADAS,2026-10-01 16:06:31,Monolínea,Mono_item,Puno,null,null,Power ilim 69.90 N,TELEFONICAPE,10:00 - 20:00,Cancelado,Rechazado,Desconocido,JULIACA
Netcall,2 oct 2026,9,927702799,927702799,9283,Outbound,Portabilidad Postpago,EXPRESS,Logixtal,9351,ABIERTAS,Anulado,CLIENTE AUSENTE,NET_MCGARCIAG,SIM,2 oct 2026,null,null,No,ABIERTAS,null,Multilínea,Mono_item,Puno,null,null,null,null,10:00 - 20:00,En Progreso,Punto de No Retorno,null,JULIACA
Netcall,1 oct 2026,12,927308919,9273089198285982485307,9283,Outbound,Portabilidad Postpago,EXPRESS,Logixtal,9351,CERRADAS,Entregado,Entregado,NET_VCARMENG,SIM,1 oct 2026,1 oct 2026,null,No,CERRADAS,2026-10-02 02:00:13,Monolínea,Mono_item,Puno,null,Power ilim 79.90 SD N,Power ilim 79.90 SD N,TELEFONICAPE,10:00 - 20:00,Cerrado,Resuelto,Desconocido,JULIACA
Netcall,2 oct 2026,10,927714571,927714571,9283,Outbound,Portabilidad Postpago,EXPRESS,Logixtal,9351,CERRADAS,Entregado,Entregado,NET_LCHAFLOQUEA,SIM,2 oct 2026,2 oct 2026,null,No,CERRADAS,2026-10-03 00:27:38,Monolínea,Mono_item,Puno,null,Power ilim 79.90 SD N,null,null,10:00 - 20:00,Cerrado,Resuelto,null,JULIACA
Netcall,2 oct 2026,12,927766520,927766520,5299,Outbound,Portabilidad Postpago,EXPRESS,Logixtal,9351,CERRADAS,Entregado,Entregado,NET_SCHUMIOQUEP,SIM,2 oct 2026,2 oct 2026,null,No,CERRADAS,2026-10-03 00:15:53,Multilínea,Mono_item,Puno,null,Power ilim 79.90 SD N,null,null,10:00 - 20:00,Cerrado,Resuelto,null,JULIACA
Netcall,2 oct 2026,13,927789000,927789000,9283,Outbound,Portabilidad Postpago,EXPRESS,Logixtal,9351,CERRADAS,Entregado,Entregado,NET_ADOROTEOSAL,SIM,2 oct 2026,2 oct 2026,null,No,CERRADAS,2026-10-03 01:51:17,Monolínea,Mono_item,Puno,null,Power ilim 79.90 SD N,null,null,10:00 - 20:00,Cerrado,Resuelto,null,JULIACA
Netcall,2 oct 2026,9,927708185,927708185,9283,Outbound,Portabilidad Postpago,EXPRESS,Logixtal,9351,CERRADAS,Entregado,Entregado,NET_SSALAZARV,SIM,2 oct 2026,2 oct 2026,null,No,CERRADAS,2026-10-03 01:33:47,Monolínea,Mono_item,Puno,null,Power 59.90 N,null,null,10:00 - 20:00,Cerrado,Resuelto,null,JULIACA
Netcall,1 oct 2026,14,927333771,927333771,9283,Outbound,Portabilidad Postpago,EXPRESS,Logixtal,9351,CERRADAS,Entregado,Entregado,NET_IVARGASI,SIM,1 oct 2026,1 oct 2026,null,No,CERRADAS,2026-10-02 00:25:40,Monolínea,Mono_item,Puno,null,Power ilim 79.90 SD N,null,null,10:00 - 20:00,Cerrado,Resuelto,null,JULIACA
Netcall,3 oct 2026,13,928108033,92810803389511710101030162066,9283,Outbound,Portabilidad Postpago,EXPRESS,Retiro en tienda,9351,ABIERTAS,Pendiente Entrega,Pendiente Entrega,NET_ATISNADOA,SIM,3 oct 2026,null,null,No,ABIERTAS,null,Monolínea,Mono_item,Puno,null,null,null,null,10:00 - 20:00,En Progreso,Punto de No Retorno,null,null
Netcall,1 oct 2026,11,927266695,927266695,9283,Outbound,Portabilidad Postpago,EXPRESS,Logixtal,9351,CERRADAS,Entregado,Entregado,NET_CALCAB,SIM,1 oct 2026,1 oct 2026,null,No,CERRADAS,2026-10-02 00:22:51,Monolínea,Mono_item,Puno,null,Power ilim 69.90 N,null,null,10:00 - 20:00,Cerrado,Resuelto,null,JULIACA
Netcall,2 oct 2026,18,927871302,927871302,9283,Outbound,Portabilidad Postpago,PROGRAMADO,Logixtal,9351,ABIERTAS,Pendiente Entrega,Pendiente Entrega,NET_LCHUZONC,SIM,5 oct 2026,null,null,No,ABIERTAS,null,Multilínea,Mono_item,Puno,null,null,null,null,09:00 - 13:00,En Progreso,En Progreso,null,JULIACA
Netcall,1 oct 2026,11,927287320,9272873208285770949215,9283,Outbound,Portabilidad Postpago,EXPRESS,Logixtal,9351,CERRADAS,Entregado,Entregado,NET_RDULANTORO,SIM,1 oct 2026,1 oct 2026,null,No,CERRADAS,2026-10-02 01:43:19,Multilínea,Mono_item,Puno,null,Power ilim 79.90 SD N,Power ilim 79.90 SD N,TELEFONICAPE,10:00 - 20:00,Cerrado,Resuelto,Desconocido,JULIACA
Netcall,2 oct 2026,14,927806067,927806067,9283,Outbound,Portabilidad Postpago,PROGRAMADO,Logixtal,9351,ABIERTAS,Pendiente Entrega,Pendiente Entrega,NET_JCHAVEZPINT,SIM,3 oct 2026,null,null,No,ABIERTAS,null,Multilínea,Mono_item,Puno,null,null,null,null,13:01 - 19:00,En Progreso,En Progreso,null,JULIACA
Netcall,2 oct 2026,12,927761211,927761211,9283,Outbound,Portabilidad Postpago,EXPRESS,Logixtal,9351,CERRADAS,Entregado,Entregado,NET_JLIL,SIM,2 oct 2026,2 oct 2026,null,No,CERRADAS,2026-10-03 01:00:45,Multilínea,Mono_item,Puno,null,Power ilim 79.90 SD N,null,null,10:00 - 20:00,Cerrado,Resuelto,null,JULIACA
Netcall,2 oct 2026,12,927758903,927758903,9283,Outbound,Portabilidad Postpago,EXPRESS,Logixtal,9351,CERRADAS,Entregado,Entregado,NET_MDONAYRE,SIM,2 oct 2026,2 oct 2026,null,No,CERRADAS,2026-10-03 00:06:20,Monolínea,Mono_item,Puno,null,Power ilim 69.90 N,null,null,10:00 - 20:00,Cerrado,Resuelto,null,JULIACA
Netcall,1 oct 2026,11,927273513,9272735138285646924169,9283,Outbound,Portabilidad Postpago,PROGRAMADO,Logixtal,9351,ABIERTAS,Pendiente Entrega,Pendiente Entrega,NET_JPRADOP,SIM,3 oct 2026,null,null,No,ABIERTAS,null,Monolínea,Mono_item,Puno,null,null,Power ilim 69.90 N,AmericaMovil,09:00 - 13:00,En Progreso,En Progreso,Desconocido,JULIACA
Netcall,2 oct 2026,12,927762480,927762480,9283,Outbound,Portabilidad Postpago,EXPRESS,Logixtal,9351,CERRADAS,Entregado,Entregado,NET_JLIL,SIM,2 oct 2026,2 oct 2026,null,No,CERRADAS,2026-10-03 00:54:28,Multilínea,Mono_item,Puno,null,Power ilim 79.90 SD N,null,null,10:00 - 20:00,Cerrado,Resuelto,null,JULIACA
Netcall,2 oct 2026,10,927719455,927719455,9283,Outbound,Portabilidad Postpago,EXPRESS,Logixtal,9351,CERRADAS,Entregado,Entregado,TLV_NET_LMONTED,SIM,2 oct 2026,2 oct 2026,null,No,CERRADAS,2026-10-03 00:22:42,Monolínea,Mono_item,Puno,null,Power ilim 69.90 N,null,null,10:00 - 20:00,Cerrado,Resuelto,null,JULIACA
Netcall,1 oct 2026,11,927287930,9272879308285768988269,9283,Outbound,Portabilidad Postpago,EXPRESS,Logixtal,9351,CERRADAS,Entregado,Entregado,TLV_NET_KCHAVEZ,SIM,1 oct 2026,1 oct 2026,null,No,CERRADAS,2026-10-02 00:43:28,Monolínea,Mono_item,Puno,null,Power ilim 79.90 SD N,Power ilim 79.90 SD N,TELEFONICAPE,10:00 - 20:00,Cerrado,Resuelto,Desconocido,JULIACA
Netcall,2 oct 2026,13,927784189,927784189,9283,Outbound,Portabilidad Postpago,EXPRESS,Logixtal,9351,CERRADAS,Entregado,Entregado,NET_JNEYRAZ,SIM,2 oct 2026,2 oct 2026,null,No,CERRADAS,2026-10-03 03:00:21,Monolínea,Mono_item,Puno,null,Power ilim 69.90 N,null,null,10:00 - 20:00,Cerrado,Resuelto,null,JULIACA
Netcall,1 oct 2026,7,927178373,927178373,9283,Outbound,Portabilidad Postpago,EXPRESS,Logixtal,9351,CERRADAS,Entregado,Entregado,NET_GSANCHEZO,SIM,1 oct 2026,1 oct 2026,null,No,CERRADAS,2026-10-02 00:10:09,Monolínea,Mono_item,Puno,null,Power ilim 69.90 N,null,null,10:00 - 20:00,Cerrado,Resuelto,null,JULIACA
Netcall,3 oct 2026,13,928123623,928123623Empty,9283,Outbound,Portabilidad Postpago,PROGRAMADO,Retiro en tienda,9351,ABIERTAS,Pendiente Entrega,Pendiente Entrega,NET_AUCEDAENEQU,SIM,5 oct 2026,null,null,No,ABIERTAS,null,Monolínea,Mono_item,Puno,null,null,null,null,09:00 - 13:00,null,null,null,null
Netcall,2 oct 2026,14,927806860,927806860,9283,Outbound,Portabilidad Postpago,PROGRAMADO,Logixtal,9351,ABIERTAS,Pendiente Entrega,Pendiente Entrega,NET_JCHAVEZPINT,SIM,3 oct 2026,null,null,No,ABIERTAS,null,Multilínea,Mono_item,Puno,null,null,null,null,13:01 - 19:00,En Progreso,En Progreso,null,JULIACA
Netcall,2 oct 2026,17,927869385,927869385,9283,Outbound,Venta Regular / Alta,PROGRAMADO,Logixtal,9351,ABIERTAS,Pendiente Entrega,Pendiente Entrega,NET_LCHUZONC,SIM,5 oct 2026,null,null,No,ABIERTAS,null,Multilínea,Mono_item,Puno,null,null,null,null,09:00 - 13:00,En Progreso,En Progreso,null,JULIACA
Netcall,2 oct 2026,11,927754352,927754352,9283,Outbound,Portabilidad Postpago,EXPRESS,Logixtal,9351,CERRADAS,Entregado,Entregado,TLV_NET_MFARFAN,SIM,2 oct 2026,2 oct 2026,null,No,CERRADAS,2026-10-03 01:45:46,Monolínea,Mono_item,Puno,null,Power ilim 69.90 N,null,null,10:00 - 20:00,Cerrado,Resuelto,null,JULIACA
Netcall,2 oct 2026,11,927735988,927735988,9283,Outbound,Portabilidad Postpago,PROGRAMADO,Logixtal,9351,ABIERTAS,Pendiente Entrega,Pendiente Entrega,NET_SLIZARDOPER,SIM,3 oct 2026,null,null,No,ABIERTAS,null,Monolínea,Mono_item,Puno,null,null,null,null,09:00 - 13:00,En Progreso,En Progreso,null,JULIACA
Netcall,2 oct 2026,14,927805037,927805037,9283,Outbound,Portabilidad Postpago,EXPRESS,Logixtal,9351,CERRADAS,Entregado,Entregado,NET_SPEREZR,SIM,2 oct 2026,2 oct 2026,null,No,CERRADAS,2026-10-03 03:33:00,Multilínea,Mono_item,Puno,null,Power ilim 79.90 SD N,null,null,10:00 - 20:00,Cerrado,Resuelto,null,JULIACA
Netcall,2 oct 2026,17,927865696,927865696,9283,Outbound,Venta Regular / Alta,PROGRAMADO,Logixtal,9351,ABIERTAS,Pendiente Entrega,Pendiente Entrega,NET_RCASTANEDAR,SIM,5 oct 2026,null,null,No,ABIERTAS,null,Monolínea,Mono_item,Puno,null,null,null,null,13:01 - 19:00,En Progreso,En Progreso,null,JULIACA
Netcall,2 oct 2026,10,927727886,927727886,9283,Outbound,Portabilidad Postpago,PROGRAMADO,Logixtal,9351,ABIERTAS,Pendiente Entrega,Pendiente Entrega,NET_ADOROTEOSAL,SIM,3 oct 2026,null,null,No,ABIERTAS,null,Monolínea,Mono_item,Puno,null,null,null,null,09:00 - 13:00,En Progreso,En Progreso,null,JULIACA
Netcall,2 oct 2026,14,927803370,927803370,9283,Outbound,Portabilidad Postpago,EXPRESS,Logixtal,9351,CERRADAS,Entregado,Entregado,NET_EMONZONP,SIM,2 oct 2026,2 oct 2026,null,No,CERRADAS,2026-10-03 01:09:23,Monolínea,Mono_item,Puno,null,Power 59.90 N,null,null,10:00 - 20:00,Cerrado,Resuelto,null,JULIACA
Netcall,1 oct 2026,9,927241365,927241365,9283,Outbound,Portabilidad Postpago,EXPRESS,Logixtal,9351,CERRADAS,Entregado,Entregado,TLV_NET_BCHAVEZ,SIM,1 oct 2026,1 oct 2026,null,No,CERRADAS,2026-10-02 00:40:24,Monolínea,Mono_item,Puno,null,Power ilim 69.90 N,null,null,10:00 - 20:00,Cerrado,Resuelto,null,JULIACA
Netcall,2 oct 2026,9,927703484,927703484,9283,Outbound,Portabilidad Postpago,EXPRESS,Logixtal,9351,CERRADAS,Entregado,Entregado,NET_JBARRAGANH,SIM,2 oct 2026,2 oct 2026,null,No,CERRADAS,2026-10-03 00:06:33,Monolínea,Mono_item,Puno,null,Power ilim 69.90 N,null,null,10:00 - 20:00,Cerrado,Resuelto,null,JULIACA
Netcall,2 oct 2026,10,927724786,927724786,9283,Outbound,Portabilidad Postpago,EXPRESS,Logixtal,9351,CERRADAS,Entregado,Entregado,NET_NBURGAR,SIM,2 oct 2026,2 oct 2026,null,No,CERRADAS,2026-10-03 01:28:37,Multilínea,Mono_item,Puno,null,Power ilim 79.90 SD N,null,null,10:00 - 20:00,Cerrado,Resuelto,null,JULIACA
Netcall,2 oct 2026,12,927769263,927769263,5299,Outbound,Venta Regular / Alta,EXPRESS,Logixtal,9351,CERRADAS,Entregado,Entregado,NET_SCHUMIOQUEP,SIM,2 oct 2026,2 oct 2026,null,No,CERRADAS,2026-10-02 14:18:11,Multilínea,Mono_item,Puno,null,Power ilim 79.90 SD N,null,null,10:00 - 20:00,Cerrado,Resuelto,null,JULIACA
Netcall,2 oct 2026,14,927809894,927809894,9283,Outbound,Portabilidad Postpago,EXPRESS,Logixtal,9351,CERRADAS,Entregado,Entregado,NET_AAFLORESG,SIM,2 oct 2026,2 oct 2026,null,No,CERRADAS,2026-10-03 01:54:47,Monolínea,Mono_item,Puno,null,Power ilim 69.90 N,null,null,10:00 - 20:00,Cerrado,Resuelto,null,JULIACA
Netcall,3 oct 2026,12,928098582,92809858289511710101030349580,9271,Outbound,Portabilidad Postpago,EXPRESS,Retiro en tienda,9351,ABIERTAS,Entregado,Entregado,NET_FCASTILLOG,SIM,3 oct 2026,null,null,No,ABIERTAS,null,Monolínea,Mono_item,Puno,null,null,null,null,10:00 - 20:00,En Progreso,Punto de No Retorno,null,null
Netcall,1 oct 2026,9,927242901,927242901,9283,Outbound,Portabilidad Postpago,EXPRESS,Logixtal,9351,CERRADAS,Entregado,Entregado,NET_SLAZOB,SIM,1 oct 2026,1 oct 2026,null,No,CERRADAS,2026-10-02 00:27:51,Monolínea,Mono_item,Puno,null,Power ilim 69.90 N,null,null,10:00 - 20:00,Cerrado,Resuelto,null,JULIACA
Netcall,2 oct 2026,14,927804337,927804337,9283,Outbound,Portabilidad Postpago,EXPRESS,Logixtal,9351,CERRADAS,Entregado,Entregado,NET_SPEREZR,SIM,2 oct 2026,2 oct 2026,null,No,CERRADAS,2026-10-03 01:25:10,Multilínea,Mono_item,Puno,null,Power ilim 79.90 SD N,null,null,10:00 - 20:00,Cerrado,Resuelto,null,JULIACA
Netcall,2 oct 2026,12,927777212,927777212,9283,Outbound,Portabilidad Postpago,PROGRAMADO,Logixtal,9351,ABIERTAS,Pendiente Entrega,Pendiente Entrega,NET_VCARMENG,SIM,3 oct 2026,null,null,No,ABIERTAS,null,Monolínea,Mono_item,Puno,null,null,null,null,13:01 - 19:00,En Progreso,En Progreso,null,JULIACA
Netcall,2 oct 2026,9,927703940,927703940,9283,Outbound,Venta Regular / Alta,EXPRESS,Logixtal,9351,ABIERTAS,Anulado,CLIENTE AUSENTE,NET_MCGARCIAG,SIM,2 oct 2026,null,null,No,ABIERTAS,null,Multilínea,Mono_item,Puno,null,null,null,null,10:00 - 20:00,En Progreso,Punto de No Retorno,null,JULIACA
Netcall,3 oct 2026,9,928033813,92803381389511710101030161985,9283,Outbound,Portabilidad Postpago,EXPRESS,Retiro en tienda,9351,ABIERTAS,Entregado,Entregado,NET_YSANTOSP,SIM,3 oct 2026,null,null,No,ABIERTAS,null,Monolínea,Mono_item,Puno,null,null,null,null,10:00 - 20:00,En Progreso,Punto de No Retorno,null,null
Netcall,2 oct 2026,9,927705872,927705872,9283,Outbound,Portabilidad Postpago,EXPRESS,Logixtal,9351,CERRADAS,Entregado,Entregado,TLV_NET_MFARFAN,SIM,2 oct 2026,2 oct 2026,null,No,CERRADAS,2026-10-03 03:34:08,Monolínea,Mono_item,Puno,null,Power ilim 79.90 SD N,null,null,10:00 - 20:00,Cerrado,Resuelto,null,JULIACA
Netcall,1 oct 2026,9,927245230,9272452308285413625323,9283,Outbound,Portabilidad Postpago,PROGRAMADO,Logixtal,9351,CERRADAS,Entregado,Entregado,NET_MDONAYRE,SIM,2 oct 2026,2 oct 2026,null,No,CERRADAS,2026-10-03 01:27:18,Monolínea,Mono_item,Puno,null,Power ilim 69.90 N,Power ilim 69.90 N,Viettel Peru,09:00 - 13:00,Cerrado,Resuelto,Desconocido,JULIACA
Netcall,2 oct 2026,10,927730031,927730031,9283,Outbound,Portabilidad Postpago,EXPRESS,Logixtal,9351,CERRADAS,Entregado,Entregado,NET_ASALASF,SIM,2 oct 2026,2 oct 2026,null,No,CERRADAS,2026-10-03 00:39:25,Monolínea,Mono_item,Puno,null,Power ilim 69.90 N,null,null,10:00 - 20:00,Cerrado,Resuelto,null,JULIACA
Netcall,1 oct 2026,8,927211394,9272113948285223039030,9283,Outbound,Portabilidad Postpago,PROGRAMADO,Logixtal,9351,CANCELADAS,Anulado,CLIENTE YA NO DESEA PRODUCTO,NET_FLABANM,SIM,2 oct 2026,null,null,No,CANCELADAS,2026-10-02 13:06:42,Monolínea,Mono_item,Puno,null,null,Power ilim 69.90 N,Viettel Peru,09:00 - 13:00,Cancelado,Rechazado,Desconocido,JULIACA
Netcall,2 oct 2026,13,927784049,927784049,9283,Outbound,Portabilidad Postpago,EXPRESS,Logixtal,9351,CERRADAS,Entregado,Entregado,NET_LRODRIGUEZC,SIM,2 oct 2026,2 oct 2026,null,No,CERRADAS,2026-10-03 01:11:30,Monolínea,Mono_item,Puno,null,Power ilim 79.90 SD N,null,null,10:00 - 20:00,Cerrado,Resuelto,null,JULIACA
Netcall,1 oct 2026,11,927286554,9272865548285758198382,9283,Outbound,Portabilidad Postpago,EXPRESS,Logixtal,9351,CERRADAS,Entregado,Entregado,NET_RDULANTORO,SIM,1 oct 2026,1 oct 2026,null,No,CERRADAS,2026-10-02 00:50:45,Multilínea,Mono_item,Puno,null,Power ilim 79.90 SD N,Power ilim 79.90 SD N,TELEFONICAPE,10:00 - 20:00,Cerrado,Resuelto,Desconocido,JULIACA
Netcall,3 oct 2026,8,928015234,92801523489511710101030163759,9283,Outbound,Portabilidad Postpago,EXPRESS,Retiro en tienda,9351,ABIERTAS,Entregado,Entregado,TLV_NET_MLANDAR,SIM,3 oct 2026,null,null,No,ABIERTAS,null,Monolínea,Mono_item,Puno,null,null,null,null,10:00 - 20:00,En Progreso,Punto de No Retorno,null,null
Netcall,3 oct 2026,12,928085323,92808532389511710101030349531,9283,Outbound,Venta Regular / Alta,EXPRESS,Retiro en tienda,9351,ABIERTAS,Entregado,Entregado,NET_RMRAMIREZ,SIM,3 oct 2026,null,null,No,ABIERTAS,null,Multilínea,Mono_item,Puno,null,null,null,null,10:00 - 20:00,En Progreso,Punto de No Retorno,null,null
Netcall,3 oct 2026,8,928016373,92801637389511710101030341413,9283,Outbound,Portabilidad Postpago,EXPRESS,Retiro en tienda,9351,ABIERTAS,Entregado,Entregado,TLV_NET_JSOTOZ,SIM,3 oct 2026,null,null,No,ABIERTAS,null,Monolínea,Mono_item,Puno,null,null,null,null,10:00 - 20:00,En Progreso,Punto de No Retorno,null,null
Netcall,2 oct 2026,11,927752377,927752377,9283,Outbound,Portabilidad Postpago,PROGRAMADO,Logixtal,9351,ABIERTAS,Pendiente Entrega,Pendiente Entrega,NET_THUAMANIP,SIM,3 oct 2026,null,null,No,ABIERTAS,null,Monolínea,Mono_item,Puno,null,null,null,null,13:01 - 19:00,En Progreso,En Progreso,null,JULIACA
Netcall,1 oct 2026,17,927376959,9273769598286650136406,9283,Outbound,Portabilidad Postpago,EXPRESS,Logixtal,9351,CERRADAS,Entregado,Entregado,NET_YSANTOSP,SIM,1 oct 2026,2 oct 2026,null,No,CERRADAS,2026-10-03 01:01:55,Monolínea,Mono_item,Puno,null,Power ilim 69.90 N,Power ilim 69.90 N,Viettel Peru,10:00 - 20:00,Cerrado,Resuelto,Desconocido,JULIACA
Netcall,1 oct 2026,13,927312895,9273128958286023406320,5299,Outbound,Portabilidad Postpago,EXPRESS,Logixtal,9351,CERRADAS,Entregado,Entregado,NET_RCANDIOTTIA,SIM,1 oct 2026,1 oct 2026,null,No,CERRADAS,2026-10-02 01:29:27,Monolínea,Mono_item,Puno,null,Power ilim 69.90 N,Power ilim 69.90 N,TELEFONICAPE,10:00 - 20:00,Cerrado,Resuelto,Desconocido,JULIACA
Netcall,2 oct 2026,10,927720162,927720162,9283,Outbound,Portabilidad Postpago,EXPRESS,Logixtal,9351,CERRADAS,Entregado,Entregado,TLV_NET_MLANDAR,SIM,2 oct 2026,2 oct 2026,null,No,CERRADAS,2026-10-03 00:26:30,Monolínea,Mono_item,Puno,null,Power ilim 69.90 N,null,null,10:00 - 20:00,Cerrado,Resuelto,null,JULIACA
Netcall,3 oct 2026,12,928087198,92808719889511710101030349549,9283,Outbound,Portabilidad Postpago,EXPRESS,Retiro en tienda,9351,ABIERTAS,Entregado,Entregado,NET_RMRAMIREZ,SIM,3 oct 2026,null,null,No,ABIERTAS,null,Multilínea,Mono_item,Puno,null,null,null,null,10:00 - 20:00,En Progreso,Punto de No Retorno,null,null
Netcall,3 oct 2026,9,928032989,92803298989511710101030163742,9283,Outbound,Portabilidad Postpago,EXPRESS,Retiro en tienda,9351,ABIERTAS,Entregado,Entregado,TLV_NET_DSANC,SIM,3 oct 2026,null,null,No,ABIERTAS,null,Monolínea,Mono_item,Puno,null,null,null,null,10:00 - 20:00,En Progreso,Punto de No Retorno,null,null
Netcall,3 oct 2026,9,928030513,92803051389511710101030348103,9283,Outbound,Portabilidad Postpago,EXPRESS,Retiro en tienda,9351,ABIERTAS,Entregado,Entregado,NET_YHUAMAN,SIM,3 oct 2026,null,null,No,ABIERTAS,null,Monolínea,Mono_item,Puno,null,null,null,null,10:00 - 20:00,En Progreso,Punto de No Retorno,null,null
Netcall,1 oct 2026,13,927314988,9273149888286040957632,9283,Outbound,Portabilidad Postpago,PROGRAMADO,Logixtal,9351,CERRADAS,Entregado,Entregado,NET_MVASQUEZV,SIM,2 oct 2026,2 oct 2026,null,No,CERRADAS,2026-10-03 03:37:38,Monolínea,Mono_item,Puno,null,Power ilim 79.90 SD N,Power ilim 79.90 SD N,AmericaMovil,13:01 - 19:00,Cerrado,Resuelto,Desconocido,JULIACA
Netcall,2 oct 2026,10,927722012,927722012,9283,Outbound,Portabilidad Postpago,EXPRESS,Logixtal,9351,CERRADAS,Entregado,Entregado,NET_NBURGAR,SIM,2 oct 2026,2 oct 2026,null,No,CERRADAS,2026-10-03 01:15:01,Multilínea,Mono_item,Puno,null,Power ilim 79.90 SD N,null,null,10:00 - 20:00,Cerrado,Resuelto,null,JULIACA
Netcall,2 oct 2026,14,927807315,927807315,9283,Outbound,Portabilidad Postpago,EXPRESS,Logixtal,9351,CERRADAS,Entregado,Entregado,NET_SSALAZARV,SIM,2 oct 2026,2 oct 2026,null,No,CERRADAS,2026-10-03 00:46:31,Monolínea,Mono_item,Puno,null,Power ilim 79.90 SD N,null,null,10:00 - 20:00,Cerrado,Resuelto,null,JULIACA
Netcall,2 oct 2026,9,927698964,927698964,5299,Outbound,Portabilidad Postpago,EXPRESS,Logixtal,9351,CERRADAS,Entregado,Entregado,NET_RCANDIOTTIA,SIM,2 oct 2026,2 oct 2026,null,No,CERRADAS,2026-10-03 01:41:21,Monolínea,Mono_item,Puno,null,Power ilim 69.90 N,null,null,10:00 - 20:00,Cerrado,Resuelto,null,JULIACA
Netcall,2 oct 2026,10,927716280,927716280,9283,Outbound,Portabilidad Postpago,EXPRESS,Logixtal,5022,CERRADAS,Entregado,Entregado,NET_PREJASD,SIM,2 oct 2026,2 oct 2026,null,No,CERRADAS,2026-10-03 01:19:19,Multilínea,Mono_item,Arequipa,null,Power ilim 79.90 SD N,null,null,10:00 - 20:00,Cerrado,Resuelto,null,JOSE LUIS BUSTAMANTE Y RIVERO
Netcall,2 oct 2026,17,927855077,927855077,9283,Outbound,Portabilidad Postpago,PROGRAMADO,Logixtal,5022,ABIERTAS,Pendiente Entrega,Pendiente Entrega,NET_JROMEROC,SIM,3 oct 2026,null,null,No,ABIERTAS,null,Multilínea,Mono_item,Arequipa,null,null,null,null,09:00 - 13:00,En Progreso,Punto de No Retorno,null,JOSE LUIS BUSTAMANTE Y RIVERO
Netcall,2 oct 2026,13,927787833,927787833,9283,Outbound,Portabilidad Postpago,EXPRESS,Logixtal,5022,CERRADAS,Entregado,Entregado,NET_VZEGARRAAGU,SIM,2 oct 2026,2 oct 2026,null,No,CERRADAS,2026-10-03 00:12:39,Monolínea,Mono_item,Arequipa,null,Power ilim 79.90 SD N,null,null,10:00 - 20:00,Cerrado,Resuelto,null,JOSE LUIS BUSTAMANTE Y RIVERO
Netcall,2 oct 2026,15,927824038,927824038,9283,Outbound,Portabilidad Postpago,EXPRESS,Logixtal,5022,CANCELADAS,Anulado,CLIENTE DESISTE - INFORMACIÓN INCORRECTA,NET_YFLORESR,SIM,2 oct 2026,null,null,No,CANCELADAS,2026-10-02 16:19:43,Monolínea,Mono_item,Arequipa,null,null,null,null,10:00 - 20:00,Cancelado,Rechazado,null,JOSE LUIS BUSTAMANTE Y RIVERO
Netcall,1 oct 2026,14,927331325,9273313258286199089256,9283,Outbound,Portabilidad Postpago,EXPRESS,Logixtal,5022,CERRADAS,Entregado,Entregado,TLV_NET_APINTAD,SIM,1 oct 2026,1 oct 2026,null,No,CERRADAS,2026-10-02 01:19:12,Monolínea,Mono_item,Arequipa,null,Power ilim 69.90 N,Power ilim 69.90 N,AmericaMovil,10:00 - 20:00,Cerrado,Resuelto,Desconocido,JOSE LUIS BUSTAMANTE Y RIVERO
Netcall,2 oct 2026,9,927707906,927707906,9283,Outbound,Portabilidad Postpago,EXPRESS,Logixtal,5022,CERRADAS,Entregado,Entregado,NET_PREJASD,SIM,2 oct 2026,2 oct 2026,null,No,CERRADAS,2026-10-03 00:20:42,Multilínea,Mono_item,Arequipa,null,Power ilim 79.90 SD N,null,null,10:00 - 20:00,Cerrado,Resuelto,null,JOSE LUIS BUSTAMANTE Y RIVERO
Netcall,2 oct 2026,9,927696285,927696285,9283,Outbound,Portabilidad Postpago,EXPRESS,Logixtal,5022,CERRADAS,Entregado,Entregado,NET_KCHAVEZF,SIM,2 oct 2026,2 oct 2026,null,No,CERRADAS,2026-10-03 01:25:14,Multilínea,Mono_item,Arequipa,null,Power ilim 79.90 SD N,null,null,10:00 - 20:00,Cerrado,Resuelto,null,JOSE LUIS BUSTAMANTE Y RIVERO
Netcall,3 oct 2026,11,928073230,92807323089511710101029525869,9283,Outbound,Portabilidad Postpago,EXPRESS,Logixtal,5022,ABIERTAS,Entregado,Entregado,NET_MDIAZP,SIM,3 oct 2026,null,null,No,ABIERTAS,null,Multilínea,Mono_item,Arequipa,null,null,null,null,10:00 - 20:00,En Progreso,Punto de No Retorno,null,null
Netcall,3 oct 2026,9,928029043,92802904389511710101029525877,9283,Outbound,Portabilidad Postpago,EXPRESS,Logixtal,5022,ABIERTAS,Pendiente Entrega,Pendiente de Picking,NET_BMIRANDAFE,SIM,3 oct 2026,null,null,No,ABIERTAS,null,Multilínea,Mono_item,Arequipa,null,null,null,null,10:00 - 20:00,En Progreso,Punto de No Retorno,null,null
Netcall,2 oct 2026,9,927697334,927697334,9283,Outbound,Portabilidad Postpago,EXPRESS,Logixtal,5022,CERRADAS,Entregado,Entregado,NET_KCHAVEZF,SIM,2 oct 2026,2 oct 2026,null,No,CERRADAS,2026-10-03 01:50:19,Multilínea,Mono_item,Arequipa,null,Power ilim 79.90 SD N,null,null,10:00 - 20:00,Cerrado,Resuelto,null,JOSE LUIS BUSTAMANTE Y RIVERO
Netcall,3 oct 2026,11,928074460,92807446089511710101029525851,9283,Outbound,Portabilidad Postpago,EXPRESS,Logixtal,5022,ABIERTAS,Entregado,Entregado,NET_MDIAZP,SIM,3 oct 2026,null,null,No,ABIERTAS,null,Multilínea,Mono_item,Arequipa,null,null,null,null,10:00 - 20:00,En Progreso,Punto de No Retorno,null,null
Netcall,2 oct 2026,17,927856323,927856323,9283,Outbound,Portabilidad Postpago,PROGRAMADO,Logixtal,5022,ABIERTAS,Pendiente Entrega,Pendiente Entrega,NET_JROMEROC,SIM,3 oct 2026,null,null,No,ABIERTAS,null,Multilínea,Mono_item,Arequipa,null,null,null,null,09:00 - 13:00,En Progreso,Punto de No Retorno,null,JOSE LUIS BUSTAMANTE Y RIVERO
Netcall,3 oct 2026,9,928029992,92802999289511710101029525885,9283,Outbound,Portabilidad Postpago,EXPRESS,Logixtal,5022,ABIERTAS,Pendiente Entrega,Pendiente de Picking,NET_BMIRANDAFE,SIM,3 oct 2026,null,null,No,ABIERTAS,null,Multilínea,Mono_item,Arequipa,null,null,null,null,10:00 - 20:00,En Progreso,Punto de No Retorno,null,null
Netcall,2 oct 2026,9,927709602,927709602,9283,Outbound,Portabilidad Postpago,EXPRESS,Logixtal,5022,CERRADAS,Entregado,Entregado,NET_PREJASD,SIM,2 oct 2026,2 oct 2026,null,No,CERRADAS,2026-10-03 00:54:57,Multilínea,Mono_item,Arequipa,null,Power ilim 79.90 SD N,null,null,10:00 - 20:00,Cerrado,Resuelto,null,JOSE LUIS BUSTAMANTE Y RIVERO
Netcall,1 oct 2026,10,927247169,9272471698285431544437,9283,Outbound,Portabilidad Postpago,EXPRESS,Logixtal,5024,CERRADAS,Entregado,Entregado,NET_SBENITOV,SIM,1 oct 2026,1 oct 2026,null,No,CERRADAS,2026-10-02 03:05:52,Multilínea,Mono_item,Lambayeque,null,Power ilim 69.90 N,Power ilim 69.90 N,TELEFONICAPE,10:00 - 20:00,Cerrado,Resuelto,Desconocido,JOSE LEONARDO ORTIZ
Netcall,2 oct 2026,12,927773502,927773502,9283,Outbound,Portabilidad Postpago,EXPRESS,Logixtal,5024,CERRADAS,Entregado,Entregado,NET_RURBINAG,SIM,2 oct 2026,2 oct 2026,null,No,CERRADAS,2026-10-03 01:39:20,Multilínea,Mono_item,Lambayeque,null,Power ilim 79.90 SD N,null,null,10:00 - 20:00,Cerrado,Resuelto,null,JOSE LEONARDO ORTIZ
Netcall,2 oct 2026,10,927724334,927724334,9271,Outbound,Portabilidad Postpago,EXPRESS,Logixtal,5024,CERRADAS,Entregado,Entregado,NET_EPARDOG,SIM,2 oct 2026,2 oct 2026,null,No,CERRADAS,2026-10-03 00:22:49,Monolínea,Mono_item,Lambayeque,null,Power ilim 69.90 N,null,null,10:00 - 20:00,Cerrado,Resuelto,null,JOSE LEONARDO ORTIZ
Netcall,3 oct 2026,12,928089235,92808923589511710101029502009,9283,Outbound,Portabilidad Postpago,EXPRESS,Logixtal,5024,ABIERTAS,Pendiente Entrega,Pendiente de Picking,TLV_NET_BCHAVEZ,SIM,3 oct 2026,null,null,No,ABIERTAS,null,Monolínea,Mono_item,Lambayeque,null,null,null,null,10:00 - 20:00,En Progreso,Punto de No Retorno,null,null
Netcall,2 oct 2026,16,927830091,927830091,9283,Outbound,Portabilidad Postpago,EXPRESS,Logixtal,5024,CERRADAS,Entregado,Entregado,NET_ADOMINGUEZF,SIM,2 oct 2026,2 oct 2026,null,No,CERRADAS,2026-10-03 00:25:06,Monolínea,Mono_item,Lambayeque,null,Power ilim 69.90 N,null,null,10:00 - 20:00,Cerrado,Resuelto,null,JOSE LEONARDO ORTIZ
Netcall,2 oct 2026,12,927775144,927775144,9283,Outbound,Portabilidad Postpago,EXPRESS,Logixtal,5024,CERRADAS,Entregado,Entregado,NET_RURBINAG,SIM,2 oct 2026,2 oct 2026,null,No,CERRADAS,2026-10-03 01:18:31,Multilínea,Mono_item,Lambayeque,null,Power ilim 79.90 SD N,null,null,10:00 - 20:00,Cerrado,Resuelto,null,JOSE LEONARDO ORTIZ
Netcall,2 oct 2026,13,927782948,927782948,9283,Outbound,Portabilidad Postpago,EXPRESS,Logixtal,5024,ABIERTAS,Anulado,PROBLEMA CON PIN,TLV_NET_OCCONA,SIM,2 oct 2026,null,null,No,ABIERTAS,null,Multilínea,Mono_item,Lambayeque,null,null,null,null,10:00 - 20:00,En Progreso,Documentación Generada,null,JOSE LEONARDO ORTIZ
Netcall,2 oct 2026,9,927706233,927706233,9283,Outbound,Portabilidad Postpago,PROGRAMADO,Logixtal,5024,ABIERTAS,Pendiente Entrega,Pendiente Entrega,NET_JSANGAMA,SIM,5 oct 2026,null,null,No,ABIERTAS,null,Monolínea,Mono_item,Lambayeque,null,null,null,null,09:00 - 13:00,En Progreso,Punto de No Retorno,null,JOSE LEONARDO ORTIZ
Netcall,1 oct 2026,12,927307809,9273078098285967847776,9301,Outbound,Portabilidad Postpago,EXPRESS,Logixtal,5024,CERRADAS,Entregado,Entregado,NET_ADIAZCAJO,SIM,1 oct 2026,1 oct 2026,null,No,CERRADAS,2026-10-02 01:52:19,Monolínea,Mono_item,Lambayeque,null,Power ilim 69.90 N,Power ilim 69.90 N,AmericaMovil,10:00 - 20:00,Cerrado,Resuelto,Desconocido,JOSE LEONARDO ORTIZ
Netcall,1 oct 2026,10,927252085,9272520858285476078766,9283,Outbound,Venta Regular / Alta,EXPRESS,Logixtal,5024,CERRADAS,Entregado,Entregado,NET_SBENITOV,SIM,1 oct 2026,1 oct 2026,01/10/2026,Sí,CERRADAS,2026-10-01 17:17:36,Multilínea,Mono_item,Lambayeque,34.95,Power ilim 69.90 N,Power ilim 69.90 N,Desconocido,10:00 - 20:00,Cerrado,Resuelto,Desconocido,JOSE LEONARDO ORTIZ
Netcall,2 oct 2026,12,927776293,927776293,9283,Outbound,Portabilidad Postpago,EXPRESS,Logixtal,5024,CERRADAS,Entregado,Entregado,NET_APACHECO,SIM,2 oct 2026,2 oct 2026,null,No,CERRADAS,2026-10-03 00:40:05,Multilínea,Mono_item,Lambayeque,null,Power ilim 79.90 SD N,null,null,10:00 - 20:00,Cerrado,Resuelto,null,JOSE LEONARDO ORTIZ
Netcall,2 oct 2026,13,927792022,927792022,9271,Outbound,Portabilidad Postpago,EXPRESS,Logixtal,5024,CERRADAS,Entregado,Entregado,NET_HJUNCOT,SIM,2 oct 2026,2 oct 2026,null,No,CERRADAS,2026-10-03 00:39:31,Monolínea,Mono_item,Lambayeque,null,Power ilim 69.90 N,null,null,10:00 - 20:00,Cerrado,Resuelto,null,JOSE LEONARDO ORTIZ
Netcall,1 oct 2026,9,927243100,927243100,9283,Outbound,Portabilidad Postpago,EXPRESS,Logixtal,5024,CERRADAS,Entregado,Entregado,NET_AYROJASS,SIM,1 oct 2026,1 oct 2026,null,No,CERRADAS,2026-10-02 00:40:07,Multilínea,Mono_item,Lambayeque,null,Power ilim 79.90 SD N,null,null,10:00 - 20:00,Cerrado,Resuelto,null,JOSE LEONARDO ORTIZ
Netcall,2 oct 2026,9,927709388,927709388,9283,Outbound,Portabilidad Postpago,EXPRESS,Logixtal,5024,CERRADAS,Entregado,Entregado,NET_EYDAVILAC,SIM,2 oct 2026,2 oct 2026,null,No,CERRADAS,2026-10-03 01:13:17,Monolínea,Mono_item,Lambayeque,null,Power ilim 79.90 SD N,null,null,10:00 - 20:00,Cerrado,Resuelto,null,JOSE LEONARDO ORTIZ
Netcall,1 oct 2026,19,927418618,9274186188287047041032,9283,Outbound,Venta Regular / Alta,PROGRAMADO,Logixtal,5024,CERRADAS,Entregado,Entregado,NET_EMONZONP,SIM,2 oct 2026,2 oct 2026,null,No,CERRADAS,2026-10-02 15:43:34,Monolínea,Mono_item,Lambayeque,null,Power ilim 79.90 SD N,Power ilim 79.90 SD N,Desconocido,09:00 - 13:00,Cerrado,Resuelto,Desconocido,JOSE LEONARDO ORTIZ
Netcall,2 oct 2026,11,927755176,927755176,9283,Outbound,Portabilidad Postpago,EXPRESS,Logixtal,5024,CANCELADAS,Anulado,PUNTO DE ENCUENTRO CAMUFLADO,TLV_NET_OCCONA,SIM,2 oct 2026,null,null,No,CANCELADAS,2026-10-02 12:50:46,Multilínea,Mono_item,Lambayeque,null,null,null,null,10:00 - 20:00,Cancelado,Rechazado,null,JOSE LEONARDO ORTIZ
Netcall,1 oct 2026,17,927386544,9273865448286742190985,9283,Outbound,Portabilidad Postpago,PROGRAMADO,Logixtal,5024,ABIERTAS,Pendiente Entrega,Pendiente Entrega,NET_RGUTIERREZS,SIM,2 oct 2026,null,null,No,ABIERTAS,null,Monolínea,Mono_item,Lambayeque,null,null,Power ilim 69.90 N,AmericaMovil,09:00 - 13:00,En Progreso,Punto de No Retorno,Desconocido,JOSE LEONARDO ORTIZ
Netcall,2 oct 2026,12,927777486,927777486,9283,Outbound,Venta Regular / Alta,EXPRESS,Logixtal,5024,CERRADAS,Entregado,Entregado,NET_APACHECO,SIM,2 oct 2026,2 oct 2026,null,No,CERRADAS,2026-10-02 15:53:09,Multilínea,Mono_item,Lambayeque,null,Power ilim 79.90 SD N,null,null,10:00 - 20:00,Cerrado,Resuelto,null,JOSE LEONARDO ORTIZ
Netcall,1 oct 2026,9,927244174,9272441748285399130569,9283,Outbound,Portabilidad Postpago,EXPRESS,Logixtal,5024,CERRADAS,Entregado,Entregado,NET_AYROJASS,SIM,1 oct 2026,1 oct 2026,null,No,CERRADAS,2026-10-02 03:09:46,Multilínea,Mono_item,Lambayeque,null,Power ilim 79.90 SD N,Power ilim 79.90 SD N,Viettel Peru,10:00 - 20:00,Cerrado,Resuelto,Desconocido,JOSE LEONARDO ORTIZ
Netcall,1 oct 2026,10,927258605,9272586058285528695089,9283,Outbound,Portabilidad Postpago,EXPRESS,Logixtal,5024,CERRADAS,Entregado,Entregado,NET_GBUITRONL,SIM,1 oct 2026,1 oct 2026,null,No,CERRADAS,2026-10-02 01:29:28,Monolínea,Mono_item,Lambayeque,null,Power ilim 79.90 SD N,Power ilim 79.90 SD N,TELEFONICAPE,10:00 - 20:00,Cerrado,Resuelto,Desconocido,JOSE LEONARDO ORTIZ
Netcall,1 oct 2026,11,927277662,927277662,9283,Outbound,Portabilidad Postpago,EXPRESS,Logixtal,5024,CERRADAS,Entregado,Entregado,NET_TMUNOZCALDE,SIM,1 oct 2026,1 oct 2026,null,No,CERRADAS,2026-10-02 00:31:38,Monolínea,Mono_item,Lambayeque,null,Power ilim 69.90 N,null,null,10:00 - 20:00,Cerrado,Resuelto,null,JOSE LEONARDO ORTIZ
Netcall,1 oct 2026,18,927402687,9274026878286897537512,9283,Outbound,Portabilidad Postpago,PROGRAMADO,Logixtal,9354,CERRADAS,Entregado,Entregado,NET_ELAURAQ,SIM,2 oct 2026,2 oct 2026,null,No,CERRADAS,2026-10-03 00:53:09,Monolínea,Mono_item,Ayacucho,null,Power ilim 69.90 N,Power ilim 69.90 N,Viettel Peru,09:00 - 13:00,Cerrado,Resuelto,Desconocido,JESUS NAZARENO
Netcall,3 oct 2026,11,928082869,928082869Empty,9283,Outbound,Portabilidad Postpago,PROGRAMADO,Logixtal,9001,ABIERTAS,Pendiente Entrega,Pendiente de Picking,NET_ELAURAQ,SIM,5 oct 2026,null,null,No,ABIERTAS,null,Monolínea,Mono_item,Lima - Callao,null,null,null,null,08:00 - 13:00,En Progreso,En Progreso,null,null
Netcall,2 oct 2026,14,927806464,927806464,9271,Outbound,Portabilidad Postpago,EXPRESS,Logixtal,9001,CERRADAS,Entregado,Entregado,NET_CSANTIAGOQ,SIM,2 oct 2026,2 oct 2026,null,No,CERRADAS,2026-10-03 00:34:21,Multilínea,Mono_item,Lima - Callao,null,Power ilim 79.90 SD N,null,null,10:00 - 22:00,Cerrado,Resuelto,null,JESUS MARIA
Netcall,2 oct 2026,14,927807494,927807494,9271,Outbound,Portabilidad Postpago,EXPRESS,Logixtal,9001,CERRADAS,Entregado,Entregado,NET_CSANTIAGOQ,SIM,2 oct 2026,2 oct 2026,null,No,CERRADAS,2026-10-03 00:24:59,Multilínea,Mono_item,Lima - Callao,null,Power ilim 79.90 SD N,null,null,10:00 - 22:00,Cerrado,Resuelto,null,JESUS MARIA
Netcall,1 oct 2026,11,927281607,9272816078285714151651,9283,Outbound,Portabilidad Postpago,EXPRESS,Logixtal,9001,ABIERTAS,Pendiente Entrega,Pendiente Entrega,NET_MGONZALESPE,SIM,1 oct 2026,null,null,No,ABIERTAS,null,Monolínea,Mono_item,Lima - Callao,null,null,Power ilim 69.90 N,TELEFONICAPE,10:00 - 22:00,En Progreso,Punto de No Retorno,Desconocido,JESUS MARIA
Netcall,1 oct 2026,10,927250221,9272502218285454686507,9283,Outbound,Portabilidad Postpago,EXPRESS,Logixtal,9001,CERRADAS,Entregado,Entregado,NET_ELAURAQ,SIM,1 oct 2026,1 oct 2026,null,No,CERRADAS,2026-10-02 01:40:28,Monolínea,Mono_item,Lima - Callao,null,Power ilim 69.90 N,Power ilim 69.90 N,TELEFONICAPE,10:00 - 22:00,Cerrado,Resuelto,Desconocido,JESUS MARIA
Netcall,3 oct 2026,11,928065020,92806502089511710101081017797,9283,Outbound,Portabilidad Postpago,EXPRESS,Logixtal,9001,ABIERTAS,Pendiente Entrega,Pendiente de Picking,NET_MROLDANM,SIM,3 oct 2026,null,null,No,ABIERTAS,null,Monolínea,Mono_item,Lima - Callao,null,null,null,null,10:00 - 22:00,En Progreso,Punto de No Retorno,null,null
Netcall,1 oct 2026,10,927256928,927256928,9283,Outbound,Portabilidad Postpago,EXPRESS,Logixtal,9001,CERRADAS,Entregado,Entregado,NET_PSANCHEZE,SIM,1 oct 2026,1 oct 2026,null,No,CERRADAS,2026-10-02 00:33:37,Monolínea,Mono_item,Lima - Callao,null,Power ilim 69.90 N,null,null,10:00 - 22:00,Cerrado,Resuelto,null,JESUS MARIA
Netcall,1 oct 2026,7,927192694,9271926948285167458808,9283,Outbound,Portabilidad Postpago,PROGRAMADO,Logixtal,5023,CERRADAS,Entregado,Entregado,NET_SBENITESL,SIM,2 oct 2026,2 oct 2026,null,No,CERRADAS,2026-10-03 01:28:24,Monolínea,Mono_item,La Libertad,null,Power ilim 69.90 N,Power ilim 69.90 N,AmericaMovil,09:00 - 19:00,Cerrado,Resuelto,Desconocido,JEQUETEPEQUE
Netcall,3 oct 2026,9,928033108,928033108Empty,9283,Outbound,Portabilidad Postpago,RETIRO EN TIENDA,Retiro en tienda,3157,ABIERTAS,Pendiente Entrega,Pendiente Entrega,NET_YFLORESR,SIM,3 oct 2026,null,null,No,ABIERTAS,null,Monolínea,Mono_item,Junin,null,null,null,null,09:00 - 21:00,En Progreso,En Progreso,null,null
Netcall,1 oct 2026,15,927350499,9273504998286376315236,9283,Outbound,Portabilidad Postpago,RETIRO EN TIENDA,Retiro en tienda,3157,CERRADAS,Entregado,Entregado,NET_MORIHUELAQ,SIM,1 oct 2026,1 oct 2026,null,No,CERRADAS,2026-10-02 01:14:23,Monolínea,Mono_item,Junin,null,Power ilim 79.90 SD N,Power ilim 79.90 SD N,TELEFONICAPE,09:00 - 21:00,Cerrado,Resuelto,Desconocido,null
Netcall,2 oct 2026,10,927714283,927714283,9283,Outbound,Portabilidad Postpago,RETIRO EN TIENDA,Retiro en tienda,3101,CERRADAS,Entregado,Entregado,NET_JTITOM,SIM,2 oct 2026,2 oct 2026,null,No,CERRADAS,2026-10-03 00:50:28,Multilínea,Mono_item,Cajamarca,null,Power ilim 79.90 SD N,null,null,09:00 - 21:00,Cerrado,Resuelto,null,null
Netcall,2 oct 2026,16,927839284,927839284,9283,Outbound,Portabilidad Postpago,RETIRO EN TIENDA,Retiro en tienda,3101,CERRADAS,Entregado,Entregado,NET_KCHAVEZF,SIM,2 oct 2026,2 oct 2026,null,No,CERRADAS,2026-10-03 01:36:25,Monolínea,Mono_item,Cajamarca,null,Power ilim 69.90 N,null,null,09:00 - 21:00,Cerrado,Resuelto,null,null
Netcall,3 oct 2026,13,928117166,928117166Empty,9283,Outbound,Portabilidad Postpago,RETIRO EN TIENDA,Retiro en tienda,3101,ABIERTAS,Pendiente Entrega,Pendiente Entrega,NET_GVELASQUEZA,SIM,3 oct 2026,null,null,No,ABIERTAS,null,Multilínea,Mono_item,Cajamarca,null,null,null,null,09:00 - 21:00,En Progreso,En Progreso,null,null
Netcall,3 oct 2026,13,928110853,928110853Empty,9283,Outbound,Portabilidad Postpago,RETIRO EN TIENDA,Retiro en tienda,3101,ABIERTAS,Pendiente Entrega,Pendiente Entrega,NET_GVELASQUEZA,SIM,3 oct 2026,null,null,No,ABIERTAS,null,Multilínea,Mono_item,Cajamarca,null,null,null,null,09:00 - 21:00,En Progreso,En Progreso,null,null
Netcall,1 oct 2026,11,927279802,9272798028285697425224,9271,Outbound,Portabilidad Postpago,RETIRO EN TIENDA,Retiro en tienda,3101,ABIERTAS,Pendiente Entrega,Pendiente Entrega,NET_KPARRAGUEZG,SIM,1 oct 2026,null,null,No,ABIERTAS,null,Monolínea,Mono_item,Cajamarca,null,null,Power ilim 69.90 N,Viettel Peru,09:00 - 21:00,En Progreso,En Progreso,Desconocido,null
Netcall,2 oct 2026,11,927757676,927757676,9283,Outbound,Portabilidad Postpago,RETIRO EN TIENDA,Retiro en tienda,3101,CERRADAS,Entregado,Entregado,NET_WMAYLLEM,SIM,2 oct 2026,2 oct 2026,null,No,CERRADAS,2026-10-03 01:27:19,Monolínea,Mono_item,Cajamarca,null,Power ilim 69.90 N,null,null,09:00 - 21:00,Cerrado,Resuelto,null,null
Netcall,2 oct 2026,10,927716500,927716500,9283,Outbound,Venta Regular / Alta,RETIRO EN TIENDA,Retiro en tienda,3101,CERRADAS,Entregado,Entregado,NET_JTITOM,SIM,2 oct 2026,2 oct 2026,null,No,CERRADAS,2026-10-02 16:23:56,Multilínea,Mono_item,Cajamarca,null,Power ilim 79.90 SD N,null,null,09:00 - 21:00,Cerrado,Resuelto,null,null
Netcall,1 oct 2026,9,927232542,9272325428285303139162,9283,Outbound,Portabilidad Postpago,RETIRO EN TIENDA,Retiro en tienda,3101,CERRADAS,Entregado,Entregado,NET_DMORENOL,SIM,1 oct 2026,1 oct 2026,null,No,CERRADAS,2026-10-02 01:12:10,Multilínea,Mono_item,Cajamarca,null,Power ilim 79.90 SD N,Power ilim 79.90 SD N,AmericaMovil,09:00 - 21:00,Cerrado,Resuelto,Desconocido,null
Netcall,2 oct 2026,14,927803651,927803651,9283,Outbound,Portabilidad Postpago,RETIRO EN TIENDA,Retiro en tienda,3101,CERRADAS,Entregado,Entregado,NET_MROLDANM,SIM,2 oct 2026,2 oct 2026,null,No,CERRADAS,2026-10-03 01:23:49,Monolínea,Mono_item,Cajamarca,null,Power ilim 79.90 SD N,null,null,09:00 - 21:00,Cerrado,Resuelto,null,null
Netcall,1 oct 2026,15,927348243,9273482438286357550492,9283,Outbound,Portabilidad Postpago,RETIRO EN TIENDA,Retiro en tienda,3101,ABIERTAS,Pendiente Entrega,Pendiente Entrega,NET_VJAUREGUIM,SIM,1 oct 2026,null,null,No,ABIERTAS,null,Multilínea,Mono_item,Cajamarca,null,null,Power ilim 79.90 SD N,Viettel Peru,09:00 - 21:00,En Progreso,En Progreso,Desconocido,null
Netcall,2 oct 2026,12,927771451,927771451,9283,Outbound,Portabilidad Postpago,RETIRO EN TIENDA,Retiro en tienda,3101,CERRADAS,Entregado,Entregado,NET_JVMORENO,SIM,2 oct 2026,2 oct 2026,null,No,CERRADAS,2026-10-03 03:29:23,Monolínea,Mono_item,Cajamarca,null,Power 59.90 N,null,null,09:00 - 21:00,Cerrado,Resuelto,null,null
Netcall,1 oct 2026,9,927233819,927233819,9283,Outbound,Portabilidad Postpago,RETIRO EN TIENDA,Retiro en tienda,3101,CERRADAS,Entregado,Entregado,NET_DMORENOL,SIM,1 oct 2026,1 oct 2026,null,No,CERRADAS,2026-10-02 00:32:55,Multilínea,Mono_item,Cajamarca,null,Power ilim 79.90 SD N,null,null,09:00 - 21:00,Cerrado,Resuelto,null,null
Netcall,1 oct 2026,10,927255634,9272556348285498747134,9283,Outbound,Portabilidad Postpago,RETIRO EN TIENDA,Retiro en tienda,3101,CERRADAS,Entregado,Entregado,NET_TVASQUEZANG,SIM,1 oct 2026,1 oct 2026,null,No,CERRADAS,2026-10-02 01:50:10,Monolínea,Mono_item,Cajamarca,null,Power ilim 79.90 SD N,Power ilim 79.90 SD N,TELEFONICAPE,09:00 - 21:00,Cerrado,Resuelto,Desconocido,null
Netcall,1 oct 2026,15,927346793,9273467938286349056079,9283,Outbound,Portabilidad Postpago,RETIRO EN TIENDA,Retiro en tienda,3101,ABIERTAS,Pendiente Entrega,Pendiente Entrega,NET_VJAUREGUIM,SIM,1 oct 2026,null,null,No,ABIERTAS,null,Multilínea,Mono_item,Cajamarca,null,null,Power ilim 79.90 SD N,Viettel Peru,09:00 - 21:00,En Progreso,En Progreso,Desconocido,null
Netcall,1 oct 2026,17,927380919,9273809198286690419628,9283,Outbound,Portabilidad Postpago,RETIRO EN TIENDA,Retiro en tienda,3101,ABIERTAS,Pendiente Entrega,Pendiente Entrega,NET_YFLORESR,SIM,1 oct 2026,null,null,No,ABIERTAS,null,Monolínea,Mono_item,Cajamarca,null,null,Power ilim 69.90 N,AmericaMovil,09:00 - 21:00,En Progreso,En Progreso,Desconocido,null
Netcall,2 oct 2026,9,927707821,927707821,9283,Outbound,Portabilidad Postpago,EXPRESS,Logixtal,5022,CANCELADAS,Anulado,ZONA INACCESIBLE,TLV_NET_KARANDA,SIM,2 oct 2026,null,null,No,CANCELADAS,2026-10-02 13:03:43,Monolínea,Mono_item,Arequipa,null,null,null,null,10:00 - 20:00,Cancelado,Rechazado,null,JACOBO HUNTER
Netcall,3 oct 2026,6,927981997,92798199789511710101029544332,9283,Outbound,Portabilidad Postpago,EXPRESS,Logixtal,5022,ABIERTAS,Entregado,Entregado,NET_SLAZOB,SIM,3 oct 2026,null,null,No,ABIERTAS,null,Monolínea,Mono_item,Arequipa,null,null,null,null,10:00 - 20:00,En Progreso,Punto de No Retorno,null,JACOBO HUNTER
Netcall,2 oct 2026,16,927845892,927845892,9283,Outbound,Portabilidad Postpago,EXPRESS,Logixtal,5022,CERRADAS,Entregado,Entregado,NET_SPEREZR,SIM,2 oct 2026,2 oct 2026,null,No,CERRADAS,2026-10-03 01:42:41,Multilínea,Mono_item,Arequipa,null,Power ilim 79.90 SD N,null,null,10:00 - 20:00,Cerrado,Resuelto,null,JACOBO HUNTER
Netcall,2 oct 2026,10,927712310,927712310,9283,Outbound,Portabilidad Postpago,EXPRESS,Logixtal,5022,CERRADAS,Entregado,Entregado,NET_SPEREZR,SIM,2 oct 2026,2 oct 2026,null,No,CERRADAS,2026-10-03 02:04:09,Monolínea,Mono_item,Arequipa,null,Power ilim 69.90 N,null,null,10:00 - 20:00,Cerrado,Resuelto,null,JACOBO HUNTER
Netcall,3 oct 2026,11,928078912,92807891289511710111068649751,9283,Outbound,Portabilidad Postpago,PROGRAMADO,Logixtal,5022,ABIERTAS,Pendiente Entrega,Pendiente de Picking,TLV_NET_YQUITOV,SIM,5 oct 2026,null,null,No,ABIERTAS,null,Monolínea,Mono_item,Arequipa,null,null,null,null,09:00 - 13:00,En Progreso,Punto de No Retorno,null,null
Netcall,2 oct 2026,13,927790668,927790668,9283,Outbound,Portabilidad Postpago,EXPRESS,Logixtal,5022,ABIERTAS,Pendiente Entrega,Pendiente Entrega,NET_AAPOLAYACAC,SIM,2 oct 2026,null,null,No,ABIERTAS,null,Monolínea,Mono_item,Arequipa,null,null,null,null,10:00 - 20:00,En Progreso,Punto de No Retorno,null,JACOBO HUNTER
Netcall,2 oct 2026,16,927846898,927846898,9283,Outbound,Portabilidad Postpago,EXPRESS,Logixtal,5022,CERRADAS,Entregado,Entregado,NET_SPEREZR,SIM,2 oct 2026,2 oct 2026,null,No,CERRADAS,2026-10-03 00:39:53,Multilínea,Mono_item,Arequipa,null,Power ilim 79.90 SD N,null,null,10:00 - 20:00,Cerrado,Resuelto,null,JACOBO HUNTER
Netcall,2 oct 2026,14,927802298,927802298,9283,Outbound,Portabilidad Postpago,EXPRESS,Logixtal,5022,CANCELADAS,Anulado,ZONA INACCESIBLE,NET_SLAZOB,SIM,2 oct 2026,null,null,No,CANCELADAS,2026-10-02 14:56:44,Multilínea,Mono_item,Arequipa,null,null,null,null,10:00 - 20:00,Cancelado,Rechazado,null,JACOBO HUNTER
Netcall,2 oct 2026,15,927819642,927819642,9283,Outbound,Portabilidad Postpago,EXPRESS,Logixtal,5022,CANCELADAS,Anulado,ZONA INACCESIBLE,NET_SLAZOB,SIM,2 oct 2026,null,null,No,CANCELADAS,2026-10-02 16:28:41,Multilínea,Mono_item,Arequipa,null,null,null,null,10:00 - 20:00,Cancelado,Rechazado,null,JACOBO HUNTER
Netcall,2 oct 2026,15,927822516,927822516,9283,Outbound,Portabilidad Postpago,EXPRESS,Logixtal,5022,ABIERTAS,Pendiente Entrega,Pendiente Entrega,NET_MFERRER,SIM,2 oct 2026,null,null,No,ABIERTAS,null,Monolínea,Mono_item,Arequipa,null,null,null,null,08:00 - 20:00,En Progreso,Punto de No Retorno,null,JACOBO HUNTER
Netcall,1 oct 2026,15,927345452,9273454528286331733711,9283,Outbound,Portabilidad Postpago,EXPRESS,Logixtal,9355,CANCELADAS,Anulado,CLIENTE DESISTE - NO BRINDA MOTIVOS,NET_MMORANM,SIM,1 oct 2026,null,null,No,CANCELADAS,2026-10-01 16:27:01,Monolínea,Mono_item,Loreto,null,null,Power ilim 79.90 SD N,AmericaMovil,10:00 - 20:00,Cancelado,Rechazado,Desconocido,IQUITOS
Netcall,2 oct 2026,16,927838025,927838025,9283,Outbound,Portabilidad Postpago,PROGRAMADO,Logixtal,9355,ABIERTAS,Pendiente Entrega,Pendiente Entrega,NET_YMILLA,SIM,3 oct 2026,null,null,No,ABIERTAS,null,Multilínea,Mono_item,Loreto,null,null,null,null,13:01 - 19:00,En Progreso,En Progreso,null,IQUITOS
Netcall,1 oct 2026,14,927336187,9273361878286240835446,9283,Outbound,Portabilidad Postpago,PROGRAMADO,Logixtal,9355,ABIERTAS,Anulado,CLIENTE AUSENTE,NET_MOQUISPITON,SIM,2 oct 2026,null,null,No,ABIERTAS,null,Monolínea,Mono_item,Loreto,null,null,Power ilim 69.90 N,Viettel Peru,09:00 - 13:00,En Progreso,Punto de No Retorno,Desconocido,IQUITOS
Netcall,2 oct 2026,9,927709156,927709156,9283,Outbound,Portabilidad Postpago,EXPRESS,Logixtal,9355,CERRADAS,Entregado,Entregado,TLV_NET_DSANC,SIM,2 oct 2026,2 oct 2026,null,No,CERRADAS,2026-10-03 00:59:46,Multilínea,Mono_item,Loreto,null,Power ilim 79.90 SD N,null,null,10:00 - 20:00,Cerrado,Resuelto,null,IQUITOS
Netcall,2 oct 2026,12,927773163,927773163,9283,Outbound,Portabilidad Postpago,EXPRESS,Logixtal,9355,CERRADAS,Entregado,Entregado,NET_KCHAVEZF,SIM,2 oct 2026,2 oct 2026,null,No,CERRADAS,2026-10-03 00:30:45,Monolínea,Mono_item,Loreto,null,Power ilim 79.90 SD N,null,null,10:00 - 20:00,Cerrado,Resuelto,null,IQUITOS
Netcall,3 oct 2026,10,928049768,92804976889511710101029860191,9283,Outbound,Portabilidad Postpago,EXPRESS,Retiro en tienda,9355,ABIERTAS,Pendiente Entrega,Pendiente Entrega,NET_BYAUYOD,SIM,3 oct 2026,null,null,No,ABIERTAS,null,Monolínea,Mono_item,Loreto,null,null,null,null,10:00 - 20:00,En Progreso,Punto de No Retorno,null,null
Netcall,3 oct 2026,11,928074197,92807419789511710101029860548,9283,Outbound,Portabilidad Postpago,EXPRESS,Retiro en tienda,9355,ABIERTAS,Entregado,Entregado,NET_AMORALEST,SIM,3 oct 2026,null,null,No,ABIERTAS,null,Monolínea,Mono_item,Loreto,null,null,null,null,10:00 - 20:00,En Progreso,Punto de No Retorno,null,null
Netcall,3 oct 2026,13,928111258,928111258Empty,9283,Outbound,Portabilidad Postpago,PROGRAMADO,Retiro en tienda,9355,ABIERTAS,Pendiente Entrega,Pendiente Entrega,NET_BLEONP,SIM,5 oct 2026,null,null,No,ABIERTAS,null,Multilínea,Mono_item,Loreto,null,null,null,null,09:00 - 13:00,En Progreso,En Progreso,null,null
Netcall,2 oct 2026,14,927804348,927804348,9283,Outbound,Portabilidad Postpago,EXPRESS,Logixtal,9355,CERRADAS,Entregado,Entregado,NET_ARIVERA,SIM,2 oct 2026,2 oct 2026,null,No,CERRADAS,2026-10-03 00:57:58,Multilínea,Mono_item,Loreto,null,Power ilim 79.90 SD N,null,null,10:00 - 20:00,Cerrado,Resuelto,null,IQUITOS
Netcall,2 oct 2026,16,927836447,927836447,9283,Outbound,Portabilidad Postpago,PROGRAMADO,Logixtal,9355,ABIERTAS,Pendiente Entrega,Pendiente Entrega,NET_YMILLA,SIM,3 oct 2026,null,null,No,ABIERTAS,null,Multilínea,Mono_item,Loreto,null,null,null,null,13:01 - 19:00,En Progreso,En Progreso,null,IQUITOS
Netcall,2 oct 2026,6,927623622,927623622,9283,Outbound,Venta Regular / Alta,EXPRESS,Logixtal,9355,CERRADAS,Entregado,Entregado,TLV_NET_MFARFAN,SIM,2 oct 2026,2 oct 2026,null,No,CERRADAS,2026-10-02 13:50:06,Monolínea,Mono_item,Loreto,null,Power 39.90 N,null,null,10:00 - 20:00,Cerrado,Resuelto,null,IQUITOS
Netcall,2 oct 2026,10,927715530,927715530,9283,Outbound,Portabilidad Postpago,EXPRESS,Logixtal,9355,CERRADAS,Entregado,Entregado,NET_MRIOSA,SIM,2 oct 2026,2 oct 2026,null,No,CERRADAS,2026-10-03 01:46:52,Monolínea,Mono_item,Loreto,null,Power ilim 79.90 SD N,null,null,10:00 - 20:00,Cerrado,Resuelto,null,IQUITOS
Netcall,1 oct 2026,9,927231214,9272312148285291819827,9283,Outbound,Portabilidad Postpago,EXPRESS,Logixtal,9355,CERRADAS,Entregado,Entregado,TLV_NET_DBARTET,SIM,1 oct 2026,1 oct 2026,null,No,CERRADAS,2026-10-02 01:44:29,Monolínea,Mono_item,Loreto,null,Power ilim 79.90 SD N,Power ilim 79.90 SD N,AmericaMovil,10:00 - 20:00,Cerrado,Resuelto,Desconocido,IQUITOS
Netcall,3 oct 2026,11,928075676,92807567689511710101029861405,9283,Outbound,Portabilidad Postpago,EXPRESS,Retiro en tienda,9355,ABIERTAS,Pendiente Entrega,Pendiente Entrega,NET_MOQUISPITON,SIM,3 oct 2026,null,null,No,ABIERTAS,null,Monolínea,Mono_item,Loreto,null,null,null,null,10:00 - 20:00,En Progreso,Punto de No Retorno,null,null
Netcall,1 oct 2026,15,927353845,927353845,9283,Outbound,Portabilidad Postpago,EXPRESS,Logixtal,9355,CERRADAS,Entregado,Entregado,TLV_NET_RSORIAH,SIM,1 oct 2026,1 oct 2026,null,No,CERRADAS,2026-10-02 00:07:00,Monolínea,Mono_item,Loreto,null,Power ilim 69.90 N,null,null,10:00 - 20:00,Cerrado,Resuelto,null,IQUITOS
Netcall,2 oct 2026,14,927803415,927803415,9283,Outbound,Portabilidad Postpago,EXPRESS,Logixtal,9355,CERRADAS,Entregado,Entregado,NET_ARIVERA,SIM,2 oct 2026,2 oct 2026,null,No,CERRADAS,2026-10-03 00:36:16,Multilínea,Mono_item,Loreto,null,Power ilim 79.90 SD N,null,null,10:00 - 20:00,Cerrado,Resuelto,null,IQUITOS
Netcall,3 oct 2026,13,928109338,928109338Empty,9283,Outbound,Venta Regular / Alta,PROGRAMADO,Retiro en tienda,9355,ABIERTAS,Pendiente Entrega,Pendiente Entrega,NET_BLEONP,SIM,5 oct 2026,null,null,No,ABIERTAS,null,Multilínea,Mono_item,Loreto,null,null,null,null,09:00 - 13:00,En Progreso,En Progreso,null,null
Netcall,3 oct 2026,11,928062944,92806294489511710101029860167,9283,Outbound,Portabilidad Postpago,EXPRESS,Retiro en tienda,9355,ABIERTAS,Entregado,Entregado,NET_ACQUISPE,SIM,3 oct 2026,null,null,No,ABIERTAS,null,Monolínea,Mono_item,Loreto,null,null,null,null,10:00 - 20:00,En Progreso,Punto de No Retorno,null,null
Netcall,2 oct 2026,13,927782578,927782578,9283,Outbound,Portabilidad Postpago,EXPRESS,Logixtal,9355,CERRADAS,Entregado,Entregado,NET_LHUAPAYAO,SIM,2 oct 2026,2 oct 2026,null,No,CERRADAS,2026-10-03 01:09:52,Monolínea,Mono_item,Loreto,null,Power ilim 79.90 SD N,null,null,10:00 - 20:00,Cerrado,Resuelto,null,IQUITOS
Netcall,2 oct 2026,10,927711219,927711219,9283,Outbound,Portabilidad Postpago,EXPRESS,Logixtal,9355,CANCELADAS,Anulado,PIN PORTA_CLIENTE RECHAZA,TLV_NET_DSANC,SIM,2 oct 2026,null,null,No,CANCELADAS,2026-10-02 11:26:07,Multilínea,Mono_item,Loreto,null,null,null,null,10:00 - 20:00,Cancelado,Pedido Cancelación,null,IQUITOS
Netcall,1 oct 2026,9,927244200,9272442008285403211286,9283,Outbound,Portabilidad Postpago,EXPRESS,Logixtal,9001,CERRADAS,Entregado,Entregado,NET_MDIAZP,SIM,1 oct 2026,1 oct 2026,null,No,CERRADAS,2026-10-02 01:07:16,Multilínea,Mono_item,Lima - Callao,null,Power ilim 79.90 SD N,Power ilim 79.90 SD N,AmericaMovil,10:00 - 22:00,Cerrado,Resuelto,Desconocido,INDEPENDENCIA
Netcall,1 oct 2026,9,927240707,927240707,9283,Outbound,Portabilidad Postpago,EXPRESS,Logixtal,9344,CERRADAS,Entregado,Entregado,TLV_NET_LPULIDO,SIM,1 oct 2026,1 oct 2026,null,No,CERRADAS,2026-10-02 00:06:10,Monolínea,Mono_item,Ancash,null,Power ilim 69.90 N,null,null,10:00 - 20:00,Cerrado,Resuelto,null,INDEPENDENCIA
Netcall,2 oct 2026,12,927768589,927768589,9283,Outbound,Portabilidad Postpago,EXPRESS,Logixtal,9001,CANCELADAS,Cancelado,CANCELADA EN OMNIX,NET_LBAUTISTAS,SIM,2 oct 2026,null,null,No,CANCELADAS,2026-10-02 13:16:27,Multilínea,Mono_item,Lima - Callao,null,null,null,null,10:00 - 22:00,Cancelado,Rechazado,null,INDEPENDENCIA
Netcall,2 oct 2026,13,927794742,927794742,9283,Outbound,Portabilidad Postpago,EXPRESS,Logixtal,9001,CERRADAS,Entregado,Entregado,TLV_NET_ECODARL,SIM,2 oct 2026,2 oct 2026,null,No,CERRADAS,2026-10-03 00:04:11,Monolínea,Mono_item,Lima - Callao,null,Power ilim 79.90 SD N,null,null,10:00 - 22:00,Cerrado,Resuelto,null,INDEPENDENCIA
Netcall,2 oct 2026,12,927769973,927769973,9283,Outbound,Portabilidad Postpago,EXPRESS,Logixtal,9001,CERRADAS,Entregado,Entregado,NET_DVILLALOBOS,SIM,2 oct 2026,2 oct 2026,null,No,CERRADAS,2026-10-03 00:55:45,Multilínea,Mono_item,Lima - Callao,null,Power ilim 79.90 SD N,null,null,10:00 - 22:00,Cerrado,Resuelto,null,INDEPENDENCIA
Netcall,2 oct 2026,13,927783945,927783945,9283,Outbound,Portabilidad Postpago,EXPRESS,Logixtal,9001,CERRADAS,Entregado,Entregado,TLV_NET_JPENAM,SIM,2 oct 2026,2 oct 2026,null,No,CERRADAS,2026-10-03 01:47:45,Monolínea,Mono_item,Lima - Callao,null,Power ilim 69.90 N,null,null,10:00 - 22:00,Cerrado,Resuelto,null,INDEPENDENCIA
Netcall,2 oct 2026,12,927766731,927766731,9283,Outbound,Portabilidad Postpago,EXPRESS,Logixtal,9001,CANCELADAS,Cancelado,CANCELADA EN OMNIX,NET_LBAUTISTAS,SIM,2 oct 2026,null,null,No,CANCELADAS,2026-10-02 13:00:02,Multilínea,Mono_item,Lima - Callao,null,null,null,null,10:00 - 22:00,Cancelado,Rechazado,null,INDEPENDENCIA
Netcall,1 oct 2026,12,927302186,9273021868285914763188,9283,Outbound,Portabilidad Postpago,EXPRESS,Logixtal,9344,CERRADAS,Entregado,Entregado,NET_GMENDIGUETE,SIM,1 oct 2026,1 oct 2026,null,No,CERRADAS,2026-10-02 03:29:20,Monolínea,Mono_item,Ancash,null,Power ilim 79.90 SD N,Power ilim 79.90 SD N,AmericaMovil,10:00 - 20:00,Cerrado,Resuelto,Portabilidad Rechazada. REC01ABD15: El Código NIP es invalido | REC01ABD15,INDEPENDENCIA
Netcall,1 oct 2026,15,927356040,927356040,9271,Outbound,Portabilidad Postpago,EXPRESS,Logixtal,9001,CERRADAS,Entregado,Entregado,NET_LNECIOSUPC,SIM,1 oct 2026,1 oct 2026,null,No,CERRADAS,2026-10-02 00:40:36,Monolínea,Mono_item,Lima - Callao,null,Power ilim 79.90 SD N,null,null,10:00 - 22:00,Cerrado,Resuelto,null,INDEPENDENCIA
Netcall,1 oct 2026,12,927307852,9273078528285974779882,9283,Outbound,Venta Regular / Alta,EXPRESS,Logixtal,9344,CERRADAS,Entregado,Entregado,NET_GFLORESS,SIM,1 oct 2026,1 oct 2026,01/10/2026,Sí,CERRADAS,2026-10-01 17:01:40,Multilínea,Mono_item,Ancash,39.95,Power ilim 79.90 SD N,Power ilim 79.90 SD N,Desconocido,10:00 - 20:00,Cerrado,Resuelto,Desconocido,INDEPENDENCIA
Netcall,1 oct 2026,12,927307011,9273070118285964786690,9283,Outbound,Portabilidad Postpago,EXPRESS,Logixtal,9344,CERRADAS,Entregado,Entregado,NET_GFLORESS,SIM,1 oct 2026,1 oct 2026,null,No,CERRADAS,2026-10-02 04:25:23,Multilínea,Mono_item,Ancash,null,Power ilim 79.90 SD N,Power ilim 79.90 SD N,TELEFONICAPE,10:00 - 20:00,Cerrado,Resuelto,Desconocido,INDEPENDENCIA
Netcall,1 oct 2026,15,927341251,9273412518286289278910,9283,Outbound,Portabilidad Postpago,EXPRESS,Logixtal,9001,CERRADAS,Entregado,Entregado,TLV_NET_ECODARL,SIM,1 oct 2026,1 oct 2026,null,No,CERRADAS,2026-10-02 01:49:14,Monolínea,Mono_item,Lima - Callao,null,Power ilim 79.90 SD N,Power ilim 79.90 SD N,TELEFONICAPE,10:00 - 22:00,Cerrado,Resuelto,Desconocido,INDEPENDENCIA
Netcall,1 oct 2026,15,927344181,9273441818286321785363,9283,Outbound,Portabilidad Postpago,EXPRESS,Logixtal,9001,CANCELADAS,Anulado,CLIENTE YA NO DESEA PRODUCTO,TLV_NET_ECODARL,SIM,1 oct 2026,null,null,No,CANCELADAS,2026-10-02 13:30:38,Monolínea,Mono_item,Lima - Callao,null,null,Power ilim 79.90 SD N,AmericaMovil,08:00 - 20:00,Cancelado,Rechazado,Desconocido,INDEPENDENCIA
Netcall,2 oct 2026,17,927861575,927861575,9283,Outbound,Portabilidad Postpago,EXPRESS,Logixtal,9001,CERRADAS,Entregado,Entregado,TLV_NET_GJQUISP,SIM,2 oct 2026,2 oct 2026,null,No,CERRADAS,2026-10-03 00:09:06,Monolínea,Mono_item,Lima - Callao,null,Power ilim 79.90 SD N,null,null,10:00 - 22:00,Cerrado,Resuelto,null,INDEPENDENCIA
Netcall,2 oct 2026,9,927703972,927703972,9283,Outbound,Portabilidad Postpago,EXPRESS,Logixtal,9344,CANCELADAS,Anulado,CLIENTE YA NO DESEA PRODUCTO,NET_MFLORESD,SIM,2 oct 2026,null,null,No,CANCELADAS,2026-10-02 10:11:06,Monolínea,Mono_item,Ancash,null,null,null,null,10:00 - 20:00,Cancelado,Rechazado,null,INDEPENDENCIA
Netcall,2 oct 2026,13,927783591,927783591,9283,Outbound,Portabilidad Postpago,EXPRESS,Logixtal,9001,CERRADAS,Entregado,Entregado,NET_LBAUTISTAS,SIM,2 oct 2026,2 oct 2026,null,No,CERRADAS,2026-10-03 01:08:38,Multilínea,Mono_item,Lima - Callao,null,Power ilim 79.90 SD N,null,null,10:00 - 22:00,Cerrado,Resuelto,null,INDEPENDENCIA
Netcall,2 oct 2026,12,927770956,927770956,9283,Outbound,Portabilidad Postpago,EXPRESS,Logixtal,9001,CERRADAS,Entregado,Entregado,NET_DVILLALOBOS,SIM,2 oct 2026,2 oct 2026,null,No,CERRADAS,2026-10-03 00:29:19,Multilínea,Mono_item,Lima - Callao,null,Power ilim 79.90 SD N,null,null,10:00 - 22:00,Cerrado,Resuelto,null,INDEPENDENCIA
Netcall,1 oct 2026,13,927324753,9273247538286132342323,9283,Outbound,Portabilidad Postpago,PROGRAMADO,Logixtal,9001,ABIERTAS,Pendiente Entrega,Pendiente Entrega,NET_NSANTAMARIA,SIM,3 oct 2026,null,null,No,ABIERTAS,null,Multilínea,Mono_item,Lima - Callao,null,null,Power ilim 79.90 SD N,AmericaMovil,08:00 - 13:00,En Progreso,Punto de No Retorno,Desconocido,INDEPENDENCIA
Netcall,2 oct 2026,13,927782597,927782597,9283,Outbound,Portabilidad Postpago,EXPRESS,Logixtal,9001,CERRADAS,Entregado,Entregado,NET_LBAUTISTAS,SIM,2 oct 2026,2 oct 2026,null,No,CERRADAS,2026-10-03 00:28:00,Multilínea,Mono_item,Lima - Callao,null,Power ilim 79.90 SD N,null,null,10:00 - 22:00,Cerrado,Resuelto,null,INDEPENDENCIA
Netcall,1 oct 2026,9,927238053,9272380538285350458553,9283,Outbound,Portabilidad Postpago,EXPRESS,Logixtal,9344,CANCELADAS,Anulado,PIN PORTA_NO VALIDO,NET_MFLORESD,SIM,1 oct 2026,null,null,No,CANCELADAS,2026-10-01 11:42:52,Monolínea,Mono_item,Ancash,null,null,Power 59.90 N,Viettel Peru,10:00 - 20:00,Cancelado,Rechazado,Desconocido,INDEPENDENCIA
Netcall,1 oct 2026,12,927307416,927307416,9283,Outbound,Portabilidad Postpago,EXPRESS,Logixtal,9001,CERRADAS,Entregado,Entregado,NET_JSANCHEZC,SIM,1 oct 2026,1 oct 2026,null,No,CERRADAS,2026-10-02 00:13:20,Monolínea,Mono_item,Lima - Callao,null,Power ilim 79.90 SD N,null,null,10:00 - 22:00,Cerrado,Resuelto,null,INDEPENDENCIA
Netcall,3 oct 2026,10,928044655,92804465589511710101081412097,9271,Outbound,Portabilidad Postpago,PROGRAMADO,Logixtal,9001,ABIERTAS,Pendiente Entrega,Pendiente de Picking,NET_RCEVERINOL,SIM,4 oct 2026,null,null,No,ABIERTAS,null,Monolínea,Mono_item,Lima - Callao,null,null,null,null,08:00 - 22:00,En Progreso,Punto de No Retorno,null,null
Netcall,3 oct 2026,13,928122253,92812225389511710101081435049,9271,Outbound,Venta Regular / Alta,EXPRESS,Logixtal,9001,ABIERTAS,Pendiente Entrega,Pendiente de Picking,NET_KANGELESS,SIM,3 oct 2026,null,null,No,ABIERTAS,null,Monolínea,Mono_item,Lima - Callao,null,null,null,null,10:00 - 22:00,null,null,null,null
Netcall,2 oct 2026,15,927823007,927823007,9283,Outbound,Portabilidad Postpago,EXPRESS,Logixtal,9001,CANCELADAS,Anulado,Cliente sin equipo Pin Porta,NET_LTORRESP,SIM,2 oct 2026,null,null,No,CANCELADAS,2026-10-02 16:17:47,Monolínea,Mono_item,Lima - Callao,null,null,null,null,10:00 - 22:00,Cancelado,Rechazado,null,INDEPENDENCIA
Netcall,1 oct 2026,9,927243561,9272435618285396771057,9283,Outbound,Portabilidad Postpago,EXPRESS,Logixtal,9001,CERRADAS,Entregado,Entregado,NET_MDIAZP,SIM,1 oct 2026,1 oct 2026,null,No,CERRADAS,2026-10-02 01:16:22,Multilínea,Mono_item,Lima - Callao,null,Power ilim 79.90 SD N,Power ilim 79.90 SD N,AmericaMovil,10:00 - 22:00,Cerrado,Resuelto,Desconocido,INDEPENDENCIA
Netcall,1 oct 2026,14,927329489,9273294898286177048965,9283,Outbound,Portabilidad Postpago,PROGRAMADO,Logixtal,9001,ABIERTAS,Pendiente Entrega,Pendiente Entrega,NET_NSANTAMARIA,SIM,3 oct 2026,null,null,No,ABIERTAS,null,Multilínea,Mono_item,Lima - Callao,null,null,Power ilim 79.90 SD N,AmericaMovil,08:00 - 13:00,En Progreso,Punto de No Retorno,Desconocido,INDEPENDENCIA
Netcall,2 oct 2026,17,927856375,927856375,9223,Fidelización,Renovación,PROGRAMADO,Logixtal,9001,ABIERTAS,No bop,No bop,NET_AMCORDOVAC,Equipo,5 oct 2026,null,null,No,ABIERTAS,null,Multilínea,Mono_item,Lima - Callao,null,null,null,null,09:00 - 20:00,En Progreso,En Progreso,null,IMPERIAL
Netcall,1 oct 2026,11,927287316,9272873168285772190891,9283,Outbound,Portabilidad Postpago,PROGRAMADO,Logixtal,9001,ABIERTAS,Pendiente Entrega,Pendiente Entrega,NET_TMUNOZCALDE,SIM,2 oct 2026,null,null,No,ABIERTAS,null,Monolínea,Mono_item,Lima - Callao,null,null,Power ilim 69.90 N,TELEFONICAPE,09:00 - 20:00,En Progreso,Punto de No Retorno,Desconocido,IMPERIAL
Netcall,1 oct 2026,18,927405142,9274051428286916026381,9283,Outbound,Portabilidad Postpago,PROGRAMADO,Logixtal,9001,ABIERTAS,Pendiente Entrega,Pendiente Entrega,NET_RMPEREZC,SIM,5 oct 2026,null,null,No,ABIERTAS,null,Multilínea,Mono_item,Lima - Callao,null,null,Power ilim 79.90 SD N,AmericaMovil,09:00 - 20:00,En Progreso,En Progreso,Desconocido,IMPERIAL
Netcall,1 oct 2026,18,927403911,9274039118286903733070,9283,Outbound,Venta Regular / Alta,PROGRAMADO,Logixtal,9001,ABIERTAS,Pendiente Entrega,Pendiente Entrega,NET_RMPEREZC,SIM,5 oct 2026,null,null,No,ABIERTAS,null,Multilínea,Mono_item,Lima - Callao,null,null,Power ilim 79.90 SD N,Desconocido,09:00 - 20:00,En Progreso,En Progreso,Desconocido,IMPERIAL
Netcall,2 oct 2026,19,927896514,927896514,9283,Outbound,Portabilidad Postpago,PROGRAMADO,Logixtal,9001,ABIERTAS,Pendiente Entrega,Pendiente Entrega,NET_EAYALAE,SIM,5 oct 2026,null,null,No,ABIERTAS,null,Monolínea,Mono_item,Lima - Callao,null,null,null,null,09:00 - 20:00,En Progreso,En Progreso,null,IMPERIAL
Netcall,2 oct 2026,11,927756680,927756680,9283,Outbound,Portabilidad Postpago,PROGRAMADO,Logixtal,9001,ABIERTAS,Pendiente Entrega,Pendiente Entrega,NET_VAYALA,SIM,5 oct 2026,null,null,No,ABIERTAS,null,Monolínea,Mono_item,Lima - Callao,null,null,null,null,09:00 - 20:00,En Progreso,En Progreso,null,IMPERIAL
Netcall,1 oct 2026,12,927306602,9273066028285962878391,9283,Outbound,Portabilidad Postpago,PROGRAMADO,Logixtal,9001,CERRADAS,Entregado,Entregado,NET_JCALDASB,SIM,2 oct 2026,2 oct 2026,null,No,CERRADAS,2026-10-03 01:28:51,Monolínea,Mono_item,Lima - Callao,null,Power ilim 69.90 N,Power ilim 69.90 N,TELEFONICAPE,09:00 - 20:00,Cerrado,Resuelto,Desconocido,IMPERIAL
Netcall,2 oct 2026,16,927833870,927833870,9283,Outbound,Portabilidad Postpago,PROGRAMADO,Logixtal,9001,ABIERTAS,Pendiente Entrega,Pendiente Entrega,NET_YCHAVEZ,SIM,5 oct 2026,null,null,No,ABIERTAS,null,Monolínea,Mono_item,Lima - Callao,null,null,null,null,09:00 - 20:00,En Progreso,En Progreso,null,IMPERIAL
Netcall,3 oct 2026,10,928050513,928050513Empty,9283,Outbound,Portabilidad Postpago,PROGRAMADO,Logixtal,9001,ABIERTAS,Pendiente Entrega,Pendiente de Picking,NET_ATISNADOA,SIM,5 oct 2026,null,null,No,ABIERTAS,null,Monolínea,Mono_item,Lima - Callao,null,null,null,null,09:00 - 20:00,En Progreso,En Progreso,null,null
Netcall,1 oct 2026,17,927387711,9273877118286753238605,5299,Outbound,Portabilidad Postpago,RETIRO EN TIENDA,Retiro en tienda,7254,ABIERTAS,Pendiente Entrega,Pendiente Entrega,NET_JBOZAC,SIM,1 oct 2026,null,null,No,ABIERTAS,null,Monolínea,Mono_item,Moquegua,null,null,Power ilim 79.90 SD N,AmericaMovil,17:00 - 21:00,En Progreso,En Progreso,Desconocido,null
Netcall,3 oct 2026,10,928041785,92804178589511710101030213232,9283,Outbound,Portabilidad Postpago,EXPRESS,Retiro en tienda,9345,CANCELADAS,Cancelado,Cancelado,NET_EZENAM,SIM,3 oct 2026,null,null,No,CANCELADAS,2026-10-03 11:13:44,Monolínea,Mono_item,Ica,null,null,null,null,10:00 - 20:00,Cancelado,Rechazado,null,null
Netcall,2 oct 2026,17,927867910,927867910,9283,Outbound,Portabilidad Postpago,RETIRO EN TIENDA,Retiro en tienda,1009,ABIERTAS,Pendiente Entrega,Pendiente Entrega,NET_DVALVERDEM,SIM,2 oct 2026,null,null,No,ABIERTAS,null,Multilínea,Mono_item,Ica,null,null,null,null,09:00 - 21:00,En Progreso,En Progreso,null,null
Netcall,2 oct 2026,10,927724523,927724523,9283,Outbound,Portabilidad Postpago,EXPRESS,Logixtal,9345,ABIERTAS,Pendiente Entrega,Pendiente Entrega,NET_MVASQUEZV,SIM,2 oct 2026,null,null,No,ABIERTAS,null,Multilínea,Mono_item,Ica,null,null,null,null,08:00 - 20:00,En Progreso,Punto de No Retorno,null,ICA
Netcall,3 oct 2026,8,928021421,92802142189511710101082018869,9283,Outbound,Portabilidad Postpago,RETIRO EN TIENDA,Retiro en tienda,1009,ABIERTAS,Pendiente Entrega,Pendiente Entrega,NET_LTAMAYOD,SIM,3 oct 2026,null,null,No,ABIERTAS,null,Multilínea,Mono_item,Ica,null,null,null,null,09:00 - 21:00,En Progreso,Pago Recibido,null,null
Netcall,3 oct 2026,9,928030198,928030198Empty,9283,Outbound,Portabilidad Postpago,RETIRO EN TIENDA,Retiro en tienda,1009,ABIERTAS,Pendiente Entrega,Pendiente Entrega,NET_MDIAZP,SIM,3 oct 2026,null,null,No,ABIERTAS,null,Monolínea,Mono_item,Ica,null,null,null,null,09:00 - 21:00,En Progreso,En Progreso,null,null
Netcall,3 oct 2026,12,928093154,928093154Empty,9283,Outbound,Portabilidad Postpago,PROGRAMADO,Retiro en tienda,9345,ABIERTAS,Pendiente Entrega,Pendiente Entrega,TLV_NET_BRAMIRE,SIM,5 oct 2026,null,null,No,ABIERTAS,null,Monolínea,Mono_item,Ica,null,null,null,null,13:01 - 19:00,En Progreso,En Progreso,null,null
Netcall,2 oct 2026,10,927713122,927713122,9283,Outbound,Portabilidad Postpago,RETIRO EN TIENDA,Retiro en tienda,1009,CERRADAS,Entregado,Entregado,NET_NRUBIOMARCO,SIM,2 oct 2026,2 oct 2026,null,No,CERRADAS,2026-10-03 00:08:40,Multilínea,Mono_item,Ica,null,Power ilim 79.90 SD N,null,null,09:00 - 21:00,Cerrado,Resuelto,null,null
Netcall,3 oct 2026,9,928029824,92802982489511710101030213257,9283,Outbound,Portabilidad Postpago,EXPRESS,Retiro en tienda,9345,ABIERTAS,Pendiente Entrega,Pendiente Entrega,TLV_NET_DBARTET,SIM,6 oct 2026,null,null,No,ABIERTAS,null,Multilínea,Mono_item,Ica,null,null,null,null,08:00 - 20:00,En Progreso,Punto de No Retorno,null,null
Netcall,2 oct 2026,10,927727318,927727318,9283,Outbound,Portabilidad Postpago,EXPRESS,Logixtal,9345,ABIERTAS,Pendiente Entrega,Pendiente Entrega,NET_MVASQUEZV,SIM,2 oct 2026,null,null,No,ABIERTAS,null,Multilínea,Mono_item,Ica,null,null,null,null,08:00 - 20:00,En Progreso,Punto de No Retorno,null,ICA
Netcall,3 oct 2026,12,928102002,928102002Empty,9283,Outbound,Portabilidad Postpago,RETIRO EN TIENDA,Retiro en tienda,1009,ABIERTAS,Pendiente Entrega,Pendiente Entrega,NET_CGARCIAC,SIM,3 oct 2026,null,null,No,ABIERTAS,null,Multilínea,Mono_item,Ica,null,null,null,null,09:00 - 21:00,En Progreso,En Progreso,null,null
Netcall,3 oct 2026,13,928118448,928118448Empty,9283,Outbound,Portabilidad Postpago,PROGRAMADO,Retiro en tienda,9345,ABIERTAS,Pendiente Entrega,Pendiente Entrega,NET_JMINIANOR,SIM,5 oct 2026,null,null,No,ABIERTAS,null,Monolínea,Mono_item,Ica,null,null,null,null,13:01 - 19:00,En Progreso,En Progreso,null,null
Netcall,1 oct 2026,16,927366714,9273667148286542531755,9283,Outbound,Portabilidad Postpago,PROGRAMADO,Logixtal,9345,CANCELADAS,Anulado,CLIENTE YA NO DESEA PRODUCTO,NET_YGARCIAP,SIM,2 oct 2026,null,null,No,CANCELADAS,2026-10-02 14:21:41,Monolínea,Mono_item,Ica,null,null,Power ilim 69.90 N,TELEFONICAPE,13:01 - 19:00,Cancelado,Rechazado,Desconocido,ICA
Netcall,2 oct 2026,17,927863841,927863841,9283,Outbound,Portabilidad Postpago,RETIRO EN TIENDA,Retiro en tienda,1009,CERRADAS,Entregado,Entregado,NET_APACHECO,SIM,2 oct 2026,2 oct 2026,null,No,CERRADAS,2026-10-03 01:34:22,Multilínea,Mono_item,Ica,null,Power ilim 79.90 SD N,null,null,09:00 - 21:00,Cerrado,Resuelto,null,null
Netcall,3 oct 2026,11,928068745,92806874589511710101030121427,9265,Outbound,Portabilidad Postpago,EXPRESS,Retiro en tienda,9345,ABIERTAS,Entregado,Entregado,NET_IRODRIGUEZS,SIM,3 oct 2026,null,null,No,ABIERTAS,null,Monolínea,Mono_item,Ica,null,null,null,null,10:00 - 20:00,En Progreso,Punto de No Retorno,null,null
Netcall,3 oct 2026,9,928038134,928038134Empty,9283,Outbound,Portabilidad Postpago,PROGRAMADO,Retiro en tienda,9345,ABIERTAS,Pendiente Entrega,Pendiente Entrega,NET_EMMENDIZF,SIM,5 oct 2026,null,null,No,ABIERTAS,null,Monolínea,Mono_item,Ica,null,null,null,null,09:00 - 13:00,En Progreso,En Progreso,null,null
Netcall,3 oct 2026,11,928064141,928064141Empty,9283,Outbound,Portabilidad Postpago,PROGRAMADO,Retiro en tienda,9345,ABIERTAS,Pendiente Entrega,Pendiente Entrega,NET_VOBESOS,SIM,5 oct 2026,null,null,No,ABIERTAS,null,Monolínea,Mono_item,Ica,null,null,null,null,09:00 - 13:00,En Progreso,En Progreso,null,null
Netcall,1 oct 2026,16,927357611,9273576118286451567266,9283,Outbound,Portabilidad Postpago,RETIRO EN TIENDA,Retiro en tienda,1009,CERRADAS,Entregado,Entregado,NET_EBOZA,SIM,1 oct 2026,1 oct 2026,null,No,CERRADAS,2026-10-02 03:44:07,Monolínea,Mono_item,Ica,null,Power ilim 69.90 N,Power ilim 69.90 N,AmericaMovil,09:00 - 21:00,Cerrado,Resuelto,Desconocido,null
Netcall,3 oct 2026,9,928028965,92802896589511710101030213265,9283,Outbound,Portabilidad Postpago,EXPRESS,Retiro en tienda,9345,ABIERTAS,Pendiente Entrega,Pendiente Entrega,TLV_NET_DBARTET,SIM,6 oct 2026,null,null,No,ABIERTAS,null,Multilínea,Mono_item,Ica,null,null,null,null,08:00 - 20:00,En Progreso,Punto de No Retorno,null,null
Netcall,3 oct 2026,9,928027672,92802767289511710101030217506,9283,Outbound,Portabilidad Postpago,EXPRESS,Retiro en tienda,9345,ABIERTAS,Pendiente Entrega,Pendiente Entrega,NET_SMENDOZAV,SIM,3 oct 2026,null,null,No,ABIERTAS,null,Monolínea,Mono_item,Ica,null,null,null,null,10:00 - 20:00,En Progreso,Punto de No Retorno,null,null
Netcall,2 oct 2026,10,927728831,927728831,9283,Outbound,Portabilidad Postpago,EXPRESS,Logixtal,9345,ABIERTAS,Anulado,NO UBICA DIRECCION,NET_MOQUISPITON,SIM,2 oct 2026,null,null,No,ABIERTAS,null,Monolínea,Mono_item,Ica,null,null,null,null,10:00 - 20:00,En Progreso,Punto de No Retorno,null,ICA
Netcall,3 oct 2026,10,928056867,928056867Empty,9283,Outbound,Portabilidad Postpago,RETIRO EN TIENDA,Retiro en tienda,7150,ABIERTAS,Pendiente Entrega,Pendiente Entrega,NET_MLAZAROR,SIM,3 oct 2026,null,null,No,ABIERTAS,null,Monolínea,Mono_item,Ica,null,null,null,null,09:00 - 21:00,En Progreso,En Progreso,null,null
Netcall,3 oct 2026,12,928103838,928103838Empty,9283,Outbound,Portabilidad Postpago,RETIRO EN TIENDA,Retiro en tienda,1009,ABIERTAS,Pendiente Entrega,Pendiente Entrega,NET_CGARCIAC,SIM,3 oct 2026,null,null,No,ABIERTAS,null,Multilínea,Mono_item,Ica,null,null,null,null,09:00 - 21:00,En Progreso,En Progreso,null,null
Netcall,1 oct 2026,11,927276121,9272761218285666530729,9283,Outbound,Portabilidad Postpago,RETIRO EN TIENDA,Retiro en tienda,1009,CERRADAS,Entregado,Entregado,NET_JTITOM,SIM,1 oct 2026,1 oct 2026,null,No,CERRADAS,2026-10-02 01:32:20,Multilínea,Multi_item,Ica,null,Power ilim 79.90 SD N,Power ilim 79.90 SD N,AmericaMovil,09:00 - 21:00,Cerrado,Resuelto,Desconocido,null
Netcall,2 oct 2026,10,927719955,927719955,9283,Outbound,Portabilidad Postpago,EXPRESS,Logixtal,9345,ABIERTAS,Pendiente Entrega,Pendiente Entrega,NET_MVASQUEZV,SIM,2 oct 2026,null,null,No,ABIERTAS,null,Multilínea,Mono_item,Ica,null,null,null,null,08:00 - 20:00,En Progreso,Punto de No Retorno,null,ICA
Netcall,1 oct 2026,10,927256953,9272569538285508473900,9283,Outbound,Portabilidad Postpago,EXPRESS,Logixtal,9345,CERRADAS,Entregado,Entregado,NET_KDIAZPISCOY,SIM,1 oct 2026,1 oct 2026,null,No,CERRADAS,2026-10-02 01:52:14,Multilínea,Mono_item,Ica,null,Power ilim 79.90 SD N,Power ilim 79.90 SD N,Viettel Peru,10:00 - 20:00,Cerrado,Resuelto,Desconocido,ICA
Netcall,1 oct 2026,15,927346555,9273465558286346045794,9283,Outbound,Portabilidad Postpago,PROGRAMADO,Logixtal,9345,CERRADAS,Entregado,Entregado,NET_JAMASIFUENT,SIM,2 oct 2026,2 oct 2026,null,No,CERRADAS,2026-10-03 01:28:19,Monolínea,Mono_item,Ica,null,Power ilim 69.90 N,Power ilim 69.90 N,TELEFONICAPE,09:00 - 13:00,Cerrado,Resuelto,Desconocido,ICA
Netcall,1 oct 2026,17,927378777,9273787778286667980508,9283,Outbound,Venta Regular / Alta,PROGRAMADO,Logixtal,9345,CANCELADAS,Anulado,SOLICITADO POR CANAL,NET_ATRIVINOS,SIM,2 oct 2026,null,null,No,CANCELADAS,2026-10-01 18:48:31,Multilínea,Mono_item,Ica,null,null,Power ilim 79.90 SD N,Desconocido,13:01 - 19:00,Cancelado,Rechazado,Desconocido,ICA
Netcall,1 oct 2026,8,927225749,9272257498285267648784,9283,Outbound,Portabilidad Postpago,EXPRESS,Logixtal,9345,CANCELADAS,Anulado,CLIENTE DESISTE - INFORMACIÓN INCORRECTA,NET_AARNAIZA,SIM,1 oct 2026,null,null,No,CANCELADAS,2026-10-02 11:13:44,Monolínea,Mono_item,Ica,null,null,Power ilim 79.90 SD N,TELEFONICAPE,10:00 - 20:00,Cancelado,Rechazado,Desconocido,ICA
Netcall,2 oct 2026,13,927796213,927796213,9283,Outbound,Portabilidad Postpago,PROGRAMADO,Logixtal,9345,ABIERTAS,Pendiente Entrega,Pendiente Entrega,TLV_NET_SVALDEZ,SIM,3 oct 2026,null,null,No,ABIERTAS,null,Multilínea,Mono_item,Ica,null,null,null,null,09:00 - 13:00,En Progreso,En Progreso,null,ICA
Netcall,3 oct 2026,8,928024138,92802413889511710101082018919,9283,Outbound,Portabilidad Postpago,RETIRO EN TIENDA,Retiro en tienda,1009,ABIERTAS,Pendiente Entrega,Pendiente Entrega,NET_LTAMAYOD,SIM,3 oct 2026,null,null,No,ABIERTAS,null,Multilínea,Mono_item,Ica,null,null,null,null,09:00 - 21:00,En Progreso,Pago Recibido,null,null
Netcall,1 oct 2026,11,927288903,9272889038285786129990,9283,Outbound,Portabilidad Postpago,RETIRO EN TIENDA,Retiro en tienda,1009,CERRADAS,Entregado,Entregado,NET_CMDELACRUZV,SIM,1 oct 2026,1 oct 2026,null,No,CERRADAS,2026-10-02 03:43:49,Multilínea,Mono_item,Ica,null,Power ilim 79.90 SD N,Power ilim 79.90 SD N,TELEFONICAPE,09:00 - 21:00,Cerrado,Resuelto,Desconocido,null
Netcall,3 oct 2026,13,928122837,928122837Empty,9259,Outbound,Portabilidad Postpago,PROGRAMADO,Retiro en tienda,9345,ABIERTAS,Pendiente Entrega,Pendiente Entrega,NET_MDIAZJ,SIM,5 oct 2026,null,null,No,ABIERTAS,null,Monolínea,Mono_item,Ica,null,null,null,null,13:01 - 19:00,null,null,null,null
Netcall,2 oct 2026,12,927759232,927759232,9283,Outbound,Portabilidad Postpago,RETIRO EN TIENDA,Retiro en tienda,1009,CERRADAS,Entregado,Entregado,NET_ATRIVINOS,SIM,2 oct 2026,2 oct 2026,null,No,CERRADAS,2026-10-03 00:19:22,Multilínea,Mono_item,Ica,null,Power ilim 79.90 SD N,null,null,09:00 - 21:00,Cerrado,Resuelto,null,null
Netcall,3 oct 2026,10,928046822,928046822Empty,5299,Outbound,Portabilidad Postpago,RETIRO EN TIENDA,Retiro en tienda,1009,ABIERTAS,Pendiente Entrega,Pendiente Entrega,NET_AEREYES,SIM,3 oct 2026,null,null,No,ABIERTAS,null,Monolínea,Mono_item,Ica,null,null,null,null,09:00 - 21:00,En Progreso,En Progreso,null,null
Netcall,1 oct 2026,18,927398402,9273984028286852641627,9265,Outbound,Portabilidad Postpago,RETIRO EN TIENDA,Retiro en tienda,1009,ABIERTAS,Pendiente Entrega,Pendiente Entrega,NET_IRODRIGUEZS,SIM,1 oct 2026,null,null,No,ABIERTAS,null,Monolínea,Mono_item,Ica,null,null,Power ilim 69.90 N,AmericaMovil,09:00 - 21:00,En Progreso,En Progreso,Desconocido,null
Netcall,3 oct 2026,11,928082382,92808238289511710101030225319,9283,Outbound,Portabilidad Postpago,EXPRESS,Retiro en tienda,9345,ABIERTAS,Entregado,Entregado,NET_ECARRETEROH,SIM,3 oct 2026,null,null,No,ABIERTAS,null,Monolínea,Mono_item,Ica,null,null,null,null,10:00 - 20:00,En Progreso,Punto de No Retorno,null,null
Netcall,2 oct 2026,9,927708829,927708829,9283,Outbound,Portabilidad Postpago,RETIRO EN TIENDA,Retiro en tienda,1009,ABIERTAS,Pendiente Entrega,Pendiente Entrega,NET_CGARCIAC,SIM,2 oct 2026,null,null,No,ABIERTAS,null,Multilínea,Mono_item,Ica,null,null,null,null,09:00 - 21:00,En Progreso,En Progreso,null,null
Netcall,2 oct 2026,9,927707585,927707585,9283,Outbound,Portabilidad Postpago,RETIRO EN TIENDA,Retiro en tienda,1009,ABIERTAS,Pendiente Entrega,Pendiente Entrega,NET_CGARCIAC,SIM,2 oct 2026,null,null,No,ABIERTAS,null,Multilínea,Mono_item,Ica,null,null,null,null,09:00 - 21:00,En Progreso,En Progreso,null,null
Netcall,2 oct 2026,9,927700061,927700061,9283,Outbound,Portabilidad Postpago,RETIRO EN TIENDA,Retiro en tienda,1009,CERRADAS,Entregado,Entregado,NET_JTITOM,SIM,2 oct 2026,2 oct 2026,null,No,CERRADAS,2026-10-03 00:23:27,Multilínea,Mono_item,Ica,null,Power ilim 79.90 SD N,null,null,09:00 - 21:00,Cerrado,Resuelto,null,null
Netcall,3 oct 2026,10,928040289,92804028989511710101030121468,9283,Outbound,Portabilidad Postpago,EXPRESS,Retiro en tienda,9345,ABIERTAS,Entregado,Entregado,NET_YHUAMAN,SIM,3 oct 2026,null,null,No,ABIERTAS,null,Monolínea,Mono_item,Ica,null,null,null,null,10:00 - 20:00,En Progreso,Punto de No Retorno,null,null
Netcall,3 oct 2026,8,928024232,92802423289511710101030213281,9283,Outbound,Venta Regular / Alta,EXPRESS,Retiro en tienda,9345,CERRADAS,Entregado,Entregado,NET_GMENDIGUETE,SIM,3 oct 2026,3 oct 2026,null,No,CERRADAS,2026-10-03 13:51:21,Monolínea,Mono_item,Ica,null,null,null,null,10:00 - 20:00,En Progreso,Punto de No Retorno,null,null
Netcall,1 oct 2026,11,927276121,9272761218285666530512,9283,Outbound,Portabilidad Postpago,RETIRO EN TIENDA,Retiro en tienda,1009,CERRADAS,Entregado,Entregado,NET_JTITOM,SIM,1 oct 2026,1 oct 2026,null,No,CERRADAS,2026-10-02 01:32:20,Multilínea,Multi_item,Ica,null,Power ilim 79.90 SD N,Power ilim 79.90 SD N,AmericaMovil,09:00 - 21:00,Cerrado,Resuelto,Desconocido,null
Netcall,2 oct 2026,18,927878519,927878519,9283,Outbound,Portabilidad Postpago,RETIRO EN TIENDA,Retiro en tienda,7161,ABIERTAS,Pendiente Entrega,Pendiente Entrega,NET_AMORALEST,SIM,2 oct 2026,null,null,No,ABIERTAS,null,Monolínea,Mono_item,Ica,null,null,null,null,09:00 - 21:00,En Progreso,En Progreso,null,null
Netcall,1 oct 2026,10,927255537,927255537,9283,Outbound,Portabilidad Postpago,EXPRESS,Logixtal,9345,CERRADAS,Entregado,Entregado,NET_KDIAZPISCOY,SIM,1 oct 2026,1 oct 2026,null,No,CERRADAS,2026-10-02 00:17:33,Multilínea,Mono_item,Ica,null,Power ilim 79.90 SD N,null,null,10:00 - 20:00,Cerrado,Resuelto,null,ICA
Netcall,1 oct 2026,16,927367485,9273674858286554945913,9283,Outbound,Portabilidad Postpago,PROGRAMADO,Logixtal,9345,ABIERTAS,Anulado,NO UBICA DIRECCION,NET_ATELLOY,SIM,2 oct 2026,null,null,No,ABIERTAS,null,Multilínea,Mono_item,Ica,null,null,Power ilim 79.90 SD N,AmericaMovil,13:01 - 19:00,En Progreso,Punto de No Retorno,Desconocido,ICA
Netcall,1 oct 2026,17,927379935,9273799358286676553609,9283,Outbound,Portabilidad Postpago,PROGRAMADO,Logixtal,9345,CANCELADAS,Anulado,SOLICITADO POR CANAL,NET_ATRIVINOS,SIM,2 oct 2026,null,null,No,CANCELADAS,2026-10-01 18:48:01,Multilínea,Mono_item,Ica,null,null,Power ilim 79.90 SD N,Viettel Peru,13:01 - 19:00,Cancelado,Rechazado,Desconocido,ICA
Netcall,1 oct 2026,12,927292814,9272928148285817976223,9283,Outbound,Portabilidad Postpago,RETIRO EN TIENDA,Retiro en tienda,1009,CERRADAS,Entregado,Entregado,NET_CMDELACRUZV,SIM,1 oct 2026,1 oct 2026,null,No,CERRADAS,2026-10-02 01:21:28,Multilínea,Mono_item,Ica,null,Power ilim 79.90 SD N,Power ilim 79.90 SD N,TELEFONICAPE,09:00 - 21:00,Cerrado,Resuelto,Desconocido,null
Netcall,2 oct 2026,10,927717350,927717350,9283,Outbound,Portabilidad Postpago,RETIRO EN TIENDA,Retiro en tienda,1009,ABIERTAS,Pendiente Entrega,Pendiente Entrega,NET_DMORENOL,SIM,2 oct 2026,null,null,No,ABIERTAS,null,Monolínea,Mono_item,Ica,null,null,null,null,09:00 - 21:00,En Progreso,Documentación Generada,null,null
Netcall,2 oct 2026,10,927727993,927727993,9283,Outbound,Portabilidad Postpago,EXPRESS,Logixtal,9345,CERRADAS,Entregado,Entregado,NET_LRUIZH,SIM,2 oct 2026,2 oct 2026,null,No,CERRADAS,2026-10-03 00:43:28,Multilínea,Mono_item,Ica,null,Power ilim 79.90 SD N,null,null,10:00 - 20:00,Cerrado,Resuelto,null,ICA
Netcall,2 oct 2026,14,927804654,927804654,9283,Outbound,Portabilidad Postpago,PROGRAMADO,Logixtal,9345,ABIERTAS,Pendiente Entrega,Pendiente Entrega,NET_EBOZA,SIM,3 oct 2026,null,null,No,ABIERTAS,null,Monolínea,Mono_item,Ica,null,null,null,null,13:01 - 19:00,En Progreso,En Progreso,null,ICA
Netcall,1 oct 2026,10,927264855,9272648558285580459607,9283,Outbound,Portabilidad Postpago,RETIRO EN TIENDA,Retiro en tienda,1009,CERRADAS,Entregado,Entregado,NET_MORIHUELAQ,SIM,1 oct 2026,2 oct 2026,null,No,CERRADAS,2026-10-03 01:21:13,Monolínea,Mono_item,Ica,null,Power ilim 69.90 N,Power ilim 69.90 N,Viettel Peru,09:00 - 21:00,Cerrado,Resuelto,Desconocido,null
Netcall,2 oct 2026,11,927757656,927757656,9283,Outbound,Venta Regular / Alta,RETIRO EN TIENDA,Retiro en tienda,1009,CERRADAS,Entregado,Entregado,NET_ATRIVINOS,SIM,2 oct 2026,2 oct 2026,null,No,CERRADAS,2026-10-02 13:47:35,Multilínea,Mono_item,Ica,null,Power ilim 79.90 SD N,null,null,09:00 - 21:00,Cerrado,Resuelto,null,null
Netcall,1 oct 2026,16,927365276,9273652768286530181773,9283,Outbound,Venta Regular / Alta,PROGRAMADO,Logixtal,9345,ABIERTAS,Anulado,NO UBICA DIRECCION,NET_ATELLOY,SIM,2 oct 2026,null,null,No,ABIERTAS,null,Multilínea,Mono_item,Ica,null,null,Power ilim 79.90 SD N,Desconocido,09:00 - 13:00,En Progreso,Punto de No Retorno,Desconocido,ICA
Netcall,1 oct 2026,17,927382745,9273827458286705091544,9283,Outbound,Portabilidad Postpago,PROGRAMADO,Logixtal,9345,CERRADAS,Entregado,Entregado,NET_JMINIANOR,SIM,2 oct 2026,2 oct 2026,null,No,CERRADAS,2026-10-03 00:38:39,Monolínea,Mono_item,Ica,null,Power ilim 69.90 N,Power ilim 69.90 N,TELEFONICAPE,13:01 - 19:00,Cerrado,Resuelto,Desconocido,ICA
Netcall,2 oct 2026,10,927723907,927723907,9283,Outbound,Portabilidad Postpago,EXPRESS,Logixtal,9345,CERRADAS,Entregado,Entregado,NET_EJARANAA,SIM,2 oct 2026,2 oct 2026,null,No,CERRADAS,2026-10-03 01:11:41,Monolínea,Mono_item,Ica,null,Power ilim 79.90 SD N,null,null,10:00 - 20:00,Cerrado,Resuelto,null,ICA
Netcall,2 oct 2026,11,927753806,927753806,9283,Outbound,Portabilidad Postpago,PROGRAMADO,Logixtal,9345,ABIERTAS,Pendiente Entrega,Pendiente Entrega,NET_INAVARROI,SIM,3 oct 2026,null,null,No,ABIERTAS,null,Monolínea,Mono_item,Ica,null,null,null,null,09:00 - 13:00,En Progreso,En Progreso,null,ICA
Netcall,2 oct 2026,14,927802149,927802149,9283,Outbound,Portabilidad Postpago,PROGRAMADO,Logixtal,9345,ABIERTAS,Pendiente Entrega,Pendiente Entrega,TLV_NET_GCUEVAC,SIM,3 oct 2026,null,null,No,ABIERTAS,null,Multilínea,Mono_item,Ica,null,null,null,null,13:01 - 19:00,En Progreso,En Progreso,null,ICA
Netcall,2 oct 2026,14,927804620,927804620,9283,Outbound,Portabilidad Postpago,RETIRO EN TIENDA,Retiro en tienda,7150,ABIERTAS,Pendiente Entrega,Pendiente Entrega,NET_MLAZAROR,SIM,2 oct 2026,null,null,No,ABIERTAS,null,Monolínea,Mono_item,Ica,null,null,null,null,09:00 - 21:00,En Progreso,En Progreso,null,null
Netcall,2 oct 2026,10,927715052,927715052,9283,Outbound,Portabilidad Postpago,RETIRO EN TIENDA,Retiro en tienda,1009,CERRADAS,Entregado,Entregado,NET_NRUBIOMARCO,SIM,2 oct 2026,2 oct 2026,null,No,CERRADAS,2026-10-03 00:15:52,Multilínea,Mono_item,Ica,null,Power ilim 79.90 SD N,null,null,09:00 - 21:00,Cerrado,Resuelto,null,null
Netcall,2 oct 2026,9,927704551,927704551,9283,Outbound,Portabilidad Postpago,RETIRO EN TIENDA,Retiro en tienda,7161,ABIERTAS,Pendiente Entrega,Pendiente Entrega,NET_JCHEROO,SIM,2 oct 2026,null,null,No,ABIERTAS,null,Monolínea,Mono_item,Ica,null,null,null,null,09:00 - 21:00,En Progreso,En Progreso,null,null
Netcall,2 oct 2026,10,927712509,927712509,9283,Outbound,Portabilidad Postpago,EXPRESS,Logixtal,9345,CERRADAS,Entregado,Entregado,NET_DEGALLARDOA,SIM,2 oct 2026,2 oct 2026,null,No,CERRADAS,2026-10-03 00:08:18,Monolínea,Mono_item,Ica,null,Power ilim 69.90 N,null,null,10:00 - 20:00,Cerrado,Resuelto,null,ICA
Netcall,1 oct 2026,12,927291022,927291022,9283,Outbound,Portabilidad Postpago,RETIRO EN TIENDA,Retiro en tienda,1009,CERRADAS,Entregado,Entregado,NET_CMDELACRUZV,SIM,1 oct 2026,1 oct 2026,null,No,CERRADAS,2026-10-02 00:15:04,Multilínea,Mono_item,Ica,null,Power ilim 79.90 SD N,null,null,09:00 - 21:00,Cerrado,Resuelto,null,null
Netcall,1 oct 2026,11,927273863,9272738638285648249138,9283,Outbound,Portabilidad Postpago,RETIRO EN TIENDA,Retiro en tienda,1009,CERRADAS,Entregado,Entregado,NET_JTITOM,SIM,1 oct 2026,1 oct 2026,null,No,CERRADAS,2026-10-02 01:23:58,Multilínea,Multi_item,Ica,null,Power ilim 79.90 SD N,Power ilim 79.90 SD N,AmericaMovil,09:00 - 21:00,Cerrado,Resuelto,Portabilidad Rechazada. REC01ABD15: El Código NIP es invalido | REC01ABD15,null
Netcall,2 oct 2026,9,927702572,927702572,9283,Outbound,Portabilidad Postpago,RETIRO EN TIENDA,Retiro en tienda,1009,CERRADAS,Entregado,Entregado,NET_JTITOM,SIM,2 oct 2026,2 oct 2026,null,No,CERRADAS,2026-10-03 01:58:43,Multilínea,Mono_item,Ica,null,Power ilim 79.90 SD N,null,null,09:00 - 21:00,Cerrado,Resuelto,null,null
Netcall,2 oct 2026,13,927793530,927793530,9283,Outbound,Portabilidad Postpago,PROGRAMADO,Logixtal,9345,ABIERTAS,Pendiente Entrega,Pendiente Entrega,TLV_NET_SVALDEZ,SIM,3 oct 2026,null,null,No,ABIERTAS,null,Multilínea,Mono_item,Ica,null,null,null,null,09:00 - 13:00,En Progreso,En Progreso,null,ICA
Netcall,1 oct 2026,14,927328270,9273282708286165504221,9283,Outbound,Portabilidad Postpago,RETIRO EN TIENDA,Retiro en tienda,7161,CERRADAS,Entregado,Entregado,TLV_NET_FVALQUI,SIM,1 oct 2026,2 oct 2026,null,No,CERRADAS,2026-10-03 00:57:01,Monolínea,Mono_item,Ica,null,Power ilim 69.90 N,Power ilim 69.90 N,AmericaMovil,09:00 - 21:00,Cerrado,Resuelto,Desconocido,null
Netcall,2 oct 2026,17,927854410,927854410,9283,Outbound,Portabilidad Postpago,RETIRO EN TIENDA,Retiro en tienda,1009,CERRADAS,Entregado,Entregado,NET_MORIHUELAQ,SIM,2 oct 2026,2 oct 2026,null,No,CERRADAS,2026-10-03 00:29:44,Monolínea,Mono_item,Ica,null,Power ilim 79.90 SD N,null,null,09:00 - 21:00,Cerrado,Resuelto,null,null
Netcall,2 oct 2026,18,927871830,927871830,9283,Outbound,Portabilidad Postpago,PROGRAMADO,Logixtal,9345,ABIERTAS,Pendiente Entrega,Pendiente Entrega,NET_MCRUZE,SIM,5 oct 2026,null,null,No,ABIERTAS,null,Monolínea,Mono_item,Ica,null,null,null,null,09:00 - 13:00,En Progreso,En Progreso,null,ICA
Netcall,2 oct 2026,14,927802915,927802915,9283,Outbound,Portabilidad Postpago,PROGRAMADO,Logixtal,9345,ABIERTAS,Pendiente Entrega,Pendiente Entrega,TLV_NET_GCUEVAC,SIM,3 oct 2026,null,null,No,ABIERTAS,null,Multilínea,Mono_item,Ica,null,null,null,null,13:01 - 19:00,En Progreso,En Progreso,null,ICA
Netcall,2 oct 2026,13,927795230,927795230,9283,Outbound,Portabilidad Postpago,PROGRAMADO,Logixtal,9345,ABIERTAS,Pendiente Entrega,Pendiente Entrega,TLV_NET_SVALDEZ,SIM,3 oct 2026,null,null,No,ABIERTAS,null,Multilínea,Mono_item,Ica,null,null,null,null,09:00 - 13:00,En Progreso,En Progreso,null,ICA
Netcall,2 oct 2026,17,927865469,927865469,9283,Outbound,Venta Regular / Alta,RETIRO EN TIENDA,Retiro en tienda,1009,CERRADAS,Entregado,Entregado,NET_APACHECO,SIM,2 oct 2026,2 oct 2026,null,No,CERRADAS,2026-10-02 18:21:21,Multilínea,Mono_item,Ica,null,Power ilim 79.90 SD N,null,null,09:00 - 21:00,Cerrado,Resuelto,null,null
Netcall,2 oct 2026,17,927868965,927868965,9283,Outbound,Portabilidad Postpago,RETIRO EN TIENDA,Retiro en tienda,1009,ABIERTAS,Pendiente Entrega,Pendiente Entrega,NET_DVALVERDEM,SIM,2 oct 2026,null,null,No,ABIERTAS,null,Multilínea,Mono_item,Ica,null,null,null,null,09:00 - 21:00,En Progreso,En Progreso,null,null
Netcall,1 oct 2026,11,927273863,9272738638285648249355,9283,Outbound,Portabilidad Postpago,RETIRO EN TIENDA,Retiro en tienda,1009,CERRADAS,Entregado,Entregado,NET_JTITOM,SIM,1 oct 2026,1 oct 2026,null,No,CERRADAS,2026-10-02 01:23:58,Multilínea,Multi_item,Ica,null,Power ilim 79.90 SD N,Power ilim 79.90 SD N,AmericaMovil,09:00 - 21:00,Cerrado,Resuelto,Portabilidad Rechazada. REC01ABD15: El Código NIP es invalido | REC01ABD15,null
Netcall,2 oct 2026,13,927790226,927790226,9283,Outbound,Portabilidad Postpago,PROGRAMADO,Logixtal,9345,ABIERTAS,Pendiente Entrega,Pendiente Entrega,TLV_NET_ECUROS,SIM,3 oct 2026,null,null,No,ABIERTAS,null,Monolínea,Mono_item,Ica,null,null,null,null,13:01 - 19:00,En Progreso,En Progreso,null,ICA
Netcall,2 oct 2026,10,927729492,927729492,9283,Outbound,Portabilidad Postpago,EXPRESS,Logixtal,9345,CERRADAS,Entregado,Entregado,NET_LRUIZH,SIM,2 oct 2026,2 oct 2026,null,No,CERRADAS,2026-10-03 00:25:47,Multilínea,Mono_item,Ica,null,Power ilim 79.90 SD N,null,null,10:00 - 20:00,Cerrado,Resuelto,null,ICA
Netcall,2 oct 2026,14,927797005,927797005,9283,Outbound,Portabilidad Postpago,PROGRAMADO,Logixtal,9345,ABIERTAS,Pendiente Entrega,Pendiente Entrega,TLV_NET_SVALDEZ,SIM,3 oct 2026,null,null,No,ABIERTAS,null,Multilínea,Mono_item,Ica,null,null,null,null,09:00 - 13:00,En Progreso,En Progreso,null,ICA
Netcall,2 oct 2026,15,927816170,927816170,9283,Outbound,Portabilidad Postpago,PROGRAMADO,Logixtal,9001,ABIERTAS,Pendiente Entrega,Pendiente Entrega,NET_DEGALLARDOA,SIM,3 oct 2026,null,null,No,ABIERTAS,null,Multilínea,Mono_item,Lima - Callao,null,null,null,null,09:00 - 20:00,En Progreso,En Progreso,null,HUAURA
Netcall,2 oct 2026,15,927814425,927814425,9283,Outbound,Portabilidad Postpago,PROGRAMADO,Logixtal,9001,ABIERTAS,Pendiente Entrega,Pendiente Entrega,NET_DEGALLARDOA,SIM,3 oct 2026,null,null,No,ABIERTAS,null,Multilínea,Mono_item,Lima - Callao,null,null,null,null,09:00 - 20:00,En Progreso,En Progreso,null,HUAURA
Netcall,3 oct 2026,10,928043432,928043432Empty,9283,Outbound,Portabilidad Postpago,RETIRO EN TIENDA,Retiro en tienda,3203,ABIERTAS,Pendiente Entrega,Pendiente Entrega,NET_EAYALAE,SIM,3 oct 2026,null,null,No,ABIERTAS,null,Monolínea,Mono_item,Lima - Callao,null,null,null,null,09:00 - 21:00,En Progreso,En Progreso,null,null
Netcall,2 oct 2026,12,927772821,927772821,9283,Outbound,Portabilidad Postpago,RETIRO EN TIENDA,Retiro en tienda,3203,CERRADAS,Entregado,Entregado,NET_SLIZARDOPER,SIM,2 oct 2026,2 oct 2026,null,No,CERRADAS,2026-10-03 00:46:16,Monolínea,Mono_item,Lima - Callao,null,Power ilim 79.90 SD N,null,null,09:00 - 21:00,Cerrado,Resuelto,null,null
Netcall,3 oct 2026,12,928100593,928100593Empty,9283,Outbound,Portabilidad Postpago,RETIRO EN TIENDA,Retiro en tienda,3203,ABIERTAS,Pendiente Entrega,Pendiente Entrega,NET_SRAMOSC,SIM,3 oct 2026,null,null,No,ABIERTAS,null,Monolínea,Mono_item,Lima - Callao,null,null,null,null,09:00 - 21:00,En Progreso,En Progreso,null,null
Netcall,2 oct 2026,13,927795935,927795935,9283,Outbound,Portabilidad Postpago,RETIRO EN TIENDA,Retiro en tienda,3203,ABIERTAS,Pendiente Entrega,Pendiente Entrega,NET_KAGRAMONTEM,SIM,2 oct 2026,null,null,No,ABIERTAS,null,Monolínea,Mono_item,Lima - Callao,null,null,null,null,09:00 - 21:00,En Progreso,En Progreso,null,null
Netcall,2 oct 2026,12,927770583,927770583,9283,Outbound,Portabilidad Postpago,RETIRO EN TIENDA,Retiro en tienda,7169,CERRADAS,Entregado,Entregado,TLV_NET_EBULNES,SIM,2 oct 2026,2 oct 2026,null,No,CERRADAS,2026-10-03 00:37:35,Multilínea,Mono_item,Ancash,null,Power ilim 79.90 SD N,null,null,09:00 - 21:00,Cerrado,Resuelto,null,null
Netcall,1 oct 2026,16,927358562,9273585628286476963376,9283,Outbound,Portabilidad Postpago,RETIRO EN TIENDA,Retiro en tienda,7169,CERRADAS,Entregado,Entregado,NET_RNUNEZH,SIM,1 oct 2026,1 oct 2026,null,No,CERRADAS,2026-10-02 01:17:09,Monolínea,Mono_item,Ancash,null,Power ilim 79.90 SD N,Power ilim 79.90 SD N,TELEFONICAPE,09:00 - 21:00,Cerrado,Resuelto,Desconocido,null
Netcall,3 oct 2026,12,928086134,928086134Empty,9283,Outbound,Portabilidad Postpago,RETIRO EN TIENDA,Retiro en tienda,7169,ABIERTAS,Pendiente Entrega,Pendiente Entrega,NET_BAYALAR,SIM,3 oct 2026,null,null,No,ABIERTAS,null,Monolínea,Mono_item,Ancash,null,null,null,null,09:00 - 21:00,En Progreso,En Progreso,null,null
Netcall,2 oct 2026,12,927771741,927771741,9283,Outbound,Portabilidad Postpago,RETIRO EN TIENDA,Retiro en tienda,7169,CERRADAS,Entregado,Entregado,TLV_NET_EBULNES,SIM,2 oct 2026,2 oct 2026,null,No,CERRADAS,2026-10-03 01:05:52,Multilínea,Mono_item,Ancash,null,Power ilim 79.90 SD N,null,null,09:00 - 21:00,Cerrado,Resuelto,null,null
Netcall,1 oct 2026,18,927375221,9273752218286960567009,9283,Outbound,Portabilidad Postpago,RETIRO EN TIENDA,Retiro en tienda,3016,CERRADAS,Entregado,Entregado,NET_JVMORENO,SIM,1 oct 2026,1 oct 2026,null,No,CERRADAS,2026-10-02 01:09:20,Monolínea,Mono_item,Ancash,null,Power ilim 69.90 N,Power ilim 69.90 N,AmericaMovil,09:00 - 21:00,Cerrado,Resuelto,Desconocido,null
Netcall,1 oct 2026,10,927265310,927265310,9283,Outbound,Portabilidad Postpago,EXPRESS,Logixtal,9344,CERRADAS,Entregado,Entregado,NET_JSANGAMA,SIM,1 oct 2026,1 oct 2026,null,No,CERRADAS,2026-10-02 00:34:58,Monolínea,Mono_item,Ancash,null,Power ilim 69.90 N,null,null,10:00 - 20:00,Cerrado,Resuelto,null,HUARAZ
Netcall,2 oct 2026,17,927866507,927866507,9271,Outbound,Portabilidad Postpago,PROGRAMADO,Logixtal,9344,ABIERTAS,Pendiente Entrega,Pendiente Entrega,NET_JAREVALOC,SIM,3 oct 2026,null,null,No,ABIERTAS,null,Monolínea,Mono_item,Ancash,null,null,null,null,09:00 - 13:00,En Progreso,En Progreso,null,HUARAZ
Netcall,2 oct 2026,12,927763054,927763054,9271,Outbound,Portabilidad Postpago,RETIRO EN TIENDA,Retiro en tienda,3016,CERRADAS,Entregado,Entregado,NET_MRUIZSANCHC,SIM,2 oct 2026,2 oct 2026,null,No,CERRADAS,2026-10-03 01:26:51,Multilínea,Mono_item,Ancash,null,Power ilim 79.90 SD N,null,null,09:00 - 21:00,Cerrado,Resuelto,null,null
Netcall,2 oct 2026,12,927761467,927761467,9271,Outbound,Portabilidad Postpago,RETIRO EN TIENDA,Retiro en tienda,3016,CERRADAS,Entregado,Entregado,NET_MRUIZSANCHC,SIM,2 oct 2026,2 oct 2026,null,No,CERRADAS,2026-10-03 01:50:52,Multilínea,Mono_item,Ancash,null,Power ilim 79.90 SD N,null,null,09:00 - 21:00,Cerrado,Resuelto,null,null
Netcall,2 oct 2026,10,927728422,927728422,9283,Outbound,Portabilidad Postpago,PROGRAMADO,Logixtal,9344,ABIERTAS,Pendiente Entrega,Pendiente Entrega,NET_NSANTAMARIA,SIM,3 oct 2026,null,null,No,ABIERTAS,null,Multilínea,Mono_item,Ancash,null,null,null,null,09:00 - 13:00,En Progreso,En Progreso,null,HUARAZ
Netcall,1 oct 2026,17,927378818,9273788188286668399022,9283,Outbound,Portabilidad Postpago,PROGRAMADO,Logixtal,9344,CERRADAS,Entregado,Entregado,NET_EYDAVILAC,SIM,2 oct 2026,2 oct 2026,null,No,CERRADAS,2026-10-03 00:20:01,Monolínea,Mono_item,Ancash,null,Power ilim 69.90 N,Power ilim 69.90 N,AmericaMovil,09:00 - 13:00,Cerrado,Resuelto,Desconocido,HUARAZ
Netcall,2 oct 2026,10,927716968,927716968,9283,Outbound,Portabilidad Postpago,RETIRO EN TIENDA,Retiro en tienda,3016,CERRADAS,Entregado,Entregado,NET_LDIAZM,SIM,2 oct 2026,2 oct 2026,null,No,CERRADAS,2026-10-03 00:49:11,Multilínea,Mono_item,Ancash,null,Power ilim 79.90 SD N,null,null,09:00 - 21:00,Cerrado,Resuelto,null,null
Netcall,3 oct 2026,14,928122426,928122426Empty,9283,Outbound,Portabilidad Postpago,PROGRAMADO,Retiro en tienda,9344,ABIERTAS,Pendiente Entrega,Pendiente Entrega,NET_GLOPEZF,SIM,5 oct 2026,null,null,No,ABIERTAS,null,Monolínea,Mono_item,Ancash,null,null,null,null,13:01 - 19:00,null,null,null,null
Netcall,1 oct 2026,13,927314315,927314315,9283,Outbound,Portabilidad Postpago,EXPRESS,Logixtal,9344,CERRADAS,Entregado,Entregado,NET_EZEVALLOSZ,SIM,1 oct 2026,1 oct 2026,null,No,CERRADAS,2026-10-02 00:34:22,Monolínea,Mono_item,Ancash,null,Power ilim 79.90 SD N,null,null,10:00 - 20:00,Cerrado,Resuelto,null,HUARAZ
Netcall,3 oct 2026,11,928062591,92806259189511710111070971037,9271,Outbound,Portabilidad Postpago,EXPRESS,Retiro en tienda,9344,ABIERTAS,Pendiente Entrega,Pendiente Entrega,NET_LDIAZ,SIM,3 oct 2026,null,null,No,ABIERTAS,null,Monolínea,Mono_item,Ancash,null,null,null,null,10:00 - 20:00,En Progreso,Punto de No Retorno,null,null
Netcall,2 oct 2026,12,927770903,927770903,9283,Outbound,Portabilidad Postpago,EXPRESS,Logixtal,9344,CERRADAS,Entregado,Entregado,NET_ACUEVAC,SIM,2 oct 2026,2 oct 2026,null,No,CERRADAS,2026-10-03 02:36:49,Monolínea,Mono_item,Ancash,null,Power ilim 69.90 N,null,null,10:00 - 20:00,Cerrado,Resuelto,null,HUARAZ
Netcall,2 oct 2026,15,927820757,927820757,9283,Outbound,Portabilidad Postpago,RETIRO EN TIENDA,Retiro en tienda,3016,CANCELADAS,Cancelado,Cancelado,NET_JIYASHAMAR,SIM,2 oct 2026,null,null,No,CANCELADAS,2026-10-02 17:16:44,Monolínea,Mono_item,Ancash,null,null,null,null,09:00 - 21:00,Cancelado,Rechazado,null,null
Netcall,1 oct 2026,9,927227908,9272279088285274097394,9271,Outbound,Portabilidad Postpago,PROGRAMADO,Logixtal,9344,ABIERTAS,Pendiente Entrega,Pendiente Entrega,NET_PTORRESR,SIM,3 oct 2026,null,null,No,ABIERTAS,null,Monolínea,Mono_item,Ancash,null,null,Power ilim 69.90 N,Viettel Peru,13:01 - 19:00,En Progreso,En Progreso,Desconocido,HUARAZ
Netcall,2 oct 2026,10,927719476,927719476,9283,Outbound,Portabilidad Postpago,RETIRO EN TIENDA,Retiro en tienda,3016,CERRADAS,Entregado,Entregado,NET_LDIAZM,SIM,2 oct 2026,2 oct 2026,null,No,CERRADAS,2026-10-03 01:32:09,Multilínea,Mono_item,Ancash,null,Power ilim 79.90 SD N,null,null,09:00 - 21:00,Cerrado,Resuelto,null,null
Netcall,1 oct 2026,16,927373728,927373728,9283,Outbound,Portabilidad Postpago,EXPRESS,Logixtal,9344,CERRADAS,Entregado,Entregado,TLV_NET_MLANDAR,SIM,1 oct 2026,1 oct 2026,null,No,CERRADAS,2026-10-02 00:25:16,Monolínea,Mono_item,Ancash,null,Power ilim 69.90 N,null,null,10:00 - 20:00,Cerrado,Resuelto,null,HUARAZ
Netcall,1 oct 2026,15,927347066,9273470668286348752475,9283,Outbound,Portabilidad Postpago,RETIRO EN TIENDA,Retiro en tienda,3016,CERRADAS,Entregado,Entregado,NET_LDIAZM,SIM,1 oct 2026,1 oct 2026,null,No,CERRADAS,2026-10-02 00:41:56,Monolínea,Mono_item,Ancash,null,Power ilim 79.90 SD N,Power ilim 79.90 SD N,AmericaMovil,09:00 - 21:00,Cerrado,Resuelto,Desconocido,null
Netcall,2 oct 2026,12,927761439,927761439,9283,Outbound,Portabilidad Postpago,EXPRESS,Logixtal,9344,CERRADAS,Entregado,Entregado,NET_KORTIZD,SIM,2 oct 2026,2 oct 2026,null,No,CERRADAS,2026-10-03 01:06:29,Monolínea,Mono_item,Ancash,null,Power ilim 79.90 SD N,null,null,10:00 - 20:00,Cerrado,Resuelto,null,HUARAZ
Netcall,2 oct 2026,10,927726837,927726837,9283,Outbound,Portabilidad Postpago,PROGRAMADO,Logixtal,9344,ABIERTAS,Pendiente Entrega,Pendiente Entrega,NET_NSANTAMARIA,SIM,3 oct 2026,null,null,No,ABIERTAS,null,Multilínea,Mono_item,Ancash,null,null,null,null,09:00 - 13:00,En Progreso,En Progreso,null,HUARAZ
Netcall,2 oct 2026,17,927849777,927849777,9283,Outbound,Portabilidad Postpago,RETIRO EN TIENDA,Retiro en tienda,3016,CERRADAS,Entregado,Entregado,NET_YCASTILLOO,SIM,2 oct 2026,2 oct 2026,null,No,CERRADAS,2026-10-03 00:14:14,Monolínea,Mono_item,Ancash,null,Power ilim 79.90 SD N,null,null,09:00 - 21:00,Cerrado,Resuelto,null,null
Netcall,2 oct 2026,11,927740596,927740596,5299,Outbound,Portabilidad Postpago,EXPRESS,Logixtal,9344,CANCELADAS,Anulado,PIN PORTA_NO VALIDO,NET_AMENDOZAM,SIM,2 oct 2026,null,null,No,CANCELADAS,2026-10-02 12:21:18,Monolínea,Mono_item,Ancash,null,null,null,null,10:00 - 20:00,Cancelado,Pedido Cancelación,null,HUARAZ
Netcall,3 oct 2026,12,928098441,928098441Empty,9283,Outbound,Portabilidad Postpago,PROGRAMADO,Logixtal,9001,ABIERTAS,Pendiente Entrega,Pendiente de Picking,NET_RPINZONN,SIM,5 oct 2026,null,null,No,ABIERTAS,null,Monolínea,Mono_item,Lima - Callao,null,null,null,null,09:00 - 20:00,En Progreso,En Progreso,null,null
Netcall,2 oct 2026,17,927865866,927865866,9283,Outbound,Portabilidad Postpago,PROGRAMADO,Logixtal,9001,ABIERTAS,Pendiente Entrega,Pendiente Entrega,NET_PCHAVESTAY,SIM,5 oct 2026,null,null,No,ABIERTAS,null,Monolínea,Mono_item,Lima - Callao,null,null,null,null,09:00 - 20:00,En Progreso,En Progreso,null,HUARAL
Netcall,1 oct 2026,11,927282210,9272822108285722274774,9283,Outbound,Portabilidad Postpago,PROGRAMADO,Logixtal,9001,CANCELADAS,Entregado,Entregado,NET_LRAMIREZV,SIM,2 oct 2026,2 oct 2026,null,No,CANCELADAS,2026-10-02 22:00:29,Monolínea,Mono_item,Lima - Callao,null,null,Power ilim 79.90 SD N,TELEFONICAPE,09:00 - 20:00,Cancelado,Pedido Cancelación,Desconocido,HUARAL
Netcall,2 oct 2026,14,927799328,927799328,9283,Outbound,Portabilidad Postpago,EXPRESS,Logixtal,9001,ABIERTAS,Pendiente Entrega,Pendiente Entrega,NET_BAYALAR,SIM,2 oct 2026,null,null,No,ABIERTAS,null,Monolínea,Mono_item,Lima - Callao,null,null,null,null,08:00 - 20:00,En Progreso,Punto de No Retorno,null,HUARAL
Netcall,2 oct 2026,19,927900432,927900432,9283,Outbound,Portabilidad Postpago,PROGRAMADO,Logixtal,9001,ABIERTAS,Pendiente Entrega,Pendiente Entrega,NET_RPINZONN,SIM,5 oct 2026,null,null,No,ABIERTAS,null,Monolínea,Mono_item,Lima - Callao,null,null,null,null,09:00 - 20:00,En Progreso,En Progreso,null,HUARAL
Netcall,3 oct 2026,10,928053729,928053729Empty,9283,Outbound,Portabilidad Postpago,RETIRO EN TIENDA,Retiro en tienda,3091,ABIERTAS,Pendiente Entrega,Pendiente Entrega,NET_ATRIVINOS,SIM,3 oct 2026,null,null,No,ABIERTAS,null,Monolínea,Mono_item,Lima - Callao,null,null,null,null,09:00 - 21:00,En Progreso,Pago Recibido,null,null
Netcall,3 oct 2026,10,928060309,928060309Empty,9283,Outbound,Venta Regular / Alta,PROGRAMADO,Logixtal,9001,ABIERTAS,Pendiente Entrega,Pendiente de Picking,TLV_NET_DVALOI,SIM,5 oct 2026,null,null,No,ABIERTAS,null,Monolínea,Mono_item,Lima - Callao,null,null,null,null,09:00 - 20:00,En Progreso,En Progreso,null,null
Netcall,3 oct 2026,10,928041497,928041497Empty,9271,Outbound,Portabilidad Postpago,PROGRAMADO,Logixtal,9001,ABIERTAS,Pendiente Entrega,Pendiente de Picking,NET_MRUIZSANCHC,SIM,5 oct 2026,null,null,No,ABIERTAS,null,Monolínea,Mono_item,Lima - Callao,null,null,null,null,09:00 - 20:00,En Progreso,En Progreso,null,null
Netcall,3 oct 2026,9,928031959,928031959Empty,9283,Outbound,Portabilidad Postpago,PROGRAMADO,Logixtal,9001,ABIERTAS,Pendiente Entrega,Pendiente de Picking,NET_RPINZONN,SIM,5 oct 2026,null,null,No,ABIERTAS,null,Monolínea,Mono_item,Lima - Callao,null,null,null,null,09:00 - 20:00,En Progreso,En Progreso,null,null
Netcall,2 oct 2026,13,927787030,927787030,9283,Outbound,Portabilidad Postpago,RETIRO EN TIENDA,Retiro en tienda,3015,ABIERTAS,Pendiente Entrega,Pendiente Entrega,NET_MORIHUELAQ,SIM,2 oct 2026,null,null,No,ABIERTAS,null,Monolínea,Mono_item,Huanuco,null,null,null,null,09:00 - 21:00,En Progreso,En Progreso,null,null
Netcall,1 oct 2026,16,927374071,9273740718286613926671,9283,Outbound,Portabilidad Postpago,EXPRESS,Logixtal,9353,CERRADAS,Entregado,Entregado,NET_RMRAMIREZ,SIM,1 oct 2026,1 oct 2026,null,No,CERRADAS,2026-10-02 00:42:01,Monolínea,Mono_item,Huanuco,null,Power ilim 69.90 N,Power ilim 69.90 N,AmericaMovil,10:00 - 20:00,Cerrado,Resuelto,Desconocido,HUANUCO
Netcall,1 oct 2026,11,927276590,9272765908285668462438,9283,Outbound,Portabilidad Postpago,EXPRESS,Logixtal,9353,CERRADAS,Entregado,Entregado,NET_LHUAPAYAO,SIM,1 oct 2026,1 oct 2026,null,No,CERRADAS,2026-10-02 01:46:53,Monolínea,Mono_item,Huanuco,null,Power ilim 69.90 N,Power ilim 69.90 N,AmericaMovil,10:00 - 20:00,Cerrado,Resuelto,Desconocido,HUANUCO
Netcall,2 oct 2026,18,927868815,927868815,9283,Outbound,Portabilidad Postpago,RETIRO EN TIENDA,Retiro en tienda,3015,CERRADAS,Entregado,Entregado,TLV_NET_DSANC,SIM,2 oct 2026,2 oct 2026,null,No,CERRADAS,2026-10-03 01:40:18,Monolínea,Mono_item,Huanuco,null,Power ilim 69.90 N,null,null,09:00 - 21:00,Cerrado,Resuelto,null,null
Netcall,1 oct 2026,7,927198928,9271989288285188031553,9283,Outbound,Venta Regular / Alta,EXPRESS,Logixtal,9353,CERRADAS,Entregado,Entregado,NET_MFERRER,SIM,1 oct 2026,1 oct 2026,01/10/2026,Sí,CERRADAS,2026-10-01 11:35:32,Monolínea,Mono_item,Huanuco,39.9,Power 39.90 N,Power 39.90 N,Desconocido,10:00 - 20:00,Cerrado,Resuelto,Desconocido,HUANUCO
Netcall,2 oct 2026,9,927705613,927705613,9283,Outbound,Portabilidad Postpago,EXPRESS,Logixtal,9353,CERRADAS,Entregado,Entregado,NET_OTACOM,SIM,2 oct 2026,2 oct 2026,null,No,CERRADAS,2026-10-03 03:31:36,Monolínea,Mono_item,Huanuco,null,Power ilim 69.90 N,null,null,10:00 - 20:00,Cerrado,Resuelto,null,HUANUCO
Netcall,2 oct 2026,12,927763487,927763487,9283,Outbound,Portabilidad Postpago,PROGRAMADO,Logixtal,9353,ABIERTAS,Pendiente Entrega,Pendiente Entrega,TLV_NET_JPENAM,SIM,5 oct 2026,null,null,No,ABIERTAS,null,Monolínea,Mono_item,Huanuco,null,null,null,null,09:00 - 13:00,En Progreso,En Progreso,null,HUANUCO
Netcall,1 oct 2026,10,927253625,9272536258285499823610,9283,Outbound,Portabilidad Postpago,RETIRO EN TIENDA,Retiro en tienda,3015,CERRADAS,Entregado,Entregado,TLV_NET_KARANDA,SIM,1 oct 2026,1 oct 2026,null,No,CERRADAS,2026-10-02 01:21:24,Monolínea,Mono_item,Huanuco,null,Power ilim 79.90 SD N,Power ilim 79.90 SD N,Viettel Peru,09:00 - 21:00,Cerrado,Resuelto,Desconocido,null
Netcall,1 oct 2026,10,927246238,9272462388285425840588,5299,Outbound,Portabilidad Postpago,EXPRESS,Logixtal,9353,CERRADAS,Entregado,Entregado,NET_AREYNOSAC,SIM,1 oct 2026,1 oct 2026,null,No,CERRADAS,2026-10-02 00:42:00,Monolínea,Mono_item,Huanuco,null,Power ilim 79.90 SD N,Power ilim 79.90 SD N,TELEFONICAPE,10:00 - 20:00,Cerrado,Resuelto,Desconocido,HUANUCO
Netcall,2 oct 2026,10,927713213,927713213,9283,Outbound,Portabilidad Postpago,RETIRO EN TIENDA,Retiro en tienda,3015,ABIERTAS,Pendiente Entrega,Pendiente Entrega,NET_RTORRESB,SIM,2 oct 2026,null,null,No,ABIERTAS,null,Monolínea,Mono_item,Huanuco,null,null,null,null,09:00 - 21:00,En Progreso,En Progreso,null,null
Netcall,3 oct 2026,13,928115723,928115723Empty,9283,Outbound,Portabilidad Postpago,RETIRO EN TIENDA,Retiro en tienda,3015,ABIERTAS,Pendiente Entrega,Pendiente Entrega,TLV_NET_MFARFAN,SIM,3 oct 2026,null,null,No,ABIERTAS,null,Monolínea,Mono_item,Huanuco,null,null,null,null,09:00 - 21:00,En Progreso,En Progreso,null,null
Netcall,2 oct 2026,10,927711079,927711079,9283,Outbound,Portabilidad Postpago,EXPRESS,Logixtal,9353,CERRADAS,Entregado,Entregado,NET_RMRAMIREZ,SIM,2 oct 2026,2 oct 2026,null,No,CERRADAS,2026-10-03 00:24:34,Multilínea,Mono_item,Huanuco,null,Power ilim 79.90 SD N,null,null,10:00 - 20:00,Cerrado,Resuelto,null,HUANUCO
Netcall,2 oct 2026,9,927709951,927709951,9283,Outbound,Venta Regular / Alta,EXPRESS,Logixtal,9353,CERRADAS,Entregado,Entregado,NET_RMRAMIREZ,SIM,2 oct 2026,2 oct 2026,null,No,CERRADAS,2026-10-02 11:23:01,Multilínea,Mono_item,Huanuco,null,Power ilim 79.90 SD N,null,null,10:00 - 20:00,Cerrado,Resuelto,null,HUANUCO
Netcall,1 oct 2026,11,927289243,9272892438285789418599,9283,Outbound,Portabilidad Postpago,EXPRESS,Logixtal,9353,CERRADAS,Entregado,Entregado,NET_ATORRESP,SIM,1 oct 2026,1 oct 2026,null,No,CERRADAS,2026-10-02 01:48:46,Monolínea,Mono_item,Huanuco,null,Power ilim 79.90 SD N,Power ilim 79.90 SD N,TELEFONICAPE,10:00 - 20:00,Cerrado,Resuelto,Desconocido,HUANUCO
Netcall,1 oct 2026,9,927235283,9272352838285329571531,9283,Outbound,Portabilidad Postpago,PROGRAMADO,Logixtal,9353,ABIERTAS,Pendiente Entrega,Pendiente Entrega,TLV_NET_MFARFAN,SIM,3 oct 2026,null,null,No,ABIERTAS,null,Monolínea,Mono_item,Huanuco,null,null,Power ilim 69.90 N,TELEFONICAPE,09:00 - 13:00,En Progreso,En Progreso,Desconocido,HUANUCO
Netcall,3 oct 2026,10,928059003,92805900389511710101030039082,9283,Outbound,Portabilidad Postpago,EXPRESS,Retiro en tienda,9353,ABIERTAS,Entregado,Entregado,NET_YFLORESR,SIM,3 oct 2026,null,null,No,ABIERTAS,null,Monolínea,Mono_item,Huanuco,null,null,null,null,10:00 - 20:00,En Progreso,Punto de No Retorno,null,null
Netcall,2 oct 2026,12,927777345,927777345,9283,Outbound,Portabilidad Postpago,EXPRESS,Logixtal,9353,CERRADAS,Entregado,Entregado,NET_VSANTISTEBV,SIM,2 oct 2026,2 oct 2026,null,No,CERRADAS,2026-10-03 00:59:37,Monolínea,Mono_item,Huanuco,null,Power ilim 79.90 SD N,null,null,10:00 - 20:00,Cerrado,Resuelto,null,HUANUCO
Netcall,2 oct 2026,17,927856663,927856663,9283,Outbound,Portabilidad Postpago,RETIRO EN TIENDA,Retiro en tienda,3015,CERRADAS,Entregado,Entregado,NET_BROMANS,SIM,2 oct 2026,2 oct 2026,null,No,CERRADAS,2026-10-03 00:52:06,Monolínea,Mono_item,Huanuco,null,Power ilim 79.90 SD N,null,null,09:00 - 21:00,Cerrado,Resuelto,null,null
Netcall,1 oct 2026,10,927250484,9272504848285460513708,9283,Outbound,Portabilidad Postpago,RETIRO EN TIENDA,Retiro en tienda,3015,ABIERTAS,Pendiente Entrega,Pendiente Entrega,NET_MGONZALESPE,SIM,1 oct 2026,null,null,No,ABIERTAS,null,Multilínea,Mono_item,Huanuco,null,null,Power ilim 79.90 SD N,TELEFONICAPE,09:00 - 21:00,En Progreso,En Progreso,Desconocido,null
Netcall,1 oct 2026,10,927248589,9272485898285444511147,9283,Outbound,Portabilidad Postpago,RETIRO EN TIENDA,Retiro en tienda,3015,CANCELADAS,Cancelado,Cancelado,NET_MGONZALESPE,SIM,1 oct 2026,null,null,No,CANCELADAS,2026-10-02 12:48:20,Multilínea,Mono_item,Huanuco,null,null,Power ilim 79.90 SD N,Viettel Peru,09:00 - 21:00,Cancelado,Rechazado,Desconocido,null
Netcall,3 oct 2026,10,928041966,92804196689511710111071750539,9283,Outbound,Portabilidad Postpago,PROGRAMADO,Logixtal,5023,ABIERTAS,Pendiente Entrega,Pendiente de Picking,NET_LTVENTURAG,SIM,5 oct 2026,null,null,No,ABIERTAS,null,Monolínea,Mono_item,La Libertad,null,null,null,null,09:00 - 19:00,En Progreso,Punto de No Retorno,null,null
Netcall,1 oct 2026,13,927313103,9273131038286025602619,9283,Outbound,Portabilidad Postpago,RETIRO EN TIENDA,Retiro en tienda,1008,CERRADAS,Entregado,Entregado,NET_KAGRAMONTEM,SIM,1 oct 2026,1 oct 2026,null,No,CERRADAS,2026-10-02 01:23:20,Monolínea,Mono_item,Junin,null,Power ilim 79.90 SD N,Power ilim 79.90 SD N,TELEFONICAPE,17:00 - 21:00,Cerrado,Resuelto,Desconocido,null
Netcall,3 oct 2026,10,928043190,928043190Empty,9283,Outbound,Portabilidad Postpago,PROGRAMADO,Retiro en tienda,9346,ABIERTAS,Pendiente Entrega,Pendiente Entrega,NET_SBENITESL,SIM,5 oct 2026,null,null,No,ABIERTAS,null,Monolínea,Mono_item,Junin,null,null,null,null,13:01 - 19:00,En Progreso,En Progreso,null,null
Netcall,2 oct 2026,16,927834867,927834867,9283,Outbound,Portabilidad Postpago,EXPRESS,Logixtal,9346,ABIERTAS,Pendiente Entrega,Pendiente Entrega,TLV_NET_MLANDAR,SIM,2 oct 2026,null,null,No,ABIERTAS,null,Multilínea,Mono_item,Junin,null,null,null,null,10:00 - 20:00,En Progreso,En Progreso,null,HUANCAYO
Netcall,1 oct 2026,10,927259060,9272590608285530221238,9283,Outbound,Portabilidad Postpago,EXPRESS,Logixtal,9346,ABIERTAS,Pendiente Entrega,Pendiente Entrega,NET_DDEPINHOZ,SIM,1 oct 2026,null,null,No,ABIERTAS,null,Monolínea,Mono_item,Junin,null,null,Power ilim 79.90 SD N,TELEFONICAPE,08:00 - 20:00,En Progreso,Punto de No Retorno,Desconocido,HUANCAYO
Netcall,2 oct 2026,9,927693000,927693000,9283,Outbound,Portabilidad Postpago,EXPRESS,Logixtal,9346,CERRADAS,Entregado,Entregado,TLV_NET_BCHAVEZ,SIM,2 oct 2026,2 oct 2026,null,No,CERRADAS,2026-10-03 01:19:14,Multilínea,Mono_item,Junin,null,Power ilim 79.90 SD N,null,null,10:00 - 20:00,Cerrado,Resuelto,null,HUANCAYO
Netcall,3 oct 2026,11,928080787,92808078789511710101029877369,9283,Outbound,Portabilidad Postpago,EXPRESS,Retiro en tienda,9346,ABIERTAS,Entregado,Entregado,NET_IMOGOLLONC,SIM,3 oct 2026,null,null,No,ABIERTAS,null,Monolínea,Mono_item,Junin,null,null,null,null,10:00 - 20:00,En Progreso,Pago Recibido,null,null
Netcall,2 oct 2026,15,927817963,927817963,9271,Outbound,Portabilidad Postpago,EXPRESS,Logixtal,9346,CERRADAS,Entregado,Entregado,NET_MVALIENTES,SIM,2 oct 2026,2 oct 2026,null,No,CERRADAS,2026-10-03 03:37:27,Monolínea,Mono_item,Junin,null,Power ilim 69.90 N,null,null,10:00 - 20:00,Cerrado,Resuelto,null,HUANCAYO
Netcall,2 oct 2026,9,927703338,927703338,9271,Outbound,Portabilidad Postpago,EXPRESS,Logixtal,9346,CERRADAS,Entregado,Entregado,NET_MVALIENTES,SIM,2 oct 2026,2 oct 2026,null,No,CERRADAS,2026-10-03 00:58:01,Monolínea,Mono_item,Junin,null,Power ilim 79.90 SD N,null,null,10:00 - 20:00,Cerrado,Resuelto,null,HUANCAYO
Netcall,1 oct 2026,10,927256585,9272565858285517489425,9283,Outbound,Portabilidad Postpago,EXPRESS,Logixtal,9346,ABIERTAS,Pendiente Entrega,Pendiente Entrega,NET_LLEONAN,SIM,1 oct 2026,null,null,No,ABIERTAS,null,Monolínea,Mono_item,Junin,null,null,Power ilim 79.90 SD N,TELEFONICAPE,08:00 - 20:00,En Progreso,Punto de No Retorno,Desconocido,HUANCAYO
Netcall,2 oct 2026,13,927781970,927781970,9271,Outbound,Portabilidad Postpago,EXPRESS,Logixtal,9346,CERRADAS,Entregado,Entregado,NET_KESCORZAC,SIM,2 oct 2026,2 oct 2026,null,No,CERRADAS,2026-10-03 00:26:08,Multilínea,Mono_item,Junin,null,Power ilim 79.90 SD N,null,null,10:00 - 20:00,Cerrado,Resuelto,null,HUANCAYO
Netcall,2 oct 2026,13,927783530,927783530,9271,Outbound,Portabilidad Postpago,EXPRESS,Logixtal,9346,CANCELADAS,Entregado,Entregado,NET_KESCORZAC,SIM,2 oct 2026,2 oct 2026,null,No,CANCELADAS,2026-10-02 22:00:30,Multilínea,Mono_item,Junin,null,null,null,null,10:00 - 20:00,Cancelado,Pedido Cancelación,null,HUANCAYO
Netcall,2 oct 2026,9,927695367,927695367,9283,Outbound,Portabilidad Postpago,EXPRESS,Logixtal,9346,CERRADAS,Entregado,Entregado,TLV_NET_BCHAVEZ,SIM,2 oct 2026,2 oct 2026,null,No,CERRADAS,2026-10-03 00:25:17,Multilínea,Mono_item,Junin,null,Power ilim 79.90 SD N,null,null,10:00 - 20:00,Cerrado,Resuelto,null,HUANCAYO
Netcall,2 oct 2026,9,927691842,927691842,9283,Outbound,Portabilidad Postpago,EXPRESS,Logixtal,9346,ABIERTAS,Pendiente Entrega,Pendiente Entrega,NET_BBELLIDOP,SIM,2 oct 2026,null,null,No,ABIERTAS,null,Monolínea,Mono_item,Junin,null,null,null,null,08:00 - 20:00,En Progreso,Punto de No Retorno,null,HUANCAYO
Netcall,1 oct 2026,11,927279151,9272791518285689929511,9283,Outbound,Portabilidad Postpago,RETIRO EN TIENDA,Retiro en tienda,1008,ABIERTAS,Pendiente Entrega,Pendiente Entrega,TLV_NET_ARICRAD,SIM,1 oct 2026,null,null,No,ABIERTAS,null,Monolínea,Mono_item,Junin,null,null,Power ilim 69.90 N,AmericaMovil,17:00 - 21:00,En Progreso,Documentación Generada,Desconocido,null
Netcall,3 oct 2026,12,928087757,92808775789511710101029877278,9283,Outbound,Portabilidad Postpago,EXPRESS,Retiro en tienda,9346,ABIERTAS,Entregado,Entregado,NET_EVALDIVIEZO,SIM,3 oct 2026,null,null,No,ABIERTAS,null,Multilínea,Mono_item,Junin,null,null,null,null,10:00 - 20:00,En Progreso,Pago Recibido,null,null
Netcall,2 oct 2026,11,927745171,927745171,9283,Outbound,Portabilidad Postpago,EXPRESS,Logixtal,9346,CERRADAS,Entregado,Entregado,NET_ACONTRERASG,SIM,2 oct 2026,2 oct 2026,null,No,CERRADAS,2026-10-03 00:48:30,Monolínea,Mono_item,Junin,null,Power ilim 79.90 SD N,null,null,10:00 - 20:00,Cerrado,Resuelto,null,HUANCAYO
Netcall,1 oct 2026,15,927343393,9273433938286312166424,9271,Outbound,Portabilidad Postpago,EXPRESS,Logixtal,9346,CANCELADAS,Anulado,DESISTE POR PENALIDAD DE PROVEEDOR ACTUAL,NET_KTORRESP,SIM,1 oct 2026,null,null,No,CANCELADAS,2026-10-01 17:08:01,Multilínea,Multi_item,Junin,null,null,Power ilim 79.90 SD N,Viettel Peru,10:00 - 20:00,Cancelado,Rechazado,Desconocido,HUANCAYO
Netcall,2 oct 2026,8,927665324,927665324,9283,Outbound,Portabilidad Postpago,EXPRESS,Logixtal,9346,CERRADAS,Entregado,Entregado,NET_RCORDOVAC,SIM,2 oct 2026,2 oct 2026,null,No,CERRADAS,2026-10-03 01:38:25,Monolínea,Mono_item,Junin,null,Power ilim 69.90 N,null,null,10:00 - 20:00,Cerrado,Resuelto,null,HUANCAYO
Netcall,1 oct 2026,10,927246590,9272465908285423266342,9271,Outbound,Portabilidad Postpago,EXPRESS,Logixtal,9346,CANCELADAS,Anulado,PIN-PORTA NO LLEGA SMS,NET_KTORRESP,SIM,1 oct 2026,null,null,No,CANCELADAS,2026-10-01 13:45:33,Multilínea,Multi_item,Junin,null,null,Power ilim 79.90 SD N,Viettel Peru,10:00 - 20:00,Cancelado,Rechazado,Desconocido,HUANCAYO
Netcall,1 oct 2026,9,927239487,9272394878285357902980,9283,Outbound,Portabilidad Postpago,EXPRESS,Logixtal,9346,CERRADAS,Entregado,Entregado,NET_DREVILLAN,SIM,1 oct 2026,1 oct 2026,null,No,CERRADAS,2026-10-02 02:00:38,Monolínea,Mono_item,Junin,null,Power ilim 69.90 N,Power ilim 69.90 N,TELEFONICAPE,10:00 - 20:00,Cerrado,Resuelto,Desconocido,HUANCAYO
Netcall,3 oct 2026,12,928085722,92808572289511710101029877260,9283,Outbound,Portabilidad Postpago,EXPRESS,Retiro en tienda,9346,ABIERTAS,Entregado,Entregado,NET_EVALDIVIEZO,SIM,3 oct 2026,null,null,No,ABIERTAS,null,Multilínea,Mono_item,Junin,null,null,null,null,10:00 - 20:00,En Progreso,Pago Recibido,null,null
Netcall,2 oct 2026,11,927748074,927748074,9283,Outbound,Portabilidad Postpago,EXPRESS,Logixtal,9346,CERRADAS,Entregado,Entregado,TLV_NET_BRAMIRE,SIM,2 oct 2026,2 oct 2026,null,No,CERRADAS,2026-10-03 01:04:04,Monolínea,Mono_item,Junin,null,Power ilim 69.90 N,null,null,10:00 - 20:00,Cerrado,Resuelto,null,HUANCAYO
Netcall,1 oct 2026,12,927297652,9272976528285872803887,9283,Outbound,Portabilidad Postpago,EXPRESS,Logixtal,9346,CERRADAS,Entregado,Entregado,NET_TVASQUEZANG,SIM,1 oct 2026,1 oct 2026,null,No,CERRADAS,2026-10-02 02:01:28,Monolínea,Mono_item,Junin,null,Power ilim 79.90 SD N,Power ilim 79.90 SD N,TELEFONICAPE,10:00 - 20:00,Cerrado,Resuelto,Desconocido,HUANCAYO
Netcall,2 oct 2026,8,927677191,927677191,9283,Outbound,Portabilidad Postpago,PROGRAMADO,Logixtal,9346,ABIERTAS,Pendiente Entrega,Pendiente Entrega,TLV_NET_MLANDAR,SIM,3 oct 2026,null,null,No,ABIERTAS,null,Monolínea,Mono_item,Junin,null,null,null,null,09:00 - 13:00,En Progreso,En Progreso,null,HUANCAYO
Netcall,2 oct 2026,16,927836743,927836743,9283,Outbound,Venta Regular / Alta,EXPRESS,Logixtal,9346,ABIERTAS,Pendiente Entrega,Pendiente Entrega,TLV_NET_MLANDAR,SIM,2 oct 2026,null,null,No,ABIERTAS,null,Multilínea,Mono_item,Junin,null,null,null,null,10:00 - 20:00,En Progreso,En Progreso,null,HUANCAYO
Netcall,2 oct 2026,8,927691087,927691087,9283,Outbound,Portabilidad Postpago,EXPRESS,Logixtal,9346,CERRADAS,Entregado,Entregado,TLV_NET_BCHAVEZ,SIM,2 oct 2026,2 oct 2026,null,No,CERRADAS,2026-10-03 01:14:07,Multilínea,Mono_item,Junin,null,Power ilim 79.90 SD N,null,null,10:00 - 20:00,Cerrado,Resuelto,null,HUANCAYO
Netcall,1 oct 2026,15,927343393,9273433938286312166207,9271,Outbound,Portabilidad Postpago,EXPRESS,Logixtal,9346,CANCELADAS,Anulado,DESISTE POR PENALIDAD DE PROVEEDOR ACTUAL,NET_KTORRESP,SIM,1 oct 2026,null,null,No,CANCELADAS,2026-10-01 17:08:01,Multilínea,Multi_item,Junin,null,null,Power ilim 79.90 SD N,Viettel Peru,10:00 - 20:00,Cancelado,Rechazado,Desconocido,HUANCAYO
Netcall,1 oct 2026,14,927336062,9273360628286240422180,9283,Outbound,Portabilidad Postpago,EXPRESS,Logixtal,9346,CERRADAS,Entregado,Entregado,NET_NRUBIOMARCO,SIM,1 oct 2026,1 oct 2026,null,No,CERRADAS,2026-10-02 01:52:15,Monolínea,Mono_item,Junin,null,Power ilim 79.90 SD N,Power ilim 79.90 SD N,Viettel Peru,10:00 - 20:00,Cerrado,Resuelto,Desconocido,HUANCAYO
Netcall,1 oct 2026,10,927246590,9272465908285423266125,9271,Outbound,Portabilidad Postpago,EXPRESS,Logixtal,9346,CANCELADAS,Anulado,PIN-PORTA NO LLEGA SMS,NET_KTORRESP,SIM,1 oct 2026,null,null,No,CANCELADAS,2026-10-01 13:45:33,Multilínea,Multi_item,Junin,null,null,Power ilim 79.90 SD N,Viettel Peru,10:00 - 20:00,Cancelado,Rechazado,Desconocido,HUANCAYO
Netcall,1 oct 2026,17,927391355,9273913558286784073702,9283,Outbound,Portabilidad Postpago,RETIRO EN TIENDA,Retiro en tienda,3217,CERRADAS,Entregado,Entregado,NET_KAGRAMONTEM,SIM,1 oct 2026,1 oct 2026,null,No,CERRADAS,2026-10-02 01:48:45,Multilínea,Mono_item,Huancavelica,null,Power ilim 79.90 SD N,Power ilim 79.90 SD N,TELEFONICAPE,17:00 - 21:00,Cerrado,Resuelto,Desconocido,null
Netcall,1 oct 2026,10,927249165,927249165,9283,Outbound,Portabilidad Postpago,EXPRESS,Logixtal,3217,CERRADAS,Entregado,Entregado,NET_EHUANCAH,SIM,1 oct 2026,1 oct 2026,null,No,CERRADAS,2026-10-02 00:26:38,Monolínea,Mono_item,Huancavelica,null,Power ilim 79.90 SD N,null,null,10:00 - 20:00,Cerrado,Resuelto,null,HUANCAVELICA
Netcall,1 oct 2026,11,927271674,9272716748285631742204,9271,Outbound,Portabilidad Postpago,EXPRESS,Logixtal,3217,CERRADAS,Entregado,Entregado,NET_BATOP,SIM,1 oct 2026,1 oct 2026,null,No,CERRADAS,2026-10-02 01:06:30,Monolínea,Mono_item,Huancavelica,null,Power 59.90 N,Power 59.90 N,TELEFONICAPE,10:00 - 20:00,Cerrado,Resuelto,Desconocido,HUANCAVELICA
Netcall,2 oct 2026,13,927781835,927781835,9283,Outbound,Portabilidad Postpago,EXPRESS,Logixtal,3217,CANCELADAS,Anulado,CLIENTE SE ENCUENTRA DE VIAJE,NET_AVIVANCOE,SIM,2 oct 2026,null,null,No,CANCELADAS,2026-10-02 19:40:45,Monolínea,Mono_item,Huancavelica,null,null,null,null,10:00 - 20:00,Cancelado,Rechazado,null,HUANCAVELICA
Netcall,1 oct 2026,11,927287933,9272879338285768802675,9283,Outbound,Portabilidad Postpago,EXPRESS,Logixtal,3217,CERRADAS,Entregado,Entregado,NET_SGONZALESF,SIM,1 oct 2026,1 oct 2026,null,No,CERRADAS,2026-10-02 01:02:55,Monolínea,Mono_item,Huancavelica,null,Power ilim 79.90 SD N,Power ilim 79.90 SD N,TELEFONICAPE,10:00 - 20:00,Cerrado,Resuelto,Desconocido,HUANCAVELICA
Netcall,1 oct 2026,17,927392633,9273926338286799602046,9283,Outbound,Portabilidad Postpago,RETIRO EN TIENDA,Retiro en tienda,3217,CERRADAS,Entregado,Entregado,NET_KAGRAMONTEM,SIM,1 oct 2026,1 oct 2026,null,No,CERRADAS,2026-10-02 01:31:58,Multilínea,Mono_item,Huancavelica,null,Power ilim 79.90 SD N,Power ilim 79.90 SD N,TELEFONICAPE,17:00 - 21:00,Cerrado,Resuelto,Desconocido,null
Netcall,1 oct 2026,10,927249019,9272490198285445620249,9283,Outbound,Portabilidad Postpago,EXPRESS,Logixtal,3217,CERRADAS,Entregado,Entregado,NET_MMACHACAM,SIM,1 oct 2026,1 oct 2026,null,No,CERRADAS,2026-10-02 01:24:40,Multilínea,Mono_item,Huancavelica,null,Power ilim 79.90 SD N,Power ilim 79.90 SD N,AmericaMovil,10:00 - 20:00,Cerrado,Resuelto,Desconocido,HUANCAVELICA
Netcall,2 oct 2026,17,927850790,927850790,9283,Outbound,Portabilidad Postpago,RETIRO EN TIENDA,Retiro en tienda,3217,ABIERTAS,Pendiente Entrega,Pendiente Entrega,NET_GMENDIGUETE,SIM,2 oct 2026,null,null,No,ABIERTAS,null,Monolínea,Mono_item,Huancavelica,null,null,null,null,17:00 - 21:00,En Progreso,En Progreso,null,null
Netcall,1 oct 2026,10,927248061,9272480618285432483757,9283,Outbound,Portabilidad Postpago,EXPRESS,Logixtal,3217,CERRADAS,Entregado,Entregado,NET_MMACHACAM,SIM,1 oct 2026,1 oct 2026,null,No,CERRADAS,2026-10-02 01:48:30,Multilínea,Mono_item,Huancavelica,null,Power ilim 79.90 SD N,Power ilim 79.90 SD N,AmericaMovil,10:00 - 20:00,Cerrado,Resuelto,Portabilidad Rechazada. REC01ABD15: El Código NIP es invalido | REC01ABD15,HUANCAVELICA
Netcall,2 oct 2026,9,927698322,927698322,9283,Outbound,Portabilidad Postpago,EXPRESS,Logixtal,3217,CANCELADAS,Anulado,REINTENTOS MÁXIMOS,NET_RFIGUEROAR,SIM,2 oct 2026,null,null,No,CANCELADAS,2026-10-02 19:45:46,Monolínea,Mono_item,Huancavelica,null,null,null,null,10:00 - 20:00,Cancelado,Rechazado,null,HUANCAVELICA
Netcall,1 oct 2026,15,927356066,9273560668286435261227,9283,Outbound,Portabilidad Postpago,RETIRO EN TIENDA,Retiro en tienda,3065,CANCELADAS,Cancelado,Cancelado,TLV_NET_MLANDAR,SIM,1 oct 2026,null,null,No,CANCELADAS,2026-10-01 16:22:50,Multilínea,Mono_item,Ayacucho,null,null,Power ilim 79.90 SD N,AmericaMovil,09:00 - 21:00,Cancelado,Rechazado,Desconocido,null
Netcall,1 oct 2026,15,927342630,9273426308286304920964,9301,Outbound,Portabilidad Postpago,RETIRO EN TIENDA,Retiro en tienda,3208,CANCELADAS,Cancelado,Cancelado,NET_FBARTET,SIM,1 oct 2026,null,null,No,CANCELADAS,2026-10-01 18:19:35,Monolínea,Mono_item,Ayacucho,null,null,Power ilim 79.90 SD N,Viettel Peru,09:00 - 21:00,Cancelado,Rechazado,Desconocido,null
Netcall,1 oct 2026,16,927365222,9273652228286530122564,9283,Outbound,Portabilidad Postpago,RETIRO EN TIENDA,Retiro en tienda,3065,CERRADAS,Entregado,Entregado,TLV_NET_MLANDAR,SIM,1 oct 2026,1 oct 2026,null,No,CERRADAS,2026-10-02 01:35:36,Multilínea,Mono_item,Ayacucho,null,Power ilim 79.90 SD N,Power ilim 79.90 SD N,AmericaMovil,09:00 - 21:00,Cerrado,Resuelto,Desconocido,null
Netcall,2 oct 2026,17,927851674,927851674,9223,Fidelización,Renovación,RETIRO EN TIENDA,Retiro en tienda,3208,CERRADAS,Entregado,Entregado,NET_JBRICENOS,Equipo,2 oct 2026,2 oct 2026,null,No,CERRADAS,2026-10-02 17:16:26,Multilínea,Mono_item,Ayacucho,null,null,null,null,09:00 - 21:00,Cerrado,Resuelto,null,null
Netcall,2 oct 2026,14,927802463,927802463,9223,Fidelización,Renovación,RETIRO EN TIENDA,Retiro en tienda,3208,CANCELADAS,Cancelado,Cancelado,NET_JBRICENOS,Equipo,2 oct 2026,null,null,No,CANCELADAS,2026-10-02 17:25:10,Multilínea,Mono_item,Ayacucho,null,null,null,null,09:00 - 21:00,Cancelado,Rechazado,null,null
Netcall,2 oct 2026,13,927783216,927783216,9223,Fidelización,Renovación,RETIRO EN TIENDA,Retiro en tienda,3208,CANCELADAS,Cancelado,Cancelado,NET_JBRICENOS,Equipo,2 oct 2026,null,null,No,CANCELADAS,2026-10-02 14:27:28,Multilínea,Mono_item,Ayacucho,null,null,null,null,09:00 - 21:00,Cancelado,Rechazado,null,null
Netcall,3 oct 2026,9,928030885,928030885Empty,9283,Outbound,Portabilidad Postpago,RETIRO EN TIENDA,Retiro en tienda,3065,ABIERTAS,Pendiente Entrega,Pendiente Entrega,NET_LCAMPOSCABR,SIM,3 oct 2026,null,null,No,ABIERTAS,null,Monolínea,Mono_item,Ayacucho,null,null,null,null,09:00 - 21:00,En Progreso,En Progreso,null,null
Netcall,1 oct 2026,10,927258535,9272585358285535582691,9283,Outbound,Portabilidad Postpago,PROGRAMADO,Logixtal,9001,CERRADAS,Entregado,Entregado,NET_LTORRESP,SIM,2 oct 2026,2 oct 2026,null,No,CERRADAS,2026-10-03 00:29:42,Multilínea,Mono_item,Lima - Callao,null,Power ilim 79.90 SD N,Power ilim 79.90 SD N,AmericaMovil,09:00 - 20:00,Cerrado,Resuelto,Desconocido,HUACHO
Netcall,2 oct 2026,13,927781113,927781113,9283,Outbound,Portabilidad Postpago,EXPRESS,Logixtal,9001,CERRADAS,Entregado,Entregado,NET_KCHAVEZF,SIM,2 oct 2026,2 oct 2026,null,No,CERRADAS,2026-10-03 00:56:31,Monolínea,Mono_item,Lima - Callao,null,Power ilim 69.90 N,null,null,10:00 - 20:00,Cerrado,Resuelto,null,HUACHO
Netcall,2 oct 2026,10,927725134,927725134,9283,Outbound,Venta Regular / Alta,EXPRESS,Logixtal,9001,CERRADAS,Entregado,Entregado,NET_LFIESTASG,SIM,2 oct 2026,2 oct 2026,null,No,CERRADAS,2026-10-02 18:20:22,Multilínea,Mono_item,Lima - Callao,null,Power ilim 79.90 SD N,null,null,10:00 - 20:00,Cerrado,Resuelto,null,HUACHO
Netcall,1 oct 2026,10,927259262,9272592628285535127016,9283,Outbound,Portabilidad Postpago,PROGRAMADO,Logixtal,9001,CERRADAS,Entregado,Entregado,NET_LTORRESP,SIM,2 oct 2026,2 oct 2026,null,No,CERRADAS,2026-10-03 03:10:27,Multilínea,Mono_item,Lima - Callao,null,Power ilim 79.90 SD N,Power ilim 79.90 SD N,Viettel Peru,09:00 - 20:00,Cerrado,Resuelto,Desconocido,HUACHO
Netcall,2 oct 2026,9,927707275,927707275,9283,Outbound,Portabilidad Postpago,EXPRESS,Logixtal,9001,CERRADAS,Entregado,Entregado,NET_SLAZOB,SIM,2 oct 2026,2 oct 2026,null,No,CERRADAS,2026-10-03 00:51:01,Monolínea,Mono_item,Lima - Callao,null,Power ilim 69.90 N,null,null,10:00 - 20:00,Cerrado,Resuelto,null,HUACHO
Netcall,2 oct 2026,9,927698544,927698544,9283,Outbound,Portabilidad Postpago,EXPRESS,Logixtal,9001,CANCELADAS,Anulado,DIRECCIÓN ERRADA,NET_ARAMOSR,SIM,2 oct 2026,null,null,No,CANCELADAS,2026-10-02 11:36:44,Monolínea,Mono_item,Lima - Callao,null,null,null,null,10:00 - 20:00,Cancelado,Rechazado,null,HUACHO
Netcall,3 oct 2026,13,928116106,928116106Empty,9283,Outbound,Portabilidad Postpago,PROGRAMADO,Logixtal,9001,ABIERTAS,Pendiente Entrega,Pendiente de Picking,NET_LTORRESP,SIM,7 oct 2026,null,null,No,ABIERTAS,null,Monolínea,Mono_item,Lima - Callao,null,null,null,null,09:00 - 20:00,En Progreso,En Progreso,null,null
Netcall,2 oct 2026,10,927728523,927728523,9283,Outbound,Venta Regular / Alta,EXPRESS,Logixtal,9001,CERRADAS,Entregado,Entregado,NET_LFIESTASG,SIM,2 oct 2026,2 oct 2026,null,No,CERRADAS,2026-10-02 18:21:18,Multilínea,Mono_item,Lima - Callao,null,Power ilim 79.90 SD N,null,null,10:00 - 20:00,Cerrado,Resuelto,null,HUACHO
Netcall,1 oct 2026,14,927326129,9273261298286142716862,9283,Outbound,Portabilidad Postpago,PROGRAMADO,Logixtal,9001,CERRADAS,Entregado,Entregado,NET_VOBESOS,SIM,2 oct 2026,2 oct 2026,null,No,CERRADAS,2026-10-03 00:39:03,Monolínea,Mono_item,Lima - Callao,null,Power ilim 69.90 N,Power ilim 69.90 N,TELEFONICAPE,09:00 - 20:00,Cerrado,Resuelto,Desconocido,HUACHO
Netcall,2 oct 2026,10,927733386,927733386,9283,Outbound,Portabilidad Postpago,PROGRAMADO,Logixtal,5023,ABIERTAS,Pendiente Entrega,Pendiente Entrega,NET_AAPOLAYACAC,SIM,8 oct 2026,null,null,No,ABIERTAS,null,Monolínea,Mono_item,La Libertad,null,null,null,null,09:00 - 19:00,En Progreso,Punto de No Retorno,null,GUADALUPE
Netcall,3 oct 2026,11,928036053,92803605389511710101030225533,9271,Outbound,Portabilidad Postpago,EXPRESS,Retiro en tienda,9345,ABIERTAS,Entregado,Entregado,NET_STANANTAM,SIM,3 oct 2026,null,null,No,ABIERTAS,null,Monolínea,Mono_item,Ica,null,null,null,null,10:00 - 20:00,En Progreso,Punto de No Retorno,null,null
Netcall,2 oct 2026,14,927804417,927804417,9283,Outbound,Portabilidad Postpago,EXPRESS,Logixtal,5023,CERRADAS,Entregado,Entregado,NET_AUCEDAENEQU,SIM,2 oct 2026,2 oct 2026,null,No,CERRADAS,2026-10-03 00:26:00,Multilínea,Mono_item,La Libertad,null,Power ilim 79.90 SD N,null,null,10:00 - 20:00,Cerrado,Resuelto,null,FLORENCIA DE MORA
Netcall,3 oct 2026,8,928022833,92802283389511710111071776682,9283,Outbound,Portabilidad Postpago,EXPRESS,Logixtal,5023,ABIERTAS,Entregado,Entregado,NET_KCHAVEZF,SIM,3 oct 2026,null,null,No,ABIERTAS,null,Monolínea,Mono_item,La Libertad,null,null,null,null,10:00 - 20:00,En Progreso,Punto de No Retorno,null,null
Netcall,1 oct 2026,13,927315320,927315320,9283,Outbound,Portabilidad Postpago,EXPRESS,Logixtal,5023,CERRADAS,Entregado,Entregado,NET_KROJASNAUPA,SIM,1 oct 2026,1 oct 2026,null,No,CERRADAS,2026-10-02 00:24:35,Monolínea,Mono_item,La Libertad,null,Power ilim 69.90 N,null,null,10:00 - 20:00,Cerrado,Resuelto,null,FLORENCIA DE MORA
Netcall,2 oct 2026,6,927623365,927623365,9283,Outbound,Portabilidad Postpago,EXPRESS,Logixtal,5023,CANCELADAS,Anulado,CLIENTE DESISTE - INFORMACIÓN INCORRECTA,NET_KCHAVEZF,SIM,2 oct 2026,null,null,No,CANCELADAS,2026-10-02 12:02:09,Multilínea,Mono_item,La Libertad,null,null,null,null,10:00 - 20:00,Cancelado,Rechazado,null,FLORENCIA DE MORA
Netcall,3 oct 2026,10,928057379,92805737989511710111071776666,9283,Outbound,Portabilidad Postpago,EXPRESS,Logixtal,5023,ABIERTAS,Entregado,Entregado,TLV_NET_CSILVAP,SIM,3 oct 2026,null,null,No,ABIERTAS,null,Monolínea,Mono_item,La Libertad,null,null,null,null,10:00 - 20:00,En Progreso,Punto de No Retorno,null,null
Netcall,1 oct 2026,6,927177958,927177958,9283,Outbound,Portabilidad Postpago,EXPRESS,Logixtal,5023,CERRADAS,Entregado,Entregado,NET_MFERRER,SIM,1 oct 2026,1 oct 2026,null,No,CERRADAS,2026-10-02 00:38:12,Monolínea,Mono_item,La Libertad,null,Power ilim 69.90 N,null,null,10:00 - 20:00,Cerrado,Resuelto,null,FLORENCIA DE MORA
Netcall,2 oct 2026,6,927623489,927623489,9283,Outbound,Portabilidad Postpago,EXPRESS,Logixtal,5023,CANCELADAS,Anulado,CLIENTE DESISTE - INFORMACIÓN INCORRECTA,NET_KCHAVEZF,SIM,2 oct 2026,null,null,No,CANCELADAS,2026-10-02 12:03:06,Multilínea,Mono_item,La Libertad,null,null,null,null,10:00 - 20:00,Cancelado,Rechazado,null,FLORENCIA DE MORA
Netcall,2 oct 2026,14,927806515,927806515,9283,Outbound,Portabilidad Postpago,EXPRESS,Logixtal,5023,CERRADAS,Entregado,Entregado,NET_AUCEDAENEQU,SIM,2 oct 2026,2 oct 2026,null,No,CERRADAS,2026-10-03 01:39:10,Multilínea,Mono_item,La Libertad,null,Power ilim 79.90 SD N,null,null,10:00 - 20:00,Cerrado,Resuelto,null,FLORENCIA DE MORA
Netcall,2 oct 2026,14,927803123,927803123,9283,Outbound,Portabilidad Postpago,EXPRESS,Logixtal,5023,CANCELADAS,Anulado,PIN PORTA_NO VALIDO,NET_AUCEDAENEQU,SIM,2 oct 2026,null,null,No,CANCELADAS,2026-10-02 18:24:30,Multilínea,Mono_item,La Libertad,null,null,null,null,10:00 - 20:00,Cancelado,Pedido Cancelación,null,FLORENCIA DE MORA
Netcall,3 oct 2026,8,928019160,92801916089511710111071776690,5299,Outbound,Portabilidad Postpago,EXPRESS,Logixtal,5023,ABIERTAS,Entregado,Entregado,NET_JBOZAC,SIM,3 oct 2026,null,null,No,ABIERTAS,null,Monolínea,Mono_item,La Libertad,null,null,null,null,10:00 - 20:00,En Progreso,Punto de No Retorno,null,null
Netcall,2 oct 2026,14,927805528,927805528,9283,Outbound,Portabilidad Postpago,EXPRESS,Logixtal,5023,CERRADAS,Entregado,Entregado,NET_AUCEDAENEQU,SIM,2 oct 2026,2 oct 2026,null,No,CERRADAS,2026-10-03 03:23:37,Multilínea,Mono_item,La Libertad,null,Power ilim 79.90 SD N,null,null,10:00 - 20:00,Cerrado,Resuelto,null,FLORENCIA DE MORA
Netcall,1 oct 2026,10,927263365,9272633658285570237529,5299,Outbound,Portabilidad Postpago,EXPRESS,Logixtal,5023,CANCELADAS,Anulado,CLIENTE YA NO DESEA PRODUCTO,NET_AREYNOSAC,SIM,1 oct 2026,null,null,No,CANCELADAS,2026-10-01 12:15:02,Monolínea,Mono_item,La Libertad,null,null,Power ilim 79.90 SD N,AmericaMovil,10:00 - 20:00,Cancelado,Rechazado,Desconocido,FLORENCIA DE MORA
Netcall,1 oct 2026,17,927394230,9273942308286815715863,9283,Outbound,Portabilidad Postpago,PROGRAMADO,Logixtal,5023,CERRADAS,Entregado,Entregado,NET_LCORNEJOL,SIM,2 oct 2026,2 oct 2026,null,No,CERRADAS,2026-10-03 01:13:55,Monolínea,Mono_item,La Libertad,null,Power ilim 79.90 SD N,Power ilim 79.90 SD N,Viettel Peru,13:01 - 20:00,Cerrado,Resuelto,Desconocido,FLORENCIA DE MORA
Netcall,2 oct 2026,13,927795611,927795611,9271,Outbound,Portabilidad Postpago,EXPRESS,Logixtal,5023,CERRADAS,Entregado,Entregado,NET_MGSGRADOS,SIM,2 oct 2026,2 oct 2026,null,No,CERRADAS,2026-10-03 01:59:05,Monolínea,Mono_item,La Libertad,null,Power ilim 79.90 SD N,null,null,10:00 - 20:00,Cerrado,Resuelto,null,FLORENCIA DE MORA
Netcall,1 oct 2026,9,927234848,9272348488285325699999,9271,Outbound,Portabilidad Postpago,EXPRESS,Logixtal,5023,CERRADAS,Entregado,Entregado,NET_KESCORZAC,SIM,1 oct 2026,1 oct 2026,null,No,CERRADAS,2026-10-02 00:42:47,Monolínea,Mono_item,La Libertad,null,Power ilim 69.90 N,Power ilim 69.90 N,AmericaMovil,10:00 - 20:00,Cerrado,Resuelto,Desconocido,FLORENCIA DE MORA
Netcall,2 oct 2026,22,927922587,927922587,9283,Outbound,Portabilidad Postpago,PROGRAMADO,Logixtal,5024,ABIERTAS,No bop,No bop,TLV_NET_DVALOI,SIM,6 oct 2026,null,null,No,ABIERTAS,null,Monolínea,Mono_item,Lambayeque,null,null,null,null,09:00 - 19:00,En Progreso,En Progreso,null,FERREÑAFE
Netcall,2 oct 2026,17,927857522,927857522,9283,Outbound,Venta Regular / Alta,RETIRO EN TIENDA,Retiro en tienda,7137,CERRADAS,Entregado,Entregado,NET_LHUAPAYAO,SIM,2 oct 2026,2 oct 2026,null,No,CERRADAS,2026-10-02 20:31:49,Multilínea,Mono_item,Cusco,null,Power ilim 79.90 SD N,null,null,09:00 - 21:00,Cerrado,Resuelto,null,null
Netcall,2 oct 2026,16,927834667,927834667,9283,Outbound,Portabilidad Postpago,RETIRO EN TIENDA,Retiro en tienda,7137,CANCELADAS,Cancelado,Cancelado,NET_LHUAPAYAO,SIM,2 oct 2026,null,null,No,CANCELADAS,2026-10-02 16:53:18,Multilínea,Mono_item,Cusco,null,null,null,null,09:00 - 21:00,Cancelado,Rechazado,null,null
Netcall,2 oct 2026,16,927849125,927849125,9283,Outbound,Portabilidad Postpago,RETIRO EN TIENDA,Retiro en tienda,7137,CERRADAS,Entregado,Entregado,NET_LHUAPAYAO,SIM,2 oct 2026,2 oct 2026,null,No,CERRADAS,2026-10-03 01:02:28,Multilínea,Mono_item,Cusco,null,Power ilim 79.90 SD N,null,null,09:00 - 21:00,Cerrado,Resuelto,null,null
Netcall,2 oct 2026,18,927870996,927870996,9283,Outbound,Portabilidad Postpago,RETIRO EN TIENDA,Retiro en tienda,7137,ABIERTAS,Pendiente Entrega,Pendiente Entrega,NET_YRAYMUNDOTA,SIM,2 oct 2026,null,null,No,ABIERTAS,null,Monolínea,Mono_item,Cusco,null,null,null,null,09:00 - 21:00,En Progreso,En Progreso,null,null
Netcall,2 oct 2026,16,927836731,927836731,9283,Outbound,Portabilidad Postpago,RETIRO EN TIENDA,Retiro en tienda,7137,CANCELADAS,Cancelado,Cancelado,NET_LHUAPAYAO,SIM,2 oct 2026,null,null,No,CANCELADAS,2026-10-02 16:58:28,Multilínea,Mono_item,Cusco,null,null,null,null,09:00 - 21:00,Cancelado,Rechazado,null,null
Netcall,1 oct 2026,15,927354619,9273546198286414247149,9283,Outbound,Portabilidad Postpago,RETIRO EN TIENDA,Retiro en tienda,7137,CERRADAS,Entregado,Entregado,NET_BZUASNABARF,SIM,1 oct 2026,1 oct 2026,null,No,CERRADAS,2026-10-02 01:18:52,Monolínea,Mono_item,Cusco,null,Power ilim 69.90 N,Power ilim 69.90 N,Viettel Peru,09:00 - 21:00,Cerrado,Resuelto,Desconocido,null
Netcall,2 oct 2026,9,927707413,927707413,9283,Outbound,Portabilidad Postpago,RETIRO EN TIENDA,Retiro en tienda,7137,CERRADAS,Entregado,Entregado,NET_ACUEVAC,SIM,2 oct 2026,2 oct 2026,null,No,CERRADAS,2026-10-03 01:05:38,Monolínea,Mono_item,Cusco,null,Power ilim 79.90 SD N,null,null,09:00 - 21:00,Cerrado,Resuelto,null,null
Netcall,3 oct 2026,9,928027609,928027609Empty,5299,Outbound,Portabilidad Postpago,RETIRO EN TIENDA,Retiro en tienda,7137,ABIERTAS,Pendiente Entrega,Pendiente Entrega,NET_LVIZCARRARO,SIM,3 oct 2026,null,null,No,ABIERTAS,null,Monolínea,Mono_item,Cusco,null,null,null,null,09:00 - 21:00,En Progreso,Documentación Generada,null,null
Netcall,1 oct 2026,12,927300023,927300023,9283,Outbound,Portabilidad Postpago,EXPRESS,Logixtal,9346,CERRADAS,Entregado,Entregado,NET_ANCASTROR,SIM,1 oct 2026,1 oct 2026,null,No,CERRADAS,2026-10-02 00:20:36,Multilínea,Mono_item,Junin,null,Power ilim 79.90 SD N,null,null,10:00 - 20:00,Cerrado,Resuelto,null,EL TAMBO
Netcall,1 oct 2026,10,927261454,9272614548285549242718,9283,Outbound,Portabilidad Postpago,EXPRESS,Logixtal,9346,CERRADAS,Entregado,Entregado,NET_JVELASQUEZS,SIM,1 oct 2026,1 oct 2026,null,No,CERRADAS,2026-10-02 00:50:29,Monolínea,Mono_item,Junin,null,Power ilim 69.90 N,Power ilim 69.90 N,TELEFONICAPE,10:00 - 20:00,Cerrado,Resuelto,Desconocido,EL TAMBO
Netcall,2 oct 2026,10,927716989,927716989,9283,Outbound,Portabilidad Postpago,EXPRESS,Logixtal,9346,CERRADAS,Entregado,Entregado,NET_DGHERRERA,SIM,2 oct 2026,2 oct 2026,null,No,CERRADAS,2026-10-03 01:36:46,Monolínea,Mono_item,Junin,null,Power ilim 69.90 N,null,null,10:00 - 20:00,Cerrado,Resuelto,null,EL TAMBO
Netcall,1 oct 2026,11,927275796,927275796,9283,Outbound,Portabilidad Postpago,EXPRESS,Logixtal,9346,CERRADAS,Entregado,Entregado,NET_WBENITESA,SIM,1 oct 2026,1 oct 2026,null,No,CERRADAS,2026-10-02 00:08:23,Monolínea,Mono_item,Junin,null,Power ilim 69.90 N,null,null,10:00 - 20:00,Cerrado,Resuelto,null,EL TAMBO
Netcall,3 oct 2026,9,928030334,92803033489511710111070931742,5299,Outbound,Portabilidad Postpago,EXPRESS,Retiro en tienda,9346,ABIERTAS,Pendiente Entrega,Pendiente Entrega,NET_MMENDOZAV,SIM,5 oct 2026,null,null,No,ABIERTAS,null,Monolínea,Mono_item,Junin,null,null,null,null,08:00 - 20:00,En Progreso,Punto de No Retorno,null,null
Netcall,1 oct 2026,12,927303895,927303895,9283,Outbound,Portabilidad Postpago,EXPRESS,Logixtal,9346,CERRADAS,Entregado,Entregado,NET_ANCASTROR,SIM,1 oct 2026,1 oct 2026,null,No,CERRADAS,2026-10-02 00:35:15,Multilínea,Mono_item,Junin,null,Power ilim 79.90 SD N,null,null,10:00 - 20:00,Cerrado,Resuelto,null,EL TAMBO
Netcall,1 oct 2026,10,927248225,9272482258285440255091,9283,Outbound,Portabilidad Postpago,EXPRESS,Logixtal,9346,CERRADAS,Entregado,Entregado,NET_GSANTOSC,SIM,1 oct 2026,1 oct 2026,null,No,CERRADAS,2026-10-02 01:08:11,Monolínea,Mono_item,Junin,null,Power ilim 79.90 SD N,Power ilim 79.90 SD N,AmericaMovil,10:00 - 20:00,Cerrado,Resuelto,Desconocido,EL TAMBO
Netcall,1 oct 2026,13,927314998,9273149988286040850065,9283,Outbound,Portabilidad Postpago,EXPRESS,Logixtal,9346,CERRADAS,Entregado,Entregado,NET_GFLORESS,SIM,1 oct 2026,1 oct 2026,null,No,CERRADAS,2026-10-02 01:06:43,Monolínea,Mono_item,Junin,null,Power ilim 79.90 SD N,Power ilim 79.90 SD N,Viettel Peru,10:00 - 20:00,Cerrado,Resuelto,Desconocido,EL TAMBO
Netcall,1 oct 2026,17,927387929,9273879298286751946415,9283,Outbound,Portabilidad Postpago,PROGRAMADO,Logixtal,9346,CANCELADAS,Anulado,CLIENTE DESISTE - INFORMACIÓN INCORRECTA,NET_JSREQUENA,SIM,2 oct 2026,null,null,No,CANCELADAS,2026-10-02 13:55:06,Monolínea,Mono_item,Junin,null,null,Power ilim 69.90 N,AmericaMovil,13:01 - 19:00,Cancelado,Rechazado,Desconocido,EL TAMBO
Netcall,3 oct 2026,9,928035777,92803577789511710111070931734,9283,Outbound,Portabilidad Postpago,EXPRESS,Retiro en tienda,9346,ABIERTAS,Entregado,Entregado,TLV_NET_YQUITOV,SIM,3 oct 2026,null,null,No,ABIERTAS,null,Monolínea,Mono_item,Junin,null,null,null,null,10:00 - 20:00,En Progreso,Punto de No Retorno,null,null
Netcall,1 oct 2026,12,927301767,927301767,9283,Outbound,Portabilidad Postpago,EXPRESS,Logixtal,9346,CERRADAS,Entregado,Entregado,NET_ANCASTROR,SIM,1 oct 2026,1 oct 2026,null,No,CERRADAS,2026-10-02 00:23:52,Multilínea,Mono_item,Junin,null,Power ilim 79.90 SD N,null,null,10:00 - 20:00,Cerrado,Resuelto,null,EL TAMBO
Netcall,1 oct 2026,16,927372010,9273720108286596053238,9283,Outbound,Portabilidad Postpago,PROGRAMADO,Logixtal,9346,ABIERTAS,Pendiente Entrega,Pendiente Entrega,NET_RDULANTORO,SIM,3 oct 2026,null,null,No,ABIERTAS,null,Monolínea,Mono_item,Junin,null,null,Power ilim 69.90 N,TELEFONICAPE,09:00 - 13:00,En Progreso,En Progreso,Desconocido,EL TAMBO
Netcall,2 oct 2026,13,927786193,927786193,9283,Outbound,Portabilidad Postpago,EXPRESS,Logixtal,9346,CERRADAS,Entregado,Entregado,NET_SMENDOZAV,SIM,2 oct 2026,2 oct 2026,null,No,CERRADAS,2026-10-03 00:40:55,Monolínea,Mono_item,Junin,null,Power ilim 69.90 N,null,null,10:00 - 20:00,Cerrado,Resuelto,null,EL TAMBO
Netcall,2 oct 2026,15,927826072,927826072,9283,Outbound,Portabilidad Postpago,EXPRESS,Logixtal,9346,CERRADAS,Entregado,Entregado,NET_CGARCIAC,SIM,2 oct 2026,2 oct 2026,null,No,CERRADAS,2026-10-03 00:32:26,Monolínea,Mono_item,Junin,null,Power ilim 69.90 N,null,null,10:00 - 20:00,Cerrado,Resuelto,null,EL TAMBO
Netcall,3 oct 2026,11,928063628,92806362889511710101029884423,9283,Outbound,Portabilidad Postpago,EXPRESS,Retiro en tienda,9346,ABIERTAS,Pendiente Entrega,Pendiente Entrega,NET_AARANAS,SIM,3 oct 2026,null,null,No,ABIERTAS,null,Monolínea,Mono_item,Junin,null,null,null,null,10:00 - 20:00,En Progreso,Punto de No Retorno,null,null
Netcall,3 oct 2026,10,928054878,92805487889511710111070931668,9283,Outbound,Portabilidad Postpago,EXPRESS,Retiro en tienda,9346,ABIERTAS,Entregado,Entregado,NET_EYDAVILAC,SIM,3 oct 2026,null,null,No,ABIERTAS,null,Monolínea,Mono_item,Junin,null,null,null,null,10:00 - 20:00,En Progreso,Punto de No Retorno,null,null
Netcall,1 oct 2026,15,927352443,9273524438286405411511,9283,Outbound,Portabilidad Postpago,PROGRAMADO,Logixtal,9346,ABIERTAS,Pendiente Entrega,Pendiente Entrega,NET_ARIVERA,SIM,2 oct 2026,null,null,No,ABIERTAS,null,Monolínea,Mono_item,Junin,null,null,Power ilim 79.90 SD N,TELEFONICAPE,08:00 - 20:00,En Progreso,Punto de No Retorno,Desconocido,EL TAMBO
Netcall,2 oct 2026,13,927783629,927783629,9283,Outbound,Portabilidad Postpago,EXPRESS,Logixtal,9346,CERRADAS,Entregado,Entregado,NET_JATANACIOC,SIM,2 oct 2026,2 oct 2026,null,No,CERRADAS,2026-10-03 00:12:11,Monolínea,Mono_item,Junin,null,Power ilim 69.90 N,null,null,10:00 - 20:00,Cerrado,Resuelto,null,EL TAMBO
Netcall,1 oct 2026,14,927329760,9273297608286178232686,9283,Outbound,Portabilidad Postpago,EXPRESS,Logixtal,9346,CERRADAS,Entregado,Entregado,NET_BAYALAR,SIM,1 oct 2026,1 oct 2026,null,No,CERRADAS,2026-10-02 01:05:09,Multilínea,Mono_item,Junin,null,Power ilim 79.90 SD N,Power ilim 79.90 SD N,Viettel Peru,10:00 - 20:00,Cerrado,Resuelto,Desconocido,EL TAMBO
Netcall,1 oct 2026,13,927324030,927324030,9283,Outbound,Portabilidad Postpago,EXPRESS,Logixtal,9346,CERRADAS,Entregado,Entregado,NET_BAYALAR,SIM,1 oct 2026,1 oct 2026,null,No,CERRADAS,2026-10-02 00:11:18,Multilínea,Mono_item,Junin,null,Power ilim 79.90 SD N,null,null,10:00 - 20:00,Cerrado,Resuelto,null,EL TAMBO
Netcall,3 oct 2026,8,928016708,92801670889511710101029884449,9283,Outbound,Portabilidad Postpago,EXPRESS,Retiro en tienda,9346,ABIERTAS,Entregado,Entregado,TLV_NET_MLANDAR,SIM,3 oct 2026,null,null,No,ABIERTAS,null,Monolínea,Mono_item,Junin,null,null,null,null,10:00 - 20:00,En Progreso,Punto de No Retorno,null,null
Netcall,1 oct 2026,13,927318145,9273181458286067202234,9283,Outbound,Portabilidad Postpago,EXPRESS,Logixtal,9346,CANCELADAS,Anulado,PIN-PORTA NO LLEGA SMS,NET_SMENDOZAV,SIM,1 oct 2026,null,null,No,CANCELADAS,2026-10-01 16:31:01,Monolínea,Mono_item,Junin,null,null,Power ilim 69.90 N,TELEFONICAPE,10:00 - 20:00,Cancelado,Rechazado,Desconocido,EL TAMBO
Netcall,1 oct 2026,15,927343296,9273432968286311823204,9283,Outbound,Portabilidad Postpago,PROGRAMADO,Logixtal,9346,CERRADAS,Entregado,Entregado,NET_BAYALAR,SIM,2 oct 2026,2 oct 2026,null,No,CERRADAS,2026-10-03 00:39:15,Multilínea,Mono_item,Junin,null,Power ilim 79.90 SD N,Power ilim 79.90 SD N,Viettel Peru,09:00 - 13:00,Cerrado,Resuelto,Desconocido,EL TAMBO
Netcall,1 oct 2026,16,927375585,9273755858286632917319,9283,Outbound,Portabilidad Postpago,PROGRAMADO,Logixtal,9346,CERRADAS,Entregado,Entregado,NET_LVASQUEZT,SIM,2 oct 2026,2 oct 2026,null,No,CERRADAS,2026-10-03 01:50:25,Monolínea,Mono_item,Junin,null,Power ilim 69.90 N,Power ilim 69.90 N,Viettel Peru,13:01 - 19:00,Cerrado,Resuelto,Desconocido,EL TAMBO
Netcall,1 oct 2026,8,927218367,927218367,9283,Outbound,Portabilidad Postpago,EXPRESS,Logixtal,5023,CERRADAS,Entregado,Entregado,NET_YMILLA,SIM,1 oct 2026,1 oct 2026,null,No,CERRADAS,2026-10-02 00:13:38,Multilínea,Mono_item,La Libertad,null,Power ilim 79.90 SD N,null,null,10:00 - 20:00,Cerrado,Resuelto,null,EL PORVENIR
Netcall,3 oct 2026,10,928055665,92805566589511710111087241150,9283,Outbound,Portabilidad Postpago,EXPRESS,Logixtal,5023,ABIERTAS,Entregado,Entregado,TLV_NET_YQUITOV,SIM,3 oct 2026,null,null,No,ABIERTAS,null,Monolínea,Mono_item,La Libertad,null,null,null,null,10:00 - 20:00,En Progreso,Punto de No Retorno,null,null
Netcall,2 oct 2026,14,927798783,927798783,9283,Outbound,Portabilidad Postpago,EXPRESS,Logixtal,5023,CERRADAS,Entregado,Entregado,NET_GGALLARDAYA,SIM,2 oct 2026,2 oct 2026,null,No,CERRADAS,2026-10-03 01:29:06,Monolínea,Mono_item,La Libertad,null,Power ilim 79.90 SD N,null,null,10:00 - 20:00,Cerrado,Resuelto,null,EL PORVENIR
Netcall,1 oct 2026,16,927372231,9273722318286599041674,9283,Outbound,Portabilidad Postpago,EXPRESS,Logixtal,5023,CERRADAS,Entregado,Entregado,NET_SCAVEROC,SIM,1 oct 2026,1 oct 2026,null,No,CERRADAS,2026-10-02 00:53:40,Monolínea,Mono_item,La Libertad,null,Power ilim 69.90 N,Power ilim 69.90 N,TELEFONICAPE,10:00 - 20:00,Cerrado,Resuelto,Desconocido,EL PORVENIR
Netcall,3 oct 2026,11,928083209,92808320989511710111087241101,9283,Outbound,Portabilidad Postpago,EXPRESS,Logixtal,5023,ABIERTAS,Entregado,Entregado,NET_SMENDOZAV,SIM,3 oct 2026,null,null,No,ABIERTAS,null,Multilínea,Mono_item,La Libertad,null,null,null,null,10:00 - 20:00,En Progreso,Punto de No Retorno,null,null
Netcall,2 oct 2026,15,927812762,927812762,9283,Outbound,Portabilidad Postpago,EXPRESS,Logixtal,5023,CERRADAS,Entregado,Entregado,NET_SDIAZO,SIM,2 oct 2026,2 oct 2026,null,No,CERRADAS,2026-10-03 00:37:14,Monolínea,Mono_item,La Libertad,null,Power ilim 69.90 N,null,null,10:00 - 20:00,Cerrado,Resuelto,null,EL PORVENIR
Netcall,3 oct 2026,12,928097452,92809745289511710111087241085,9283,Outbound,Portabilidad Postpago,EXPRESS,Logixtal,5023,ABIERTAS,Pendiente Entrega,Pendiente de Picking,NET_GZAVALAR,SIM,3 oct 2026,null,null,No,ABIERTAS,null,Monolínea,Mono_item,La Libertad,null,null,null,null,10:00 - 20:00,En Progreso,Punto de No Retorno,null,null
Netcall,1 oct 2026,17,927382967,9273829678286706800626,9283,Outbound,Portabilidad Postpago,PROGRAMADO,Logixtal,5023,CERRADAS,Entregado,Entregado,NET_GMENDIGUETE,SIM,2 oct 2026,2 oct 2026,null,No,CERRADAS,2026-10-03 01:50:06,Monolínea,Mono_item,La Libertad,null,Power ilim 79.90 SD N,Power ilim 79.90 SD N,AmericaMovil,09:00 - 13:00,Cerrado,Resuelto,Desconocido,EL PORVENIR
Netcall,3 oct 2026,13,928110635,92811063589511710111087241077,9283,Outbound,Portabilidad Postpago,EXPRESS,Logixtal,5023,ABIERTAS,Entregado,Entregado,NET_MORIHUELAQ,SIM,3 oct 2026,null,null,No,ABIERTAS,null,Monolínea,Mono_item,La Libertad,null,null,null,null,10:00 - 20:00,En Progreso,Punto de No Retorno,null,null
Netcall,2 oct 2026,10,927733699,927733699,9283,Outbound,Portabilidad Postpago,EXPRESS,Logixtal,5023,CERRADAS,Entregado,Entregado,NET_YRAYMUNDOTA,SIM,2 oct 2026,2 oct 2026,null,No,CERRADAS,2026-10-03 00:54:24,Monolínea,Mono_item,La Libertad,null,Power ilim 69.90 N,null,null,10:00 - 20:00,Cerrado,Resuelto,null,EL PORVENIR
Netcall,3 oct 2026,12,928084133,92808413389511710111087241119,9283,Outbound,Portabilidad Postpago,EXPRESS,Logixtal,5023,ABIERTAS,Entregado,Entregado,NET_SMENDOZAV,SIM,3 oct 2026,null,null,No,ABIERTAS,null,Multilínea,Mono_item,La Libertad,null,null,null,null,10:00 - 20:00,En Progreso,Punto de No Retorno,null,null
Netcall,2 oct 2026,9,927702357,927702357,9283,Outbound,Portabilidad Postpago,EXPRESS,Logixtal,5023,CERRADAS,Entregado,Entregado,NET_DFRANCIAH,SIM,2 oct 2026,2 oct 2026,null,No,CERRADAS,2026-10-03 00:13:25,Monolínea,Mono_item,La Libertad,null,Power ilim 79.90 SD N,null,null,10:00 - 20:00,Cerrado,Resuelto,null,EL PORVENIR
Netcall,2 oct 2026,11,927755801,927755801,9283,Outbound,Portabilidad Postpago,EXPRESS,Logixtal,5023,CERRADAS,Entregado,Entregado,NET_MCVASQUEZ,SIM,2 oct 2026,2 oct 2026,null,No,CERRADAS,2026-10-03 01:29:45,Monolínea,Mono_item,La Libertad,null,Power ilim 69.90 N,null,null,10:00 - 20:00,Cerrado,Resuelto,null,EL PORVENIR
Netcall,2 oct 2026,9,927702819,927702819,9271,Outbound,Portabilidad Postpago,EXPRESS,Logixtal,5023,CERRADAS,Entregado,Entregado,NET_FRIVERAO,SIM,2 oct 2026,2 oct 2026,null,No,CERRADAS,2026-10-03 01:27:58,Monolínea,Mono_item,La Libertad,null,Power ilim 69.90 N,null,null,10:00 - 20:00,Cerrado,Resuelto,null,EL PORVENIR
Netcall,2 oct 2026,13,927782561,927782561,9283,Outbound,Portabilidad Postpago,EXPRESS,Logixtal,5023,CERRADAS,Entregado,Entregado,NET_BHUACHUHUIB,SIM,2 oct 2026,2 oct 2026,null,No,CERRADAS,2026-10-03 01:09:40,Monolínea,Mono_item,La Libertad,null,Power ilim 79.90 SD N,null,null,10:00 - 20:00,Cerrado,Resuelto,null,EL PORVENIR
Netcall,3 oct 2026,12,928085073,92808507389511710111087241093,9283,Outbound,Portabilidad Postpago,EXPRESS,Logixtal,5023,ABIERTAS,Entregado,Entregado,NET_SMENDOZAV,SIM,3 oct 2026,null,null,No,ABIERTAS,null,Multilínea,Mono_item,La Libertad,null,null,null,null,10:00 - 20:00,En Progreso,Punto de No Retorno,null,null
Netcall,1 oct 2026,12,927293920,9272939208285835078326,9283,Outbound,Portabilidad Postpago,EXPRESS,Logixtal,5023,CERRADAS,Entregado,Entregado,NET_PSANCHEZE,SIM,1 oct 2026,1 oct 2026,null,No,CERRADAS,2026-10-02 00:53:20,Monolínea,Mono_item,La Libertad,null,Power ilim 79.90 SD N,Power ilim 79.90 SD N,AmericaMovil,10:00 - 20:00,Cerrado,Resuelto,Desconocido,EL PORVENIR
Netcall,1 oct 2026,8,927220404,927220404,9283,Outbound,Portabilidad Postpago,EXPRESS,Logixtal,5023,CERRADAS,Entregado,Entregado,NET_YMILLA,SIM,1 oct 2026,1 oct 2026,null,No,CERRADAS,2026-10-02 00:10:31,Multilínea,Mono_item,La Libertad,null,Power ilim 79.90 SD N,null,null,10:00 - 20:00,Cerrado,Resuelto,null,EL PORVENIR
Netcall,3 oct 2026,11,928062407,92806240789511710111087241143,9283,Outbound,Portabilidad Postpago,EXPRESS,Logixtal,5023,ABIERTAS,Entregado,Entregado,NET_CSALAZARP,SIM,3 oct 2026,null,null,No,ABIERTAS,null,Monolínea,Mono_item,La Libertad,null,null,null,null,10:00 - 20:00,En Progreso,Pago Recibido,null,null
Netcall,1 oct 2026,10,927262546,9272625468285570275597,9283,Outbound,Portabilidad Postpago,EXPRESS,Logixtal,5023,CERRADAS,Entregado,Entregado,NET_KSOLORZANOV,SIM,1 oct 2026,1 oct 2026,null,No,CERRADAS,2026-10-02 01:58:28,Monolínea,Mono_item,La Libertad,null,Power ilim 69.90 N,Power ilim 69.90 N,TELEFONICAPE,10:00 - 20:00,Cerrado,Resuelto,Desconocido,EL PORVENIR
Netcall,1 oct 2026,10,927248837,9272488378285442672957,9283,Outbound,Portabilidad Postpago,EXPRESS,Logixtal,5023,CERRADAS,Entregado,Entregado,NET_KEMENDOZAJ,SIM,1 oct 2026,1 oct 2026,null,No,CERRADAS,2026-10-02 00:43:20,Monolínea,Mono_item,La Libertad,null,Power ilim 69.90 N,Power ilim 69.90 N,AmericaMovil,10:00 - 20:00,Cerrado,Resuelto,Desconocido,EL PORVENIR
Netcall,2 oct 2026,13,927787570,927787570,9283,Outbound,Portabilidad Postpago,EXPRESS,Logixtal,9001,CERRADAS,Entregado,Entregado,NET_EBERNALC,SIM,2 oct 2026,2 oct 2026,null,No,CERRADAS,2026-10-03 03:37:22,Monolínea,Mono_item,Lima - Callao,null,Power ilim 69.90 N,null,null,10:00 - 22:00,Cerrado,Resuelto,null,EL AGUSTINO
Netcall,2 oct 2026,7,927623777,927623777,9283,Outbound,Portabilidad Postpago,EXPRESS,Logixtal,9001,ABIERTAS,Pendiente Entrega,Pendiente Entrega,NET_MMREVILLA,SIM,2 oct 2026,null,null,No,ABIERTAS,null,Monolínea,Mono_item,Lima - Callao,null,null,null,null,10:00 - 22:00,En Progreso,Punto de No Retorno,null,EL AGUSTINO
Netcall,1 oct 2026,11,927286301,9272863018285760090646,9283,Outbound,Portabilidad Postpago,EXPRESS,Logixtal,9001,CANCELADAS,Entregado,Entregado,NET_TDILAST,SIM,1 oct 2026,2 oct 2026,null,No,CANCELADAS,2026-10-02 22:00:19,Monolínea,Mono_item,Lima - Callao,null,null,Power ilim 69.90 N,TELEFONICAPE,10:00 - 22:00,Cancelado,Pedido Cancelación,Desconocido,EL AGUSTINO
Netcall,1 oct 2026,17,927382693,9273826938286705421743,9283,Outbound,Portabilidad Postpago,PROGRAMADO,Logixtal,9001,CANCELADAS,Anulado,PIN PORTA_NO VALIDO,NET_GHERRERAG,SIM,2 oct 2026,null,null,No,CANCELADAS,2026-10-02 11:52:22,Monolínea,Mono_item,Lima - Callao,null,null,Power ilim 69.90 N,TELEFONICAPE,08:00 - 13:00,Cancelado,Pedido Cancelación,Desconocido,EL AGUSTINO
Netcall,1 oct 2026,17,927389856,9273898568286770686010,9283,Outbound,Portabilidad Postpago,EXPRESS,Logixtal,9001,CANCELADAS,Anulado,CLIENTE DESISTE - INFORMACIÓN INCORRECTA,NET_MDONAYRE,SIM,1 oct 2026,null,null,No,CANCELADAS,2026-10-01 18:24:02,Monolínea,Mono_item,Lima - Callao,null,null,Power ilim 79.90 SD N,AmericaMovil,10:00 - 22:00,Cancelado,Rechazado,Desconocido,EL AGUSTINO
Netcall,1 oct 2026,7,927182346,9271823468285146927523,9283,Outbound,Portabilidad Postpago,EXPRESS,Logixtal,9001,CERRADAS,Entregado,Entregado,TLV_NET_MFARFAN,SIM,1 oct 2026,1 oct 2026,null,No,CERRADAS,2026-10-02 00:55:16,Monolínea,Mono_item,Lima - Callao,null,Power ilim 79.90 SD N,Power ilim 79.90 SD N,Viettel Peru,10:00 - 22:00,Cerrado,Resuelto,Desconocido,EL AGUSTINO
Netcall,1 oct 2026,16,927359579,9273595798286474751389,9283,Outbound,Portabilidad Postpago,EXPRESS,Logixtal,9001,ABIERTAS,Pendiente Entrega,Pendiente Entrega,NET_RCASTANEDAR,SIM,1 oct 2026,null,null,No,ABIERTAS,null,Monolínea,Mono_item,Lima - Callao,null,null,Power ilim 79.90 SD N,AmericaMovil,08:00 - 20:00,En Progreso,Punto de No Retorno,Desconocido,EL AGUSTINO
Netcall,2 oct 2026,16,927848160,927848160,9283,Outbound,Portabilidad Postpago,EXPRESS,Logixtal,9001,ABIERTAS,Pendiente Entrega,Pendiente Entrega,NET_CMENESESV,SIM,2 oct 2026,null,null,No,ABIERTAS,null,Monolínea,Mono_item,Lima - Callao,null,null,null,null,08:00 - 20:00,En Progreso,Punto de No Retorno,null,EL AGUSTINO
Netcall,1 oct 2026,16,927366447,9273664478286543265458,9283,Outbound,Venta Regular / Alta,EXPRESS,Logixtal,9001,CERRADAS,Entregado,Entregado,NET_LCAMPOSCABR,SIM,1 oct 2026,2 oct 2026,null,No,CERRADAS,2026-10-02 20:07:52,Monolínea,Mono_item,Lima - Callao,null,Power ilim 69.90 N,Power ilim 69.90 N,Desconocido,08:00 - 20:00,Cerrado,Resuelto,Desconocido,EL AGUSTINO
Netcall,1 oct 2026,14,927327737,9273277378286162706072,9283,Outbound,Portabilidad Postpago,EXPRESS,Logixtal,9001,CERRADAS,Entregado,Entregado,NET_YVEGASA,SIM,1 oct 2026,1 oct 2026,null,No,CERRADAS,2026-10-02 00:55:24,Monolínea,Mono_item,Lima - Callao,null,Power ilim 79.90 SD N,Power ilim 79.90 SD N,AmericaMovil,10:00 - 22:00,Cerrado,Resuelto,Desconocido,EL AGUSTINO
Netcall,1 oct 2026,13,927325522,9273255228286144753875,9283,Outbound,Portabilidad Postpago,EXPRESS,Logixtal,9343,CERRADAS,Entregado,Entregado,NET_AAPOLAYACAC,SIM,1 oct 2026,1 oct 2026,null,No,CERRADAS,2026-10-02 00:51:06,Multilínea,Mono_item,Cusco,null,Power ilim 79.90 SD N,Power ilim 79.90 SD N,AmericaMovil,10:00 - 20:00,Cerrado,Resuelto,Desconocido,CUSCO
Netcall,3 oct 2026,13,928115457,92811545789511710101030178450,9283,Outbound,Portabilidad Postpago,EXPRESS,Retiro en tienda,9343,ABIERTAS,Pendiente Entrega,Pendiente Entrega,NET_LCAMPOSCABR,SIM,3 oct 2026,null,null,No,ABIERTAS,null,Monolínea,Mono_item,Cusco,null,null,null,null,10:00 - 20:00,En Progreso,En Progreso,null,null
Netcall,2 oct 2026,15,927819299,927819299,9283,Outbound,Portabilidad Postpago,EXPRESS,Logixtal,9343,ABIERTAS,Entregado,Entregado,NET_THUAMANIP,SIM,2 oct 2026,2 oct 2026,null,No,ABIERTAS,null,Monolínea,Mono_item,Cusco,null,null,null,null,10:00 - 20:00,En Progreso,Pago Recibido,null,CUSCO
Netcall,1 oct 2026,18,927403004,9274030048286902855710,9283,Outbound,Portabilidad Postpago,RETIRO EN TIENDA,Retiro en tienda,7162,CANCELADAS,Cancelado,Cancelado,NET_SDIAZO,SIM,1 oct 2026,null,null,No,CANCELADAS,2026-10-01 19:44:23,Monolínea,Mono_item,Cusco,null,null,Power ilim 79.90 SD N,AmericaMovil,09:00 - 21:00,Cancelado,Rechazado,Desconocido,null
Netcall,2 oct 2026,17,927858068,927858068,9283,Outbound,Portabilidad Postpago,RETIRO EN TIENDA,Retiro en tienda,1006,CERRADAS,Entregado,Entregado,NET_EZEVALLOSZ,SIM,2 oct 2026,2 oct 2026,null,No,CERRADAS,2026-10-03 00:05:28,Multilínea,Mono_item,Cusco,null,Power ilim 79.90 SD N,null,null,09:00 - 21:00,Cerrado,Resuelto,null,null
Netcall,3 oct 2026,9,928027338,928027338Empty,9283,Outbound,Portabilidad Postpago,RETIRO EN TIENDA,Retiro en tienda,2102,ABIERTAS,Pendiente Entrega,Pendiente Entrega,NET_CIOLAYAR,SIM,3 oct 2026,null,null,No,ABIERTAS,null,Monolínea,Mono_item,Cusco,null,null,null,null,09:00 - 21:00,En Progreso,En Progreso,null,null
Netcall,2 oct 2026,10,927716946,927716946,9283,Outbound,Portabilidad Postpago,EXPRESS,Logixtal,9343,CERRADAS,Entregado,Entregado,NET_KROJASNAUPA,SIM,2 oct 2026,2 oct 2026,null,No,CERRADAS,2026-10-03 00:48:53,Monolínea,Mono_item,Cusco,null,Power ilim 79.90 SD N,null,null,10:00 - 20:00,Cerrado,Resuelto,null,CUSCO
Netcall,3 oct 2026,8,928024268,928024268Empty,9271,Outbound,Portabilidad Postpago,RETIRO EN TIENDA,Retiro en tienda,7162,CANCELADAS,Cancelado,Cancelado,NET_LNECIOSUPC,SIM,3 oct 2026,null,null,No,CANCELADAS,2026-10-03 12:39:08,Monolínea,Mono_item,Cusco,null,null,null,null,09:00 - 21:00,En Progreso,Rechazado,null,null
Netcall,1 oct 2026,13,927278679,9272786798286131823717,9283,Outbound,Portabilidad Postpago,EXPRESS,Logixtal,9343,CERRADAS,Entregado,Entregado,NET_AAPOLAYACAC,SIM,1 oct 2026,1 oct 2026,null,No,CERRADAS,2026-10-02 02:13:06,Multilínea,Mono_item,Cusco,null,Power ilim 79.90 SD N,Power ilim 79.90 SD N,AmericaMovil,10:00 - 20:00,Cerrado,Resuelto,Desconocido,CUSCO
Netcall,1 oct 2026,16,927360505,9273605058286485193087,9271,Outbound,Portabilidad Postpago,PROGRAMADO,Logixtal,9343,CERRADAS,Entregado,Entregado,NET_SBACAD,SIM,2 oct 2026,2 oct 2026,null,No,CERRADAS,2026-10-03 01:37:33,Monolínea,Mono_item,Cusco,null,Power ilim 69.90 N,Power ilim 69.90 N,Viettel Peru,13:01 - 19:00,Cerrado,Resuelto,Desconocido,CUSCO
Netcall,2 oct 2026,17,927867507,927867507,9283,Outbound,Venta Regular / Alta,RETIRO EN TIENDA,Retiro en tienda,1006,CERRADAS,Entregado,Entregado,NET_EZEVALLOSZ,SIM,2 oct 2026,2 oct 2026,null,No,CERRADAS,2026-10-02 18:04:36,Multilínea,Mono_item,Cusco,null,Power ilim 79.90 SD N,null,null,09:00 - 21:00,Cerrado,Resuelto,null,null
Netcall,2 oct 2026,17,927864258,927864258,9283,Outbound,Venta Regular / Alta,RETIRO EN TIENDA,Retiro en tienda,1006,ABIERTAS,Pendiente Entrega,Pendiente Entrega,NET_EZEVALLOSZ,SIM,3 oct 2026,null,null,No,ABIERTAS,null,Multilínea,Mono_item,Cusco,null,null,null,null,09:00 - 21:00,En Progreso,En Progreso,null,null
Netcall,2 oct 2026,10,927714033,927714033,9283,Outbound,Portabilidad Postpago,EXPRESS,Logixtal,9343,CERRADAS,Entregado,Entregado,NET_AAPOLAYACAC,SIM,2 oct 2026,2 oct 2026,null,No,CERRADAS,2026-10-03 01:01:52,Monolínea,Mono_item,Cusco,null,Power ilim 69.90 N,null,null,10:00 - 20:00,Cerrado,Resuelto,null,CUSCO
Netcall,2 oct 2026,15,927829552,927829552,9283,Outbound,Portabilidad Postpago,RETIRO EN TIENDA,Retiro en tienda,7162,ABIERTAS,Pendiente Entrega,Pendiente Entrega,NET_AQUISPET,SIM,2 oct 2026,null,null,No,ABIERTAS,null,Monolínea,Mono_item,Cusco,null,null,null,null,09:00 - 21:00,En Progreso,En Progreso,null,null
Netcall,3 oct 2026,10,928055442,92805544289511710101030209156,9283,Outbound,Portabilidad Postpago,EXPRESS,Retiro en tienda,9343,ABIERTAS,Entregado,Entregado,NET_KORTIZD,SIM,3 oct 2026,null,null,No,ABIERTAS,null,Monolínea,Mono_item,Cusco,null,null,null,null,10:00 - 20:00,En Progreso,Punto de No Retorno,null,null
Netcall,3 oct 2026,11,928076068,928076068Empty,9283,Outbound,Portabilidad Postpago,RETIRO EN TIENDA,Retiro en tienda,7114,ABIERTAS,Pendiente Entrega,Pendiente Entrega,NET_LROSALESA,SIM,3 oct 2026,null,null,No,ABIERTAS,null,Monolínea,Mono_item,Cusco,null,null,null,null,09:00 - 21:00,En Progreso,Documentación Generada,null,null
Netcall,3 oct 2026,10,928051650,928051650Empty,9283,Outbound,Portabilidad Postpago,RETIRO EN TIENDA,Retiro en tienda,2102,ABIERTAS,Pendiente Entrega,Pendiente Entrega,NET_ECARRETEROH,SIM,3 oct 2026,null,null,No,ABIERTAS,null,Monolínea,Mono_item,Cusco,null,null,null,null,09:00 - 21:00,En Progreso,En Progreso,null,null
Netcall,1 oct 2026,10,927263919,9272639198285577215371,9271,Outbound,Portabilidad Postpago,RETIRO EN TIENDA,Retiro en tienda,7162,ABIERTAS,Pendiente Entrega,Pendiente Entrega,NET_SBACAD,SIM,1 oct 2026,null,null,No,ABIERTAS,null,Monolínea,Mono_item,Cusco,null,null,Power ilim 69.90 N,Viettel Peru,09:00 - 21:00,En Progreso,En Progreso,Desconocido,null
Netcall,2 oct 2026,14,927801303,927801303,9283,Outbound,Portabilidad Postpago,PROGRAMADO,Logixtal,9343,ABIERTAS,Pendiente Entrega,Pendiente Entrega,NET_KALMEYDAS,SIM,3 oct 2026,null,null,No,ABIERTAS,null,Multilínea,Mono_item,Cusco,null,null,null,null,09:00 - 13:00,En Progreso,En Progreso,null,CUSCO
Netcall,2 oct 2026,17,927850293,927850293,9283,Outbound,Portabilidad Postpago,RETIRO EN TIENDA,Retiro en tienda,1006,ABIERTAS,Pendiente Entrega,Pendiente Entrega,NET_KARAUJOC,SIM,2 oct 2026,null,null,No,ABIERTAS,null,Monolínea,Mono_item,Cusco,null,null,null,null,09:00 - 21:00,En Progreso,En Progreso,null,null
Netcall,2 oct 2026,10,927711456,927711456,9283,Outbound,Portabilidad Postpago,EXPRESS,Logixtal,9343,CERRADAS,Entregado,Entregado,NET_EVELASQUEZB,SIM,2 oct 2026,2 oct 2026,null,No,CERRADAS,2026-10-03 01:31:01,Monolínea,Mono_item,Cusco,null,Power ilim 79.90 SD N,null,null,10:00 - 20:00,Cerrado,Resuelto,null,CUSCO
Netcall,3 oct 2026,11,928078875,928078875Empty,9283,Outbound,Portabilidad Postpago,RETIRO EN TIENDA,Retiro en tienda,1006,ABIERTAS,Pendiente Entrega,Pendiente Entrega,NET_DDEPINHOZ,SIM,3 oct 2026,null,null,No,ABIERTAS,null,Monolínea,Mono_item,Cusco,null,null,null,null,09:00 - 21:00,En Progreso,En Progreso,null,null
Netcall,1 oct 2026,10,927253894,9272538948285483391190,9283,Outbound,Portabilidad Postpago,PROGRAMADO,Logixtal,9343,ABIERTAS,Pendiente Entrega,Pendiente Entrega,NET_MMIRANDAM,SIM,2 oct 2026,null,null,No,ABIERTAS,null,Monolínea,Mono_item,Cusco,null,null,Power ilim 69.90 N,TELEFONICAPE,09:00 - 13:00,En Progreso,Punto de No Retorno,Desconocido,CUSCO
Netcall,3 oct 2026,13,928113673,928113673Empty,9283,Outbound,Portabilidad Postpago,EXPRESS,Retiro en tienda,9343,ABIERTAS,Pendiente Entrega,Pendiente Entrega,NET_SPEREZR,SIM,3 oct 2026,null,null,No,ABIERTAS,null,Monolínea,Mono_item,Cusco,null,null,null,null,10:00 - 20:00,En Progreso,En Progreso,null,null
Netcall,1 oct 2026,11,927271576,9272715768285636301665,9283,Outbound,Portabilidad Postpago,RETIRO EN TIENDA,Retiro en tienda,1006,CERRADAS,Entregado,Entregado,NET_SAVILAC,SIM,1 oct 2026,1 oct 2026,null,No,CERRADAS,2026-10-02 01:35:20,Monolínea,Mono_item,Cusco,null,Power ilim 69.90 N,Power ilim 69.90 N,TELEFONICAPE,09:00 - 21:00,Cerrado,Resuelto,Desconocido,null
Netcall,2 oct 2026,15,927818505,927818505,9283,Outbound,Portabilidad Postpago,RETIRO EN TIENDA,Retiro en tienda,7162,CANCELADAS,Cancelado,Cancelado,NET_HEULOGIO,SIM,2 oct 2026,null,null,No,CANCELADAS,2026-10-02 16:33:43,Monolínea,Mono_item,Cusco,null,null,null,null,09:00 - 21:00,Cancelado,Rechazado,null,null
Netcall,2 oct 2026,14,927803476,927803476,9283,Outbound,Portabilidad Postpago,PROGRAMADO,Logixtal,9343,ABIERTAS,Pendiente Entrega,Pendiente Entrega,NET_KALMEYDAS,SIM,3 oct 2026,null,null,No,ABIERTAS,null,Multilínea,Mono_item,Cusco,null,null,null,null,09:00 - 13:00,En Progreso,En Progreso,null,CUSCO
Netcall,2 oct 2026,17,927856703,927856703,9283,Outbound,Portabilidad Postpago,RETIRO EN TIENDA,Retiro en tienda,1006,CERRADAS,Entregado,Entregado,NET_EZEVALLOSZ,SIM,2 oct 2026,2 oct 2026,null,No,CERRADAS,2026-10-03 00:52:20,Multilínea,Mono_item,Cusco,null,Power ilim 79.90 SD N,null,null,09:00 - 21:00,Cerrado,Resuelto,null,null
Netcall,2 oct 2026,17,927852641,927852641,9283,Outbound,Portabilidad Postpago,PROGRAMADO,Logixtal,9343,ABIERTAS,Pendiente Entrega,Pendiente Entrega,NET_LBAUTISTAS,SIM,3 oct 2026,null,null,No,ABIERTAS,null,Monolínea,Mono_item,Cusco,null,null,null,null,09:00 - 13:00,En Progreso,En Progreso,null,CUSCO
Netcall,1 oct 2026,16,927365554,9273655548286531298491,9283,Outbound,Portabilidad Postpago,PROGRAMADO,Logixtal,5021,ABIERTAS,Pendiente Entrega,Pendiente Entrega,NET_EVELASQUEZB,SIM,7 oct 2026,null,null,No,ABIERTAS,null,Monolínea,Mono_item,Piura,null,null,Power ilim 69.90 N,AmericaMovil,09:00 - 19:00,En Progreso,Punto de No Retorno,Desconocido,CURA MORI
Netcall,2 oct 2026,17,927848613,927848613,9283,Outbound,Portabilidad Postpago,RETIRO EN TIENDA,Retiro en tienda,3149,ABIERTAS,Pendiente Entrega,Pendiente Entrega,TLV_NET_MCHAMBI,SIM,2 oct 2026,null,null,No,ABIERTAS,null,Multilínea,Mono_item,Ucayali,null,null,null,null,09:00 - 21:00,En Progreso,En Progreso,null,null
Netcall,1 oct 2026,16,927357228,9273572288286447710286,9283,Outbound,Portabilidad Postpago,RETIRO EN TIENDA,Retiro en tienda,3031,CERRADAS,Entregado,Entregado,NET_ATELLOY,SIM,1 oct 2026,1 oct 2026,null,No,CERRADAS,2026-10-02 00:56:44,Monolínea,Mono_item,Ucayali,null,Power ilim 69.90 N,Power ilim 69.90 N,AmericaMovil,09:00 - 21:00,Cerrado,Resuelto,Desconocido,null
Netcall,2 oct 2026,11,927744631,927744631,9283,Outbound,Portabilidad Postpago,RETIRO EN TIENDA,Retiro en tienda,3149,CERRADAS,Entregado,Entregado,NET_MDONAYRE,SIM,2 oct 2026,2 oct 2026,null,No,CERRADAS,2026-10-03 01:14:10,Multilínea,Mono_item,Ucayali,null,Power ilim 79.90 SD N,null,null,09:00 - 21:00,Cerrado,Resuelto,null,null
Netcall,2 oct 2026,11,927743193,927743193,9283,Outbound,Venta Regular / Alta,RETIRO EN TIENDA,Retiro en tienda,3149,CERRADAS,Entregado,Entregado,NET_MDONAYRE,SIM,2 oct 2026,2 oct 2026,null,No,CERRADAS,2026-10-02 19:58:54,Multilínea,Mono_item,Ucayali,null,Power ilim 79.90 SD N,null,null,09:00 - 21:00,Cerrado,Resuelto,null,null
Netcall,2 oct 2026,11,927742334,927742334,9283,Outbound,Portabilidad Postpago,RETIRO EN TIENDA,Retiro en tienda,3149,ABIERTAS,Pendiente Entrega,Pendiente Entrega,NET_MDONAYRE,SIM,2 oct 2026,null,null,No,ABIERTAS,null,Multilínea,Mono_item,Ucayali,null,null,null,null,09:00 - 21:00,En Progreso,En Progreso,null,null
Netcall,1 oct 2026,11,927271193,9272711938285635898090,9283,Outbound,Portabilidad Postpago,RETIRO EN TIENDA,Retiro en tienda,3031,ABIERTAS,Pendiente Entrega,Pendiente Entrega,NET_MDIAZP,SIM,1 oct 2026,null,null,No,ABIERTAS,null,Monolínea,Mono_item,Ucayali,null,null,Power ilim 79.90 SD N,AmericaMovil,09:00 - 21:00,En Progreso,En Progreso,Desconocido,null
Netcall,2 oct 2026,16,927844615,927844615,9283,Outbound,Portabilidad Postpago,RETIRO EN TIENDA,Retiro en tienda,3149,CERRADAS,Entregado,Entregado,TLV_NET_MCHAMBI,SIM,2 oct 2026,2 oct 2026,null,No,CERRADAS,2026-10-03 03:37:20,Multilínea,Mono_item,Ucayali,null,Power ilim 79.90 SD N,null,null,09:00 - 21:00,Cerrado,Resuelto,null,null
Netcall,3 oct 2026,11,928032487,928032487Empty,9283,Outbound,Portabilidad Postpago,RETIRO EN TIENDA,Retiro en tienda,3031,ABIERTAS,Pendiente Entrega,Pendiente Entrega,NET_ABARRERAY,SIM,3 oct 2026,null,null,No,ABIERTAS,null,Monolínea,Mono_item,Ucayali,null,null,null,null,09:00 - 21:00,En Progreso,En Progreso,null,null
Netcall,2 oct 2026,14,927803754,927803754,9283,Outbound,Portabilidad Postpago,RETIRO EN TIENDA,Retiro en tienda,3149,CERRADAS,Entregado,Entregado,NET_MDONAYRE,SIM,2 oct 2026,2 oct 2026,null,No,CERRADAS,2026-10-03 00:45:02,Multilínea,Mono_item,Ucayali,null,Power ilim 79.90 SD N,null,null,09:00 - 21:00,Cerrado,Resuelto,null,null
Netcall,2 oct 2026,11,927741085,927741085,9283,Outbound,Venta Regular / Alta,RETIRO EN TIENDA,Retiro en tienda,3149,CERRADAS,Entregado,Entregado,NET_MDONAYRE,SIM,2 oct 2026,2 oct 2026,null,No,CERRADAS,2026-10-02 16:08:30,Multilínea,Mono_item,Ucayali,null,Power ilim 79.90 SD N,null,null,09:00 - 21:00,Cerrado,Resuelto,null,null
Netcall,1 oct 2026,13,927309353,9273093538285995708528,9283,Outbound,Portabilidad Postpago,RETIRO EN TIENDA,Retiro en tienda,3031,CERRADAS,Entregado,Entregado,TLV_NET_JMORO,SIM,1 oct 2026,1 oct 2026,null,No,CERRADAS,2026-10-02 00:59:39,Monolínea,Mono_item,Ucayali,null,Power ilim 79.90 SD N,Power ilim 79.90 SD N,TELEFONICAPE,09:00 - 21:00,Cerrado,Resuelto,Desconocido,null
Netcall,2 oct 2026,10,927713891,927713891,9283,Outbound,Portabilidad Postpago,RETIRO EN TIENDA,Retiro en tienda,3031,CERRADAS,Entregado,Entregado,TLV_NET_DVALOI,SIM,2 oct 2026,2 oct 2026,null,No,CERRADAS,2026-10-03 00:44:56,Monolínea,Mono_item,Ucayali,null,Power ilim 69.90 N,null,null,09:00 - 21:00,Cerrado,Resuelto,null,null
Netcall,1 oct 2026,16,927372721,9273727218286605912679,9283,Outbound,Portabilidad Postpago,PROGRAMADO,Logixtal,9348,CERRADAS,Entregado,Entregado,NET_CPINELLAC,SIM,2 oct 2026,2 oct 2026,null,No,CERRADAS,2026-10-03 03:36:39,Multilínea,Mono_item,Tacna,null,Power ilim 79.90 SD N,Power ilim 79.90 SD N,AmericaMovil,13:01 - 19:00,Cerrado,Resuelto,Desconocido,CORONEL GREGORIO ALBARRACIN L.
Netcall,2 oct 2026,18,927870798,927870798,9283,Outbound,Portabilidad Postpago,PROGRAMADO,Logixtal,9348,ABIERTAS,Pendiente Entrega,Pendiente Entrega,NET_ARIVERA,SIM,3 oct 2026,null,null,No,ABIERTAS,null,Monolínea,Mono_item,Tacna,null,null,null,null,13:01 - 19:00,En Progreso,En Progreso,null,CORONEL GREGORIO ALBARRACIN L.
Netcall,1 oct 2026,12,927301105,9273011058285906072575,9283,Outbound,Portabilidad Postpago,EXPRESS,Logixtal,9348,CERRADAS,Entregado,Entregado,NET_MAZCARATED,SIM,1 oct 2026,1 oct 2026,null,No,CERRADAS,2026-10-02 04:25:16,Monolínea,Mono_item,Tacna,null,Power ilim 79.90 SD N,Power ilim 79.90 SD N,AmericaMovil,10:00 - 20:00,Cerrado,Resuelto,Desconocido,CORONEL GREGORIO ALBARRACIN L.
Netcall,3 oct 2026,11,928062376,92806237689511710111073596682,9283,Outbound,Portabilidad Postpago,EXPRESS,Retiro en tienda,9348,ABIERTAS,Entregado,Entregado,NET_ECARRETEROH,SIM,3 oct 2026,null,null,No,ABIERTAS,null,Monolínea,Mono_item,Tacna,null,null,null,null,10:00 - 20:00,En Progreso,Punto de No Retorno,null,null
Netcall,2 oct 2026,11,927737256,927737256,9283,Outbound,Portabilidad Postpago,EXPRESS,Logixtal,9348,CERRADAS,Entregado,Entregado,NET_CGARCIAC,SIM,2 oct 2026,2 oct 2026,null,No,CERRADAS,2026-10-03 01:13:15,Monolínea,Mono_item,Tacna,null,Power ilim 69.90 N,null,null,10:00 - 20:00,Cerrado,Resuelto,null,CORONEL GREGORIO ALBARRACIN L.
Netcall,3 oct 2026,9,928036492,92803649289511710111073596732,9283,Outbound,Portabilidad Postpago,EXPRESS,Retiro en tienda,9348,ABIERTAS,Pendiente Entrega,Pendiente Entrega,NET_MDIAZP,SIM,3 oct 2026,null,null,No,ABIERTAS,null,Multilínea,Mono_item,Tacna,null,null,null,null,10:00 - 20:00,En Progreso,Punto de No Retorno,null,null
Netcall,1 oct 2026,15,927343442,9273434428286314611911,9283,Outbound,Portabilidad Postpago,PROGRAMADO,Logixtal,9348,CANCELADAS,Anulado,CLIENTE YA NO DESEA PRODUCTO,NET_KARAUJOC,SIM,2 oct 2026,null,null,No,CANCELADAS,2026-10-02 11:31:08,Monolínea,Mono_item,Tacna,null,null,Power ilim 69.90 N,Viettel Peru,09:00 - 13:00,Cancelado,Rechazado,Desconocido,CORONEL GREGORIO ALBARRACIN L.
Netcall,3 oct 2026,11,928081083,92808108389511710111073596674,9283,Outbound,Portabilidad Postpago,EXPRESS,Retiro en tienda,9348,ABIERTAS,Entregado,Entregado,TLV_NET_LPULIDO,SIM,3 oct 2026,null,null,No,ABIERTAS,null,Monolínea,Mono_item,Tacna,null,null,null,null,10:00 - 20:00,En Progreso,Punto de No Retorno,null,null
Netcall,3 oct 2026,10,928055520,92805552089511710111073596690,9283,Outbound,Portabilidad Postpago,EXPRESS,Retiro en tienda,9348,ABIERTAS,Entregado,Entregado,NET_RCARDENASH,SIM,3 oct 2026,null,null,No,ABIERTAS,null,Monolínea,Mono_item,Tacna,null,null,null,null,10:00 - 20:00,En Progreso,Punto de No Retorno,null,null
Netcall,3 oct 2026,10,928035227,92803522789511710111073596716,9283,Outbound,Portabilidad Postpago,EXPRESS,Retiro en tienda,9348,ABIERTAS,Pendiente Entrega,Pendiente Entrega,NET_MMATORELAS,SIM,3 oct 2026,null,null,No,ABIERTAS,null,Monolínea,Mono_item,Tacna,null,null,null,null,10:00 - 20:00,En Progreso,Punto de No Retorno,null,null
Netcall,2 oct 2026,16,927842087,927842087,9283,Outbound,Portabilidad Postpago,PROGRAMADO,Logixtal,9348,ABIERTAS,Pendiente Entrega,Pendiente Entrega,NET_MVASQUEZV,SIM,3 oct 2026,null,null,No,ABIERTAS,null,Monolínea,Mono_item,Tacna,null,null,null,null,09:00 - 13:00,En Progreso,En Progreso,null,CORONEL GREGORIO ALBARRACIN L.
Netcall,1 oct 2026,16,927374048,9273740488286613856342,9283,Outbound,Portabilidad Postpago,EXPRESS,Logixtal,9348,CERRADAS,Entregado,Entregado,NET_CPINELLAC,SIM,1 oct 2026,2 oct 2026,null,No,CERRADAS,2026-10-03 00:38:56,Multilínea,Mono_item,Tacna,null,Power ilim 79.90 SD N,Power ilim 79.90 SD N,AmericaMovil,08:00 - 20:00,Cerrado,Resuelto,Desconocido,CORONEL GREGORIO ALBARRACIN L.
Netcall,1 oct 2026,12,927307549,9273075498285967328690,9283,Outbound,Venta Regular / Alta,EXPRESS,Logixtal,9348,CERRADAS,Entregado,Entregado,NET_MGONZALESR,SIM,1 oct 2026,1 oct 2026,01/10/2026,Sí,CERRADAS,2026-10-01 18:50:53,Monolínea,Mono_item,Tacna,39.9,Power 39.90 N,Power 39.90 N,Desconocido,10:00 - 20:00,Cerrado,Resuelto,Desconocido,CORONEL GREGORIO ALBARRACIN L.
Netcall,3 oct 2026,10,928039681,92803968189511710111073596724,9283,Outbound,Portabilidad Postpago,EXPRESS,Retiro en tienda,9348,ABIERTAS,Pendiente Entrega,Pendiente Entrega,NET_MDIAZP,SIM,3 oct 2026,null,null,No,ABIERTAS,null,Multilínea,Mono_item,Tacna,null,null,null,null,10:00 - 20:00,En Progreso,Punto de No Retorno,null,null
Netcall,2 oct 2026,17,927857200,927857200,9283,Outbound,Portabilidad Postpago,PROGRAMADO,Logixtal,9001,ABIERTAS,Pendiente Entrega,Pendiente Entrega,NET_DLIMAYMANTC,SIM,3 oct 2026,null,null,No,ABIERTAS,null,Multilínea,Mono_item,Lima - Callao,null,null,null,null,13:01 - 22:00,En Progreso,Punto de No Retorno,null,COMAS
Netcall,2 oct 2026,18,927876356,927876356,9283,Outbound,Portabilidad Postpago,EXPRESS,Logixtal,9001,CERRADAS,Entregado,Entregado,TLV_NET_MLANDAR,SIM,2 oct 2026,2 oct 2026,null,No,CERRADAS,2026-10-03 02:02:35,Monolínea,Mono_item,Lima - Callao,null,Power ilim 69.90 N,null,null,10:00 - 22:00,Cerrado,Resuelto,null,COMAS
Netcall,2 oct 2026,10,927719651,927719651,9283,Outbound,Portabilidad Postpago,EXPRESS,Logixtal,9001,CERRADAS,Entregado,Entregado,NET_VCARMENG,SIM,2 oct 2026,2 oct 2026,null,No,CERRADAS,2026-10-03 01:44:24,Monolínea,Mono_item,Lima - Callao,null,Power ilim 69.90 N,null,null,10:00 - 22:00,Cerrado,Resuelto,null,COMAS
Netcall,3 oct 2026,12,928090905,92809090589511710111087034852,9283,Outbound,Portabilidad Postpago,EXPRESS,Logixtal,9001,ABIERTAS,Pendiente Entrega,Pendiente de Picking,NET_GVELASQUEZA,SIM,4 oct 2026,null,null,No,ABIERTAS,null,Monolínea,Mono_item,Lima - Callao,null,null,null,null,08:00 - 20:00,En Progreso,Punto de No Retorno,null,null
Netcall,1 oct 2026,12,927308130,9273081308285979430272,9283,Outbound,Portabilidad Postpago,EXPRESS,Logixtal,9001,CERRADAS,Entregado,Entregado,NET_ALOPEZD,SIM,1 oct 2026,1 oct 2026,null,No,CERRADAS,2026-10-02 01:21:19,Multilínea,Mono_item,Lima - Callao,null,Power ilim 79.90 SD N,Power ilim 79.90 SD N,AmericaMovil,10:00 - 22:00,Cerrado,Resuelto,Desconocido,COMAS
Netcall,1 oct 2026,12,927296567,9272965678285858504744,9283,Outbound,Portabilidad Postpago,EXPRESS,Logixtal,9001,CANCELADAS,Anulado,PIN PORTA_NO VALIDO,NET_KALMEYDAS,SIM,1 oct 2026,null,null,No,CANCELADAS,2026-10-01 13:06:44,Monolínea,Mono_item,Lima - Callao,null,null,Power ilim 69.90 N,AmericaMovil,10:00 - 22:00,Cancelado,Pedido Cancelación,Portabilidad Rechazada. REC01PRT01: El abonado ha suspendido el servicio | portabilityOperDateActive=2025-03-31,COMAS
Netcall,1 oct 2026,15,927343100,9273431008286314849714,9283,Outbound,Portabilidad Postpago,PROGRAMADO,Logixtal,9001,CERRADAS,Entregado,Entregado,NET_GCABALLEROC,SIM,2 oct 2026,2 oct 2026,null,No,CERRADAS,2026-10-03 00:53:22,Multilínea,Mono_item,Lima - Callao,null,Power ilim 79.90 SD N,Power ilim 79.90 SD N,Viettel Peru,08:00 - 13:00,Cerrado,Resuelto,Desconocido,COMAS
Netcall,1 oct 2026,15,927350860,9273508608286378014024,9283,Outbound,Venta Regular / Alta,EXPRESS,Logixtal,9001,CANCELADAS,Anulado,CLIENTE DESISTE - NO BRINDA MOTIVOS,NET_GHERRERAG,SIM,1 oct 2026,null,null,No,CANCELADAS,2026-10-01 16:14:04,Multilínea,Mono_item,Lima - Callao,null,null,Power ilim 79.90 SD N,Desconocido,10:00 - 22:00,Cancelado,Rechazado,Desconocido,COMAS
Netcall,3 oct 2026,10,928046362,92804636289511710111087034936,9283,Outbound,Portabilidad Postpago,EXPRESS,Logixtal,9001,ABIERTAS,Entregado,Entregado,NET_LFLORESY,SIM,3 oct 2026,null,null,No,ABIERTAS,null,Monolínea,Mono_item,Lima - Callao,null,null,null,null,10:00 - 22:00,En Progreso,Pago Recibido,null,null
Netcall,2 oct 2026,11,927750793,927750793,9283,Outbound,Portabilidad Postpago,EXPRESS,Logixtal,9001,CERRADAS,Entregado,Entregado,NET_RDULANTORO,SIM,2 oct 2026,2 oct 2026,null,No,CERRADAS,2026-10-03 01:48:52,Monolínea,Mono_item,Lima - Callao,null,Power ilim 69.90 N,null,null,10:00 - 22:00,Cerrado,Resuelto,null,COMAS
Netcall,1 oct 2026,15,927350195,9273501958286379435206,9283,Outbound,Venta Regular / Alta,EXPRESS,Logixtal,9001,CANCELADAS,Anulado,CLIENTE DESISTE - NO BRINDA MOTIVOS,NET_GHERRERAG,SIM,1 oct 2026,null,null,No,CANCELADAS,2026-10-01 16:14:19,Multilínea,Mono_item,Lima - Callao,null,null,Power ilim 79.90 SD N,Desconocido,10:00 - 22:00,Cancelado,Rechazado,Desconocido,COMAS
Netcall,2 oct 2026,12,927778965,927778965,9283,Outbound,Venta Regular / Alta,EXPRESS,Logixtal,9001,CERRADAS,Entregado,Entregado,NET_EMEDINAU,SIM,2 oct 2026,2 oct 2026,null,No,CERRADAS,2026-10-02 19:10:21,Monolínea,Mono_item,Lima - Callao,null,Power 39.90 N,null,null,10:00 - 22:00,Cerrado,Resuelto,null,COMAS
Netcall,3 oct 2026,12,928087307,92808730789511710111087034860,9283,Outbound,Portabilidad Postpago,EXPRESS,Logixtal,9001,ABIERTAS,Entregado,Entregado,NET_GVILELAR,SIM,3 oct 2026,null,null,No,ABIERTAS,null,Monolínea,Mono_item,Lima - Callao,null,null,null,null,10:00 - 22:00,En Progreso,Punto de No Retorno,null,null
Netcall,1 oct 2026,10,927250894,9272508948285456977064,9283,Outbound,Portabilidad Postpago,EXPRESS,Logixtal,9001,CERRADAS,Entregado,Entregado,NET_SDIAZO,SIM,1 oct 2026,1 oct 2026,null,No,CERRADAS,2026-10-02 01:12:32,Monolínea,Mono_item,Lima - Callao,null,Power ilim 79.90 SD N,Power ilim 79.90 SD N,AmericaMovil,10:00 - 22:00,Cerrado,Resuelto,Desconocido,COMAS
Netcall,3 oct 2026,9,928031412,92803141289511710111087034977,9283,Outbound,Portabilidad Postpago,EXPRESS,Logixtal,9001,ABIERTAS,Entregado,Entregado,TLV_NET_EBULNES,SIM,3 oct 2026,null,null,No,ABIERTAS,null,Monolínea,Mono_item,Lima - Callao,null,null,null,null,10:00 - 22:00,En Progreso,Pago Recibido,null,null
Netcall,1 oct 2026,11,927288100,9272881008285775464079,9271,Outbound,Portabilidad Postpago,PROGRAMADO,Logixtal,9001,ABIERTAS,Pendiente Entrega,Pendiente Entrega,NET_LGOMEZA,SIM,3 oct 2026,null,null,No,ABIERTAS,null,Multilínea,Mono_item,Lima - Callao,null,null,Power ilim 69.90 N,AmericaMovil,08:00 - 13:00,En Progreso,Punto de No Retorno,Desconocido,COMAS
Netcall,1 oct 2026,15,927344477,9273444778286322451295,9283,Outbound,Portabilidad Postpago,PROGRAMADO,Logixtal,9001,CERRADAS,Entregado,Entregado,NET_GCABALLEROC,SIM,2 oct 2026,2 oct 2026,null,No,CERRADAS,2026-10-03 01:38:34,Multilínea,Mono_item,Lima - Callao,null,Power ilim 79.90 SD N,Power ilim 79.90 SD N,Viettel Peru,08:00 - 13:00,Cerrado,Resuelto,Desconocido,COMAS
Netcall,1 oct 2026,18,927399120,9273991208286860604019,9283,Outbound,Portabilidad Postpago,PROGRAMADO,Logixtal,9001,ABIERTAS,Pendiente Entrega,Pendiente Entrega,NET_SPEREZM,SIM,2 oct 2026,null,null,No,ABIERTAS,null,Monolínea,Mono_item,Lima - Callao,null,null,Power ilim 69.90 N,Viettel Peru,13:01 - 22:00,En Progreso,Punto de No Retorno,Desconocido,COMAS
Netcall,1 oct 2026,12,927302390,9273023908285920878046,9283,Outbound,Portabilidad Postpago,EXPRESS,Logixtal,9001,CERRADAS,Entregado,Entregado,TLV_NET_LSANCHA,SIM,1 oct 2026,1 oct 2026,null,No,CERRADAS,2026-10-02 01:02:14,Monolínea,Mono_item,Lima - Callao,null,Power ilim 69.90 N,Power ilim 69.90 N,AmericaMovil,10:00 - 22:00,Cerrado,Resuelto,Desconocido,COMAS
Netcall,1 oct 2026,10,927249343,927249343,9283,Outbound,Portabilidad Postpago,EXPRESS,Logixtal,9001,CERRADAS,Entregado,Entregado,NET_CTRAVIM,SIM,1 oct 2026,1 oct 2026,null,No,CERRADAS,2026-10-02 00:25:27,Monolínea,Mono_item,Lima - Callao,null,Power ilim 69.90 N,null,null,10:00 - 22:00,Cerrado,Resuelto,null,COMAS
Netcall,2 oct 2026,15,927815440,927815440,9283,Outbound,Portabilidad Postpago,PROGRAMADO,Logixtal,9001,ABIERTAS,Pendiente Entrega,Pendiente Entrega,TLV_NET_MFARFAN,SIM,3 oct 2026,null,null,No,ABIERTAS,null,Monolínea,Mono_item,Lima - Callao,null,null,null,null,13:01 - 22:00,En Progreso,Punto de No Retorno,null,COMAS
Netcall,1 oct 2026,17,927395275,9273952758286835644483,9283,Outbound,Portabilidad Postpago,PROGRAMADO,Logixtal,9001,CERRADAS,Entregado,Entregado,NET_GARROYOR,SIM,2 oct 2026,2 oct 2026,null,No,CERRADAS,2026-10-03 00:17:41,Monolínea,Mono_item,Lima - Callao,null,Power ilim 79.90 SD N,Power ilim 79.90 SD N,AmericaMovil,08:00 - 13:00,Cerrado,Resuelto,Desconocido,COMAS
Netcall,1 oct 2026,11,927272795,927272795,9283,Outbound,Portabilidad Postpago,EXPRESS,Logixtal,9001,CERRADAS,Entregado,Entregado,NET_GCABALLEROC,SIM,1 oct 2026,1 oct 2026,null,No,CERRADAS,2026-10-02 00:25:15,Multilínea,Mono_item,Lima - Callao,null,Power ilim 79.90 SD N,null,null,10:00 - 22:00,Cerrado,Resuelto,null,COMAS
Netcall,1 oct 2026,11,927289175,9272891758285794068207,9271,Outbound,Portabilidad Postpago,EXPRESS,Logixtal,9001,CERRADAS,Entregado,Entregado,NET_AYZAGUIRREH,SIM,1 oct 2026,1 oct 2026,null,No,CERRADAS,2026-10-02 01:07:52,Monolínea,Mono_item,Lima - Callao,null,Power ilim 69.90 N,Power ilim 69.90 N,AmericaMovil,10:00 - 22:00,Cerrado,Resuelto,Desconocido,COMAS
Netcall,3 oct 2026,12,928087853,928087853Empty,9283,Outbound,Portabilidad Postpago,PROGRAMADO,Logixtal,9001,CANCELADAS,Pendiente Entrega,Pendiente de Picking,NET_JSANGAMA,SIM,5 oct 2026,null,null,No,CANCELADAS,2026-10-03 13:18:02,Monolínea,Mono_item,Lima - Callao,null,null,null,null,08:00 - 13:00,Cancelado,Rechazado,null,null
Netcall,3 oct 2026,10,928045407,92804540789511710111087034928,9265,Outbound,Portabilidad Postpago,EXPRESS,Logixtal,9001,ABIERTAS,Entregado,Entregado,NET_IRODRIGUEZS,SIM,3 oct 2026,null,null,No,ABIERTAS,null,Monolínea,Mono_item,Lima - Callao,null,null,null,null,10:00 - 22:00,En Progreso,Pago Recibido,null,null
Netcall,1 oct 2026,12,927296990,9272969908285864280748,9283,Outbound,Portabilidad Postpago,EXPRESS,Logixtal,9001,CERRADAS,Entregado,Entregado,NET_BAYALAR,SIM,1 oct 2026,1 oct 2026,null,No,CERRADAS,2026-10-02 00:53:56,Monolínea,Mono_item,Lima - Callao,null,Power ilim 69.90 N,Power ilim 69.90 N,AmericaMovil,10:00 - 22:00,Cerrado,Resuelto,Desconocido,COMAS
Netcall,2 oct 2026,15,927822250,927822250,9283,Outbound,Portabilidad Postpago,EXPRESS,Logixtal,9001,CERRADAS,Entregado,Entregado,NET_GARROYOR,SIM,2 oct 2026,2 oct 2026,null,No,CERRADAS,2026-10-03 01:54:06,Monolínea,Mono_item,Lima - Callao,null,Power ilim 79.90 SD N,null,null,10:00 - 22:00,Cerrado,Resuelto,null,COMAS
Netcall,3 oct 2026,10,928043444,92804344489511710101081019892,9283,Outbound,Portabilidad Postpago,EXPRESS,Logixtal,9001,ABIERTAS,Entregado,Entregado,NET_EHUANCAH,SIM,3 oct 2026,null,null,No,ABIERTAS,null,Monolínea,Mono_item,Lima - Callao,null,null,null,null,10:00 - 22:00,En Progreso,Pago Recibido,null,null
Netcall,1 oct 2026,13,927322674,9273226748286109197792,9283,Outbound,Portabilidad Postpago,EXPRESS,Logixtal,9001,CERRADAS,Entregado,Entregado,NET_YCHAVEZ,SIM,1 oct 2026,1 oct 2026,null,No,CERRADAS,2026-10-02 02:06:04,Multilínea,Multi_item,Lima - Callao,null,Power ilim 79.90 SD N,Power ilim 79.90 SD N,AmericaMovil,10:00 - 22:00,Cerrado,Resuelto,Desconocido,COMAS
Netcall,1 oct 2026,18,927400576,9274005768286873684719,9271,Outbound,Portabilidad Postpago,EXPRESS,Logixtal,9001,CANCELADAS,Entregado,Entregado,NET_YPAREDESG,SIM,1 oct 2026,1 oct 2026,null,No,CANCELADAS,2026-10-01 22:00:36,Monolínea,Mono_item,Lima - Callao,null,null,Power ilim 79.90 SD N,AmericaMovil,10:00 - 22:00,Cancelado,Pedido Cancelación,Portabilidad Rechazada. REC01PRT09: El abonado tiene deuda exigible | paymentDueDate=2026-09-28|portabilityOperDateActive=2025-07-08,COMAS
Netcall,3 oct 2026,11,928069537,92806953789511710111087034894,9283,Outbound,Portabilidad Postpago,EXPRESS,Logixtal,9001,ABIERTAS,Entregado,Entregado,NET_IVARGASI,SIM,3 oct 2026,null,null,No,ABIERTAS,null,Multilínea,Mono_item,Lima - Callao,null,null,null,null,10:00 - 22:00,En Progreso,Punto de No Retorno,null,null
Netcall,2 oct 2026,12,927777814,927777814,9223,Fidelización,Renovación,EXPRESS PROGRAMADO,Logixtal,9001,CERRADAS,Entregado,Entregado,NET_DGTEMOCHEE,Equipo,2 oct 2026,2 oct 2026,null,No,CERRADAS,2026-10-02 17:35:59,Multilínea,Mono_item,Lima - Callao,null,null,null,null,17:01 - 21:00,Cerrado,Resuelto,null,COMAS
Netcall,1 oct 2026,13,927322674,9273226748286109201009,9283,Outbound,Portabilidad Postpago,EXPRESS,Logixtal,9001,CERRADAS,Entregado,Entregado,NET_YCHAVEZ,SIM,1 oct 2026,1 oct 2026,null,No,CERRADAS,2026-10-02 02:06:04,Multilínea,Multi_item,Lima - Callao,null,Power ilim 79.90 SD N,Power ilim 79.90 SD N,AmericaMovil,10:00 - 22:00,Cerrado,Resuelto,Desconocido,COMAS
Netcall,1 oct 2026,15,927346185,9273461858286341878798,9283,Outbound,Venta Regular / Alta,EXPRESS,Logixtal,9001,CERRADAS,Entregado,Entregado,NET_ASANTIAGOT,SIM,1 oct 2026,2 oct 2026,null,No,CERRADAS,2026-10-02 18:08:21,Monolínea,Mono_item,Lima - Callao,null,Power 39.90 N,Power 39.90 N,Desconocido,08:00 - 20:00,Cerrado,Resuelto,Desconocido,COMAS
Netcall,1 oct 2026,13,927310820,9273108208286007178923,9283,Outbound,Portabilidad Postpago,EXPRESS,Logixtal,9001,CERRADAS,Entregado,Entregado,NET_MCVASQUEZ,SIM,1 oct 2026,1 oct 2026,null,No,CERRADAS,2026-10-02 01:11:17,Monolínea,Mono_item,Lima - Callao,null,Power ilim 69.90 N,Power ilim 69.90 N,AmericaMovil,10:00 - 22:00,Cerrado,Resuelto,Desconocido,COMAS
Netcall,1 oct 2026,16,927372544,9273725448286605117206,9283,Outbound,Portabilidad Postpago,PROGRAMADO,Logixtal,9001,CERRADAS,Entregado,Entregado,NET_LLOBATONV,SIM,2 oct 2026,2 oct 2026,null,No,CERRADAS,2026-10-03 01:35:57,Monolínea,Mono_item,Lima - Callao,null,Power 39.90 N,Power 39.90 N,TELEFONICAPE,08:00 - 13:00,Cerrado,Resuelto,Desconocido,COMAS
Netcall,2 oct 2026,17,927854746,927854746,9283,Outbound,Portabilidad Postpago,PROGRAMADO,Logixtal,9001,ABIERTAS,Pendiente Entrega,Pendiente Entrega,NET_DLIMAYMANTC,SIM,3 oct 2026,null,null,No,ABIERTAS,null,Multilínea,Mono_item,Lima - Callao,null,null,null,null,13:01 - 22:00,En Progreso,Punto de No Retorno,null,COMAS
Netcall,3 oct 2026,11,928068723,92806872389511710111087034902,9283,Outbound,Portabilidad Postpago,EXPRESS,Logixtal,9001,ABIERTAS,Entregado,Entregado,NET_IVARGASI,SIM,3 oct 2026,null,null,No,ABIERTAS,null,Multilínea,Mono_item,Lima - Callao,null,null,null,null,10:00 - 22:00,En Progreso,Pago Recibido,null,null
Netcall,1 oct 2026,13,927320811,927320811,9283,Outbound,Portabilidad Postpago,EXPRESS,Logixtal,9001,CERRADAS,Entregado,Entregado,NET_YCHAVEZ,SIM,1 oct 2026,1 oct 2026,null,No,CERRADAS,2026-10-02 00:31:56,Multilínea,Mono_item,Lima - Callao,null,Power ilim 79.90 SD N,null,null,10:00 - 22:00,Cerrado,Resuelto,null,COMAS
Netcall,1 oct 2026,11,927271501,9272715018285635383140,9283,Outbound,Portabilidad Postpago,EXPRESS,Logixtal,9001,CERRADAS,Entregado,Entregado,NET_MPHERNANDEH,SIM,1 oct 2026,1 oct 2026,null,No,CERRADAS,2026-10-02 03:31:07,Monolínea,Mono_item,Lima - Callao,null,Power ilim 79.90 SD N,Power ilim 79.90 SD N,TELEFONICAPE,10:00 - 22:00,Cerrado,Resuelto,Desconocido,COMAS
Netcall,2 oct 2026,8,927676469,927676469,9283,Outbound,Portabilidad Postpago,EXPRESS,Logixtal,9001,CERRADAS,Entregado,Entregado,TLV_NET_DVALOI,SIM,2 oct 2026,2 oct 2026,null,No,CERRADAS,2026-10-03 01:53:21,Monolínea,Mono_item,Lima - Callao,null,Power ilim 69.90 N,null,null,10:00 - 22:00,Cerrado,Resuelto,null,COMAS
Netcall,2 oct 2026,15,927818363,927818363,9283,Outbound,Portabilidad Postpago,EXPRESS,Logixtal,9001,ABIERTAS,Pendiente Entrega,Pendiente Entrega,NET_MORIHUELAQ,SIM,2 oct 2026,null,null,No,ABIERTAS,null,Multilínea,Mono_item,Lima - Callao,null,null,null,null,10:00 - 22:00,En Progreso,Punto de No Retorno,null,COMAS
Netcall,1 oct 2026,12,927306812,9273068128285959258544,9283,Outbound,Venta Regular / Alta,EXPRESS,Logixtal,9001,CERRADAS,Entregado,Entregado,NET_ALOPEZD,SIM,1 oct 2026,1 oct 2026,01/10/2026,Sí,CERRADAS,2026-10-01 18:20:10,Multilínea,Mono_item,Lima - Callao,39.95,Power ilim 79.90 SD N,Power ilim 79.90 SD N,Desconocido,10:00 - 22:00,Cerrado,Resuelto,Desconocido,COMAS
Netcall,1 oct 2026,11,927274384,927274384,9283,Outbound,Portabilidad Postpago,EXPRESS,Logixtal,9001,CERRADAS,Entregado,Entregado,NET_GCABALLEROC,SIM,1 oct 2026,1 oct 2026,null,No,CERRADAS,2026-10-02 00:13:33,Multilínea,Mono_item,Lima - Callao,null,Power ilim 79.90 SD N,null,null,10:00 - 22:00,Cerrado,Resuelto,null,COMAS
Netcall,2 oct 2026,17,927861616,927861616,9271,Outbound,Portabilidad Postpago,PROGRAMADO,Logixtal,9001,ABIERTAS,Pendiente Entrega,Pendiente Entrega,NET_PTORRESR,SIM,3 oct 2026,null,null,No,ABIERTAS,null,Monolínea,Mono_item,Lima - Callao,null,null,null,null,13:01 - 22:00,En Progreso,Punto de No Retorno,null,COMAS
Netcall,2 oct 2026,18,927871731,927871731,9283,Outbound,Portabilidad Postpago,PROGRAMADO,Logixtal,9001,ABIERTAS,Pendiente Entrega,Pendiente Entrega,TLV_NET_RSORIAH,SIM,3 oct 2026,null,null,No,ABIERTAS,null,Monolínea,Mono_item,Lima - Callao,null,null,null,null,13:01 - 22:00,En Progreso,Punto de No Retorno,null,COMAS
Netcall,2 oct 2026,15,927819109,927819109,9283,Outbound,Portabilidad Postpago,EXPRESS,Logixtal,9001,ABIERTAS,Pendiente Entrega,Pendiente Entrega,NET_MORIHUELAQ,SIM,2 oct 2026,null,null,No,ABIERTAS,null,Multilínea,Mono_item,Lima - Callao,null,null,null,null,10:00 - 22:00,En Progreso,Punto de No Retorno,null,COMAS
Netcall,3 oct 2026,11,928067745,92806774589511710111087034910,9283,Outbound,Portabilidad Postpago,EXPRESS,Logixtal,9001,ABIERTAS,Entregado,Entregado,NET_IVARGASI,SIM,3 oct 2026,null,null,No,ABIERTAS,null,Multilínea,Mono_item,Lima - Callao,null,null,null,null,10:00 - 22:00,En Progreso,Pago Recibido,null,null
Netcall,1 oct 2026,9,927232811,9272328118285306205446,9271,Outbound,Portabilidad Postpago,EXPRESS,Logixtal,9001,CANCELADAS,Anulado,CLIENTE DESISTE - INFORMACIÓN INCORRECTA,NET_LGOMEZA,SIM,1 oct 2026,null,null,No,CANCELADAS,2026-10-01 10:38:29,Multilínea,Mono_item,Lima - Callao,null,null,Power ilim 69.90 N,AmericaMovil,10:00 - 22:00,Cancelado,Rechazado,Desconocido,COMAS
Netcall,1 oct 2026,9,927231947,9272319478285297758470,9283,Outbound,Portabilidad Postpago,EXPRESS,Logixtal,9348,CERRADAS,Entregado,Entregado,NET_ADOROTEOSAL,SIM,1 oct 2026,1 oct 2026,null,No,CERRADAS,2026-10-02 01:30:36,Monolínea,Mono_item,Tacna,null,Entel Prepago,Power ilim 69.90 N,Viettel Peru,10:00 - 20:00,Cerrado,Resuelto,Desconocido,CIUDAD NUEVA
Netcall,3 oct 2026,11,928078981,928078981Empty,9283,Outbound,Portabilidad Postpago,PROGRAMADO,Logixtal,9001,ABIERTAS,Pendiente Entrega,Pendiente de Picking,NET_MRIOSA,SIM,10 oct 2026,null,null,No,ABIERTAS,null,Monolínea,Mono_item,Lima - Callao,null,null,null,null,09:00 - 20:00,En Progreso,En Progreso,null,null
Netcall,2 oct 2026,11,927734595,927734595,9283,Outbound,Portabilidad Postpago,PROGRAMADO,Logixtal,9001,ABIERTAS,Pendiente Entrega,Pendiente Entrega,NET_ELAURAQ,SIM,3 oct 2026,null,null,No,ABIERTAS,null,Multilínea,Mono_item,Lima - Callao,null,null,null,null,09:00 - 20:00,En Progreso,Punto de No Retorno,null,CIENEGUILLA
Netcall,1 oct 2026,10,927262015,9272620158285556530321,9283,Outbound,Portabilidad Postpago,PROGRAMADO,Logixtal,9001,ABIERTAS,Pendiente Entrega,Pendiente Entrega,NET_CLOPEZA,SIM,3 oct 2026,null,null,No,ABIERTAS,null,Monolínea,Mono_item,Lima - Callao,null,null,Power ilim 79.90 SD N,TELEFONICAPE,09:00 - 20:00,En Progreso,Punto de No Retorno,Desconocido,CIENEGUILLA
Netcall,2 oct 2026,11,927738613,927738613,9283,Outbound,Portabilidad Postpago,PROGRAMADO,Logixtal,9001,ABIERTAS,Pendiente Entrega,Pendiente Entrega,NET_ELAURAQ,SIM,3 oct 2026,null,null,No,ABIERTAS,null,Multilínea,Mono_item,Lima - Callao,null,null,null,null,09:00 - 20:00,En Progreso,Punto de No Retorno,null,CIENEGUILLA
Netcall,2 oct 2026,12,927767269,927767269,9283,Outbound,Portabilidad Postpago,PROGRAMADO,Logixtal,5021,ABIERTAS,Pendiente Entrega,Pendiente Entrega,NET_YVEGASA,SIM,5 oct 2026,null,null,No,ABIERTAS,null,Monolínea,Mono_item,Piura,null,null,null,null,09:00 - 19:00,En Progreso,Punto de No Retorno,null,CHULUCANAS
Netcall,1 oct 2026,12,927290634,9272906348285800636452,9283,Outbound,Portabilidad Postpago,EXPRESS,Logixtal,9342,CERRADAS,Entregado,Entregado,NET_ACUEVAC,SIM,1 oct 2026,1 oct 2026,null,No,CERRADAS,2026-10-02 01:35:46,Monolínea,Mono_item,Lima - Callao,null,Power ilim 69.90 N,Power ilim 69.90 N,Viettel Peru,10:00 - 22:00,Cerrado,Resuelto,Desconocido,CHORRILLOS
Netcall,1 oct 2026,9,927238244,9272382448285351400320,9283,Outbound,Portabilidad Postpago,EXPRESS,Logixtal,9342,CERRADAS,Entregado,Entregado,NET_BZUASNABARF,SIM,1 oct 2026,1 oct 2026,null,No,CERRADAS,2026-10-02 01:45:45,Multilínea,Mono_item,Lima - Callao,null,Power ilim 79.90 SD N,Power ilim 79.90 SD N,AmericaMovil,10:00 - 22:00,Cerrado,Resuelto,Desconocido,CHORRILLOS
Netcall,1 oct 2026,11,927272984,9272729848285645487657,9259,Outbound,Portabilidad Postpago,EXPRESS,Logixtal,9342,CERRADAS,Entregado,Entregado,NET_CBIELICHR,SIM,1 oct 2026,1 oct 2026,null,No,CERRADAS,2026-10-02 00:59:36,Monolínea,Mono_item,Lima - Callao,null,Power ilim 69.90 N,Power ilim 69.90 N,AmericaMovil,10:00 - 22:00,Cerrado,Resuelto,Desconocido,CHORRILLOS
Netcall,2 oct 2026,15,927816434,927816434,9283,Outbound,Portabilidad Postpago,EXPRESS,Logixtal,9342,CERRADAS,Entregado,Entregado,TLV_NET_KARANDA,SIM,2 oct 2026,2 oct 2026,null,No,CERRADAS,2026-10-03 01:58:33,Monolínea,Mono_item,Lima - Callao,null,Power ilim 69.90 N,null,null,10:00 - 22:00,Cerrado,Resuelto,null,CHORRILLOS
Netcall,2 oct 2026,11,927751376,927751376,9283,Outbound,Portabilidad Postpago,EXPRESS,Logixtal,9342,CERRADAS,Entregado,Entregado,NET_YHUAMAN,SIM,2 oct 2026,2 oct 2026,null,No,CERRADAS,2026-10-03 01:49:24,Monolínea,Mono_item,Lima - Callao,null,Power ilim 69.90 N,null,null,10:00 - 22:00,Cerrado,Resuelto,null,CHORRILLOS
Netcall,1 oct 2026,12,927293203,927293203,9283,Outbound,Portabilidad Postpago,EXPRESS,Logixtal,9342,CERRADAS,Entregado,Entregado,NET_AMORALEST,SIM,1 oct 2026,1 oct 2026,null,No,CERRADAS,2026-10-02 00:32:44,Monolínea,Mono_item,Lima - Callao,null,Power ilim 79.90 SD N,null,null,10:00 - 22:00,Cerrado,Resuelto,null,CHORRILLOS
Netcall,1 oct 2026,9,927241802,9272418028285380240207,9283,Outbound,Portabilidad Postpago,EXPRESS,Logixtal,9342,CERRADAS,Entregado,Entregado,NET_LTORRESP,SIM,1 oct 2026,1 oct 2026,null,No,CERRADAS,2026-10-02 03:43:53,Multilínea,Mono_item,Lima - Callao,null,Power ilim 79.90 SD N,Power ilim 79.90 SD N,AmericaMovil,10:00 - 22:00,Cerrado,Resuelto,Desconocido,CHORRILLOS
Netcall,2 oct 2026,15,927821373,927821373,9283,Outbound,Portabilidad Postpago,EXPRESS,Logixtal,9342,CERRADAS,Entregado,Entregado,NET_MOQUISPITON,SIM,2 oct 2026,2 oct 2026,null,No,CERRADAS,2026-10-03 00:21:35,Monolínea,Mono_item,Lima - Callao,null,Power ilim 79.90 SD N,null,null,10:00 - 22:00,Cerrado,Resuelto,null,CHORRILLOS
Netcall,1 oct 2026,14,927328600,9273286008286166740981,9283,Outbound,Venta Regular / Alta,EXPRESS,Logixtal,9342,CERRADAS,Entregado,Entregado,NET_JBAYONAC,SIM,1 oct 2026,1 oct 2026,01/10/2026,Sí,CERRADAS,2026-10-01 16:43:28,Multilínea,Mono_item,Lima - Callao,39.95,Power ilim 79.90 SD N,Power ilim 79.90 SD N,Desconocido,10:00 - 22:00,Cerrado,Resuelto,Desconocido,CHORRILLOS
Netcall,2 oct 2026,11,927749030,927749030,9283,Outbound,Portabilidad Postpago,EXPRESS,Logixtal,9342,CERRADAS,Entregado,Entregado,NET_PBCGOMEZ,SIM,2 oct 2026,2 oct 2026,null,No,CERRADAS,2026-10-03 00:56:02,Multilínea,Mono_item,Lima - Callao,null,Power ilim 79.90 SD N,null,null,10:00 - 22:00,Cerrado,Resuelto,null,CHORRILLOS
Netcall,1 oct 2026,17,927392893,9273928938286801229561,9283,Outbound,Portabilidad Postpago,EXPRESS,Logixtal,9342,CERRADAS,Entregado,Entregado,NET_STAVARALIVI,SIM,1 oct 2026,2 oct 2026,null,No,CERRADAS,2026-10-03 00:37:27,Multilínea,Multi_item,Lima - Callao,null,Power ilim 79.90 SD N,Power ilim 79.90 SD N,TELEFONICAPE,08:00 - 20:00,Cerrado,Resuelto,Desconocido,CHORRILLOS
Netcall,1 oct 2026,14,927327321,927327321,9283,Outbound,Portabilidad Postpago,EXPRESS,Logixtal,9342,CERRADAS,Entregado,Entregado,NET_JBAYONAC,SIM,1 oct 2026,1 oct 2026,null,No,CERRADAS,2026-10-02 00:39:46,Multilínea,Mono_item,Lima - Callao,null,Power ilim 79.90 SD N,null,null,10:00 - 22:00,Cerrado,Resuelto,null,CHORRILLOS
Netcall,1 oct 2026,13,927311997,9273119978286012094783,9271,Outbound,Portabilidad Postpago,EXPRESS,Logixtal,9342,CERRADAS,Entregado,Entregado,NET_SCOVENASC,SIM,1 oct 2026,1 oct 2026,null,No,CERRADAS,2026-10-02 01:48:55,Monolínea,Mono_item,Lima - Callao,null,Power ilim 79.90 SD N,Power ilim 79.90 SD N,AmericaMovil,10:00 - 22:00,Cerrado,Resuelto,Desconocido,CHORRILLOS
Netcall,1 oct 2026,9,927241849,9272418498285380349752,9283,Outbound,Portabilidad Postpago,EXPRESS,Logixtal,9342,CERRADAS,Entregado,Entregado,NET_LTORRESP,SIM,1 oct 2026,1 oct 2026,null,No,CERRADAS,2026-10-02 01:43:42,Multilínea,Mono_item,Lima - Callao,null,Power ilim 79.90 SD N,Power ilim 79.90 SD N,AmericaMovil,10:00 - 22:00,Cerrado,Resuelto,Desconocido,CHORRILLOS
Netcall,1 oct 2026,9,927228344,9272283448285279814522,9271,Outbound,Portabilidad Postpago,PROGRAMADO,Logixtal,9342,ABIERTAS,Pendiente Entrega,Pendiente Entrega,NET_LGOMEZA,SIM,3 oct 2026,null,null,No,ABIERTAS,null,Monolínea,Mono_item,Lima - Callao,null,null,Power ilim 79.90 SD N,AmericaMovil,08:00 - 13:00,En Progreso,Punto de No Retorno,Desconocido,CHORRILLOS
Netcall,1 oct 2026,13,927317753,9273177538286065576887,9283,Outbound,Portabilidad Postpago,EXPRESS,Logixtal,9342,CERRADAS,Entregado,Entregado,NET_KCHAVEZF,SIM,1 oct 2026,1 oct 2026,null,No,CERRADAS,2026-10-02 01:46:53,Monolínea,Mono_item,Lima - Callao,null,Power 59.90 N,Power 59.90 N,TELEFONICAPE,10:00 - 22:00,Cerrado,Resuelto,Desconocido,CHORRILLOS
Netcall,1 oct 2026,9,927235413,9272354138285330922560,9283,Outbound,Portabilidad Postpago,EXPRESS,Logixtal,9342,CERRADAS,Entregado,Entregado,NET_BZUASNABARF,SIM,1 oct 2026,1 oct 2026,null,No,CERRADAS,2026-10-02 02:53:14,Multilínea,Mono_item,Lima - Callao,null,Power ilim 79.90 SD N,Power ilim 79.90 SD N,AmericaMovil,10:00 - 22:00,Cerrado,Resuelto,Desconocido,CHORRILLOS
Netcall,1 oct 2026,12,927292603,9272926038285822018028,9283,Outbound,Portabilidad Postpago,EXPRESS,Logixtal,9342,CERRADAS,Entregado,Entregado,NET_AARANAS,SIM,1 oct 2026,1 oct 2026,null,No,CERRADAS,2026-10-02 02:03:32,Monolínea,Mono_item,Lima - Callao,null,Power ilim 69.90 N,Power ilim 69.90 N,TELEFONICAPE,10:00 - 22:00,Cerrado,Resuelto,Desconocido,CHORRILLOS
Netcall,1 oct 2026,11,927285714,9272857148285755805497,9283,Outbound,Portabilidad Postpago,EXPRESS,Logixtal,9342,CERRADAS,Entregado,Entregado,NET_CMDELACRUZV,SIM,1 oct 2026,1 oct 2026,null,No,CERRADAS,2026-10-02 01:38:39,Monolínea,Mono_item,Lima - Callao,null,Power ilim 69.90 N,Power ilim 69.90 N,AmericaMovil,10:00 - 22:00,Cerrado,Resuelto,Desconocido,CHORRILLOS
Netcall,3 oct 2026,10,928060379,92806037989511710121083462940,9271,Outbound,Portabilidad Postpago,EXPRESS,Logixtal,9342,ABIERTAS,Entregado,Entregado,NET_KGUTIERREZV,SIM,3 oct 2026,null,null,No,ABIERTAS,null,Multilínea,Mono_item,Lima - Callao,null,null,null,null,10:00 - 22:00,En Progreso,Punto de No Retorno,null,null
Netcall,3 oct 2026,10,928049487,92804948789511710121083396429,9283,Outbound,Portabilidad Postpago,EXPRESS,Logixtal,9342,ABIERTAS,Entregado,Entregado,TLV_NET_RSORIAH,SIM,3 oct 2026,null,null,No,ABIERTAS,null,Monolínea,Mono_item,Lima - Callao,null,null,null,null,10:00 - 22:00,En Progreso,Pago Recibido,null,null
Netcall,3 oct 2026,10,928057092,92805709289511710101081581115,9283,Outbound,Portabilidad Postpago,EXPRESS,Logixtal,9342,ABIERTAS,Entregado,Entregado,NET_GVILELAR,SIM,3 oct 2026,null,null,No,ABIERTAS,null,Monolínea,Mono_item,Lima - Callao,null,null,null,null,10:00 - 22:00,En Progreso,Punto de No Retorno,null,null
Netcall,3 oct 2026,10,928055257,92805525789511710121083462965,9271,Outbound,Portabilidad Postpago,EXPRESS,Logixtal,9342,ABIERTAS,Entregado,Entregado,NET_KGUTIERREZV,SIM,3 oct 2026,null,null,No,ABIERTAS,null,Multilínea,Mono_item,Lima - Callao,null,null,null,null,10:00 - 22:00,En Progreso,Punto de No Retorno,null,null
Netcall,1 oct 2026,17,927392893,9273928938286801229127,9283,Outbound,Portabilidad Postpago,EXPRESS,Logixtal,9342,CERRADAS,Entregado,Entregado,NET_STAVARALIVI,SIM,1 oct 2026,2 oct 2026,null,No,CERRADAS,2026-10-03 00:37:27,Multilínea,Multi_item,Lima - Callao,null,Power ilim 79.90 SD N,Power ilim 79.90 SD N,TELEFONICAPE,08:00 - 20:00,Cerrado,Resuelto,Desconocido,CHORRILLOS
Netcall,2 oct 2026,11,927747925,927747925,9283,Outbound,Portabilidad Postpago,EXPRESS,Logixtal,9342,CERRADAS,Entregado,Entregado,NET_PBCGOMEZ,SIM,2 oct 2026,2 oct 2026,null,No,CERRADAS,2026-10-03 00:41:45,Multilínea,Mono_item,Lima - Callao,null,Power ilim 79.90 SD N,null,null,10:00 - 22:00,Cerrado,Resuelto,null,CHORRILLOS
Netcall,3 oct 2026,11,928076227,928076227Empty,9283,Outbound,Portabilidad Postpago,EXPRESS,Logixtal,9342,CANCELADAS,Pendiente Entrega,Pendiente de Picking,NET_MHUARCAYAA,SIM,3 oct 2026,null,null,No,CANCELADAS,2026-10-03 12:23:43,Monolínea,Mono_item,Lima - Callao,null,null,null,null,10:00 - 22:00,Cancelado,Rechazado,null,null
Netcall,3 oct 2026,12,928084688,92808468889511710121083465836,5299,Outbound,Portabilidad Postpago,EXPRESS,Logixtal,9342,ABIERTAS,Entregado,Entregado,NET_RCANDIOTTIA,SIM,3 oct 2026,null,null,No,ABIERTAS,null,Monolínea,Mono_item,Lima - Callao,null,null,null,null,10:00 - 22:00,En Progreso,Pago Recibido,null,null
Netcall,1 oct 2026,17,927392893,9273928938286801229344,9283,Outbound,Portabilidad Postpago,EXPRESS,Logixtal,9342,CERRADAS,Entregado,Entregado,NET_STAVARALIVI,SIM,1 oct 2026,2 oct 2026,null,No,CERRADAS,2026-10-03 00:37:27,Multilínea,Multi_item,Lima - Callao,null,Power ilim 79.90 SD N,Power ilim 79.90 SD N,TELEFONICAPE,08:00 - 20:00,Cerrado,Resuelto,Desconocido,CHORRILLOS
Netcall,3 oct 2026,10,928040011,92804001189511710111073953255,9283,Outbound,Portabilidad Postpago,EXPRESS,Logixtal,9342,ABIERTAS,Entregado,Entregado,TLV_NET_KARANDA,SIM,3 oct 2026,null,null,No,ABIERTAS,null,Monolínea,Mono_item,Lima - Callao,null,null,null,null,10:00 - 22:00,En Progreso,Punto de No Retorno,null,null
Netcall,3 oct 2026,10,928056976,92805697689511710121083462957,9271,Outbound,Portabilidad Postpago,EXPRESS,Logixtal,9342,ABIERTAS,Pendiente Entrega,Pendiente de Picking,NET_KGUTIERREZV,SIM,3 oct 2026,null,null,No,ABIERTAS,null,Multilínea,Mono_item,Lima - Callao,null,null,null,null,10:00 - 22:00,En Progreso,Punto de No Retorno,null,null
Netcall,2 oct 2026,10,927722640,927722640,9283,Outbound,Portabilidad Postpago,PROGRAMADO,Logixtal,9342,ABIERTAS,Pendiente Entrega,Pendiente Entrega,NET_WBENITESA,SIM,3 oct 2026,null,null,No,ABIERTAS,null,Monolínea,Mono_item,Lima - Callao,null,null,null,null,08:00 - 13:00,En Progreso,Punto de No Retorno,null,CHORRILLOS
Netcall,1 oct 2026,15,927342331,9273423318286302887775,9283,Outbound,Portabilidad Postpago,EXPRESS,Logixtal,9342,CERRADAS,Entregado,Entregado,TLV_NET_YQUITOV,SIM,1 oct 2026,1 oct 2026,null,No,CERRADAS,2026-10-02 01:53:57,Monolínea,Mono_item,Lima - Callao,null,Power ilim 69.90 N,Power ilim 69.90 N,TELEFONICAPE,10:00 - 22:00,Cerrado,Resuelto,Desconocido,CHORRILLOS
Netcall,3 oct 2026,12,928084553,928084553Empty,9283,Outbound,Portabilidad Postpago,PROGRAMADO,Retiro en tienda,9345,ABIERTAS,Pendiente Entrega,Pendiente Entrega,TLV_NET_YQUITOV,SIM,5 oct 2026,null,null,No,ABIERTAS,null,Monolínea,Mono_item,Ica,null,null,null,null,09:00 - 13:00,En Progreso,En Progreso,null,null
Netcall,3 oct 2026,8,928010920,92801092089511710101030227604,9283,Outbound,Portabilidad Postpago,EXPRESS,Retiro en tienda,9345,ABIERTAS,Entregado,Entregado,NET_BROMANS,SIM,3 oct 2026,null,null,No,ABIERTAS,null,Monolínea,Mono_item,Ica,null,null,null,null,10:00 - 20:00,En Progreso,Punto de No Retorno,null,null
Netcall,3 oct 2026,8,928010920,92801092089511710101030227612,9283,Outbound,Portabilidad Postpago,EXPRESS,Retiro en tienda,9345,ABIERTAS,Entregado,Entregado,NET_BROMANS,SIM,3 oct 2026,null,null,No,ABIERTAS,null,Monolínea,Mono_item,Ica,null,null,null,null,10:00 - 20:00,En Progreso,Punto de No Retorno,null,null
Netcall,1 oct 2026,10,927256494,9272564948285513131543,9283,Outbound,Portabilidad Postpago,EXPRESS,Logixtal,9345,CERRADAS,Entregado,Entregado,TLV_NET_SVALDEZ,SIM,1 oct 2026,1 oct 2026,null,No,CERRADAS,2026-10-02 01:00:19,Multilínea,Mono_item,Ica,null,Power ilim 79.90 SD N,Power ilim 79.90 SD N,TELEFONICAPE,10:00 - 20:00,Cerrado,Resuelto,Desconocido,CHINCHA ALTA
Netcall,2 oct 2026,10,927718912,927718912,9283,Outbound,Portabilidad Postpago,EXPRESS,Logixtal,9345,CERRADAS,Entregado,Entregado,NET_JORTIZV,SIM,2 oct 2026,2 oct 2026,null,No,CERRADAS,2026-10-03 01:56:32,Monolínea,Mono_item,Ica,null,Power ilim 79.90 SD N,null,null,10:00 - 20:00,Cerrado,Resuelto,null,CHINCHA ALTA
Netcall,1 oct 2026,10,927257815,9272578158285519103829,9283,Outbound,Portabilidad Postpago,EXPRESS,Logixtal,9345,CERRADAS,Entregado,Entregado,TLV_NET_SVALDEZ,SIM,1 oct 2026,1 oct 2026,null,No,CERRADAS,2026-10-02 01:22:19,Multilínea,Mono_item,Ica,null,Power ilim 79.90 SD N,Power ilim 79.90 SD N,TELEFONICAPE,10:00 - 20:00,Cerrado,Resuelto,Desconocido,CHINCHA ALTA
Netcall,2 oct 2026,11,927753124,927753124,9271,Outbound,Portabilidad Postpago,EXPRESS,Logixtal,9345,CANCELADAS,Anulado,PUNTO DE ENCUENTRO CAMUFLADO,NET_STANANTAM,SIM,2 oct 2026,null,null,No,CANCELADAS,2026-10-02 14:38:41,Monolínea,Mono_item,Ica,null,null,null,null,10:00 - 20:00,Cancelado,Rechazado,null,CHINCHA ALTA
Netcall,3 oct 2026,10,928053351,92805335189511710101030227596,9283,Outbound,Portabilidad Postpago,EXPRESS,Retiro en tienda,9345,ABIERTAS,Pendiente Entrega,Pendiente Entrega,NET_JPRADOP,SIM,3 oct 2026,null,null,No,ABIERTAS,null,Monolínea,Mono_item,Ica,null,null,null,null,10:00 - 20:00,En Progreso,Punto de No Retorno,null,null
Netcall,3 oct 2026,12,928094221,928094221Empty,9283,Outbound,Portabilidad Postpago,EXPRESS,Retiro en tienda,9345,ABIERTAS,Pendiente Entrega,Pendiente Entrega,NET_KCHAVEZF,SIM,3 oct 2026,null,null,No,ABIERTAS,null,Monolínea,Mono_item,Ica,null,null,null,null,10:00 - 20:00,En Progreso,En Progreso,null,null
Netcall,1 oct 2026,11,927278946,9272789468285692717878,9283,Outbound,Portabilidad Postpago,PROGRAMADO,Logixtal,9345,ABIERTAS,Pendiente Entrega,Pendiente Entrega,NET_GBUITRONL,SIM,2 oct 2026,null,null,No,ABIERTAS,null,Monolínea,Mono_item,Ica,null,null,Power ilim 79.90 SD N,TELEFONICAPE,08:00 - 20:00,En Progreso,Punto de No Retorno,Desconocido,CHINCHA ALTA
Netcall,1 oct 2026,15,927341760,9273417608286294047235,9283,Outbound,Portabilidad Postpago,PROGRAMADO,Logixtal,9345,ABIERTAS,Pendiente Entrega,Pendiente Entrega,NET_AROJASF,SIM,3 oct 2026,null,null,No,ABIERTAS,null,Monolínea,Mono_item,Ica,null,null,Power ilim 69.90 N,TELEFONICAPE,13:01 - 19:00,En Progreso,En Progreso,Desconocido,CHINCHA ALTA
Netcall,1 oct 2026,14,927337422,9273374228286256792102,9283,Outbound,Portabilidad Postpago,PROGRAMADO,Logixtal,9345,ABIERTAS,Pendiente Entrega,Pendiente Entrega,NET_JSANGAMA,SIM,3 oct 2026,null,null,No,ABIERTAS,null,Monolínea,Mono_item,Ica,null,null,Power ilim 69.90 N,AmericaMovil,13:01 - 19:00,En Progreso,En Progreso,Desconocido,CHINCHA ALTA
Netcall,1 oct 2026,14,927331724,9273317248286204500588,9283,Outbound,Portabilidad Postpago,EXPRESS,Logixtal,9345,CANCELADAS,Anulado,PUNTO DE ENCUENTRO CAMUFLADO,NET_MMIRANDAM,SIM,1 oct 2026,null,null,No,CANCELADAS,2026-10-01 16:46:01,Monolínea,Mono_item,Ica,null,null,Power ilim 79.90 SD N,TelefonicaPr,10:00 - 20:00,Cancelado,Rechazado,Desconocido,CHINCHA ALTA
Netcall,2 oct 2026,15,927829516,927829516,9283,Outbound,Portabilidad Postpago,RETIRO EN TIENDA,Retiro en tienda,3076,ABIERTAS,Pendiente Entrega,Pendiente Entrega,NET_KCHAVEZF,SIM,2 oct 2026,null,null,No,ABIERTAS,null,Monolínea,Mono_item,Ica,null,null,null,null,09:00 - 21:00,En Progreso,En Progreso,null,null
Netcall,3 oct 2026,10,928040761,928040761Empty,9283,Outbound,Portabilidad Postpago,RETIRO EN TIENDA,Retiro en tienda,3076,ABIERTAS,Pendiente Entrega,Pendiente Entrega,NET_CIOLAYAR,SIM,3 oct 2026,null,null,No,ABIERTAS,null,Monolínea,Mono_item,Ica,null,null,null,null,09:00 - 21:00,En Progreso,En Progreso,null,null
Netcall,2 oct 2026,14,927805155,927805155,9283,Outbound,Portabilidad Postpago,EXPRESS,Logixtal,9344,CERRADAS,Entregado,Entregado,NET_ECHEROS,SIM,2 oct 2026,2 oct 2026,null,No,CERRADAS,2026-10-03 00:56:30,Monolínea,Mono_item,Ancash,null,Power ilim 69.90 N,null,null,10:00 - 20:00,Cerrado,Resuelto,null,CHIMBOTE
Netcall,2 oct 2026,13,927794056,927794056,9283,Outbound,Portabilidad Postpago,EXPRESS,Logixtal,9344,CERRADAS,Entregado,Entregado,NET_EZEVALLOSZ,SIM,2 oct 2026,2 oct 2026,null,No,CERRADAS,2026-10-03 01:34:34,Monolínea,Mono_item,Ancash,null,Power ilim 69.90 N,null,null,10:00 - 20:00,Cerrado,Resuelto,null,CHIMBOTE
Netcall,2 oct 2026,17,927851497,927851497,9283,Outbound,Portabilidad Postpago,PROGRAMADO,Logixtal,9344,ABIERTAS,Pendiente Entrega,Pendiente Entrega,NET_JRAMIREZQ,SIM,3 oct 2026,null,null,No,ABIERTAS,null,Monolínea,Mono_item,Ancash,null,null,null,null,09:00 - 13:00,En Progreso,En Progreso,null,CHIMBOTE
Netcall,1 oct 2026,11,927283059,9272830598285726623716,9283,Outbound,Portabilidad Postpago,EXPRESS,Logixtal,9344,CANCELADAS,Anulado,Cliente sin equipo Pin Porta,NET_GGALLARDAYA,SIM,1 oct 2026,null,null,No,CANCELADAS,2026-10-01 12:55:02,Multilínea,Multi_item,Ancash,null,null,Power ilim 79.90 SD N,AmericaMovil,10:00 - 20:00,Cancelado,Rechazado,Desconocido,CHIMBOTE
Netcall,1 oct 2026,11,927283059,9272830598285726623933,9283,Outbound,Portabilidad Postpago,EXPRESS,Logixtal,9344,CANCELADAS,Anulado,Cliente sin equipo Pin Porta,NET_GGALLARDAYA,SIM,1 oct 2026,null,null,No,CANCELADAS,2026-10-01 12:55:02,Multilínea,Multi_item,Ancash,null,null,Power ilim 79.90 SD N,AmericaMovil,10:00 - 20:00,Cancelado,Rechazado,Desconocido,CHIMBOTE
Netcall,3 oct 2026,9,928038169,92803816989511710101030195751,9283,Outbound,Portabilidad Postpago,EXPRESS,Retiro en tienda,9344,ABIERTAS,Entregado,Entregado,NET_BBELLIDOP,SIM,3 oct 2026,null,null,No,ABIERTAS,null,Monolínea,Mono_item,Ancash,null,null,null,null,10:00 - 20:00,En Progreso,Pago Recibido,null,null
Netcall,1 oct 2026,16,927367932,9273679328286557130082,9283,Outbound,Portabilidad Postpago,EXPRESS,Logixtal,9344,CANCELADAS,Anulado,Cliente sin equipo Pin Porta,NET_GGALLARDAYA,SIM,1 oct 2026,null,null,No,CANCELADAS,2026-10-01 17:11:02,Multilínea,Multi_item,Ancash,null,null,Power ilim 79.90 SD N,AmericaMovil,10:00 - 20:00,Cancelado,Rechazado,Desconocido,CHIMBOTE
Netcall,2 oct 2026,10,927722488,927722488,9283,Outbound,Portabilidad Postpago,EXPRESS,Logixtal,9344,CERRADAS,Entregado,Entregado,NET_STAVARALIVI,SIM,2 oct 2026,2 oct 2026,null,No,CERRADAS,2026-10-03 03:37:13,Monolínea,Mono_item,Ancash,null,Power ilim 69.90 N,null,null,10:00 - 20:00,Cerrado,Resuelto,null,CHIMBOTE
Netcall,2 oct 2026,10,927712360,927712360,9283,Outbound,Portabilidad Postpago,EXPRESS,Logixtal,9344,CERRADAS,Entregado,Entregado,NET_GSANTOSC,SIM,2 oct 2026,2 oct 2026,null,No,CERRADAS,2026-10-03 01:09:40,Monolínea,Mono_item,Ancash,null,Power ilim 79.90 SD N,null,null,10:00 - 20:00,Cerrado,Resuelto,null,CHIMBOTE
Netcall,3 oct 2026,11,928079094,92807909489511710101030195579,9283,Outbound,Venta Regular / Alta,EXPRESS,Retiro en tienda,9344,ABIERTAS,Entregado,Entregado,NET_SPEREZR,SIM,3 oct 2026,null,null,No,ABIERTAS,null,Monolínea,Mono_item,Ancash,null,null,null,null,10:00 - 20:00,En Progreso,Punto de No Retorno,null,null
Netcall,1 oct 2026,10,927254445,9272544458285491245834,9283,Outbound,Portabilidad Postpago,PROGRAMADO,Logixtal,9344,ABIERTAS,Pendiente Entrega,Pendiente Entrega,NET_RCASTANEDAR,SIM,3 oct 2026,null,null,No,ABIERTAS,null,Multilínea,Mono_item,Ancash,null,null,Power ilim 79.90 SD N,TELEFONICAPE,09:00 - 13:00,En Progreso,En Progreso,Desconocido,CHIMBOTE
Netcall,3 oct 2026,11,928066674,92806667489511710101030190679,9283,Outbound,Portabilidad Postpago,EXPRESS,Retiro en tienda,9344,ABIERTAS,Entregado,Entregado,NET_KCHAVEZF,SIM,3 oct 2026,null,null,No,ABIERTAS,null,Monolínea,Mono_item,Ancash,null,null,null,null,10:00 - 20:00,En Progreso,Punto de No Retorno,null,null
Netcall,1 oct 2026,9,927229214,9272292148285284994172,9283,Outbound,Portabilidad Postpago,EXPRESS,Logixtal,9344,CERRADAS,Entregado,Entregado,NET_GCABALLEROB,SIM,1 oct 2026,1 oct 2026,null,No,CERRADAS,2026-10-02 00:47:06,Monolínea,Mono_item,Ancash,null,Power ilim 69.90 N,Power ilim 69.90 N,Viettel Peru,10:00 - 20:00,Cerrado,Resuelto,Portabilidad Rechazada. REC01ABD15: El Código NIP es invalido | REC01ABD15,CHIMBOTE
Netcall,2 oct 2026,16,927831006,927831006,9271,Outbound,Portabilidad Postpago,EXPRESS,Logixtal,9344,ABIERTAS,Pendiente Entrega,Pendiente Entrega,NET_DRUIZR,SIM,2 oct 2026,null,null,No,ABIERTAS,null,Monolínea,Mono_item,Ancash,null,null,null,null,10:00 - 20:00,En Progreso,Punto de No Retorno,null,CHIMBOTE
Netcall,1 oct 2026,15,927342996,9273429968286310625414,9283,Outbound,Portabilidad Postpago,EXPRESS,Logixtal,9344,CERRADAS,Entregado,Entregado,NET_MHUAPAYAQ,SIM,1 oct 2026,2 oct 2026,null,No,CERRADAS,2026-10-03 01:03:33,Monolínea,Mono_item,Ancash,null,Power ilim 79.90 SD N,Power ilim 79.90 SD N,Viettel Peru,10:00 - 20:00,Cerrado,Resuelto,Desconocido,CHIMBOTE
Netcall,3 oct 2026,8,928011786,92801178689511710101030195728,9283,Outbound,Portabilidad Postpago,EXPRESS,Retiro en tienda,9344,ABIERTAS,Entregado,Entregado,NET_SLAZOB,SIM,3 oct 2026,null,null,No,ABIERTAS,null,Monolínea,Mono_item,Ancash,null,null,null,null,10:00 - 20:00,En Progreso,Pago Recibido,null,null
Netcall,3 oct 2026,9,928038874,92803887489511710101030190794,9283,Outbound,Portabilidad Postpago,EXPRESS,Retiro en tienda,9344,ABIERTAS,Entregado,Entregado,NET_NCANCHOP,SIM,3 oct 2026,null,null,No,ABIERTAS,null,Monolínea,Mono_item,Ancash,null,null,null,null,10:00 - 20:00,En Progreso,Pago Recibido,null,null
Netcall,3 oct 2026,9,928028797,92802879789511710101030196072,9283,Outbound,Portabilidad Postpago,EXPRESS,Retiro en tienda,9344,ABIERTAS,Pendiente Entrega,Pendiente Entrega,NET_CALCAB,SIM,3 oct 2026,null,null,No,ABIERTAS,null,Monolínea,Mono_item,Ancash,null,null,null,null,10:00 - 20:00,En Progreso,Punto de No Retorno,null,null
Netcall,1 oct 2026,9,927234263,9272342638285321551044,9271,Outbound,Portabilidad Postpago,PROGRAMADO,Logixtal,9344,CERRADAS,Entregado,Entregado,NET_RCEVERINOL,SIM,2 oct 2026,2 oct 2026,null,No,CERRADAS,2026-10-03 00:26:58,Monolínea,Mono_item,Ancash,null,Power ilim 69.90 N,Power ilim 69.90 N,Viettel Peru,09:00 - 13:00,Cerrado,Resuelto,Desconocido,CHIMBOTE
Netcall,1 oct 2026,9,927240659,9272406598285369000274,9283,Outbound,Portabilidad Postpago,EXPRESS,Logixtal,9344,CERRADAS,Entregado,Entregado,NET_KCHAVEZF,SIM,1 oct 2026,1 oct 2026,null,No,CERRADAS,2026-10-02 02:02:33,Monolínea,Mono_item,Ancash,null,Power ilim 79.90 SD N,Power ilim 79.90 SD N,TELEFONICAPE,10:00 - 20:00,Cerrado,Resuelto,Desconocido,CHIMBOTE
Netcall,1 oct 2026,16,927367932,9273679328286557130299,9283,Outbound,Portabilidad Postpago,EXPRESS,Logixtal,9344,CANCELADAS,Anulado,Cliente sin equipo Pin Porta,NET_GGALLARDAYA,SIM,1 oct 2026,null,null,No,CANCELADAS,2026-10-01 17:11:02,Multilínea,Multi_item,Ancash,null,null,Power ilim 79.90 SD N,AmericaMovil,10:00 - 20:00,Cancelado,Rechazado,Desconocido,CHIMBOTE
Netcall,2 oct 2026,13,927791001,927791001,9283,Outbound,Portabilidad Postpago,EXPRESS,Logixtal,9344,CANCELADAS,Anulado,PIN PORTA_NO VALIDO,NET_JSREQUENA,SIM,2 oct 2026,null,null,No,CANCELADAS,2026-10-02 14:30:19,Multilínea,Mono_item,Ancash,null,null,null,null,10:00 - 20:00,Cancelado,Pedido Cancelación,null,CHIMBOTE
Netcall,1 oct 2026,12,927292711,927292711,9283,Outbound,Portabilidad Postpago,EXPRESS,Logixtal,9344,CERRADAS,Entregado,Entregado,NET_SGONZALESP,SIM,1 oct 2026,1 oct 2026,null,No,CERRADAS,2026-10-02 00:26:02,Multilínea,Mono_item,Ancash,null,Power ilim 79.90 SD N,null,null,10:00 - 20:00,Cerrado,Resuelto,null,CHIMBOTE
Netcall,2 oct 2026,16,927838297,927838297,9283,Outbound,Portabilidad Postpago,PROGRAMADO,Logixtal,9344,ABIERTAS,Pendiente Entrega,Pendiente Entrega,NET_PBCGOMEZ,SIM,3 oct 2026,null,null,No,ABIERTAS,null,Monolínea,Mono_item,Ancash,null,null,null,null,09:00 - 13:00,En Progreso,En Progreso,null,CHIMBOTE
Netcall,2 oct 2026,10,927728797,927728797,9283,Outbound,Portabilidad Postpago,EXPRESS,Logixtal,9344,CERRADAS,Entregado,Entregado,NET_AYROJASS,SIM,2 oct 2026,2 oct 2026,null,No,CERRADAS,2026-10-03 01:45:54,Monolínea,Mono_item,Ancash,null,Power ilim 69.90 N,null,null,10:00 - 20:00,Cerrado,Resuelto,null,CHIMBOTE
Netcall,1 oct 2026,12,927293626,9272936268285827801612,9283,Outbound,Venta Regular / Alta,EXPRESS,Logixtal,9344,CERRADAS,Entregado,Entregado,NET_SGONZALESP,SIM,1 oct 2026,1 oct 2026,01/10/2026,Sí,CERRADAS,2026-10-01 16:58:07,Multilínea,Mono_item,Ancash,39.95,Power ilim 79.90 SD N,Power ilim 79.90 SD N,Desconocido,10:00 - 20:00,Cerrado,Resuelto,Desconocido,CHIMBOTE
Netcall,2 oct 2026,13,927793413,927793413,9283,Outbound,Portabilidad Postpago,EXPRESS,Logixtal,9344,CERRADAS,Entregado,Entregado,NET_JSREQUENA,SIM,2 oct 2026,2 oct 2026,null,No,CERRADAS,2026-10-03 01:09:56,Multilínea,Mono_item,Ancash,null,Power ilim 79.90 SD N,null,null,10:00 - 20:00,Cerrado,Resuelto,null,CHIMBOTE
Netcall,2 oct 2026,13,927795921,927795921,9283,Outbound,Portabilidad Postpago,PROGRAMADO,Logixtal,9346,ABIERTAS,Pendiente Entrega,Pendiente Entrega,NET_SMENDOZAV,SIM,3 oct 2026,null,null,No,ABIERTAS,null,Monolínea,Mono_item,Junin,null,null,null,null,13:01 - 19:00,En Progreso,En Progreso,null,CHILCA
Netcall,1 oct 2026,13,927323677,9273236778286122897121,9283,Outbound,Portabilidad Postpago,EXPRESS,Logixtal,9346,CERRADAS,Entregado,Entregado,NET_ECHEROS,SIM,1 oct 2026,1 oct 2026,null,No,CERRADAS,2026-10-02 01:12:58,Multilínea,Mono_item,Junin,null,Power ilim 79.90 SD N,Power ilim 79.90 SD N,Viettel Peru,10:00 - 20:00,Cerrado,Resuelto,Desconocido,CHILCA
Netcall,1 oct 2026,18,927408189,9274081898286952164349,9283,Outbound,Portabilidad Postpago,PROGRAMADO,Logixtal,9346,ABIERTAS,Pendiente Entrega,Pendiente Entrega,TLV_NET_DGARCIA,SIM,3 oct 2026,null,null,No,ABIERTAS,null,Monolínea,Mono_item,Junin,null,null,Power ilim 69.90 N,AmericaMovil,13:01 - 19:00,En Progreso,En Progreso,Desconocido,CHILCA
Netcall,2 oct 2026,12,927775761,927775761,9283,Outbound,Portabilidad Postpago,EXPRESS,Logixtal,9346,ABIERTAS,Pendiente Entrega,Pendiente Entrega,NET_LMALDONADOC,SIM,2 oct 2026,null,null,No,ABIERTAS,null,Monolínea,Mono_item,Junin,null,null,null,null,10:00 - 20:00,En Progreso,Punto de No Retorno,null,CHILCA
Netcall,2 oct 2026,16,927843654,927843654,9283,Outbound,Portabilidad Postpago,EXPRESS,Logixtal,9346,ABIERTAS,Pendiente Entrega,Pendiente Entrega,NET_SLAZOB,SIM,2 oct 2026,null,null,No,ABIERTAS,null,Monolínea,Mono_item,Junin,null,null,null,null,10:00 - 20:00,En Progreso,En Progreso,null,CHILCA
Netcall,2 oct 2026,13,927783681,927783681,9283,Outbound,Portabilidad Postpago,EXPRESS,Logixtal,9346,CERRADAS,Entregado,Entregado,NET_VAYALA,SIM,2 oct 2026,2 oct 2026,null,No,CERRADAS,2026-10-03 00:12:03,Monolínea,Mono_item,Junin,null,Power ilim 79.90 SD N,null,null,10:00 - 20:00,Cerrado,Resuelto,null,CHILCA
Netcall,1 oct 2026,14,927335342,9273353428286232318893,9283,Outbound,Portabilidad Postpago,EXPRESS,Logixtal,9346,CERRADAS,Entregado,Entregado,NET_LCAMPOSCABR,SIM,1 oct 2026,1 oct 2026,null,No,CERRADAS,2026-10-02 01:32:53,Monolínea,Mono_item,Junin,null,Power ilim 69.90 N,Power ilim 69.90 N,AmericaMovil,10:00 - 20:00,Cerrado,Resuelto,Desconocido,CHILCA
Netcall,1 oct 2026,22,927481480,9274814808287572061265,9283,Outbound,Portabilidad Postpago,PROGRAMADO,Logixtal,9346,CERRADAS,Entregado,Entregado,NET_JBARRAGANH,SIM,2 oct 2026,2 oct 2026,null,No,CERRADAS,2026-10-03 00:15:46,Monolínea,Mono_item,Junin,null,Power ilim 69.90 N,Power ilim 69.90 N,TELEFONICAPE,13:01 - 19:00,Cerrado,Resuelto,Desconocido,CHILCA
Netcall,2 oct 2026,14,927800998,927800998,9283,Outbound,Portabilidad Postpago,PROGRAMADO,Logixtal,9346,ABIERTAS,Pendiente Entrega,Pendiente Entrega,NET_LHUAPAYAO,SIM,3 oct 2026,null,null,No,ABIERTAS,null,Monolínea,Mono_item,Junin,null,null,null,null,13:01 - 19:00,En Progreso,En Progreso,null,CHILCA
Netcall,2 oct 2026,9,927698430,927698430,9283,Outbound,Portabilidad Postpago,EXPRESS,Logixtal,9346,CERRADAS,Entregado,Entregado,NET_KCHAVEZF,SIM,2 oct 2026,2 oct 2026,null,No,CERRADAS,2026-10-03 01:38:42,Monolínea,Mono_item,Junin,null,Power ilim 79.90 SD N,null,null,10:00 - 20:00,Cerrado,Resuelto,null,CHILCA
Netcall,1 oct 2026,13,927317262,9273172628286064005910,9271,Outbound,Portabilidad Postpago,EXPRESS,Logixtal,9346,CERRADAS,Entregado,Entregado,NET_LGOMEZA,SIM,1 oct 2026,1 oct 2026,null,No,CERRADAS,2026-10-02 00:54:06,Monolínea,Mono_item,Junin,null,Power ilim 69.90 N,Power ilim 69.90 N,TELEFONICAPE,10:00 - 20:00,Cerrado,Resuelto,Desconocido,CHILCA
Netcall,2 oct 2026,9,927706195,927706195,9283,Outbound,Portabilidad Postpago,PROGRAMADO,Logixtal,9346,ABIERTAS,Pendiente Entrega,Pendiente Entrega,TLV_NET_JSOTOZ,SIM,5 oct 2026,null,null,No,ABIERTAS,null,Monolínea,Mono_item,Junin,null,null,null,null,09:00 - 13:00,En Progreso,En Progreso,null,CHILCA
Netcall,2 oct 2026,11,927742853,927742853,9283,Outbound,Portabilidad Postpago,PROGRAMADO,Logixtal,9001,ABIERTAS,Pendiente Entrega,Pendiente Entrega,NET_NSANTAMARIA,SIM,3 oct 2026,null,null,No,ABIERTAS,null,Multilínea,Mono_item,Lima - Callao,null,null,null,null,09:00 - 20:00,En Progreso,En Progreso,null,CHILCA
Netcall,2 oct 2026,11,927745047,927745047,9283,Outbound,Portabilidad Postpago,PROGRAMADO,Logixtal,9001,ABIERTAS,Pendiente Entrega,Pendiente Entrega,NET_NSANTAMARIA,SIM,3 oct 2026,null,null,No,ABIERTAS,null,Multilínea,Mono_item,Lima - Callao,null,null,null,null,09:00 - 20:00,En Progreso,En Progreso,null,CHILCA
Netcall,1 oct 2026,14,927333090,9273330908286208163422,9283,Outbound,Portabilidad Postpago,PROGRAMADO,Logixtal,9001,ABIERTAS,Pendiente Entrega,Pendiente Entrega,NET_MORIHUELAQ,SIM,3 oct 2026,null,null,No,ABIERTAS,null,Monolínea,Mono_item,Lima - Callao,null,null,Power ilim 79.90 SD N,AmericaMovil,09:00 - 20:00,En Progreso,En Progreso,Desconocido,CHILCA
Netcall,3 oct 2026,11,928079458,92807945889511710101029889885,9283,Outbound,Portabilidad Postpago,EXPRESS,Retiro en tienda,9346,ABIERTAS,Entregado,Entregado,NET_SAVILAC,SIM,3 oct 2026,null,null,No,ABIERTAS,null,Monolínea,Mono_item,Junin,null,null,null,null,10:00 - 20:00,En Progreso,Pago Recibido,null,null
Netcall,1 oct 2026,11,927287544,9272875448285787126675,9283,Outbound,Portabilidad Postpago,PROGRAMADO,Logixtal,9001,ABIERTAS,Pendiente Entrega,Pendiente Entrega,NET_BTRUJILLOT,SIM,3 oct 2026,null,null,No,ABIERTAS,null,Monolínea,Mono_item,Lima - Callao,null,null,Power ilim 69.90 N,Viettel Peru,09:00 - 20:00,En Progreso,En Progreso,Desconocido,CHILCA
Netcall,1 oct 2026,13,927325255,9273252558286138765756,9283,Outbound,Portabilidad Postpago,EXPRESS,Logixtal,9346,CERRADAS,Entregado,Entregado,NET_ECHEROS,SIM,1 oct 2026,1 oct 2026,null,No,CERRADAS,2026-10-02 01:20:20,Multilínea,Mono_item,Junin,null,Power ilim 79.90 SD N,Power ilim 79.90 SD N,Viettel Peru,10:00 - 20:00,Cerrado,Resuelto,Desconocido,CHILCA
Netcall,2 oct 2026,15,927823839,927823839,9283,Outbound,Portabilidad Postpago,PROGRAMADO,Logixtal,5024,ABIERTAS,Pendiente Entrega,Pendiente Entrega,NET_MCVASQUEZ,SIM,3 oct 2026,null,null,No,ABIERTAS,null,Monolínea,Mono_item,Lambayeque,null,null,null,null,09:00 - 13:00,En Progreso,Punto de No Retorno,null,CHICLAYO
Netcall,2 oct 2026,11,927754417,927754417,9283,Outbound,Portabilidad Postpago,PROGRAMADO,Logixtal,5024,ABIERTAS,Pendiente Entrega,Pendiente Entrega,NET_ACUEVAC,SIM,3 oct 2026,null,null,No,ABIERTAS,null,Multilínea,Mono_item,Lambayeque,null,null,null,null,13:01 - 20:00,En Progreso,Punto de No Retorno,null,CHICLAYO
Netcall,1 oct 2026,10,927254081,927254081,9283,Outbound,Portabilidad Postpago,EXPRESS,Logixtal,5024,CERRADAS,Entregado,Entregado,NET_BCUSQUISIVA,SIM,1 oct 2026,1 oct 2026,null,No,CERRADAS,2026-10-02 00:37:19,Monolínea,Mono_item,Lambayeque,null,Power ilim 69.90 N,null,null,10:00 - 20:00,Cerrado,Resuelto,null,CHICLAYO
Netcall,3 oct 2026,9,928037785,92803778589511710101029494710,9283,Outbound,Portabilidad Postpago,EXPRESS,Logixtal,5024,CANCELADAS,Pendiente Entrega,Pendiente de Picking,NET_JMINIANOR,SIM,3 oct 2026,null,null,No,CANCELADAS,2026-10-03 10:32:45,Monolínea,Mono_item,Lambayeque,null,null,null,null,10:00 - 20:00,Cancelado,Rechazado,null,null
Netcall,2 oct 2026,10,927719280,927719280,9283,Outbound,Portabilidad Postpago,EXPRESS,Logixtal,5024,CERRADAS,Entregado,Entregado,NET_DESPINOZAM,SIM,2 oct 2026,2 oct 2026,null,No,CERRADAS,2026-10-03 01:48:29,Monolínea,Mono_item,Lambayeque,null,Power ilim 69.90 N,null,null,10:00 - 20:00,Cerrado,Resuelto,null,CHICLAYO
Netcall,1 oct 2026,16,927366837,9273668378286542629992,9283,Outbound,Venta Regular / Alta,PROGRAMADO,Logixtal,5024,CERRADAS,Entregado,Entregado,TLV_NET_ACUBASS,SIM,2 oct 2026,2 oct 2026,null,No,CERRADAS,2026-10-02 13:21:05,Monolínea,Mono_item,Lambayeque,null,Power ilim 79.90 SD N,Power ilim 79.90 SD N,Desconocido,09:00 - 13:00,Cerrado,Resuelto,Desconocido,CHICLAYO
Netcall,2 oct 2026,15,927817661,927817661,9283,Outbound,Venta Regular / Alta,RETIRO EN TIENDA,Retiro en tienda,6037,ABIERTAS,Pendiente Entrega,Pendiente Entrega,TLV_NET_MFARFAN,SIM,2 oct 2026,null,null,No,ABIERTAS,null,Multilínea,Mono_item,Lambayeque,null,null,null,null,09:00 - 21:00,En Progreso,En Progreso,null,null
Netcall,2 oct 2026,11,927735282,927735282,9283,Outbound,Venta Regular / Alta,RETIRO EN TIENDA,Retiro en tienda,3036,CERRADAS,Entregado,Entregado,TLV_NET_DVALOI,SIM,2 oct 2026,2 oct 2026,null,No,CERRADAS,2026-10-02 16:52:48,Multilínea,Mono_item,Lambayeque,null,Power ilim 79.90 SD N,null,null,09:00 - 21:00,Cerrado,Resuelto,null,null
Netcall,1 oct 2026,13,927322542,9273225428286108135026,9283,Outbound,Portabilidad Postpago,PROGRAMADO,Logixtal,5024,ABIERTAS,Anulado,PIN-PORTA NO LLEGA SMS,NET_GVELASQUEZA,SIM,2 oct 2026,null,null,No,ABIERTAS,null,Monolínea,Mono_item,Lambayeque,null,null,Power ilim 79.90 SD N,Viettel Peru,13:01 - 20:00,En Progreso,Punto de No Retorno,Desconocido,CHICLAYO
Netcall,3 oct 2026,12,928083640,92808364089511710101029507537,9283,Outbound,Venta Regular / Alta,EXPRESS,Logixtal,5024,ABIERTAS,Entregado,Entregado,TLV_NET_EBULNES,SIM,3 oct 2026,null,null,No,ABIERTAS,null,Multilínea,Mono_item,Lambayeque,null,null,null,null,10:00 - 20:00,En Progreso,Punto de No Retorno,null,null
Netcall,2 oct 2026,11,927736712,927736712,9283,Outbound,Venta Regular / Alta,RETIRO EN TIENDA,Retiro en tienda,3036,CERRADAS,Entregado,Entregado,TLV_NET_DVALOI,SIM,2 oct 2026,2 oct 2026,null,No,CERRADAS,2026-10-02 16:54:30,Multilínea,Mono_item,Lambayeque,null,Power ilim 79.90 SD N,null,null,09:00 - 21:00,Cerrado,Resuelto,null,null
Netcall,2 oct 2026,12,927776139,927776139,9271,Outbound,Portabilidad Postpago,EXPRESS,Logixtal,5024,CERRADAS,Entregado,Entregado,NET_CREYESJ,SIM,2 oct 2026,2 oct 2026,null,No,CERRADAS,2026-10-03 01:20:56,Monolínea,Mono_item,Lambayeque,null,Power ilim 79.90 SD N,null,null,10:00 - 20:00,Cerrado,Resuelto,null,CHICLAYO
Netcall,3 oct 2026,8,928021281,92802128189511710111068654199,9283,Outbound,Portabilidad Postpago,EXPRESS,Logixtal,5024,CANCELADAS,Pendiente Entrega,Pendiente de Picking,TLV_NET_BCHAVEZ,SIM,3 oct 2026,null,null,No,CANCELADAS,2026-10-03 10:26:43,Monolínea,Mono_item,Lambayeque,null,null,null,null,10:00 - 20:00,Cancelado,Rechazado,null,null
Netcall,1 oct 2026,14,927340595,9273405958286285434223,9283,Outbound,Portabilidad Postpago,PROGRAMADO,Logixtal,5024,CERRADAS,Entregado,Entregado,NET_PBCGOMEZ,SIM,2 oct 2026,2 oct 2026,null,No,CERRADAS,2026-10-03 00:52:47,Monolínea,Mono_item,Lambayeque,null,Power ilim 69.90 N,Power ilim 69.90 N,Viettel Peru,09:00 - 13:00,Cerrado,Resuelto,Desconocido,CHICLAYO
Netcall,2 oct 2026,18,927874250,927874250,9283,Outbound,Venta Regular / Alta,RETIRO EN TIENDA,Retiro en tienda,6037,CANCELADAS,Cancelado,Cancelado,NET_GSANTOSC,SIM,2 oct 2026,null,null,No,CANCELADAS,2026-10-02 18:48:32,Multilínea,Mono_item,Lambayeque,null,null,null,null,09:00 - 21:00,Cancelado,Rechazado,null,null
Netcall,1 oct 2026,13,927324854,9273248548286132640580,9271,Outbound,Portabilidad Postpago,PROGRAMADO,Logixtal,5024,CERRADAS,Entregado,Entregado,NET_KANGELESS,SIM,2 oct 2026,2 oct 2026,null,No,CERRADAS,2026-10-03 00:41:54,Monolínea,Mono_item,Lambayeque,null,Power ilim 69.90 N,Power ilim 69.90 N,TELEFONICAPE,09:00 - 13:00,Cerrado,Resuelto,Desconocido,CHICLAYO
Netcall,3 oct 2026,10,928060012,92806001289511710101029491484,9283,Outbound,Portabilidad Postpago,EXPRESS,Logixtal,5024,CANCELADAS,Pendiente Entrega,Pendiente de Picking,NET_AAYAURIO,SIM,3 oct 2026,null,null,No,CANCELADAS,2026-10-03 11:16:43,Monolínea,Mono_item,Lambayeque,null,null,null,null,10:00 - 20:00,Cancelado,Rechazado,null,null
Netcall,2 oct 2026,11,927757347,927757347,9283,Outbound,Portabilidad Postpago,PROGRAMADO,Logixtal,5024,ABIERTAS,Pendiente Entrega,Pendiente Entrega,NET_ACUEVAC,SIM,3 oct 2026,null,null,No,ABIERTAS,null,Multilínea,Mono_item,Lambayeque,null,null,null,null,13:01 - 20:00,En Progreso,Punto de No Retorno,null,CHICLAYO
Netcall,1 oct 2026,11,927275708,9272757088285665583881,9283,Outbound,Portabilidad Postpago,PROGRAMADO,Logixtal,5024,ABIERTAS,Pendiente Entrega,Pendiente Entrega,NET_GHERRERAG,SIM,3 oct 2026,null,null,No,ABIERTAS,null,Monolínea,Mono_item,Lambayeque,null,null,Power ilim 79.90 SD N,AmericaMovil,09:00 - 13:00,En Progreso,Punto de No Retorno,Desconocido,CHICLAYO
Netcall,2 oct 2026,18,927875957,927875957,9283,Outbound,Portabilidad Postpago,RETIRO EN TIENDA,Retiro en tienda,6037,CANCELADAS,Cancelado,Cancelado,NET_GSANTOSC,SIM,2 oct 2026,null,null,No,CANCELADAS,2026-10-02 18:47:20,Multilínea,Mono_item,Lambayeque,null,null,null,null,09:00 - 21:00,Cancelado,Rechazado,null,null
Netcall,1 oct 2026,16,927368487,9273684878286559903294,9259,Outbound,Portabilidad Postpago,RETIRO EN TIENDA,Retiro en tienda,3036,CERRADAS,Entregado,Entregado,NET_CBIELICHR,SIM,1 oct 2026,1 oct 2026,null,No,CERRADAS,2026-10-02 03:01:41,Monolínea,Mono_item,Lambayeque,null,Power ilim 79.90 SD N,Power ilim 79.90 SD N,AmericaMovil,09:00 - 21:00,Cerrado,Resuelto,Desconocido,null
Netcall,3 oct 2026,12,928095758,92809575889511710111070797671,9283,Outbound,Portabilidad Postpago,EXPRESS,Logixtal,5024,ABIERTAS,Pendiente Entrega,Pendiente de Picking,NET_LMORAO,SIM,3 oct 2026,null,null,No,ABIERTAS,null,Monolínea,Mono_item,Lambayeque,null,null,null,null,10:00 - 20:00,En Progreso,Punto de No Retorno,null,null
Netcall,1 oct 2026,11,927283543,9272835438285731866100,9259,Outbound,Portabilidad Postpago,EXPRESS,Logixtal,5024,CERRADAS,Entregado,Entregado,NET_CBIELICHR,SIM,1 oct 2026,1 oct 2026,null,No,CERRADAS,2026-10-02 01:01:27,Monolínea,Mono_item,Lambayeque,null,Power ilim 79.90 SD N,Power ilim 79.90 SD N,AmericaMovil,10:00 - 20:00,Cerrado,Resuelto,Desconocido,CHICLAYO
Netcall,2 oct 2026,15,927821425,927821425,9283,Outbound,Portabilidad Postpago,RETIRO EN TIENDA,Retiro en tienda,6037,CANCELADAS,Cancelado,Cancelado,TLV_NET_MLANDAR,SIM,2 oct 2026,null,null,No,CANCELADAS,2026-10-02 15:39:18,Monolínea,Mono_item,Lambayeque,null,null,null,null,09:00 - 21:00,Cancelado,Rechazado,null,null
Netcall,2 oct 2026,10,927715957,927715957,9283,Outbound,Portabilidad Postpago,EXPRESS,Logixtal,5024,CERRADAS,Entregado,Entregado,NET_GBUITRONL,SIM,2 oct 2026,2 oct 2026,null,No,CERRADAS,2026-10-03 00:20:17,Multilínea,Mono_item,Lambayeque,null,Power ilim 79.90 SD N,null,null,10:00 - 20:00,Cerrado,Resuelto,null,CHICLAYO
Netcall,3 oct 2026,9,928039198,92803919889511710101029490981,5299,Outbound,Portabilidad Postpago,EXPRESS,Logixtal,5024,ABIERTAS,Entregado,Entregado,NET_SCHUMIOQUEP,SIM,3 oct 2026,null,null,No,ABIERTAS,null,Multilínea,Mono_item,Lambayeque,null,null,null,null,10:00 - 20:00,En Progreso,Punto de No Retorno,null,null
Netcall,1 oct 2026,10,927248586,9272485868285441533895,9283,Outbound,Portabilidad Postpago,EXPRESS,Logixtal,5024,CERRADAS,Entregado,Entregado,NET_FRIVERAO,SIM,1 oct 2026,1 oct 2026,null,No,CERRADAS,2026-10-02 01:54:38,Monolínea,Mono_item,Lambayeque,null,Power ilim 69.90 N,Power ilim 69.90 N,TELEFONICAPE,10:00 - 20:00,Cerrado,Resuelto,Desconocido,CHICLAYO
Netcall,1 oct 2026,10,927257670,9272576708285520783240,9271,Outbound,Portabilidad Postpago,EXPRESS,Logixtal,5024,CERRADAS,Entregado,Entregado,NET_GHUANCASS,SIM,1 oct 2026,1 oct 2026,null,No,CERRADAS,2026-10-02 01:12:13,Multilínea,Mono_item,Lambayeque,null,Power ilim 79.90 SD N,Power ilim 79.90 SD N,TELEFONICAPE,10:00 - 20:00,Cerrado,Resuelto,Desconocido,CHICLAYO
Netcall,1 oct 2026,10,927247755,9272477558285431590683,9283,Outbound,Venta Regular / Alta,EXPRESS,Logixtal,5024,CERRADAS,Entregado,Entregado,NET_RMRAMIREZ,SIM,1 oct 2026,1 oct 2026,01/10/2026,Sí,CERRADAS,2026-10-01 13:29:48,Multilínea,Mono_item,Lambayeque,34.95,Power ilim 69.90 N,Power ilim 69.90 N,Desconocido,10:00 - 20:00,Cerrado,Resuelto,Desconocido,CHICLAYO
Netcall,1 oct 2026,9,927234642,9272346428285324653520,9283,Outbound,Portabilidad Postpago,EXPRESS,Logixtal,5024,CERRADAS,Entregado,Entregado,TLV_NET_DSANC,SIM,1 oct 2026,1 oct 2026,null,No,CERRADAS,2026-10-02 03:43:55,Monolínea,Mono_item,Lambayeque,null,Power ilim 79.90 SD N,Power ilim 79.90 SD N,Viettel Peru,10:00 - 20:00,Cerrado,Resuelto,Desconocido,CHICLAYO
Netcall,1 oct 2026,9,927230136,927230136,9283,Outbound,Portabilidad Postpago,EXPRESS,Logixtal,5024,CERRADAS,Entregado,Entregado,TLV_NET_FVALQUI,SIM,1 oct 2026,1 oct 2026,null,No,CERRADAS,2026-10-02 00:34:50,Multilínea,Mono_item,Lambayeque,null,Power ilim 79.90 SD N,null,null,10:00 - 20:00,Cerrado,Resuelto,null,CHICLAYO
Netcall,1 oct 2026,12,927291793,9272917938285815312917,9283,Outbound,Portabilidad Postpago,PROGRAMADO,Logixtal,5024,ABIERTAS,Anulado,CLIENTE AUSENTE,NET_RCARDENASH,SIM,2 oct 2026,null,null,No,ABIERTAS,null,Monolínea,Mono_item,Lambayeque,null,null,Power ilim 69.90 N,AmericaMovil,09:00 - 13:00,En Progreso,Punto de No Retorno,Desconocido,CHICLAYO
Netcall,1 oct 2026,10,927250073,9272500738285454942076,9271,Outbound,Portabilidad Postpago,EXPRESS,Logixtal,5024,CERRADAS,Entregado,Entregado,NET_CREYESJ,SIM,1 oct 2026,1 oct 2026,null,No,CERRADAS,2026-10-02 03:30:17,Monolínea,Mono_item,Lambayeque,null,Power ilim 69.90 N,Power ilim 69.90 N,Viettel Peru,10:00 - 20:00,Cerrado,Resuelto,Desconocido,CHICLAYO
Netcall,3 oct 2026,9,928036732,92803673289511710111068654199,5299,Outbound,Portabilidad Postpago,EXPRESS,Logixtal,5024,ABIERTAS,Entregado,Entregado,NET_SCHUMIOQUEP,SIM,3 oct 2026,null,null,No,ABIERTAS,null,Multilínea,Mono_item,Lambayeque,null,null,null,null,10:00 - 20:00,En Progreso,Punto de No Retorno,null,null
Netcall,2 oct 2026,9,927703145,927703145,9283,Outbound,Portabilidad Postpago,EXPRESS,Logixtal,5024,ABIERTAS,Anulado,PUNTO DE ENCUENTRO NO CONTACTADO,TLV_NET_YAQUINO,SIM,2 oct 2026,null,null,No,ABIERTAS,null,Monolínea,Mono_item,Lambayeque,null,null,null,null,10:00 - 20:00,En Progreso,Punto de No Retorno,null,CHICLAYO
Netcall,3 oct 2026,9,928037853,92803785389511710101029490502,5299,Outbound,Portabilidad Postpago,EXPRESS,Logixtal,5024,ABIERTAS,Entregado,Entregado,NET_SCHUMIOQUEP,SIM,3 oct 2026,null,null,No,ABIERTAS,null,Multilínea,Mono_item,Lambayeque,null,null,null,null,10:00 - 20:00,En Progreso,Punto de No Retorno,null,null
Netcall,1 oct 2026,9,927237241,9272372418285342367149,9283,Outbound,Portabilidad Postpago,EXPRESS,Logixtal,5024,CERRADAS,Entregado,Entregado,TLV_NET_DSANC,SIM,1 oct 2026,1 oct 2026,null,No,CERRADAS,2026-10-02 01:49:28,Monolínea,Mono_item,Lambayeque,null,Power ilim 79.90 SD N,Power ilim 79.90 SD N,TELEFONICAPE,10:00 - 20:00,Cerrado,Resuelto,Desconocido,CHICLAYO
Netcall,1 oct 2026,10,927256087,9272560878285505217773,9271,Outbound,Portabilidad Postpago,EXPRESS,Logixtal,5024,CERRADAS,Entregado,Entregado,NET_GHUANCASS,SIM,1 oct 2026,1 oct 2026,null,No,CERRADAS,2026-10-02 00:56:05,Multilínea,Mono_item,Lambayeque,null,Power ilim 79.90 SD N,Power ilim 79.90 SD N,TELEFONICAPE,10:00 - 20:00,Cerrado,Resuelto,Desconocido,CHICLAYO
Netcall,2 oct 2026,12,927778990,927778990,9283,Outbound,Portabilidad Postpago,EXPRESS,Logixtal,5024,CERRADAS,Entregado,Entregado,NET_KCHAVEZF,SIM,2 oct 2026,2 oct 2026,null,No,CERRADAS,2026-10-03 01:01:47,Monolínea,Mono_item,Lambayeque,null,Power ilim 69.90 N,null,null,10:00 - 20:00,Cerrado,Resuelto,null,CHICLAYO
Netcall,2 oct 2026,13,927794268,927794268,9283,Outbound,Portabilidad Postpago,PROGRAMADO,Logixtal,5024,ABIERTAS,Pendiente Entrega,Pendiente Entrega,NET_IROSALESA,SIM,3 oct 2026,null,null,No,ABIERTAS,null,Monolínea,Mono_item,Lambayeque,null,null,null,null,09:00 - 13:00,En Progreso,Punto de No Retorno,null,CHICLAYO
Netcall,2 oct 2026,15,927824024,927824024,9283,Outbound,Portabilidad Postpago,RETIRO EN TIENDA,Retiro en tienda,3036,CERRADAS,Entregado,Entregado,NET_WMAYLLEM,SIM,2 oct 2026,2 oct 2026,null,No,CERRADAS,2026-10-03 01:10:48,Monolínea,Mono_item,Lambayeque,null,Power ilim 79.90 SD N,null,null,09:00 - 21:00,Cerrado,Resuelto,null,null
Netcall,2 oct 2026,15,927818848,927818848,9283,Outbound,Portabilidad Postpago,RETIRO EN TIENDA,Retiro en tienda,6037,ABIERTAS,Pendiente Entrega,Pendiente Entrega,TLV_NET_MFARFAN,SIM,2 oct 2026,null,null,No,ABIERTAS,null,Multilínea,Mono_item,Lambayeque,null,null,null,null,09:00 - 21:00,En Progreso,En Progreso,null,null
Netcall,1 oct 2026,10,927254993,9272549938285496458846,9271,Outbound,Portabilidad Postpago,EXPRESS,Logixtal,5024,CERRADAS,Entregado,Entregado,NET_GHUANCASS,SIM,1 oct 2026,1 oct 2026,null,No,CERRADAS,2026-10-02 00:50:18,Multilínea,Mono_item,Lambayeque,null,Power ilim 79.90 SD N,Power ilim 79.90 SD N,TELEFONICAPE,10:00 - 20:00,Cerrado,Resuelto,Desconocido,CHICLAYO
Netcall,1 oct 2026,19,927416651,9274166518287027407091,9283,Outbound,Portabilidad Postpago,RETIRO EN TIENDA,Retiro en tienda,3213,ABIERTAS,Pendiente Entrega,Pendiente Entrega,TLV_NET_JPENAM,SIM,1 oct 2026,null,null,No,ABIERTAS,null,Monolínea,Mono_item,Lambayeque,null,null,Power ilim 69.90 N,Viettel Peru,09:00 - 21:00,En Progreso,En Progreso,Desconocido,null
Netcall,3 oct 2026,12,928099260,928099260Empty,9283,Outbound,Portabilidad Postpago,EXPRESS,Logixtal,5024,ABIERTAS,Pendiente Entrega,Pendiente de Picking,NET_LREBOTTAROA,SIM,3 oct 2026,null,null,No,ABIERTAS,null,Monolínea,Mono_item,Lambayeque,null,null,null,null,10:00 - 20:00,En Progreso,En Progreso,null,null
Netcall,1 oct 2026,18,927400594,9274005948286873983528,9271,Outbound,Portabilidad Postpago,RETIRO EN TIENDA,Retiro en tienda,3036,ABIERTAS,Pendiente Entrega,Pendiente Entrega,NET_MGSGRADOS,SIM,1 oct 2026,null,null,No,ABIERTAS,null,Monolínea,Mono_item,Lambayeque,null,null,Power ilim 69.90 N,AmericaMovil,09:00 - 21:00,En Progreso,En Progreso,Desconocido,null
Netcall,2 oct 2026,11,927755954,927755954,9283,Outbound,Portabilidad Postpago,PROGRAMADO,Logixtal,5024,ABIERTAS,Pendiente Entrega,Pendiente Entrega,NET_ACUEVAC,SIM,3 oct 2026,null,null,No,ABIERTAS,null,Multilínea,Mono_item,Lambayeque,null,null,null,null,13:01 - 20:00,En Progreso,Punto de No Retorno,null,CHICLAYO
Netcall,2 oct 2026,16,927836316,927836316,9283,Outbound,Portabilidad Postpago,PROGRAMADO,Logixtal,5024,ABIERTAS,Pendiente Entrega,Pendiente Entrega,NET_VCARMENG,SIM,3 oct 2026,null,null,No,ABIERTAS,null,Multilínea,Mono_item,Lambayeque,null,null,null,null,09:00 - 13:00,En Progreso,Punto de No Retorno,null,CHICLAYO
Netcall,2 oct 2026,17,927857725,927857725,9283,Outbound,Portabilidad Postpago,RETIRO EN TIENDA,Retiro en tienda,3036,CERRADAS,Entregado,Entregado,NET_STAVARALIVI,SIM,2 oct 2026,2 oct 2026,null,No,CERRADAS,2026-10-03 00:29:58,Monolínea,Mono_item,Lambayeque,null,Power ilim 69.90 N,null,null,09:00 - 21:00,Cerrado,Resuelto,null,null
Netcall,1 oct 2026,9,927231696,9272316968285296736240,9283,Outbound,Portabilidad Postpago,EXPRESS,Logixtal,5024,CERRADAS,Entregado,Entregado,TLV_NET_DSANC,SIM,1 oct 2026,1 oct 2026,null,No,CERRADAS,2026-10-02 00:52:17,Multilínea,Mono_item,Lambayeque,null,Power ilim 79.90 SD N,Power ilim 79.90 SD N,AmericaMovil,10:00 - 20:00,Cerrado,Resuelto,Desconocido,CHICLAYO
Netcall,3 oct 2026,12,928084385,92808438589511710101029507529,9283,Outbound,Portabilidad Postpago,EXPRESS,Logixtal,5024,ABIERTAS,Entregado,Entregado,TLV_NET_EBULNES,SIM,3 oct 2026,null,null,No,ABIERTAS,null,Multilínea,Mono_item,Lambayeque,null,null,null,null,10:00 - 20:00,En Progreso,Punto de No Retorno,null,null
Netcall,2 oct 2026,16,927836445,927836445,9283,Outbound,Portabilidad Postpago,PROGRAMADO,Logixtal,5024,ABIERTAS,Pendiente Entrega,Pendiente Entrega,NET_VCARMENG,SIM,3 oct 2026,null,null,No,ABIERTAS,null,Multilínea,Mono_item,Lambayeque,null,null,null,null,09:00 - 13:00,En Progreso,Punto de No Retorno,null,CHICLAYO
Netcall,1 oct 2026,14,927335279,9273352798286231977060,9283,Outbound,Portabilidad Postpago,PROGRAMADO,Logixtal,5024,CERRADAS,Entregado,Entregado,TLV_NET_MMURGAF,SIM,2 oct 2026,2 oct 2026,null,No,CERRADAS,2026-10-03 01:37:12,Multilínea,Mono_item,Lambayeque,null,Power ilim 69.90 N,Power ilim 69.90 N,TELEFONICAPE,13:01 - 20:00,Cerrado,Resuelto,Desconocido,CHICLAYO
Netcall,2 oct 2026,10,927717946,927717946,9283,Outbound,Portabilidad Postpago,EXPRESS,Logixtal,5024,CERRADAS,Entregado,Entregado,NET_GBUITRONL,SIM,2 oct 2026,2 oct 2026,null,No,CERRADAS,2026-10-03 00:07:46,Multilínea,Mono_item,Lambayeque,null,Power ilim 79.90 SD N,null,null,10:00 - 20:00,Cerrado,Resuelto,null,CHICLAYO
Netcall,2 oct 2026,10,927711501,927711501,9283,Outbound,Portabilidad Postpago,EXPRESS,Logixtal,5024,CERRADAS,Entregado,Entregado,NET_YHUAMAN,SIM,2 oct 2026,2 oct 2026,null,No,CERRADAS,2026-10-03 00:46:13,Monolínea,Mono_item,Lambayeque,null,Power ilim 69.90 N,null,null,10:00 - 20:00,Cerrado,Resuelto,null,CHICLAYO
Netcall,2 oct 2026,14,927798582,927798582,9283,Outbound,Venta Regular / Alta,PROGRAMADO,Logixtal,5024,ABIERTAS,Pendiente Entrega,Pendiente Entrega,NET_DNIEVESNIMA,SIM,3 oct 2026,null,null,No,ABIERTAS,null,Multilínea,Mono_item,Lambayeque,null,null,null,null,13:01 - 20:00,En Progreso,Punto de No Retorno,null,CHICLAYO
Netcall,1 oct 2026,10,927259986,9272599868285533416006,9283,Outbound,Venta Regular / Alta,EXPRESS,Logixtal,5024,ABIERTAS,Pendiente Entrega,Pendiente Entrega,NET_FCARRIONM,SIM,1 oct 2026,null,null,No,ABIERTAS,null,Monolínea,Mono_item,Lambayeque,null,null,Power 39.90 N,Desconocido,08:00 - 20:00,En Progreso,Punto de No Retorno,Desconocido,CHICLAYO
Netcall,1 oct 2026,12,927296838,9272968388285869659024,9283,Outbound,Portabilidad Postpago,RETIRO EN TIENDA,Retiro en tienda,3036,CERRADAS,Entregado,Entregado,NET_NBURGAR,SIM,1 oct 2026,2 oct 2026,null,No,CERRADAS,2026-10-03 01:12:23,Monolínea,Mono_item,Lambayeque,null,Power ilim 69.90 N,Power ilim 69.90 N,TELEFONICAPE,09:00 - 21:00,Cerrado,Resuelto,Desconocido,null
Netcall,3 oct 2026,11,928061090,92806109089511710101029507792,9283,Outbound,Portabilidad Postpago,EXPRESS,Logixtal,5024,ABIERTAS,Pendiente Entrega,Pendiente de Picking,NET_SCANTOT,SIM,3 oct 2026,null,null,No,ABIERTAS,null,Monolínea,Mono_item,Lambayeque,null,null,null,null,10:00 - 20:00,En Progreso,Punto de No Retorno,null,null
Netcall,1 oct 2026,11,927270189,9272701898285621722694,5299,Outbound,Venta Regular / Alta,EXPRESS,Logixtal,5024,CANCELADAS,Anulado,RESULTADO NEGATIVO BIOMETRICO,NET_MCORDOVACRU,SIM,1 oct 2026,null,null,No,CANCELADAS,2026-10-01 11:48:28,Monolínea,Mono_item,Lambayeque,null,null,Power ilim 69.90 N,Desconocido,10:00 - 20:00,Cancelado,Rechazado,Desconocido,CHICLAYO
Netcall,1 oct 2026,18,927398871,9273988718286859864901,9283,Outbound,Portabilidad Postpago,RETIRO EN TIENDA,Retiro en tienda,3036,ABIERTAS,Pendiente Entrega,Pendiente Entrega,NET_JVASQUEZMEN,SIM,1 oct 2026,null,null,No,ABIERTAS,null,Monolínea,Mono_item,Lambayeque,null,null,Power ilim 79.90 SD N,AmericaMovil,09:00 - 21:00,En Progreso,En Progreso,Desconocido,null
Netcall,2 oct 2026,11,927758342,927758342,9283,Outbound,Portabilidad Postpago,EXPRESS,Logixtal,5024,ABIERTAS,Pendiente Entrega,Pendiente Entrega,NET_AAYAURIO,SIM,2 oct 2026,null,null,No,ABIERTAS,null,Monolínea,Mono_item,Lambayeque,null,null,null,null,08:00 - 20:00,En Progreso,Punto de No Retorno,null,CHICLAYO
Netcall,2 oct 2026,9,927706152,927706152,9283,Outbound,Portabilidad Postpago,EXPRESS,Logixtal,5024,CANCELADAS,Entregado,Entregado,NET_FCARRIONM,SIM,2 oct 2026,2 oct 2026,null,No,CANCELADAS,2026-10-02 22:00:31,Monolínea,Mono_item,Lambayeque,null,null,null,null,10:00 - 20:00,Cancelado,Pedido Cancelación,null,CHICLAYO
Netcall,1 oct 2026,10,927249633,9272496338285447529252,9283,Outbound,Portabilidad Postpago,EXPRESS,Logixtal,5024,CANCELADAS,Entregado,Entregado,NET_RMRAMIREZ,SIM,1 oct 2026,1 oct 2026,null,No,CANCELADAS,2026-10-01 22:00:32,Multilínea,Mono_item,Lambayeque,null,null,Power ilim 69.90 N,TELEFONICAPE,10:00 - 20:00,Cancelado,Pedido Cancelación,Portabilidad Rechazada. REC01PRT09: El abonado tiene deuda exigible | paymentDueDate=2026-09-23|portabilityOperDateActive=2025-09-20|amount=47.5|units=01,CHICLAYO
Netcall,1 oct 2026,9,927230988,9272309888285290481694,9283,Outbound,Venta Regular / Alta,EXPRESS,Logixtal,5024,CERRADAS,Entregado,Entregado,TLV_NET_FVALQUI,SIM,1 oct 2026,1 oct 2026,01/10/2026,Sí,CERRADAS,2026-10-01 13:23:35,Multilínea,Mono_item,Lambayeque,39.95,Power ilim 79.90 SD N,Power ilim 79.90 SD N,Desconocido,10:00 - 20:00,Cerrado,Resuelto,Desconocido,CHICLAYO
Netcall,3 oct 2026,12,928084812,928084812Empty,9283,Outbound,Portabilidad Postpago,RETIRO EN TIENDA,Retiro en tienda,3036,ABIERTAS,Pendiente Entrega,Pendiente Entrega,NET_LDIAZM,SIM,3 oct 2026,null,null,No,ABIERTAS,null,Monolínea,Mono_item,Lambayeque,null,null,null,null,09:00 - 21:00,En Progreso,En Progreso,null,null
Netcall,1 oct 2026,16,927373599,9273735998286636962416,9271,Outbound,Portabilidad Postpago,PROGRAMADO,Logixtal,5024,CANCELADAS,Anulado,PIN PORTA_NO VALIDO,NET_HDOMINGUEZC,SIM,2 oct 2026,null,null,No,CANCELADAS,2026-10-02 10:43:07,Multilínea,Multi_item,Lambayeque,null,null,Power ilim 79.90 SD N,AmericaMovil,09:00 - 13:00,Cancelado,Rechazado,Desconocido,CHICLAYO
Netcall,2 oct 2026,14,927797879,927797879,9283,Outbound,Portabilidad Postpago,PROGRAMADO,Logixtal,5024,ABIERTAS,Pendiente Entrega,Pendiente Entrega,NET_DNIEVESNIMA,SIM,3 oct 2026,null,null,No,ABIERTAS,null,Multilínea,Mono_item,Lambayeque,null,null,null,null,13:01 - 20:00,En Progreso,Punto de No Retorno,null,CHICLAYO
Netcall,1 oct 2026,9,927232331,927232331,9283,Outbound,Portabilidad Postpago,EXPRESS,Logixtal,5024,CERRADAS,Entregado,Entregado,TLV_NET_DSANC,SIM,1 oct 2026,1 oct 2026,null,No,CERRADAS,2026-10-02 00:32:05,Multilínea,Mono_item,Lambayeque,null,Power ilim 79.90 SD N,null,null,10:00 - 20:00,Cerrado,Resuelto,null,CHICLAYO
Netcall,1 oct 2026,16,927376755,9273767558286649294713,9283,Outbound,Portabilidad Postpago,PROGRAMADO,Logixtal,5024,CERRADAS,Entregado,Entregado,NET_MFERRER,SIM,2 oct 2026,2 oct 2026,null,No,CERRADAS,2026-10-03 02:04:02,Monolínea,Mono_item,Lambayeque,null,Power ilim 69.90 N,Power ilim 69.90 N,Viettel Peru,09:00 - 13:00,Cerrado,Resuelto,Desconocido,CHICLAYO
Netcall,1 oct 2026,16,927373599,9273735998286636962197,9271,Outbound,Portabilidad Postpago,PROGRAMADO,Logixtal,5024,CANCELADAS,Anulado,PIN PORTA_NO VALIDO,NET_HDOMINGUEZC,SIM,2 oct 2026,null,null,No,CANCELADAS,2026-10-02 10:43:07,Multilínea,Multi_item,Lambayeque,null,null,Power ilim 79.90 SD N,AmericaMovil,09:00 - 13:00,Cancelado,Rechazado,Desconocido,CHICLAYO
Netcall,2 oct 2026,17,927856394,927856394,9283,Outbound,Portabilidad Postpago,RETIRO EN TIENDA,Retiro en tienda,3140,CERRADAS,Entregado,Entregado,NET_JAMASIFUENT,SIM,2 oct 2026,2 oct 2026,null,No,CERRADAS,2026-10-03 00:47:33,Multilínea,Mono_item,La Libertad,null,Power ilim 79.90 SD N,null,null,09:00 - 21:00,Cerrado,Resuelto,null,null
Netcall,2 oct 2026,17,927855294,927855294,9283,Outbound,Portabilidad Postpago,RETIRO EN TIENDA,Retiro en tienda,3140,CERRADAS,Entregado,Entregado,NET_JAMASIFUENT,SIM,2 oct 2026,2 oct 2026,null,No,CERRADAS,2026-10-03 00:15:38,Multilínea,Mono_item,La Libertad,null,Power ilim 79.90 SD N,null,null,09:00 - 21:00,Cerrado,Resuelto,null,null
Netcall,2 oct 2026,14,927802009,927802009,9271,Outbound,Portabilidad Postpago,RETIRO EN TIENDA,Retiro en tienda,3140,ABIERTAS,Pendiente Entrega,Pendiente Entrega,NET_MVALIENTES,SIM,2 oct 2026,null,null,No,ABIERTAS,null,Monolínea,Mono_item,La Libertad,null,null,null,null,09:00 - 21:00,En Progreso,En Progreso,null,null
Netcall,3 oct 2026,9,928035365,928035365Empty,9283,Outbound,Portabilidad Postpago,RETIRO EN TIENDA,Retiro en tienda,3140,ABIERTAS,Pendiente Entrega,Pendiente Entrega,NET_LROSALESA,SIM,3 oct 2026,null,null,No,ABIERTAS,null,Monolínea,Mono_item,La Libertad,null,null,null,null,09:00 - 21:00,En Progreso,Pago Recibido,null,null
Netcall,2 oct 2026,12,927758695,927758695,9283,Outbound,Portabilidad Postpago,EXPRESS,Logixtal,3115,ABIERTAS,Anulado,CLIENTE DESISTE - NO BRINDA MOTIVOS,NET_GCABALLEROC,SIM,2 oct 2026,null,null,No,ABIERTAS,null,Monolínea,Mono_item,Pasco,null,null,null,null,10:00 - 20:00,En Progreso,Punto de No Retorno,null,CHAUPIMARCA
Netcall,2 oct 2026,10,927718766,927718766,9283,Outbound,Portabilidad Postpago,EXPRESS,Logixtal,3115,CERRADAS,Entregado,Entregado,NET_KYUPANQUIC,SIM,2 oct 2026,2 oct 2026,null,No,CERRADAS,2026-10-03 01:57:07,Monolínea,Mono_item,Pasco,null,Power ilim 79.90 SD N,null,null,10:00 - 20:00,Cerrado,Resuelto,null,CHAUPIMARCA
Netcall,3 oct 2026,12,928099891,928099891Empty,9283,Outbound,Portabilidad Postpago,EXPRESS PROGRAMADO,Retiro en tienda,3115,ABIERTAS,Pendiente Entrega,Pendiente Entrega,NET_RNUNEZH,SIM,3 oct 2026,null,null,No,ABIERTAS,null,Monolínea,Mono_item,Pasco,null,null,null,null,16:00 - 18:00,En Progreso,En Progreso,null,null
Netcall,3 oct 2026,12,928084956,928084956Empty,9283,Outbound,Portabilidad Postpago,EXPRESS,Retiro en tienda,3115,ABIERTAS,Pendiente Entrega,Pendiente Entrega,NET_SLIZARDOPER,SIM,3 oct 2026,null,null,No,ABIERTAS,null,Multilínea,Mono_item,Pasco,null,null,null,null,10:00 - 20:00,En Progreso,En Progreso,null,null
Netcall,3 oct 2026,12,928086400,928086400Empty,9283,Outbound,Portabilidad Postpago,EXPRESS PROGRAMADO,Retiro en tienda,3115,ABIERTAS,Pendiente Entrega,Pendiente Entrega,NET_SLIZARDOPER,SIM,3 oct 2026,null,null,No,ABIERTAS,null,Multilínea,Mono_item,Pasco,null,null,null,null,13:00 - 15:00,En Progreso,En Progreso,null,null
Netcall,3 oct 2026,12,928092165,928092165Empty,9283,Outbound,Portabilidad Postpago,EXPRESS PROGRAMADO,Retiro en tienda,3115,ABIERTAS,Pendiente Entrega,Pendiente Entrega,NET_JLUCIANOT,SIM,3 oct 2026,null,null,No,ABIERTAS,null,Monolínea,Mono_item,Pasco,null,null,null,null,13:00 - 15:00,En Progreso,En Progreso,null,null
Netcall,2 oct 2026,10,927717213,927717213,9283,Outbound,Portabilidad Postpago,EXPRESS,Logixtal,5023,CERRADAS,Entregado,Entregado,NET_MCASTILLOC,SIM,2 oct 2026,2 oct 2026,null,No,CERRADAS,2026-10-03 00:47:16,Monolínea,Mono_item,La Libertad,null,Power ilim 79.90 SD N,null,null,10:00 - 20:00,Cerrado,Resuelto,null,CHAO
Netcall,1 oct 2026,16,927371938,9273719388286595619496,9283,Outbound,Portabilidad Postpago,PROGRAMADO,Logixtal,5023,CERRADAS,Entregado,Entregado,TLV_NET_LMONTED,SIM,2 oct 2026,2 oct 2026,null,No,CERRADAS,2026-10-03 01:47:23,Monolínea,Mono_item,La Libertad,null,Power ilim 69.90 N,Power ilim 69.90 N,AmericaMovil,09:00 - 19:00,Cerrado,Resuelto,Desconocido,CHAO
Netcall,1 oct 2026,10,927265712,9272657128285582127789,9283,Outbound,Portabilidad Postpago,PROGRAMADO,Logixtal,5023,CANCELADAS,Anulado,CLIENTE YA NO DESEA PRODUCTO,NET_GGALLARDAYA,SIM,2 oct 2026,null,null,No,CANCELADAS,2026-10-02 17:26:46,Monolínea,Mono_item,La Libertad,null,null,Power ilim 69.90 N,TELEFONICAPE,09:00 - 19:00,Cancelado,Rechazado,Desconocido,CHAO
Netcall,2 oct 2026,10,927724461,927724461,9283,Outbound,Portabilidad Postpago,EXPRESS,Logixtal,5023,CANCELADAS,Anulado,CLIENTE YA NO DESEA PRODUCTO,TLV_NET_KARANDA,SIM,2 oct 2026,null,null,No,CANCELADAS,2026-10-02 11:33:44,Monolínea,Mono_item,La Libertad,null,null,null,null,10:00 - 20:00,Cancelado,Rechazado,null,CHAO
Netcall,2 oct 2026,9,927699341,927699341,5299,Outbound,Portabilidad Postpago,RETIRO EN TIENDA,Retiro en tienda,7315,CERRADAS,Entregado,Entregado,NET_JBOZAC,SIM,2 oct 2026,2 oct 2026,null,No,CERRADAS,2026-10-03 01:09:26,Monolínea,Mono_item,Empty,null,Power ilim 69.90 N,null,null,09:00 - 21:00,Cerrado,Resuelto,null,null
Netcall,2 oct 2026,13,927783495,927783495,9283,Outbound,Venta Regular / Alta,RETIRO EN TIENDA,Retiro en tienda,7271,CERRADAS,Entregado,Entregado,NET_DNIEVESNIMA,SIM,2 oct 2026,2 oct 2026,null,No,CERRADAS,2026-10-02 19:39:03,Multilínea,Mono_item,Junin,null,Power ilim 79.90 SD N,null,null,09:00 - 21:00,Cerrado,Resuelto,null,null
Netcall,2 oct 2026,13,927791828,927791828,9283,Outbound,Portabilidad Postpago,RETIRO EN TIENDA,Retiro en tienda,7271,ABIERTAS,Pendiente Entrega,Pendiente Entrega,NET_DNIEVESNIMA,SIM,2 oct 2026,null,null,No,ABIERTAS,null,Multilínea,Mono_item,Junin,null,null,null,null,09:00 - 21:00,En Progreso,Documentación Generada,null,null
Netcall,1 oct 2026,17,927388448,9273884488286753920335,9283,Outbound,Portabilidad Postpago,RETIRO EN TIENDA,Retiro en tienda,7271,CANCELADAS,Cancelado,Cancelado,NET_SRUIZS,SIM,1 oct 2026,null,null,No,CANCELADAS,2026-10-01 18:55:39,Multilínea,Mono_item,Junin,null,null,Power ilim 69.90 N,AmericaMovil,09:00 - 21:00,Cancelado,Rechazado,Desconocido,null
Netcall,2 oct 2026,8,927683484,927683484,9283,Outbound,Portabilidad Postpago,RETIRO EN TIENDA,Retiro en tienda,7315,ABIERTAS,Pendiente Entrega,Pendiente Entrega,NET_PBCGOMEZ,SIM,2 oct 2026,null,null,No,ABIERTAS,null,Monolínea,Mono_item,Empty,null,null,null,null,09:00 - 21:00,En Progreso,Documentación Generada,null,null
Netcall,2 oct 2026,13,927781300,927781300,9283,Outbound,Portabilidad Postpago,RETIRO EN TIENDA,Retiro en tienda,7271,ABIERTAS,Pendiente Entrega,Pendiente Entrega,NET_DNIEVESNIMA,SIM,2 oct 2026,null,null,No,ABIERTAS,null,Multilínea,Mono_item,Junin,null,null,null,null,09:00 - 21:00,En Progreso,Documentación no Almacenada,null,null
Netcall,1 oct 2026,19,927416791,9274167918287027444975,9283,Outbound,Portabilidad Postpago,RETIRO EN TIENDA,Retiro en tienda,7271,ABIERTAS,Entregado,Entregado,NET_SRUIZS,SIM,2 oct 2026,2 oct 2026,null,No,ABIERTAS,null,Multilínea,Mono_item,Junin,null,null,Power ilim 69.90 N,AmericaMovil,09:00 - 21:00,En Progreso,Documentación no Almacenada,Desconocido,null
Netcall,2 oct 2026,10,927722363,927722363,9271,Outbound,Portabilidad Postpago,RETIRO EN TIENDA,Retiro en tienda,3106,CANCELADAS,Cancelado,Cancelado,NET_LGOMEZA,SIM,2 oct 2026,null,null,No,CANCELADAS,2026-10-02 22:12:20,Monolínea,Mono_item,Junin,null,null,null,null,09:00 - 21:00,Cancelado,Pedido Cancelación,null,null
Netcall,2 oct 2026,13,927785595,927785595,9283,Outbound,Portabilidad Postpago,RETIRO EN TIENDA,Retiro en tienda,7271,ABIERTAS,Pendiente Entrega,Pendiente Entrega,NET_GARROYOR,SIM,2 oct 2026,null,null,No,ABIERTAS,null,Monolínea,Mono_item,Junin,null,null,null,null,09:00 - 21:00,En Progreso,En Progreso,null,null
Netcall,2 oct 2026,17,927862268,927862268,9283,Outbound,Portabilidad Postpago,RETIRO EN TIENDA,Retiro en tienda,7315,CERRADAS,Entregado,Entregado,NET_LRAMIREZV,SIM,2 oct 2026,2 oct 2026,null,No,CERRADAS,2026-10-03 00:25:43,Monolínea,Mono_item,Empty,null,Power ilim 79.90 SD N,null,null,09:00 - 21:00,Cerrado,Resuelto,null,null
Netcall,1 oct 2026,17,927387135,9273871358286739209668,9283,Outbound,Portabilidad Postpago,RETIRO EN TIENDA,Retiro en tienda,7271,CANCELADAS,Cancelado,Cancelado,NET_DNIEVESNIMA,SIM,1 oct 2026,null,null,No,CANCELADAS,2026-10-02 13:19:56,Monolínea,Mono_item,Junin,null,null,Power ilim 69.90 N,AmericaMovil,09:00 - 21:00,Cancelado,Rechazado,Desconocido,null
Netcall,3 oct 2026,12,928095098,928095098Empty,9283,Outbound,Portabilidad Postpago,RETIRO EN TIENDA,Retiro en tienda,7271,ABIERTAS,Pendiente Entrega,Pendiente Entrega,NET_BTRUJILLOT,SIM,3 oct 2026,null,null,No,ABIERTAS,null,Monolínea,Mono_item,Junin,null,null,null,null,09:00 - 21:00,En Progreso,En Progreso,null,null
Netcall,2 oct 2026,9,927700547,927700547,9283,Outbound,Portabilidad Postpago,EXPRESS,Logixtal,9001,CERRADAS,Entregado,Entregado,NET_IQUEREVALUL,SIM,2 oct 2026,2 oct 2026,null,No,CERRADAS,2026-10-03 00:04:43,Monolínea,Mono_item,Lima - Callao,null,Power ilim 69.90 N,null,null,10:00 - 20:00,Cerrado,Resuelto,null,CHANCAY
Netcall,1 oct 2026,12,927306417,9273064178285958968778,9283,Outbound,Portabilidad Postpago,PROGRAMADO,Logixtal,9001,CERRADAS,Entregado,Entregado,NET_RCARDENASH,SIM,2 oct 2026,2 oct 2026,null,No,CERRADAS,2026-10-03 00:42:58,Monolínea,Mono_item,Lima - Callao,null,Power ilim 69.90 N,Power ilim 69.90 N,AmericaMovil,09:00 - 20:00,Cerrado,Resuelto,Desconocido,CHANCAY
Netcall,1 oct 2026,18,927408395,9274083958286952158192,9283,Outbound,Portabilidad Postpago,PROGRAMADO,Logixtal,9001,ABIERTAS,Pendiente Entrega,Pendiente Entrega,NET_KYUPANQUIC,SIM,5 oct 2026,null,null,No,ABIERTAS,null,Monolínea,Mono_item,Lima - Callao,null,null,Power ilim 79.90 SD N,AmericaMovil,09:00 - 20:00,En Progreso,En Progreso,Desconocido,CHANCAY
Netcall,2 oct 2026,14,927796849,927796849,9283,Outbound,Venta Regular / Alta,PROGRAMADO,Logixtal,9001,ABIERTAS,Pendiente Entrega,Pendiente Entrega,NET_ANCASTROR,SIM,3 oct 2026,null,null,No,ABIERTAS,null,Multilínea,Mono_item,Lima - Callao,null,null,null,null,09:00 - 20:00,En Progreso,Punto de No Retorno,null,CHACLACAYO
Netcall,3 oct 2026,10,928042560,92804256089511710101081412048,9283,Outbound,Portabilidad Postpago,PROGRAMADO,Logixtal,9001,ABIERTAS,Pendiente Entrega,Pendiente de Picking,NET_VAYALA,SIM,5 oct 2026,null,null,No,ABIERTAS,null,Monolínea,Mono_item,Lima - Callao,null,null,null,null,09:00 - 20:00,En Progreso,Punto de No Retorno,null,null
Netcall,2 oct 2026,13,927795821,927795821,9283,Outbound,Portabilidad Postpago,PROGRAMADO,Logixtal,9001,ABIERTAS,Pendiente Entrega,Pendiente Entrega,NET_ANCASTROR,SIM,3 oct 2026,null,null,No,ABIERTAS,null,Multilínea,Mono_item,Lima - Callao,null,null,null,null,09:00 - 20:00,En Progreso,Punto de No Retorno,null,CHACLACAYO
Netcall,3 oct 2026,10,928056053,92805605389511710101081412188,9283,Outbound,Portabilidad Postpago,PROGRAMADO,Logixtal,9001,ABIERTAS,Pendiente Entrega,Pendiente de Picking,NET_SBENITOV,SIM,4 oct 2026,null,null,No,ABIERTAS,null,Multilínea,Mono_item,Lima - Callao,null,null,null,null,08:00 - 22:00,En Progreso,Punto de No Retorno,null,null
Netcall,3 oct 2026,10,928052630,92805263089511710101081412154,9283,Outbound,Portabilidad Postpago,PROGRAMADO,Logixtal,9001,ABIERTAS,Pendiente Entrega,Pendiente de Picking,NET_SBENITOV,SIM,4 oct 2026,null,null,No,ABIERTAS,null,Multilínea,Mono_item,Lima - Callao,null,null,null,null,08:00 - 22:00,En Progreso,Punto de No Retorno,null,null
Netcall,2 oct 2026,14,927798012,927798012,9283,Outbound,Portabilidad Postpago,PROGRAMADO,Logixtal,9001,ABIERTAS,Pendiente Entrega,Pendiente Entrega,NET_ANCASTROR,SIM,3 oct 2026,null,null,No,ABIERTAS,null,Multilínea,Mono_item,Lima - Callao,null,null,null,null,09:00 - 20:00,En Progreso,Punto de No Retorno,null,CHACLACAYO
Netcall,3 oct 2026,10,928053858,92805385889511710101081412162,9283,Outbound,Portabilidad Postpago,PROGRAMADO,Logixtal,9001,ABIERTAS,Pendiente Entrega,Pendiente de Picking,NET_SBENITOV,SIM,4 oct 2026,null,null,No,ABIERTAS,null,Multilínea,Mono_item,Lima - Callao,null,null,null,null,08:00 - 22:00,En Progreso,Punto de No Retorno,null,null
Netcall,2 oct 2026,15,927829001,927829001,9271,Outbound,Portabilidad Postpago,PROGRAMADO,Logixtal,9001,ABIERTAS,Pendiente Entrega,Pendiente Entrega,NET_KLGARCIAA,SIM,3 oct 2026,null,null,No,ABIERTAS,null,Monolínea,Mono_item,Lima - Callao,null,null,null,null,09:00 - 20:00,En Progreso,Punto de No Retorno,null,CHACLACAYO
Netcall,2 oct 2026,16,927841227,927841227,9283,Outbound,Portabilidad Postpago,PROGRAMADO,Logixtal,9001,ABIERTAS,Pendiente Entrega,Pendiente Entrega,NET_KCHAVEZF,SIM,3 oct 2026,null,null,No,ABIERTAS,null,Monolínea,Mono_item,Lima - Callao,null,null,null,null,09:00 - 20:00,En Progreso,Punto de No Retorno,null,CHACLACAYO
Netcall,3 oct 2026,10,928050305,92805030589511710101081412147,9283,Outbound,Portabilidad Postpago,PROGRAMADO,Logixtal,9001,ABIERTAS,Pendiente Entrega,Pendiente de Picking,NET_SBENITOV,SIM,4 oct 2026,null,null,No,ABIERTAS,null,Multilínea,Mono_item,Lima - Callao,null,null,null,null,08:00 - 22:00,En Progreso,Punto de No Retorno,null,null
Netcall,3 oct 2026,12,928085478,928085478Empty,9283,Outbound,Portabilidad Postpago,PROGRAMADO,Retiro en tienda,9357,ABIERTAS,Pendiente Entrega,Pendiente Entrega,TLV_NET_DCABEZU,SIM,5 oct 2026,null,null,No,ABIERTAS,null,Multilínea,Mono_item,Amazonas,null,null,null,null,09:00 - 13:00,En Progreso,En Progreso,null,null
Netcall,1 oct 2026,12,927295297,9272952978285842799209,9283,Outbound,Portabilidad Postpago,EXPRESS,Logixtal,9357,CERRADAS,Entregado,Entregado,NET_MRIOSP,SIM,1 oct 2026,2 oct 2026,null,No,CERRADAS,2026-10-03 01:57:42,Monolínea,Mono_item,Amazonas,null,Power ilim 79.90 SD N,Power ilim 79.90 SD N,TELEFONICAPE,08:00 - 20:00,Cerrado,Resuelto,Desconocido,CHACHAPOYAS
Netcall,2 oct 2026,10,927716536,927716536,9283,Outbound,Portabilidad Postpago,EXPRESS,Logixtal,9357,CERRADAS,Entregado,Entregado,NET_SLAZOB,SIM,2 oct 2026,2 oct 2026,null,No,CERRADAS,2026-10-03 01:02:28,Monolínea,Mono_item,Amazonas,null,Power ilim 69.90 N,null,null,10:00 - 20:00,Cerrado,Resuelto,null,CHACHAPOYAS
Netcall,2 oct 2026,9,927700841,927700841,9283,Outbound,Portabilidad Postpago,EXPRESS,Logixtal,9357,CERRADAS,Entregado,Entregado,NET_ACUEVAC,SIM,2 oct 2026,2 oct 2026,null,No,CERRADAS,2026-10-03 00:59:53,Monolínea,Mono_item,Amazonas,null,Power ilim 79.90 SD N,null,null,10:00 - 20:00,Cerrado,Resuelto,null,CHACHAPOYAS
Netcall,3 oct 2026,12,928087343,928087343Empty,9283,Outbound,Portabilidad Postpago,PROGRAMADO,Retiro en tienda,9357,ABIERTAS,Pendiente Entrega,Pendiente Entrega,TLV_NET_DCABEZU,SIM,5 oct 2026,null,null,No,ABIERTAS,null,Multilínea,Mono_item,Amazonas,null,null,null,null,09:00 - 13:00,En Progreso,En Progreso,null,null
Netcall,1 oct 2026,9,927242779,9272427798285390150417,9283,Outbound,Portabilidad Postpago,PROGRAMADO,Logixtal,9357,ABIERTAS,Pendiente Entrega,Pendiente Entrega,NET_JSANGAMA,SIM,2 oct 2026,null,null,No,ABIERTAS,null,Monolínea,Mono_item,Amazonas,null,null,Power ilim 69.90 N,TELEFONICAPE,08:00 - 20:00,En Progreso,Punto de No Retorno,Desconocido,CHACHAPOYAS
Netcall,3 oct 2026,7,927998309,92799830989511710101045278774,9283,Outbound,Portabilidad Postpago,EXPRESS,Retiro en tienda,9357,ABIERTAS,Entregado,Entregado,NET_ACUEVAC,SIM,3 oct 2026,null,null,No,ABIERTAS,null,Monolínea,Mono_item,Amazonas,null,null,null,null,10:00 - 20:00,En Progreso,Punto de No Retorno,null,null
Netcall,1 oct 2026,13,927321371,9273213718286101947729,5299,Outbound,Venta Regular / Alta,EXPRESS,Logixtal,5022,ABIERTAS,Anulado,CLIENTE AUSENTE,NET_JBOZAC,SIM,1 oct 2026,null,null,No,ABIERTAS,null,Multilínea,Mono_item,Arequipa,null,null,Power ilim 79.90 SD N,Desconocido,10:00 - 20:00,En Progreso,Punto de No Retorno,Desconocido,CERRO COLORADO
Netcall,1 oct 2026,16,927368046,9273680468286565164970,9283,Outbound,Portabilidad Postpago,EXPRESS,Logixtal,5022,CANCELADAS,Anulado,CLIENTE YA NO DESEA PRODUCTO,TLV_NET_CURCIAR,SIM,1 oct 2026,null,null,No,CANCELADAS,2026-10-01 17:42:01,Multilínea,Mono_item,Arequipa,null,null,Power ilim 69.90 N,TELEFONICAPE,10:00 - 20:00,Cancelado,Rechazado,Desconocido,CERRO COLORADO
Netcall,3 oct 2026,14,928124126,928124126Empty,9283,Outbound,Portabilidad Postpago,EXPRESS,Logixtal,5022,ABIERTAS,Pendiente Entrega,Pendiente de Picking,NET_MAZCARATED,SIM,3 oct 2026,null,null,No,ABIERTAS,null,Multilínea,Mono_item,Arequipa,null,null,null,null,10:00 - 20:00,null,null,null,null
Netcall,1 oct 2026,13,927320029,9273200298286089027866,9283,Outbound,Portabilidad Postpago,EXPRESS,Logixtal,5022,CERRADAS,Entregado,Entregado,NET_GFLORESS,SIM,1 oct 2026,2 oct 2026,null,No,CERRADAS,2026-10-03 00:24:31,Monolínea,Mono_item,Arequipa,null,Power ilim 69.90 N,Power ilim 69.90 N,AmericaMovil,10:00 - 20:00,Cerrado,Resuelto,Desconocido,CERRO COLORADO
Netcall,2 oct 2026,14,927798067,927798067,9283,Outbound,Portabilidad Postpago,EXPRESS,Logixtal,5022,CERRADAS,Entregado,Entregado,TLV_NET_SVALDEZ,SIM,2 oct 2026,2 oct 2026,null,No,CERRADAS,2026-10-03 00:52:06,Monolínea,Mono_item,Arequipa,null,Power ilim 69.90 N,null,null,10:00 - 20:00,Cerrado,Resuelto,null,CERRO COLORADO
Netcall,3 oct 2026,13,928110086,92811008689511710101029523633,9283,Outbound,Portabilidad Postpago,EXPRESS,Logixtal,5022,ABIERTAS,Pendiente Entrega,Pendiente de Picking,NET_LBAUTISTAS,SIM,3 oct 2026,null,null,No,ABIERTAS,null,Multilínea,Mono_item,Arequipa,null,null,null,null,10:00 - 20:00,En Progreso,Punto de No Retorno,null,null
Netcall,1 oct 2026,9,927236584,9272365848285340151085,9283,Outbound,Portabilidad Postpago,EXPRESS,Logixtal,5022,CERRADAS,Entregado,Entregado,TLV_NET_GJQUISP,SIM,1 oct 2026,1 oct 2026,null,No,CERRADAS,2026-10-02 01:04:17,Monolínea,Mono_item,Arequipa,null,Power ilim 69.90 N,Power ilim 69.90 N,TELEFONICAPE,10:00 - 20:00,Cerrado,Resuelto,Desconocido,CERRO COLORADO
Netcall,1 oct 2026,7,927191641,9271916418285165210987,9283,Outbound,Portabilidad Postpago,EXPRESS,Logixtal,5022,CANCELADAS,Anulado,CLIENTE YA NO DESEA PRODUCTO,NET_FLABANM,SIM,1 oct 2026,null,null,No,CANCELADAS,2026-10-02 11:42:42,Monolínea,Mono_item,Arequipa,null,null,Power ilim 69.90 N,Viettel Peru,10:00 - 20:00,Cancelado,Rechazado,Desconocido,CERRO COLORADO
Netcall,1 oct 2026,17,927392409,9273924098286800431856,9271,Outbound,Portabilidad Postpago,PROGRAMADO,Logixtal,5022,ABIERTAS,Pendiente Entrega,Pendiente Entrega,NET_SBACAD,SIM,3 oct 2026,null,null,No,ABIERTAS,null,Multilínea,Mono_item,Arequipa,null,null,Power ilim 79.90 SD N,TELEFONICAPE,13:01 - 20:00,En Progreso,Punto de No Retorno,Desconocido,CERRO COLORADO
Netcall,3 oct 2026,9,928025391,92802539189511710101029523690,9283,Outbound,Portabilidad Postpago,EXPRESS,Logixtal,5022,ABIERTAS,Entregado,Entregado,NET_NBURGAR,SIM,3 oct 2026,null,null,No,ABIERTAS,null,Monolínea,Mono_item,Arequipa,null,null,null,null,10:00 - 20:00,En Progreso,Punto de No Retorno,null,null
Netcall,1 oct 2026,17,927384439,9273844398286724504109,9283,Outbound,Portabilidad Postpago,PROGRAMADO,Logixtal,5022,CERRADAS,Entregado,Entregado,TLV_NET_CURCIAR,SIM,2 oct 2026,2 oct 2026,null,No,CERRADAS,2026-10-03 01:36:46,Multilínea,Mono_item,Arequipa,null,Power ilim 69.90 N,Power ilim 69.90 N,TELEFONICAPE,09:00 - 13:00,Cerrado,Resuelto,Desconocido,CERRO COLORADO
Netcall,1 oct 2026,13,927318745,9273187458286079713082,5299,Outbound,Portabilidad Postpago,EXPRESS,Logixtal,5022,ABIERTAS,Anulado,CLIENTE AUSENTE,NET_JBOZAC,SIM,1 oct 2026,null,null,No,ABIERTAS,null,Multilínea,Mono_item,Arequipa,null,null,Power ilim 79.90 SD N,AmericaMovil,10:00 - 20:00,En Progreso,Punto de No Retorno,Desconocido,CERRO COLORADO
Netcall,1 oct 2026,17,927395512,9273955128286826379879,9271,Outbound,Portabilidad Postpago,PROGRAMADO,Logixtal,5022,ABIERTAS,Pendiente Entrega,Pendiente Entrega,NET_SBACAD,SIM,3 oct 2026,null,null,No,ABIERTAS,null,Multilínea,Mono_item,Arequipa,null,null,Power ilim 79.90 SD N,AmericaMovil,13:01 - 20:00,En Progreso,Punto de No Retorno,Desconocido,CERRO COLORADO
Netcall,3 oct 2026,13,928112576,92811257689511710101029523658,9283,Outbound,Portabilidad Postpago,EXPRESS,Logixtal,5022,ABIERTAS,Pendiente Entrega,Pendiente de Picking,NET_LBAUTISTAS,SIM,3 oct 2026,null,null,No,ABIERTAS,null,Multilínea,Mono_item,Arequipa,null,null,null,null,10:00 - 20:00,En Progreso,Punto de No Retorno,null,null
Netcall,2 oct 2026,9,927695581,927695581,9283,Outbound,Portabilidad Postpago,EXPRESS,Logixtal,5022,CERRADAS,Entregado,Entregado,NET_MFERRER,SIM,2 oct 2026,2 oct 2026,null,No,CERRADAS,2026-10-03 01:39:11,Monolínea,Mono_item,Arequipa,null,Power ilim 79.90 SD N,null,null,10:00 - 20:00,Cerrado,Resuelto,null,CERRO COLORADO
Netcall,1 oct 2026,16,927362654,9273626548286498221383,9283,Outbound,Portabilidad Postpago,EXPRESS,Logixtal,5022,CERRADAS,Entregado,Entregado,NET_TDILAST,SIM,1 oct 2026,1 oct 2026,null,No,CERRADAS,2026-10-02 01:27:15,Monolínea,Mono_item,Arequipa,null,Power ilim 69.90 N,Power ilim 69.90 N,TELEFONICAPE,10:00 - 20:00,Cerrado,Resuelto,Desconocido,CERRO COLORADO
Netcall,1 oct 2026,11,927283867,9272838678285735968734,9283,Outbound,Portabilidad Postpago,EXPRESS,Logixtal,5022,CERRADAS,Entregado,Entregado,NET_LVASQUEZT,SIM,1 oct 2026,1 oct 2026,null,No,CERRADAS,2026-10-02 01:05:52,Monolínea,Mono_item,Arequipa,null,Power ilim 69.90 N,Power ilim 69.90 N,TELEFONICAPE,10:00 - 20:00,Cerrado,Resuelto,Desconocido,CERRO COLORADO
Netcall,2 oct 2026,9,927703617,927703617,9283,Outbound,Portabilidad Postpago,EXPRESS,Logixtal,5022,CERRADAS,Entregado,Entregado,NET_SLIZARDOPER,SIM,2 oct 2026,2 oct 2026,null,No,CERRADAS,2026-10-03 01:08:26,Monolínea,Mono_item,Arequipa,null,Power ilim 79.90 SD N,null,null,10:00 - 20:00,Cerrado,Resuelto,null,CERRO COLORADO
Netcall,2 oct 2026,16,927836813,927836813,5299,Outbound,Portabilidad Postpago,PROGRAMADO,Logixtal,5022,ABIERTAS,Pendiente Entrega,Pendiente Entrega,NET_LVIZCARRARO,SIM,3 oct 2026,null,null,No,ABIERTAS,null,Monolínea,Mono_item,Arequipa,null,null,null,null,09:00 - 13:00,En Progreso,Punto de No Retorno,null,CERRO COLORADO
Netcall,3 oct 2026,13,928110038,928110038Empty,9283,Outbound,Portabilidad Postpago,EXPRESS,Logixtal,5022,ABIERTAS,Pendiente Entrega,Pendiente de Picking,NET_LMALDONADOC,SIM,3 oct 2026,null,null,No,ABIERTAS,null,Monolínea,Mono_item,Arequipa,null,null,null,null,10:00 - 20:00,En Progreso,En Progreso,null,null
Netcall,1 oct 2026,13,927320164,9273201648286089780704,5299,Outbound,Venta Regular / Alta,EXPRESS,Logixtal,5022,ABIERTAS,Anulado,CLIENTE AUSENTE,NET_JBOZAC,SIM,1 oct 2026,null,null,No,ABIERTAS,null,Multilínea,Mono_item,Arequipa,null,null,Power ilim 79.90 SD N,Desconocido,10:00 - 20:00,En Progreso,Punto de No Retorno,Desconocido,CERRO COLORADO
Netcall,1 oct 2026,18,927399871,9273998718286869509877,9283,Outbound,Portabilidad Postpago,PROGRAMADO,Logixtal,5022,CERRADAS,Entregado,Entregado,NET_ACQUISPE,SIM,2 oct 2026,2 oct 2026,null,No,CERRADAS,2026-10-03 01:49:12,Monolínea,Mono_item,Arequipa,null,Power ilim 69.90 N,Power ilim 69.90 N,Viettel Peru,09:00 - 13:00,Cerrado,Resuelto,Desconocido,CERRO COLORADO
Netcall,2 oct 2026,14,927808442,927808442,9283,Outbound,Portabilidad Postpago,EXPRESS,Logixtal,5022,CERRADAS,Entregado,Entregado,TLV_NET_MLANDAR,SIM,2 oct 2026,2 oct 2026,null,No,CERRADAS,2026-10-03 01:45:23,Monolínea,Mono_item,Arequipa,null,Power ilim 69.90 N,null,null,10:00 - 20:00,Cerrado,Resuelto,null,CERRO COLORADO
Netcall,3 oct 2026,13,928112546,928112546Empty,9283,Outbound,Portabilidad Postpago,EXPRESS,Logixtal,5022,ABIERTAS,Pendiente Entrega,Pendiente de Picking,NET_RCASTANEDAR,SIM,3 oct 2026,null,null,No,ABIERTAS,null,Monolínea,Mono_item,Arequipa,null,null,null,null,10:00 - 20:00,null,null,null,null
Netcall,1 oct 2026,8,927202997,9272029978285200027014,9283,Outbound,Portabilidad Postpago,EXPRESS,Logixtal,5022,CERRADAS,Entregado,Entregado,NET_SBENITESL,SIM,1 oct 2026,1 oct 2026,null,No,CERRADAS,2026-10-02 01:37:52,Monolínea,Mono_item,Arequipa,null,Power ilim 79.90 SD N,Power ilim 79.90 SD N,AmericaMovil,10:00 - 20:00,Cerrado,Resuelto,Desconocido,CERRO COLORADO
Netcall,2 oct 2026,16,927835156,927835156,9283,Outbound,Portabilidad Postpago,EXPRESS,Logixtal,5022,ABIERTAS,Pendiente Entrega,Pendiente Entrega,NET_AARANAS,SIM,2 oct 2026,null,null,No,ABIERTAS,null,Monolínea,Mono_item,Arequipa,null,null,null,null,08:00 - 20:00,En Progreso,Punto de No Retorno,null,CERRO COLORADO
Netcall,3 oct 2026,13,928113846,928113846Empty,9283,Outbound,Portabilidad Postpago,EXPRESS,Logixtal,5022,ABIERTAS,Pendiente Entrega,Pendiente de Picking,NET_RCASTANEDAR,SIM,3 oct 2026,null,null,No,ABIERTAS,null,Monolínea,Mono_item,Arequipa,null,null,null,null,10:00 - 20:00,En Progreso,En Progreso,null,null
Netcall,1 oct 2026,12,927291250,9272912508285807042161,9283,Outbound,Portabilidad Postpago,EXPRESS,Logixtal,5022,CERRADAS,Entregado,Entregado,NET_MOQUISPITON,SIM,1 oct 2026,2 oct 2026,null,No,CERRADAS,2026-10-03 01:00:22,Monolínea,Mono_item,Arequipa,null,Power ilim 79.90 SD N,Power ilim 79.90 SD N,Viettel Peru,10:00 - 20:00,Cerrado,Resuelto,Desconocido,CERRO COLORADO
Netcall,1 oct 2026,10,927263382,9272633828285570194277,9283,Outbound,Portabilidad Postpago,EXPRESS,Logixtal,5022,CERRADAS,Entregado,Entregado,NET_ATRIVINOS,SIM,1 oct 2026,1 oct 2026,null,No,CERRADAS,2026-10-02 04:16:50,Monolínea,Mono_item,Arequipa,null,Power ilim 79.90 SD N,Power ilim 79.90 SD N,AmericaMovil,10:00 - 20:00,Cerrado,Resuelto,Desconocido,CERRO COLORADO
Netcall,3 oct 2026,13,928111812,92811181289511710101029523641,9283,Outbound,Portabilidad Postpago,EXPRESS,Logixtal,5022,ABIERTAS,Pendiente Entrega,Pendiente de Picking,NET_LBAUTISTAS,SIM,3 oct 2026,null,null,No,ABIERTAS,null,Multilínea,Mono_item,Arequipa,null,null,null,null,10:00 - 20:00,En Progreso,Punto de No Retorno,null,null
Netcall,2 oct 2026,12,927771338,927771338,9283,Outbound,Portabilidad Postpago,PROGRAMADO,Logixtal,5022,ABIERTAS,Pendiente Entrega,Pendiente Entrega,NET_JATANACIOC,SIM,3 oct 2026,null,null,No,ABIERTAS,null,Monolínea,Mono_item,Arequipa,null,null,null,null,09:00 - 13:00,En Progreso,Punto de No Retorno,null,CERRO COLORADO
Netcall,2 oct 2026,14,927796574,927796574,9283,Outbound,Portabilidad Postpago,EXPRESS,Logixtal,5022,CERRADAS,Entregado,Entregado,TLV_NET_ACUBASS,SIM,2 oct 2026,2 oct 2026,null,No,CERRADAS,2026-10-03 03:33:40,Monolínea,Mono_item,Arequipa,null,Power ilim 69.90 N,null,null,10:00 - 20:00,Cerrado,Resuelto,null,CERRO COLORADO
Netcall,2 oct 2026,18,927880861,927880861,9283,Outbound,Portabilidad Postpago,PROGRAMADO,Logixtal,5022,ABIERTAS,Pendiente Entrega,Pendiente Entrega,NET_CALCAB,SIM,3 oct 2026,null,null,No,ABIERTAS,null,Monolínea,Mono_item,Arequipa,null,null,null,null,09:00 - 13:00,En Progreso,Punto de No Retorno,null,CERRO COLORADO
Netcall,1 oct 2026,12,927293902,9272939028285841415173,9283,Outbound,Portabilidad Postpago,EXPRESS,Logixtal,5022,ABIERTAS,Pendiente Entrega,Pendiente Entrega,NET_NCANCHOP,SIM,1 oct 2026,null,null,No,ABIERTAS,null,Monolínea,Mono_item,Arequipa,null,null,Power ilim 69.90 N,TELEFONICAPE,08:00 - 20:00,En Progreso,Punto de No Retorno,Desconocido,CERRO COLORADO
Netcall,2 oct 2026,12,927758590,927758590,9283,Outbound,Portabilidad Postpago,EXPRESS,Logixtal,5022,CERRADAS,Entregado,Entregado,NET_LMORAO,SIM,2 oct 2026,2 oct 2026,null,No,CERRADAS,2026-10-03 00:26:42,Monolínea,Mono_item,Arequipa,null,Power ilim 69.90 N,null,null,10:00 - 20:00,Cerrado,Resuelto,null,CERRO COLORADO
Netcall,3 oct 2026,13,928122508,928122508Empty,9283,Outbound,Venta Regular / Alta,EXPRESS,Logixtal,5022,ABIERTAS,Pendiente Entrega,Pendiente de Picking,NET_MAZCARATED,SIM,3 oct 2026,null,null,No,ABIERTAS,null,Multilínea,Mono_item,Arequipa,null,null,null,null,10:00 - 20:00,null,null,null,null
Netcall,2 oct 2026,12,927769310,927769310,9283,Outbound,Portabilidad Postpago,PROGRAMADO,Logixtal,5022,ABIERTAS,Pendiente Entrega,Pendiente Entrega,NET_MPAUCARP,SIM,3 oct 2026,null,null,No,ABIERTAS,null,Monolínea,Mono_item,Arequipa,null,null,null,null,13:01 - 20:00,En Progreso,Punto de No Retorno,null,CERRO COLORADO
Netcall,2 oct 2026,14,927801013,927801013,9283,Outbound,Portabilidad Postpago,EXPRESS,Logixtal,5022,ABIERTAS,Anulado,CLIENTE AUSENTE,NET_MMACHACAM,SIM,2 oct 2026,null,null,No,ABIERTAS,null,Monolínea,Mono_item,Arequipa,null,null,null,null,10:00 - 20:00,En Progreso,Punto de No Retorno,null,CERRO COLORADO
Netcall,1 oct 2026,12,927290643,927290643,9283,Outbound,Portabilidad Postpago,EXPRESS,Logixtal,5022,CERRADAS,Entregado,Entregado,NET_JSANGAMA,SIM,1 oct 2026,1 oct 2026,null,No,CERRADAS,2026-10-02 00:20:14,Multilínea,Mono_item,Arequipa,null,Power ilim 79.90 SD N,null,null,10:00 - 20:00,Cerrado,Resuelto,null,CERRO COLORADO
Netcall,1 oct 2026,12,927291689,9272916898285808803546,9283,Outbound,Portabilidad Postpago,EXPRESS,Logixtal,5022,CERRADAS,Entregado,Entregado,NET_JSANGAMA,SIM,1 oct 2026,1 oct 2026,null,No,CERRADAS,2026-10-02 01:05:16,Multilínea,Mono_item,Arequipa,null,Power ilim 79.90 SD N,Power ilim 79.90 SD N,AmericaMovil,10:00 - 20:00,Cerrado,Resuelto,Desconocido,CERRO COLORADO
Netcall,2 oct 2026,9,927708235,927708235,9283,Outbound,Portabilidad Postpago,RETIRO EN TIENDA,Retiro en tienda,3096,ABIERTAS,Pendiente Entrega,Pendiente Entrega,NET_LCAMPOSCABR,SIM,2 oct 2026,null,null,No,ABIERTAS,null,Monolínea,Mono_item,Ica,null,null,null,null,09:00 - 21:00,En Progreso,En Progreso,null,null
Netcall,1 oct 2026,0,927129893,9271298938284335552041,9283,Outbound,Portabilidad Postpago,RETIRO EN TIENDA,Retiro en tienda,3096,CANCELADAS,Cancelado,Cancelado,NET_SLAZOB,SIM,1 oct 2026,null,null,No,CANCELADAS,2026-10-01 19:17:10,Monolínea,Mono_item,Ica,null,null,Power ilim 79.90 SD N,AmericaMovil,09:00 - 21:00,Cancelado,Rechazado,Desconocido,null
Netcall,1 oct 2026,11,927267477,9272674778285602367662,9283,Outbound,Portabilidad Postpago,RETIRO EN TIENDA,Retiro en tienda,3096,ABIERTAS,Pendiente Entrega,Pendiente Entrega,NET_NRUBIOMARCO,SIM,1 oct 2026,null,null,No,ABIERTAS,null,Monolínea,Mono_item,Ica,null,null,Power ilim 69.90 N,AmericaMovil,09:00 - 21:00,En Progreso,En Progreso,Desconocido,null
Netcall,2 oct 2026,11,927743922,927743922,9283,Outbound,Portabilidad Postpago,EXPRESS,Logixtal,5022,CERRADAS,Entregado,Entregado,NET_WBENITESA,SIM,2 oct 2026,2 oct 2026,null,No,CERRADAS,2026-10-03 01:55:58,Monolínea,Mono_item,Arequipa,null,Power ilim 69.90 N,null,null,10:00 - 20:00,Cerrado,Resuelto,null,CAYMA
Netcall,2 oct 2026,11,927755368,927755368,9283,Outbound,Portabilidad Postpago,EXPRESS,Logixtal,5022,CERRADAS,Entregado,Entregado,NET_VZEGARRAAGU,SIM,2 oct 2026,2 oct 2026,null,No,CERRADAS,2026-10-03 01:57:56,Monolínea,Mono_item,Arequipa,null,Power ilim 69.90 N,null,null,10:00 - 20:00,Cerrado,Resuelto,null,CAYMA
Netcall,2 oct 2026,19,927895443,927895443,9283,Outbound,Portabilidad Postpago,PROGRAMADO,Logixtal,5022,ABIERTAS,Pendiente Entrega,Pendiente Entrega,NET_LNUNEZH,SIM,3 oct 2026,null,null,No,ABIERTAS,null,Monolínea,Mono_item,Arequipa,null,null,null,null,09:00 - 13:00,En Progreso,Punto de No Retorno,null,CAYMA
Netcall,2 oct 2026,13,927789389,927789389,9283,Outbound,Portabilidad Postpago,EXPRESS,Logixtal,5022,CERRADAS,Entregado,Entregado,NET_ANCASTROR,SIM,2 oct 2026,2 oct 2026,null,No,CERRADAS,2026-10-03 03:08:24,Monolínea,Mono_item,Arequipa,null,Power ilim 69.90 N,null,null,10:00 - 20:00,Cerrado,Resuelto,null,CAYMA
Netcall,3 oct 2026,9,928029267,92802926789511710101029524177,9283,Outbound,Portabilidad Postpago,EXPRESS,Logixtal,5022,ABIERTAS,Entregado,Entregado,NET_SLIZARDOPER,SIM,3 oct 2026,null,null,No,ABIERTAS,null,Monolínea,Mono_item,Arequipa,null,null,null,null,10:00 - 20:00,En Progreso,Punto de No Retorno,null,null
Netcall,2 oct 2026,16,927844257,927844257,9271,Outbound,Portabilidad Postpago,EXPRESS,Logixtal,5022,CANCELADAS,Anulado,PIN-PORTA NO LLEGA SMS,NET_CREYESJ,SIM,2 oct 2026,null,null,No,CANCELADAS,2026-10-02 18:11:47,Monolínea,Mono_item,Arequipa,null,null,null,null,10:00 - 20:00,Cancelado,Rechazado,null,CAYMA
Netcall,3 oct 2026,9,928033402,92803340289511710101029524169,9283,Outbound,Portabilidad Postpago,EXPRESS,Logixtal,5022,ABIERTAS,Entregado,Entregado,NET_VSANTISTEBV,SIM,3 oct 2026,null,null,No,ABIERTAS,null,Monolínea,Mono_item,Arequipa,null,null,null,null,10:00 - 20:00,En Progreso,Punto de No Retorno,null,null
Netcall,3 oct 2026,13,928106917,928106917Empty,9283,Outbound,Portabilidad Postpago,EXPRESS,Logixtal,5022,ABIERTAS,Pendiente Entrega,Pendiente de Picking,NET_THUAMANIP,SIM,3 oct 2026,null,null,No,ABIERTAS,null,Monolínea,Mono_item,Arequipa,null,null,null,null,10:00 - 20:00,En Progreso,En Progreso,null,null
Netcall,2 oct 2026,12,927775601,927775601,9301,Outbound,Portabilidad Postpago,EXPRESS,Logixtal,5022,CERRADAS,Entregado,Entregado,NET_FBARTET,SIM,2 oct 2026,2 oct 2026,null,No,CERRADAS,2026-10-03 00:57:36,Monolínea,Mono_item,Arequipa,null,Power ilim 79.90 SD N,null,null,10:00 - 20:00,Cerrado,Resuelto,null,CAYMA
Netcall,2 oct 2026,10,927716141,927716141,9283,Outbound,Portabilidad Postpago,EXPRESS,Logixtal,5022,CERRADAS,Entregado,Entregado,NET_ATISNADOA,SIM,2 oct 2026,2 oct 2026,null,No,CERRADAS,2026-10-03 01:19:38,Monolínea,Mono_item,Arequipa,null,Power ilim 69.90 N,null,null,10:00 - 20:00,Cerrado,Resuelto,null,CAYMA
Netcall,3 oct 2026,9,928032130,92803213089511710101029524136,9283,Outbound,Portabilidad Postpago,EXPRESS,Logixtal,5022,CANCELADAS,Pendiente Entrega,Pendiente de Picking,NET_SBENITESL,SIM,3 oct 2026,null,null,No,CANCELADAS,2026-10-03 11:33:46,Monolínea,Mono_item,Arequipa,null,null,null,null,10:00 - 20:00,Cancelado,Rechazado,null,null
Netcall,2 oct 2026,17,927859982,927859982,9283,Outbound,Portabilidad Postpago,PROGRAMADO,Logixtal,5021,ABIERTAS,Pendiente Entrega,Pendiente Entrega,NET_PHUAMANM,SIM,3 oct 2026,null,null,No,ABIERTAS,null,Multilínea,Mono_item,Piura,null,null,null,null,13:01 - 20:00,En Progreso,Punto de No Retorno,null,CATACAOS
Netcall,3 oct 2026,12,928089473,92808947389511710111068554068,9283,Outbound,Portabilidad Postpago,PROGRAMADO,Logixtal,5021,ABIERTAS,Pendiente Entrega,Pendiente de Picking,NET_STAVARALIVI,SIM,5 oct 2026,null,null,No,ABIERTAS,null,Monolínea,Mono_item,Piura,null,null,null,null,13:01 - 20:00,En Progreso,Punto de No Retorno,null,null
Netcall,2 oct 2026,17,927861263,927861263,9283,Outbound,Portabilidad Postpago,PROGRAMADO,Logixtal,5021,ABIERTAS,Pendiente Entrega,Pendiente Entrega,NET_PHUAMANM,SIM,3 oct 2026,null,null,No,ABIERTAS,null,Multilínea,Mono_item,Piura,null,null,null,null,13:01 - 20:00,En Progreso,Punto de No Retorno,null,CATACAOS
Netcall,2 oct 2026,10,927711912,927711912,9283,Outbound,Portabilidad Postpago,PROGRAMADO,Logixtal,5021,ABIERTAS,Pendiente Entrega,Pendiente Entrega,NET_LHUAPAYAO,SIM,3 oct 2026,null,null,No,ABIERTAS,null,Monolínea,Mono_item,Piura,null,null,null,null,09:00 - 13:00,En Progreso,Punto de No Retorno,null,CATACAOS
Netcall,3 oct 2026,12,928089473,92808947389511710111068554308,9283,Outbound,Portabilidad Postpago,PROGRAMADO,Logixtal,5021,ABIERTAS,Pendiente Entrega,Pendiente de Picking,NET_STAVARALIVI,SIM,5 oct 2026,null,null,No,ABIERTAS,null,Monolínea,Mono_item,Piura,null,null,null,null,13:01 - 20:00,En Progreso,Punto de No Retorno,null,null
Netcall,3 oct 2026,10,928047928,92804792889511710111087100182,9283,Outbound,Portabilidad Postpago,PROGRAMADO,Logixtal,5021,ABIERTAS,Pendiente Entrega,Pendiente de Picking,NET_TVASQUEZANG,SIM,5 oct 2026,null,null,No,ABIERTAS,null,Monolínea,Mono_item,Piura,null,null,null,null,13:01 - 20:00,En Progreso,Punto de No Retorno,null,null
Netcall,3 oct 2026,9,928028342,92802834289511710111068567037,9283,Outbound,Portabilidad Postpago,EXPRESS,Logixtal,5021,ABIERTAS,Entregado,Entregado,NET_TMUNOZCALDE,SIM,3 oct 2026,null,null,No,ABIERTAS,null,Monolínea,Mono_item,Piura,null,null,null,null,10:00 - 20:00,En Progreso,Pago Recibido,null,null
Netcall,1 oct 2026,15,927347838,9273478388286355801477,9283,Outbound,Portabilidad Postpago,PROGRAMADO,Logixtal,5021,ABIERTAS,Pendiente Entrega,Pendiente Entrega,NET_FLABANM,SIM,3 oct 2026,null,null,No,ABIERTAS,null,Monolínea,Mono_item,Piura,null,null,Power ilim 69.90 N,Viettel Peru,09:00 - 13:00,En Progreso,Punto de No Retorno,Desconocido,CASTILLA
Netcall,1 oct 2026,10,927257695,9272576958285521006964,9283,Outbound,Portabilidad Postpago,EXPRESS,Logixtal,5021,CERRADAS,Entregado,Entregado,NET_MFERRER,SIM,1 oct 2026,2 oct 2026,null,No,CERRADAS,2026-10-03 00:57:49,Monolínea,Mono_item,Piura,null,Power ilim 69.90 N,Power ilim 69.90 N,AmericaMovil,10:00 - 20:00,Cerrado,Resuelto,Desconocido,CASTILLA
Netcall,3 oct 2026,13,928111277,92811127789511710111087105876,9283,Outbound,Portabilidad Postpago,EXPRESS,Logixtal,5021,ABIERTAS,Entregado,Entregado,NET_BAYALAR,SIM,3 oct 2026,null,null,No,ABIERTAS,null,Monolínea,Mono_item,Piura,null,null,null,null,10:00 - 20:00,En Progreso,Punto de No Retorno,null,null
Netcall,2 oct 2026,12,927766203,927766203,9283,Outbound,Portabilidad Postpago,EXPRESS,Logixtal,5021,ABIERTAS,Pendiente Entrega,Pendiente Entrega,TLV_NET_GANACLE,SIM,2 oct 2026,null,null,No,ABIERTAS,null,Monolínea,Mono_item,Piura,null,null,null,null,10:00 - 20:00,En Progreso,Punto de No Retorno,null,CASTILLA
Netcall,2 oct 2026,9,927707086,927707086,9283,Outbound,Portabilidad Postpago,EXPRESS,Logixtal,5021,CERRADAS,Entregado,Entregado,NET_LFLORESY,SIM,2 oct 2026,2 oct 2026,null,No,CERRADAS,2026-10-03 03:33:17,Monolínea,Mono_item,Piura,null,Power ilim 69.90 N,null,null,10:00 - 20:00,Cerrado,Resuelto,null,CASTILLA
Netcall,1 oct 2026,11,927281349,927281349,9283,Outbound,Portabilidad Postpago,EXPRESS,Logixtal,5021,CERRADAS,Entregado,Entregado,NET_YRAYMUNDOTA,SIM,1 oct 2026,1 oct 2026,null,No,CERRADAS,2026-10-02 00:04:42,Monolínea,Mono_item,Piura,null,Power ilim 69.90 N,null,null,10:00 - 20:00,Cerrado,Resuelto,null,CASTILLA
Netcall,2 oct 2026,13,927784680,927784680,9283,Outbound,Portabilidad Postpago,EXPRESS,Logixtal,5021,CERRADAS,Entregado,Entregado,TLV_NET_BCHAVEZ,SIM,2 oct 2026,2 oct 2026,null,No,CERRADAS,2026-10-03 00:16:23,Monolínea,Mono_item,Piura,null,Power ilim 69.90 N,null,null,10:00 - 20:00,Cerrado,Resuelto,null,CASTILLA
Netcall,2 oct 2026,16,927845505,927845505,9283,Outbound,Portabilidad Postpago,EXPRESS,Logixtal,5021,CERRADAS,Entregado,Entregado,NET_KCHAVEZF,SIM,2 oct 2026,2 oct 2026,null,No,CERRADAS,2026-10-03 01:55:22,Monolínea,Mono_item,Piura,null,Power ilim 69.90 N,null,null,10:00 - 20:00,Cerrado,Resuelto,null,CASTILLA
Netcall,1 oct 2026,9,927234115,927234115,9283,Outbound,Portabilidad Postpago,EXPRESS,Logixtal,5021,CERRADAS,Entregado,Entregado,NET_MGONZALESPE,SIM,1 oct 2026,1 oct 2026,null,No,CERRADAS,2026-10-02 00:15:50,Monolínea,Mono_item,Piura,null,Power ilim 69.90 N,null,null,10:00 - 20:00,Cerrado,Resuelto,null,CASTILLA
Netcall,3 oct 2026,10,928050005,92805000589511710111087100505,9283,Outbound,Portabilidad Postpago,EXPRESS,Logixtal,5021,ABIERTAS,Entregado,Entregado,NET_GSANTOSC,SIM,3 oct 2026,null,null,No,ABIERTAS,null,Multilínea,Mono_item,Piura,null,null,null,null,10:00 - 20:00,En Progreso,Punto de No Retorno,null,null
Netcall,3 oct 2026,10,928048517,92804851789511710111087100513,9283,Outbound,Venta Regular / Alta,EXPRESS,Logixtal,5021,CERRADAS,Entregado,Entregado,NET_GSANTOSC,SIM,3 oct 2026,3 oct 2026,null,No,CERRADAS,2026-10-03 12:58:24,Multilínea,Mono_item,Piura,null,Power ilim 69.90 N,null,null,10:00 - 20:00,En Progreso,Resuelto,null,null
Netcall,3 oct 2026,12,928098289,92809828989511710111070530684,9283,Outbound,Portabilidad Postpago,PROGRAMADO,Logixtal,5021,ABIERTAS,Pendiente Entrega,Pendiente de Picking,TLV_NET_MFARFAN,SIM,5 oct 2026,null,null,No,ABIERTAS,null,Monolínea,Mono_item,Piura,null,null,null,null,09:00 - 13:00,En Progreso,Punto de No Retorno,null,null
Netcall,1 oct 2026,16,927365428,9273654288286530534445,9283,Outbound,Portabilidad Postpago,EXPRESS,Logixtal,5021,CERRADAS,Entregado,Entregado,NET_JGUIOP,SIM,1 oct 2026,1 oct 2026,null,No,CERRADAS,2026-10-02 01:21:46,Monolínea,Mono_item,Piura,null,Power ilim 79.90 SD N,Power ilim 79.90 SD N,TELEFONICAPE,10:00 - 20:00,Cerrado,Resuelto,Desconocido,CASTILLA
Netcall,3 oct 2026,9,928033265,92803326589511710111087100943,9271,Outbound,Portabilidad Postpago,EXPRESS,Logixtal,5021,ABIERTAS,Entregado,Entregado,NET_SCOVENASC,SIM,3 oct 2026,null,null,No,ABIERTAS,null,Monolínea,Mono_item,Piura,null,null,null,null,10:00 - 20:00,En Progreso,Punto de No Retorno,null,null
Netcall,1 oct 2026,10,927251430,9272514308285465358688,9283,Outbound,Portabilidad Postpago,PROGRAMADO,Logixtal,9344,ABIERTAS,Pendiente Entrega,Pendiente Entrega,NET_RCASTANEDAR,SIM,5 oct 2026,null,null,No,ABIERTAS,null,Multilínea,Mono_item,Ancash,null,null,Power ilim 79.90 SD N,TELEFONICAPE,09:00 - 19:00,En Progreso,En Progreso,Desconocido,CASMA
Netcall,1 oct 2026,9,927236219,9272362198285346738414,9283,Outbound,Portabilidad Postpago,PROGRAMADO,Logixtal,5023,ABIERTAS,Pendiente Entrega,Pendiente Entrega,NET_ANCASTROR,SIM,6 oct 2026,null,null,No,ABIERTAS,null,Monolínea,Mono_item,La Libertad,null,null,Power ilim 69.90 N,AmericaMovil,09:00 - 19:00,En Progreso,Punto de No Retorno,Desconocido,CASA GRANDE
Netcall,3 oct 2026,13,928115253,92811525389511710111087131898,9283,Outbound,Portabilidad Postpago,PROGRAMADO,Logixtal,5023,ABIERTAS,Pendiente Entrega,Pendiente de Picking,NET_TVASQUEZANG,SIM,6 oct 2026,null,null,No,ABIERTAS,null,Monolínea,Mono_item,La Libertad,null,null,null,null,09:00 - 19:00,En Progreso,Punto de No Retorno,null,null
Netcall,2 oct 2026,12,927764939,927764939,9283,Outbound,Portabilidad Postpago,EXPRESS,Logixtal,9001,CERRADAS,Entregado,Entregado,NET_SBENITOV,SIM,2 oct 2026,2 oct 2026,null,No,CERRADAS,2026-10-03 00:11:41,Monolínea,Mono_item,Lima - Callao,null,Power ilim 69.90 N,null,null,10:00 - 22:00,Cerrado,Resuelto,null,CARMEN DE LA LEGUA-REYNOSO
Netcall,2 oct 2026,5,927619615,927619615,9283,Outbound,Portabilidad Postpago,EXPRESS,Logixtal,9001,ABIERTAS,Pendiente Entrega,Pendiente Entrega,NET_LFLORESY,SIM,2 oct 2026,null,null,No,ABIERTAS,null,Multilínea,Mono_item,Lima - Callao,null,null,null,null,10:00 - 22:00,En Progreso,Punto de No Retorno,null,CARMEN DE LA LEGUA-REYNOSO
Netcall,1 oct 2026,11,927287169,9272871698285783311715,9271,Outbound,Portabilidad Postpago,EXPRESS,Logixtal,9001,CERRADAS,Entregado,Entregado,NET_JAREVALOC,SIM,1 oct 2026,1 oct 2026,null,No,CERRADAS,2026-10-02 01:32:17,Monolínea,Mono_item,Lima - Callao,null,Power ilim 69.90 N,Power ilim 69.90 N,AmericaMovil,10:00 - 22:00,Cerrado,Resuelto,Desconocido,CARMEN DE LA LEGUA-REYNOSO
Netcall,1 oct 2026,12,927303075,927303075,9283,Outbound,Portabilidad Postpago,EXPRESS,Logixtal,9001,CERRADAS,Entregado,Entregado,NET_PYGARCIAG,SIM,1 oct 2026,1 oct 2026,null,No,CERRADAS,2026-10-02 00:34:58,Monolínea,Mono_item,Lima - Callao,null,Power ilim 69.90 N,null,null,10:00 - 22:00,Cerrado,Resuelto,null,CARMEN DE LA LEGUA-REYNOSO
Netcall,2 oct 2026,5,927620117,927620117,9283,Outbound,Venta Regular / Alta,EXPRESS,Logixtal,9001,ABIERTAS,Pendiente Entrega,Pendiente Entrega,NET_LFLORESY,SIM,2 oct 2026,null,null,No,ABIERTAS,null,Multilínea,Mono_item,Lima - Callao,null,null,null,null,10:00 - 22:00,En Progreso,Punto de No Retorno,null,CARMEN DE LA LEGUA-REYNOSO
Netcall,2 oct 2026,9,927695838,927695838,9271,Outbound,Portabilidad Postpago,EXPRESS,Logixtal,9001,CERRADAS,Entregado,Entregado,NET_FRIVERAO,SIM,2 oct 2026,2 oct 2026,null,No,CERRADAS,2026-10-03 01:38:11,Monolínea,Mono_item,Lima - Callao,null,Power ilim 79.90 SD N,null,null,10:00 - 22:00,Cerrado,Resuelto,null,CARABAYLLO
Netcall,3 oct 2026,12,928084130,92808413089511710111087047607,9271,Outbound,Venta Regular / Alta,EXPRESS,Logixtal,9001,ABIERTAS,Entregado,Entregado,NET_KANGELESS,SIM,3 oct 2026,null,null,No,ABIERTAS,null,Multilínea,Mono_item,Lima - Callao,null,null,null,null,10:00 - 22:00,En Progreso,Punto de No Retorno,null,null
Netcall,1 oct 2026,19,927421867,9274218678287076310362,9283,Outbound,Venta Regular / Alta,PROGRAMADO,Logixtal,9001,CERRADAS,Entregado,Entregado,NET_GMENDIGUETE,SIM,2 oct 2026,2 oct 2026,null,No,CERRADAS,2026-10-02 15:54:41,Multilínea,Mono_item,Lima - Callao,null,Power ilim 79.90 SD N,Power ilim 79.90 SD N,Desconocido,08:00 - 13:00,Cerrado,Resuelto,Desconocido,CARABAYLLO
Netcall,3 oct 2026,11,928070816,92807081689511710111087047623,9283,Outbound,Portabilidad Postpago,EXPRESS,Logixtal,9001,ABIERTAS,Entregado,Entregado,NET_VJAUREGUIM,SIM,3 oct 2026,null,null,No,ABIERTAS,null,Monolínea,Mono_item,Lima - Callao,null,null,null,null,10:00 - 22:00,En Progreso,Pago Recibido,null,null
Netcall,3 oct 2026,9,928035763,92803576389511710101081415033,9283,Outbound,Portabilidad Postpago,EXPRESS,Logixtal,9001,ABIERTAS,Entregado,Entregado,NET_VMEJIAC,SIM,3 oct 2026,null,null,No,ABIERTAS,null,Monolínea,Mono_item,Lima - Callao,null,null,null,null,10:00 - 22:00,En Progreso,Pago Recibido,null,null
Netcall,2 oct 2026,19,927893685,927893685,9271,Outbound,Portabilidad Postpago,PROGRAMADO,Logixtal,9001,ABIERTAS,Pendiente Entrega,Pendiente Entrega,NET_FCASTILLOG,SIM,3 oct 2026,null,null,No,ABIERTAS,null,Monolínea,Mono_item,Lima - Callao,null,null,null,null,08:00 - 13:00,En Progreso,Punto de No Retorno,null,CARABAYLLO
Netcall,2 oct 2026,16,927831409,927831409,9259,Outbound,Portabilidad Postpago,EXPRESS,Logixtal,9001,CERRADAS,Entregado,Entregado,TLV_NET_MRONCAL,SIM,2 oct 2026,2 oct 2026,null,No,CERRADAS,2026-10-03 01:39:15,Monolínea,Mono_item,Lima - Callao,null,Power ilim 69.90 N,null,null,10:00 - 22:00,Cerrado,Resuelto,null,CARABAYLLO
Netcall,1 oct 2026,10,927249102,927249102,9283,Outbound,Portabilidad Postpago,EXPRESS,Logixtal,9001,CERRADAS,Entregado,Entregado,NET_TBECERRAC,SIM,1 oct 2026,1 oct 2026,null,No,CERRADAS,2026-10-02 00:19:08,Monolínea,Mono_item,Lima - Callao,null,Power ilim 69.90 N,null,null,10:00 - 22:00,Cerrado,Resuelto,null,CARABAYLLO
Netcall,3 oct 2026,12,928086204,92808620489511710111087047524,9283,Outbound,Venta Regular / Alta,EXPRESS,Logixtal,9001,ABIERTAS,Pendiente Entrega,Pendiente de Picking,NET_SDIAZO,SIM,3 oct 2026,null,null,No,ABIERTAS,null,Monolínea,Mono_item,Lima - Callao,null,null,null,null,10:00 - 22:00,En Progreso,Punto de No Retorno,null,null
Netcall,1 oct 2026,17,927385519,9273855198286731776215,9283,Outbound,Portabilidad Postpago,EXPRESS,Logixtal,9001,ABIERTAS,Pendiente Entrega,Pendiente Entrega,NET_LMALCAM,SIM,1 oct 2026,null,null,No,ABIERTAS,null,Monolínea,Mono_item,Lima - Callao,null,null,Power ilim 69.90 N,Viettel Peru,08:00 - 20:00,En Progreso,Punto de No Retorno,Desconocido,CARABAYLLO
Netcall,3 oct 2026,12,928102240,928102240Empty,9283,Outbound,Portabilidad Postpago,EXPRESS,Logixtal,9001,ABIERTAS,Pendiente Entrega,Pendiente de Picking,NET_GDELGADO,SIM,3 oct 2026,null,null,No,ABIERTAS,null,Monolínea,Mono_item,Lima - Callao,null,null,null,null,10:00 - 22:00,En Progreso,En Progreso,null,null
Netcall,2 oct 2026,8,927676102,927676102,9283,Outbound,Portabilidad Postpago,EXPRESS,Logixtal,9001,CERRADAS,Entregado,Entregado,NET_KROJASNAUPA,SIM,2 oct 2026,2 oct 2026,null,No,CERRADAS,2026-10-03 01:43:17,Multilínea,Mono_item,Lima - Callao,null,Power ilim 79.90 SD N,null,null,10:00 - 22:00,Cerrado,Resuelto,null,CARABAYLLO
Netcall,2 oct 2026,11,927751204,927751204,9283,Outbound,Portabilidad Postpago,EXPRESS,Logixtal,9001,CERRADAS,Entregado,Entregado,NET_GVELASQUEZA,SIM,2 oct 2026,2 oct 2026,null,No,CERRADAS,2026-10-03 00:16:42,Monolínea,Mono_item,Lima - Callao,null,Power ilim 69.90 N,null,null,10:00 - 22:00,Cerrado,Resuelto,null,CARABAYLLO
Netcall,2 oct 2026,16,927835169,927835169,9283,Outbound,Portabilidad Postpago,EXPRESS,Logixtal,9001,CANCELADAS,Anulado,PIN PORTA_NO VALIDO,NET_JSANCHEZC,SIM,2 oct 2026,null,null,No,CANCELADAS,2026-10-02 17:07:17,Monolínea,Mono_item,Lima - Callao,null,null,null,null,10:00 - 22:00,Cancelado,Pedido Cancelación,null,CARABAYLLO
Netcall,2 oct 2026,11,927740164,927740164,9283,Outbound,Portabilidad Postpago,EXPRESS,Logixtal,9001,CERRADAS,Entregado,Entregado,NET_YMILLA,SIM,2 oct 2026,2 oct 2026,null,No,CERRADAS,2026-10-03 00:38:58,Monolínea,Mono_item,Lima - Callao,null,Power ilim 69.90 N,null,null,10:00 - 22:00,Cerrado,Resuelto,null,CARABAYLLO
Netcall,1 oct 2026,13,927316443,9273164438286053162521,9283,Outbound,Portabilidad Postpago,EXPRESS,Logixtal,9001,CERRADAS,Entregado,Entregado,NET_SRUIZS,SIM,1 oct 2026,1 oct 2026,null,No,CERRADAS,2026-10-02 01:11:02,Monolínea,Mono_item,Lima - Callao,null,Power ilim 69.90 N,Power ilim 69.90 N,Viettel Peru,10:00 - 22:00,Cerrado,Resuelto,Desconocido,CARABAYLLO
Netcall,2 oct 2026,10,927725565,927725565,9283,Outbound,Portabilidad Postpago,EXPRESS,Logixtal,9001,CERRADAS,Entregado,Entregado,NET_KROJASNAUPA,SIM,2 oct 2026,2 oct 2026,null,No,CERRADAS,2026-10-03 02:03:11,Multilínea,Mono_item,Lima - Callao,null,Power ilim 79.90 SD N,null,null,10:00 - 22:00,Cerrado,Resuelto,null,CARABAYLLO
Netcall,2 oct 2026,11,927738357,927738357,9283,Outbound,Venta Regular / Alta,EXPRESS,Logixtal,9001,CERRADAS,Entregado,Entregado,NET_GMENDIGUETE,SIM,2 oct 2026,2 oct 2026,null,No,CERRADAS,2026-10-02 12:54:08,Multilínea,Mono_item,Lima - Callao,null,Power ilim 79.90 SD N,null,null,10:00 - 22:00,Cerrado,Resuelto,null,CARABAYLLO
Netcall,1 oct 2026,8,927207647,927207647,9283,Outbound,Portabilidad Postpago,EXPRESS,Logixtal,9001,CERRADAS,Entregado,Entregado,NET_JLUCIANOT,SIM,1 oct 2026,1 oct 2026,null,No,CERRADAS,2026-10-02 00:36:20,Monolínea,Mono_item,Lima - Callao,null,Power ilim 79.90 SD N,null,null,10:00 - 22:00,Cerrado,Resuelto,null,CARABAYLLO
Netcall,2 oct 2026,18,927881115,927881115,9283,Outbound,Portabilidad Postpago,EXPRESS,Logixtal,9001,ABIERTAS,Pendiente Entrega,Pendiente Entrega,NET_GDELGADO,SIM,2 oct 2026,null,null,No,ABIERTAS,null,Monolínea,Mono_item,Lima - Callao,null,null,null,null,10:00 - 22:00,En Progreso,Punto de No Retorno,null,CARABAYLLO
Netcall,2 oct 2026,17,927842880,927842880,9283,Outbound,Portabilidad Postpago,PROGRAMADO,Logixtal,9001,ABIERTAS,No bop,No bop,NET_TGTORRESM,SIM,4 oct 2026,null,null,No,ABIERTAS,null,Monolínea,Mono_item,Lima - Callao,null,null,null,null,08:00 - 22:00,En Progreso,En Progreso,null,CARABAYLLO
Netcall,2 oct 2026,8,927673397,927673397,9283,Outbound,Portabilidad Postpago,EXPRESS,Logixtal,9001,CANCELADAS,Anulado,PIN-PORTA NO LLEGA SMS,NET_KROJASNAUPA,SIM,2 oct 2026,null,null,No,CANCELADAS,2026-10-02 09:37:45,Multilínea,Mono_item,Lima - Callao,null,null,null,null,10:00 - 22:00,Cancelado,Rechazado,null,CARABAYLLO
Netcall,2 oct 2026,8,927681381,927681381,9283,Outbound,Portabilidad Postpago,EXPRESS,Logixtal,9001,CERRADAS,Entregado,Entregado,NET_KROJASNAUPA,SIM,2 oct 2026,2 oct 2026,null,No,CERRADAS,2026-10-03 01:59:40,Multilínea,Mono_item,Lima - Callao,null,Power ilim 79.90 SD N,null,null,10:00 - 22:00,Cerrado,Resuelto,null,CARABAYLLO
Netcall,1 oct 2026,14,927333110,927333110,9283,Outbound,Portabilidad Postpago,EXPRESS,Logixtal,9001,CERRADAS,Entregado,Entregado,NET_GZUNIGAO,SIM,1 oct 2026,1 oct 2026,null,No,CERRADAS,2026-10-02 00:32:44,Multilínea,Mono_item,Lima - Callao,null,Power ilim 79.90 SD N,null,null,10:00 - 22:00,Cerrado,Resuelto,null,CARABAYLLO
Netcall,2 oct 2026,9,927699846,927699846,9283,Outbound,Portabilidad Postpago,EXPRESS,Logixtal,9001,CERRADAS,Entregado,Entregado,NET_GHERRERAG,SIM,2 oct 2026,2 oct 2026,null,No,CERRADAS,2026-10-03 00:37:00,Monolínea,Mono_item,Lima - Callao,null,Power ilim 69.90 N,null,null,10:00 - 22:00,Cerrado,Resuelto,null,CARABAYLLO
Netcall,1 oct 2026,8,927211661,927211661,9283,Outbound,Portabilidad Postpago,EXPRESS,Logixtal,9001,CERRADAS,Entregado,Entregado,TLV_NET_BCHAVEZ,SIM,1 oct 2026,1 oct 2026,null,No,CERRADAS,2026-10-02 00:26:48,Monolínea,Mono_item,Lima - Callao,null,Power ilim 69.90 N,null,null,10:00 - 22:00,Cerrado,Resuelto,null,CARABAYLLO
Netcall,3 oct 2026,12,928090247,92809024789511710111087047599,9283,Outbound,Portabilidad Postpago,EXPRESS,Logixtal,9001,ABIERTAS,Entregado,Entregado,NET_GMENDIGUETE,SIM,3 oct 2026,null,null,No,ABIERTAS,null,Monolínea,Mono_item,Lima - Callao,null,null,null,null,10:00 - 22:00,En Progreso,Punto de No Retorno,null,null
Netcall,1 oct 2026,16,927375013,927375013,9283,Outbound,Portabilidad Postpago,EXPRESS,Logixtal,9001,CERRADAS,Entregado,Entregado,NET_NCANCHOP,SIM,1 oct 2026,1 oct 2026,null,No,CERRADAS,2026-10-02 00:36:47,Monolínea,Mono_item,Lima - Callao,null,Power ilim 79.90 SD N,null,null,10:00 - 22:00,Cerrado,Resuelto,null,CARABAYLLO
Netcall,3 oct 2026,11,928067739,92806773989511710101081049758,9283,Outbound,Portabilidad Postpago,EXPRESS,Logixtal,9001,ABIERTAS,Entregado,Entregado,NET_MCHAVEZV,SIM,3 oct 2026,null,null,No,ABIERTAS,null,Monolínea,Mono_item,Lima - Callao,null,null,null,null,10:00 - 22:00,En Progreso,Punto de No Retorno,null,null
Netcall,3 oct 2026,11,928074622,92807462289511710101081019991,9283,Outbound,Portabilidad Postpago,EXPRESS,Logixtal,9001,ABIERTAS,Entregado,Entregado,NET_KCHUNAP,SIM,3 oct 2026,null,null,No,ABIERTAS,null,Monolínea,Mono_item,Lima - Callao,null,null,null,null,10:00 - 22:00,En Progreso,Punto de No Retorno,null,null
Netcall,1 oct 2026,14,927336355,9273363558286241770312,9283,Outbound,Portabilidad Postpago,EXPRESS,Logixtal,9001,CERRADAS,Entregado,Entregado,NET_GHERRERAG,SIM,1 oct 2026,1 oct 2026,null,No,CERRADAS,2026-10-02 01:56:35,Monolínea,Mono_item,Lima - Callao,null,Power ilim 69.90 N,Power ilim 69.90 N,AmericaMovil,10:00 - 22:00,Cerrado,Resuelto,Desconocido,CARABAYLLO
Netcall,1 oct 2026,16,927368481,9273684818286554030823,9283,Outbound,Portabilidad Postpago,EXPRESS,Logixtal,9001,ABIERTAS,Pendiente Entrega,Pendiente Entrega,NET_MPHERNANDEH,SIM,1 oct 2026,null,null,No,ABIERTAS,null,Monolínea,Mono_item,Lima - Callao,null,null,Power ilim 69.90 N,Viettel Peru,08:00 - 20:00,En Progreso,Punto de No Retorno,Desconocido,CARABAYLLO
Netcall,2 oct 2026,17,927862932,927862932,9283,Outbound,Portabilidad Postpago,EXPRESS,Logixtal,9001,ABIERTAS,Pendiente Entrega,Pendiente Entrega,NET_KROJASNAUPA,SIM,2 oct 2026,null,null,No,ABIERTAS,null,Monolínea,Mono_item,Lima - Callao,null,null,null,null,08:00 - 20:00,En Progreso,Punto de No Retorno,null,CARABAYLLO
Netcall,3 oct 2026,12,928089099,92808909989511710111087047581,9283,Outbound,Portabilidad Postpago,EXPRESS,Logixtal,9001,ABIERTAS,Entregado,Entregado,NET_CMDELACRUZV,SIM,3 oct 2026,null,null,No,ABIERTAS,null,Monolínea,Mono_item,Lima - Callao,null,null,null,null,10:00 - 22:00,En Progreso,Punto de No Retorno,null,null
Netcall,1 oct 2026,14,927327948,9273279488286163954426,9283,Outbound,Portabilidad Postpago,EXPRESS,Logixtal,9001,CERRADAS,Entregado,Entregado,NET_SCAVEROC,SIM,1 oct 2026,2 oct 2026,null,No,CERRADAS,2026-10-03 00:45:13,Monolínea,Mono_item,Lima - Callao,null,Power ilim 69.90 N,Power ilim 69.90 N,TELEFONICAPE,08:00 - 20:00,Cerrado,Resuelto,Desconocido,CARABAYLLO
Netcall,2 oct 2026,11,927737090,927737090,9283,Outbound,Portabilidad Postpago,EXPRESS,Logixtal,9001,CERRADAS,Entregado,Entregado,NET_GMENDIGUETE,SIM,2 oct 2026,2 oct 2026,null,No,CERRADAS,2026-10-03 00:13:00,Multilínea,Mono_item,Lima - Callao,null,Power ilim 79.90 SD N,null,null,10:00 - 22:00,Cerrado,Resuelto,null,CARABAYLLO
Netcall,3 oct 2026,12,928085799,92808579989511710111087047573,9271,Outbound,Portabilidad Postpago,EXPRESS,Logixtal,9001,ABIERTAS,Entregado,Entregado,NET_KANGELESS,SIM,3 oct 2026,null,null,No,ABIERTAS,null,Multilínea,Mono_item,Lima - Callao,null,null,null,null,10:00 - 22:00,En Progreso,Punto de No Retorno,null,null
Netcall,2 oct 2026,14,927808494,927808494,9283,Outbound,Portabilidad Postpago,EXPRESS,Logixtal,9001,CERRADAS,Entregado,Entregado,NET_LROSALESA,SIM,2 oct 2026,2 oct 2026,null,No,CERRADAS,2026-10-03 01:28:30,Monolínea,Mono_item,Lima - Callao,null,Power ilim 69.90 N,null,null,10:00 - 22:00,Cerrado,Resuelto,null,CARABAYLLO
Netcall,1 oct 2026,17,927392318,9273923188286796027415,9283,Outbound,Portabilidad Postpago,EXPRESS,Logixtal,9001,CERRADAS,Entregado,Entregado,NET_GMENDIGUETE,SIM,1 oct 2026,1 oct 2026,null,No,CERRADAS,2026-10-02 01:57:21,Multilínea,Mono_item,Lima - Callao,null,Power ilim 79.90 SD N,Power ilim 79.90 SD N,AmericaMovil,10:00 - 22:00,Cerrado,Resuelto,Desconocido,CARABAYLLO
Netcall,1 oct 2026,17,927393226,9273932268286803474841,9283,Outbound,Portabilidad Postpago,EXPRESS,Logixtal,9001,CANCELADAS,Anulado,PIN PORTA_NO VALIDO,NET_GMENDIGUETE,SIM,1 oct 2026,null,null,No,CANCELADAS,2026-10-01 18:35:20,Multilínea,Mono_item,Lima - Callao,null,null,Power ilim 79.90 SD N,Viettel Peru,10:00 - 22:00,Cancelado,Pedido Cancelación,Portabilidad Rechazada. REC01PRT10: El número telefónico no se ha portado previamente y no estuvo en servicio por lo menos 30 días calendario en la red del Concesionario Cedente | portabilityOperDateActive=2026-09-30,CARABAYLLO
Netcall,1 oct 2026,10,927260080,9272600808285540573633,9283,Outbound,Portabilidad Postpago,EXPRESS,Logixtal,9001,CANCELADAS,Anulado,CLIENTE DESISTE - CONTRAOFERTA,TLV_NET_MMURGAF,SIM,1 oct 2026,null,null,No,CANCELADAS,2026-10-01 12:07:28,Multilínea,Mono_item,Lima - Callao,null,null,Power ilim 69.90 N,TELEFONICAPE,10:00 - 22:00,Cancelado,Rechazado,Desconocido,CARABAYLLO
Netcall,2 oct 2026,10,927718229,927718229,9283,Outbound,Portabilidad Postpago,PROGRAMADO,Logixtal,9001,ABIERTAS,No bop,No bop,NET_ETORRE,SIM,4 oct 2026,null,null,No,ABIERTAS,null,Monolínea,Mono_item,Lima - Callao,null,null,null,null,08:00 - 22:00,En Progreso,En Progreso,null,CARABAYLLO
Netcall,1 oct 2026,14,927331770,927331770,9283,Outbound,Portabilidad Postpago,EXPRESS,Logixtal,9001,CERRADAS,Entregado,Entregado,NET_GZUNIGAO,SIM,1 oct 2026,1 oct 2026,null,No,CERRADAS,2026-10-02 00:37:19,Multilínea,Mono_item,Lima - Callao,null,Power ilim 79.90 SD N,null,null,10:00 - 22:00,Cerrado,Resuelto,null,CARABAYLLO
Netcall,1 oct 2026,14,927338802,9273388028286262068718,9283,Outbound,Portabilidad Postpago,EXPRESS,Logixtal,9001,CERRADAS,Entregado,Entregado,NET_DREVILLAN,SIM,1 oct 2026,1 oct 2026,null,No,CERRADAS,2026-10-02 01:44:51,Monolínea,Mono_item,Lima - Callao,null,Power ilim 69.90 N,Power ilim 69.90 N,TELEFONICAPE,10:00 - 22:00,Cerrado,Resuelto,Desconocido,CARABAYLLO
Netcall,1 oct 2026,10,927254757,9272547578285492982688,9283,Outbound,Portabilidad Postpago,EXPRESS,Logixtal,5022,CERRADAS,Entregado,Entregado,NET_SBENITESL,SIM,1 oct 2026,1 oct 2026,null,No,CERRADAS,2026-10-02 02:03:59,Multilínea,Mono_item,Arequipa,null,Power ilim 79.90 SD N,Power ilim 79.90 SD N,AmericaMovil,10:00 - 20:00,Cerrado,Resuelto,Desconocido,CAMANA
Netcall,1 oct 2026,10,927255931,9272559318285504741746,9283,Outbound,Venta Regular / Alta,EXPRESS,Logixtal,5022,CERRADAS,Entregado,Entregado,NET_SBENITESL,SIM,1 oct 2026,1 oct 2026,01/10/2026,Sí,CERRADAS,2026-10-01 13:30:33,Multilínea,Mono_item,Arequipa,39.95,Power ilim 79.90 SD N,Power ilim 79.90 SD N,Desconocido,10:00 - 20:00,Cerrado,Resuelto,Desconocido,CAMANA
Netcall,1 oct 2026,12,927291780,927291780,9283,Outbound,Portabilidad Postpago,EXPRESS,Logixtal,9349,CERRADAS,Entregado,Entregado,NET_ECHEROS,SIM,1 oct 2026,1 oct 2026,null,No,CERRADAS,2026-10-02 00:24:57,Monolínea,Mono_item,Ucayali,null,Power ilim 69.90 N,null,null,10:00 - 20:00,Cerrado,Resuelto,null,CALLERIA
Netcall,3 oct 2026,9,928030035,928030035Empty,9283,Outbound,Portabilidad Postpago,PROGRAMADO,Retiro en tienda,9349,ABIERTAS,Pendiente Entrega,Pendiente Entrega,NET_LMUSAYONS,SIM,5 oct 2026,null,null,No,ABIERTAS,null,Monolínea,Mono_item,Ucayali,null,null,null,null,09:00 - 13:00,En Progreso,En Progreso,null,null
Netcall,1 oct 2026,11,927275178,927275178,9283,Outbound,Portabilidad Postpago,EXPRESS,Logixtal,9349,CERRADAS,Entregado,Entregado,NET_CPINELLAC,SIM,1 oct 2026,1 oct 2026,null,No,CERRADAS,2026-10-02 00:38:56,Monolínea,Mono_item,Ucayali,null,Power ilim 79.90 SD N,null,null,10:00 - 20:00,Cerrado,Resuelto,null,CALLERIA
Netcall,3 oct 2026,13,928120504,928120504Empty,9283,Outbound,Portabilidad Postpago,EXPRESS,Retiro en tienda,9349,ABIERTAS,Pendiente Entrega,Pendiente Entrega,NET_GDIAZS,SIM,3 oct 2026,null,null,No,ABIERTAS,null,Monolínea,Mono_item,Ucayali,null,null,null,null,10:00 - 20:00,null,null,null,null
Netcall,2 oct 2026,10,927712629,927712629,9283,Outbound,Portabilidad Postpago,PROGRAMADO,Logixtal,9349,ABIERTAS,Pendiente Entrega,Pendiente Entrega,NET_SDIAZO,SIM,3 oct 2026,null,null,No,ABIERTAS,null,Monolínea,Mono_item,Ucayali,null,null,null,null,13:01 - 19:00,En Progreso,En Progreso,null,CALLERIA
Netcall,3 oct 2026,11,928074807,92807480789511710101030235938,9283,Outbound,Portabilidad Postpago,EXPRESS,Retiro en tienda,9349,ABIERTAS,Entregado,Entregado,NET_SPEREZM,SIM,3 oct 2026,null,null,No,ABIERTAS,null,Monolínea,Mono_item,Ucayali,null,null,null,null,10:00 - 20:00,En Progreso,Punto de No Retorno,null,null
Netcall,3 oct 2026,10,928046933,92804693389511710101030243338,9283,Outbound,Portabilidad Postpago,EXPRESS,Retiro en tienda,9349,CANCELADAS,Cancelado,Cancelado,NET_MSILVAP,SIM,3 oct 2026,null,null,No,CANCELADAS,2026-10-03 13:11:46,Monolínea,Mono_item,Ucayali,null,null,null,null,10:00 - 20:00,En Progreso,Rechazado,null,null
Netcall,3 oct 2026,12,928099146,928099146Empty,9283,Outbound,Venta Regular / Alta,EXPRESS,Retiro en tienda,9349,ABIERTAS,Pendiente Entrega,Pendiente Entrega,NET_PCHAVESTAY,SIM,3 oct 2026,null,null,No,ABIERTAS,null,Monolínea,Mono_item,Ucayali,null,null,null,null,10:00 - 20:00,En Progreso,En Progreso,null,null
Netcall,1 oct 2026,14,927328743,9273287438286167985124,9283,Outbound,Venta Regular / Alta,EXPRESS,Logixtal,9349,ABIERTAS,Pendiente Entrega,Pendiente Entrega,NET_JLUCIANOT,SIM,1 oct 2026,null,null,No,ABIERTAS,null,Monolínea,Mono_item,Ucayali,null,null,Power 39.90 N,Desconocido,10:00 - 20:00,En Progreso,Punto de No Retorno,Desconocido,CALLERIA
Netcall,2 oct 2026,10,927726014,927726014,9283,Outbound,Portabilidad Postpago,PROGRAMADO,Logixtal,9349,ABIERTAS,Pendiente Entrega,Pendiente Entrega,NET_GHERRERAG,SIM,5 oct 2026,null,null,No,ABIERTAS,null,Monolínea,Mono_item,Ucayali,null,null,null,null,09:00 - 13:00,En Progreso,En Progreso,null,CALLERIA
Netcall,2 oct 2026,9,927705507,927705507,9283,Outbound,Portabilidad Postpago,EXPRESS,Logixtal,9349,CANCELADAS,Entregado,Entregado,TLV_NET_LPULIDO,SIM,2 oct 2026,2 oct 2026,null,No,CANCELADAS,2026-10-02 22:00:34,Monolínea,Mono_item,Ucayali,null,null,null,null,10:00 - 20:00,Cancelado,Pedido Cancelación,null,CALLERIA
Netcall,1 oct 2026,12,927290830,9272908308285802086169,9283,Outbound,Portabilidad Postpago,EXPRESS,Logixtal,9349,CERRADAS,Entregado,Entregado,NET_GDIAZS,SIM,1 oct 2026,1 oct 2026,null,No,CERRADAS,2026-10-02 02:18:56,Monolínea,Mono_item,Ucayali,null,Power ilim 79.90 SD N,Power ilim 79.90 SD N,AmericaMovil,10:00 - 20:00,Cerrado,Resuelto,Desconocido,CALLERIA
Netcall,3 oct 2026,12,928100788,92810078889511710101030243288,9283,Outbound,Portabilidad Postpago,EXPRESS,Retiro en tienda,9349,ABIERTAS,Pendiente Entrega,Pendiente Entrega,NET_JSANGAMA,SIM,3 oct 2026,null,null,No,ABIERTAS,null,Monolínea,Mono_item,Ucayali,null,null,null,null,10:00 - 20:00,En Progreso,Punto de No Retorno,null,null
Netcall,2 oct 2026,11,927735795,927735795,9283,Outbound,Portabilidad Postpago,EXPRESS,Logixtal,9349,CERRADAS,Entregado,Entregado,TLV_NET_FVALQUI,SIM,2 oct 2026,2 oct 2026,null,No,CERRADAS,2026-10-03 01:51:00,Multilínea,Mono_item,Ucayali,null,Power ilim 79.90 SD N,null,null,10:00 - 20:00,Cerrado,Resuelto,null,CALLERIA
Netcall,2 oct 2026,8,927688737,927688737,9283,Outbound,Portabilidad Postpago,EXPRESS,Logixtal,9349,CERRADAS,Entregado,Entregado,NET_GVELASQUEZA,SIM,2 oct 2026,2 oct 2026,null,No,CERRADAS,2026-10-03 00:18:00,Monolínea,Mono_item,Ucayali,null,Power ilim 79.90 SD N,null,null,10:00 - 20:00,Cerrado,Resuelto,null,CALLERIA
Netcall,2 oct 2026,9,927708266,927708266,9283,Outbound,Portabilidad Postpago,EXPRESS,Logixtal,9349,CERRADAS,Entregado,Entregado,NET_YUCEDAB,SIM,2 oct 2026,2 oct 2026,null,No,CERRADAS,2026-10-03 01:44:30,Monolínea,Mono_item,Ucayali,null,Power ilim 79.90 SD N,null,null,10:00 - 20:00,Cerrado,Resuelto,null,CALLERIA
Netcall,3 oct 2026,11,928074879,928074879Empty,9283,Outbound,Portabilidad Postpago,PROGRAMADO,Retiro en tienda,9349,ABIERTAS,Pendiente Entrega,Pendiente Entrega,NET_BHUACHUHUIB,SIM,5 oct 2026,null,null,No,ABIERTAS,null,Monolínea,Mono_item,Ucayali,null,null,null,null,09:00 - 13:00,En Progreso,En Progreso,null,null
Netcall,2 oct 2026,11,927736939,927736939,9283,Outbound,Venta Regular / Alta,EXPRESS,Logixtal,9349,CERRADAS,Entregado,Entregado,TLV_NET_FVALQUI,SIM,2 oct 2026,2 oct 2026,null,No,CERRADAS,2026-10-02 15:11:06,Multilínea,Mono_item,Ucayali,null,Power ilim 79.90 SD N,null,null,10:00 - 20:00,Cerrado,Resuelto,null,CALLERIA
Netcall,1 oct 2026,14,927340974,9273409748286290567926,9283,Outbound,Portabilidad Postpago,PROGRAMADO,Logixtal,9349,CERRADAS,Entregado,Entregado,TLV_NET_JSOTOZ,SIM,2 oct 2026,2 oct 2026,null,No,CERRADAS,2026-10-03 00:11:07,Monolínea,Mono_item,Ucayali,null,Power ilim 69.90 N,Power ilim 69.90 N,AmericaMovil,09:00 - 13:00,Cerrado,Resuelto,Desconocido,CALLERIA
Netcall,2 oct 2026,13,927785470,927785470,9223,Fidelización,Renovación,EXPRESS PROGRAMADO,Logixtal,3031,CERRADAS,Entregado,Entregado,NET_MGARMAR,Equipo,2 oct 2026,2 oct 2026,null,No,CERRADAS,2026-10-02 18:30:03,Multilínea,Mono_item,Ucayali,null,null,null,null,16:00 - 18:00,Cerrado,Resuelto,null,CALLERIA
Netcall,2 oct 2026,9,927703153,927703153,9283,Outbound,Portabilidad Postpago,PROGRAMADO,Logixtal,9349,ABIERTAS,Pendiente Entrega,Pendiente Entrega,NET_JVELASQUEZS,SIM,5 oct 2026,null,null,No,ABIERTAS,null,Monolínea,Mono_item,Ucayali,null,null,null,null,13:01 - 19:00,En Progreso,En Progreso,null,CALLERIA
Netcall,1 oct 2026,13,927311583,9273115838286019378422,9283,Outbound,Portabilidad Postpago,EXPRESS,Logixtal,9349,CANCELADAS,Anulado,SIN DOCUMENTO DE IDENTIDAD / PERDIDA,NET_LCALDERONC,SIM,1 oct 2026,null,null,No,CANCELADAS,2026-10-01 14:49:59,Monolínea,Mono_item,Ucayali,null,null,Power ilim 79.90 SD N,AmericaMovil,10:00 - 20:00,Cancelado,Rechazado,Desconocido,CALLERIA
Netcall,1 oct 2026,11,927282784,9272827848285725077271,9271,Outbound,Portabilidad Postpago,PROGRAMADO,Logixtal,9350,CERRADAS,Entregado,Entregado,NET_STITOP,SIM,2 oct 2026,2 oct 2026,null,No,CERRADAS,2026-10-03 01:07:24,Monolínea,Mono_item,Cajamarca,null,Power ilim 69.90 N,Power ilim 69.90 N,AmericaMovil,09:00 - 13:00,Cerrado,Resuelto,Desconocido,CAJAMARCA
Netcall,3 oct 2026,10,928039994,928039994Empty,9283,Outbound,Portabilidad Postpago,PROGRAMADO,Retiro en tienda,9350,ABIERTAS,Pendiente Entrega,Pendiente Entrega,NET_RCASTANEDAR,SIM,5 oct 2026,null,null,No,ABIERTAS,null,Multilínea,Mono_item,Cajamarca,null,null,null,null,09:00 - 13:00,En Progreso,En Progreso,null,null
Netcall,2 oct 2026,11,927738840,927738840,9283,Outbound,Portabilidad Postpago,EXPRESS,Logixtal,9350,CERRADAS,Entregado,Entregado,NET_GCABALLEROB,SIM,2 oct 2026,2 oct 2026,null,No,CERRADAS,2026-10-03 01:50:45,Monolínea,Mono_item,Cajamarca,null,Power ilim 79.90 SD N,null,null,10:00 - 20:00,Cerrado,Resuelto,null,CAJAMARCA
Netcall,3 oct 2026,9,928031132,92803113289511710101030289729,9283,Outbound,Portabilidad Postpago,EXPRESS,Retiro en tienda,9350,ABIERTAS,Pendiente Entrega,Pendiente Entrega,NET_EAYALAE,SIM,3 oct 2026,null,null,No,ABIERTAS,null,Monolínea,Mono_item,Cajamarca,null,null,null,null,10:00 - 20:00,En Progreso,Punto de No Retorno,null,null
Netcall,2 oct 2026,13,927787466,927787466,9283,Outbound,Portabilidad Postpago,EXPRESS,Logixtal,9350,CERRADAS,Entregado,Entregado,TLV_NET_CZEGARR,SIM,2 oct 2026,2 oct 2026,null,No,CERRADAS,2026-10-03 01:30:36,Multilínea,Mono_item,Cajamarca,null,Power ilim 79.90 SD N,null,null,10:00 - 20:00,Cerrado,Resuelto,null,CAJAMARCA
Netcall,1 oct 2026,11,927279927,9272799278285693943552,9283,Outbound,Portabilidad Postpago,EXPRESS,Logixtal,9350,CANCELADAS,Anulado,CLIENTE SE ENCUENTRA DE VIAJE,NET_MQUISPEH,SIM,1 oct 2026,null,null,No,CANCELADAS,2026-10-02 10:43:42,Multilínea,Mono_item,Cajamarca,null,null,Power ilim 79.90 SD N,Viettel Peru,10:00 - 20:00,Cancelado,Rechazado,Desconocido,CAJAMARCA
Netcall,2 oct 2026,7,927638714,927638714,9283,Outbound,Portabilidad Postpago,EXPRESS,Logixtal,9350,ABIERTAS,Pendiente Entrega,Pendiente Entrega,NET_GSANCHEZO,SIM,2 oct 2026,null,null,No,ABIERTAS,null,Monolínea,Mono_item,Cajamarca,null,null,null,null,08:00 - 20:00,En Progreso,Punto de No Retorno,null,CAJAMARCA
Netcall,1 oct 2026,15,927345982,9273459828286339338698,9283,Outbound,Portabilidad Postpago,EXPRESS,Logixtal,9350,CERRADAS,Entregado,Entregado,NET_KDIAZPISCOY,SIM,1 oct 2026,1 oct 2026,null,No,CERRADAS,2026-10-02 01:40:28,Monolínea,Mono_item,Cajamarca,null,Power ilim 69.90 N,Power ilim 69.90 N,TELEFONICAPE,10:00 - 20:00,Cerrado,Resuelto,Desconocido,CAJAMARCA
Netcall,2 oct 2026,9,927706498,927706498,9283,Outbound,Portabilidad Postpago,EXPRESS,Logixtal,9350,CERRADAS,Entregado,Entregado,NET_MORIHUELAQ,SIM,2 oct 2026,2 oct 2026,null,No,CERRADAS,2026-10-03 01:46:08,Monolínea,Mono_item,Cajamarca,null,Power ilim 69.90 N,null,null,10:00 - 20:00,Cerrado,Resuelto,null,CAJAMARCA
Netcall,2 oct 2026,15,927815640,927815640,9283,Outbound,Portabilidad Postpago,RETIRO EN TIENDA,Retiro en tienda,3222,ABIERTAS,Pendiente Entrega,Pendiente Entrega,NET_IROSALESA,SIM,2 oct 2026,null,null,No,ABIERTAS,null,Monolínea,Mono_item,Cajamarca,null,null,null,null,09:00 - 21:00,En Progreso,En Progreso,null,null
Netcall,2 oct 2026,9,927709873,927709873,9283,Outbound,Venta Regular / Alta,EXPRESS,Logixtal,9350,CERRADAS,Entregado,Entregado,NET_KAGRAMONTEM,SIM,2 oct 2026,2 oct 2026,null,No,CERRADAS,2026-10-02 15:39:35,Monolínea,Mono_item,Cajamarca,null,Power ilim 79.90 SD N,null,null,10:00 - 20:00,Cerrado,Resuelto,null,CAJAMARCA
Netcall,3 oct 2026,9,928029497,92802949789511710101030285701,9283,Outbound,Portabilidad Postpago,EXPRESS,Retiro en tienda,9350,ABIERTAS,Entregado,Entregado,NET_VCARMENG,SIM,3 oct 2026,null,null,No,ABIERTAS,null,Multilínea,Mono_item,Cajamarca,null,null,null,null,10:00 - 20:00,En Progreso,Punto de No Retorno,null,null
Netcall,2 oct 2026,8,927663036,927663036,9283,Outbound,Portabilidad Postpago,PROGRAMADO,Logixtal,9350,ABIERTAS,Pendiente Entrega,Pendiente Entrega,NET_SBENITESL,SIM,5 oct 2026,null,null,No,ABIERTAS,null,Monolínea,Mono_item,Cajamarca,null,null,null,null,09:00 - 13:00,En Progreso,En Progreso,null,CAJAMARCA
Netcall,2 oct 2026,13,927785682,927785682,9283,Outbound,Portabilidad Postpago,EXPRESS,Logixtal,9350,CERRADAS,Entregado,Entregado,TLV_NET_CZEGARR,SIM,2 oct 2026,2 oct 2026,null,No,CERRADAS,2026-10-03 00:56:09,Multilínea,Mono_item,Cajamarca,null,Power ilim 79.90 SD N,null,null,10:00 - 20:00,Cerrado,Resuelto,null,CAJAMARCA
Netcall,3 oct 2026,11,928070537,928070537Empty,9283,Outbound,Portabilidad Postpago,RETIRO EN TIENDA,Retiro en tienda,3007,ABIERTAS,Pendiente Entrega,Pendiente Entrega,NET_MMACHACAM,SIM,3 oct 2026,null,null,No,ABIERTAS,null,Multilínea,Mono_item,Cajamarca,null,null,null,null,09:00 - 21:00,En Progreso,Documentación Generada,null,null
Netcall,2 oct 2026,9,927699826,927699826,9283,Outbound,Portabilidad Postpago,RETIRO EN TIENDA,Retiro en tienda,7147,ABIERTAS,Pendiente Entrega,Pendiente Entrega,NET_JPRADOP,SIM,2 oct 2026,null,null,No,ABIERTAS,null,Monolínea,Mono_item,Cajamarca,null,null,null,null,09:00 - 21:00,En Progreso,En Progreso,null,null
Netcall,1 oct 2026,15,927352309,9273523098286394285765,9283,Outbound,Portabilidad Postpago,EXPRESS,Logixtal,9350,CERRADAS,Entregado,Entregado,NET_EMMENDIZF,SIM,1 oct 2026,1 oct 2026,null,No,CERRADAS,2026-10-02 03:31:11,Monolínea,Mono_item,Cajamarca,null,Power ilim 69.90 N,Power ilim 69.90 N,TELEFONICAPE,10:00 - 20:00,Cerrado,Resuelto,Desconocido,CAJAMARCA
Netcall,2 oct 2026,12,927770339,927770339,5299,Outbound,Venta Regular / Alta,RETIRO EN TIENDA,Retiro en tienda,7237,ABIERTAS,Pendiente Entrega,Pendiente Entrega,NET_JBOZAC,SIM,2 oct 2026,null,null,No,ABIERTAS,null,Monolínea,Mono_item,Cajamarca,null,null,null,null,09:00 - 21:00,En Progreso,En Progreso,null,null
Netcall,2 oct 2026,10,927731827,927731827,9283,Outbound,Portabilidad Postpago,PROGRAMADO,Logixtal,9350,ABIERTAS,Pendiente Entrega,Pendiente Entrega,NET_LMALCAM,SIM,3 oct 2026,null,null,No,ABIERTAS,null,Monolínea,Mono_item,Cajamarca,null,null,null,null,09:00 - 13:00,En Progreso,En Progreso,null,CAJAMARCA
Netcall,2 oct 2026,19,927894841,927894841,9283,Outbound,Portabilidad Postpago,PROGRAMADO,Logixtal,9350,ABIERTAS,Pendiente Entrega,Pendiente Entrega,NET_CMENESESV,SIM,5 oct 2026,null,null,No,ABIERTAS,null,Monolínea,Mono_item,Cajamarca,null,null,null,null,09:00 - 13:00,En Progreso,En Progreso,null,CAJAMARCA
Netcall,1 oct 2026,9,927235817,927235817,9283,Outbound,Portabilidad Postpago,EXPRESS,Logixtal,9350,CERRADAS,Entregado,Entregado,NET_MGONZALESPE,SIM,1 oct 2026,1 oct 2026,null,No,CERRADAS,2026-10-02 00:10:08,Monolínea,Mono_item,Cajamarca,null,Power ilim 69.90 N,null,null,10:00 - 20:00,Cerrado,Resuelto,null,CAJAMARCA
Netcall,2 oct 2026,13,927784817,927784817,9283,Outbound,Portabilidad Postpago,EXPRESS,Logixtal,9350,CERRADAS,Entregado,Entregado,TLV_NET_CZEGARR,SIM,2 oct 2026,2 oct 2026,null,No,CERRADAS,2026-10-03 00:36:51,Multilínea,Mono_item,Cajamarca,null,Power ilim 79.90 SD N,null,null,10:00 - 20:00,Cerrado,Resuelto,null,CAJAMARCA
Netcall,1 oct 2026,11,927280985,9272809858285709991446,9283,Outbound,Portabilidad Postpago,EXPRESS,Logixtal,9350,CANCELADAS,Anulado,CLIENTE SE ENCUENTRA DE VIAJE,NET_MQUISPEH,SIM,1 oct 2026,null,null,No,CANCELADAS,2026-10-02 10:43:42,Multilínea,Mono_item,Cajamarca,null,null,Power ilim 79.90 SD N,AmericaMovil,10:00 - 20:00,Cancelado,Rechazado,Desconocido,CAJAMARCA
Netcall,2 oct 2026,12,927770284,927770284,9283,Outbound,Portabilidad Postpago,EXPRESS,Logixtal,9350,ABIERTAS,Pendiente Entrega,Pendiente Entrega,NET_MFERRER,SIM,2 oct 2026,null,null,No,ABIERTAS,null,Monolínea,Mono_item,Cajamarca,null,null,null,null,10:00 - 20:00,En Progreso,Punto de No Retorno,null,CAJAMARCA
Netcall,3 oct 2026,12,928099084,928099084Empty,9283,Outbound,Portabilidad Postpago,RETIRO EN TIENDA,Retiro en tienda,7147,ABIERTAS,Pendiente Entrega,Pendiente Entrega,NET_KCHAVEZF,SIM,3 oct 2026,null,null,No,ABIERTAS,null,Monolínea,Mono_item,Cajamarca,null,null,null,null,09:00 - 21:00,En Progreso,En Progreso,null,null
Netcall,3 oct 2026,10,928041513,928041513Empty,9283,Outbound,Portabilidad Postpago,PROGRAMADO,Retiro en tienda,9350,ABIERTAS,Pendiente Entrega,Pendiente Entrega,NET_RCASTANEDAR,SIM,5 oct 2026,null,null,No,ABIERTAS,null,Multilínea,Mono_item,Cajamarca,null,null,null,null,13:01 - 19:00,En Progreso,En Progreso,null,null
Netcall,1 oct 2026,13,927310739,927310739,9283,Outbound,Portabilidad Postpago,EXPRESS,Logixtal,9350,CERRADAS,Entregado,Entregado,NET_YACHOM,SIM,1 oct 2026,1 oct 2026,null,No,CERRADAS,2026-10-02 00:21:27,Monolínea,Mono_item,Cajamarca,null,Power ilim 69.90 N,null,null,10:00 - 20:00,Cerrado,Resuelto,null,CAJAMARCA
Netcall,2 oct 2026,16,927845827,927845827,9283,Outbound,Portabilidad Postpago,RETIRO EN TIENDA,Retiro en tienda,7147,ABIERTAS,Pendiente Entrega,Pendiente Entrega,NET_RURBINAG,SIM,2 oct 2026,null,null,No,ABIERTAS,null,Multilínea,Mono_item,Cajamarca,null,null,null,null,09:00 - 21:00,En Progreso,En Progreso,null,null
Netcall,3 oct 2026,10,928046598,92804659889511710101030285677,9283,Outbound,Portabilidad Postpago,EXPRESS,Retiro en tienda,9350,ABIERTAS,Entregado,Entregado,NET_CIOLAYAR,SIM,3 oct 2026,null,null,No,ABIERTAS,null,Monolínea,Mono_item,Cajamarca,null,null,null,null,10:00 - 20:00,En Progreso,Punto de No Retorno,null,null
Netcall,2 oct 2026,13,927786669,927786669,9283,Outbound,Portabilidad Postpago,EXPRESS,Logixtal,9350,CERRADAS,Entregado,Entregado,TLV_NET_CZEGARR,SIM,2 oct 2026,2 oct 2026,null,No,CERRADAS,2026-10-03 01:40:24,Multilínea,Mono_item,Cajamarca,null,Power ilim 79.90 SD N,null,null,10:00 - 20:00,Cerrado,Resuelto,null,CAJAMARCA
Netcall,3 oct 2026,9,928028418,92802841889511710101030285719,9283,Outbound,Portabilidad Postpago,EXPRESS,Retiro en tienda,9350,ABIERTAS,Entregado,Entregado,NET_VCARMENG,SIM,3 oct 2026,null,null,No,ABIERTAS,null,Multilínea,Mono_item,Cajamarca,null,null,null,null,10:00 - 20:00,En Progreso,Punto de No Retorno,null,null
Netcall,2 oct 2026,16,927832806,927832806,9283,Outbound,Portabilidad Postpago,EXPRESS,Logixtal,9350,ABIERTAS,Pendiente Entrega,Pendiente Entrega,NET_TMUNOZCALDE,SIM,2 oct 2026,null,null,No,ABIERTAS,null,Monolínea,Mono_item,Cajamarca,null,null,null,null,08:00 - 20:00,En Progreso,Punto de No Retorno,null,CAJAMARCA
Netcall,1 oct 2026,12,927300960,9273009608285903706120,9271,Outbound,Portabilidad Postpago,RETIRO EN TIENDA,Retiro en tienda,3007,ABIERTAS,Pendiente Entrega,Pendiente Entrega,NET_SVELASQUEZL,SIM,1 oct 2026,null,null,No,ABIERTAS,null,Multilínea,Mono_item,Cajamarca,null,null,Power ilim 79.90 SD N,Viettel Peru,09:00 - 21:00,En Progreso,En Progreso,Desconocido,null
Netcall,3 oct 2026,12,928091241,92809124189511710101030289612,9283,Outbound,Portabilidad Postpago,EXPRESS,Retiro en tienda,9350,ABIERTAS,Entregado,Entregado,NET_MORIHUELAQ,SIM,3 oct 2026,null,null,No,ABIERTAS,null,Monolínea,Mono_item,Cajamarca,null,null,null,null,10:00 - 20:00,En Progreso,Punto de No Retorno,null,null
Netcall,2 oct 2026,17,927856833,927856833,9283,Outbound,Portabilidad Postpago,PROGRAMADO,Logixtal,9350,ABIERTAS,Pendiente Entrega,Pendiente Entrega,NET_AROJASF,SIM,3 oct 2026,null,null,No,ABIERTAS,null,Monolínea,Mono_item,Cajamarca,null,null,null,null,13:01 - 19:00,En Progreso,En Progreso,null,CAJAMARCA
Netcall,2 oct 2026,13,927782967,927782967,9283,Outbound,Portabilidad Postpago,EXPRESS,Logixtal,9350,CERRADAS,Entregado,Entregado,TLV_NET_CZEGARR,SIM,2 oct 2026,2 oct 2026,null,No,CERRADAS,2026-10-03 01:43:57,Multilínea,Mono_item,Cajamarca,null,Power ilim 79.90 SD N,null,null,10:00 - 20:00,Cerrado,Resuelto,null,CAJAMARCA
Netcall,2 oct 2026,15,927829207,927829207,9283,Outbound,Portabilidad Postpago,RETIRO EN TIENDA,Retiro en tienda,3007,CERRADAS,Entregado,Entregado,NET_SGONZALESF,SIM,2 oct 2026,2 oct 2026,null,No,CERRADAS,2026-10-03 00:29:37,Monolínea,Mono_item,Cajamarca,null,Power ilim 69.90 N,null,null,09:00 - 21:00,Cerrado,Resuelto,null,null
Netcall,2 oct 2026,16,927844633,927844633,9283,Outbound,Portabilidad Postpago,RETIRO EN TIENDA,Retiro en tienda,7147,ABIERTAS,Pendiente Entrega,Pendiente Entrega,NET_RURBINAG,SIM,2 oct 2026,null,null,No,ABIERTAS,null,Multilínea,Mono_item,Cajamarca,null,null,null,null,09:00 - 21:00,En Progreso,En Progreso,null,null
Netcall,1 oct 2026,12,927285784,9272857848285824150848,9283,Outbound,Portabilidad Postpago,RETIRO EN TIENDA,Retiro en tienda,7147,CERRADAS,Entregado,Entregado,NET_PBCGOMEZ,SIM,1 oct 2026,1 oct 2026,null,No,CERRADAS,2026-10-02 00:53:20,Monolínea,Mono_item,Cajamarca,null,Power ilim 69.90 N,Power ilim 69.90 N,AmericaMovil,09:00 - 21:00,Cerrado,Resuelto,Portabilidad Rechazada. REC01ABD15: El Código NIP es invalido | REC01ABD15,null
Netcall,3 oct 2026,11,928072859,928072859Empty,9283,Outbound,Venta Regular / Alta,RETIRO EN TIENDA,Retiro en tienda,3007,ABIERTAS,Pendiente Entrega,Pendiente Entrega,NET_MMACHACAM,SIM,3 oct 2026,null,null,No,ABIERTAS,null,Multilínea,Mono_item,Cajamarca,null,null,null,null,09:00 - 21:00,En Progreso,Documentación Generada,null,null
Netcall,1 oct 2026,12,927302522,9273025228285921600766,9271,Outbound,Portabilidad Postpago,RETIRO EN TIENDA,Retiro en tienda,3007,ABIERTAS,Pendiente Entrega,Pendiente Entrega,NET_SVELASQUEZL,SIM,1 oct 2026,null,null,No,ABIERTAS,null,Multilínea,Mono_item,Cajamarca,null,null,Power ilim 79.90 SD N,AmericaMovil,09:00 - 21:00,En Progreso,En Progreso,Desconocido,null
Netcall,1 oct 2026,11,927289403,9272894038285798580909,9283,Outbound,Portabilidad Postpago,EXPRESS,Logixtal,9001,CERRADAS,Entregado,Entregado,NET_MORIHUELAQ,SIM,1 oct 2026,1 oct 2026,null,No,CERRADAS,2026-10-02 01:00:34,Monolínea,Mono_item,Lima - Callao,null,Power ilim 69.90 N,Power ilim 69.90 N,Viettel Peru,10:00 - 22:00,Cerrado,Resuelto,Desconocido,BREÑA
Netcall,1 oct 2026,13,927322930,9273229308286119633243,9283,Outbound,Portabilidad Postpago,PROGRAMADO,Logixtal,9001,CERRADAS,Entregado,Entregado,NET_JCHEROO,SIM,2 oct 2026,2 oct 2026,null,No,CERRADAS,2026-10-03 03:30:51,Multilínea,Mono_item,Lima - Callao,null,Power ilim 79.90 SD N,Power ilim 79.90 SD N,AmericaMovil,08:00 - 13:00,Cerrado,Resuelto,Desconocido,BREÑA
Netcall,2 oct 2026,13,927782888,927782888,9283,Outbound,Portabilidad Postpago,EXPRESS,Logixtal,9001,CERRADAS,Entregado,Entregado,NET_LMARTINEZAR,SIM,2 oct 2026,2 oct 2026,null,No,CERRADAS,2026-10-03 01:49:50,Monolínea,Mono_item,Lima - Callao,null,Power ilim 69.90 N,null,null,10:00 - 22:00,Cerrado,Resuelto,null,BREÑA
Netcall,2 oct 2026,18,927871012,927871012,9283,Outbound,Portabilidad Postpago,EXPRESS,Logixtal,9001,CERRADAS,Entregado,Entregado,NET_RGUTIERREZS,SIM,2 oct 2026,2 oct 2026,null,No,CERRADAS,2026-10-03 01:03:09,Multilínea,Mono_item,Lima - Callao,null,Power ilim 79.90 SD N,null,null,10:00 - 22:00,Cerrado,Resuelto,null,BREÑA
Netcall,3 oct 2026,12,928084488,92808448889511710101081434554,9283,Outbound,Portabilidad Postpago,EXPRESS,Logixtal,9001,ABIERTAS,Entregado,Entregado,NET_MCRUZE,SIM,3 oct 2026,null,null,No,ABIERTAS,null,Monolínea,Mono_item,Lima - Callao,null,null,null,null,10:00 - 22:00,En Progreso,Punto de No Retorno,null,null
Netcall,2 oct 2026,9,927698838,927698838,5299,Outbound,Portabilidad Postpago,EXPRESS,Logixtal,9001,CERRADAS,Entregado,Entregado,NET_CPORRASP,SIM,2 oct 2026,2 oct 2026,null,No,CERRADAS,2026-10-03 01:33:04,Monolínea,Mono_item,Lima - Callao,null,Power ilim 69.90 N,null,null,10:00 - 22:00,Cerrado,Resuelto,null,BREÑA
Netcall,3 oct 2026,11,928064902,92806490289511710101081412238,9283,Outbound,Portabilidad Postpago,PROGRAMADO,Logixtal,9001,ABIERTAS,Pendiente Entrega,Pendiente de Picking,NET_KDIAZPISCOY,SIM,4 oct 2026,null,null,No,ABIERTAS,null,Monolínea,Mono_item,Lima - Callao,null,null,null,null,08:00 - 22:00,En Progreso,Punto de No Retorno,null,null
Netcall,2 oct 2026,18,927871918,927871918,9283,Outbound,Portabilidad Postpago,EXPRESS,Logixtal,9001,CERRADAS,Entregado,Entregado,NET_RGUTIERREZS,SIM,2 oct 2026,2 oct 2026,null,No,CERRADAS,2026-10-03 03:21:41,Multilínea,Mono_item,Lima - Callao,null,Power ilim 79.90 SD N,null,null,10:00 - 22:00,Cerrado,Resuelto,null,BREÑA
Netcall,2 oct 2026,17,927851703,927851703,9283,Outbound,Portabilidad Postpago,PROGRAMADO,Logixtal,9001,ABIERTAS,Pendiente Entrega,Pendiente Entrega,NET_CRAMOSC,SIM,3 oct 2026,null,null,No,ABIERTAS,null,Monolínea,Mono_item,Lima - Callao,null,null,null,null,13:01 - 22:00,En Progreso,Punto de No Retorno,null,BREÑA
Netcall,1 oct 2026,16,927370735,9273707358286578377136,9283,Outbound,Portabilidad Postpago,EXPRESS,Logixtal,9001,CANCELADAS,Anulado,CLIENTE DESISTE - NO BRINDA MOTIVOS,NET_PCHAVESTAY,SIM,1 oct 2026,null,null,No,CANCELADAS,2026-10-02 13:59:45,Monolínea,Mono_item,Lima - Callao,null,null,Power ilim 79.90 SD N,TELEFONICAPE,08:00 - 20:00,Cancelado,Rechazado,Desconocido,CALLAO
Netcall,1 oct 2026,13,927322126,9273221268286106979121,9283,Outbound,Venta Regular / Alta,PROGRAMADO,Logixtal,9001,CERRADAS,Entregado,Entregado,NET_JCHEROO,SIM,2 oct 2026,2 oct 2026,null,No,CERRADAS,2026-10-02 10:11:01,Multilínea,Mono_item,Lima - Callao,null,Power ilim 79.90 SD N,Power ilim 79.90 SD N,Desconocido,08:00 - 13:00,Cerrado,Resuelto,Desconocido,BREÑA
Netcall,2 oct 2026,18,927874193,927874193,9283,Outbound,Portabilidad Postpago,PROGRAMADO,Logixtal,9001,ABIERTAS,Pendiente Entrega,Pendiente Entrega,NET_GLOPEZF,SIM,3 oct 2026,null,null,No,ABIERTAS,null,Monolínea,Mono_item,Lima - Callao,null,null,null,null,08:00 - 13:00,En Progreso,Punto de No Retorno,null,BELLAVISTA
Netcall,2 oct 2026,11,927747693,927747693,9271,Outbound,Portabilidad Postpago,EXPRESS,Logixtal,9001,CERRADAS,Entregado,Entregado,NET_SNIMAG,SIM,2 oct 2026,2 oct 2026,null,No,CERRADAS,2026-10-03 01:48:33,Monolínea,Mono_item,Lima - Callao,null,Power ilim 69.90 N,null,null,10:00 - 22:00,Cerrado,Resuelto,null,BELLAVISTA
Netcall,1 oct 2026,18,927409206,9274092068286961093159,9283,Outbound,Venta Regular / Alta,PROGRAMADO,Logixtal,9001,CANCELADAS,Anulado,DIRECCIÓN ERRADA,NET_ATISNADOA,SIM,2 oct 2026,null,null,No,CANCELADAS,2026-10-02 13:31:39,Monolínea,Mono_item,Lima - Callao,null,null,Power 39.90 N,Desconocido,08:00 - 13:00,Cancelado,Rechazado,Desconocido,BELLAVISTA
Netcall,3 oct 2026,9,928032883,92803288389511710101080749390,9283,Outbound,Portabilidad Postpago,PROGRAMADO,Logixtal,9001,ABIERTAS,Pendiente Entrega,Pendiente de Picking,NET_DFRANCIAH,SIM,4 oct 2026,null,null,No,ABIERTAS,null,Monolínea,Mono_item,Lima - Callao,null,null,null,null,08:00 - 22:00,En Progreso,Punto de No Retorno,null,null
Netcall,2 oct 2026,10,927725317,927725317,9283,Outbound,Portabilidad Postpago,EXPRESS,Logixtal,9001,ABIERTAS,Pendiente Entrega,Pendiente Entrega,NET_SLAZOB,SIM,2 oct 2026,null,null,No,ABIERTAS,null,Monolínea,Mono_item,Lima - Callao,null,null,null,null,10:00 - 22:00,En Progreso,Punto de No Retorno,null,BELLAVISTA
Netcall,3 oct 2026,13,928116593,92811659389511710101081015031,9283,Outbound,Portabilidad Postpago,EXPRESS,Logixtal,9001,ABIERTAS,Pendiente Entrega,Pendiente de Picking,NET_JROMEROC,SIM,3 oct 2026,null,null,No,ABIERTAS,null,Monolínea,Mono_item,Lima - Callao,null,null,null,null,10:00 - 22:00,En Progreso,En Progreso,null,null
Netcall,2 oct 2026,18,927878563,927878563,9283,Outbound,Portabilidad Postpago,PROGRAMADO,Logixtal,9001,ABIERTAS,Pendiente Entrega,Pendiente Entrega,NET_SRUIZS,SIM,3 oct 2026,null,null,No,ABIERTAS,null,Multilínea,Mono_item,Lima - Callao,null,null,null,null,13:01 - 22:00,En Progreso,Punto de No Retorno,null,BELLAVISTA
Netcall,1 oct 2026,11,927275427,9272754278285665186620,9283,Outbound,Portabilidad Postpago,PROGRAMADO,Logixtal,5021,CERRADAS,Entregado,Entregado,NET_EVALDIVIEZO,SIM,2 oct 2026,2 oct 2026,null,No,CERRADAS,2026-10-03 01:03:29,Monolínea,Mono_item,Piura,null,Power ilim 69.90 N,Power ilim 69.90 N,TELEFONICAPE,09:00 - 13:00,Cerrado,Resuelto,Desconocido,BELLAVISTA
Netcall,1 oct 2026,13,927324366,9273243668286130513279,9283,Outbound,Portabilidad Postpago,EXPRESS,Logixtal,9001,CERRADAS,Entregado,Entregado,NET_JCAVEROC,SIM,1 oct 2026,1 oct 2026,null,No,CERRADAS,2026-10-02 01:35:12,Monolínea,Mono_item,Lima - Callao,null,Power ilim 69.90 N,Power ilim 69.90 N,AmericaMovil,10:00 - 22:00,Cerrado,Resuelto,Desconocido,BELLAVISTA
Netcall,2 oct 2026,12,927763639,927763639,9283,Outbound,Portabilidad Postpago,EXPRESS,Logixtal,9001,CERRADAS,Entregado,Entregado,TLV_NET_CACEVED,SIM,2 oct 2026,2 oct 2026,null,No,CERRADAS,2026-10-03 03:30:55,Monolínea,Mono_item,Lima - Callao,null,Power ilim 69.90 N,null,null,10:00 - 22:00,Cerrado,Resuelto,null,BELLAVISTA
Netcall,2 oct 2026,18,927876087,927876087,9283,Outbound,Portabilidad Postpago,PROGRAMADO,Logixtal,9001,ABIERTAS,Pendiente Entrega,Pendiente Entrega,NET_SRUIZS,SIM,3 oct 2026,null,null,No,ABIERTAS,null,Multilínea,Mono_item,Lima - Callao,null,null,null,null,08:00 - 13:00,En Progreso,Punto de No Retorno,null,BELLAVISTA
Netcall,2 oct 2026,11,927757985,927757985,9283,Outbound,Portabilidad Postpago,EXPRESS,Logixtal,9342,CERRADAS,Entregado,Entregado,NET_JSANGAMA,SIM,2 oct 2026,2 oct 2026,null,No,CERRADAS,2026-10-03 01:04:53,Monolínea,Mono_item,Lima - Callao,null,Power ilim 79.90 SD N,null,null,10:00 - 22:00,Cerrado,Resuelto,null,BARRANCO
Netcall,1 oct 2026,9,927240770,9272407708285372645443,9283,Outbound,Portabilidad Postpago,EXPRESS,Logixtal,9342,CERRADAS,Entregado,Entregado,NET_JCHAVEZC,SIM,1 oct 2026,1 oct 2026,null,No,CERRADAS,2026-10-02 03:29:18,Monolínea,Mono_item,Lima - Callao,null,Power ilim 69.90 N,Power ilim 69.90 N,Viettel Peru,10:00 - 22:00,Cerrado,Resuelto,Desconocido,BARRANCO
Netcall,2 oct 2026,17,927850785,927850785,9283,Outbound,Portabilidad Postpago,RETIRO EN TIENDA,Retiro en tienda,3218,ABIERTAS,Pendiente Entrega,Pendiente Entrega,NET_EMMENDIZF,SIM,2 oct 2026,null,null,No,ABIERTAS,null,Monolínea,Mono_item,Lima - Callao,null,null,null,null,09:00 - 21:00,En Progreso,En Progreso,null,null
Netcall,1 oct 2026,10,927251905,9272519058285470768682,9283,Outbound,Portabilidad Postpago,EXPRESS,Logixtal,9001,CERRADAS,Entregado,Entregado,TLV_NET_EBULNES,SIM,1 oct 2026,1 oct 2026,null,No,CERRADAS,2026-10-02 01:45:10,Multilínea,Multi_item,Lima - Callao,null,Power ilim 79.90 SD N,Power ilim 79.90 SD N,AmericaMovil,10:00 - 20:00,Cerrado,Resuelto,Desconocido,BARRANCA
Netcall,1 oct 2026,10,927249424,9272494248285450613771,9283,Outbound,Portabilidad Postpago,EXPRESS,Logixtal,9001,CERRADAS,Entregado,Entregado,TLV_NET_EBULNES,SIM,1 oct 2026,1 oct 2026,null,No,CERRADAS,2026-10-02 01:22:56,Multilínea,Mono_item,Lima - Callao,null,Power ilim 79.90 SD N,Power ilim 79.90 SD N,AmericaMovil,10:00 - 20:00,Cerrado,Resuelto,Desconocido,BARRANCA
Netcall,1 oct 2026,10,927253306,9272533068285485395371,9283,Outbound,Portabilidad Postpago,EXPRESS,Logixtal,9001,CERRADAS,Entregado,Entregado,TLV_NET_EBULNES,SIM,1 oct 2026,1 oct 2026,null,No,CERRADAS,2026-10-02 04:40:56,Multilínea,Multi_item,Lima - Callao,null,Power ilim 79.90 SD N,Power ilim 79.90 SD N,AmericaMovil,10:00 - 20:00,Cerrado,Resuelto,Portabilidad Rechazada. REC01ABD15: El Código NIP es invalido | REC01ABD15,BARRANCA
Netcall,3 oct 2026,9,928036362,928036362Empty,9283,Outbound,Portabilidad Postpago,PROGRAMADO,Logixtal,9001,ABIERTAS,Pendiente Entrega,Pendiente de Picking,NET_RURBINAG,SIM,6 oct 2026,null,null,No,ABIERTAS,null,Multilínea,Mono_item,Lima - Callao,null,null,null,null,09:00 - 20:00,En Progreso,En Progreso,null,null
Netcall,1 oct 2026,10,927251905,9272519058285470768465,9283,Outbound,Portabilidad Postpago,EXPRESS,Logixtal,9001,CERRADAS,Entregado,Entregado,TLV_NET_EBULNES,SIM,1 oct 2026,1 oct 2026,null,No,CERRADAS,2026-10-02 01:45:10,Multilínea,Multi_item,Lima - Callao,null,Power ilim 79.90 SD N,Power ilim 79.90 SD N,AmericaMovil,10:00 - 20:00,Cerrado,Resuelto,Desconocido,BARRANCA
Netcall,3 oct 2026,9,928027603,92802760389511710101081007913,9271,Outbound,Portabilidad Postpago,EXPRESS,Logixtal,9001,ABIERTAS,Entregado,Entregado,NET_DRUIZR,SIM,3 oct 2026,null,null,No,ABIERTAS,null,Monolínea,Mono_item,Lima - Callao,null,null,null,null,10:00 - 20:00,En Progreso,Pago Recibido,null,null
Netcall,1 oct 2026,10,927253306,9272533068285485395608,9283,Outbound,Portabilidad Postpago,EXPRESS,Logixtal,9001,CERRADAS,Entregado,Entregado,TLV_NET_EBULNES,SIM,1 oct 2026,1 oct 2026,null,No,CERRADAS,2026-10-02 04:40:56,Multilínea,Multi_item,Lima - Callao,null,Power ilim 79.90 SD N,Power ilim 79.90 SD N,AmericaMovil,10:00 - 20:00,Cerrado,Resuelto,Desconocido,BARRANCA
Netcall,3 oct 2026,9,928037099,928037099Empty,9283,Outbound,Portabilidad Postpago,PROGRAMADO,Logixtal,9001,ABIERTAS,Pendiente Entrega,Pendiente de Picking,NET_RURBINAG,SIM,6 oct 2026,null,null,No,ABIERTAS,null,Multilínea,Mono_item,Lima - Callao,null,null,null,null,09:00 - 20:00,En Progreso,En Progreso,null,null
Netcall,3 oct 2026,10,928048799,92804879989511710101081007764,9271,Outbound,Portabilidad Postpago,EXPRESS,Logixtal,9001,ABIERTAS,Entregado,Entregado,NET_LGOMEZA,SIM,3 oct 2026,null,null,No,ABIERTAS,null,Multilínea,Mono_item,Lima - Callao,null,null,null,null,10:00 - 20:00,En Progreso,Punto de No Retorno,null,null
Netcall,1 oct 2026,17,927380134,9273801348286679031423,9283,Outbound,Portabilidad Postpago,PROGRAMADO,Logixtal,9001,ABIERTAS,Pendiente Entrega,Pendiente Entrega,NET_ANCASTROR,SIM,6 oct 2026,null,null,No,ABIERTAS,null,Monolínea,Mono_item,Lima - Callao,null,null,Power ilim 79.90 SD N,Viettel Peru,09:00 - 20:00,En Progreso,En Progreso,Desconocido,BARRANCA
Netcall,3 oct 2026,10,928047375,92804737589511710101081007731,9271,Outbound,Portabilidad Postpago,EXPRESS,Logixtal,9001,ABIERTAS,Entregado,Entregado,NET_LGOMEZA,SIM,3 oct 2026,null,null,No,ABIERTAS,null,Multilínea,Mono_item,Lima - Callao,null,null,null,null,10:00 - 20:00,En Progreso,Pago Recibido,null,null
Netcall,1 oct 2026,10,927251905,9272519058285470768899,9283,Outbound,Portabilidad Postpago,EXPRESS,Logixtal,9001,CERRADAS,Entregado,Entregado,TLV_NET_EBULNES,SIM,1 oct 2026,1 oct 2026,null,No,CERRADAS,2026-10-02 01:45:10,Multilínea,Multi_item,Lima - Callao,null,Power ilim 79.90 SD N,Power ilim 79.90 SD N,AmericaMovil,10:00 - 20:00,Cerrado,Resuelto,Desconocido,BARRANCA
Netcall,2 oct 2026,16,927845559,927845559,9265,Outbound,Portabilidad Postpago,EXPRESS,Logixtal,9357,ABIERTAS,Pendiente Entrega,Pendiente Entrega,NET_IRODRIGUEZS,SIM,2 oct 2026,null,null,No,ABIERTAS,null,Monolínea,Mono_item,Amazonas,null,null,null,null,08:00 - 20:00,En Progreso,Punto de No Retorno,null,BAGUA GRANDE
Netcall,2 oct 2026,13,927787177,927787177,9283,Outbound,Portabilidad Postpago,EXPRESS,Logixtal,9357,ABIERTAS,Pendiente Entrega,Pendiente Entrega,NET_YSANTOSP,SIM,2 oct 2026,null,null,No,ABIERTAS,null,Monolínea,Mono_item,Amazonas,null,null,null,null,08:00 - 20:00,En Progreso,Punto de No Retorno,null,BAGUA GRANDE
Netcall,1 oct 2026,10,927261739,9272617398285580572324,9283,Outbound,Portabilidad Postpago,EXPRESS,Logixtal,9357,CERRADAS,Entregado,Entregado,NET_MZEVALLOSMA,SIM,1 oct 2026,1 oct 2026,null,No,CERRADAS,2026-10-02 02:03:45,Monolínea,Mono_item,Amazonas,null,Power ilim 69.90 N,Power ilim 69.90 N,AmericaMovil,10:00 - 20:00,Cerrado,Resuelto,Desconocido,BAGUA GRANDE
Netcall,2 oct 2026,9,927709945,927709945,9283,Outbound,Portabilidad Postpago,EXPRESS,Logixtal,9354,CERRADAS,Entregado,Entregado,NET_GHERRERAG,SIM,2 oct 2026,2 oct 2026,null,No,CERRADAS,2026-10-03 00:10:19,Monolínea,Mono_item,Ayacucho,null,Power ilim 79.90 SD N,null,null,10:00 - 20:00,Cerrado,Resuelto,null,AYACUCHO
Netcall,3 oct 2026,9,928029560,92802956089511710101030046244,9271,Outbound,Portabilidad Postpago,EXPRESS,Retiro en tienda,9354,ABIERTAS,Entregado,Entregado,NET_YPAREDESG,SIM,3 oct 2026,null,null,No,ABIERTAS,null,Monolínea,Mono_item,Ayacucho,null,null,null,null,10:00 - 20:00,En Progreso,Punto de No Retorno,null,null
Netcall,2 oct 2026,13,927779370,927779370,9283,Outbound,Portabilidad Postpago,EXPRESS,Logixtal,9354,CERRADAS,Entregado,Entregado,NET_LLEONAN,SIM,2 oct 2026,2 oct 2026,null,No,CERRADAS,2026-10-03 00:57:25,Monolínea,Mono_item,Ayacucho,null,Power ilim 79.90 SD N,null,null,10:00 - 20:00,Cerrado,Resuelto,null,AYACUCHO
Netcall,2 oct 2026,10,927714319,927714319,9283,Outbound,Portabilidad Postpago,EXPRESS,Logixtal,9354,CERRADAS,Entregado,Entregado,NET_EVALDIVIEZO,SIM,2 oct 2026,2 oct 2026,null,No,CERRADAS,2026-10-03 00:38:47,Monolínea,Mono_item,Ayacucho,null,Power ilim 79.90 SD N,null,null,10:00 - 20:00,Cerrado,Resuelto,null,AYACUCHO
Netcall,3 oct 2026,12,928095900,92809590089511710101030040080,9283,Outbound,Portabilidad Postpago,EXPRESS,Retiro en tienda,9354,CANCELADAS,Cancelado,Cancelado,NET_EMACHEROT,SIM,3 oct 2026,null,null,No,CANCELADAS,2026-10-03 13:34:45,Monolínea,Mono_item,Ayacucho,null,null,null,null,10:00 - 20:00,Cancelado,Rechazado,null,null
Netcall,3 oct 2026,9,928025660,92802566089511710101030046269,9283,Outbound,Portabilidad Postpago,EXPRESS,Retiro en tienda,9354,ABIERTAS,Pendiente Entrega,Pendiente Entrega,NET_MAZCARATED,SIM,3 oct 2026,null,null,No,ABIERTAS,null,Monolínea,Mono_item,Ayacucho,null,null,null,null,10:00 - 20:00,En Progreso,Punto de No Retorno,null,null
Netcall,1 oct 2026,12,927292825,9272928258285819033513,9283,Outbound,Portabilidad Postpago,EXPRESS,Logixtal,9354,CERRADAS,Entregado,Entregado,TLV_NET_GJQUISP,SIM,1 oct 2026,1 oct 2026,null,No,CERRADAS,2026-10-02 02:01:45,Multilínea,Mono_item,Ayacucho,null,Power ilim 79.90 SD N,Power ilim 79.90 SD N,AmericaMovil,10:00 - 20:00,Cerrado,Resuelto,Desconocido,AYACUCHO
Netcall,1 oct 2026,11,927277305,927277305,9283,Outbound,Portabilidad Postpago,EXPRESS,Logixtal,9354,CERRADAS,Entregado,Entregado,NET_DFRANCIAH,SIM,1 oct 2026,1 oct 2026,null,No,CERRADAS,2026-10-02 00:28:13,Monolínea,Mono_item,Ayacucho,null,Power ilim 79.90 SD N,null,null,10:00 - 20:00,Cerrado,Resuelto,null,AYACUCHO
Netcall,1 oct 2026,12,927291382,9272913828285810595393,9283,Outbound,Portabilidad Postpago,EXPRESS,Logixtal,9354,CERRADAS,Entregado,Entregado,TLV_NET_GJQUISP,SIM,1 oct 2026,1 oct 2026,null,No,CERRADAS,2026-10-02 01:28:38,Multilínea,Mono_item,Ayacucho,null,Power ilim 79.90 SD N,Power ilim 79.90 SD N,AmericaMovil,10:00 - 20:00,Cerrado,Resuelto,Desconocido,AYACUCHO
Netcall,1 oct 2026,11,927285942,927285942,9283,Outbound,Portabilidad Postpago,EXPRESS,Logixtal,9354,CERRADAS,Entregado,Entregado,NET_AARNAIZA,SIM,1 oct 2026,1 oct 2026,null,No,CERRADAS,2026-10-02 00:09:26,Monolínea,Mono_item,Ayacucho,null,Power ilim 69.90 N,null,null,10:00 - 20:00,Cerrado,Resuelto,null,AYACUCHO
Netcall,1 oct 2026,16,927365490,9273654908286531639248,9283,Outbound,Portabilidad Postpago,PROGRAMADO,Logixtal,9354,ABIERTAS,Pendiente Entrega,Pendiente Entrega,NET_MDIAZP,SIM,3 oct 2026,null,null,No,ABIERTAS,null,Monolínea,Mono_item,Ayacucho,null,null,Power ilim 69.90 N,TELEFONICAPE,09:00 - 13:00,En Progreso,En Progreso,Desconocido,AYACUCHO
Netcall,2 oct 2026,10,927711615,927711615,9283,Outbound,Portabilidad Postpago,EXPRESS,Logixtal,9354,CERRADAS,Entregado,Entregado,NET_SBENITESL,SIM,2 oct 2026,2 oct 2026,null,No,CERRADAS,2026-10-03 00:57:22,Monolínea,Mono_item,Ayacucho,null,Power ilim 69.90 N,null,null,10:00 - 20:00,Cerrado,Resuelto,null,AYACUCHO
Netcall,2 oct 2026,16,927847325,927847325,9283,Outbound,Portabilidad Postpago,EXPRESS,Logixtal,9354,ABIERTAS,Pendiente Entrega,Pendiente Entrega,NET_VJAUREGUIM,SIM,2 oct 2026,null,null,No,ABIERTAS,null,Multilínea,Mono_item,Ayacucho,null,null,null,null,08:00 - 20:00,En Progreso,Punto de No Retorno,null,AYACUCHO
Netcall,2 oct 2026,16,927848453,927848453,9283,Outbound,Venta Regular / Alta,EXPRESS,Logixtal,9354,ABIERTAS,Pendiente Entrega,Pendiente Entrega,NET_VJAUREGUIM,SIM,2 oct 2026,null,null,No,ABIERTAS,null,Multilínea,Mono_item,Ayacucho,null,null,null,null,10:00 - 20:00,En Progreso,Punto de No Retorno,null,AYACUCHO
Netcall,3 oct 2026,8,928020748,92802074889511710101081041664,9283,Outbound,Portabilidad Postpago,EXPRESS,Logixtal,9001,ABIERTAS,Entregado,Entregado,NET_LMALDONADOC,SIM,3 oct 2026,null,null,No,ABIERTAS,null,Monolínea,Mono_item,Lima - Callao,null,null,null,null,10:00 - 22:00,En Progreso,Pago Recibido,null,null
Netcall,1 oct 2026,13,927318577,927318577,9283,Outbound,Portabilidad Postpago,EXPRESS,Logixtal,9001,CERRADAS,Entregado,Entregado,NET_VMEJIAC,SIM,1 oct 2026,1 oct 2026,null,No,CERRADAS,2026-10-02 00:17:07,Multilínea,Mono_item,Lima - Callao,null,Power ilim 79.90 SD N,null,null,10:00 - 22:00,Cerrado,Resuelto,null,ATE
Netcall,1 oct 2026,11,927290091,9272900918285798212662,9283,Outbound,Portabilidad Postpago,EXPRESS,Logixtal,9001,CANCELADAS,Anulado,SOLICITADO POR CANAL,NET_VMEJIAC,SIM,1 oct 2026,null,null,No,CANCELADAS,2026-10-01 13:23:03,Multilínea,Mono_item,Lima - Callao,null,null,Power ilim 79.90 SD N,AmericaMovil,10:00 - 22:00,Cancelado,Rechazado,Desconocido,ATE
Netcall,2 oct 2026,10,927722022,927722022,9283,Outbound,Portabilidad Postpago,EXPRESS,Logixtal,9001,CERRADAS,Entregado,Entregado,TLV_NET_CZEGARR,SIM,2 oct 2026,2 oct 2026,null,No,CERRADAS,2026-10-03 00:20:29,Multilínea,Mono_item,Lima - Callao,null,Power ilim 79.90 SD N,null,null,10:00 - 22:00,Cerrado,Resuelto,null,ATE
Netcall,2 oct 2026,20,927906321,927906321,9283,Outbound,Portabilidad Postpago,PROGRAMADO,Logixtal,9001,ABIERTAS,Pendiente Entrega,Pendiente Entrega,NET_GAVILCHEZC,SIM,3 oct 2026,null,null,No,ABIERTAS,null,Monolínea,Mono_item,Lima - Callao,null,null,null,null,08:00 - 13:00,En Progreso,Punto de No Retorno,null,ATE
Netcall,2 oct 2026,14,927794613,927794613,9283,Outbound,Portabilidad Postpago,EXPRESS,Logixtal,9001,CERRADAS,Entregado,Entregado,NET_DREVILLAN,SIM,2 oct 2026,2 oct 2026,null,No,CERRADAS,2026-10-03 01:45:21,Monolínea,Mono_item,Lima - Callao,null,Power ilim 69.90 N,null,null,10:00 - 22:00,Cerrado,Resuelto,null,ATE
Netcall,2 oct 2026,18,927889714,927889714,9271,Outbound,Portabilidad Postpago,PROGRAMADO,Logixtal,9001,ABIERTAS,Pendiente Entrega,Pendiente Entrega,NET_SNIMAG,SIM,3 oct 2026,null,null,No,ABIERTAS,null,Monolínea,Mono_item,Lima - Callao,null,null,null,null,08:00 - 13:00,En Progreso,Punto de No Retorno,null,ATE
Netcall,2 oct 2026,18,927887905,927887905,9283,Outbound,Portabilidad Postpago,EXPRESS,Logixtal,9001,ABIERTAS,Pendiente Entrega,Pendiente Entrega,NET_JSANGAMA,SIM,2 oct 2026,null,null,No,ABIERTAS,null,Monolínea,Mono_item,Lima - Callao,null,null,null,null,08:00 - 20:00,En Progreso,Punto de No Retorno,null,ATE
Netcall,2 oct 2026,17,927869522,927869522,9283,Outbound,Portabilidad Postpago,EXPRESS,Logixtal,9001,CERRADAS,Entregado,Entregado,NET_TANCHANTEG,SIM,2 oct 2026,2 oct 2026,null,No,CERRADAS,2026-10-03 00:27:10,Multilínea,Mono_item,Lima - Callao,null,Power ilim 79.90 SD N,null,null,10:00 - 22:00,Cerrado,Resuelto,null,ATE
Netcall,2 oct 2026,18,927870399,927870399,9283,Outbound,Portabilidad Postpago,PROGRAMADO,Logixtal,9001,ABIERTAS,No bop,No bop,NET_TGTORRESM,SIM,4 oct 2026,null,null,No,ABIERTAS,null,Multilínea,Mono_item,Lima - Callao,null,null,null,null,08:00 - 22:00,En Progreso,En Progreso,null,ATE
Netcall,1 oct 2026,15,927343209,9273432098286311591072,9271,Outbound,Portabilidad Postpago,EXPRESS,Logixtal,9001,CERRADAS,Entregado,Entregado,NET_KLGARCIAA,SIM,1 oct 2026,1 oct 2026,null,No,CERRADAS,2026-10-02 01:47:56,Monolínea,Mono_item,Lima - Callao,null,Power ilim 69.90 N,Power ilim 69.90 N,AmericaMovil,10:00 - 22:00,Cerrado,Resuelto,Desconocido,ATE
Netcall,1 oct 2026,18,927408390,9274083908286948217918,9283,Outbound,Portabilidad Postpago,EXPRESS,Logixtal,9001,ABIERTAS,Pendiente Entrega,Pendiente Entrega,NET_EJARANAA,SIM,1 oct 2026,null,null,No,ABIERTAS,null,Multilínea,Multi_item,Lima - Callao,null,null,Power ilim 79.90 SD N,AmericaMovil,10:00 - 22:00,En Progreso,Punto de No Retorno,Desconocido,ATE
Netcall,2 oct 2026,16,927829798,927829798,9283,Outbound,Portabilidad Postpago,PROGRAMADO,Logixtal,9001,ABIERTAS,Pendiente Entrega,Pendiente Entrega,NET_LCCASTILLO,SIM,3 oct 2026,null,null,No,ABIERTAS,null,Monolínea,Mono_item,Lima - Callao,null,null,null,null,08:00 - 13:00,En Progreso,Punto de No Retorno,null,ATE
Netcall,3 oct 2026,9,928027743,92802774389511710101081041995,9271,Outbound,Portabilidad Postpago,EXPRESS,Logixtal,9001,ABIERTAS,Entregado,Entregado,NET_KANGELESS,SIM,3 oct 2026,null,null,No,ABIERTAS,null,Multilínea,Mono_item,Lima - Callao,null,null,null,null,10:00 - 22:00,En Progreso,Pago Recibido,null,null
Netcall,3 oct 2026,9,928026264,92802626489511710101081041987,9271,Outbound,Venta Regular / Alta,EXPRESS,Logixtal,9001,CERRADAS,Entregado,Entregado,NET_KANGELESS,SIM,3 oct 2026,3 oct 2026,null,No,CERRADAS,2026-10-03 10:02:08,Multilínea,Mono_item,Lima - Callao,null,Power ilim 79.90 SD N,null,null,10:00 - 22:00,Cerrado,Resuelto,null,null
Netcall,1 oct 2026,10,927266450,9272664508285592242686,9283,Outbound,Portabilidad Postpago,EXPRESS,Logixtal,9001,ABIERTAS,Pendiente Entrega,Pendiente Entrega,NET_LPASCUALH,SIM,1 oct 2026,null,null,No,ABIERTAS,null,Monolínea,Mono_item,Lima - Callao,null,null,Power ilim 69.90 N,AmericaMovil,08:00 - 20:00,En Progreso,Punto de No Retorno,Desconocido,ATE
Netcall,1 oct 2026,17,927377986,9273779868286659642800,9283,Outbound,Portabilidad Postpago,PROGRAMADO,Logixtal,9001,CERRADAS,Entregado,Entregado,NET_RCARDENASH,SIM,2 oct 2026,2 oct 2026,null,No,CERRADAS,2026-10-03 01:06:15,Monolínea,Mono_item,Lima - Callao,null,Power ilim 69.90 N,Power ilim 69.90 N,AmericaMovil,13:01 - 22:00,Cerrado,Resuelto,Desconocido,ATE
Netcall,2 oct 2026,13,927791120,927791120,9283,Outbound,Portabilidad Postpago,EXPRESS,Logixtal,9001,CERRADAS,Entregado,Entregado,NET_NCANCHOP,SIM,2 oct 2026,2 oct 2026,null,No,CERRADAS,2026-10-03 01:58:39,Monolínea,Mono_item,Lima - Callao,null,Power ilim 69.90 N,null,null,10:00 - 22:00,Cerrado,Resuelto,null,ATE
Netcall,2 oct 2026,16,927832965,927832965,9283,Outbound,Portabilidad Postpago,PROGRAMADO,Logixtal,9001,ABIERTAS,No bop,No bop,NET_SDIAZO,SIM,4 oct 2026,null,null,No,ABIERTAS,null,Monolínea,Mono_item,Lima - Callao,null,null,null,null,08:00 - 22:00,En Progreso,En Progreso,null,ATE
Netcall,2 oct 2026,9,927707813,927707813,9283,Outbound,Portabilidad Postpago,EXPRESS,Logixtal,9001,CERRADAS,Entregado,Entregado,NET_VJAUREGUIM,SIM,2 oct 2026,2 oct 2026,null,No,CERRADAS,2026-10-03 01:22:41,Monolínea,Mono_item,Lima - Callao,null,Power ilim 69.90 N,null,null,10:00 - 22:00,Cerrado,Resuelto,null,ATE
Netcall,2 oct 2026,18,927872221,927872221,5299,Outbound,Portabilidad Postpago,EXPRESS,Logixtal,9001,CANCELADAS,Anulado,ZONA INACCESIBLE,NET_CPORRASP,SIM,2 oct 2026,null,null,No,CANCELADAS,2026-10-02 18:44:44,Monolínea,Mono_item,Lima - Callao,null,null,null,null,10:00 - 22:00,Cancelado,Rechazado,null,ATE
Netcall,2 oct 2026,13,927785245,927785245,9283,Outbound,Portabilidad Postpago,PROGRAMADO,Logixtal,9001,ABIERTAS,Pendiente Entrega,Pendiente Entrega,TLV_NET_DSANC,SIM,3 oct 2026,null,null,No,ABIERTAS,null,Monolínea,Mono_item,Lima - Callao,null,null,null,null,08:00 - 13:00,En Progreso,Punto de No Retorno,null,ATE
Netcall,1 oct 2026,14,927326526,927326526,9283,Outbound,Portabilidad Postpago,EXPRESS,Logixtal,9001,CERRADAS,Entregado,Entregado,NET_MOQUISPITON,SIM,1 oct 2026,1 oct 2026,null,No,CERRADAS,2026-10-02 00:39:30,Multilínea,Mono_item,Lima - Callao,null,Power ilim 79.90 SD N,null,null,10:00 - 22:00,Cerrado,Resuelto,null,ATE
Netcall,1 oct 2026,11,927289109,9272891098285783327873,9283,Outbound,Portabilidad Postpago,EXPRESS,Logixtal,9001,CANCELADAS,Anulado,SOLICITADO POR CANAL,NET_VMEJIAC,SIM,1 oct 2026,null,null,No,CANCELADAS,2026-10-01 13:24:00,Multilínea,Mono_item,Lima - Callao,null,null,Power ilim 79.90 SD N,AmericaMovil,10:00 - 22:00,Cancelado,Rechazado,Desconocido,ATE
Netcall,2 oct 2026,18,927881920,927881920,9283,Outbound,Portabilidad Postpago,EXPRESS,Logixtal,9001,ABIERTAS,Pendiente Entrega,Pendiente Entrega,NET_EGOMEZB,SIM,2 oct 2026,null,null,No,ABIERTAS,null,Monolínea,Mono_item,Lima - Callao,null,null,null,null,10:00 - 22:00,En Progreso,Punto de No Retorno,null,ATE
Netcall,2 oct 2026,16,927832560,927832560,9283,Outbound,Portabilidad Postpago,EXPRESS,Logixtal,9001,CANCELADAS,Anulado,DIRECCIÓN ERRADA,NET_KCHAVEZF,SIM,2 oct 2026,null,null,No,CANCELADAS,2026-10-02 18:05:43,Multilínea,Mono_item,Lima - Callao,null,null,null,null,10:00 - 22:00,Cancelado,Rechazado,null,ATE
Netcall,2 oct 2026,13,927783253,927783253,9283,Outbound,Portabilidad Postpago,PROGRAMADO,Logixtal,9001,CANCELADAS,Cancelado,SOLICITADO POR CANAL,NET_TGTORRESM,SIM,4 oct 2026,null,null,No,CANCELADAS,2026-10-02 14:10:42,Multilínea,Mono_item,Lima - Callao,null,null,null,null,08:00 - 22:00,Cancelado,Rechazado,null,ATE
Netcall,2 oct 2026,10,927730244,927730244,9283,Outbound,Portabilidad Postpago,EXPRESS,Logixtal,9001,CANCELADAS,Anulado,DIRECCIÓN ERRADA,NET_ACORDOVAS,SIM,2 oct 2026,null,null,No,CANCELADAS,2026-10-02 15:24:45,Monolínea,Mono_item,Lima - Callao,null,null,null,null,10:00 - 22:00,Cancelado,Rechazado,null,ATE
Netcall,1 oct 2026,14,927327829,9273278298286158528115,9283,Outbound,Portabilidad Postpago,EXPRESS,Logixtal,9001,CERRADAS,Entregado,Entregado,NET_MOQUISPITON,SIM,1 oct 2026,1 oct 2026,null,No,CERRADAS,2026-10-02 03:43:57,Multilínea,Mono_item,Lima - Callao,null,Power ilim 79.90 SD N,Power ilim 79.90 SD N,AmericaMovil,10:00 - 22:00,Cerrado,Resuelto,Desconocido,ATE
Netcall,2 oct 2026,17,927867642,927867642,9283,Outbound,Portabilidad Postpago,EXPRESS,Logixtal,9001,CERRADAS,Entregado,Entregado,NET_TANCHANTEG,SIM,2 oct 2026,2 oct 2026,null,No,CERRADAS,2026-10-03 01:12:51,Multilínea,Mono_item,Lima - Callao,null,Power ilim 79.90 SD N,null,null,10:00 - 22:00,Cerrado,Resuelto,null,ATE
Netcall,1 oct 2026,18,927408390,9274083908286948217701,9283,Outbound,Portabilidad Postpago,EXPRESS,Logixtal,9001,ABIERTAS,Pendiente Entrega,Pendiente Entrega,NET_EJARANAA,SIM,1 oct 2026,null,null,No,ABIERTAS,null,Multilínea,Multi_item,Lima - Callao,null,null,Power ilim 79.90 SD N,AmericaMovil,10:00 - 22:00,En Progreso,Punto de No Retorno,Desconocido,ATE
Netcall,2 oct 2026,7,927654533,927654533,9283,Outbound,Portabilidad Postpago,PROGRAMADO,Logixtal,9001,ABIERTAS,Pendiente Entrega,Pendiente Entrega,NET_JLUCIANOT,SIM,4 oct 2026,null,null,No,ABIERTAS,null,Monolínea,Mono_item,Lima - Callao,null,null,null,null,08:00 - 22:00,En Progreso,Punto de No Retorno,null,ATE
Netcall,1 oct 2026,17,927386857,9273868578286737942601,9283,Outbound,Portabilidad Postpago,PROGRAMADO,Logixtal,9001,CERRADAS,Entregado,Entregado,NET_EMEDINAU,SIM,2 oct 2026,2 oct 2026,null,No,CERRADAS,2026-10-03 02:03:27,Monolínea,Mono_item,Lima - Callao,null,Power ilim 69.90 N,Power ilim 69.90 N,AmericaMovil,08:00 - 13:00,Cerrado,Resuelto,Desconocido,ATE
Netcall,2 oct 2026,12,927775997,927775997,9283,Outbound,Portabilidad Postpago,EXPRESS,Logixtal,9001,CANCELADAS,Anulado,DIRECCIÓN ERRADA,NET_KCHAVEZF,SIM,2 oct 2026,null,null,No,CANCELADAS,2026-10-02 13:50:40,Multilínea,Mono_item,Lima - Callao,null,null,null,null,10:00 - 22:00,Cancelado,Rechazado,null,ATE
Netcall,1 oct 2026,13,927319598,9273195988286082626940,9283,Outbound,Portabilidad Postpago,EXPRESS,Logixtal,9001,CERRADAS,Entregado,Entregado,NET_VMEJIAC,SIM,1 oct 2026,1 oct 2026,null,No,CERRADAS,2026-10-02 01:57:57,Multilínea,Mono_item,Lima - Callao,null,Power ilim 79.90 SD N,Power ilim 79.90 SD N,AmericaMovil,10:00 - 22:00,Cerrado,Resuelto,Desconocido,ATE
Netcall,1 oct 2026,17,927386073,9273860738286735825850,9283,Outbound,Portabilidad Postpago,EXPRESS,Logixtal,9001,CERRADAS,Entregado,Entregado,NET_NCASTILLOF,SIM,1 oct 2026,1 oct 2026,null,No,CERRADAS,2026-10-02 01:11:53,Monolínea,Mono_item,Lima - Callao,null,Power ilim 69.90 N,Power ilim 69.90 N,AmericaMovil,10:00 - 22:00,Cerrado,Resuelto,Desconocido,ATE
Netcall,3 oct 2026,9,928026468,92802646889511710101080514497,9283,Outbound,Portabilidad Postpago,EXPRESS,Logixtal,9001,ABIERTAS,Entregado,Entregado,NET_SLIZARDOPER,SIM,3 oct 2026,null,null,No,ABIERTAS,null,Monolínea,Mono_item,Lima - Callao,null,null,null,null,10:00 - 22:00,En Progreso,Punto de No Retorno,null,null
Netcall,1 oct 2026,13,927322234,9273222348286107275116,9283,Outbound,Venta Regular / Alta,EXPRESS,Logixtal,9001,CANCELADAS,Anulado,DIRECCIÓN ERRADA,NET_DNIEVESNIMA,SIM,1 oct 2026,null,null,No,CANCELADAS,2026-10-01 14:48:31,Multilínea,Mono_item,Lima - Callao,null,null,Power ilim 79.90 SD N,Desconocido,10:00 - 22:00,Cancelado,Rechazado,Desconocido,ATE
Netcall,1 oct 2026,15,927351928,9273519288286396315730,9283,Outbound,Portabilidad Postpago,EXPRESS,Logixtal,9001,CERRADAS,Entregado,Entregado,NET_GDELGADO,SIM,1 oct 2026,1 oct 2026,null,No,CERRADAS,2026-10-02 00:44:07,Monolínea,Mono_item,Lima - Callao,null,Power ilim 79.90 SD N,Power ilim 79.90 SD N,TELEFONICAPE,10:00 - 22:00,Cerrado,Resuelto,Desconocido,ATE
Netcall,2 oct 2026,16,927844936,927844936,9283,Outbound,Portabilidad Postpago,EXPRESS,Logixtal,9001,CERRADAS,Entregado,Entregado,NET_SCANTOT,SIM,2 oct 2026,2 oct 2026,null,No,CERRADAS,2026-10-03 00:54:36,Monolínea,Mono_item,Lima - Callao,null,Power ilim 69.90 N,null,null,10:00 - 22:00,Cerrado,Resuelto,null,ATE
Netcall,2 oct 2026,15,927822111,927822111,9283,Outbound,Portabilidad Postpago,EXPRESS,Logixtal,9001,CERRADAS,Entregado,Entregado,NET_ATISNADOA,SIM,2 oct 2026,2 oct 2026,null,No,CERRADAS,2026-10-03 01:58:19,Monolínea,Mono_item,Lima - Callao,null,Power ilim 69.90 N,null,null,10:00 - 22:00,Cerrado,Resuelto,null,ATE
Netcall,2 oct 2026,13,927782302,927782302,9283,Outbound,Portabilidad Postpago,EXPRESS,Logixtal,9001,CERRADAS,Entregado,Entregado,NET_SMENDOZAV,SIM,2 oct 2026,2 oct 2026,null,No,CERRADAS,2026-10-03 00:47:46,Monolínea,Mono_item,Lima - Callao,null,Power ilim 69.90 N,null,null,10:00 - 22:00,Cerrado,Resuelto,null,ATE
Netcall,2 oct 2026,7,927645409,927645409,9283,Outbound,Portabilidad Postpago,EXPRESS,Logixtal,9001,CERRADAS,Entregado,Entregado,NET_JROMEROC,SIM,2 oct 2026,2 oct 2026,null,No,CERRADAS,2026-10-03 01:06:38,Monolínea,Mono_item,Lima - Callao,null,Power ilim 79.90 SD N,null,null,10:00 - 22:00,Cerrado,Resuelto,null,ATE
Netcall,2 oct 2026,15,927814118,927814118,9283,Outbound,Portabilidad Postpago,EXPRESS,Logixtal,9001,CERRADAS,Entregado,Entregado,NET_EAYALAE,SIM,2 oct 2026,2 oct 2026,null,No,CERRADAS,2026-10-03 01:44:30,Monolínea,Mono_item,Lima - Callao,null,Power ilim 79.90 SD N,null,null,10:00 - 22:00,Cerrado,Resuelto,null,ATE
Netcall,1 oct 2026,13,927317539,9273175398286064759511,9283,Outbound,Portabilidad Postpago,EXPRESS,Logixtal,9001,CANCELADAS,Anulado,DIRECCIÓN ERRADA,NET_JAMASIFUENT,SIM,1 oct 2026,null,null,No,CANCELADAS,2026-10-01 14:25:31,Monolínea,Mono_item,Lima - Callao,null,null,Power ilim 69.90 N,TELEFONICAPE,10:00 - 22:00,Cancelado,Rechazado,Desconocido,ATE
Netcall,2 oct 2026,10,927720399,927720399,9283,Outbound,Portabilidad Postpago,EXPRESS,Logixtal,9001,CERRADAS,Entregado,Entregado,TLV_NET_CZEGARR,SIM,2 oct 2026,2 oct 2026,null,No,CERRADAS,2026-10-03 02:01:02,Multilínea,Mono_item,Lima - Callao,null,Power ilim 79.90 SD N,null,null,10:00 - 22:00,Cerrado,Resuelto,null,ATE
Netcall,3 oct 2026,11,928068201,92806820189511710111087014912,9283,Outbound,Portabilidad Postpago,EXPRESS,Logixtal,9001,ABIERTAS,Entregado,Entregado,TLV_NET_DCABEZU,SIM,3 oct 2026,null,null,No,ABIERTAS,null,Monolínea,Mono_item,Lima - Callao,null,null,null,null,10:00 - 22:00,En Progreso,Punto de No Retorno,null,null
Netcall,2 oct 2026,15,927828323,927828323,5299,Outbound,Portabilidad Postpago,EXPRESS,Logixtal,9001,CERRADAS,Entregado,Entregado,NET_JBOZAC,SIM,2 oct 2026,2 oct 2026,null,No,CERRADAS,2026-10-03 01:18:03,Monolínea,Mono_item,Lima - Callao,null,Power ilim 69.90 N,null,null,10:00 - 22:00,Cerrado,Resuelto,null,ATE
Netcall,1 oct 2026,10,927260548,9272605488285546314164,9283,Outbound,Portabilidad Postpago,PROGRAMADO,Logixtal,9001,ABIERTAS,Pendiente Entrega,Pendiente Entrega,NET_SRAMOSC,SIM,3 oct 2026,null,null,No,ABIERTAS,null,Multilínea,Mono_item,Lima - Callao,null,null,Power ilim 79.90 SD N,TELEFONICAPE,08:00 - 13:00,En Progreso,Punto de No Retorno,Desconocido,ATE
Netcall,1 oct 2026,13,927319709,9273197098286107404669,9283,Outbound,Portabilidad Postpago,EXPRESS,Logixtal,9001,CANCELADAS,Anulado,DIRECCIÓN ERRADA,NET_DNIEVESNIMA,SIM,1 oct 2026,null,null,No,CANCELADAS,2026-10-01 14:48:59,Multilínea,Mono_item,Lima - Callao,null,null,Power ilim 79.90 SD N,TELEFONICAPE,10:00 - 22:00,Cancelado,Rechazado,Desconocido,ATE
Netcall,3 oct 2026,10,928049772,92804977289511710111087014938,9283,Outbound,Portabilidad Postpago,EXPRESS,Logixtal,9001,ABIERTAS,Entregado,Entregado,NET_ACORDOVAS,SIM,3 oct 2026,null,null,No,ABIERTAS,null,Monolínea,Mono_item,Lima - Callao,null,null,null,null,10:00 - 22:00,En Progreso,Pago Recibido,null,null
Netcall,2 oct 2026,15,927755804,927755804,9283,Outbound,Portabilidad Postpago,EXPRESS,Logixtal,9001,CERRADAS,Entregado,Entregado,NET_MRIOSA,SIM,2 oct 2026,2 oct 2026,null,No,CERRADAS,2026-10-03 01:32:57,Monolínea,Mono_item,Lima - Callao,null,Power ilim 79.90 SD N,null,null,10:00 - 22:00,Cerrado,Resuelto,null,ATE
Netcall,3 oct 2026,10,928047396,92804739689511710101081010578,9283,Outbound,Portabilidad Postpago,EXPRESS,Logixtal,9001,ABIERTAS,Entregado,Entregado,NET_JCHAVEZPINT,SIM,3 oct 2026,null,null,No,ABIERTAS,null,Multilínea,Mono_item,Lima - Callao,null,null,null,null,10:00 - 22:00,En Progreso,Pago Recibido,null,null
Netcall,1 oct 2026,10,927246626,9272466268285423025626,9283,Outbound,Portabilidad Postpago,EXPRESS,Logixtal,9001,CANCELADAS,Anulado,PIN PORTA_NO VALIDO,NET_KSOLORZANOV,SIM,1 oct 2026,null,null,No,CANCELADAS,2026-10-02 10:13:56,Monolínea,Mono_item,Lima - Callao,null,null,Power ilim 69.90 N,Viettel Peru,08:00 - 20:00,Cancelado,Pedido Cancelación,Desconocido,ATE
Netcall,3 oct 2026,10,928042319,92804231989511710101081440437,9283,Outbound,Portabilidad Postpago,EXPRESS,Logixtal,9001,ABIERTAS,Entregado,Entregado,NET_JSILVERAG,SIM,3 oct 2026,null,null,No,ABIERTAS,null,Monolínea,Mono_item,Lima - Callao,null,null,null,null,10:00 - 22:00,En Progreso,Punto de No Retorno,null,null
Netcall,2 oct 2026,10,927730481,927730481,9283,Outbound,Portabilidad Postpago,EXPRESS,Logixtal,9001,CERRADAS,Entregado,Entregado,TLV_NET_CACEVED,SIM,2 oct 2026,2 oct 2026,null,No,CERRADAS,2026-10-03 00:26:27,Monolínea,Mono_item,Lima - Callao,null,Power ilim 79.90 SD N,null,null,10:00 - 22:00,Cerrado,Resuelto,null,ATE
Netcall,1 oct 2026,13,927314159,9273141598286035917725,9283,Outbound,Portabilidad Postpago,EXPRESS,Logixtal,9001,CERRADAS,Entregado,Entregado,TLV_NET_KARANDA,SIM,1 oct 2026,1 oct 2026,null,No,CERRADAS,2026-10-02 01:57:39,Multilínea,Mono_item,Lima - Callao,null,Power ilim 79.90 SD N,Power ilim 79.90 SD N,Viettel Peru,10:00 - 22:00,Cerrado,Resuelto,Portabilidad Rechazada. REC01ABD15: El Código NIP es invalido | REC01ABD15,ATE
Netcall,1 oct 2026,18,927406672,9274066728286935159130,9283,Outbound,Portabilidad Postpago,EXPRESS,Logixtal,9001,CERRADAS,Entregado,Entregado,NET_AQUISPET,SIM,1 oct 2026,1 oct 2026,null,No,CERRADAS,2026-10-02 01:30:28,Monolínea,Mono_item,Lima - Callao,null,Power ilim 79.90 SD N,Power ilim 79.90 SD N,AmericaMovil,10:00 - 22:00,Cerrado,Resuelto,Desconocido,ATE
Netcall,3 oct 2026,10,928041262,92804126289511710101081419514,9283,Outbound,Portabilidad Postpago,EXPRESS,Logixtal,9001,ABIERTAS,Entregado,Entregado,NET_ABARRERAY,SIM,3 oct 2026,null,null,No,ABIERTAS,null,Monolínea,Mono_item,Lima - Callao,null,null,null,null,10:00 - 22:00,En Progreso,Punto de No Retorno,null,null
Netcall,3 oct 2026,13,928119064,928119064Empty,9283,Outbound,Portabilidad Postpago,EXPRESS,Logixtal,9001,ABIERTAS,Pendiente Entrega,Pendiente de Picking,TLV_NET_DVALOI,SIM,3 oct 2026,null,null,No,ABIERTAS,null,Monolínea,Mono_item,Lima - Callao,null,null,null,null,10:00 - 22:00,En Progreso,En Progreso,null,null
Netcall,2 oct 2026,17,927864591,927864591,9271,Outbound,Portabilidad Postpago,EXPRESS,Logixtal,9001,CERRADAS,Entregado,Entregado,NET_KGUTIERREZV,SIM,2 oct 2026,2 oct 2026,null,No,CERRADAS,2026-10-03 00:59:39,Monolínea,Mono_item,Lima - Callao,null,Power ilim 79.90 SD N,null,null,10:00 - 22:00,Cerrado,Resuelto,null,ATE
Netcall,3 oct 2026,10,928046073,92804607389511710101081419548,9301,Outbound,Portabilidad Postpago,EXPRESS,Logixtal,9001,CANCELADAS,Pendiente Entrega,Pendiente de Picking,NET_FBARTET,SIM,3 oct 2026,null,null,No,CANCELADAS,2026-10-03 10:57:42,Multilínea,Mono_item,Lima - Callao,null,null,null,null,10:00 - 22:00,Cancelado,Rechazado,null,null
Netcall,1 oct 2026,13,927319051,9273190518286078600748,9283,Outbound,Portabilidad Postpago,EXPRESS,Logixtal,9001,CERRADAS,Entregado,Entregado,NET_SGONZALESF,SIM,1 oct 2026,1 oct 2026,null,No,CERRADAS,2026-10-02 00:44:01,Monolínea,Mono_item,Lima - Callao,null,Power ilim 69.90 N,Power ilim 69.90 N,TELEFONICAPE,10:00 - 22:00,Cerrado,Resuelto,Desconocido,ATE
Netcall,3 oct 2026,12,928104565,928104565Empty,9283,Outbound,Portabilidad Postpago,EXPRESS,Logixtal,9001,ABIERTAS,Pendiente Entrega,Pendiente de Picking,TLV_NET_LSANCHA,SIM,3 oct 2026,null,null,No,ABIERTAS,null,Multilínea,Mono_item,Lima - Callao,null,null,null,null,10:00 - 22:00,En Progreso,Documentación Generada,null,null
Netcall,3 oct 2026,9,928039280,92803928089511710101081440445,9283,Outbound,Portabilidad Postpago,EXPRESS,Logixtal,9001,ABIERTAS,Pendiente Entrega,Pendiente de Picking,NET_DREVILLAN,SIM,3 oct 2026,null,null,No,ABIERTAS,null,Monolínea,Mono_item,Lima - Callao,null,null,null,null,10:00 - 22:00,En Progreso,Punto de No Retorno,null,null
Netcall,2 oct 2026,12,927768631,927768631,9283,Outbound,Portabilidad Postpago,EXPRESS,Logixtal,9001,CANCELADAS,Entregado,Entregado,NET_KCHAVEZF,SIM,2 oct 2026,2 oct 2026,null,No,CANCELADAS,2026-10-02 22:00:27,Monolínea,Mono_item,Lima - Callao,null,null,null,null,10:00 - 22:00,Cancelado,Pedido Cancelación,null,ATE
Netcall,3 oct 2026,13,928109036,928109036Empty,9283,Outbound,Portabilidad Postpago,PROGRAMADO,Logixtal,9001,ABIERTAS,Pendiente Entrega,Pendiente de Picking,TLV_NET_MFARFAN,SIM,5 oct 2026,null,null,No,ABIERTAS,null,Multilínea,Mono_item,Lima - Callao,null,null,null,null,08:00 - 13:00,En Progreso,En Progreso,null,null
Netcall,1 oct 2026,13,927311797,9273117978286018709644,9283,Outbound,Portabilidad Postpago,EXPRESS,Logixtal,9001,CERRADAS,Entregado,Entregado,TLV_NET_KARANDA,SIM,1 oct 2026,1 oct 2026,null,No,CERRADAS,2026-10-02 01:08:30,Multilínea,Mono_item,Lima - Callao,null,Power ilim 79.90 SD N,Power ilim 79.90 SD N,TELEFONICAPE,10:00 - 22:00,Cerrado,Resuelto,Desconocido,ATE
Netcall,3 oct 2026,10,928041111,92804111189511710101081440452,9283,Outbound,Portabilidad Postpago,EXPRESS,Logixtal,9001,CANCELADAS,Pendiente Entrega,Pendiente de Picking,TLV_NET_MFARFAN,SIM,3 oct 2026,null,null,No,CANCELADAS,2026-10-03 11:25:46,Multilínea,Mono_item,Lima - Callao,null,null,null,null,10:00 - 22:00,Cancelado,Rechazado,null,null
Netcall,2 oct 2026,15,927815292,927815292,9283,Outbound,Portabilidad Postpago,EXPRESS,Logixtal,9001,CANCELADAS,Entregado,Entregado,NET_AMILTONL,SIM,2 oct 2026,2 oct 2026,null,No,CANCELADAS,2026-10-02 22:00:25,Monolínea,Mono_item,Lima - Callao,null,null,null,null,10:00 - 22:00,Cancelado,Pedido Cancelación,null,ATE
Netcall,2 oct 2026,13,927782702,927782702,9283,Outbound,Portabilidad Postpago,EXPRESS,Logixtal,9001,CERRADAS,Entregado,Entregado,TLV_NET_BRAMIRE,SIM,2 oct 2026,2 oct 2026,null,No,CERRADAS,2026-10-03 01:23:05,Monolínea,Mono_item,Lima - Callao,null,Power ilim 79.90 SD N,null,null,10:00 - 22:00,Cerrado,Resuelto,null,ATE
Netcall,3 oct 2026,12,928102697,928102697Empty,9283,Outbound,Portabilidad Postpago,PROGRAMADO,Logixtal,9001,ABIERTAS,Pendiente Entrega,Pendiente de Picking,TLV_NET_LSANCHA,SIM,5 oct 2026,null,null,No,ABIERTAS,null,Multilínea,Mono_item,Lima - Callao,null,null,null,null,08:00 - 13:00,En Progreso,En Progreso,null,null
Netcall,2 oct 2026,17,927868734,927868734,9283,Outbound,Portabilidad Postpago,EXPRESS,Logixtal,9001,CERRADAS,Entregado,Entregado,NET_TANCHANTEG,SIM,2 oct 2026,2 oct 2026,null,No,CERRADAS,2026-10-03 01:01:41,Multilínea,Mono_item,Lima - Callao,null,Power ilim 79.90 SD N,null,null,10:00 - 22:00,Cerrado,Resuelto,null,ATE
Netcall,3 oct 2026,13,928108640,928108640Empty,9283,Outbound,Portabilidad Postpago,EXPRESS,Logixtal,9001,ABIERTAS,Pendiente Entrega,Pendiente de Picking,NET_CDACHAC,SIM,3 oct 2026,null,null,No,ABIERTAS,null,Monolínea,Mono_item,Lima - Callao,null,null,null,null,10:00 - 22:00,En Progreso,En Progreso,null,null
Netcall,1 oct 2026,10,927256825,9272568258285513717319,9283,Outbound,Portabilidad Postpago,EXPRESS,Logixtal,9001,CERRADAS,Entregado,Entregado,NET_SRAMOSC,SIM,1 oct 2026,1 oct 2026,null,No,CERRADAS,2026-10-02 03:07:12,Multilínea,Mono_item,Lima - Callao,null,Power ilim 79.90 SD N,Power ilim 79.90 SD N,TELEFONICAPE,10:00 - 22:00,Cerrado,Resuelto,Desconocido,ATE
Netcall,3 oct 2026,12,928102986,928102986Empty,9283,Outbound,Portabilidad Postpago,EXPRESS,Logixtal,9001,ABIERTAS,Pendiente Entrega,Pendiente de Picking,NET_PSANCHEZE,SIM,3 oct 2026,null,null,No,ABIERTAS,null,Monolínea,Mono_item,Lima - Callao,null,null,null,null,10:00 - 22:00,En Progreso,En Progreso,null,null
Netcall,3 oct 2026,9,928027332,92802733289511710101081041946,9271,Outbound,Portabilidad Postpago,EXPRESS,Logixtal,9001,ABIERTAS,Entregado,Entregado,NET_KANGELESS,SIM,3 oct 2026,null,null,No,ABIERTAS,null,Multilínea,Mono_item,Lima - Callao,null,null,null,null,10:00 - 22:00,En Progreso,Pago Recibido,null,null
Netcall,1 oct 2026,10,927257509,9272575098285520221390,9283,Outbound,Portabilidad Postpago,EXPRESS,Logixtal,9001,CERRADAS,Entregado,Entregado,NET_AARNAIZA,SIM,1 oct 2026,1 oct 2026,null,No,CERRADAS,2026-10-02 02:22:53,Monolínea,Mono_item,Lima - Callao,null,Power ilim 79.90 SD N,Power ilim 79.90 SD N,TELEFONICAPE,10:00 - 22:00,Cerrado,Resuelto,Desconocido,ATE
Netcall,1 oct 2026,16,927374996,9273749968286629787103,9283,Outbound,Portabilidad Postpago,EXPRESS,Logixtal,9001,CERRADAS,Entregado,Entregado,TLV_NET_MLANDAR,SIM,1 oct 2026,1 oct 2026,null,No,CERRADAS,2026-10-02 01:50:38,Monolínea,Mono_item,Lima - Callao,null,Power ilim 79.90 SD N,Power ilim 79.90 SD N,AmericaMovil,10:00 - 22:00,Cerrado,Resuelto,Portabilidad Rechazada. REC01ABD15: El Código NIP es invalido | REC01ABD15,ATE
Netcall,2 oct 2026,17,927867547,927867547,9283,Outbound,Portabilidad Postpago,PROGRAMADO,Logixtal,9001,ABIERTAS,No bop,No bop,NET_TGTORRESM,SIM,4 oct 2026,null,null,No,ABIERTAS,null,Multilínea,Mono_item,Lima - Callao,null,null,null,null,08:00 - 22:00,En Progreso,En Progreso,null,ATE
Netcall,3 oct 2026,10,928048388,92804838889511710101081010842,9283,Outbound,Portabilidad Postpago,EXPRESS,Logixtal,9001,ABIERTAS,Entregado,Entregado,NET_JCHAVEZPINT,SIM,3 oct 2026,null,null,No,ABIERTAS,null,Multilínea,Mono_item,Lima - Callao,null,null,null,null,10:00 - 22:00,En Progreso,Pago Recibido,null,null
Netcall,2 oct 2026,10,927723281,927723281,9283,Outbound,Portabilidad Postpago,RETIRO EN TIENDA,Retiro en tienda,3114,CERRADAS,Entregado,Entregado,NET_ATORRESP,SIM,2 oct 2026,2 oct 2026,null,No,CERRADAS,2026-10-03 01:33:49,Monolínea,Mono_item,La Libertad,null,Power ilim 69.90 N,null,null,09:00 - 21:00,Cerrado,Resuelto,null,null
Netcall,1 oct 2026,10,927259155,927259155,9283,Outbound,Portabilidad Postpago,EXPRESS,Logixtal,5022,CERRADAS,Entregado,Entregado,NET_MVASQUEZV,SIM,1 oct 2026,1 oct 2026,null,No,CERRADAS,2026-10-02 00:10:21,Multilínea,Mono_item,Arequipa,null,Power ilim 79.90 SD N,null,null,10:00 - 20:00,Cerrado,Resuelto,null,AREQUIPA
Netcall,1 oct 2026,10,927255008,9272550088285496551328,9283,Outbound,Portabilidad Postpago,EXPRESS,Logixtal,5022,CERRADAS,Entregado,Entregado,NET_CIOLAYAR,SIM,1 oct 2026,1 oct 2026,null,No,CERRADAS,2026-10-02 01:27:06,Multilínea,Mono_item,Arequipa,null,Power ilim 79.90 SD N,Power ilim 79.90 SD N,AmericaMovil,10:00 - 20:00,Cerrado,Resuelto,Desconocido,AREQUIPA
Netcall,2 oct 2026,13,927783619,927783619,9283,Outbound,Portabilidad Postpago,RETIRO EN TIENDA,Retiro en tienda,3163,CERRADAS,Entregado,Entregado,NET_YMILLA,SIM,2 oct 2026,2 oct 2026,null,No,CERRADAS,2026-10-03 03:43:17,Multilínea,Mono_item,Arequipa,null,Power ilim 99.90 SD N,null,null,09:00 - 21:00,Cerrado,Resuelto,null,null
Netcall,3 oct 2026,12,928091627,92809162789511710101029524201,9283,Outbound,Portabilidad Postpago,EXPRESS,Logixtal,5022,ABIERTAS,Pendiente Entrega,Pendiente de Picking,NET_YGARCIAP,SIM,3 oct 2026,null,null,No,ABIERTAS,null,Monolínea,Mono_item,Arequipa,null,null,null,null,10:00 - 20:00,En Progreso,Punto de No Retorno,null,null
Netcall,2 oct 2026,10,927715555,927715555,9283,Outbound,Portabilidad Postpago,EXPRESS,Logixtal,5022,CERRADAS,Entregado,Entregado,NET_TDILAST,SIM,2 oct 2026,2 oct 2026,null,No,CERRADAS,2026-10-03 01:00:30,Multilínea,Mono_item,Arequipa,null,Power ilim 79.90 SD N,null,null,10:00 - 20:00,Cerrado,Resuelto,null,AREQUIPA
Netcall,2 oct 2026,8,927680586,927680586,9283,Outbound,Portabilidad Postpago,EXPRESS,Logixtal,5022,CERRADAS,Entregado,Entregado,TLV_NET_DVALOI,SIM,2 oct 2026,2 oct 2026,null,No,CERRADAS,2026-10-03 00:32:00,Monolínea,Mono_item,Arequipa,null,Power ilim 69.90 N,null,null,10:00 - 20:00,Cerrado,Resuelto,null,AREQUIPA
Netcall,3 oct 2026,12,928097669,928097669Empty,9283,Outbound,Portabilidad Postpago,RETIRO EN TIENDA,Retiro en tienda,5058,CANCELADAS,Cancelado,Cancelado,NET_JSIADEN,SIM,3 oct 2026,null,null,No,CANCELADAS,2026-10-03 13:12:01,Monolínea,Mono_item,Arequipa,null,null,null,null,09:00 - 21:00,Cancelado,Rechazado,null,null
Netcall,1 oct 2026,11,927279634,9272796348285696763454,5299,Outbound,Portabilidad Postpago,EXPRESS,Logixtal,5022,CERRADAS,Entregado,Entregado,NET_RCANDIOTTIA,SIM,1 oct 2026,1 oct 2026,null,No,CERRADAS,2026-10-02 00:53:26,Monolínea,Mono_item,Arequipa,null,Power ilim 79.90 SD N,Power ilim 79.90 SD N,Viettel Peru,10:00 - 20:00,Cerrado,Resuelto,Desconocido,AREQUIPA
Netcall,2 oct 2026,15,927829415,927829415,9283,Outbound,Portabilidad Postpago,EXPRESS,Logixtal,5022,CERRADAS,Entregado,Entregado,NET_JLIL,SIM,2 oct 2026,2 oct 2026,null,No,CERRADAS,2026-10-03 01:16:15,Monolínea,Mono_item,Arequipa,null,Power ilim 69.90 N,null,null,10:00 - 20:00,Cerrado,Resuelto,null,AREQUIPA
Netcall,1 oct 2026,10,927260606,9272606068285545666301,5299,Outbound,Portabilidad Postpago,EXPRESS,Logixtal,5022,CERRADAS,Entregado,Entregado,NET_RCANDIOTTIA,SIM,1 oct 2026,1 oct 2026,null,No,CERRADAS,2026-10-02 01:36:06,Multilínea,Mono_item,Arequipa,null,Power ilim 79.90 SD N,Power ilim 79.90 SD N,TELEFONICAPE,10:00 - 20:00,Cerrado,Resuelto,Desconocido,AREQUIPA
Netcall,3 oct 2026,11,928063691,928063691Empty,9283,Outbound,Portabilidad Postpago,RETIRO EN TIENDA,Retiro en tienda,7128,CANCELADAS,Cancelado,Cancelado,NET_CALVANC,SIM,3 oct 2026,null,null,No,CANCELADAS,2026-10-03 11:57:16,Multilínea,Mono_item,Arequipa,null,null,null,null,09:00 - 21:00,Cancelado,Rechazado,null,null
Netcall,1 oct 2026,10,927261741,9272617418285559942652,5299,Outbound,Portabilidad Postpago,EXPRESS,Logixtal,5022,CERRADAS,Entregado,Entregado,NET_RCANDIOTTIA,SIM,1 oct 2026,1 oct 2026,null,No,CERRADAS,2026-10-02 01:27:41,Multilínea,Mono_item,Arequipa,null,Power ilim 79.90 SD N,Power ilim 79.90 SD N,TELEFONICAPE,10:00 - 20:00,Cerrado,Resuelto,Desconocido,AREQUIPA
Netcall,1 oct 2026,17,927377177,9273771778286648597168,9283,Outbound,Portabilidad Postpago,RETIRO EN TIENDA,Retiro en tienda,7128,CERRADAS,Entregado,Entregado,NET_JAMASIFUENT,SIM,1 oct 2026,1 oct 2026,null,No,CERRADAS,2026-10-02 01:29:07,Monolínea,Mono_item,Arequipa,null,Power ilim 69.90 N,Power ilim 69.90 N,AmericaMovil,09:00 - 21:00,Cerrado,Resuelto,Desconocido,null
Netcall,3 oct 2026,9,928033615,92803361589511710101029525018,9283,Outbound,Portabilidad Postpago,EXPRESS,Logixtal,5022,ABIERTAS,Pendiente Entrega,Pendiente de Picking,NET_DVILLALOBOS,SIM,3 oct 2026,null,null,No,ABIERTAS,null,Monolínea,Mono_item,Arequipa,null,null,null,null,10:00 - 20:00,En Progreso,Punto de No Retorno,null,null
Netcall,1 oct 2026,10,927261708,9272617088285554705869,9283,Outbound,Portabilidad Postpago,EXPRESS,Logixtal,5022,CERRADAS,Entregado,Entregado,NET_MVASQUEZV,SIM,1 oct 2026,1 oct 2026,null,No,CERRADAS,2026-10-02 02:00:02,Multilínea,Mono_item,Arequipa,null,Power ilim 79.90 SD N,Power ilim 79.90 SD N,AmericaMovil,10:00 - 20:00,Cerrado,Resuelto,Desconocido,AREQUIPA
Netcall,3 oct 2026,11,928070256,92807025689511710101029525026,9283,Outbound,Portabilidad Postpago,EXPRESS,Logixtal,5022,ABIERTAS,Entregado,Entregado,NET_JTITOM,SIM,3 oct 2026,null,null,No,ABIERTAS,null,Monolínea,Mono_item,Arequipa,null,null,null,null,10:00 - 20:00,En Progreso,Punto de No Retorno,null,null
Netcall,2 oct 2026,17,927862935,927862935,9283,Outbound,Portabilidad Postpago,RETIRO EN TIENDA,Retiro en tienda,3163,ABIERTAS,Pendiente Entrega,Pendiente Entrega,NET_MAZCARATED,SIM,2 oct 2026,null,null,No,ABIERTAS,null,Monolínea,Mono_item,Arequipa,null,null,null,null,09:00 - 21:00,En Progreso,Documentación Generada,null,null
Netcall,2 oct 2026,13,927791908,927791908,9283,Outbound,Portabilidad Postpago,EXPRESS,Logixtal,5022,CERRADAS,Entregado,Entregado,NET_LFIESTASG,SIM,2 oct 2026,2 oct 2026,null,No,CERRADAS,2026-10-03 01:14:48,Monolínea,Mono_item,Arequipa,null,Power ilim 69.90 N,null,null,10:00 - 20:00,Cerrado,Resuelto,null,AREQUIPA
Netcall,2 oct 2026,13,927785061,927785061,9283,Outbound,Portabilidad Postpago,RETIRO EN TIENDA,Retiro en tienda,3163,CERRADAS,Entregado,Entregado,NET_YMILLA,SIM,2 oct 2026,2 oct 2026,null,No,CERRADAS,2026-10-03 01:57:00,Multilínea,Mono_item,Arequipa,null,Power ilim 99.90 SD N,null,null,09:00 - 21:00,Cerrado,Resuelto,null,null
Netcall,1 oct 2026,10,927255943,9272559438285504807653,9283,Outbound,Portabilidad Postpago,EXPRESS,Logixtal,5022,CERRADAS,Entregado,Entregado,NET_CIOLAYAR,SIM,1 oct 2026,1 oct 2026,null,No,CERRADAS,2026-10-02 03:31:06,Multilínea,Mono_item,Arequipa,null,Power ilim 79.90 SD N,Power ilim 79.90 SD N,AmericaMovil,10:00 - 20:00,Cerrado,Resuelto,Desconocido,AREQUIPA
Netcall,3 oct 2026,12,928103929,928103929Empty,9223,Fidelización,Renovación,RETIRO EN TIENDA,Retiro en tienda,3163,ABIERTAS,Pendiente Entrega,Pendiente Entrega,NET_IPENAA,Equipo,3 oct 2026,null,null,No,ABIERTAS,null,Multilínea,Mono_item,Arequipa,null,null,null,null,09:00 - 21:00,En Progreso,En Progreso,null,null
Netcall,2 oct 2026,10,927713024,927713024,9283,Outbound,Portabilidad Postpago,EXPRESS,Logixtal,5022,CERRADAS,Entregado,Entregado,NET_TDILAST,SIM,2 oct 2026,2 oct 2026,null,No,CERRADAS,2026-10-03 01:27:34,Multilínea,Mono_item,Arequipa,null,Power ilim 79.90 SD N,null,null,10:00 - 20:00,Cerrado,Resuelto,null,AREQUIPA
Netcall,1 oct 2026,18,927398675,9273986758286853302407,9271,Outbound,Portabilidad Postpago,RETIRO EN TIENDA,Retiro en tienda,5058,ABIERTAS,Pendiente Entrega,Pendiente Entrega,NET_EPARDOG,SIM,1 oct 2026,null,null,No,ABIERTAS,null,Monolínea,Mono_item,Arequipa,null,null,Power ilim 69.90 N,Viettel Peru,09:00 - 21:00,En Progreso,En Progreso,Desconocido,null
Netcall,2 oct 2026,15,927818301,927818301,9283,Outbound,Portabilidad Postpago,RETIRO EN TIENDA,Retiro en tienda,8010,CANCELADAS,Cancelado,Cancelado,NET_EGOMEZB,SIM,2 oct 2026,null,null,No,CANCELADAS,2026-10-02 20:31:45,Monolínea,Mono_item,Arequipa,null,null,null,null,09:00 - 21:00,Cancelado,Rechazado,null,null
Netcall,1 oct 2026,15,927347643,9273476438286355809156,9283,Outbound,Portabilidad Postpago,RETIRO EN TIENDA,Retiro en tienda,7128,CERRADAS,Entregado,Entregado,NET_RURBINAG,SIM,1 oct 2026,1 oct 2026,null,No,CERRADAS,2026-10-02 03:44:15,Monolínea,Mono_item,Arequipa,null,Power ilim 79.90 SD N,Power ilim 79.90 SD N,TELEFONICAPE,09:00 - 21:00,Cerrado,Resuelto,Desconocido,null
Netcall,3 oct 2026,12,928084566,928084566Empty,9283,Outbound,Portabilidad Postpago,RETIRO EN TIENDA,Retiro en tienda,7128,ABIERTAS,Pendiente Entrega,Pendiente Entrega,NET_CALVANC,SIM,3 oct 2026,null,null,No,ABIERTAS,null,Multilínea,Mono_item,Arequipa,null,null,null,null,09:00 - 21:00,En Progreso,Pago Recibido,null,null
Netcall,3 oct 2026,12,928085978,928085978Empty,9283,Outbound,Venta Regular / Alta,RETIRO EN TIENDA,Retiro en tienda,7128,CERRADAS,Entregado,Entregado,NET_CALVANC,SIM,3 oct 2026,3 oct 2026,null,No,CERRADAS,2026-10-03 12:41:10,Multilínea,Mono_item,Arequipa,null,Power ilim 79.90 SD N,null,null,09:00 - 21:00,Cerrado,Resuelto,null,null
Netcall,2 oct 2026,10,927714433,927714433,9283,Outbound,Portabilidad Postpago,EXPRESS,Logixtal,5022,CERRADAS,Entregado,Entregado,NET_TDILAST,SIM,2 oct 2026,2 oct 2026,null,No,CERRADAS,2026-10-03 01:40:55,Multilínea,Mono_item,Arequipa,null,Power ilim 79.90 SD N,null,null,10:00 - 20:00,Cerrado,Resuelto,null,AREQUIPA
Netcall,3 oct 2026,11,928070256,92807025689511710101029525034,9283,Outbound,Portabilidad Postpago,EXPRESS,Logixtal,5022,ABIERTAS,Entregado,Entregado,NET_JTITOM,SIM,3 oct 2026,null,null,No,ABIERTAS,null,Monolínea,Mono_item,Arequipa,null,null,null,null,10:00 - 20:00,En Progreso,Punto de No Retorno,null,null
Netcall,2 oct 2026,13,927779974,927779974,9283,Outbound,Portabilidad Postpago,RETIRO EN TIENDA,Retiro en tienda,3163,CERRADAS,Entregado,Entregado,NET_YMILLA,SIM,2 oct 2026,2 oct 2026,null,No,CERRADAS,2026-10-03 00:58:01,Multilínea,Mono_item,Arequipa,null,Power ilim 99.90 SD N,null,null,09:00 - 21:00,Cerrado,Resuelto,null,null
Netcall,3 oct 2026,11,928070256,92807025689511710101029525042,9283,Outbound,Portabilidad Postpago,EXPRESS,Logixtal,5022,ABIERTAS,Entregado,Entregado,NET_JTITOM,SIM,3 oct 2026,null,null,No,ABIERTAS,null,Monolínea,Mono_item,Arequipa,null,null,null,null,10:00 - 20:00,En Progreso,Punto de No Retorno,null,null
Netcall,1 oct 2026,9,927233193,927233193,9283,Outbound,Portabilidad Postpago,RETIRO EN TIENDA,Retiro en tienda,3163,CERRADAS,Entregado,Entregado,NET_JVELASQUEZS,SIM,1 oct 2026,1 oct 2026,null,No,CERRADAS,2026-10-02 00:19:56,Monolínea,Mono_item,Arequipa,null,Power ilim 69.90 N,null,null,09:00 - 21:00,Cerrado,Resuelto,null,null
Netcall,1 oct 2026,10,927264772,9272647728285579168098,9283,Outbound,Portabilidad Postpago,EXPRESS,Logixtal,5022,CERRADAS,Entregado,Entregado,NET_MVASQUEZV,SIM,1 oct 2026,2 oct 2026,null,No,CERRADAS,2026-10-03 01:31:06,Multilínea,Mono_item,Arequipa,null,Power ilim 79.90 SD N,Power ilim 79.90 SD N,AmericaMovil,10:00 - 20:00,Cerrado,Resuelto,Desconocido,AREQUIPA
Netcall,3 oct 2026,10,928039597,928039597Empty,9283,Outbound,Portabilidad Postpago,RETIRO EN TIENDA,Retiro en tienda,8010,ABIERTAS,Pendiente Entrega,Pendiente Entrega,NET_MRIOSP,SIM,3 oct 2026,null,null,No,ABIERTAS,null,Monolínea,Mono_item,Arequipa,null,null,null,null,09:00 - 21:00,En Progreso,En Progreso,null,null
Netcall,1 oct 2026,10,927254142,9272541428285489373976,9283,Outbound,Portabilidad Postpago,EXPRESS,Logixtal,5022,CERRADAS,Entregado,Entregado,NET_CIOLAYAR,SIM,1 oct 2026,1 oct 2026,null,No,CERRADAS,2026-10-02 04:16:32,Multilínea,Mono_item,Arequipa,null,Power ilim 79.90 SD N,Power ilim 79.90 SD N,AmericaMovil,10:00 - 20:00,Cerrado,Resuelto,Desconocido,AREQUIPA
Netcall,2 oct 2026,10,927711124,927711124,9271,Outbound,Portabilidad Postpago,EXPRESS,Logixtal,5022,CERRADAS,Entregado,Entregado,NET_KESCORZAC,SIM,2 oct 2026,2 oct 2026,null,No,CERRADAS,2026-10-03 00:40:42,Monolínea,Mono_item,Arequipa,null,Power ilim 69.90 N,null,null,10:00 - 20:00,Cerrado,Resuelto,null,AREQUIPA
Netcall,1 oct 2026,17,927383065,9273830658286724725978,9283,Outbound,Portabilidad Postpago,RETIRO EN TIENDA,Retiro en tienda,3204,CERRADAS,Entregado,Entregado,NET_GSANTOSC,SIM,1 oct 2026,1 oct 2026,null,No,CERRADAS,2026-10-02 01:59:07,Monolínea,Mono_item,Apurimac,null,Power ilim 79.90 SD N,Power ilim 79.90 SD N,AmericaMovil,17:00 - 21:00,Cerrado,Resuelto,Desconocido,null
Netcall,1 oct 2026,15,927351912,927351912,9283,Outbound,Portabilidad Postpago,EXPRESS,Logixtal,9354,CERRADAS,Entregado,Entregado,NET_PSANCHEZE,SIM,1 oct 2026,1 oct 2026,null,No,CERRADAS,2026-10-02 00:12:15,Monolínea,Mono_item,Ayacucho,null,Power ilim 79.90 SD N,null,null,10:00 - 20:00,Cerrado,Resuelto,null,ANDRES AVELINO CACERES DORREGARAY
Netcall,2 oct 2026,11,927738133,927738133,9283,Outbound,Portabilidad Postpago,EXPRESS,Logixtal,9358,CERRADAS,Entregado,Entregado,NET_CLOPEZA,SIM,2 oct 2026,2 oct 2026,null,No,CERRADAS,2026-10-03 02:00:54,Monolínea,Mono_item,Apurimac,null,Power ilim 79.90 SD N,null,null,10:00 - 20:00,Cerrado,Resuelto,null,ANDAHUAYLAS
Netcall,2 oct 2026,17,927863737,927863737,9283,Outbound,Portabilidad Postpago,PROGRAMADO,Logixtal,9358,ABIERTAS,Pendiente Entrega,Pendiente Entrega,NET_MZEVALLOSMA,SIM,3 oct 2026,null,null,No,ABIERTAS,null,Monolínea,Mono_item,Apurimac,null,null,null,null,09:00 - 13:00,En Progreso,En Progreso,null,ANDAHUAYLAS
Netcall,2 oct 2026,13,927791257,927791257,9283,Outbound,Portabilidad Postpago,EXPRESS,Logixtal,9358,ABIERTAS,Pendiente Entrega,Pendiente Entrega,TLV_NET_ECUROS,SIM,2 oct 2026,null,null,No,ABIERTAS,null,Monolínea,Mono_item,Apurimac,null,null,null,null,08:00 - 20:00,En Progreso,Punto de No Retorno,null,ANDAHUAYLAS
Netcall,2 oct 2026,16,927829301,927829301,5299,Outbound,Portabilidad Postpago,EXPRESS,Logixtal,9358,CERRADAS,Entregado,Entregado,NET_RCANDIOTTIA,SIM,2 oct 2026,2 oct 2026,null,No,CERRADAS,2026-10-03 00:47:51,Monolínea,Mono_item,Apurimac,null,Power ilim 69.90 N,null,null,10:00 - 20:00,Cerrado,Resuelto,null,ANDAHUAYLAS
Netcall,1 oct 2026,13,927310113,9273101138285992356996,9283,Outbound,Portabilidad Postpago,PROGRAMADO,Logixtal,9358,ABIERTAS,Pendiente Entrega,Pendiente Entrega,NET_CCURAYG,SIM,2 oct 2026,null,null,No,ABIERTAS,null,Monolínea,Mono_item,Apurimac,null,null,Power ilim 69.90 N,Viettel Peru,09:00 - 13:00,En Progreso,Punto de No Retorno,Desconocido,ANDAHUAYLAS
Netcall,2 oct 2026,11,927739945,927739945,9283,Outbound,Portabilidad Postpago,EXPRESS,Logixtal,9358,CERRADAS,Entregado,Entregado,NET_KSOLORZANOV,SIM,2 oct 2026,2 oct 2026,null,No,CERRADAS,2026-10-03 01:19:26,Monolínea,Mono_item,Apurimac,null,Power ilim 69.90 N,null,null,10:00 - 20:00,Cerrado,Resuelto,null,ANDAHUAYLAS
Netcall,1 oct 2026,17,927381923,9273819238286700328994,9283,Outbound,Portabilidad Postpago,PROGRAMADO,Logixtal,9001,CERRADAS,Entregado,Entregado,NET_CMDELACRUZV,SIM,2 oct 2026,2 oct 2026,null,No,CERRADAS,2026-10-03 03:21:53,Monolínea,Mono_item,Lima - Callao,null,Power ilim 69.90 N,Power ilim 69.90 N,AmericaMovil,09:00 - 20:00,Cerrado,Resuelto,Desconocido,ANCON
Netcall,2 oct 2026,8,927692045,927692045,9283,Outbound,Portabilidad Postpago,PROGRAMADO,Logixtal,9001,ABIERTAS,Pendiente Entrega,Pendiente Entrega,TLV_NET_DVALOI,SIM,5 oct 2026,null,null,No,ABIERTAS,null,Multilínea,Mono_item,Lima - Callao,null,null,null,null,09:00 - 20:00,En Progreso,Punto de No Retorno,null,ANCON
Netcall,2 oct 2026,9,927700251,927700251,5299,Outbound,Portabilidad Postpago,PROGRAMADO,Logixtal,9001,ABIERTAS,Pendiente Entrega,Pendiente Entrega,NET_JBOZAC,SIM,5 oct 2026,null,null,No,ABIERTAS,null,Multilínea,Mono_item,Lima - Callao,null,null,null,null,09:00 - 20:00,En Progreso,Punto de No Retorno,null,ANCON
Netcall,2 oct 2026,9,927702775,927702775,5299,Outbound,Venta Regular / Alta,PROGRAMADO,Logixtal,9001,ABIERTAS,Pendiente Entrega,Pendiente Entrega,NET_JBOZAC,SIM,5 oct 2026,null,null,No,ABIERTAS,null,Multilínea,Mono_item,Lima - Callao,null,null,null,null,09:00 - 20:00,En Progreso,Punto de No Retorno,null,ANCON
Netcall,1 oct 2026,13,927315880,9273158808286050234005,9283,Outbound,Portabilidad Postpago,PROGRAMADO,Logixtal,9001,CERRADAS,Entregado,Entregado,NET_JORELLANAS,SIM,2 oct 2026,2 oct 2026,null,No,CERRADAS,2026-10-03 00:25:21,Monolínea,Mono_item,Lima - Callao,null,Power ilim 69.90 N,Power ilim 69.90 N,AmericaMovil,09:00 - 20:00,Cerrado,Resuelto,Desconocido,ANCON
Netcall,1 oct 2026,12,927308777,9273087778285985436438,9283,Outbound,Portabilidad Postpago,PROGRAMADO,Logixtal,9001,ABIERTAS,Pendiente Entrega,Pendiente Entrega,NET_ARIVERA,SIM,5 oct 2026,null,null,No,ABIERTAS,null,Monolínea,Mono_item,Lima - Callao,null,null,Power ilim 79.90 SD N,Viettel Peru,09:00 - 20:00,En Progreso,Punto de No Retorno,Desconocido,ANCON
Netcall,2 oct 2026,9,927701042,927701042,5299,Outbound,Venta Regular / Alta,PROGRAMADO,Logixtal,9001,ABIERTAS,Pendiente Entrega,Pendiente Entrega,NET_JBOZAC,SIM,5 oct 2026,null,null,No,ABIERTAS,null,Multilínea,Mono_item,Lima - Callao,null,null,null,null,09:00 - 20:00,En Progreso,Punto de No Retorno,null,ANCON
Netcall,2 oct 2026,8,927689798,927689798,9283,Outbound,Portabilidad Postpago,PROGRAMADO,Logixtal,9001,ABIERTAS,Pendiente Entrega,Pendiente Entrega,TLV_NET_DVALOI,SIM,5 oct 2026,null,null,No,ABIERTAS,null,Multilínea,Mono_item,Lima - Callao,null,null,null,null,09:00 - 20:00,En Progreso,Punto de No Retorno,null,ANCON
Netcall,2 oct 2026,11,927751094,927751094,9283,Outbound,Portabilidad Postpago,EXPRESS,Logixtal,9353,CERRADAS,Entregado,Entregado,NET_GBUITRONL,SIM,2 oct 2026,2 oct 2026,null,No,CERRADAS,2026-10-03 00:30:52,Monolínea,Mono_item,Huanuco,null,Power ilim 69.90 N,null,null,10:00 - 20:00,Cerrado,Resuelto,null,AMARILIS
Netcall,1 oct 2026,12,927307624,9273076248285973914698,9283,Outbound,Portabilidad Postpago,EXPRESS,Logixtal,9353,CERRADAS,Entregado,Entregado,NET_LALVAREZD,SIM,1 oct 2026,1 oct 2026,null,No,CERRADAS,2026-10-02 01:07:26,Monolínea,Mono_item,Huanuco,null,Power ilim 69.90 N,Power ilim 69.90 N,AmericaMovil,10:00 - 20:00,Cerrado,Resuelto,Desconocido,AMARILIS
Netcall,3 oct 2026,11,928067123,92806712389511710101030039256,9283,Outbound,Portabilidad Postpago,EXPRESS,Retiro en tienda,9353,CANCELADAS,Cancelado,Cancelado,NET_VZEGARRAAGU,SIM,3 oct 2026,null,null,No,CANCELADAS,2026-10-03 12:42:54,Monolínea,Mono_item,Huanuco,null,null,null,null,10:00 - 20:00,Cancelado,Pedido Cancelación,null,null
Netcall,2 oct 2026,12,927767768,927767768,9271,Outbound,Portabilidad Postpago,EXPRESS,Logixtal,9353,CERRADAS,Entregado,Entregado,NET_JAREVALOC,SIM,2 oct 2026,2 oct 2026,null,No,CERRADAS,2026-10-03 00:42:30,Monolínea,Mono_item,Huanuco,null,Power ilim 79.90 SD N,null,null,10:00 - 20:00,Cerrado,Resuelto,null,AMARILIS
Netcall,3 oct 2026,10,928048039,92804803989511710101030039066,9283,Outbound,Venta Regular / Alta,EXPRESS,Retiro en tienda,9353,ABIERTAS,Entregado,Entregado,NET_ACASTROS,SIM,3 oct 2026,null,null,No,ABIERTAS,null,Monolínea,Mono_item,Huanuco,null,null,null,null,10:00 - 20:00,En Progreso,Punto de No Retorno,null,null
Netcall,1 oct 2026,16,927372808,9273728088286626688133,9283,Outbound,Portabilidad Postpago,PROGRAMADO,Logixtal,9353,CERRADAS,Entregado,Entregado,TLV_NET_BRAMIRE,SIM,2 oct 2026,2 oct 2026,null,No,CERRADAS,2026-10-03 00:23:15,Monolínea,Mono_item,Huanuco,null,Power ilim 69.90 N,Power ilim 69.90 N,AmericaMovil,09:00 - 13:00,Cerrado,Resuelto,Desconocido,AMARILIS
Netcall,1 oct 2026,11,927269698,9272696988285619986731,9271,Outbound,Portabilidad Postpago,EXPRESS,Logixtal,9353,CERRADAS,Entregado,Entregado,TLV_NET_BREYESR,SIM,1 oct 2026,2 oct 2026,null,No,CERRADAS,2026-10-03 01:43:44,Monolínea,Mono_item,Huanuco,null,Power ilim 69.90 N,Power ilim 69.90 N,Viettel Peru,08:00 - 20:00,Cerrado,Resuelto,Desconocido,AMARILIS
Netcall,2 oct 2026,14,927799009,927799009,9283,Outbound,Venta Regular / Alta,EXPRESS,Logixtal,9353,CERRADAS,Entregado,Entregado,NET_HEULOGIO,SIM,2 oct 2026,2 oct 2026,null,No,CERRADAS,2026-10-02 17:44:39,Monolínea,Mono_item,Huanuco,null,Power ilim 69.90 N,null,null,10:00 - 20:00,Cerrado,Resuelto,null,AMARILIS
Netcall,2 oct 2026,18,927873948,927873948,9283,Outbound,Portabilidad Postpago,PROGRAMADO,Logixtal,9353,ABIERTAS,Pendiente Entrega,Pendiente Entrega,NET_BHUACHUHUIB,SIM,3 oct 2026,null,null,No,ABIERTAS,null,Monolínea,Mono_item,Huanuco,null,null,null,null,09:00 - 13:00,En Progreso,En Progreso,null,AMARILIS
Netcall,1 oct 2026,10,927251070,9272510708285458411871,9283,Outbound,Portabilidad Postpago,EXPRESS,Logixtal,9353,CERRADAS,Entregado,Entregado,NET_JPALOMINOA,SIM,1 oct 2026,1 oct 2026,null,No,CERRADAS,2026-10-02 00:47:34,Monolínea,Mono_item,Huanuco,null,Power ilim 69.90 N,Power ilim 69.90 N,Viettel Peru,10:00 - 20:00,Cerrado,Resuelto,Desconocido,AMARILIS
Netcall,3 oct 2026,12,928097897,92809789789511710101030039223,9283,Outbound,Portabilidad Postpago,EXPRESS,Retiro en tienda,9353,ABIERTAS,Entregado,Entregado,NET_TREATEGUIV,SIM,3 oct 2026,null,null,No,ABIERTAS,null,Monolínea,Mono_item,Huanuco,null,null,null,null,10:00 - 20:00,En Progreso,En Progreso,null,null
Netcall,2 oct 2026,12,927766298,927766298,9271,Outbound,Portabilidad Postpago,EXPRESS,Logixtal,5022,CERRADAS,Entregado,Entregado,NET_KANGELESS,SIM,2 oct 2026,2 oct 2026,null,No,CERRADAS,2026-10-03 01:18:49,Monolínea,Mono_item,Arequipa,null,Power ilim 79.90 SD N,null,null,10:00 - 20:00,Cerrado,Resuelto,null,ALTO SELVA ALEGRE
Netcall,2 oct 2026,12,927764456,927764456,9283,Outbound,Portabilidad Postpago,PROGRAMADO,Logixtal,5022,ABIERTAS,Pendiente Entrega,Pendiente Entrega,NET_DEGALLARDOA,SIM,3 oct 2026,null,null,No,ABIERTAS,null,Monolínea,Mono_item,Arequipa,null,null,null,null,13:01 - 20:00,En Progreso,Punto de No Retorno,null,ALTO SELVA ALEGRE
Netcall,3 oct 2026,12,928083775,928083775Empty,9223,Fidelización,Renovación,EXPRESS PROGRAMADO,Retiro en tienda,1001,ABIERTAS,Pendiente Entrega,Pendiente Entrega,NET_JMBURGAA,Equipo,3 oct 2026,null,null,No,ABIERTAS,null,Multilínea,Mono_item,Arequipa,null,null,null,null,13:00 - 15:00,En Progreso,En Progreso,null,null
Netcall,2 oct 2026,14,927802057,927802057,9283,Outbound,Portabilidad Postpago,EXPRESS,Logixtal,5022,CERRADAS,Entregado,Entregado,TLV_NET_KARANDA,SIM,2 oct 2026,2 oct 2026,null,No,CERRADAS,2026-10-03 01:07:29,Monolínea,Mono_item,Arequipa,null,Power ilim 69.90 N,null,null,10:00 - 20:00,Cerrado,Resuelto,null,ALTO SELVA ALEGRE
Netcall,2 oct 2026,10,927721553,927721553,9283,Outbound,Portabilidad Postpago,EXPRESS,Logixtal,5022,CERRADAS,Entregado,Entregado,NET_CIOLAYAR,SIM,2 oct 2026,2 oct 2026,null,No,CERRADAS,2026-10-03 00:13:32,Monolínea,Mono_item,Arequipa,null,Power ilim 79.90 SD N,null,null,10:00 - 20:00,Cerrado,Resuelto,null,ALTO SELVA ALEGRE
Netcall,2 oct 2026,10,927734339,927734339,9283,Outbound,Portabilidad Postpago,PROGRAMADO,Logixtal,5022,ABIERTAS,Pendiente Entrega,Pendiente Entrega,NET_CCONDEM,SIM,3 oct 2026,null,null,No,ABIERTAS,null,Monolínea,Mono_item,Arequipa,null,null,null,null,13:01 - 20:00,En Progreso,Punto de No Retorno,null,ALTO SELVA ALEGRE
Netcall,1 oct 2026,11,927273389,9272733898285653744841,9271,Outbound,Portabilidad Postpago,EXPRESS,Logixtal,9345,CANCELADAS,Anulado,CLIENTE YA NO DESEA PRODUCTO,NET_KTORRESP,SIM,1 oct 2026,null,null,No,CANCELADAS,2026-10-01 14:50:59,Monolínea,Mono_item,Ica,null,null,Power ilim 79.90 SD N,AmericaMovil,10:00 - 20:00,Cancelado,Rechazado,Desconocido,ALTO LARAN
Netcall,2 oct 2026,13,927785231,927785231,9283,Outbound,Venta Regular / Alta,EXPRESS,Logixtal,9348,CERRADAS,Entregado,Entregado,NET_LPASCUALH,SIM,2 oct 2026,2 oct 2026,null,No,CERRADAS,2026-10-02 14:45:14,Multilínea,Mono_item,Tacna,null,Power ilim 79.90 SD N,null,null,10:00 - 20:00,Cerrado,Resuelto,null,ALTO DE LA ALIANZA
Netcall,1 oct 2026,10,927249930,9272499308285452875253,9283,Outbound,Portabilidad Postpago,EXPRESS,Logixtal,9348,CERRADAS,Entregado,Entregado,TLV_NET_DSANC,SIM,1 oct 2026,2 oct 2026,null,No,CERRADAS,2026-10-03 01:00:51,Monolínea,Mono_item,Tacna,null,Power ilim 69.90 N,Power ilim 69.90 N,TELEFONICAPE,08:00 - 20:00,Cerrado,Resuelto,Desconocido,ALTO DE LA ALIANZA
Netcall,2 oct 2026,12,927778507,927778507,9283,Outbound,Venta Regular / Alta,EXPRESS,Logixtal,9348,CANCELADAS,Cancelado,CANCELADA EN OMNIX,NET_LPASCUALH,SIM,2 oct 2026,null,null,No,CANCELADAS,2026-10-02 13:12:21,Multilínea,Mono_item,Tacna,null,null,null,null,10:00 - 20:00,Cancelado,Rechazado,null,ALTO DE LA ALIANZA
Netcall,2 oct 2026,14,927801273,927801273,9283,Outbound,Portabilidad Postpago,EXPRESS,Logixtal,9348,CERRADAS,Entregado,Entregado,TLV_NET_MCHAMBI,SIM,2 oct 2026,2 oct 2026,null,No,CERRADAS,2026-10-03 01:34:28,Monolínea,Mono_item,Tacna,null,Power ilim 79.90 SD N,null,null,10:00 - 20:00,Cerrado,Resuelto,null,ALTO DE LA ALIANZA
Netcall,2 oct 2026,15,927827195,927827195,9283,Outbound,Portabilidad Postpago,EXPRESS,Logixtal,9358,CERRADAS,Entregado,Entregado,NET_LCAMPOSCABR,SIM,2 oct 2026,2 oct 2026,null,No,CERRADAS,2026-10-03 00:22:35,Multilínea,Mono_item,Apurimac,null,Power ilim 79.90 SD N,null,null,10:00 - 20:00,Cerrado,Resuelto,null,ABANCAY
Netcall,1 oct 2026,18,927404452,9274044528286912070376,9283,Outbound,Portabilidad Postpago,PROGRAMADO,Logixtal,9358,CERRADAS,Entregado,Entregado,NET_LRODRIGUEZC,SIM,2 oct 2026,2 oct 2026,null,No,CERRADAS,2026-10-03 01:23:11,Multilínea,Mono_item,Apurimac,null,Power ilim 79.90 SD N,Power ilim 79.90 SD N,TELEFONICAPE,09:00 - 13:00,Cerrado,Resuelto,Desconocido,ABANCAY
Netcall,3 oct 2026,9,928029549,92802954989511710101045292304,9283,Outbound,Portabilidad Postpago,EXPRESS,Retiro en tienda,9358,ABIERTAS,Entregado,Entregado,NET_EALBORNOZR,SIM,3 oct 2026,null,null,No,ABIERTAS,null,Multilínea,Mono_item,Apurimac,null,null,null,null,10:00 - 20:00,En Progreso,Punto de No Retorno,null,null
Netcall,2 oct 2026,8,927688902,927688902,9283,Outbound,Portabilidad Postpago,EXPRESS,Logixtal,9358,CERRADAS,Entregado,Entregado,NET_KCHAVEZF,SIM,2 oct 2026,2 oct 2026,null,No,CERRADAS,2026-10-03 01:18:15,Monolínea,Mono_item,Apurimac,null,Power ilim 69.90 N,null,null,10:00 - 20:00,Cerrado,Resuelto,null,ABANCAY
Netcall,3 oct 2026,9,928028776,92802877689511710101045292312,9283,Outbound,Portabilidad Postpago,EXPRESS,Retiro en tienda,9358,ABIERTAS,Entregado,Entregado,NET_EALBORNOZR,SIM,3 oct 2026,null,null,No,ABIERTAS,null,Multilínea,Mono_item,Apurimac,null,null,null,null,10:00 - 20:00,En Progreso,Punto de No Retorno,null,null
Netcall,1 oct 2026,18,927405619,9274056198286917990126,9283,Outbound,Portabilidad Postpago,PROGRAMADO,Logixtal,9358,CERRADAS,Entregado,Entregado,NET_LRODRIGUEZC,SIM,2 oct 2026,2 oct 2026,null,No,CERRADAS,2026-10-03 01:12:58,Multilínea,Mono_item,Apurimac,null,Power ilim 79.90 SD N,Power ilim 79.90 SD N,TELEFONICAPE,09:00 - 13:00,Cerrado,Resuelto,Desconocido,ABANCAY
Netcall,2 oct 2026,15,927826344,927826344,9283,Outbound,Portabilidad Postpago,EXPRESS,Logixtal,9358,CERRADAS,Entregado,Entregado,NET_LCAMPOSCABR,SIM,2 oct 2026,2 oct 2026,null,No,CERRADAS,2026-10-03 01:38:29,Multilínea,Mono_item,Apurimac,null,Power ilim 79.90 SD N,null,null,10:00 - 20:00,Cerrado,Resuelto,null,ABANCAY
Netcall,1 oct 2026,16,927374191,9273741918286620106800,9283,Outbound,Portabilidad Postpago,RETIRO EN TIENDA,Retiro en tienda,3212,CANCELADAS,Cancelado,Cancelado,NET_ARIVERA,SIM,1 oct 2026,null,null,No,CANCELADAS,2026-10-02 22:00:23,Monolínea,Mono_item,Apurimac,null,null,Power ilim 79.90 SD N,Viettel Peru,17:00 - 21:00,Cancelado,Pedido Cancelación,Portabilidad Rechazada. REC01ABD15: El Código NIP es invalido | REC01ABD15,null
Netcall,1 oct 2026,13,927316739,9273167398286060537035,9283,Outbound,Portabilidad Postpago,RETIRO EN TIENDA,Retiro en tienda,3212,ABIERTAS,Pendiente Entrega,Pendiente Entrega,NET_LCALDERONC,SIM,1 oct 2026,null,null,No,ABIERTAS,null,Monolínea,Mono_item,Apurimac,null,null,Power ilim 79.90 SD N,TELEFONICAPE,17:00 - 21:00,En Progreso,En Progreso,Desconocido,null
Netcall,1 oct 2026,15,927354413,9273544138286413665667,9283,Outbound,Portabilidad Postpago,RETIRO EN TIENDA,Retiro en tienda,3212,ABIERTAS,Pendiente Entrega,Pendiente Entrega,NET_LRAMIREZV,SIM,1 oct 2026,null,null,No,ABIERTAS,null,Monolínea,Mono_item,Apurimac,null,null,Power ilim 69.90 N,Viettel Peru,17:00 - 21:00,En Progreso,En Progreso,Desconocido,null
Netcall,2 oct 2026,15,927827155,927827155,9283,Outbound,Portabilidad Postpago,No bop,Logixtal,9342,CANCELADAS,No bop,No bop,NET_CQUISPITONO,(Sin datos Omnix),2 oct 2026,null,null,No,CANCELADAS,2026-10-02 16:08:38,Monolínea,Mono_item,null,null,null,null,null,null,Cancelado,Rechazado,null,null
Netcall,2 oct 2026,15,927820738,927820738,9283,Outbound,Portabilidad Postpago,No bop,Logixtal,5021,CANCELADAS,No bop,No bop,NET_MGONZALESR,(Sin datos Omnix),2 oct 2026,null,null,No,CANCELADAS,2026-10-02 15:48:30,Monolínea,Mono_item,null,null,null,null,null,null,Cancelado,Rechazado,null,null
Netcall,1 oct 2026,17,927372194,9273721948286752705122,9283,Outbound,Portabilidad Postpago,No bop,Logixtal,5022,CANCELADAS,No bop,No bop,NET_GVILELAR,(Sin datos Omnix),1 oct 2026,null,null,No,CANCELADAS,2026-10-01 18:05:40,Multilínea,Mono_item,null,null,null,Power ilim 79.90 SD N,TELEFONICAPE,null,Cancelado,Rechazado,Desconocido,null
Netcall,2 oct 2026,18,927871152,927871152,9283,Outbound,Portabilidad Postpago,RETIRO EN TIENDA,Retiro en tienda,1014,CANCELADAS,Cancelado,Cancelado,TLV_NET_ACUBASS,(Sin datos Omnix),2 oct 2026,null,null,No,CANCELADAS,2026-10-02 18:20:12,Multilínea,Mono_item,null,null,null,null,null,null,Cancelado,Rechazado,null,null
Netcall,1 oct 2026,16,927363938,9273639388286513837349,9283,Outbound,Portabilidad Postpago,RETIRO EN TIENDA,Retiro en tienda,8038,CANCELADAS,Cancelado,Cancelado,TLV_NET_GANACLE,(Sin datos Omnix),1 oct 2026,null,null,No,CANCELADAS,2026-10-01 16:46:12,Monolínea,Mono_item,Madre de Dios,null,null,Power ilim 79.90 SD N,Viettel Peru,null,Cancelado,Rechazado,Desconocido,null
Netcall,3 oct 2026,14,928125091,928125091,9283,Outbound,Portabilidad Postpago,No bop,Logixtal,5023,ABIERTAS,No bop,No bop,NET_VSANTISTEBV,(Sin datos Omnix),3 oct 2026,null,null,No,ABIERTAS,null,Multilínea,Mono_item,null,null,null,null,null,null,null,null,null,null
Netcall,3 oct 2026,14,928124454,928124454,9283,Outbound,Portabilidad Postpago,No bop,Logixtal,9342,ABIERTAS,No bop,No bop,NET_VJAUREGUIM,(Sin datos Omnix),3 oct 2026,null,null,No,ABIERTAS,null,Monolínea,Mono_item,null,null,null,null,null,null,null,null,null,null
Netcall,3 oct 2026,14,928125149,928125149,9283,Outbound,Portabilidad Postpago,No bop,Logixtal,5023,ABIERTAS,No bop,No bop,NET_RCORDOVAC,(Sin datos Omnix),3 oct 2026,null,null,No,ABIERTAS,null,Multilínea,Mono_item,null,null,null,null,null,null,null,null,null,null
Netcall,2 oct 2026,11,927753857,927753857,9259,Outbound,Portabilidad Postpago,RETIRO EN TIENDA,Retiro en tienda,0,CERRADAS,Entregado,Entregado,NET_CBIELICHR,(Sin datos Omnix),2 oct 2026,3 oct 2026,null,No,CERRADAS,2026-10-03 01:48:58,Monolínea,Mono_item,null,null,Power ilim 79.90 SD N,null,null,null,Cerrado,Resuelto,null,null
Netcall,3 oct 2026,14,928124827,928124827,9283,Outbound,Venta Regular / Alta,RETIRO EN TIENDA,Retiro en tienda,3043,ABIERTAS,Pendiente Entrega,Pendiente Entrega,TLV_NET_BCHAVEZ,(Sin datos Omnix),3 oct 2026,null,null,No,ABIERTAS,null,Multilínea,Mono_item,null,null,null,null,null,null,null,null,null,null
Netcall,3 oct 2026,14,928125114,928125114,9283,Outbound,Portabilidad Postpago,No bop,Logixtal,9001,ABIERTAS,No bop,No bop,NET_MLAZAROR,(Sin datos Omnix),3 oct 2026,null,null,No,ABIERTAS,null,Monolínea,Mono_item,null,null,null,null,null,null,null,null,null,null
Netcall,3 oct 2026,14,928125028,928125028,9271,Outbound,Portabilidad Postpago,No bop,Logixtal,9001,ABIERTAS,No bop,No bop,NET_PTORRESR,(Sin datos Omnix),3 oct 2026,null,null,No,ABIERTAS,null,Monolínea,Mono_item,null,null,null,null,null,null,null,null,null,null
Netcall,1 oct 2026,18,927408216,9274082168286951198239,9283,Outbound,Portabilidad Postpago,RETIRO EN TIENDA,Retiro en tienda,7128,CANCELADAS,Cancelado,Cancelado,TLV_NET_KARANDA,(Sin datos Omnix),1 oct 2026,null,null,No,CANCELADAS,2026-10-01 18:57:16,Monolínea,Mono_item,Arequipa,null,null,Power ilim 79.90 SD N,AmericaMovil,null,Cancelado,Rechazado,Desconocido,null