Centro,Fecha_Creacion,Hora,FRM_Orden_Final,FRM_Orden_Item_Final,EOC_ID_TIENDA,Grupo_Canal,Tipo_de_Negocio,Tipo_Despacho_Detalle,Operador_Logistico_Old,EOC_DELIVERYSTOREID,EOC_Estado,Estado_T,Estado_T_Detalle,FRM_N_DNI_Asesor,FRM_Tipologia,Fecha_Entrega_Pactada,Fecha_Entrega_Real,INR_FechaActivacion,Cruce_INAR,EOC_Estado,EOC_Cierre,Multilinea_Asesor,Multi_item,FRM_Departamento_de_entrega,INR_NumRentaIGV_Neto,FRM_Plan_vendido,OBI_Nuevo_plan
Netcall,1 sept 2026,12,914829865,9148298658165919119799,9271,Outbound,Portabilidad Postpago,EXPRESS,Logixtal,9349,ABIERTAS,Pendiente Entrega,Pendiente Entrega,NET_MVALIENTES,SIM,1 sept 2026,null,null,No,ABIERTAS,null,Multilínea,Mono_item,Ucayali,null,null,Power ilim 79.90 SD N
Netcall,1 sept 2026,12,914823622,9148236228165857441457,9283,Outbound,Portabilidad Postpago,EXPRESS,Logixtal,9349,ABIERTAS,Pendiente Entrega,Pendiente Entrega,NET_MQUISPEH,SIM,1 sept 2026,null,null,No,ABIERTAS,null,Monolínea,Mono_item,Ucayali,null,null,Power ilim 69.90 N
Netcall,2 sept 2026,10,915229806,91522980689511710111070112855,9283,Outbound,Portabilidad Postpago,EXPRESS,Retiro en tienda,9349,ABIERTAS,Entregado,Entregado,NET_KROJASNAUPA,SIM,2 sept 2026,null,null,No,ABIERTAS,null,Monolínea,Mono_item,Ucayali,null,null,null
Netcall,2 sept 2026,10,915235635,91523563589511710111070112772,9283,Outbound,Portabilidad Postpago,EXPRESS,Retiro en tienda,9349,CANCELADAS,Cancelado,Cancelado,NET_GHERRERAG,SIM,2 sept 2026,null,null,No,CANCELADAS,2026-09-02 11:19:49,Monolínea,Mono_item,Ucayali,null,null,null
Netcall,1 sept 2026,13,914837963,9148379638166006107621,9271,Outbound,Portabilidad Postpago,PROGRAMADO,Logixtal,9349,ABIERTAS,Pendiente Entrega,Pendiente Entrega,NET_MVALIENTES,SIM,2 sept 2026,null,null,No,ABIERTAS,null,Multilínea,Mono_item,Ucayali,null,null,Power ilim 79.90 SD N
Netcall,1 sept 2026,14,914865534,9148655348166326050219,9283,Outbound,Portabilidad Postpago,PROGRAMADO,Logixtal,9349,ABIERTAS,Pendiente Entrega,Pendiente Entrega,TLV_NET_MCHAMBI,SIM,2 sept 2026,null,null,No,ABIERTAS,null,Multilínea,Mono_item,Ucayali,null,null,Power ilim 79.90 SD N
Netcall,1 sept 2026,14,914866535,9148665358166327114352,9283,Outbound,Portabilidad Postpago,PROGRAMADO,Logixtal,9349,ABIERTAS,Pendiente Entrega,Pendiente Entrega,TLV_NET_MCHAMBI,SIM,2 sept 2026,null,null,No,ABIERTAS,null,Multilínea,Mono_item,Ucayali,null,null,Power ilim 79.90 SD N
Netcall,1 sept 2026,11,914813047,914813047,9283,Outbound,Portabilidad Postpago,EXPRESS,Logixtal,9349,CERRADAS,Entregado,Entregado,NET_YMILLA,SIM,1 sept 2026,1 sept 2026,null,No,CERRADAS,2026-09-02 00:14:30,Monolínea,Mono_item,Ucayali,null,Power 59.90 N,null
Netcall,2 sept 2026,11,915260162,91526016289511710111070706607,9283,Outbound,Portabilidad Postpago,EXPRESS,Logixtal,5022,ABIERTAS,Entregado,Entregado,NET_JATANACIOC,SIM,2 sept 2026,null,null,No,ABIERTAS,null,Multilínea,Mono_item,Arequipa,null,null,null
Netcall,2 sept 2026,11,915260150,91526015089511710111070706599,9283,Outbound,Portabilidad Postpago,EXPRESS,Logixtal,5022,ABIERTAS,Entregado,Entregado,NET_JATANACIOC,SIM,2 sept 2026,null,null,No,ABIERTAS,null,Multilínea,Mono_item,Arequipa,null,null,null
Netcall,2 sept 2026,12,915273708,91527370889511710111070706573,5299,Outbound,Portabilidad Postpago,EXPRESS,Logixtal,5022,ABIERTAS,Entregado,Entregado,NET_RCANDIOTTIA,SIM,2 sept 2026,null,null,No,ABIERTAS,null,Monolínea,Mono_item,Arequipa,null,null,null
Netcall,1 sept 2026,14,914865698,9148656988166307219746,9283,Outbound,Portabilidad Postpago,EXPRESS,Logixtal,5022,CERRADAS,Entregado,Entregado,NET_GCABALLEROC,SIM,1 sept 2026,1 sept 2026,null,No,CERRADAS,2026-09-02 01:32:02,Monolínea,Mono_item,Arequipa,null,Power 59.90 N,Power 59.90 N
Netcall,1 sept 2026,10,914786884,9147868848165495615577,9271,Outbound,Portabilidad Postpago,EXPRESS,Logixtal,3115,ABIERTAS,Entregado,Entregado,NET_GHUAMANT,SIM,1 sept 2026,1 sept 2026,null,No,ABIERTAS,null,Monolínea,Mono_item,Pasco,null,null,Power ilim 79.90 SD N
Netcall,2 sept 2026,13,915289683,91528968389511710121058246740,9283,Outbound,Portabilidad Postpago,EXPRESS,Retiro en tienda,9343,ABIERTAS,Pendiente Entrega,Pendiente Entrega,NET_MZEVALLOSMA,SIM,2 sept 2026,null,null,No,ABIERTAS,null,Monolínea,Mono_item,Cusco,null,null,null
Netcall,1 sept 2026,11,914798094,914798094,9283,Outbound,Portabilidad Postpago,EXPRESS,Logixtal,9343,CERRADAS,Entregado,Entregado,TLV_NET_LSANCHA,SIM,1 sept 2026,1 sept 2026,null,No,CERRADAS,2026-09-02 00:25:31,Multilínea,Mono_item,Cusco,null,Power ilim 79.90 SD N,null
Netcall,1 sept 2026,11,914812717,9148127178165746966782,9271,Outbound,Portabilidad Postpago,EXPRESS,Logixtal,9343,CERRADAS,Entregado,Entregado,NET_LNECIOSUPC,SIM,1 sept 2026,1 sept 2026,null,No,CERRADAS,2026-09-02 00:46:54,Monolínea,Mono_item,Cusco,null,Power ilim 79.90 SD N,Power ilim 79.90 SD N
Netcall,1 sept 2026,18,914942946,9149429468167130776410,9283,Outbound,Portabilidad Postpago,PROGRAMADO,Logixtal,9343,ABIERTAS,Pendiente Entrega,Pendiente Entrega,NET_MMACHACAM,SIM,3 sept 2026,null,null,No,ABIERTAS,null,Monolínea,Mono_item,Cusco,null,null,Power 59.90 N
Netcall,2 sept 2026,10,915241702,91524170289511710121058246864,9271,Outbound,Portabilidad Postpago,EXPRESS,Retiro en tienda,9343,ABIERTAS,Entregado,Entregado,NET_MGSGRADOS,SIM,2 sept 2026,null,null,No,ABIERTAS,null,Monolínea,Mono_item,Cusco,null,null,null
Netcall,2 sept 2026,13,915299416,91529941689511710121058248498,9283,Outbound,Portabilidad Postpago,EXPRESS,Retiro en tienda,9343,ABIERTAS,Entregado,Entregado,NET_JCAVEROC,SIM,2 sept 2026,null,null,No,ABIERTAS,null,Multilínea,Mono_item,Cusco,null,null,null
Netcall,1 sept 2026,14,914857426,9148574268166218901681,9283,Outbound,Portabilidad Postpago,PROGRAMADO,Logixtal,9343,ABIERTAS,Pendiente Entrega,Pendiente Entrega,NET_LMUSAYONS,SIM,2 sept 2026,null,null,No,ABIERTAS,null,Monolínea,Mono_item,Cusco,null,null,Power 59.90 N
Netcall,1 sept 2026,10,914793239,9147932398165571652638,9283,Outbound,Venta Regular / Alta,EXPRESS,Logixtal,9343,CERRADAS,Entregado,Entregado,TLV_NET_LSANCHA,SIM,1 sept 2026,1 sept 2026,01/09/2026,Sí,CERRADAS,2026-09-01 17:26:57,Multilínea,Mono_item,Cusco,39.95,Power ilim 79.90 SD N,Power ilim 79.90 SD N
Netcall,1 sept 2026,11,914799412,9147994128165609149600,9283,Outbound,Venta Regular / Alta,EXPRESS,Logixtal,9343,CERRADAS,Entregado,Entregado,TLV_NET_LSANCHA,SIM,1 sept 2026,1 sept 2026,01/09/2026,Sí,CERRADAS,2026-09-01 17:28:49,Multilínea,Mono_item,Cusco,19.95,Power ilim 79.90 SD N,Power ilim 79.90 SD N
Netcall,1 sept 2026,10,914791382,9147913828165539398383,9283,Outbound,Portabilidad Postpago,EXPRESS,Logixtal,9343,CERRADAS,Entregado,Entregado,NET_YHUAMAN,SIM,1 sept 2026,1 sept 2026,null,No,CERRADAS,2026-09-02 01:16:11,Monolínea,Mono_item,Cusco,null,Power ilim 69.90 N,Power ilim 69.90 N
Netcall,2 sept 2026,13,915294716,91529471689511710121058246781,9283,Outbound,Portabilidad Postpago,EXPRESS,Retiro en tienda,9343,ABIERTAS,Entregado,Entregado,NET_AARNAIZA,SIM,2 sept 2026,null,null,No,ABIERTAS,null,Monolínea,Mono_item,Cusco,null,null,null
Netcall,1 sept 2026,11,914807576,9148075768165699672158,9283,Outbound,Venta Regular / Alta,RETIRO EN TIENDA,Retiro en tienda,7206,ABIERTAS,Pendiente Entrega,Pendiente Entrega,NET_MFERRER,SIM,1 sept 2026,null,null,No,ABIERTAS,null,Monolínea,Mono_item,La Libertad,null,null,Power 39.90 N
Netcall,1 sept 2026,10,914790608,9147906088165525861349,9283,Outbound,Portabilidad Postpago,EXPRESS,Logixtal,9342,CERRADAS,Entregado,Entregado,NET_GSANCHEZO,SIM,1 sept 2026,1 sept 2026,null,No,CERRADAS,2026-09-02 01:19:03,Multilínea,Mono_item,Lima - Callao,null,Power ilim 79.90 SD N,Power ilim 79.90 SD N
Netcall,1 sept 2026,13,914851605,9148516058166154543011,9283,Outbound,Portabilidad Postpago,EXPRESS,Logixtal,9342,ABIERTAS,Pendiente Entrega,Pendiente Entrega,NET_JFAJARDOR,SIM,1 sept 2026,null,null,No,ABIERTAS,null,Monolínea,Mono_item,Lima - Callao,null,null,Power 59.90 N
Netcall,1 sept 2026,10,914787095,914787095,9283,Outbound,Portabilidad Postpago,EXPRESS,Logixtal,9342,CERRADAS,Entregado,Entregado,NET_GSANCHEZO,SIM,1 sept 2026,1 sept 2026,null,No,CERRADAS,2026-09-02 00:21:30,Multilínea,Mono_item,Lima - Callao,null,Power ilim 79.90 SD N,null
Netcall,1 sept 2026,13,914838494,9148384948166014437836,9283,Outbound,Portabilidad Postpago,EXPRESS,Logixtal,9342,CERRADAS,Entregado,Entregado,NET_ATRIVINOS,SIM,1 sept 2026,1 sept 2026,null,No,CERRADAS,2026-09-02 01:39:48,Multilínea,Mono_item,Lima - Callao,null,Power ilim 79.90 SD N,Power ilim 79.90 SD N
Netcall,1 sept 2026,13,914837556,9148375568166003881488,9283,Outbound,Portabilidad Postpago,EXPRESS,Logixtal,9342,CERRADAS,Entregado,Entregado,NET_ATRIVINOS,SIM,1 sept 2026,1 sept 2026,null,No,CERRADAS,2026-09-02 01:44:57,Multilínea,Mono_item,Lima - Callao,null,Power ilim 79.90 SD N,Power ilim 79.90 SD N
Netcall,1 sept 2026,13,914844071,9148440718166073222200,9283,Outbound,Portabilidad Postpago,EXPRESS,Logixtal,9342,ABIERTAS,Pendiente Entrega,Pendiente Entrega,NET_RFIGUEROAR,SIM,1 sept 2026,null,null,No,ABIERTAS,null,Monolínea,Mono_item,Lima - Callao,null,null,Power 59.90 N
Netcall,1 sept 2026,13,914843229,9148432298166067219524,9283,Outbound,Portabilidad Postpago,EXPRESS,Logixtal,9342,CERRADAS,Entregado,Entregado,NET_PSANCHEZE,SIM,1 sept 2026,1 sept 2026,null,No,CERRADAS,2026-09-02 01:00:47,Monolínea,Mono_item,Lima - Callao,null,Power 59.90 N,Power 59.90 N
Netcall,1 sept 2026,20,914971788,9149717888167426745235,9283,Outbound,Portabilidad Postpago,PROGRAMADO,Logixtal,9001,ABIERTAS,Pendiente Entrega,Pendiente Entrega,NET_YMILLA,SIM,2 sept 2026,null,null,No,ABIERTAS,null,Multilínea,Mono_item,Lima - Callao,null,null,Power ilim 79.90 SD N
Netcall,2 sept 2026,7,915145525,91514552589511710111067972667,9283,Outbound,Portabilidad Postpago,EXPRESS,Logixtal,9342,CANCELADAS,Pendiente Entrega,Pendiente Entrega,NET_JIYASHAMAR,SIM,2 sept 2026,null,null,No,CANCELADAS,2026-09-02 09:32:18,Multilínea,Mono_item,Lima - Callao,null,null,null
Netcall,2 sept 2026,9,915224475,91522447589511710111067972634,9283,Outbound,Portabilidad Postpago,EXPRESS,Logixtal,9342,ABIERTAS,Entregado,Entregado,NET_JIYASHAMAR,SIM,2 sept 2026,null,null,No,ABIERTAS,null,Multilínea,Mono_item,Lima - Callao,null,null,null
Netcall,2 sept 2026,17,915357321,91535732189511710101029969596,9283,Outbound,Portabilidad Postpago,EXPRESS,Logixtal,9342,ABIERTAS,Entregado,Entregado,NET_MMREVILLA,SIM,2 sept 2026,null,null,No,ABIERTAS,null,Multilínea,Mono_item,Lima - Callao,null,null,null
Netcall,1 sept 2026,10,914788231,9147882318165502903514,9283,Outbound,Portabilidad Postpago,EXPRESS,Logixtal,9342,CERRADAS,Entregado,Entregado,NET_GSANCHEZO,SIM,1 sept 2026,1 sept 2026,null,No,CERRADAS,2026-09-02 00:39:49,Multilínea,Mono_item,Lima - Callao,null,Power ilim 79.90 SD N,Power ilim 79.90 SD N
Netcall,1 sept 2026,10,914791649,9147916498165540766825,9283,Outbound,Portabilidad Postpago,EXPRESS,Logixtal,9342,CERRADAS,Entregado,Entregado,NET_GSANCHEZO,SIM,1 sept 2026,1 sept 2026,null,No,CERRADAS,2026-09-02 00:58:52,Multilínea,Mono_item,Lima - Callao,null,Power ilim 79.90 SD N,Power ilim 79.90 SD N
Netcall,1 sept 2026,10,914789631,9147896318165520453800,9283,Outbound,Portabilidad Postpago,EXPRESS,Logixtal,9342,CERRADAS,Entregado,Entregado,NET_GSANCHEZO,SIM,1 sept 2026,1 sept 2026,null,No,CERRADAS,2026-09-02 01:47:17,Multilínea,Mono_item,Lima - Callao,null,Power ilim 79.90 SD N,Power ilim 79.90 SD N
Netcall,1 sept 2026,15,914871277,9148712778166369835654,9283,Outbound,Portabilidad Postpago,EXPRESS,Logixtal,9342,CANCELADAS,Entregado,Entregado,NET_MFERRER,SIM,1 sept 2026,1 sept 2026,null,No,CANCELADAS,2026-09-01 22:00:39,Multilínea,Mono_item,Lima - Callao,null,null,Power 59.90 N
Netcall,2 sept 2026,12,915282827,91528282789511710101029969588,9283,Outbound,Venta Regular / Alta,EXPRESS,Logixtal,9342,CERRADAS,Entregado,Entregado,NET_MMREVILLA,SIM,2 sept 2026,2 sept 2026,null,No,CERRADAS,2026-09-02 14:43:36,Monolínea,Mono_item,Lima - Callao,null,Power 39.90 N,null
Netcall,1 sept 2026,18,914928599,9149285998166995129478,9283,Outbound,Portabilidad Postpago,EXPRESS,Logixtal,9342,CERRADAS,Entregado,Entregado,NET_WBENITESA,SIM,1 sept 2026,1 sept 2026,null,No,CERRADAS,2026-09-02 01:54:31,Multilínea,Mono_item,Lima - Callao,null,Power ilim 79.90 SD N,Power ilim 79.90 SD N
Netcall,2 sept 2026,14,915302536,91530253689511710111067972949,9283,Outbound,Portabilidad Postpago,EXPRESS,Logixtal,9342,ABIERTAS,Entregado,Entregado,NET_GVELASQUEZA,SIM,2 sept 2026,null,null,No,ABIERTAS,null,Monolínea,Mono_item,Lima - Callao,null,null,null
Netcall,1 sept 2026,10,914785670,9147856708165478611215,9283,Outbound,Portabilidad Postpago,EXPRESS,Logixtal,9342,CERRADAS,Entregado,Entregado,NET_GSANCHEZO,SIM,1 sept 2026,1 sept 2026,null,No,CERRADAS,2026-09-02 00:48:09,Multilínea,Mono_item,Lima - Callao,null,Power ilim 79.90 SD N,Power ilim 79.90 SD N
Netcall,2 sept 2026,9,915224879,91522487989511710101029969505,9271,Outbound,Portabilidad Postpago,EXPRESS,Logixtal,9342,ABIERTAS,Entregado,Entregado,NET_CREYESJ,SIM,2 sept 2026,null,null,No,ABIERTAS,null,Monolínea,Mono_item,Lima - Callao,null,null,null
Netcall,1 sept 2026,18,914925921,9149259218166963356351,9283,Outbound,Portabilidad Postpago,EXPRESS,Logixtal,9342,CERRADAS,Entregado,Entregado,NET_WBENITESA,SIM,1 sept 2026,1 sept 2026,null,No,CERRADAS,2026-09-02 01:45:47,Multilínea,Mono_item,Lima - Callao,null,Power ilim 79.90 SD N,Power ilim 79.90 SD N
Netcall,2 sept 2026,14,915308450,91530845089511710111067972923,9283,Outbound,Venta Regular / Alta,EXPRESS,Logixtal,9342,ABIERTAS,Pendiente Entrega,Pendiente de Picking,NET_JMENDOZAN,SIM,2 sept 2026,null,null,No,ABIERTAS,null,Multilínea,Mono_item,Lima - Callao,null,null,null
Netcall,1 sept 2026,18,914925506,9149255068166960632127,9283,Outbound,Portabilidad Postpago,EXPRESS,Logixtal,9342,ABIERTAS,Pendiente Entrega,Pendiente Entrega,NET_JCABANILLAR,SIM,1 sept 2026,null,null,No,ABIERTAS,null,Monolínea,Mono_item,Lima - Callao,null,null,Power ilim 79.90 SD N
Netcall,2 sept 2026,17,915367868,91536786889511710111067972931,9283,Outbound,Portabilidad Postpago,EXPRESS,Logixtal,9342,CANCELADAS,Pendiente Entrega,Pendiente de Picking,NET_SLAZOB,SIM,2 sept 2026,null,null,No,CANCELADAS,2026-09-02 19:26:22,Monolínea,Mono_item,Lima - Callao,null,null,null
Netcall,2 sept 2026,16,915348847,91534884789511710111071358663,9283,Outbound,Portabilidad Postpago,EXPRESS,Logixtal,9342,ABIERTAS,Entregado,Entregado,NET_SPEREZR,SIM,2 sept 2026,null,null,No,ABIERTAS,null,Monolínea,Mono_item,Lima - Callao,null,null,null
Netcall,1 sept 2026,20,914967955,9149679558167387029742,9283,Outbound,Portabilidad Postpago,PROGRAMADO,Logixtal,9001,ABIERTAS,Pendiente Entrega,Pendiente Entrega,NET_YMILLA,SIM,2 sept 2026,null,null,No,ABIERTAS,null,Multilínea,Mono_item,Lima - Callao,null,null,Power ilim 79.90 SD N
Netcall,1 sept 2026,16,914885544,9148855448166526926602,9283,Outbound,Portabilidad Postpago,PROGRAMADO,Logixtal,9342,ABIERTAS,No bop,No bop,NET_LRODRIGUEZC,SIM,3 sept 2026,null,null,No,ABIERTAS,null,Monolínea,Mono_item,Lima - Callao,null,null,Power ilim 69.90 N
Netcall,1 sept 2026,13,914845327,9148453278166090359042,9283,Outbound,Portabilidad Postpago,EXPRESS,Logixtal,9342,CANCELADAS,Anulado,CLIENTE DESISTE - INFORMACIÓN INCORRECTA,NET_MFERRER,SIM,1 sept 2026,null,null,No,CANCELADAS,2026-09-01 14:57:41,Multilínea,Mono_item,Lima - Callao,null,null,Power 59.90 N
Netcall,1 sept 2026,18,914935875,9149358758167067707767,9283,Outbound,Portabilidad Postpago,PROGRAMADO,Logixtal,9342,ABIERTAS,No bop,No bop,NET_WBENITESA,SIM,3 sept 2026,null,null,No,ABIERTAS,null,Multilínea,Mono_item,Lima - Callao,null,null,Power ilim 79.90 SD N
Netcall,2 sept 2026,15,915319937,91531993789511710111071358630,9283,Outbound,Portabilidad Postpago,EXPRESS,Logixtal,9342,CANCELADAS,Pendiente Entrega,Pendiente de Picking,NET_MMREVILLA,SIM,2 sept 2026,null,null,No,CANCELADAS,2026-09-02 16:09:51,Multilínea,Mono_item,Lima - Callao,null,null,null
Netcall,2 sept 2026,13,915290629,91529062989511710111067972899,9271,Outbound,Portabilidad Postpago,EXPRESS,Logixtal,9342,ABIERTAS,Entregado,Entregado,NET_KTORRESP,SIM,2 sept 2026,null,null,No,ABIERTAS,null,Monolínea,Mono_item,Lima - Callao,null,null,null
Netcall,2 sept 2026,17,915364215,91536421589511710111071356006,9283,Outbound,Portabilidad Postpago,EXPRESS,Logixtal,9342,ABIERTAS,Entregado,Entregado,NET_SDIAZO,SIM,2 sept 2026,null,null,No,ABIERTAS,null,Monolínea,Mono_item,Lima - Callao,null,null,null
Netcall,2 sept 2026,7,915156162,91515616289511710111071092270,9283,Outbound,Portabilidad Postpago,EXPRESS,Logixtal,9342,CANCELADAS,Pendiente Entrega,Pendiente de Picking,NET_GSANCHEZO,SIM,2 sept 2026,null,null,No,CANCELADAS,2026-09-02 09:29:39,Monolínea,Mono_item,Lima - Callao,null,null,null
Netcall,1 sept 2026,20,914966781,9149667818167375750864,9283,Outbound,Portabilidad Postpago,PROGRAMADO,Logixtal,9001,ABIERTAS,Pendiente Entrega,Pendiente Entrega,NET_YMILLA,SIM,2 sept 2026,null,null,No,ABIERTAS,null,Multilínea,Mono_item,Lima - Callao,null,null,Power ilim 79.90 SD N
Netcall,1 sept 2026,17,914921514,9149215148166918752673,5299,Outbound,Portabilidad Postpago,EXPRESS,Logixtal,9342,CERRADAS,Entregado,Entregado,NET_CPORRASP,SIM,1 sept 2026,1 sept 2026,null,No,CERRADAS,2026-09-02 03:19:30,Monolínea,Mono_item,Lima - Callao,null,Power ilim 79.90 SD N,Power ilim 79.90 SD N
Netcall,1 sept 2026,18,914940894,9149408948167107477399,9283,Outbound,Portabilidad Postpago,EXPRESS,Logixtal,9342,ABIERTAS,Pendiente Entrega,Pendiente Entrega,TLV_NET_ACUBASS,SIM,1 sept 2026,null,null,No,ABIERTAS,null,Monolínea,Mono_item,Lima - Callao,null,null,Power ilim 79.90 SD N
Netcall,2 sept 2026,16,915334038,91533403889511710101029969125,9283,Outbound,Portabilidad Postpago,EXPRESS,Logixtal,9342,ABIERTAS,Entregado,Entregado,NET_GVELASQUEZA,SIM,2 sept 2026,null,null,No,ABIERTAS,null,Monolínea,Mono_item,Lima - Callao,null,null,null
Netcall,1 sept 2026,17,914912928,914912928,9283,Outbound,Portabilidad Postpago,EXPRESS,Logixtal,9342,CERRADAS,Entregado,Entregado,NET_KCARRENOV,SIM,1 sept 2026,1 sept 2026,null,No,CERRADAS,2026-09-02 00:32:40,Multilínea,Mono_item,Lima - Callao,null,Power ilim 79.90 SD N,null
Netcall,2 sept 2026,10,915238545,91523854589511710101029969075,9283,Outbound,Portabilidad Postpago,EXPRESS,Logixtal,9342,CANCELADAS,Pendiente Entrega,Pendiente de Picking,NET_GCABALLEROC,SIM,2 sept 2026,null,null,No,CANCELADAS,2026-09-02 12:03:23,Multilínea,Mono_item,Lima - Callao,null,null,null
Netcall,2 sept 2026,14,915311337,91531133789511710111071091678,9283,Outbound,Portabilidad Postpago,EXPRESS,Logixtal,9342,ABIERTAS,Entregado,Entregado,NET_MMREVILLA,SIM,2 sept 2026,null,null,No,ABIERTAS,null,Monolínea,Mono_item,Lima - Callao,null,null,null
Netcall,1 sept 2026,13,914850480,9148504808166144347552,9283,Outbound,Portabilidad Postpago,EXPRESS,Logixtal,9342,CERRADAS,Entregado,Entregado,NET_MORIHUELAQ,SIM,1 sept 2026,1 sept 2026,null,No,CERRADAS,2026-09-02 01:43:39,Multilínea,Mono_item,Lima - Callao,null,Power ilim 79.90 SD N,Power ilim 79.90 SD N
Netcall,1 sept 2026,13,914850744,914850744,9265,Outbound,Portabilidad Postpago,EXPRESS,Logixtal,9342,CERRADAS,Entregado,Entregado,NET_IRODRIGUEZS,SIM,1 sept 2026,1 sept 2026,null,No,CERRADAS,2026-09-02 00:27:04,Monolínea,Mono_item,Lima - Callao,null,Power ilim 69.90 N,null
Netcall,1 sept 2026,10,914790162,9147901628165519096251,9259,Outbound,Portabilidad Postpago,EXPRESS,Logixtal,9342,CERRADAS,Entregado,Entregado,TLV_NET_MRONCAL,SIM,1 sept 2026,1 sept 2026,null,No,CERRADAS,2026-09-02 01:33:52,Monolínea,Mono_item,Lima - Callao,null,Power ilim 79.90 SD N,Power ilim 79.90 SD N
Netcall,2 sept 2026,13,915297388,91529738889511710111071091637,9283,Outbound,Venta Regular / Alta,EXPRESS,Logixtal,9342,CERRADAS,Entregado,Entregado,NET_JGUIOP,SIM,2 sept 2026,2 sept 2026,null,No,CERRADAS,2026-09-02 15:44:34,Multilínea,Mono_item,Lima - Callao,null,Power ilim 79.90 SD N,null
Netcall,2 sept 2026,11,915248316,91524831689511710111071359141,9283,Outbound,Portabilidad Postpago,EXPRESS,Logixtal,9342,CANCELADAS,Pendiente Entrega,Pendiente de Picking,NET_SGONZALESF,SIM,2 sept 2026,null,null,No,CANCELADAS,2026-09-02 12:38:51,Multilínea,Mono_item,Lima - Callao,null,null,null
Netcall,1 sept 2026,17,914911824,9149118248166818726949,9283,Outbound,Portabilidad Postpago,EXPRESS,Logixtal,9342,CERRADAS,Entregado,Entregado,NET_KCARRENOV,SIM,1 sept 2026,1 sept 2026,null,No,CERRADAS,2026-09-02 03:19:27,Multilínea,Mono_item,Lima - Callao,null,Power ilim 79.90 SD N,Power ilim 79.90 SD N
Netcall,1 sept 2026,16,914887980,9148879808166556963781,9283,Outbound,Portabilidad Postpago,EXPRESS,Logixtal,9342,CERRADAS,Entregado,Entregado,NET_MFERRER,SIM,1 sept 2026,1 sept 2026,null,No,CERRADAS,2026-09-02 01:38:02,Monolínea,Mono_item,Lima - Callao,null,Power 59.90 N,Power 59.90 N
Netcall,1 sept 2026,10,914782191,914782191,9283,Outbound,Portabilidad Postpago,EXPRESS,Logixtal,9342,CERRADAS,Entregado,Entregado,NET_RCASTANEDAR,SIM,1 sept 2026,1 sept 2026,null,No,CERRADAS,2026-09-02 00:12:39,Multilínea,Mono_item,Lima - Callao,null,Power ilim 79.90 SD N,null
Netcall,1 sept 2026,17,914920515,9149205158166909452114,9283,Outbound,Portabilidad Postpago,PROGRAMADO,Logixtal,9342,ABIERTAS,Pendiente Entrega,Pendiente Entrega,NET_KGCORTEZP,SIM,2 sept 2026,null,null,No,ABIERTAS,null,Monolínea,Mono_item,Lima - Callao,null,null,Power 59.90 N
Netcall,1 sept 2026,18,914937830,9149378308167073393851,9271,Outbound,Portabilidad Postpago,PROGRAMADO,Logixtal,9342,ABIERTAS,Pendiente Entrega,Pendiente Entrega,NET_PTORRESR,SIM,2 sept 2026,null,null,No,ABIERTAS,null,Monolínea,Mono_item,Lima - Callao,null,null,Power 59.90 N
Netcall,1 sept 2026,11,914799155,9147991558165619905269,9283,Outbound,Portabilidad Postpago,EXPRESS,Logixtal,9342,CERRADAS,Entregado,Entregado,TLV_NET_LVILLLA,SIM,1 sept 2026,1 sept 2026,null,No,CERRADAS,2026-09-02 00:57:09,Monolínea,Mono_item,Lima - Callao,null,Power ilim 79.90 SD N,Power ilim 79.90 SD N
Netcall,1 sept 2026,13,914840853,9148408538166044346673,9283,Outbound,Portabilidad Postpago,EXPRESS,Logixtal,9342,CERRADAS,Entregado,Entregado,NET_PREJASD,SIM,1 sept 2026,1 sept 2026,null,No,CERRADAS,2026-09-02 00:56:39,Monolínea,Mono_item,Lima - Callao,null,Power 59.90 N,Power 59.90 N
Netcall,1 sept 2026,9,914769516,9147695168165330553870,9271,Outbound,Portabilidad Postpago,EXPRESS,Logixtal,9342,ABIERTAS,Pendiente Entrega,Pendiente Entrega,NET_LDIAZ,SIM,1 sept 2026,null,null,No,ABIERTAS,null,Monolínea,Mono_item,Lima - Callao,null,null,Power ilim 69.90 N
Netcall,2 sept 2026,13,915285439,91528543989511710111071359125,9283,Outbound,Portabilidad Postpago,EXPRESS,Logixtal,9342,ABIERTAS,Entregado,Entregado,NET_SGONZALESF,SIM,2 sept 2026,null,null,No,ABIERTAS,null,Multilínea,Mono_item,Lima - Callao,null,null,null
Netcall,1 sept 2026,15,914876343,9148763438166426369726,9271,Outbound,Portabilidad Postpago,EXPRESS,Logixtal,9342,CERRADAS,Entregado,Entregado,NET_SBACAD,SIM,1 sept 2026,1 sept 2026,null,No,CERRADAS,2026-09-02 01:20:21,Monolínea,Mono_item,Lima - Callao,null,Power 59.90 N,Power 59.90 N
Netcall,1 sept 2026,16,914894271,9148942718166625455279,9283,Outbound,Portabilidad Postpago,EXPRESS,Logixtal,9342,ABIERTAS,Pendiente Entrega,Pendiente Entrega,NET_GGUTIERREZM,SIM,1 sept 2026,null,null,No,ABIERTAS,null,Monolínea,Mono_item,Lima - Callao,null,null,Power 59.90 N
Netcall,1 sept 2026,13,914849817,914849817,9283,Outbound,Portabilidad Postpago,EXPRESS,Logixtal,9342,CERRADAS,Entregado,Entregado,NET_MORIHUELAQ,SIM,1 sept 2026,1 sept 2026,null,No,CERRADAS,2026-09-02 00:18:17,Multilínea,Mono_item,Lima - Callao,null,Power ilim 79.90 SD N,null
Netcall,2 sept 2026,17,915354398,91535439889511710101030066390,9283,Outbound,Venta Regular / Alta,EXPRESS,Logixtal,9342,ABIERTAS,Pendiente Entrega,Pendiente de Picking,NET_EALBORNOZR,SIM,2 sept 2026,null,null,No,ABIERTAS,null,Monolínea,Mono_item,Lima - Callao,null,null,null
Netcall,1 sept 2026,12,914826138,9148261388165882854500,9283,Outbound,Portabilidad Postpago,EXPRESS,Logixtal,9342,CERRADAS,Entregado,Entregado,NET_ECARRETEROH,SIM,1 sept 2026,1 sept 2026,null,No,CERRADAS,2026-09-02 03:18:31,Monolínea,Mono_item,Lima - Callao,null,Power ilim 69.90 N,Power ilim 69.90 N
Netcall,1 sept 2026,13,914846914,9148469148166104700417,9283,Outbound,Portabilidad Postpago,EXPRESS,Logixtal,9342,CERRADAS,Entregado,Entregado,TLV_NET_CZEGARR,SIM,1 sept 2026,1 sept 2026,null,No,CERRADAS,2026-09-02 02:10:19,Monolínea,Mono_item,Lima - Callao,null,Power ilim 69.90 N,Power ilim 69.90 N
Netcall,2 sept 2026,14,915301344,91530134489511710111070872813,9283,Outbound,Portabilidad Postpago,EXPRESS,Logixtal,9342,ABIERTAS,Entregado,Entregado,NET_CBIELICHR,SIM,2 sept 2026,null,null,No,ABIERTAS,null,Monolínea,Mono_item,Lima - Callao,null,null,null
Netcall,2 sept 2026,10,915239244,91523924489511710101029969182,9283,Outbound,Portabilidad Postpago,EXPRESS,Logixtal,9342,ABIERTAS,Entregado,Entregado,NET_YMILLA,SIM,2 sept 2026,null,null,No,ABIERTAS,null,Monolínea,Mono_item,Lima - Callao,null,null,null
Netcall,2 sept 2026,13,915298223,91529822389511710111071091603,9283,Outbound,Portabilidad Postpago,EXPRESS,Logixtal,9342,ABIERTAS,Entregado,Entregado,NET_JGUIOP,SIM,2 sept 2026,null,null,No,ABIERTAS,null,Multilínea,Mono_item,Lima - Callao,null,null,null
Netcall,2 sept 2026,13,915284956,91528495689511710101030066440,9283,Outbound,Portabilidad Postpago,EXPRESS,Logixtal,9342,ABIERTAS,Entregado,Entregado,NET_SDIAZO,SIM,2 sept 2026,null,null,No,ABIERTAS,null,Monolínea,Mono_item,Lima - Callao,null,null,null
Netcall,1 sept 2026,10,914783859,914783859,9283,Outbound,Portabilidad Postpago,EXPRESS,Logixtal,9342,CERRADAS,Entregado,Entregado,NET_RCASTANEDAR,SIM,1 sept 2026,1 sept 2026,null,No,CERRADAS,2026-09-02 00:33:24,Multilínea,Mono_item,Lima - Callao,null,Power ilim 79.90 SD N,null
Netcall,2 sept 2026,14,915313333,91531333389511710111071092221,9283,Outbound,Portabilidad Postpago,EXPRESS,Logixtal,9342,ABIERTAS,Entregado,Entregado,NET_ECHEROS,SIM,2 sept 2026,null,null,No,ABIERTAS,null,Monolínea,Mono_item,Lima - Callao,null,null,null
Netcall,2 sept 2026,10,915242176,91524217689511710101046084411,9271,Outbound,Portabilidad Postpago,EXPRESS,Logixtal,9342,ABIERTAS,Entregado,Entregado,NET_KANGELESS,SIM,2 sept 2026,null,null,No,ABIERTAS,null,Monolínea,Mono_item,Lima - Callao,null,null,null
Netcall,1 sept 2026,14,914861027,9148610278166253690047,9283,Outbound,Portabilidad Postpago,EXPRESS,Logixtal,9342,CERRADAS,Entregado,Entregado,TLV_NET_CZEGARR,SIM,1 sept 2026,1 sept 2026,null,No,CERRADAS,2026-09-02 01:28:50,Monolínea,Mono_item,Lima - Callao,null,Power ilim 69.90 N,Power ilim 69.90 N
Netcall,1 sept 2026,12,914827944,9148279448165902780568,9283,Outbound,Portabilidad Postpago,EXPRESS,Logixtal,9342,ERROR,Entregado,Entregado,TLV_NET_OCCONA,SIM,1 sept 2026,1 sept 2026,null,No,ERROR,null,Monolínea,Mono_item,Lima - Callao,null,null,Power 59.90 N
Netcall,1 sept 2026,11,914817134,9148171348165795766338,9271,Outbound,Venta Regular / Alta,EXPRESS,Logixtal,9342,CERRADAS,Entregado,Entregado,NET_BATOP,SIM,1 sept 2026,1 sept 2026,01/09/2026,Sí,CERRADAS,2026-09-01 14:08:57,Multilínea,Mono_item,Lima - Callao,39.95,Power ilim 79.90 SD N,Power ilim 79.90 SD N
Netcall,1 sept 2026,11,914801067,9148010678165763483789,9271,Outbound,Portabilidad Postpago,EXPRESS,Logixtal,9342,CERRADAS,Entregado,Entregado,NET_BATOP,SIM,1 sept 2026,1 sept 2026,null,No,CERRADAS,2026-09-02 01:26:16,Multilínea,Mono_item,Lima - Callao,null,Power ilim 79.90 SD N,Power ilim 79.90 SD N
Netcall,2 sept 2026,12,915268744,91526874489511710101030066465,9283,Outbound,Portabilidad Postpago,EXPRESS,Logixtal,9342,ABIERTAS,Entregado,Entregado,NET_MORIHUELAQ,SIM,2 sept 2026,null,null,No,ABIERTAS,null,Monolínea,Mono_item,Lima - Callao,null,null,null
Netcall,2 sept 2026,12,915274101,91527410189511710111073919231,9283,Outbound,Portabilidad Postpago,PROGRAMADO,Logixtal,9342,ABIERTAS,Pendiente Entrega,Pendiente de Picking,NET_AMORALEST,SIM,3 sept 2026,null,null,No,ABIERTAS,null,Monolínea,Mono_item,Lima - Callao,null,null,null
Netcall,2 sept 2026,13,915298962,91529896289511710111071091595,9283,Outbound,Portabilidad Postpago,EXPRESS,Logixtal,9342,ABIERTAS,Entregado,Entregado,NET_JGUIOP,SIM,2 sept 2026,null,null,No,ABIERTAS,null,Multilínea,Mono_item,Lima - Callao,null,null,null
Netcall,1 sept 2026,9,914768706,9147687068165319001218,9283,Outbound,Portabilidad Postpago,EXPRESS,Logixtal,5023,CANCELADAS,Cancelado,ERROR EN CSV,NET_JIYASHAMAR,SIM,1 sept 2026,null,null,No,CANCELADAS,2026-09-01 09:29:21,Monolínea,Mono_item,La Libertad,null,null,Power 59.90 N
Netcall,2 sept 2026,15,915325141,915325141Empty,9271,Outbound,Portabilidad Postpago,EXPRESS,Logixtal,5023,CANCELADAS,Pendiente Entrega,Pendiente de Picking,NET_JMAYTAHUARM,SIM,2 sept 2026,null,null,No,CANCELADAS,2026-09-02 15:36:52,Monolínea,Mono_item,La Libertad,null,null,null
Netcall,1 sept 2026,15,914871542,9148715428166371385420,9283,Outbound,Venta Regular / Alta,EXPRESS,Logixtal,5023,CERRADAS,Entregado,Entregado,NET_VJAUREGUIM,SIM,1 sept 2026,1 sept 2026,01/09/2026,Sí,CERRADAS,2026-09-01 18:32:09,Monolínea,Mono_item,La Libertad,39.95,Power ilim 79.90 SD N,Power ilim 79.90 SD N
Netcall,2 sept 2026,13,915290576,915290576Empty,9283,Outbound,Portabilidad Postpago,EXPRESS,Logixtal,5023,CANCELADAS,Pendiente Entrega,Pendiente de Picking,NET_JIYASHAMAR,SIM,2 sept 2026,null,null,No,CANCELADAS,2026-09-02 13:22:50,Monolínea,Mono_item,La Libertad,null,null,null
Netcall,1 sept 2026,11,914796790,9147967908165591165850,9283,Outbound,Portabilidad Postpago,EXPRESS,Logixtal,5023,CERRADAS,Entregado,Entregado,NET_MROLDANM,SIM,1 sept 2026,1 sept 2026,null,No,CERRADAS,2026-09-02 00:49:06,Multilínea,Multi_item,La Libertad,null,null,Power ilim 79.90 SD N
Netcall,1 sept 2026,11,914796790,9147967908165591165631,9283,Outbound,Portabilidad Postpago,EXPRESS,Logixtal,5023,CERRADAS,Entregado,Entregado,NET_MROLDANM,SIM,1 sept 2026,1 sept 2026,null,No,CERRADAS,2026-09-02 00:49:06,Multilínea,Multi_item,La Libertad,null,null,Power ilim 79.90 SD N
Netcall,2 sept 2026,14,915308704,91530870489511710111071789081,9283,Outbound,Venta Regular / Alta,PROGRAMADO,Logixtal,5023,ABIERTAS,Pendiente Entrega,Pendiente de Picking,NET_AJSANCHEZR,SIM,3 sept 2026,null,null,No,ABIERTAS,null,Multilínea,Mono_item,La Libertad,null,null,null
Netcall,2 sept 2026,10,915228161,91522816189511710111068688528,9283,Outbound,Portabilidad Postpago,EXPRESS,Logixtal,5023,ABIERTAS,Entregado,Entregado,NET_LCALDERONC,SIM,2 sept 2026,null,null,No,ABIERTAS,null,Monolínea,Mono_item,La Libertad,null,null,null
Netcall,1 sept 2026,16,914890176,9148901768166577662418,9271,Outbound,Portabilidad Postpago,EXPRESS,Logixtal,5023,CANCELADAS,Cancelado,ERROR EN CSV,NET_CBARRIOSP,SIM,1 sept 2026,null,null,No,CANCELADAS,2026-09-01 16:22:43,Monolínea,Mono_item,La Libertad,null,null,Power ilim 69.90 N
Netcall,2 sept 2026,12,915273686,91527368689511710111068688502,9283,Outbound,Portabilidad Postpago,EXPRESS,Logixtal,5023,ABIERTAS,Pendiente Entrega,Pendiente de Picking,NET_SPALACIOSA,SIM,2 sept 2026,null,null,No,ABIERTAS,null,Monolínea,Mono_item,La Libertad,null,null,null
Netcall,2 sept 2026,14,915312294,91531229489511710111071789016,9283,Outbound,Venta Regular / Alta,PROGRAMADO,Logixtal,5023,ABIERTAS,Pendiente Entrega,Pendiente de Picking,NET_AJSANCHEZR,SIM,3 sept 2026,null,null,No,ABIERTAS,null,Multilínea,Mono_item,La Libertad,null,null,null
Netcall,2 sept 2026,14,915312294,91531229489511710111071784744,9283,Outbound,Venta Regular / Alta,PROGRAMADO,Logixtal,5023,ABIERTAS,Pendiente Entrega,Pendiente de Picking,NET_AJSANCHEZR,SIM,3 sept 2026,null,null,No,ABIERTAS,null,Multilínea,Mono_item,La Libertad,null,null,null
Netcall,2 sept 2026,10,915227074,915227074Empty,9271,Outbound,Portabilidad Postpago,EXPRESS,Logixtal,5023,CANCELADAS,Pendiente Entrega,Pendiente de Picking,NET_CBARRIOSP,SIM,2 sept 2026,null,null,No,CANCELADAS,2026-09-02 10:02:36,Multilínea,Mono_item,La Libertad,null,null,null
Netcall,2 sept 2026,14,915312294,91531229489511710111071789024,9283,Outbound,Venta Regular / Alta,PROGRAMADO,Logixtal,5023,ABIERTAS,Pendiente Entrega,Pendiente de Picking,NET_AJSANCHEZR,SIM,3 sept 2026,null,null,No,ABIERTAS,null,Multilínea,Mono_item,La Libertad,null,null,null
Netcall,2 sept 2026,13,915296816,91529681689511710111071781922,9283,Outbound,Portabilidad Postpago,EXPRESS,Logixtal,5023,ABIERTAS,Entregado,Entregado,NET_MMORANM,SIM,2 sept 2026,null,null,No,ABIERTAS,null,Monolínea,Mono_item,La Libertad,null,null,null
Netcall,1 sept 2026,13,914841180,9148411808166045670238,9283,Outbound,Portabilidad Postpago,PROGRAMADO,Logixtal,5023,ABIERTAS,Pendiente Entrega,Pendiente Entrega,NET_ACASTROS,SIM,3 sept 2026,null,null,No,ABIERTAS,null,Monolínea,Mono_item,La Libertad,null,null,Power 59.90 N
Netcall,2 sept 2026,11,915260155,915260155Empty,9271,Outbound,Portabilidad Postpago,EXPRESS,Logixtal,5023,CANCELADAS,Pendiente Entrega,Pendiente de Picking,NET_CBARRIOSP,SIM,2 sept 2026,null,null,No,CANCELADAS,2026-09-02 11:44:39,Multilínea,Mono_item,La Libertad,null,null,null
Netcall,1 sept 2026,15,914874480,9148744808166415229657,9283,Outbound,Portabilidad Postpago,PROGRAMADO,Logixtal,5023,ABIERTAS,Pendiente Entrega,Pendiente Entrega,TLV_NET_KARANDA,SIM,2 sept 2026,null,null,No,ABIERTAS,null,Monolínea,Mono_item,La Libertad,null,null,Power ilim 79.90 SD N
Netcall,2 sept 2026,14,915310789,91531078989511710111071789040,9283,Outbound,Portabilidad Postpago,PROGRAMADO,Logixtal,5023,ABIERTAS,Pendiente Entrega,Pendiente de Picking,NET_AJSANCHEZR,SIM,3 sept 2026,null,null,No,ABIERTAS,null,Multilínea,Mono_item,La Libertad,null,null,null
Netcall,2 sept 2026,13,915288680,91528868089511710111073770204,9283,Outbound,Portabilidad Postpago,PROGRAMADO,Logixtal,9001,ABIERTAS,Pendiente Entrega,Pendiente de Picking,NET_KSOLORZANOV,SIM,3 sept 2026,null,null,No,ABIERTAS,null,Monolínea,Mono_item,Lima - Callao,null,null,null
Netcall,2 sept 2026,13,915289397,91528939789511710111073940443,9283,Outbound,Portabilidad Postpago,PROGRAMADO,Logixtal,9001,ABIERTAS,Pendiente Entrega,Pendiente de Picking,TLV_NET_RSORIAH,SIM,3 sept 2026,null,null,No,ABIERTAS,null,Multilínea,Mono_item,Lima - Callao,null,null,null
Netcall,2 sept 2026,15,915316173,91531617389511710111073734275,9283,Outbound,Portabilidad Postpago,PROGRAMADO,Logixtal,9001,ABIERTAS,Pendiente Entrega,Pendiente de Picking,NET_RCARDENASH,SIM,3 sept 2026,null,null,No,ABIERTAS,null,Multilínea,Mono_item,Lima - Callao,null,null,null
Netcall,1 sept 2026,10,914786327,9147863278165490682863,9283,Outbound,Portabilidad Postpago,EXPRESS,Logixtal,9001,CERRADAS,Entregado,Entregado,TLV_NET_KARANDA,SIM,1 sept 2026,1 sept 2026,null,No,CERRADAS,2026-09-02 02:02:34,Monolínea,Mono_item,Lima - Callao,null,Power ilim 79.90 SD N,Power ilim 79.90 SD N
Netcall,1 sept 2026,10,914779753,9147797538165424105463,9283,Outbound,Portabilidad Postpago,EXPRESS,Logixtal,9001,CERRADAS,Entregado,Entregado,NET_JSIADEN,SIM,1 sept 2026,1 sept 2026,null,No,CERRADAS,2026-09-02 01:39:43,Monolínea,Mono_item,Lima - Callao,null,Power ilim 69.90 N,Power ilim 69.90 N
Netcall,2 sept 2026,9,915216631,91521663189511710101080565044,9283,Outbound,Portabilidad Postpago,PROGRAMADO,Logixtal,9001,ABIERTAS,Pendiente Entrega,Pendiente de Picking,NET_GHERRERAG,SIM,3 sept 2026,null,null,No,ABIERTAS,null,Monolínea,Mono_item,Lima - Callao,null,null,null
Netcall,2 sept 2026,11,915254981,91525498189511710111071196303,9283,Outbound,Portabilidad Postpago,EXPRESS,Logixtal,9001,ABIERTAS,Entregado,Entregado,NET_SLIZARDOPER,SIM,2 sept 2026,null,null,No,ABIERTAS,null,Monolínea,Mono_item,Lima - Callao,null,null,null
Netcall,1 sept 2026,16,914892254,9148922548166596855826,9283,Outbound,Portabilidad Postpago,PROGRAMADO,Logixtal,9001,ABIERTAS,Pendiente Entrega,Pendiente Entrega,NET_KCEVEDONB,SIM,2 sept 2026,null,null,No,ABIERTAS,null,Monolínea,Mono_item,Lima - Callao,null,null,Power ilim 79.90 SD N
Netcall,1 sept 2026,10,914780751,9147807518165434166344,9283,Outbound,Portabilidad Postpago,EXPRESS,Logixtal,9001,CERRADAS,Entregado,Entregado,NET_SINGAC,SIM,1 sept 2026,1 sept 2026,null,No,CERRADAS,2026-09-02 00:47:52,Monolínea,Mono_item,Lima - Callao,null,Power ilim 69.90 N,Power ilim 69.90 N
Netcall,2 sept 2026,11,915257498,91525749889511710111071196378,9271,Outbound,Venta Regular / Alta,EXPRESS,Logixtal,9001,CERRADAS,Entregado,Entregado,NET_MCHAVEZV,SIM,2 sept 2026,2 sept 2026,null,No,CERRADAS,2026-09-02 15:59:59,Multilínea,Mono_item,Lima - Callao,null,Power ilim 79.90 SD N,null
Netcall,2 sept 2026,11,915256905,91525690589511710111071196360,9283,Outbound,Portabilidad Postpago,EXPRESS,Logixtal,9001,ABIERTAS,Pendiente Entrega,Pendiente de Picking,TLV_NET_YAQUINO,SIM,2 sept 2026,null,null,No,ABIERTAS,null,Monolínea,Mono_item,Lima - Callao,null,null,null
Netcall,2 sept 2026,11,915255126,91525512689511710111071196352,9271,Outbound,Portabilidad Postpago,EXPRESS,Logixtal,9001,ABIERTAS,Entregado,Entregado,NET_MCHAVEZV,SIM,2 sept 2026,null,null,No,ABIERTAS,null,Multilínea,Mono_item,Lima - Callao,null,null,null
Netcall,2 sept 2026,14,915304476,91530447689511710101080566505,9283,Outbound,Portabilidad Postpago,PROGRAMADO,Logixtal,9001,ABIERTAS,Pendiente Entrega,Pendiente de Picking,TLV_NET_LSANCHA,SIM,3 sept 2026,null,null,No,ABIERTAS,null,Monolínea,Mono_item,Lima - Callao,null,null,null
Netcall,2 sept 2026,11,915245820,91524582089511710111071196295,9283,Outbound,Portabilidad Postpago,EXPRESS,Logixtal,9001,ABIERTAS,Entregado,Entregado,NET_SLIZARDOPER,SIM,2 sept 2026,null,null,No,ABIERTAS,null,Monolínea,Mono_item,Lima - Callao,null,null,null
Netcall,2 sept 2026,16,915349924,91534992489511710101080566869,9283,Outbound,Portabilidad Postpago,PROGRAMADO,Logixtal,9001,ABIERTAS,Pendiente Entrega,Pendiente de Picking,NET_GCABALLEROB,SIM,3 sept 2026,null,null,No,ABIERTAS,null,Monolínea,Mono_item,Lima - Callao,null,null,null
Netcall,2 sept 2026,14,915314244,91531424489511710111071481705,9283,Outbound,Portabilidad Postpago,PROGRAMADO,Logixtal,9001,ABIERTAS,Pendiente Entrega,Pendiente de Picking,NET_RCARDENASH,SIM,3 sept 2026,null,null,No,ABIERTAS,null,Multilínea,Mono_item,Lima - Callao,null,null,null
Netcall,1 sept 2026,11,914799235,9147992358165608346263,9283,Outbound,Portabilidad Postpago,EXPRESS,Logixtal,9001,CANCELADAS,Anulado,DIRECCIÓN ERRADA,TLV_NET_FVALQUI,SIM,1 sept 2026,null,null,No,CANCELADAS,2026-09-01 14:46:54,Monolínea,Mono_item,Lima - Callao,null,null,Power ilim 69.90 N
Netcall,2 sept 2026,11,915252417,91525241789511710111073799062,9283,Outbound,Portabilidad Postpago,EXPRESS,Logixtal,9001,ABIERTAS,Entregado,Entregado,NET_PYGARCIAG,SIM,2 sept 2026,null,null,No,ABIERTAS,null,Monolínea,Mono_item,Lima - Callao,null,null,null
Netcall,2 sept 2026,17,915357105,915357105Empty,9283,Outbound,Portabilidad Postpago,PROGRAMADO,Logixtal,9001,ABIERTAS,Pendiente Entrega,Pendiente de Picking,NET_PCHAVESTAY,SIM,4 sept 2026,null,null,No,ABIERTAS,null,Monolínea,Mono_item,Lima - Callao,null,null,null
Netcall,1 sept 2026,10,914787343,9147873438165492761867,9271,Outbound,Portabilidad Postpago,EXPRESS,Logixtal,9001,CANCELADAS,Anulado,PIN PORTA_NO VALIDO,NET_LGOMEZA,SIM,1 sept 2026,null,null,No,CANCELADAS,2026-09-01 19:09:01,Monolínea,Mono_item,Lima - Callao,null,null,Power ilim 69.90 N
Netcall,2 sept 2026,10,915237353,91523735389511710111073799146,9283,Outbound,Portabilidad Postpago,EXPRESS,Logixtal,9001,CANCELADAS,Pendiente Entrega,Pendiente de Picking,TLV_NET_RSORIAH,SIM,2 sept 2026,null,null,No,CANCELADAS,2026-09-02 12:12:50,Multilínea,Mono_item,Lima - Callao,null,null,null
Netcall,2 sept 2026,12,915276114,91527611489511710111073799096,9283,Outbound,Portabilidad Postpago,EXPRESS,Logixtal,9001,ABIERTAS,Pendiente Entrega,Pendiente de Picking,NET_LFLORESY,SIM,3 sept 2026,null,null,No,ABIERTAS,null,Monolínea,Mono_item,Lima - Callao,null,null,null
Netcall,2 sept 2026,10,915232366,91523236689511710111070509076,9283,Outbound,Portabilidad Postpago,PROGRAMADO,Logixtal,5021,ABIERTAS,Pendiente Entrega,Pendiente de Picking,NET_AMORALEST,SIM,3 sept 2026,null,null,No,ABIERTAS,null,Monolínea,Mono_item,Piura,null,null,null
Netcall,2 sept 2026,10,915232366,91523236689511710111070508888,9283,Outbound,Portabilidad Postpago,PROGRAMADO,Logixtal,5021,ABIERTAS,Pendiente Entrega,Pendiente de Picking,NET_AMORALEST,SIM,3 sept 2026,null,null,No,ABIERTAS,null,Monolínea,Mono_item,Piura,null,null,null
Netcall,1 sept 2026,11,914804256,9148042568165665289537,9283,Outbound,Portabilidad Postpago,PROGRAMADO,Logixtal,5021,ABIERTAS,Pendiente Entrega,Pendiente Entrega,NET_SDIAZO,SIM,2 sept 2026,null,null,No,ABIERTAS,null,Monolínea,Mono_item,Piura,null,null,Power ilim 79.90 SD N
Netcall,1 sept 2026,13,914852974,9148529748166174759487,9283,Outbound,Portabilidad Postpago,EXPRESS,Logixtal,5021,ABIERTAS,Pendiente Entrega,Pendiente Entrega,NET_RGUTIERREZS,SIM,1 sept 2026,null,null,No,ABIERTAS,null,Monolínea,Mono_item,Piura,null,null,Power ilim 79.90 SD N
Netcall,1 sept 2026,13,914840710,9148407108166033819233,9283,Outbound,Portabilidad Postpago,EXPRESS,Logixtal,5021,ABIERTAS,Pendiente Entrega,Pendiente Entrega,NET_GSANCHEZO,SIM,1 sept 2026,null,null,No,ABIERTAS,null,Monolínea,Mono_item,Piura,null,null,Power 59.90 N
Netcall,1 sept 2026,9,914764854,9147648548165286215509,9283,Outbound,Portabilidad Postpago,EXPRESS,Logixtal,5021,CERRADAS,Entregado,Entregado,NET_GHERRERAG,SIM,1 sept 2026,1 sept 2026,null,No,CERRADAS,2026-09-02 00:58:20,Monolínea,Mono_item,Piura,null,Power 59.90 N,Power 59.90 N
Netcall,1 sept 2026,12,914822445,914822445,9283,Outbound,Portabilidad Postpago,EXPRESS,Logixtal,5021,CERRADAS,Entregado,Entregado,NET_AYBECERRAS,SIM,1 sept 2026,1 sept 2026,null,No,CERRADAS,2026-09-02 00:35:56,Monolínea,Mono_item,Piura,null,Power ilim 79.90 SD N,null
Netcall,2 sept 2026,11,915258385,91525838589511710111070508714,9271,Outbound,Portabilidad Postpago,PROGRAMADO,Logixtal,5021,ABIERTAS,Pendiente Entrega,Pendiente de Picking,NET_SVELASQUEZL,SIM,4 sept 2026,null,null,No,ABIERTAS,null,Monolínea,Mono_item,Piura,null,null,null
Netcall,2 sept 2026,10,915243967,91524396789511710111068564679,9283,Outbound,Portabilidad Postpago,EXPRESS,Logixtal,5021,ABIERTAS,Entregado,Entregado,TLV_NET_SFERNAN,SIM,2 sept 2026,null,null,No,ABIERTAS,null,Monolínea,Mono_item,Piura,null,null,null
Netcall,1 sept 2026,10,914787587,9147875878165493165853,9283,Outbound,Portabilidad Postpago,EXPRESS,Logixtal,5021,CERRADAS,Entregado,Entregado,NET_YNEYRAM,SIM,1 sept 2026,1 sept 2026,null,No,CERRADAS,2026-09-02 03:17:22,Monolínea,Mono_item,Piura,null,Power 59.90 N,Power 59.90 N
Netcall,1 sept 2026,11,914812883,914812883,9283,Outbound,Portabilidad Postpago,EXPRESS,Logixtal,5021,CERRADAS,Entregado,Entregado,NET_OSANCHEZP,SIM,1 sept 2026,1 sept 2026,null,No,CERRADAS,2026-09-02 00:37:00,Monolínea,Mono_item,Piura,null,Power 59.90 N,null
Netcall,2 sept 2026,11,915249939,91524993989511710111068564950,9283,Outbound,Portabilidad Postpago,EXPRESS,Logixtal,5021,ABIERTAS,Pendiente Entrega,Pendiente de Picking,NET_NSANTAMARIS,SIM,2 sept 2026,null,null,No,ABIERTAS,null,Monolínea,Mono_item,Piura,null,null,null
Netcall,2 sept 2026,13,915287709,915287709Empty,9283,Outbound,Portabilidad Postpago,RETIRO EN TIENDA,Retiro en tienda,3073,CANCELADAS,Cancelado,Cancelado,NET_RFIGUEROAR,SIM,2 sept 2026,null,null,No,CANCELADAS,2026-09-02 14:00:43,Monolínea,Mono_item,Amazonas,null,null,null
Netcall,1 sept 2026,12,914828398,9148283988165912364269,9271,Outbound,Portabilidad Postpago,RETIRO EN TIENDA,Retiro en tienda,3073,ABIERTAS,Pendiente Entrega,Pendiente Entrega,NET_RALVAREZV,SIM,1 sept 2026,null,null,No,ABIERTAS,null,Monolínea,Mono_item,Amazonas,null,null,Power ilim 79.90 SD N
Netcall,2 sept 2026,10,915236385,915236385Empty,9283,Outbound,Portabilidad Postpago,RETIRO EN TIENDA,Retiro en tienda,3073,ABIERTAS,Pendiente Entrega,Pendiente Entrega,NET_MJQUISPEM,SIM,2 sept 2026,null,null,No,ABIERTAS,null,Monolínea,Mono_item,Amazonas,null,null,null
Netcall,2 sept 2026,15,915316741,91531674189511710101045247928,9283,Outbound,Portabilidad Postpago,EXPRESS,Retiro en tienda,5302,ABIERTAS,Entregado,Entregado,NET_AYROJASS,SIM,2 sept 2026,null,null,No,ABIERTAS,null,Monolínea,Mono_item,Tumbes,null,null,null
Netcall,2 sept 2026,9,915226227,91522622789511710101045247670,9283,Outbound,Portabilidad Postpago,EXPRESS,Retiro en tienda,5302,ABIERTAS,Entregado,Entregado,NET_RCASTANEDAR,SIM,2 sept 2026,null,null,No,ABIERTAS,null,Monolínea,Mono_item,Tumbes,null,null,null
Netcall,2 sept 2026,9,915218858,91521885889511710101045247860,9283,Outbound,Portabilidad Postpago,EXPRESS,Retiro en tienda,5302,ABIERTAS,Entregado,Entregado,NET_SBENITESL,SIM,2 sept 2026,null,null,No,ABIERTAS,null,Monolínea,Mono_item,Tumbes,null,null,null
Netcall,2 sept 2026,16,915345365,915345365Empty,9283,Outbound,Portabilidad Postpago,RETIRO EN TIENDA,Retiro en tienda,7249,ABIERTAS,Pendiente Entrega,Pendiente Entrega,NET_EZEVALLOSZ,SIM,2 sept 2026,null,null,No,ABIERTAS,null,Monolínea,Mono_item,Tumbes,null,null,null
Netcall,2 sept 2026,18,915385391,915385391Empty,9283,Outbound,Portabilidad Postpago,PROGRAMADO,Retiro en tienda,5302,ABIERTAS,Pendiente Entrega,Pendiente Entrega,NET_KEMENDOZAJ,SIM,3 sept 2026,null,null,No,ABIERTAS,null,Monolínea,Mono_item,Tumbes,null,null,null
Netcall,2 sept 2026,11,915250404,91525040489511710101045247779,9271,Outbound,Portabilidad Postpago,EXPRESS,Retiro en tienda,5302,ABIERTAS,Entregado,Entregado,NET_SNIMAG,SIM,2 sept 2026,null,null,No,ABIERTAS,null,Monolínea,Mono_item,Tumbes,null,null,null
Netcall,2 sept 2026,9,915222772,91522277289511710111068656095,9283,Outbound,Portabilidad Postpago,PROGRAMADO,Logixtal,5024,ABIERTAS,Pendiente Entrega,Pendiente de Picking,NET_YVEGASA,SIM,9 sept 2026,null,null,No,ABIERTAS,null,Monolínea,Mono_item,Lambayeque,null,null,null
Netcall,1 sept 2026,10,914778614,9147786148165412408255,9283,Outbound,Portabilidad Postpago,PROGRAMADO,Logixtal,5024,ABIERTAS,Pendiente Entrega,Pendiente Entrega,NET_RMRAMIREZ,SIM,2 sept 2026,null,null,No,ABIERTAS,null,Monolínea,Mono_item,Lambayeque,null,null,Power 39.90 N
Netcall,2 sept 2026,18,915382250,915382250Empty,9283,Outbound,Portabilidad Postpago,PROGRAMADO,Logixtal,5024,ABIERTAS,Pendiente Entrega,Pendiente de Picking,NET_CPINOG,SIM,9 sept 2026,null,null,No,ABIERTAS,null,Monolínea,Mono_item,Lambayeque,null,null,null
Netcall,1 sept 2026,12,914830479,9148304798165929442833,9283,Outbound,Venta Regular / Alta,PROGRAMADO,Logixtal,5024,ABIERTAS,Pendiente Entrega,Pendiente Entrega,NET_CBIELICHR,SIM,3 sept 2026,null,null,No,ABIERTAS,null,Monolínea,Mono_item,Lambayeque,null,null,Power ilim 79.90 SD N
Netcall,1 sept 2026,14,914866657,914866657,9283,Outbound,Portabilidad Postpago,RETIRO EN TIENDA,Retiro en tienda,3043,CERRADAS,Entregado,Entregado,NET_YCASTILLOO,SIM,1 sept 2026,1 sept 2026,null,No,CERRADAS,2026-09-02 00:07:43,Multilínea,Mono_item,La Libertad,null,Power 59.90 N,null
Netcall,2 sept 2026,18,915377347,91537734789511710111071784587,9283,Outbound,Portabilidad Postpago,PROGRAMADO,Logixtal,5023,ABIERTAS,Pendiente Entrega,Pendiente de Picking,NET_ARIVERA,SIM,3 sept 2026,null,null,No,ABIERTAS,null,Multilínea,Mono_item,La Libertad,null,null,null
Netcall,2 sept 2026,14,915314453,91531445389511710111071784736,9283,Outbound,Portabilidad Postpago,PROGRAMADO,Logixtal,5023,ABIERTAS,Pendiente Entrega,Pendiente de Picking,NET_KARAUJOC,SIM,3 sept 2026,null,null,No,ABIERTAS,null,Monolínea,Mono_item,La Libertad,null,null,null
Netcall,2 sept 2026,13,915284144,91528414489511710111071789313,9283,Outbound,Portabilidad Postpago,PROGRAMADO,Logixtal,5023,ABIERTAS,Pendiente Entrega,Pendiente de Picking,NET_DMORENOL,SIM,3 sept 2026,null,null,No,ABIERTAS,null,Monolínea,Mono_item,La Libertad,null,null,null
Netcall,1 sept 2026,9,914766682,914766682,9283,Outbound,Portabilidad Postpago,EXPRESS,Logixtal,5023,CERRADAS,Entregado,Entregado,NET_LRUIZH,SIM,1 sept 2026,1 sept 2026,null,No,CERRADAS,2026-09-02 00:15:00,Monolínea,Mono_item,La Libertad,null,Power 59.90 N,null
Netcall,1 sept 2026,17,914917215,9149172158166880515037,9283,Outbound,Portabilidad Postpago,PROGRAMADO,Logixtal,5023,ABIERTAS,Pendiente Entrega,Pendiente Entrega,NET_RURBINAG,SIM,2 sept 2026,null,null,No,ABIERTAS,null,Multilínea,Mono_item,La Libertad,null,null,Power ilim 79.90 SD N
Netcall,1 sept 2026,10,914788192,9147881928165505826490,9283,Outbound,Portabilidad Postpago,EXPRESS,Logixtal,5023,CERRADAS,Entregado,Entregado,NET_DHUAYACGONZ,SIM,1 sept 2026,1 sept 2026,null,No,CERRADAS,2026-09-02 02:04:22,Monolínea,Mono_item,La Libertad,null,Power 59.90 N,Power 59.90 N
Netcall,1 sept 2026,9,914771083,9147710838165341953613,9283,Outbound,Portabilidad Postpago,EXPRESS,Logixtal,5023,CERRADAS,Entregado,Entregado,NET_VMEJIAC,SIM,1 sept 2026,1 sept 2026,null,No,CERRADAS,2026-09-02 01:51:04,Multilínea,Mono_item,La Libertad,null,Power ilim 79.90 SD N,Power ilim 79.90 SD N
Netcall,1 sept 2026,16,914895021,9148950218166631369564,9283,Outbound,Portabilidad Postpago,RETIRO EN TIENDA,Retiro en tienda,3043,CERRADAS,Entregado,Entregado,NET_TBECERRAC,SIM,1 sept 2026,1 sept 2026,null,No,CERRADAS,2026-09-02 01:17:46,Monolínea,Mono_item,La Libertad,null,Power 59.90 N,Power 59.90 N
Netcall,1 sept 2026,10,914781912,9147819128165450236509,9283,Outbound,Portabilidad Postpago,RETIRO EN TIENDA,Retiro en tienda,3043,CANCELADAS,Cancelado,Cancelado,NET_YCASTILLOO,SIM,1 sept 2026,null,null,No,CANCELADAS,2026-09-01 11:12:24,Multilínea,Mono_item,La Libertad,null,null,Power 59.90 N
Netcall,1 sept 2026,10,914784578,9147845788165467630860,9283,Outbound,Portabilidad Postpago,RETIRO EN TIENDA,Retiro en tienda,3043,CANCELADAS,Cancelado,Cancelado,NET_YCASTILLOO,SIM,1 sept 2026,null,null,No,CANCELADAS,2026-09-01 11:28:54,Multilínea,Mono_item,La Libertad,null,null,Power 59.90 N
Netcall,2 sept 2026,18,915376300,91537630089511710111071784595,9283,Outbound,Portabilidad Postpago,PROGRAMADO,Logixtal,5023,ABIERTAS,Pendiente Entrega,Pendiente de Picking,NET_ARIVERA,SIM,3 sept 2026,null,null,No,ABIERTAS,null,Multilínea,Mono_item,La Libertad,null,null,null
Netcall,2 sept 2026,17,915362029,91536202989511710111071782250,9283,Outbound,Portabilidad Postpago,PROGRAMADO,Logixtal,5023,ABIERTAS,Pendiente Entrega,Pendiente de Picking,NET_SPEREZR,SIM,3 sept 2026,null,null,No,ABIERTAS,null,Monolínea,Mono_item,La Libertad,null,null,null
Netcall,2 sept 2026,10,915230971,91523097189511710101054447021,9283,Outbound,Portabilidad Postpago,EXPRESS,Logixtal,5023,ABIERTAS,Entregado,Entregado,NET_LRUIZH,SIM,2 sept 2026,null,null,No,ABIERTAS,null,Multilínea,Mono_item,La Libertad,null,null,null
Netcall,1 sept 2026,16,914884806,9148848068166522702800,9283,Outbound,Portabilidad Postpago,PROGRAMADO,Logixtal,5023,ABIERTAS,Pendiente Entrega,Pendiente Entrega,NET_KGCORTEZP,SIM,2 sept 2026,null,null,No,ABIERTAS,null,Monolínea,Mono_item,La Libertad,null,null,Power ilim 79.90 SD N
Netcall,2 sept 2026,9,915219318,91521931889511710111068688536,9283,Outbound,Portabilidad Postpago,EXPRESS,Logixtal,5023,ABIERTAS,Entregado,Entregado,NET_KZAVALETAZ,SIM,2 sept 2026,null,null,No,ABIERTAS,null,Monolínea,Mono_item,La Libertad,null,null,null
Netcall,1 sept 2026,9,914770362,9147703628165338082870,9283,Outbound,Portabilidad Postpago,EXPRESS,Logixtal,5023,CERRADAS,Entregado,Entregado,NET_VMEJIAC,SIM,1 sept 2026,1 sept 2026,null,No,CERRADAS,2026-09-02 01:14:58,Multilínea,Mono_item,La Libertad,null,Power ilim 79.90 SD N,Power ilim 79.90 SD N
Netcall,1 sept 2026,14,914857024,9148570248166220421979,9283,Outbound,Portabilidad Postpago,PROGRAMADO,Logixtal,5023,ABIERTAS,Pendiente Entrega,Pendiente Entrega,NET_EVALDIVIEZO,SIM,2 sept 2026,null,null,No,ABIERTAS,null,Monolínea,Mono_item,La Libertad,null,null,Power ilim 69.90 N
Netcall,1 sept 2026,16,914896800,9148968008166650792365,9283,Outbound,Portabilidad Postpago,RETIRO EN TIENDA,Retiro en tienda,3221,CERRADAS,Entregado,Entregado,NET_YMILLA,SIM,1 sept 2026,1 sept 2026,null,No,CERRADAS,2026-09-02 01:54:43,Monolínea,Mono_item,La Libertad,null,Power ilim 69.90 N,Power ilim 69.90 N
Netcall,2 sept 2026,7,915144446,91514444689511710111068682448,9283,Outbound,Portabilidad Postpago,EXPRESS,Logixtal,5023,ABIERTAS,Entregado,Entregado,NET_EZEVALLOSZ,SIM,2 sept 2026,null,null,No,ABIERTAS,null,Multilínea,Mono_item,La Libertad,null,null,null
Netcall,2 sept 2026,7,915137351,91513735189511710111068682463,9283,Outbound,Portabilidad Postpago,EXPRESS,Logixtal,5023,ABIERTAS,Entregado,Entregado,NET_EZEVALLOSZ,SIM,2 sept 2026,null,null,No,ABIERTAS,null,Multilínea,Mono_item,La Libertad,null,null,null
Netcall,2 sept 2026,7,915138964,91513896489511710111068682455,9283,Outbound,Portabilidad Postpago,EXPRESS,Logixtal,5023,CANCELADAS,Pendiente Entrega,Pendiente Entrega,NET_EZEVALLOSZ,SIM,2 sept 2026,null,null,No,CANCELADAS,2026-09-02 11:51:22,Multilínea,Mono_item,La Libertad,null,null,null
Netcall,1 sept 2026,11,914808010,9148080108165701712804,9271,Outbound,Portabilidad Postpago,PROGRAMADO,Logixtal,5023,ABIERTAS,Pendiente Entrega,Pendiente Entrega,NET_BATOP,SIM,2 sept 2026,null,null,No,ABIERTAS,null,Monolínea,Mono_item,La Libertad,null,null,Power ilim 79.90 SD N
Netcall,2 sept 2026,10,915232084,91523208489511710101054447013,9283,Outbound,Portabilidad Postpago,EXPRESS,Logixtal,5023,ABIERTAS,Entregado,Entregado,NET_LRUIZH,SIM,2 sept 2026,null,null,No,ABIERTAS,null,Multilínea,Mono_item,La Libertad,null,null,null
Netcall,2 sept 2026,10,915233849,91523384989511710101054447005,9283,Outbound,Portabilidad Postpago,EXPRESS,Logixtal,5023,ABIERTAS,Entregado,Entregado,NET_LRUIZH,SIM,2 sept 2026,null,null,No,ABIERTAS,null,Multilínea,Mono_item,La Libertad,null,null,null
Netcall,2 sept 2026,9,915214783,91521478389511710111068688544,9283,Outbound,Portabilidad Postpago,EXPRESS,Logixtal,5023,ABIERTAS,Entregado,Entregado,TLV_NET_DCASTIA,SIM,2 sept 2026,null,null,No,ABIERTAS,null,Monolínea,Mono_item,La Libertad,null,null,null
Netcall,1 sept 2026,9,914769422,9147694228165329478129,9283,Outbound,Portabilidad Postpago,EXPRESS,Logixtal,5023,CERRADAS,Entregado,Entregado,NET_VMEJIAC,SIM,1 sept 2026,1 sept 2026,null,No,CERRADAS,2026-09-02 01:01:48,Multilínea,Mono_item,La Libertad,null,Power ilim 79.90 SD N,Power ilim 79.90 SD N
Netcall,1 sept 2026,17,914919044,9149190448166891851484,9283,Outbound,Portabilidad Postpago,PROGRAMADO,Logixtal,5023,ABIERTAS,Pendiente Entrega,Pendiente Entrega,NET_RURBINAG,SIM,2 sept 2026,null,null,No,ABIERTAS,null,Multilínea,Mono_item,La Libertad,null,null,Power ilim 79.90 SD N
Netcall,1 sept 2026,16,914885044,9148850448166524098900,9283,Outbound,Portabilidad Postpago,RETIRO EN TIENDA,Retiro en tienda,1027,CERRADAS,Entregado,Entregado,NET_JIYASHAMAR,SIM,1 sept 2026,1 sept 2026,null,No,CERRADAS,2026-09-02 01:39:55,Multilínea,Mono_item,La Libertad,null,Power ilim 79.90 SD N,Power ilim 79.90 SD N
Netcall,1 sept 2026,14,914865734,9148657348166307574980,9283,Outbound,Portabilidad Postpago,RETIRO EN TIENDA,Retiro en tienda,3043,CERRADAS,Entregado,Entregado,NET_YCASTILLOO,SIM,1 sept 2026,1 sept 2026,null,No,CERRADAS,2026-09-02 01:34:50,Multilínea,Mono_item,La Libertad,null,Power 59.90 N,Power 59.90 N
Netcall,2 sept 2026,9,915223150,91522315089511710111068682109,9283,Outbound,Portabilidad Postpago,EXPRESS,Logixtal,5023,ABIERTAS,Entregado,Entregado,NET_CGARCIAC,SIM,2 sept 2026,null,null,No,ABIERTAS,null,Monolínea,Mono_item,La Libertad,null,null,null
Netcall,1 sept 2026,8,914737811,9147378118165087329458,9283,Outbound,Portabilidad Postpago,EXPRESS,Logixtal,5023,CERRADAS,Entregado,Entregado,NET_LOPEZDI,SIM,1 sept 2026,1 sept 2026,null,No,CERRADAS,2026-09-02 00:43:18,Multilínea,Mono_item,La Libertad,null,Power ilim 79.90 SD N,Power ilim 79.90 SD N
Netcall,1 sept 2026,15,914881821,9148818218166489892594,9283,Outbound,Portabilidad Postpago,RETIRO EN TIENDA,Retiro en tienda,1027,CERRADAS,Entregado,Entregado,NET_JIYASHAMAR,SIM,1 sept 2026,1 sept 2026,null,No,CERRADAS,2026-09-02 01:27:43,Multilínea,Mono_item,La Libertad,null,Power ilim 79.90 SD N,Power ilim 79.90 SD N
Netcall,1 sept 2026,8,914735914,9147359148165080685502,9283,Outbound,Portabilidad Postpago,EXPRESS,Logixtal,5023,CERRADAS,Entregado,Entregado,NET_LOPEZDI,SIM,1 sept 2026,1 sept 2026,null,No,CERRADAS,2026-09-02 01:56:59,Multilínea,Mono_item,La Libertad,null,Power ilim 79.90 SD N,Power ilim 79.90 SD N
Netcall,1 sept 2026,18,914924793,9149247938166952322104,9283,Outbound,Portabilidad Postpago,RETIRO EN TIENDA,Retiro en tienda,3043,CERRADAS,Entregado,Entregado,NET_GSANCHEZO,SIM,1 sept 2026,1 sept 2026,null,No,CERRADAS,2026-09-02 01:42:48,Monolínea,Mono_item,La Libertad,null,Power 59.90 N,Power 59.90 N
Netcall,2 sept 2026,8,915201550,915201550Empty,9283,Outbound,Portabilidad Postpago,PROGRAMADO,Logixtal,5022,ABIERTAS,Pendiente Entrega,Pendiente de Picking,NET_MFERRER,SIM,5 sept 2026,null,null,No,ABIERTAS,null,Monolínea,Mono_item,Arequipa,null,null,null
Netcall,1 sept 2026,19,914948678,9149486788167193176452,9283,Outbound,Portabilidad Postpago,RETIRO EN TIENDA,Retiro en tienda,3138,ABIERTAS,Pendiente Entrega,Pendiente Entrega,NET_DVALVERDEM,SIM,1 sept 2026,null,null,No,ABIERTAS,null,Multilínea,Mono_item,Junin,null,null,Power ilim 79.90 SD N
Netcall,1 sept 2026,16,914894790,9148947908166630944500,9283,Outbound,Portabilidad Postpago,RETIRO EN TIENDA,Retiro en tienda,3138,ABIERTAS,Pendiente Entrega,Pendiente Entrega,NET_SSALAZARV,SIM,1 sept 2026,null,null,No,ABIERTAS,null,Multilínea,Mono_item,Junin,null,null,Power ilim 79.90 SD N
Netcall,1 sept 2026,16,914893567,9148935678166616012197,9283,Outbound,Portabilidad Postpago,RETIRO EN TIENDA,Retiro en tienda,3138,ABIERTAS,Pendiente Entrega,Pendiente Entrega,NET_SSALAZARV,SIM,1 sept 2026,null,null,No,ABIERTAS,null,Multilínea,Mono_item,Junin,null,null,Power ilim 79.90 SD N
Netcall,2 sept 2026,12,915279629,915279629Empty,9283,Outbound,Portabilidad Postpago,RETIRO EN TIENDA,Retiro en tienda,3138,ABIERTAS,Pendiente Entrega,Pendiente Entrega,NET_JGUIOP,SIM,2 sept 2026,null,null,No,ABIERTAS,null,Monolínea,Mono_item,Junin,null,null,null
Netcall,2 sept 2026,8,915212287,915212287Empty,9283,Outbound,Portabilidad Postpago,RETIRO EN TIENDA,Retiro en tienda,3138,ABIERTAS,Pendiente Entrega,Pendiente Entrega,NET_DVALVERDEM,SIM,2 sept 2026,null,null,No,ABIERTAS,null,Monolínea,Mono_item,Junin,null,null,null
Netcall,1 sept 2026,19,914947851,9149478518167186957645,9283,Outbound,Portabilidad Postpago,RETIRO EN TIENDA,Retiro en tienda,3138,ABIERTAS,Pendiente Entrega,Pendiente Entrega,NET_DVALVERDEM,SIM,1 sept 2026,null,null,No,ABIERTAS,null,Multilínea,Mono_item,Junin,null,null,Power ilim 79.90 SD N
Netcall,2 sept 2026,8,915207882,915207882Empty,9271,Outbound,Portabilidad Postpago,RETIRO EN TIENDA,Retiro en tienda,3138,ABIERTAS,Pendiente Entrega,Pendiente Entrega,NET_BATOP,SIM,2 sept 2026,null,null,No,ABIERTAS,null,Monolínea,Mono_item,Junin,null,null,null
Netcall,1 sept 2026,18,914936020,9149360208167053686525,9283,Outbound,Portabilidad Postpago,RETIRO EN TIENDA,Retiro en tienda,3138,CANCELADAS,Cancelado,Cancelado,NET_DVALVERDEM,SIM,1 sept 2026,null,null,No,CANCELADAS,2026-09-01 18:46:21,Multilínea,Mono_item,Junin,null,null,Power ilim 79.90 SD N
Netcall,1 sept 2026,16,914883967,9148839678166514898492,9283,Outbound,Portabilidad Postpago,EXPRESS,Logixtal,9352,ABIERTAS,Pendiente Entrega,Pendiente Entrega,NET_AMENDOZAV,SIM,1 sept 2026,null,null,No,ABIERTAS,null,Multilínea,Multi_item,San Martin,null,null,Power ilim 79.90 SD N
Netcall,2 sept 2026,11,915260480,915260480Empty,9283,Outbound,Portabilidad Postpago,PROGRAMADO,Retiro en tienda,9352,ABIERTAS,Pendiente Entrega,Pendiente Entrega,NET_SPALACIOSA,SIM,3 sept 2026,null,null,No,ABIERTAS,null,Monolínea,Mono_item,San Martin,null,null,null
Netcall,1 sept 2026,12,914818680,9148186808165808093903,9283,Outbound,Portabilidad Postpago,EXPRESS,Logixtal,9352,CANCELADAS,Anulado,CLIENTE DESISTE - INFORMACIÓN INCORRECTA,TLV_NET_LVILLLA,SIM,1 sept 2026,null,null,No,CANCELADAS,2026-09-01 16:00:47,Monolínea,Mono_item,San Martin,null,null,Power ilim 69.90 N
Netcall,1 sept 2026,16,914883967,9148839678166514898273,9283,Outbound,Portabilidad Postpago,EXPRESS,Logixtal,9352,ABIERTAS,Pendiente Entrega,Pendiente Entrega,NET_AMENDOZAV,SIM,1 sept 2026,null,null,No,ABIERTAS,null,Multilínea,Multi_item,San Martin,null,null,Power ilim 79.90 SD N
Netcall,1 sept 2026,12,914827422,9148274228165895937868,9283,Outbound,Portabilidad Postpago,EXPRESS,Logixtal,9352,CERRADAS,Entregado,Entregado,NET_RMRAMIREZ,SIM,1 sept 2026,1 sept 2026,null,No,CERRADAS,2026-09-02 01:08:59,Monolínea,Mono_item,San Martin,null,Power 59.90 N,Power 59.90 N
Netcall,2 sept 2026,6,915136867,91513686789511710101051104435,9283,Outbound,Portabilidad Postpago,EXPRESS,Logixtal,9352,ABIERTAS,Entregado,Entregado,NET_SLAZOB,SIM,2 sept 2026,null,null,No,ABIERTAS,null,Monolínea,Mono_item,San Martin,null,null,null
Netcall,1 sept 2026,10,914784543,914784543,9283,Outbound,Portabilidad Postpago,EXPRESS,Logixtal,9352,CERRADAS,Entregado,Entregado,NET_AYROJASS,SIM,1 sept 2026,1 sept 2026,null,No,CERRADAS,2026-09-02 00:21:24,Monolínea,Mono_item,San Martin,null,Power 59.90 N,null
Netcall,2 sept 2026,16,915346896,91534689689511710101051104872,9283,Outbound,Portabilidad Postpago,EXPRESS,Retiro en tienda,9352,ABIERTAS,Entregado,Entregado,NET_GCABALLEROB,SIM,2 sept 2026,null,null,No,ABIERTAS,null,Monolínea,Mono_item,San Martin,null,null,null
Netcall,2 sept 2026,14,915305683,91530568389511710101051104740,9283,Outbound,Portabilidad Postpago,EXPRESS,Retiro en tienda,9352,ABIERTAS,Entregado,Entregado,TLV_NET_DCABEZU,SIM,2 sept 2026,null,null,No,ABIERTAS,null,Monolínea,Mono_item,San Martin,null,null,null
Netcall,2 sept 2026,14,915313444,91531344489511710101051109400,9283,Outbound,Portabilidad Postpago,EXPRESS,Retiro en tienda,9352,ABIERTAS,Entregado,Entregado,NET_BYAUYOD,SIM,2 sept 2026,null,null,No,ABIERTAS,null,Monolínea,Mono_item,San Martin,null,null,null
Netcall,1 sept 2026,16,914883967,9148839678166514898054,9283,Outbound,Portabilidad Postpago,EXPRESS,Logixtal,9352,ABIERTAS,Pendiente Entrega,Pendiente Entrega,NET_AMENDOZAV,SIM,1 sept 2026,null,null,No,ABIERTAS,null,Multilínea,Multi_item,San Martin,null,null,Power ilim 79.90 SD N
Netcall,1 sept 2026,9,914768823,9147688238165321806022,9283,Outbound,Portabilidad Postpago,EXPRESS,Logixtal,9352,CANCELADAS,Anulado,PIN PORTA_NO VALIDO,NET_MROJASS,SIM,1 sept 2026,null,null,No,CANCELADAS,2026-09-01 17:43:03,Monolínea,Mono_item,San Martin,null,null,Power ilim 69.90 N
Netcall,1 sept 2026,16,914883967,9148839678166514886835,9283,Outbound,Portabilidad Postpago,EXPRESS,Logixtal,9352,ABIERTAS,Pendiente Entrega,Pendiente Entrega,NET_AMENDOZAV,SIM,1 sept 2026,null,null,No,ABIERTAS,null,Multilínea,Multi_item,San Martin,null,null,Power ilim 79.90 SD N
Netcall,2 sept 2026,12,915275155,91527515589511710101051104914,9283,Outbound,Portabilidad Postpago,EXPRESS,Retiro en tienda,9352,ABIERTAS,Entregado,Entregado,NET_LMANRIQUED,SIM,2 sept 2026,null,null,No,ABIERTAS,null,Monolínea,Mono_item,San Martin,null,null,null
Netcall,2 sept 2026,17,915369587,915369587Empty,9283,Outbound,Portabilidad Postpago,PROGRAMADO,Retiro en tienda,9347,ABIERTAS,Pendiente Entrega,Pendiente Entrega,NET_CMENESESV,SIM,3 sept 2026,null,null,No,ABIERTAS,null,Monolínea,Mono_item,Madre De Dios,null,null,null
Netcall,1 sept 2026,14,914856399,9148563998166208671126,9283,Outbound,Venta Regular / Alta,EXPRESS,Logixtal,9347,ABIERTAS,Pendiente Entrega,Pendiente Entrega,NET_LMANRIQUED,SIM,1 sept 2026,null,null,No,ABIERTAS,null,Multilínea,Mono_item,Madre De Dios,null,null,Power 59.90 N
Netcall,2 sept 2026,9,915224620,91522462089511710101045174171,9283,Outbound,Portabilidad Postpago,EXPRESS,Retiro en tienda,9347,ABIERTAS,Entregado,Entregado,NET_SINGAC,SIM,2 sept 2026,null,null,No,ABIERTAS,null,Monolínea,Mono_item,Madre De Dios,null,null,null
Netcall,1 sept 2026,14,914858238,9148582388166232391333,9283,Outbound,Portabilidad Postpago,EXPRESS,Logixtal,9347,ABIERTAS,Pendiente Entrega,Pendiente Entrega,NET_LMANRIQUED,SIM,1 sept 2026,null,null,No,ABIERTAS,null,Multilínea,Mono_item,Madre De Dios,null,null,Power 59.90 N
Netcall,2 sept 2026,10,915241869,91524186989511710101045174155,5299,Outbound,Venta Regular / Alta,EXPRESS,Retiro en tienda,9347,CERRADAS,Entregado,Entregado,NET_JBOZAC,SIM,2 sept 2026,2 sept 2026,null,No,CERRADAS,2026-09-02 16:51:38,Monolínea,Mono_item,Madre De Dios,null,Power 39.90 N,null
Netcall,1 sept 2026,11,914812620,9148126208165746769715,9283,Outbound,Venta Regular / Alta,RETIRO EN TIENDA,Retiro en tienda,7119,CERRADAS,Entregado,Entregado,TLV_NET_LMONTED,SIM,1 sept 2026,1 sept 2026,01/09/2026,Sí,CERRADAS,2026-09-01 12:39:59,Monolínea,Mono_item,Madre De Dios,79.9,Power ilim 79.90 SD N,Power ilim 79.90 SD N
Netcall,2 sept 2026,8,915203115,915203115Empty,9283,Outbound,Portabilidad Postpago,RETIRO EN TIENDA,Retiro en tienda,7119,ABIERTAS,Pendiente Entrega,Pendiente Entrega,NET_JSIADEN,SIM,2 sept 2026,null,null,No,ABIERTAS,null,Monolínea,Mono_item,Madre De Dios,null,null,null
Netcall,2 sept 2026,12,915272230,91527223089511710101047125718,9283,Outbound,Portabilidad Postpago,PROGRAMADO,Logixtal,5021,ABIERTAS,Pendiente Entrega,Pendiente de Picking,NET_MROJASS,SIM,7 sept 2026,null,null,No,ABIERTAS,null,Monolínea,Mono_item,Piura,null,null,null
Netcall,1 sept 2026,10,914795588,9147955888165573675178,9283,Outbound,Portabilidad Postpago,EXPRESS,Logixtal,9348,ABIERTAS,Pendiente Entrega,Pendiente Entrega,NET_CCURAYG,SIM,1 sept 2026,null,null,No,ABIERTAS,null,Monolínea,Mono_item,Tacna,null,null,Power ilim 69.90 N
Netcall,1 sept 2026,12,914834890,9148348908165972527533,9271,Outbound,Portabilidad Postpago,RETIRO EN TIENDA,Retiro en tienda,1025,CERRADAS,Entregado,Entregado,NET_EPARDOG,SIM,1 sept 2026,1 sept 2026,null,No,CERRADAS,2026-09-02 01:56:56,Monolínea,Mono_item,Tacna,null,Power 59.90 N,Power 59.90 N
Netcall,1 sept 2026,8,914729335,9147293358165027978165,9283,Outbound,Portabilidad Postpago,EXPRESS,Logixtal,9348,CERRADAS,Entregado,Entregado,NET_TANCHANTEG,SIM,1 sept 2026,1 sept 2026,null,No,CERRADAS,2026-09-02 01:58:27,Monolínea,Mono_item,Tacna,null,Power 59.90 N,Power 59.90 N
Netcall,1 sept 2026,14,914854577,9148545778166183744529,9283,Outbound,Venta Regular / Alta,EXPRESS,Logixtal,9348,CERRADAS,Entregado,Entregado,NET_RMRAMIREZ,SIM,1 sept 2026,1 sept 2026,01/09/2026,Sí,CERRADAS,2026-09-01 16:24:32,Multilínea,Mono_item,Tacna,39.9,Power 39.90 N,Power 39.90 N
Netcall,2 sept 2026,10,915236798,91523679889511710111069172589,9283,Outbound,Portabilidad Postpago,EXPRESS,Retiro en tienda,9348,ABIERTAS,Entregado,Entregado,TLV_NET_MMURGAF,SIM,2 sept 2026,null,null,No,ABIERTAS,null,Monolínea,Mono_item,Tacna,null,null,null
Netcall,2 sept 2026,9,915218626,91521862689511710121058068631,9283,Outbound,Portabilidad Postpago,EXPRESS,Retiro en tienda,9348,ABIERTAS,Entregado,Entregado,NET_ATUMEH,SIM,2 sept 2026,null,null,No,ABIERTAS,null,Multilínea,Mono_item,Tacna,null,null,null
Netcall,2 sept 2026,9,915216871,91521687189511710121058068615,9283,Outbound,Portabilidad Postpago,EXPRESS,Retiro en tienda,9348,ABIERTAS,Entregado,Entregado,NET_ATUMEH,SIM,2 sept 2026,null,null,No,ABIERTAS,null,Multilínea,Mono_item,Tacna,null,null,null
Netcall,1 sept 2026,14,914855526,9148555268166198953217,9283,Outbound,Venta Regular / Alta,EXPRESS,Logixtal,9348,CERRADAS,Entregado,Entregado,NET_RMRAMIREZ,SIM,1 sept 2026,1 sept 2026,01/09/2026,Sí,CERRADAS,2026-09-01 16:25:52,Multilínea,Mono_item,Tacna,39.9,Power 39.90 N,Power 39.90 N
Netcall,1 sept 2026,10,914784691,9147846918165471500795,9283,Outbound,Portabilidad Postpago,EXPRESS,Logixtal,9348,CERRADAS,Entregado,Entregado,NET_OTACOM,SIM,1 sept 2026,1 sept 2026,null,No,CERRADAS,2026-09-02 01:10:11,Monolínea,Mono_item,Tacna,null,Power ilim 79.90 SD N,Power ilim 79.90 SD N
Netcall,2 sept 2026,9,915218052,91521805289511710121058068623,9283,Outbound,Portabilidad Postpago,EXPRESS,Retiro en tienda,9348,ABIERTAS,Entregado,Entregado,NET_ATUMEH,SIM,2 sept 2026,null,null,No,ABIERTAS,null,Multilínea,Mono_item,Tacna,null,null,null
Netcall,2 sept 2026,16,915342826,915342826Empty,9283,Outbound,Portabilidad Postpago,RETIRO EN TIENDA,Retiro en tienda,1025,ABIERTAS,Pendiente Entrega,Pendiente Entrega,TLV_NET_MMURGAF,SIM,2 sept 2026,null,null,No,ABIERTAS,null,Monolínea,Mono_item,Tacna,null,null,null
Netcall,1 sept 2026,12,914833221,914833221,9283,Outbound,Portabilidad Postpago,EXPRESS,Logixtal,9001,CERRADAS,Entregado,Entregado,NET_TDILAST,SIM,1 sept 2026,1 sept 2026,null,No,CERRADAS,2026-09-02 00:17:52,Multilínea,Mono_item,Lima - Callao,null,Power ilim 79.90 SD N,null
Netcall,1 sept 2026,12,914834668,9148346688165968909957,9283,Outbound,Portabilidad Postpago,EXPRESS,Logixtal,9001,CERRADAS,Entregado,Entregado,NET_TDILAST,SIM,1 sept 2026,1 sept 2026,null,No,CERRADAS,2026-09-02 02:02:59,Multilínea,Mono_item,Lima - Callao,null,Power ilim 79.90 SD N,Power ilim 79.90 SD N
Netcall,1 sept 2026,10,914793833,9147938338165561307722,9271,Outbound,Portabilidad Postpago,EXPRESS,Logixtal,9001,CERRADAS,Entregado,Entregado,NET_SCOVENASC,SIM,1 sept 2026,1 sept 2026,null,No,CERRADAS,2026-09-02 01:00:17,Monolínea,Mono_item,Lima - Callao,null,Power 59.90 N,Power 59.90 N
Netcall,1 sept 2026,16,914897111,9148971118166653904122,9283,Outbound,Portabilidad Postpago,EXPRESS,Logixtal,9345,ABIERTAS,Entregado,Entregado,NET_SLIZARDOPER,SIM,1 sept 2026,1 sept 2026,null,No,ABIERTAS,null,Monolínea,Mono_item,Ica,null,null,Power 59.90 N
Netcall,1 sept 2026,11,914815614,9148156148165778010040,9283,Outbound,Venta Regular / Alta,EXPRESS,Logixtal,5021,CERRADAS,Entregado,Entregado,NET_EZEVALLOSZ,SIM,1 sept 2026,1 sept 2026,01/09/2026,Sí,CERRADAS,2026-09-01 14:37:30,Multilínea,Mono_item,Piura,39.95,Power ilim 79.90 SD N,Power ilim 79.90 SD N
Netcall,2 sept 2026,12,915268487,915268487Empty,9283,Outbound,Portabilidad Postpago,RETIRO EN TIENDA,Retiro en tienda,3132,ABIERTAS,Pendiente Entrega,Pendiente Entrega,NET_LLOPEZM,SIM,2 sept 2026,null,null,No,ABIERTAS,null,Monolínea,Mono_item,Piura,null,null,null
Netcall,2 sept 2026,14,915310181,91531018189511710111070519257,9283,Outbound,Portabilidad Postpago,EXPRESS,Logixtal,5021,ABIERTAS,Entregado,Entregado,NET_YCASTILLOO,SIM,2 sept 2026,null,null,No,ABIERTAS,null,Monolínea,Mono_item,Piura,null,null,null
Netcall,1 sept 2026,11,914808507,914808507,9283,Outbound,Portabilidad Postpago,RETIRO EN TIENDA,Retiro en tienda,3132,CERRADAS,Entregado,Entregado,NET_FRIVERAO,SIM,1 sept 2026,1 sept 2026,null,No,CERRADAS,2026-09-02 00:14:37,Monolínea,Mono_item,Piura,null,Power ilim 79.90 SD N,null
Netcall,1 sept 2026,13,914843417,9148434178166067192875,9283,Outbound,Portabilidad Postpago,EXPRESS,Logixtal,5021,CERRADAS,Entregado,Entregado,NET_ECASTILLOH,SIM,1 sept 2026,1 sept 2026,null,No,CERRADAS,2026-09-02 00:49:31,Monolínea,Mono_item,Piura,null,Power ilim 69.90 N,Power ilim 69.90 N
Netcall,2 sept 2026,16,915350643,91535064389511710111070519364,9283,Outbound,Venta Regular / Alta,EXPRESS,Logixtal,5021,ABIERTAS,Pendiente Entrega,Pendiente de Picking,NET_LALVAREZD,SIM,2 sept 2026,null,null,No,ABIERTAS,null,Monolínea,Mono_item,Piura,null,null,null
Netcall,1 sept 2026,13,914845132,9148451328166085464026,9283,Outbound,Portabilidad Postpago,EXPRESS,Logixtal,5021,CERRADAS,Entregado,Entregado,NET_JCALDASB,SIM,1 sept 2026,1 sept 2026,null,No,CERRADAS,2026-09-02 01:24:50,Monolínea,Mono_item,Piura,null,Power ilim 69.90 N,Power ilim 69.90 N
Netcall,2 sept 2026,13,915297023,91529702389511710111070519224,9283,Outbound,Portabilidad Postpago,EXPRESS,Logixtal,5021,ABIERTAS,Entregado,Entregado,TLV_NET_APINTAD,SIM,2 sept 2026,null,null,No,ABIERTAS,null,Monolínea,Mono_item,Piura,null,null,null
Netcall,2 sept 2026,16,915349497,91534949789511710111070519265,9283,Outbound,Portabilidad Postpago,EXPRESS,Logixtal,5021,ABIERTAS,Entregado,Entregado,NET_YCHAVEZ,SIM,2 sept 2026,null,null,No,ABIERTAS,null,Monolínea,Mono_item,Piura,null,null,null
Netcall,1 sept 2026,11,914816928,9148169288165794570692,9283,Outbound,Portabilidad Postpago,EXPRESS,Logixtal,5021,CANCELADAS,Entregado,Entregado,NET_EZEVALLOSZ,SIM,1 sept 2026,1 sept 2026,null,No,CANCELADAS,2026-09-01 22:00:43,Multilínea,Mono_item,Piura,null,null,Power ilim 79.90 SD N
Netcall,2 sept 2026,16,915349497,91534949789511710111070519240,9283,Outbound,Portabilidad Postpago,EXPRESS,Logixtal,5021,ABIERTAS,Entregado,Entregado,NET_YCHAVEZ,SIM,2 sept 2026,null,null,No,ABIERTAS,null,Monolínea,Mono_item,Piura,null,null,null
Netcall,1 sept 2026,16,914885992,914885992,9283,Outbound,Portabilidad Postpago,EXPRESS,Logixtal,5021,CERRADAS,Entregado,Entregado,NET_MORIHUELAQ,SIM,1 sept 2026,1 sept 2026,null,No,CERRADAS,2026-09-02 00:08:55,Monolínea,Mono_item,Piura,null,Power ilim 79.90 SD N,null
Netcall,1 sept 2026,13,914843656,914843656,9271,Outbound,Portabilidad Postpago,EXPRESS,Logixtal,5021,CERRADAS,Entregado,Entregado,NET_KPARRAGUEZG,SIM,1 sept 2026,1 sept 2026,null,No,CERRADAS,2026-09-02 00:29:12,Monolínea,Mono_item,Piura,null,Power ilim 79.90 SD N,null
Netcall,2 sept 2026,14,915308637,91530863789511710111070519786,9283,Outbound,Portabilidad Postpago,PROGRAMADO,Logixtal,5021,ABIERTAS,Pendiente Entrega,Pendiente de Picking,TLV_NET_SFERNAN,SIM,3 sept 2026,null,null,No,ABIERTAS,null,Monolínea,Mono_item,Piura,null,null,null
Netcall,2 sept 2026,19,915399125,91539912589511710111070529843,9283,Outbound,Portabilidad Postpago,PROGRAMADO,Logixtal,5021,ABIERTAS,Pendiente Entrega,Pendiente de Picking,NET_YENCARNACIH,SIM,4 sept 2026,null,null,No,ABIERTAS,null,Monolínea,Mono_item,Piura,null,null,null
Netcall,2 sept 2026,11,915246467,91524646789511710111070519398,9283,Outbound,Venta Regular / Alta,EXPRESS,Logixtal,5021,CERRADAS,Entregado,Entregado,NET_PCHAVESTAY,SIM,2 sept 2026,2 sept 2026,null,No,CERRADAS,2026-09-02 13:56:09,Monolínea,Mono_item,Piura,null,Power 39.90 N,null
Netcall,1 sept 2026,11,914801995,9148019958165640904173,9283,Outbound,Portabilidad Postpago,EXPRESS,Logixtal,5021,CERRADAS,Entregado,Entregado,NET_JCALDASB,SIM,1 sept 2026,1 sept 2026,null,No,CERRADAS,2026-09-02 00:44:58,Monolínea,Mono_item,Piura,null,Power ilim 69.90 N,Power ilim 69.90 N
Netcall,1 sept 2026,12,914824695,9148246958165868307533,9283,Outbound,Venta Regular / Alta,EXPRESS,Logixtal,5021,CERRADAS,Entregado,Entregado,TLV_NET_FVALQUI,SIM,1 sept 2026,1 sept 2026,01/09/2026,Sí,CERRADAS,2026-09-01 16:21:09,Monolínea,Mono_item,Piura,19.95,Power ilim 69.90 N,Power ilim 69.90 N
Netcall,1 sept 2026,16,914898071,9148980718166666443435,9283,Outbound,Portabilidad Postpago,EXPRESS,Logixtal,5021,CANCELADAS,Entregado,Entregado,NET_SBENITOV,SIM,1 sept 2026,1 sept 2026,null,No,CANCELADAS,2026-09-01 22:00:41,Monolínea,Mono_item,Piura,null,null,Power ilim 69.90 N
Netcall,1 sept 2026,10,914793869,9147938698165561505551,9283,Outbound,Portabilidad Postpago,EXPRESS,Logixtal,9345,CERRADAS,Entregado,Entregado,NET_SBENITOV,SIM,1 sept 2026,1 sept 2026,null,No,CERRADAS,2026-09-02 01:18:45,Monolínea,Mono_item,Ica,null,Power 59.90 N,Power 59.90 N
Netcall,2 sept 2026,13,915300139,91530013989511710121058250742,9283,Outbound,Portabilidad Postpago,EXPRESS,Retiro en tienda,9345,CANCELADAS,Cancelado,Cancelado,NET_SGONZALESF,SIM,2 sept 2026,null,null,No,CANCELADAS,2026-09-02 15:11:50,Multilínea,Mono_item,Ica,null,null,null
Netcall,1 sept 2026,12,914824877,9148248778165870209908,9283,Outbound,Portabilidad Postpago,EXPRESS,Logixtal,9345,ABIERTAS,Pendiente Entrega,Pendiente Entrega,NET_SGONZALESF,SIM,1 sept 2026,null,null,No,ABIERTAS,null,Monolínea,Mono_item,Ica,null,null,Power 59.90 N
Netcall,2 sept 2026,20,915415350,915415350Empty,9283,Outbound,Portabilidad Postpago,PROGRAMADO,Retiro en tienda,9345,ABIERTAS,Pendiente Entrega,Pendiente Entrega,NET_KROJASNAUPA,SIM,3 sept 2026,null,null,No,ABIERTAS,null,Monolínea,Mono_item,Ica,null,null,null
Netcall,2 sept 2026,15,915326569,91532656989511710111070914482,9283,Outbound,Portabilidad Postpago,EXPRESS,Retiro en tienda,9345,CANCELADAS,Cancelado,Cancelado,NET_SGONZALESF,SIM,2 sept 2026,null,null,No,CANCELADAS,2026-09-02 17:14:53,Multilínea,Mono_item,Ica,null,null,null
Netcall,2 sept 2026,12,915273630,91527363089511710111070709742,9301,Outbound,Portabilidad Postpago,PROGRAMADO,Logixtal,5022,ABIERTAS,Pendiente Entrega,Pendiente de Picking,NET_FBARTET,SIM,3 sept 2026,null,null,No,ABIERTAS,null,Monolínea,Mono_item,Arequipa,null,null,null
Netcall,2 sept 2026,8,915185662,91518566289511710111070709866,9283,Outbound,Portabilidad Postpago,PROGRAMADO,Logixtal,5022,ABIERTAS,Pendiente Entrega,Pendiente de Picking,TLV_NET_MFARFAN,SIM,3 sept 2026,null,null,No,ABIERTAS,null,Monolínea,Mono_item,Arequipa,null,null,null
Netcall,2 sept 2026,9,915222635,91522263589511710101031767202,9283,Outbound,Portabilidad Postpago,EXPRESS,Retiro en tienda,3115,CANCELADAS,Cancelado,Cancelado,TLV_NET_DVALOI,SIM,2 sept 2026,null,null,No,CANCELADAS,2026-09-02 10:31:59,Monolínea,Mono_item,Pasco,null,null,null
Netcall,2 sept 2026,9,915220141,91522014189511710111070508987,9283,Outbound,Portabilidad Postpago,PROGRAMADO,Logixtal,5021,ABIERTAS,Pendiente Entrega,Pendiente de Picking,NET_BCUSQUISIVA,SIM,5 sept 2026,null,null,No,ABIERTAS,null,Multilínea,Mono_item,Piura,null,null,null
Netcall,2 sept 2026,9,915221308,91522130889511710111070508979,9283,Outbound,Portabilidad Postpago,PROGRAMADO,Logixtal,5021,ABIERTAS,Pendiente Entrega,Pendiente de Picking,NET_BCUSQUISIVA,SIM,5 sept 2026,null,null,No,ABIERTAS,null,Multilínea,Mono_item,Piura,null,null,null
Netcall,1 sept 2026,16,914888018,9148880188166558705880,9283,Outbound,Portabilidad Postpago,RETIRO EN TIENDA,Retiro en tienda,7152,CERRADAS,Entregado,Entregado,NET_ECARRETEROH,SIM,1 sept 2026,1 sept 2026,null,No,CERRADAS,2026-09-02 01:03:10,Monolínea,Mono_item,Piura,null,Power ilim 69.90 N,Power ilim 69.90 N
Netcall,1 sept 2026,13,914844610,9148446108166081169688,9283,Outbound,Portabilidad Postpago,PROGRAMADO,Logixtal,5021,ABIERTAS,Entregado,Entregado,NET_NSANTAMARIA,SIM,2 sept 2026,2 sept 2026,null,No,ABIERTAS,null,Multilínea,Mono_item,Piura,null,null,Power ilim 79.90 SD N
Netcall,1 sept 2026,18,914927052,9149270528166975773061,9283,Outbound,Portabilidad Postpago,PROGRAMADO,Logixtal,5021,ABIERTAS,Entregado,Entregado,NET_RTORRESB,SIM,2 sept 2026,2 sept 2026,null,No,ABIERTAS,null,Monolínea,Mono_item,Piura,null,null,Power 59.90 N
Netcall,1 sept 2026,13,914843186,9148431868166063110005,9283,Outbound,Portabilidad Postpago,PROGRAMADO,Logixtal,5021,ABIERTAS,Entregado,Entregado,NET_NSANTAMARIA,SIM,2 sept 2026,2 sept 2026,null,No,ABIERTAS,null,Multilínea,Mono_item,Piura,null,null,Power ilim 79.90 SD N
Netcall,2 sept 2026,9,915219264,915219264Empty,9283,Outbound,Portabilidad Postpago,RETIRO EN TIENDA,Retiro en tienda,3130,ABIERTAS,Pendiente Entrega,Pendiente Entrega,NET_AAYAURIO,SIM,2 sept 2026,null,null,No,ABIERTAS,null,Monolínea,Mono_item,Junin,null,null,null
Netcall,2 sept 2026,15,915317482,915317482Empty,5299,Outbound,Portabilidad Postpago,RETIRO EN TIENDA,Retiro en tienda,3130,ABIERTAS,Pendiente Entrega,Pendiente Entrega,NET_BTRUJILLOT,SIM,2 sept 2026,null,null,No,ABIERTAS,null,Monolínea,Mono_item,Junin,null,null,null
Netcall,2 sept 2026,12,915282595,915282595Empty,9283,Outbound,Portabilidad Postpago,RETIRO EN TIENDA,Retiro en tienda,3130,ABIERTAS,Pendiente Entrega,Pendiente Entrega,NET_DHUAYACGONZ,SIM,2 sept 2026,null,null,No,ABIERTAS,null,Monolínea,Mono_item,Junin,null,null,null
Netcall,1 sept 2026,17,914909704,9149097048166795490753,9283,Outbound,Portabilidad Postpago,RETIRO EN TIENDA,Retiro en tienda,3130,CERRADAS,Entregado,Entregado,NET_CLOPEZA,SIM,1 sept 2026,1 sept 2026,null,No,CERRADAS,2026-09-02 01:39:45,Monolínea,Mono_item,Junin,null,Power ilim 79.90 SD N,Power ilim 79.90 SD N
Netcall,1 sept 2026,11,914807020,914807020,9283,Outbound,Portabilidad Postpago,RETIRO EN TIENDA,Retiro en tienda,3130,CERRADAS,Entregado,Entregado,NET_TBECERRAC,SIM,1 sept 2026,1 sept 2026,null,No,CERRADAS,2026-09-02 00:29:44,Monolínea,Mono_item,Junin,null,Power ilim 69.90 N,null
Netcall,1 sept 2026,11,914804736,9148047368165671982444,9283,Outbound,Portabilidad Postpago,EXPRESS,Logixtal,9342,CERRADAS,Entregado,Entregado,NET_RGUTIERREZS,SIM,1 sept 2026,1 sept 2026,null,No,CERRADAS,2026-09-02 03:17:01,Monolínea,Mono_item,Lima - Callao,null,Power 49.90 N,Power 49.90 N
Netcall,2 sept 2026,11,915248874,91524887489511710101029968929,9283,Outbound,Portabilidad Postpago,EXPRESS,Logixtal,9342,ABIERTAS,Entregado,Entregado,NET_VJAUREGUIM,SIM,2 sept 2026,null,null,No,ABIERTAS,null,Multilínea,Mono_item,Lima - Callao,null,null,null
Netcall,1 sept 2026,11,914810990,9148109908165735407129,9283,Outbound,Portabilidad Postpago,EXPRESS,Logixtal,9342,CERRADAS,Entregado,Entregado,NET_KDIAZPISCOY,SIM,1 sept 2026,1 sept 2026,null,No,CERRADAS,2026-09-02 03:19:35,Multilínea,Mono_item,Lima - Callao,null,Power ilim 79.90 SD N,Power ilim 79.90 SD N
Netcall,1 sept 2026,11,914813216,9148132168165749032109,9283,Outbound,Portabilidad Postpago,EXPRESS,Logixtal,9342,CERRADAS,Entregado,Entregado,NET_KDIAZPISCOY,SIM,1 sept 2026,1 sept 2026,null,No,CERRADAS,2026-09-02 01:35:30,Multilínea,Mono_item,Lima - Callao,null,Power ilim 79.90 SD N,Power ilim 79.90 SD N
Netcall,1 sept 2026,12,914828047,9148280478165903539094,9283,Outbound,Portabilidad Postpago,PROGRAMADO,Logixtal,9342,ABIERTAS,No bop,No bop,NET_MGUZMANP,SIM,3 sept 2026,null,null,No,ABIERTAS,null,Monolínea,Mono_item,Lima - Callao,null,null,Power 59.90 N
Netcall,2 sept 2026,12,915280616,91528061689511710111070870601,9283,Outbound,Portabilidad Postpago,EXPRESS,Logixtal,9342,ABIERTAS,Entregado,Entregado,NET_WBENITESA,SIM,2 sept 2026,null,null,No,ABIERTAS,null,Multilínea,Mono_item,Lima - Callao,null,null,null
Netcall,2 sept 2026,18,915379658,915379658Empty,9283,Outbound,Portabilidad Postpago,PROGRAMADO,Logixtal,9342,ABIERTAS,Pendiente Entrega,Pendiente de Picking,NET_MCELISG,SIM,3 sept 2026,null,null,No,ABIERTAS,null,Monolínea,Mono_item,Lima - Callao,null,null,null
Netcall,2 sept 2026,13,915293379,91529337989511710111071091744,9283,Outbound,Portabilidad Postpago,EXPRESS,Logixtal,9342,ABIERTAS,Entregado,Entregado,NET_MDIAZP,SIM,2 sept 2026,null,null,No,ABIERTAS,null,Monolínea,Mono_item,Lima - Callao,null,null,null
Netcall,1 sept 2026,11,914811376,914811376,9283,Outbound,Portabilidad Postpago,EXPRESS,Logixtal,9342,CERRADAS,Entregado,Entregado,NET_GGALLARDAYA,SIM,1 sept 2026,1 sept 2026,null,No,CERRADAS,2026-09-02 00:28:29,Monolínea,Mono_item,Lima - Callao,null,Power ilim 79.90 SD N,null
Netcall,2 sept 2026,15,915322333,91532233389511710111070870627,9283,Outbound,Portabilidad Postpago,EXPRESS,Logixtal,9342,ABIERTAS,Entregado,Entregado,TLV_NET_BRAMIRE,SIM,2 sept 2026,null,null,No,ABIERTAS,null,Monolínea,Mono_item,Lima - Callao,null,null,null
Netcall,2 sept 2026,18,915374322,91537432289511710101029966923,9283,Outbound,Portabilidad Postpago,PROGRAMADO,Logixtal,9342,ABIERTAS,Pendiente Entrega,Pendiente de Picking,TLV_NET_KARANDA,SIM,3 sept 2026,null,null,No,ABIERTAS,null,Multilínea,Mono_item,Lima - Callao,null,null,null
Netcall,2 sept 2026,18,915375839,915375839Empty,9283,Outbound,Portabilidad Postpago,PROGRAMADO,Logixtal,9342,ABIERTAS,Pendiente Entrega,Pendiente de Picking,TLV_NET_KARANDA,SIM,3 sept 2026,null,null,No,ABIERTAS,null,Multilínea,Mono_item,Lima - Callao,null,null,null
Netcall,1 sept 2026,10,914792053,9147920538165539094799,9289,Outbound,Portabilidad Postpago,EXPRESS,Logixtal,9342,CERRADAS,Entregado,Entregado,TLV_NET_MLANDAR,SIM,1 sept 2026,1 sept 2026,null,No,CERRADAS,2026-09-02 01:35:08,Monolínea,Mono_item,Lima - Callao,null,Power ilim 69.90 N,Power ilim 69.90 N
Netcall,2 sept 2026,11,915249999,91524999989511710101029968911,9283,Outbound,Portabilidad Postpago,EXPRESS,Logixtal,9342,ABIERTAS,Entregado,Entregado,NET_VJAUREGUIM,SIM,2 sept 2026,null,null,No,ABIERTAS,null,Multilínea,Mono_item,Lima - Callao,null,null,null
Netcall,2 sept 2026,12,915274309,91527430989511710101029992697,9283,Outbound,Portabilidad Postpago,EXPRESS,Logixtal,9342,ABIERTAS,Entregado,Entregado,NET_THUAMANIP,SIM,2 sept 2026,null,null,No,ABIERTAS,null,Monolínea,Mono_item,Lima - Callao,null,null,null
Netcall,1 sept 2026,11,914806601,9148066018165687269157,9283,Outbound,Venta Regular / Alta,EXPRESS,Logixtal,9342,CERRADAS,Entregado,Entregado,NET_GSANTOSC,SIM,1 sept 2026,1 sept 2026,01/09/2026,Sí,CERRADAS,2026-09-01 14:03:56,Monolínea,Mono_item,Lima - Callao,29.91303,Power ilim 79.90 SD N,Power ilim 79.90 SD N
Netcall,1 sept 2026,15,914875754,914875754,9283,Outbound,Portabilidad Postpago,EXPRESS,Logixtal,9342,CERRADAS,Entregado,Entregado,NET_YFLORESR,SIM,1 sept 2026,1 sept 2026,null,No,CERRADAS,2026-09-02 00:11:41,Monolínea,Mono_item,Lima - Callao,null,Power ilim 79.90 SD N,null
Netcall,2 sept 2026,18,915383403,915383403Empty,9283,Outbound,Portabilidad Postpago,PROGRAMADO,Logixtal,9342,ABIERTAS,Pendiente Entrega,Pendiente de Picking,NET_WBENITESA,SIM,3 sept 2026,null,null,No,ABIERTAS,null,Multilínea,Mono_item,Lima - Callao,null,null,null
Netcall,1 sept 2026,16,914896091,9148960918166642928126,9283,Outbound,Portabilidad Postpago,PROGRAMADO,Logixtal,9342,ABIERTAS,Pendiente Entrega,Pendiente Entrega,NET_SBENITESL,SIM,2 sept 2026,null,null,No,ABIERTAS,null,Multilínea,Mono_item,Lima - Callao,null,null,Power ilim 79.90 SD N
Netcall,1 sept 2026,14,914854859,9148548598166195509266,9283,Outbound,Portabilidad Postpago,EXPRESS,Logixtal,9342,CERRADAS,Entregado,Entregado,NET_LLOPEZM,SIM,1 sept 2026,1 sept 2026,null,No,CERRADAS,2026-09-02 01:20:34,Multilínea,Mono_item,Lima - Callao,null,Power ilim 79.90 SD N,Power ilim 79.90 SD N
Netcall,2 sept 2026,9,915225962,91522596289511710111071091702,9283,Outbound,Portabilidad Postpago,EXPRESS,Logixtal,9342,CANCELADAS,Pendiente Entrega,Pendiente de Picking,NET_AROJASF,SIM,2 sept 2026,null,null,No,CANCELADAS,2026-09-02 11:16:19,Monolínea,Mono_item,Lima - Callao,null,null,null
Netcall,1 sept 2026,14,914859069,914859069,9283,Outbound,Portabilidad Postpago,EXPRESS,Logixtal,9342,CERRADAS,Entregado,Entregado,NET_KYUPANQUIC,SIM,1 sept 2026,1 sept 2026,null,No,CERRADAS,2026-09-02 00:16:28,Multilínea,Mono_item,Lima - Callao,null,Power ilim 79.90 SD N,null
Netcall,1 sept 2026,14,914857361,9148573618166229435402,9283,Outbound,Portabilidad Postpago,EXPRESS,Logixtal,9342,CERRADAS,Entregado,Entregado,NET_KYUPANQUIC,SIM,1 sept 2026,1 sept 2026,null,No,CERRADAS,2026-09-02 01:55:19,Multilínea,Mono_item,Lima - Callao,null,Power ilim 79.90 SD N,Power ilim 79.90 SD N
Netcall,1 sept 2026,15,914868489,9148684898166336934811,9283,Outbound,Portabilidad Postpago,EXPRESS,Logixtal,9342,ABIERTAS,Pendiente Entrega,Pendiente Entrega,NET_MCELISG,SIM,1 sept 2026,null,null,No,ABIERTAS,null,Monolínea,Mono_item,Lima - Callao,null,null,Power 59.90 N
Netcall,1 sept 2026,14,914857616,914857616,9283,Outbound,Portabilidad Postpago,EXPRESS,Logixtal,9342,CERRADAS,Entregado,Entregado,NET_LLOPEZM,SIM,1 sept 2026,1 sept 2026,null,No,CERRADAS,2026-09-02 00:29:00,Multilínea,Mono_item,Lima - Callao,null,Power ilim 79.90 SD N,null
Netcall,1 sept 2026,14,914853298,9148532988166176013967,9283,Outbound,Portabilidad Postpago,EXPRESS,Logixtal,9342,CERRADAS,Entregado,Entregado,NET_LLOPEZM,SIM,1 sept 2026,1 sept 2026,null,No,CERRADAS,2026-09-02 00:53:04,Multilínea,Mono_item,Lima - Callao,null,Power ilim 79.90 SD N,Power ilim 79.90 SD N
Netcall,1 sept 2026,16,914898297,9148982978166671103948,9283,Outbound,Venta Regular / Alta,PROGRAMADO,Logixtal,9342,ABIERTAS,Pendiente Entrega,Pendiente Entrega,NET_SBENITESL,SIM,2 sept 2026,null,null,No,ABIERTAS,null,Multilínea,Mono_item,Lima - Callao,null,null,Power ilim 79.90 SD N
Netcall,2 sept 2026,17,915369697,91536969789511710101029966956,5299,Outbound,Portabilidad Postpago,PROGRAMADO,Logixtal,9342,ABIERTAS,Pendiente Entrega,Pendiente de Picking,NET_RCANDIOTTIA,SIM,3 sept 2026,null,null,No,ABIERTAS,null,Multilínea,Mono_item,Lima - Callao,null,null,null
Netcall,2 sept 2026,12,915279546,91527954689511710111071093161,9283,Outbound,Portabilidad Postpago,EXPRESS,Logixtal,9342,ABIERTAS,Entregado,Entregado,NET_WBENITESA,SIM,2 sept 2026,null,null,No,ABIERTAS,null,Multilínea,Mono_item,Lima - Callao,null,null,null
Netcall,1 sept 2026,13,914840558,9148405588166033354198,9283,Outbound,Portabilidad Postpago,EXPRESS,Logixtal,9342,CERRADAS,Entregado,Entregado,NET_LDIAZM,SIM,1 sept 2026,1 sept 2026,null,No,CERRADAS,2026-09-02 01:28:41,Monolínea,Mono_item,Lima - Callao,null,Power ilim 69.90 N,Power ilim 69.90 N
Netcall,2 sept 2026,11,915252153,91525215389511710101029967707,9283,Outbound,Portabilidad Postpago,EXPRESS,Logixtal,9342,ABIERTAS,Entregado,Entregado,NET_JCALDASB,SIM,2 sept 2026,null,null,No,ABIERTAS,null,Monolínea,Mono_item,Lima - Callao,null,null,null
Netcall,1 sept 2026,7,914669822,9146698228164618638080,9283,Outbound,Portabilidad Postpago,EXPRESS,Logixtal,9342,CERRADAS,Entregado,Entregado,TLV_NET_MFARFAN,SIM,1 sept 2026,1 sept 2026,null,No,CERRADAS,2026-09-02 02:03:55,Monolínea,Mono_item,Lima - Callao,null,Power ilim 69.90 N,Power ilim 69.90 N
Netcall,2 sept 2026,18,915371462,91537146289511710101029966931,5299,Outbound,Portabilidad Postpago,PROGRAMADO,Logixtal,9342,ABIERTAS,Pendiente Entrega,Pendiente de Picking,NET_RCANDIOTTIA,SIM,3 sept 2026,null,null,No,ABIERTAS,null,Multilínea,Mono_item,Lima - Callao,null,null,null
Netcall,1 sept 2026,13,914845577,9148455778166091755512,9283,Outbound,Portabilidad Postpago,EXPRESS,Logixtal,9342,CERRADAS,Entregado,Entregado,NET_MGONZALESR,SIM,1 sept 2026,1 sept 2026,null,No,CERRADAS,2026-09-02 02:10:58,Monolínea,Mono_item,Lima - Callao,null,Power ilim 79.90 SD N,Power ilim 79.90 SD N
Netcall,1 sept 2026,15,914873920,914873920,9283,Outbound,Portabilidad Postpago,EXPRESS,Logixtal,9342,CERRADAS,Entregado,Entregado,TLV_NET_BCHAVEZ,SIM,1 sept 2026,1 sept 2026,null,No,CERRADAS,2026-09-02 00:34:17,Monolínea,Mono_item,Lima - Callao,null,Power 59.90 N,null
Netcall,1 sept 2026,8,914686510,9146865108165027702801,9283,Outbound,Portabilidad Postpago,EXPRESS,Logixtal,9342,CANCELADAS,Anulado,ZONA INACCESIBLE,NET_AAPOLAYACAC,SIM,1 sept 2026,null,null,No,CANCELADAS,2026-09-01 09:12:12,Monolínea,Mono_item,Lima - Callao,null,null,Power ilim 79.90 SD N
Netcall,2 sept 2026,14,915302440,91530244089511710101029967749,9283,Outbound,Portabilidad Postpago,EXPRESS,Logixtal,9342,ABIERTAS,Entregado,Entregado,TLV_NET_CZEGARR,SIM,2 sept 2026,null,null,No,ABIERTAS,null,Multilínea,Mono_item,Lima - Callao,null,null,null
Netcall,2 sept 2026,15,915324750,91532475089511710111069093033,9283,Outbound,Portabilidad Postpago,PROGRAMADO,Logixtal,9342,ABIERTAS,Pendiente Entrega,Pendiente de Picking,TLV_NET_JSILVAT,SIM,3 sept 2026,null,null,No,ABIERTAS,null,Monolínea,Mono_item,Lima - Callao,null,null,null
Netcall,2 sept 2026,14,915301378,91530137889511710101029967731,9283,Outbound,Portabilidad Postpago,EXPRESS,Logixtal,9342,ABIERTAS,Entregado,Entregado,TLV_NET_CZEGARR,SIM,2 sept 2026,null,null,No,ABIERTAS,null,Multilínea,Mono_item,Lima - Callao,null,null,null
Netcall,2 sept 2026,11,915247759,91524775989511710101029968937,9283,Outbound,Portabilidad Postpago,EXPRESS,Logixtal,9342,ABIERTAS,Entregado,Entregado,NET_VJAUREGUIM,SIM,2 sept 2026,null,null,No,ABIERTAS,null,Multilínea,Mono_item,Lima - Callao,null,null,null
Netcall,1 sept 2026,17,914904886,9149048868166742481396,9283,Outbound,Portabilidad Postpago,PROGRAMADO,Logixtal,9342,ABIERTAS,Pendiente Entrega,Pendiente Entrega,NET_SCANTOT,SIM,2 sept 2026,null,null,No,ABIERTAS,null,Monolínea,Mono_item,Lima - Callao,null,null,Power ilim 79.90 SD N
Netcall,1 sept 2026,14,914861140,914861140,9271,Outbound,Portabilidad Postpago,EXPRESS,Logixtal,9342,CERRADAS,Entregado,Entregado,NET_CREYESJ,SIM,1 sept 2026,1 sept 2026,null,No,CERRADAS,2026-09-02 00:21:01,Monolínea,Mono_item,Lima - Callao,null,Power 59.90 N,null
Netcall,1 sept 2026,13,914842751,9148427518166058657707,5299,Outbound,Portabilidad Postpago,PROGRAMADO,Logixtal,5023,ABIERTAS,Pendiente Entrega,Pendiente Entrega,NET_MCORDOVACRU,SIM,2 sept 2026,null,null,No,ABIERTAS,null,Monolínea,Mono_item,La Libertad,null,null,Power ilim 79.90 SD N
Netcall,1 sept 2026,16,914882377,9148823778166515929823,9283,Outbound,Portabilidad Postpago,EXPRESS,Logixtal,9343,CANCELADAS,Anulado,CLIENTE YA NO DESEA PRODUCTO,NET_FCARRIONM,SIM,1 sept 2026,null,null,No,CANCELADAS,2026-09-01 17:53:47,Monolínea,Mono_item,Cusco,null,null,Power 59.90 N
Netcall,1 sept 2026,15,914883131,9148831318166504675809,9283,Outbound,Portabilidad Postpago,EXPRESS,Logixtal,9343,ABIERTAS,Pendiente Entrega,Pendiente Entrega,NET_RNUNEZH,SIM,1 sept 2026,null,null,No,ABIERTAS,null,Multilínea,Mono_item,Cusco,null,null,Power ilim 79.90 SD N
Netcall,2 sept 2026,17,915368785,915368785Empty,9283,Outbound,Portabilidad Postpago,PROGRAMADO,Retiro en tienda,9343,ABIERTAS,Pendiente Entrega,Pendiente Entrega,NET_MMREVILLA,SIM,3 sept 2026,null,null,No,ABIERTAS,null,Monolínea,Mono_item,Cusco,null,null,null
Netcall,1 sept 2026,16,914884817,9148848178166522507746,9283,Outbound,Portabilidad Postpago,PROGRAMADO,Logixtal,9343,ABIERTAS,Pendiente Entrega,Pendiente Entrega,NET_RNUNEZH,SIM,2 sept 2026,null,null,No,ABIERTAS,null,Multilínea,Mono_item,Cusco,null,null,Power ilim 79.90 SD N
Netcall,1 sept 2026,13,914841220,9148412208166046275583,9283,Outbound,Portabilidad Postpago,PROGRAMADO,Logixtal,9343,ABIERTAS,Pendiente Entrega,Pendiente Entrega,NET_CSALAZARP,SIM,2 sept 2026,null,null,No,ABIERTAS,null,Monolínea,Mono_item,Cusco,null,null,Power ilim 69.90 N
Netcall,1 sept 2026,10,914788747,9147887478165510718665,9283,Outbound,Portabilidad Postpago,EXPRESS,Logixtal,9343,CERRADAS,Entregado,Entregado,NET_GVILELAR,SIM,1 sept 2026,1 sept 2026,null,No,CERRADAS,2026-09-02 03:19:24,Monolínea,Mono_item,Cusco,null,Power ilim 69.90 N,Power ilim 69.90 N
Netcall,1 sept 2026,14,914855573,9148555738166220895193,9283,Outbound,Portabilidad Postpago,EXPRESS,Logixtal,9343,CANCELADAS,Cancelado,CANCELADA POR CALL CENTER ENTEL,NET_CULLOAC,SIM,1 sept 2026,null,null,No,CANCELADAS,2026-09-01 14:46:19,Monolínea,Mono_item,Cusco,null,null,Power 59.90 N
Netcall,1 sept 2026,12,914817443,9148174438165797717735,9283,Outbound,Portabilidad Postpago,EXPRESS,Logixtal,9343,CERRADAS,Entregado,Entregado,NET_LALVAREZD,SIM,1 sept 2026,1 sept 2026,null,No,CERRADAS,2026-09-02 01:29:31,Multilínea,Mono_item,Cusco,null,Power ilim 79.90 SD N,Power ilim 79.90 SD N
Netcall,1 sept 2026,15,914879060,9148790608166457794606,9283,Outbound,Portabilidad Postpago,EXPRESS,Logixtal,9343,ABIERTAS,Pendiente Entrega,Pendiente Entrega,TLV_NET_JMORO,SIM,1 sept 2026,null,null,No,ABIERTAS,null,Monolínea,Mono_item,Cusco,null,null,Power 59.90 N
Netcall,1 sept 2026,15,914881279,9148812798166492059348,9283,Outbound,Portabilidad Postpago,EXPRESS,Logixtal,9343,CANCELADAS,Anulado,PIN-PORTA NO LLEGA SMS,NET_ANCASTROR,SIM,1 sept 2026,null,null,No,CANCELADAS,2026-09-01 17:48:23,Monolínea,Mono_item,Cusco,null,null,Power 59.90 N
Netcall,1 sept 2026,12,914819465,9148194658165819537450,9283,Outbound,Portabilidad Postpago,EXPRESS,Logixtal,9343,CERRADAS,Entregado,Entregado,NET_LALVAREZD,SIM,1 sept 2026,1 sept 2026,null,No,CERRADAS,2026-09-02 01:18:41,Multilínea,Mono_item,Cusco,null,Power ilim 79.90 SD N,Power ilim 79.90 SD N
Netcall,1 sept 2026,7,914669895,9146698958164630822301,9283,Outbound,Portabilidad Postpago,PROGRAMADO,Logixtal,9001,ABIERTAS,Pendiente Entrega,Pendiente Entrega,NET_MFERRER,SIM,2 sept 2026,null,null,No,ABIERTAS,null,Monolínea,Mono_item,Lima - Callao,null,null,Power 59.90 N
Netcall,1 sept 2026,16,914885847,9148858478166531938419,9271,Outbound,Portabilidad Postpago,PROGRAMADO,Logixtal,9001,ABIERTAS,Pendiente Entrega,Pendiente Entrega,NET_JLAZAROA,SIM,3 sept 2026,null,null,No,ABIERTAS,null,Monolínea,Mono_item,Lima - Callao,null,null,Power 59.90 N
Netcall,2 sept 2026,12,915271265,915271265Empty,9271,Outbound,Portabilidad Postpago,PROGRAMADO,Logixtal,9001,ABIERTAS,Pendiente Entrega,Pendiente de Picking,NET_KTORRESP,SIM,9 sept 2026,null,null,No,ABIERTAS,null,Monolínea,Mono_item,Lima - Callao,null,null,null
Netcall,2 sept 2026,12,915280164,91528016489511710101030123696,9283,Outbound,Portabilidad Postpago,EXPRESS,Logixtal,9001,ABIERTAS,Entregado,Entregado,NET_GFLORESS,SIM,2 sept 2026,null,null,No,ABIERTAS,null,Monolínea,Mono_item,Lima - Callao,null,null,null
Netcall,2 sept 2026,9,915216085,91521608589511710101029981476,9283,Outbound,Portabilidad Postpago,EXPRESS,Logixtal,9001,ABIERTAS,Entregado,Entregado,NET_EMEDINAU,SIM,2 sept 2026,null,null,No,ABIERTAS,null,Monolínea,Mono_item,Lima - Callao,null,null,null
Netcall,1 sept 2026,18,914934683,9149346838167043121643,9283,Outbound,Venta Regular / Alta,EXPRESS,Logixtal,9001,CERRADAS,Entregado,Entregado,TLV_NET_APINTAD,SIM,1 sept 2026,1 sept 2026,01/09/2026,Sí,CERRADAS,2026-09-01 21:53:01,Multilínea,Mono_item,Lima - Callao,19.95,Power ilim 79.90 SD N,Power ilim 79.90 SD N
Netcall,1 sept 2026,14,914857496,914857496,9283,Outbound,Portabilidad Postpago,EXPRESS,Logixtal,9001,CERRADAS,Entregado,Entregado,NET_CIOLAYAR,SIM,1 sept 2026,1 sept 2026,null,No,CERRADAS,2026-09-02 00:18:32,Multilínea,Mono_item,Lima - Callao,null,Power ilim 79.90 SD N,null
Netcall,1 sept 2026,18,914939105,9149391058167090897410,9283,Outbound,Portabilidad Postpago,EXPRESS,Logixtal,9001,ABIERTAS,Pendiente Entrega,Pendiente Entrega,NET_GMENDIGUETE,SIM,1 sept 2026,null,null,No,ABIERTAS,null,Monolínea,Mono_item,Lima - Callao,null,null,Power 59.90 N
Netcall,1 sept 2026,14,914856776,9148567768166215643436,9283,Outbound,Portabilidad Postpago,EXPRESS,Logixtal,9001,CERRADAS,Entregado,Entregado,NET_CIOLAYAR,SIM,1 sept 2026,1 sept 2026,null,No,CERRADAS,2026-09-02 01:34:03,Multilínea,Mono_item,Lima - Callao,null,Power ilim 79.90 SD N,Power ilim 79.90 SD N
Netcall,2 sept 2026,10,915229033,91522903389511710101029981443,9283,Outbound,Venta Regular / Alta,EXPRESS,Logixtal,9001,CERRADAS,Entregado,Entregado,NET_GFLORESS,SIM,2 sept 2026,2 sept 2026,null,No,CERRADAS,2026-09-02 13:28:32,Multilínea,Mono_item,Lima - Callao,null,Power ilim 79.90 SD N,null
Netcall,1 sept 2026,14,914862611,914862611,9283,Outbound,Portabilidad Postpago,EXPRESS,Logixtal,9001,CERRADAS,Entregado,Entregado,NET_CIOLAYAR,SIM,1 sept 2026,1 sept 2026,null,No,CERRADAS,2026-09-02 00:03:31,Monolínea,Mono_item,Lima - Callao,null,Power 59.90 N,null
Netcall,1 sept 2026,18,914932337,9149323378167018952252,9283,Outbound,Venta Regular / Alta,EXPRESS,Logixtal,9001,CERRADAS,Entregado,Entregado,TLV_NET_APINTAD,SIM,1 sept 2026,1 sept 2026,01/09/2026,Sí,CERRADAS,2026-09-01 21:51:44,Multilínea,Mono_item,Lima - Callao,39.95,Power ilim 79.90 SD N,Power ilim 79.90 SD N
Netcall,2 sept 2026,10,915240518,91524051889511710101029981401,9283,Outbound,Portabilidad Postpago,EXPRESS,Logixtal,9001,ABIERTAS,Entregado,Entregado,NET_KZAVALETAZ,SIM,2 sept 2026,null,null,No,ABIERTAS,null,Monolínea,Mono_item,Lima - Callao,null,null,null
Netcall,2 sept 2026,9,915225315,91522531589511710101029981484,9283,Outbound,Portabilidad Postpago,EXPRESS,Logixtal,9001,ABIERTAS,Entregado,Entregado,NET_KBRACOV,SIM,2 sept 2026,null,null,No,ABIERTAS,null,Monolínea,Mono_item,Lima - Callao,null,null,null
Netcall,1 sept 2026,10,914784326,9147843268165471259858,9283,Outbound,Portabilidad Postpago,EXPRESS,Logixtal,9001,ERROR,Entregado,Entregado,TLV_NET_JSILVAT,SIM,1 sept 2026,1 sept 2026,null,No,ERROR,null,Monolínea,Mono_item,Lima - Callao,null,null,Power ilim 79.90 SD N
Netcall,2 sept 2026,13,915284777,91528477789511710101030123688,9283,Outbound,Portabilidad Postpago,EXPRESS,Logixtal,9001,ABIERTAS,Entregado,Entregado,NET_ACQUISPE,SIM,2 sept 2026,null,null,No,ABIERTAS,null,Monolínea,Mono_item,Lima - Callao,null,null,null
Netcall,1 sept 2026,18,914923118,914923118,9283,Outbound,Portabilidad Postpago,EXPRESS,Logixtal,9001,CERRADAS,Entregado,Entregado,NET_LMUSAYONS,SIM,1 sept 2026,1 sept 2026,null,No,CERRADAS,2026-09-02 00:36:56,Monolínea,Mono_item,Lima - Callao,null,Power ilim 79.90 SD N,null
Netcall,1 sept 2026,12,914825850,9148258508165884632480,9283,Outbound,Portabilidad Postpago,EXPRESS,Logixtal,9001,CERRADAS,Entregado,Entregado,TLV_NET_JSILVAT,SIM,1 sept 2026,1 sept 2026,null,No,CERRADAS,2026-09-02 01:57:20,Monolínea,Mono_item,Lima - Callao,null,Power ilim 79.90 SD N,Power ilim 79.90 SD N
Netcall,1 sept 2026,18,914930365,914930365,9283,Outbound,Portabilidad Postpago,EXPRESS,Logixtal,9001,CERRADAS,Entregado,Entregado,TLV_NET_APINTAD,SIM,1 sept 2026,1 sept 2026,null,No,CERRADAS,2026-09-02 00:34:01,Multilínea,Mono_item,Lima - Callao,null,Power ilim 79.90 SD N,null
Netcall,2 sept 2026,8,915207807,91520780789511710101029981492,9283,Outbound,Portabilidad Postpago,EXPRESS,Logixtal,9001,ABIERTAS,Entregado,Entregado,NET_JSIADEN,SIM,2 sept 2026,null,null,No,ABIERTAS,null,Monolínea,Mono_item,Lima - Callao,null,null,null
Netcall,1 sept 2026,13,914839674,9148396748166023811616,9271,Outbound,Portabilidad Postpago,EXPRESS,Logixtal,9001,CERRADAS,Entregado,Entregado,NET_AYZAGUIRREH,SIM,1 sept 2026,1 sept 2026,null,No,CERRADAS,2026-09-02 00:56:08,Monolínea,Mono_item,Lima - Callao,null,Power 59.90 N,Power 59.90 N
Netcall,2 sept 2026,10,915228150,91522815089511710101029981450,9283,Outbound,Venta Regular / Alta,EXPRESS,Logixtal,9001,CERRADAS,Entregado,Entregado,NET_GFLORESS,SIM,2 sept 2026,2 sept 2026,null,No,CERRADAS,2026-09-02 14:08:12,Multilínea,Mono_item,Lima - Callao,null,Power ilim 79.90 SD N,null
Netcall,2 sept 2026,18,915376104,915376104Empty,9283,Outbound,Portabilidad Postpago,RETIRO EN TIENDA,Retiro en tienda,8056,ABIERTAS,Pendiente Entrega,Pendiente Entrega,NET_YRUEDAMONDR,SIM,2 sept 2026,null,null,No,ABIERTAS,null,Multilínea,Mono_item,Ancash,null,null,null
Netcall,2 sept 2026,18,915373253,915373253Empty,9283,Outbound,Venta Regular / Alta,RETIRO EN TIENDA,Retiro en tienda,8056,ABIERTAS,Pendiente Entrega,Pendiente Entrega,NET_YRUEDAMONDR,SIM,2 sept 2026,null,null,No,ABIERTAS,null,Multilínea,Mono_item,Ancash,null,null,null
Netcall,2 sept 2026,17,915368602,915368602Empty,9271,Outbound,Portabilidad Postpago,RETIRO EN TIENDA,Retiro en tienda,8056,ABIERTAS,Pendiente Entrega,Pendiente Entrega,NET_PHUAMANM,SIM,2 sept 2026,null,null,No,ABIERTAS,null,Multilínea,Mono_item,Ancash,null,null,null
Netcall,2 sept 2026,18,915374783,915374783Empty,9283,Outbound,Portabilidad Postpago,RETIRO EN TIENDA,Retiro en tienda,8056,ABIERTAS,Pendiente Entrega,Pendiente Entrega,NET_YRUEDAMONDR,SIM,2 sept 2026,null,null,No,ABIERTAS,null,Multilínea,Mono_item,Ancash,null,null,null
Netcall,2 sept 2026,16,915337038,915337038Empty,9283,Outbound,Venta Regular / Alta,RETIRO EN TIENDA,Retiro en tienda,7238,CERRADAS,Entregado,Entregado,NET_YRUEDAMONDR,SIM,2 sept 2026,2 sept 2026,null,No,CERRADAS,2026-09-02 17:08:31,Monolínea,Mono_item,Ancash,null,Power 39.90 N,null
Netcall,2 sept 2026,11,915261069,915261069Empty,9283,Outbound,Portabilidad Postpago,RETIRO EN TIENDA,Retiro en tienda,7239,ABIERTAS,Pendiente Entrega,Pendiente Entrega,NET_LCAMPOSCABR,SIM,2 sept 2026,null,null,No,ABIERTAS,null,Monolínea,Mono_item,Ancash,null,null,null
Netcall,1 sept 2026,18,914935224,9149352248167047734544,9283,Outbound,Portabilidad Postpago,RETIRO EN TIENDA,Retiro en tienda,3205,CERRADAS,Entregado,Entregado,NET_RTORRESB,SIM,1 sept 2026,1 sept 2026,null,No,CERRADAS,2026-09-02 01:54:16,Monolínea,Mono_item,Ancash,null,Power ilim 69.90 N,Power ilim 69.90 N
Netcall,2 sept 2026,17,915369872,915369872Empty,9271,Outbound,Portabilidad Postpago,RETIRO EN TIENDA,Retiro en tienda,8056,ABIERTAS,Pendiente Entrega,Pendiente Entrega,NET_PHUAMANM,SIM,2 sept 2026,null,null,No,ABIERTAS,null,Multilínea,Mono_item,Ancash,null,null,null
Netcall,1 sept 2026,12,914833967,9148339678165966078455,9283,Outbound,Portabilidad Postpago,RETIRO EN TIENDA,Retiro en tienda,3205,ABIERTAS,Pendiente Entrega,Pendiente Entrega,NET_SSOTOM,SIM,1 sept 2026,null,null,No,ABIERTAS,null,Monolínea,Mono_item,Ancash,null,null,Power ilim 79.90 SD N
Netcall,1 sept 2026,15,914880122,9148801228166470505198,9283,Outbound,Portabilidad Postpago,RETIRO EN TIENDA,Retiro en tienda,2112,CERRADAS,Entregado,Entregado,NET_DVALVERDEM,SIM,1 sept 2026,1 sept 2026,null,No,CERRADAS,2026-09-02 01:32:42,Monolínea,Mono_item,La Libertad,null,Power ilim 79.90 SD N,Power ilim 79.90 SD N
Netcall,2 sept 2026,15,915331019,915331019Empty,9283,Outbound,Portabilidad Postpago,RETIRO EN TIENDA,Retiro en tienda,2112,ABIERTAS,Pendiente Entrega,Pendiente Entrega,NET_SLIZARDOPER,SIM,2 sept 2026,null,null,No,ABIERTAS,null,Monolínea,Mono_item,La Libertad,null,null,null
Netcall,1 sept 2026,10,914788512,914788512,9271,Outbound,Portabilidad Postpago,RETIRO EN TIENDA,Retiro en tienda,2112,CERRADAS,Entregado,Entregado,NET_MRUIZSANCHC,SIM,1 sept 2026,1 sept 2026,null,No,CERRADAS,2026-09-02 00:20:28,Monolínea,Mono_item,La Libertad,null,Power ilim 69.90 N,null
Netcall,2 sept 2026,17,915365930,915365930Empty,9283,Outbound,Portabilidad Postpago,RETIRO EN TIENDA,Retiro en tienda,2112,ABIERTAS,Pendiente Entrega,Pendiente Entrega,NET_LYAIPENARRO,SIM,2 sept 2026,null,null,No,ABIERTAS,null,Monolínea,Mono_item,La Libertad,null,null,null
Netcall,2 sept 2026,14,915309648,915309648Empty,9283,Outbound,Venta Regular / Alta,RETIRO EN TIENDA,Retiro en tienda,2112,ABIERTAS,Pendiente Entrega,Pendiente Entrega,NET_RMRAMIREZ,SIM,2 sept 2026,null,null,No,ABIERTAS,null,Multilínea,Mono_item,La Libertad,null,null,null
Netcall,2 sept 2026,13,915284911,915284911Empty,9283,Outbound,Portabilidad Postpago,RETIRO EN TIENDA,Retiro en tienda,2112,ABIERTAS,Pendiente Entrega,Pendiente Entrega,NET_LCCASTILLO,SIM,2 sept 2026,null,null,No,ABIERTAS,null,Monolínea,Mono_item,La Libertad,null,null,null
Netcall,1 sept 2026,12,914819083,9148190838165816287544,5299,Outbound,Portabilidad Postpago,RETIRO EN TIENDA,Retiro en tienda,2112,ABIERTAS,Pendiente Entrega,Pendiente Entrega,NET_MCORDOVACRU,SIM,1 sept 2026,null,null,No,ABIERTAS,null,Monolínea,Mono_item,La Libertad,null,null,Power ilim 69.90 N
Netcall,2 sept 2026,14,915310899,915310899Empty,9283,Outbound,Portabilidad Postpago,RETIRO EN TIENDA,Retiro en tienda,2112,CANCELADAS,Cancelado,Cancelado,NET_RMRAMIREZ,SIM,2 sept 2026,null,null,No,CANCELADAS,2026-09-02 15:52:16,Multilínea,Mono_item,La Libertad,null,null,null
Netcall,1 sept 2026,17,914907707,9149077078166773264560,9283,Outbound,Portabilidad Postpago,RETIRO EN TIENDA,Retiro en tienda,2112,ABIERTAS,Pendiente Entrega,Pendiente Entrega,NET_AJSANCHEZR,SIM,1 sept 2026,null,null,No,ABIERTAS,null,Monolínea,Mono_item,La Libertad,null,null,Power 59.90 N
Netcall,2 sept 2026,18,915382635,915382635Empty,9283,Outbound,Portabilidad Postpago,PROGRAMADO,Logixtal,9001,ABIERTAS,Pendiente Entrega,Pendiente de Picking,NET_CBIELICHR,SIM,4 sept 2026,null,null,No,ABIERTAS,null,Monolínea,Mono_item,Lima - Callao,null,null,null
Netcall,1 sept 2026,17,914908119,9149081198166781263107,9283,Outbound,Portabilidad Postpago,PROGRAMADO,Logixtal,9343,ABIERTAS,Pendiente Entrega,Pendiente Entrega,NET_NRUBIOMARCO,SIM,2 sept 2026,null,null,No,ABIERTAS,null,Multilínea,Mono_item,Cusco,null,null,Power ilim 79.90 SD N
Netcall,1 sept 2026,17,914906081,9149060818166758445281,9283,Outbound,Portabilidad Postpago,PROGRAMADO,Logixtal,9343,ABIERTAS,Pendiente Entrega,Pendiente Entrega,NET_NRUBIOMARCO,SIM,2 sept 2026,null,null,No,ABIERTAS,null,Multilínea,Mono_item,Cusco,null,null,Power ilim 79.90 SD N
Netcall,2 sept 2026,9,915219588,91521958889511710121058249181,9283,Outbound,Portabilidad Postpago,EXPRESS,Retiro en tienda,9343,ABIERTAS,Entregado,Entregado,NET_MCVASQUEZ,SIM,2 sept 2026,null,null,No,ABIERTAS,null,Monolínea,Mono_item,Cusco,null,null,null
Netcall,1 sept 2026,11,914810702,914810702,5299,Outbound,Portabilidad Postpago,EXPRESS,Logixtal,9343,CERRADAS,Entregado,Entregado,NET_AREYNOSAC,SIM,1 sept 2026,1 sept 2026,null,No,CERRADAS,2026-09-02 00:34:01,Monolínea,Mono_item,Cusco,null,Power 59.90 N,null
Netcall,1 sept 2026,16,914884039,9148840398166513370913,9283,Outbound,Portabilidad Postpago,PROGRAMADO,Logixtal,9343,ABIERTAS,Pendiente Entrega,Pendiente Entrega,TLV_NET_RSORIAH,SIM,2 sept 2026,null,null,No,ABIERTAS,null,Monolínea,Mono_item,Cusco,null,null,Power 59.90 N
Netcall,1 sept 2026,14,914859269,914859269,9283,Outbound,Portabilidad Postpago,EXPRESS,Logixtal,9343,CERRADAS,Entregado,Entregado,NET_MDONAYRE,SIM,1 sept 2026,1 sept 2026,null,No,CERRADAS,2026-09-02 00:21:47,Monolínea,Mono_item,Cusco,null,Power 59.90 N,null
Netcall,1 sept 2026,15,914867509,9148675098166406552763,9283,Outbound,Portabilidad Postpago,EXPRESS,Logixtal,9343,CERRADAS,Entregado,Entregado,NET_MZEVALLOSMA,SIM,1 sept 2026,1 sept 2026,null,No,CERRADAS,2026-09-02 00:43:04,Monolínea,Mono_item,Cusco,null,Power ilim 69.90 N,Power ilim 69.90 N
Netcall,1 sept 2026,15,914875236,9148752368166409014054,9283,Outbound,Portabilidad Postpago,EXPRESS,Logixtal,9343,ABIERTAS,Pendiente Entrega,Pendiente Entrega,TLV_NET_GCUEVAC,SIM,2 sept 2026,null,null,No,ABIERTAS,null,Monolínea,Mono_item,Cusco,null,null,Power ilim 69.90 N
Netcall,2 sept 2026,10,915235080,915235080Empty,9283,Outbound,Portabilidad Postpago,PROGRAMADO,Retiro en tienda,9343,ABIERTAS,Pendiente Entrega,Pendiente Entrega,NET_ATORRESP,SIM,3 sept 2026,null,null,No,ABIERTAS,null,Monolínea,Mono_item,Cusco,null,null,null
Netcall,1 sept 2026,9,914767340,9147673408165307841037,9283,Outbound,Portabilidad Postpago,EXPRESS,Logixtal,9343,CERRADAS,Entregado,Entregado,NET_LCALDERONC,SIM,1 sept 2026,1 sept 2026,null,No,CERRADAS,2026-09-02 01:45:19,Monolínea,Mono_item,Cusco,null,Power 59.90 N,Power 59.90 N
Netcall,1 sept 2026,9,914772503,914772503,9271,Outbound,Portabilidad Postpago,EXPRESS,Logixtal,9343,CERRADAS,Entregado,Entregado,NET_LNECIOSUPC,SIM,1 sept 2026,1 sept 2026,null,No,CERRADAS,2026-09-02 00:08:13,Monolínea,Mono_item,Cusco,null,Power ilim 79.90 SD N,null
Netcall,1 sept 2026,15,914870424,9148704248166360632241,9283,Outbound,Venta Regular / Alta,EXPRESS,Logixtal,9343,CERRADAS,Entregado,Entregado,NET_LLOBATONV,SIM,1 sept 2026,1 sept 2026,01/09/2026,Sí,CERRADAS,2026-09-01 17:47:51,Multilínea,Mono_item,Cusco,39.95,Power ilim 79.90 SD N,Power ilim 79.90 SD N
Netcall,1 sept 2026,15,914871382,9148713828166370144968,9283,Outbound,Portabilidad Postpago,EXPRESS,Logixtal,9343,CERRADAS,Entregado,Entregado,NET_LLOBATONV,SIM,1 sept 2026,1 sept 2026,null,No,CERRADAS,2026-09-02 01:34:42,Multilínea,Mono_item,Cusco,null,Power ilim 79.90 SD N,Power ilim 79.90 SD N
Netcall,2 sept 2026,9,915224084,91522408489511710121058249199,9283,Outbound,Portabilidad Postpago,EXPRESS,Retiro en tienda,9343,ABIERTAS,Entregado,Entregado,NET_CIOLAYAR,SIM,2 sept 2026,null,null,No,ABIERTAS,null,Monolínea,Mono_item,Cusco,null,null,null
Netcall,1 sept 2026,10,914790486,914790486,9271,Outbound,Portabilidad Postpago,EXPRESS,Logixtal,9343,CERRADAS,Entregado,Entregado,NET_LGOMEZA,SIM,1 sept 2026,1 sept 2026,null,No,CERRADAS,2026-09-02 00:21:33,Monolínea,Mono_item,Cusco,null,Power 59.90 N,null
Netcall,2 sept 2026,18,915388747,915388747Empty,9283,Outbound,Portabilidad Postpago,RETIRO EN TIENDA,Retiro en tienda,2104,ABIERTAS,Pendiente Entrega,Pendiente Entrega,TLV_NET_OCCONA,SIM,2 sept 2026,null,null,No,ABIERTAS,null,Multilínea,Mono_item,Puno,null,null,null
Netcall,1 sept 2026,13,914851167,9148511678166147522084,9283,Outbound,Portabilidad Postpago,RETIRO EN TIENDA,Retiro en tienda,2104,CERRADAS,Entregado,Entregado,NET_LFLORESY,SIM,1 sept 2026,1 sept 2026,null,No,CERRADAS,2026-09-02 02:11:10,Monolínea,Mono_item,Puno,null,Power 59.90 N,Power 59.90 N
Netcall,1 sept 2026,10,914790998,9147909988165532991318,9283,Outbound,Portabilidad Postpago,RETIRO EN TIENDA,Retiro en tienda,2104,CANCELADAS,Cancelado,Cancelado,NET_RDULANTORO,SIM,1 sept 2026,null,null,No,CANCELADAS,2026-09-01 11:28:28,Monolínea,Mono_item,Puno,null,null,Power 59.90 N
Netcall,2 sept 2026,18,915387498,915387498Empty,9283,Outbound,Portabilidad Postpago,RETIRO EN TIENDA,Retiro en tienda,2104,ABIERTAS,Pendiente Entrega,Pendiente Entrega,TLV_NET_OCCONA,SIM,2 sept 2026,null,null,No,ABIERTAS,null,Multilínea,Mono_item,Puno,null,null,null
Netcall,2 sept 2026,6,915136835,915136835Empty,9283,Outbound,Portabilidad Postpago,RETIRO EN TIENDA,Retiro en tienda,2104,ABIERTAS,Pendiente Entrega,Pendiente Entrega,NET_JLUCIANOT,SIM,2 sept 2026,null,null,No,ABIERTAS,null,Monolínea,Mono_item,Puno,null,null,null
Netcall,1 sept 2026,16,914901921,9149019218166711676844,9283,Outbound,Venta Regular / Alta,RETIRO EN TIENDA,Retiro en tienda,2104,CERRADAS,Entregado,Entregado,NET_SSALAZARV,SIM,1 sept 2026,1 sept 2026,01/09/2026,Sí,CERRADAS,2026-09-01 17:18:20,Monolínea,Mono_item,Puno,19.95,Power ilim 79.90 SD N,Power ilim 79.90 SD N
Netcall,1 sept 2026,16,914894826,9148948268166629287221,9283,Outbound,Portabilidad Postpago,PROGRAMADO,Logixtal,9001,ABIERTAS,Pendiente Entrega,Pendiente Entrega,NET_BCUSQUISIVA,SIM,2 sept 2026,null,null,No,ABIERTAS,null,Multilínea,Mono_item,Lima - Callao,null,null,Power ilim 79.90 SD N
Netcall,1 sept 2026,9,914760614,9147606148165254753091,9283,Outbound,Venta Regular / Alta,EXPRESS,Logixtal,9001,CERRADAS,Entregado,Entregado,NET_SDIAZO,SIM,1 sept 2026,1 sept 2026,01/09/2026,Sí,CERRADAS,2026-09-01 12:26:08,Multilínea,Mono_item,Lima - Callao,39.95,Power ilim 79.90 SD N,Power ilim 79.90 SD N
Netcall,2 sept 2026,13,915288187,91528818789511710111073736676,9283,Outbound,Portabilidad Postpago,EXPRESS,Logixtal,9001,ABIERTAS,Entregado,Entregado,NET_LTAMAYOD,SIM,2 sept 2026,null,null,No,ABIERTAS,null,Monolínea,Mono_item,Lima - Callao,null,null,null
Netcall,2 sept 2026,9,915225159,91522515989511710111073736700,9283,Outbound,Portabilidad Postpago,EXPRESS,Logixtal,9001,ABIERTAS,Entregado,Entregado,NET_IQUEREVALUL,SIM,2 sept 2026,null,null,No,ABIERTAS,null,Monolínea,Mono_item,Lima - Callao,null,null,null
Netcall,1 sept 2026,16,914896477,9148964778166648087921,9283,Outbound,Portabilidad Postpago,EXPRESS,Logixtal,9001,ABIERTAS,Pendiente Entrega,Pendiente Entrega,NET_RMRAMIREZ,SIM,1 sept 2026,null,null,No,ABIERTAS,null,Monolínea,Mono_item,Lima - Callao,null,null,Power 39.90 N
Netcall,1 sept 2026,16,914893682,9148936828166616799969,9283,Outbound,Portabilidad Postpago,PROGRAMADO,Logixtal,9001,ABIERTAS,Pendiente Entrega,Pendiente Entrega,NET_BCUSQUISIVA,SIM,2 sept 2026,null,null,No,ABIERTAS,null,Multilínea,Mono_item,Lima - Callao,null,null,Power ilim 79.90 SD N
Netcall,1 sept 2026,9,914758065,9147580658165235638041,9283,Outbound,Portabilidad Postpago,EXPRESS,Logixtal,9001,CERRADAS,Entregado,Entregado,NET_SDIAZO,SIM,1 sept 2026,1 sept 2026,null,No,CERRADAS,2026-09-02 03:19:33,Multilínea,Mono_item,Lima - Callao,null,Power ilim 79.90 SD N,Power ilim 79.90 SD N
Netcall,1 sept 2026,16,914895543,9148955438166637913918,9283,Outbound,Portabilidad Postpago,PROGRAMADO,Logixtal,9001,ABIERTAS,Pendiente Entrega,Pendiente Entrega,NET_BCUSQUISIVA,SIM,2 sept 2026,null,null,No,ABIERTAS,null,Multilínea,Mono_item,Lima - Callao,null,null,Power ilim 79.90 SD N
Netcall,2 sept 2026,17,915351913,91535191389511710101080365064,9283,Outbound,Portabilidad Postpago,EXPRESS,Logixtal,9001,ABIERTAS,Pendiente Entrega,Pendiente de Picking,NET_BCUSQUISIVA,SIM,3 sept 2026,null,null,No,ABIERTAS,null,Monolínea,Mono_item,Lima - Callao,null,null,null
Netcall,1 sept 2026,15,914869476,9148694768166352251819,9283,Outbound,Portabilidad Postpago,PROGRAMADO,Logixtal,9001,ABIERTAS,No bop,No bop,NET_GHERRERAG,SIM,3 sept 2026,null,null,No,ABIERTAS,null,Monolínea,Mono_item,Lima - Callao,null,null,Power ilim 69.90 N
Netcall,1 sept 2026,12,914836486,9148364868165987535013,9283,Outbound,Portabilidad Postpago,EXPRESS,Logixtal,9001,CERRADAS,Entregado,Entregado,TLV_NET_BCHAVEZ,SIM,1 sept 2026,1 sept 2026,null,No,CERRADAS,2026-09-02 01:26:33,Monolínea,Mono_item,Lima - Callao,null,Power ilim 79.90 SD N,Power ilim 79.90 SD N
Netcall,1 sept 2026,18,914938096,9149380968167078629559,9271,Outbound,Portabilidad Postpago,PROGRAMADO,Logixtal,9001,ABIERTAS,Pendiente Entrega,Pendiente Entrega,NET_SPALACIOSA,SIM,2 sept 2026,null,null,No,ABIERTAS,null,Monolínea,Mono_item,Lima - Callao,null,null,Power 59.90 N
Netcall,1 sept 2026,10,914778037,9147780378165414400783,5299,Outbound,Portabilidad Postpago,EXPRESS,Logixtal,9001,CANCELADAS,Anulado,DIRECCIÓN ERRADA,NET_JBOZAC,SIM,1 sept 2026,null,null,No,CANCELADAS,2026-09-01 10:39:13,Monolínea,Mono_item,Lima - Callao,null,null,Power 59.90 N
Netcall,1 sept 2026,17,914904015,9149040158166736895491,9283,Outbound,Portabilidad Postpago,EXPRESS,Logixtal,9001,ABIERTAS,Entregado,Entregado,NET_MCELISG,SIM,1 sept 2026,1 sept 2026,null,No,ABIERTAS,null,Multilínea,Mono_item,Lima - Callao,null,null,Power ilim 79.90 SD N
Netcall,1 sept 2026,12,914834338,9148343388165970325683,9283,Outbound,Portabilidad Postpago,EXPRESS,Logixtal,9001,CERRADAS,Entregado,Entregado,NET_MORIHUELAQ,SIM,1 sept 2026,1 sept 2026,null,No,CERRADAS,2026-09-02 01:17:49,Monolínea,Mono_item,Lima - Callao,null,Power ilim 79.90 SD N,Power ilim 79.90 SD N
Netcall,1 sept 2026,14,914855409,9148554098166198666967,9283,Outbound,Portabilidad Postpago,EXPRESS,Logixtal,9001,CERRADAS,Entregado,Entregado,NET_AARANDAB,SIM,1 sept 2026,1 sept 2026,null,No,CERRADAS,2026-09-02 00:58:42,Monolínea,Mono_item,Lima - Callao,null,Power 59.90 N,Power 59.90 N
Netcall,1 sept 2026,14,914861680,9148616808166267336814,9283,Outbound,Portabilidad Postpago,EXPRESS,Logixtal,9001,CERRADAS,Entregado,Entregado,TLV_NET_CURCIAR,SIM,1 sept 2026,1 sept 2026,null,No,CERRADAS,2026-09-02 01:46:43,Monolínea,Mono_item,Lima - Callao,null,Power ilim 79.90 SD N,Power ilim 79.90 SD N
Netcall,2 sept 2026,17,915359447,91535944789511710111073797355,9283,Outbound,Venta Regular / Alta,EXPRESS,Logixtal,9001,ABIERTAS,Pendiente Entrega,Pendiente de Picking,NET_MCHAMPIR,SIM,6 sept 2026,null,null,No,ABIERTAS,null,Monolínea,Mono_item,Lima - Callao,null,null,null
Netcall,1 sept 2026,17,914910913,9149109138166808857655,9283,Outbound,Portabilidad Postpago,EXPRESS,Logixtal,9001,ABIERTAS,Pendiente Entrega,Pendiente Entrega,TLV_NET_SVALDEZ,SIM,1 sept 2026,null,null,No,ABIERTAS,null,Multilínea,Mono_item,Lima - Callao,null,null,Power ilim 79.90 SD N
Netcall,1 sept 2026,14,914854523,9148545238166188549944,9283,Outbound,Portabilidad Postpago,EXPRESS,Logixtal,9001,CERRADAS,Entregado,Entregado,NET_DREVILLAN,SIM,1 sept 2026,1 sept 2026,null,No,CERRADAS,2026-09-02 01:33:35,Monolínea,Mono_item,Lima - Callao,null,Power 59.90 N,Power 59.90 N
Netcall,1 sept 2026,8,914735355,9147353558165070640963,9283,Outbound,Portabilidad Postpago,EXPRESS,Logixtal,9001,CANCELADAS,Anulado,PIN PORTA_NO VALIDO,NET_SLAZOB,SIM,1 sept 2026,null,null,No,CANCELADAS,2026-09-01 15:14:15,Monolínea,Mono_item,Lima - Callao,null,null,Power 59.90 N
Netcall,2 sept 2026,12,915277716,91527771689511710111071045971,9283,Outbound,Portabilidad Postpago,EXPRESS,Logixtal,9001,ABIERTAS,Pendiente Entrega,Pendiente de Picking,NET_MMREVILLA,SIM,2 sept 2026,null,null,No,ABIERTAS,null,Monolínea,Mono_item,Lima - Callao,null,null,null
Netcall,1 sept 2026,13,914850043,914850043,9283,Outbound,Portabilidad Postpago,EXPRESS,Logixtal,9001,CERRADAS,Entregado,Entregado,TLV_NET_CSILVAP,SIM,1 sept 2026,1 sept 2026,null,No,CERRADAS,2026-09-02 00:38:26,Multilínea,Mono_item,Lima - Callao,null,Power ilim 79.90 SD N,null
Netcall,1 sept 2026,16,914892716,9148927168166609733212,9283,Outbound,Portabilidad Postpago,EXPRESS,Logixtal,9001,CERRADAS,Entregado,Entregado,NET_CTRAVIM,SIM,1 sept 2026,1 sept 2026,null,No,CERRADAS,2026-09-02 01:16:55,Monolínea,Mono_item,Lima - Callao,null,Power ilim 79.90 SD N,Power ilim 79.90 SD N
Netcall,1 sept 2026,18,914940303,9149403038167104683612,9271,Outbound,Venta Regular / Alta,PROGRAMADO,Logixtal,9001,ABIERTAS,Pendiente Entrega,Pendiente Entrega,NET_VAYALAS,SIM,2 sept 2026,null,null,No,ABIERTAS,null,Monolínea,Mono_item,Lima - Callao,null,null,Power 39.90 N
Netcall,1 sept 2026,14,914854068,9148540688166185318479,9283,Outbound,Portabilidad Postpago,EXPRESS,Logixtal,9001,CERRADAS,Entregado,Entregado,TLV_NET_CSILVAP,SIM,1 sept 2026,1 sept 2026,null,No,CERRADAS,2026-09-02 00:49:19,Multilínea,Mono_item,Lima - Callao,null,Power ilim 79.90 SD N,Power ilim 79.90 SD N
Netcall,2 sept 2026,16,915340076,91534007689511710111073730877,9271,Outbound,Portabilidad Postpago,EXPRESS,Logixtal,9001,ABIERTAS,Entregado,Entregado,NET_SNIMAG,SIM,2 sept 2026,null,null,No,ABIERTAS,null,Monolínea,Mono_item,Lima - Callao,null,null,null
Netcall,2 sept 2026,13,915291793,91529179389511710111071025114,9271,Outbound,Portabilidad Postpago,EXPRESS,Logixtal,9001,ABIERTAS,Entregado,Entregado,NET_LGOMEZA,SIM,2 sept 2026,null,null,No,ABIERTAS,null,Monolínea,Mono_item,Lima - Callao,null,null,null
Netcall,2 sept 2026,16,915346623,91534662389511710111073785921,9283,Outbound,Portabilidad Postpago,EXPRESS,Logixtal,9001,ABIERTAS,Entregado,Entregado,NET_AARANAS,SIM,2 sept 2026,null,null,No,ABIERTAS,null,Multilínea,Mono_item,Lima - Callao,null,null,null
Netcall,2 sept 2026,16,915341003,91534100389511710111073785590,9283,Outbound,Portabilidad Postpago,EXPRESS,Logixtal,9001,ABIERTAS,Entregado,Entregado,NET_AARANAS,SIM,2 sept 2026,null,null,No,ABIERTAS,null,Multilínea,Mono_item,Lima - Callao,null,null,null
Netcall,1 sept 2026,16,914898425,9148984258166668881512,9283,Outbound,Portabilidad Postpago,EXPRESS,Logixtal,9001,ABIERTAS,Entregado,Entregado,NET_MCELISG,SIM,1 sept 2026,1 sept 2026,null,No,ABIERTAS,null,Multilínea,Mono_item,Lima - Callao,null,null,Power ilim 79.90 SD N
Netcall,2 sept 2026,16,915341003,91534100389511710111073785582,9283,Outbound,Portabilidad Postpago,EXPRESS,Logixtal,9001,ABIERTAS,Entregado,Entregado,NET_AARANAS,SIM,2 sept 2026,null,null,No,ABIERTAS,null,Multilínea,Mono_item,Lima - Callao,null,null,null
Netcall,1 sept 2026,19,914955654,9149556548167256839884,9283,Outbound,Portabilidad Postpago,PROGRAMADO,Logixtal,9001,ABIERTAS,Pendiente Entrega,Pendiente Entrega,NET_JTORRESQ,SIM,2 sept 2026,null,null,No,ABIERTAS,null,Monolínea,Mono_item,Lima - Callao,null,null,Power 59.90 N
Netcall,2 sept 2026,12,915272772,91527277289511710101080565473,9283,Outbound,Portabilidad Postpago,PROGRAMADO,Logixtal,9001,ABIERTAS,Pendiente Entrega,Pendiente de Picking,NET_JCAVEROC,SIM,3 sept 2026,null,null,No,ABIERTAS,null,Monolínea,Mono_item,Lima - Callao,null,null,null
Netcall,1 sept 2026,11,914816284,9148162848165787580211,9283,Outbound,Portabilidad Postpago,EXPRESS,Logixtal,9001,CERRADAS,Entregado,Entregado,NET_LMUSAYONS,SIM,1 sept 2026,1 sept 2026,null,No,CERRADAS,2026-09-02 00:55:13,Multilínea,Multi_item,Lima - Callao,null,Power ilim 79.90 SD N,Power ilim 79.90 SD N
Netcall,1 sept 2026,0,914593079,9145930798163503785676,9283,Outbound,Portabilidad Postpago,EXPRESS,Logixtal,9001,CERRADAS,Entregado,Entregado,NET_JAMASIFUENT,SIM,1 sept 2026,1 sept 2026,null,No,CERRADAS,2026-09-02 01:34:09,Monolínea,Mono_item,Lima - Callao,null,Power 59.90 N,Power 59.90 N
Netcall,1 sept 2026,15,914880604,914880604,9283,Outbound,Portabilidad Postpago,EXPRESS,Logixtal,9001,CERRADAS,Entregado,Entregado,TLV_NET_JMORO,SIM,1 sept 2026,1 sept 2026,null,No,CERRADAS,2026-09-02 00:29:09,Monolínea,Mono_item,Lima - Callao,null,Power 59.90 N,null
Netcall,1 sept 2026,16,914901857,9149018578166711908383,9283,Outbound,Portabilidad Postpago,EXPRESS,Logixtal,9001,ABIERTAS,Entregado,Entregado,NET_MCELISG,SIM,1 sept 2026,1 sept 2026,null,No,ABIERTAS,null,Multilínea,Mono_item,Lima - Callao,null,null,Power ilim 79.90 SD N
Netcall,1 sept 2026,17,914905762,9149057628166756595692,9283,Outbound,Portabilidad Postpago,EXPRESS,Logixtal,9001,ABIERTAS,Entregado,Entregado,NET_MCELISG,SIM,1 sept 2026,1 sept 2026,null,No,ABIERTAS,null,Multilínea,Mono_item,Lima - Callao,null,null,Power ilim 79.90 SD N
Netcall,1 sept 2026,11,914816284,9148162848165787580430,9283,Outbound,Portabilidad Postpago,EXPRESS,Logixtal,9001,CERRADAS,Entregado,Entregado,NET_LMUSAYONS,SIM,1 sept 2026,1 sept 2026,null,No,CERRADAS,2026-09-02 00:55:13,Multilínea,Multi_item,Lima - Callao,null,Power ilim 79.90 SD N,Power ilim 79.90 SD N
Netcall,1 sept 2026,13,914852831,9148528318166168585714,9283,Outbound,Portabilidad Postpago,EXPRESS,Logixtal,9001,CERRADAS,Entregado,Entregado,TLV_NET_CSILVAP,SIM,1 sept 2026,1 sept 2026,null,No,CERRADAS,2026-09-02 01:17:02,Multilínea,Mono_item,Lima - Callao,null,Power ilim 79.90 SD N,Power ilim 79.90 SD N
Netcall,1 sept 2026,14,914856704,914856704,9283,Outbound,Portabilidad Postpago,EXPRESS,Logixtal,9001,CERRADAS,Entregado,Entregado,NET_YCASTILLOO,SIM,1 sept 2026,1 sept 2026,null,No,CERRADAS,2026-09-02 00:23:37,Multilínea,Mono_item,Lima - Callao,null,Power ilim 79.90 SD N,null
Netcall,2 sept 2026,17,915352455,91535245589511710101029952816,9283,Outbound,Portabilidad Postpago,EXPRESS,Logixtal,9001,ABIERTAS,Entregado,Entregado,NET_MFERRER,SIM,2 sept 2026,null,null,No,ABIERTAS,null,Monolínea,Mono_item,Lima - Callao,null,null,null
Netcall,1 sept 2026,14,914857706,9148577068166224533336,9283,Outbound,Portabilidad Postpago,EXPRESS,Logixtal,9001,CERRADAS,Entregado,Entregado,NET_YCASTILLOO,SIM,1 sept 2026,1 sept 2026,null,No,CERRADAS,2026-09-02 01:37:36,Multilínea,Mono_item,Lima - Callao,null,Power ilim 79.90 SD N,Power ilim 79.90 SD N
Netcall,2 sept 2026,16,915342955,91534295589511710111073798312,9283,Outbound,Portabilidad Postpago,EXPRESS,Logixtal,9001,ABIERTAS,Entregado,Entregado,NET_ADOMINGUEZF,SIM,2 sept 2026,null,null,No,ABIERTAS,null,Multilínea,Mono_item,Lima - Callao,null,null,null
Netcall,1 sept 2026,16,914897344,9148973448166658529225,9283,Outbound,Portabilidad Postpago,EXPRESS,Logixtal,9001,CERRADAS,Entregado,Entregado,NET_JFAJARDOR,SIM,1 sept 2026,1 sept 2026,null,No,CERRADAS,2026-09-02 01:59:20,Monolínea,Mono_item,Lima - Callao,null,Power ilim 79.90 SD N,Power ilim 79.90 SD N
Netcall,1 sept 2026,13,914851722,9148517228166155364702,9283,Outbound,Portabilidad Postpago,EXPRESS,Logixtal,9001,CERRADAS,Entregado,Entregado,TLV_NET_CSILVAP,SIM,1 sept 2026,1 sept 2026,null,No,CERRADAS,2026-09-02 01:12:10,Multilínea,Mono_item,Lima - Callao,null,Power ilim 79.90 SD N,Power ilim 79.90 SD N
Netcall,2 sept 2026,11,915260022,91526002289511710111073798429,9283,Outbound,Portabilidad Postpago,EXPRESS,Logixtal,9001,ABIERTAS,Entregado,Entregado,NET_TANCHANTEG,SIM,2 sept 2026,null,null,No,ABIERTAS,null,Multilínea,Mono_item,Lima - Callao,null,null,null
Netcall,1 sept 2026,16,914900076,9149000768166687346450,9283,Outbound,Portabilidad Postpago,EXPRESS,Logixtal,9001,ABIERTAS,Entregado,Entregado,NET_MCELISG,SIM,1 sept 2026,1 sept 2026,null,No,ABIERTAS,null,Multilínea,Mono_item,Lima - Callao,null,null,Power ilim 79.90 SD N
Netcall,1 sept 2026,18,914936013,9149360138167057509846,9283,Outbound,Portabilidad Postpago,PROGRAMADO,Logixtal,9001,ABIERTAS,Pendiente Entrega,Pendiente Entrega,NET_AARANAS,SIM,2 sept 2026,null,null,No,ABIERTAS,null,Multilínea,Multi_item,Lima - Callao,null,null,Power 59.90 N
Netcall,1 sept 2026,18,914936013,9149360138167057509627,9283,Outbound,Portabilidad Postpago,PROGRAMADO,Logixtal,9001,ABIERTAS,Pendiente Entrega,Pendiente Entrega,NET_AARANAS,SIM,2 sept 2026,null,null,No,ABIERTAS,null,Multilínea,Multi_item,Lima - Callao,null,null,Power 59.90 N
Netcall,2 sept 2026,16,915349983,91534998389511710101080368035,9283,Outbound,Portabilidad Postpago,EXPRESS,Logixtal,9001,ABIERTAS,Entregado,Entregado,NET_JYPEREZV,SIM,2 sept 2026,null,null,No,ABIERTAS,null,Monolínea,Mono_item,Lima - Callao,null,null,null
Netcall,2 sept 2026,11,915250924,91525092489511710101029952766,9283,Outbound,Portabilidad Postpago,EXPRESS,Logixtal,9001,CANCELADAS,Pendiente Entrega,Pendiente de Picking,NET_LTVENTURAG,SIM,2 sept 2026,null,null,No,CANCELADAS,2026-09-02 11:57:27,Monolínea,Mono_item,Lima - Callao,null,null,null
Netcall,1 sept 2026,13,914839990,9148399908166028807139,9283,Outbound,Portabilidad Postpago,PROGRAMADO,Logixtal,9001,ABIERTAS,No bop,No bop,NET_GHERRERAG,SIM,3 sept 2026,null,null,No,ABIERTAS,null,Monolínea,Mono_item,Lima - Callao,null,null,Power ilim 69.90 N
Netcall,1 sept 2026,20,914960816,9149608168167303573928,9283,Outbound,Portabilidad Postpago,PROGRAMADO,Logixtal,9001,ABIERTAS,Pendiente Entrega,Pendiente Entrega,NET_AARANAS,SIM,2 sept 2026,null,null,No,ABIERTAS,null,Multilínea,Mono_item,Lima - Callao,null,null,Power 59.90 N
Netcall,1 sept 2026,9,914774663,9147746638165381670078,9283,Outbound,Portabilidad Postpago,PROGRAMADO,Logixtal,9001,ABIERTAS,No bop,No bop,NET_GHERRERAG,SIM,3 sept 2026,null,null,No,ABIERTAS,null,Monolínea,Mono_item,Lima - Callao,null,null,Power 59.90 N
Netcall,2 sept 2026,11,915265973,915265973Empty,9265,Outbound,Portabilidad Postpago,PROGRAMADO,Logixtal,9001,ABIERTAS,Pendiente Entrega,Pendiente de Picking,NET_IRODRIGUEZS,SIM,4 sept 2026,null,null,No,ABIERTAS,null,Monolínea,Mono_item,Lima - Callao,null,null,null
Netcall,1 sept 2026,12,914824564,9148245648165867636205,9283,Outbound,Portabilidad Postpago,PROGRAMADO,Logixtal,9001,ABIERTAS,Pendiente Entrega,Pendiente Entrega,NET_LTELLOC,SIM,2 sept 2026,null,null,No,ABIERTAS,null,Monolínea,Mono_item,Lima - Callao,null,null,Power ilim 69.90 N
Netcall,2 sept 2026,16,915346623,91534662389511710111073785913,9283,Outbound,Portabilidad Postpago,EXPRESS,Logixtal,9001,ABIERTAS,Entregado,Entregado,NET_AARANAS,SIM,2 sept 2026,null,null,No,ABIERTAS,null,Multilínea,Mono_item,Lima - Callao,null,null,null
Netcall,1 sept 2026,16,914856098,9148560988166512041578,9271,Outbound,Portabilidad Postpago,EXPRESS,Logixtal,9001,CERRADAS,Entregado,Entregado,NET_LTVENTURAG,SIM,1 sept 2026,1 sept 2026,null,No,CERRADAS,2026-09-02 01:40:11,Monolínea,Mono_item,Lima - Callao,null,Power 59.90 N,Power 59.90 N
Netcall,2 sept 2026,17,915365394,91536539489511710111073798379,9283,Outbound,Portabilidad Postpago,EXPRESS,Logixtal,9001,ABIERTAS,Pendiente Entrega,Pendiente de Picking,NET_JCHEROO,SIM,2 sept 2026,null,null,No,ABIERTAS,null,Monolínea,Mono_item,Lima - Callao,null,null,null
Netcall,1 sept 2026,15,914867564,914867564,9283,Outbound,Portabilidad Postpago,EXPRESS,Logixtal,9001,CERRADAS,Entregado,Entregado,NET_MCVASQUEZ,SIM,1 sept 2026,1 sept 2026,null,No,CERRADAS,2026-09-02 00:23:50,Monolínea,Mono_item,Lima - Callao,null,Power 59.90 N,null
Netcall,1 sept 2026,15,914881052,9148810528166485029141,9283,Outbound,Portabilidad Postpago,EXPRESS,Logixtal,9001,ABIERTAS,Entregado,Entregado,NET_VZEGARRAAGU,SIM,1 sept 2026,1 sept 2026,null,No,ABIERTAS,null,Monolínea,Mono_item,Lima - Callao,null,null,Power ilim 79.90 SD N
Netcall,1 sept 2026,17,914912096,9149120968166825711502,9283,Outbound,Portabilidad Postpago,EXPRESS,Logixtal,9001,ABIERTAS,Pendiente Entrega,Pendiente Entrega,TLV_NET_SVALDEZ,SIM,1 sept 2026,null,null,No,ABIERTAS,null,Multilínea,Mono_item,Lima - Callao,null,null,Power ilim 79.90 SD N
Netcall,2 sept 2026,11,915258863,91525886389511710111073798148,9283,Outbound,Portabilidad Postpago,EXPRESS,Logixtal,9001,ABIERTAS,Entregado,Entregado,NET_TANCHANTEG,SIM,2 sept 2026,null,null,No,ABIERTAS,null,Multilínea,Mono_item,Lima - Callao,null,null,null
Netcall,1 sept 2026,12,914826268,9148262688165883450561,9283,Outbound,Venta Regular / Alta,EXPRESS,Logixtal,9001,CERRADAS,Entregado,Entregado,NET_BROMANS,SIM,1 sept 2026,1 sept 2026,01/09/2026,Sí,CERRADAS,2026-09-01 14:12:44,Monolínea,Mono_item,Lima - Callao,59.9,Power 59.90 N,Power 59.90 N
Netcall,1 sept 2026,9,914773616,9147736168165370717032,9271,Outbound,Venta Regular / Alta,EXPRESS,Logixtal,9001,CERRADAS,Entregado,Entregado,NET_CREYESJ,SIM,1 sept 2026,1 sept 2026,01/09/2026,Sí,CERRADAS,2026-09-01 12:46:32,Monolínea,Mono_item,Lima - Callao,29.91303,Power 59.90 N,Power 59.90 N
Netcall,1 sept 2026,9,914769943,9147699438165331628033,9283,Outbound,Portabilidad Postpago,EXPRESS,Logixtal,9001,CERRADAS,Entregado,Entregado,NET_GSANCHEZO,SIM,1 sept 2026,1 sept 2026,null,No,CERRADAS,2026-09-02 01:35:14,Monolínea,Mono_item,Lima - Callao,null,Power 59.90 N,Power 59.90 N
Netcall,1 sept 2026,16,914884140,9148841408166514973248,9283,Outbound,Portabilidad Postpago,EXPRESS,Logixtal,9001,CERRADAS,Entregado,Entregado,NET_CLOPEZA,SIM,1 sept 2026,1 sept 2026,null,No,CERRADAS,2026-09-02 02:49:19,Monolínea,Mono_item,Lima - Callao,null,Power ilim 79.90 SD N,Power ilim 79.90 SD N
Netcall,1 sept 2026,15,914883497,9148834978166510145851,9283,Outbound,Portabilidad Postpago,EXPRESS,Logixtal,9001,CERRADAS,Entregado,Entregado,NET_YCASTILLOO,SIM,1 sept 2026,1 sept 2026,null,No,CERRADAS,2026-09-02 01:29:33,Monolínea,Mono_item,Lima - Callao,null,Power 59.90 N,Power 59.90 N
Netcall,2 sept 2026,17,915370302,91537030289511710111073798361,5299,Outbound,Portabilidad Postpago,EXPRESS,Logixtal,9001,ABIERTAS,Pendiente Entrega,Pendiente de Picking,NET_CSIRRAZABAC,SIM,2 sept 2026,null,null,No,ABIERTAS,null,Monolínea,Mono_item,Lima - Callao,null,null,null
Netcall,1 sept 2026,9,914772674,9147726748165360908886,9283,Outbound,Venta Regular / Alta,EXPRESS,Logixtal,9001,CERRADAS,Entregado,Entregado,TLV_NET_JSILVAT,SIM,1 sept 2026,1 sept 2026,01/09/2026,Sí,CERRADAS,2026-09-01 16:29:54,Monolínea,Mono_item,Lima - Callao,29.91303,Power ilim 79.90 SD N,Power ilim 79.90 SD N
Netcall,1 sept 2026,17,914913296,914913296,9283,Outbound,Portabilidad Postpago,EXPRESS,Logixtal,9001,CERRADAS,Entregado,Entregado,NET_AARANAS,SIM,1 sept 2026,1 sept 2026,null,No,CERRADAS,2026-09-02 00:32:35,Monolínea,Mono_item,Lima - Callao,null,Power ilim 79.90 SD N,null
Netcall,1 sept 2026,17,914904586,9149045868166740571943,9283,Outbound,Portabilidad Postpago,EXPRESS,Logixtal,9001,CERRADAS,Entregado,Entregado,NET_DFRANCIAH,SIM,1 sept 2026,1 sept 2026,null,No,CERRADAS,2026-09-02 01:12:31,Monolínea,Mono_item,Lima - Callao,null,Power ilim 79.90 SD N,Power ilim 79.90 SD N
Netcall,2 sept 2026,16,915326363,91532636389511710111073798387,9283,Outbound,Portabilidad Postpago,EXPRESS,Logixtal,9001,ABIERTAS,Entregado,Entregado,NET_ADOMINGUEZF,SIM,2 sept 2026,null,null,No,ABIERTAS,null,Multilínea,Mono_item,Lima - Callao,null,null,null
Netcall,1 sept 2026,13,914840251,914840251,9283,Outbound,Portabilidad Postpago,EXPRESS,Logixtal,9342,CERRADAS,Entregado,Entregado,NET_IQUEREVALUL,SIM,1 sept 2026,1 sept 2026,null,No,CERRADAS,2026-09-02 00:14:26,Monolínea,Mono_item,Lima - Callao,null,Power ilim 79.90 SD N,null
Netcall,2 sept 2026,7,915150339,91515033989511710111071091991,9283,Outbound,Portabilidad Postpago,EXPRESS,Logixtal,9342,ABIERTAS,Pendiente Entrega,Pendiente de Picking,TLV_NET_DVALOI,SIM,2 sept 2026,null,null,No,ABIERTAS,null,Monolínea,Mono_item,Lima - Callao,null,null,null
Netcall,1 sept 2026,11,914797845,9147978458165602199036,9283,Outbound,Portabilidad Postpago,EXPRESS,Logixtal,9342,ABIERTAS,Pendiente Entrega,Pendiente Entrega,NET_GURBINAA,SIM,1 sept 2026,null,null,No,ABIERTAS,null,Monolínea,Mono_item,Lima - Callao,null,null,Power ilim 69.90 N
Netcall,1 sept 2026,15,914882237,9148822378166499156231,9283,Outbound,Portabilidad Postpago,EXPRESS,Logixtal,9342,CERRADAS,Entregado,Entregado,NET_CULLOAC,SIM,1 sept 2026,1 sept 2026,null,No,CERRADAS,2026-09-02 01:57:59,Multilínea,Multi_item,Lima - Callao,null,Power ilim 79.90 SD N,Power ilim 79.90 SD N
Netcall,1 sept 2026,10,914783393,9147833938165457184100,9271,Outbound,Portabilidad Postpago,EXPRESS,Logixtal,9342,CERRADAS,Entregado,Entregado,NET_VAYALAS,SIM,1 sept 2026,1 sept 2026,null,No,CERRADAS,2026-09-02 00:54:20,Monolínea,Mono_item,Lima - Callao,null,Power 59.90 N,Power 59.90 N
Netcall,1 sept 2026,11,914800068,9148000688165622172564,9283,Outbound,Portabilidad Postpago,EXPRESS,Logixtal,9342,CERRADAS,Entregado,Entregado,NET_SLIZARDOPER,SIM,1 sept 2026,1 sept 2026,null,No,CERRADAS,2026-09-02 00:49:22,Monolínea,Mono_item,Lima - Callao,null,Power ilim 79.90 SD N,Power ilim 79.90 SD N
Netcall,1 sept 2026,16,914892932,9148929328166606065327,9283,Outbound,Portabilidad Postpago,EXPRESS,Logixtal,9342,ABIERTAS,Pendiente Entrega,Pendiente Entrega,NET_JGUIOP,SIM,1 sept 2026,null,null,No,ABIERTAS,null,Monolínea,Mono_item,Lima - Callao,null,null,Power ilim 69.90 N
Netcall,1 sept 2026,9,914767747,914767747,9283,Outbound,Portabilidad Postpago,EXPRESS,Logixtal,9342,CERRADAS,Entregado,Entregado,NET_GHERRERAG,SIM,1 sept 2026,1 sept 2026,null,No,CERRADAS,2026-09-02 00:34:08,Monolínea,Mono_item,Lima - Callao,null,Power ilim 79.90 SD N,null
Netcall,2 sept 2026,10,915236871,91523687189511710111067973590,9283,Outbound,Portabilidad Postpago,EXPRESS,Logixtal,9342,ABIERTAS,Pendiente Entrega,Pendiente de Picking,NET_PSANCHEZE,SIM,7 sept 2026,null,null,No,ABIERTAS,null,Multilínea,Mono_item,Lima - Callao,null,null,null
Netcall,2 sept 2026,16,915347904,91534790489511710111070873167,5299,Outbound,Portabilidad Postpago,EXPRESS,Logixtal,9342,ABIERTAS,Entregado,Entregado,NET_CSIRRAZABAC,SIM,2 sept 2026,null,null,No,ABIERTAS,null,Multilínea,Mono_item,Lima - Callao,null,null,null
Netcall,1 sept 2026,16,914896310,9148963108166659501710,9283,Outbound,Portabilidad Postpago,EXPRESS,Logixtal,9342,CERRADAS,Entregado,Entregado,NET_MLFERNANDEV,SIM,1 sept 2026,1 sept 2026,null,No,CERRADAS,2026-09-02 00:59:47,Monolínea,Mono_item,Lima - Callao,null,Power 49.90 N,Power 49.90 N
Netcall,1 sept 2026,14,914863558,9148635588166283297146,9283,Outbound,Portabilidad Postpago,EXPRESS,Logixtal,9342,CERRADAS,Entregado,Entregado,TLV_NET_ALANDAS,SIM,1 sept 2026,1 sept 2026,null,No,CERRADAS,2026-09-02 01:57:23,Monolínea,Mono_item,Lima - Callao,null,Power ilim 79.90 SD N,Power ilim 79.90 SD N
Netcall,2 sept 2026,16,915350207,91535020789511710111070873159,5299,Outbound,Venta Regular / Alta,EXPRESS,Logixtal,9342,CERRADAS,Entregado,Entregado,NET_CSIRRAZABAC,SIM,2 sept 2026,2 sept 2026,null,No,CERRADAS,2026-09-02 18:44:52,Multilínea,Mono_item,Lima - Callao,null,Power ilim 79.90 SD N,null
Netcall,1 sept 2026,9,914769032,9147690328165326347606,9283,Outbound,Portabilidad Postpago,PROGRAMADO,Logixtal,9342,ABIERTAS,Pendiente Entrega,Pendiente Entrega,TLV_NET_LVILLLA,SIM,2 sept 2026,null,null,No,ABIERTAS,null,Monolínea,Mono_item,Lima - Callao,null,null,Power ilim 79.90 SD N
Netcall,2 sept 2026,13,915289851,915289851Empty,9283,Outbound,Portabilidad Postpago,PROGRAMADO,Logixtal,9342,ABIERTAS,Pendiente Entrega,Pendiente de Picking,NET_GHERRERAG,SIM,4 sept 2026,null,null,No,ABIERTAS,null,Monolínea,Mono_item,Lima - Callao,null,null,null
Netcall,1 sept 2026,12,914825897,9148258978165884933643,9283,Outbound,Portabilidad Postpago,PROGRAMADO,Logixtal,9342,ABIERTAS,No bop,No bop,NET_GHERRERAG,SIM,3 sept 2026,null,null,No,ABIERTAS,null,Monolínea,Mono_item,Lima - Callao,null,null,Power 59.90 N
Netcall,1 sept 2026,15,914882237,9148822378166499156012,9283,Outbound,Portabilidad Postpago,EXPRESS,Logixtal,9342,CERRADAS,Entregado,Entregado,NET_CULLOAC,SIM,1 sept 2026,1 sept 2026,null,No,CERRADAS,2026-09-02 01:57:59,Multilínea,Multi_item,Lima - Callao,null,Power ilim 79.90 SD N,Power ilim 79.90 SD N
Netcall,2 sept 2026,20,915412244,915412244Empty,9283,Outbound,Portabilidad Postpago,PROGRAMADO,Logixtal,9001,ABIERTAS,Pendiente Entrega,Pendiente de Picking,NET_ANCASTROR,SIM,3 sept 2026,null,null,No,ABIERTAS,null,Monolínea,Mono_item,Lima - Callao,null,null,null
Netcall,2 sept 2026,10,915239341,91523934189511710111067973608,9283,Outbound,Portabilidad Postpago,EXPRESS,Logixtal,9342,ABIERTAS,Pendiente Entrega,Pendiente de Picking,NET_PSANCHEZE,SIM,7 sept 2026,null,null,No,ABIERTAS,null,Multilínea,Mono_item,Lima - Callao,null,null,null
Netcall,1 sept 2026,16,914892935,914892935,9283,Outbound,Portabilidad Postpago,EXPRESS,Logixtal,9342,CERRADAS,Entregado,Entregado,NET_JIYASHAMAR,SIM,1 sept 2026,1 sept 2026,null,No,CERRADAS,2026-09-02 00:13:08,Monolínea,Mono_item,Lima - Callao,null,Power 59.90 N,null
Netcall,1 sept 2026,12,914833161,9148331618165956085447,9283,Outbound,Portabilidad Postpago,EXPRESS,Logixtal,9342,CERRADAS,Entregado,Entregado,NET_EZAPATAC,SIM,1 sept 2026,1 sept 2026,null,No,CERRADAS,2026-09-02 01:25:35,Monolínea,Mono_item,Lima - Callao,null,Power ilim 69.90 N,Power ilim 69.90 N
Netcall,2 sept 2026,10,915241223,91524122389511710111067973582,9283,Outbound,Venta Regular / Alta,EXPRESS,Logixtal,9342,ABIERTAS,Pendiente Entrega,Pendiente de Picking,NET_PSANCHEZE,SIM,7 sept 2026,null,null,No,ABIERTAS,null,Multilínea,Mono_item,Lima - Callao,null,null,null
Netcall,1 sept 2026,14,914852638,9148526388166175375992,9283,Outbound,Portabilidad Postpago,EXPRESS,Logixtal,9342,CERRADAS,Entregado,Entregado,NET_KROJASNAUPA,SIM,1 sept 2026,1 sept 2026,null,No,CERRADAS,2026-09-02 00:55:57,Monolínea,Mono_item,Lima - Callao,null,Power 59.90 N,Power 59.90 N
Netcall,2 sept 2026,12,915282229,91528222989511710111073945293,9283,Outbound,Portabilidad Postpago,EXPRESS,Logixtal,9001,ABIERTAS,Entregado,Entregado,NET_KBRACOV,SIM,2 sept 2026,null,null,No,ABIERTAS,null,Multilínea,Mono_item,Lima - Callao,null,null,null
Netcall,2 sept 2026,15,915315585,91531558589511710111073931962,9283,Outbound,Portabilidad Postpago,EXPRESS,Logixtal,9001,ABIERTAS,Entregado,Entregado,NET_KROJASNAUPA,SIM,2 sept 2026,null,null,No,ABIERTAS,null,Multilínea,Mono_item,Lima - Callao,null,null,null
Netcall,2 sept 2026,12,915281246,91528124689511710111073932499,9283,Outbound,Portabilidad Postpago,EXPRESS,Logixtal,9001,ABIERTAS,Entregado,Entregado,TLV_NET_MFARFAN,SIM,2 sept 2026,null,null,No,ABIERTAS,null,Monolínea,Mono_item,Lima - Callao,null,null,null
Netcall,2 sept 2026,11,915264232,91526423289511710111073791184,9283,Outbound,Portabilidad Postpago,EXPRESS,Logixtal,9001,ABIERTAS,Entregado,Entregado,NET_MDIAZP,SIM,2 sept 2026,null,null,No,ABIERTAS,null,Monolínea,Mono_item,Lima - Callao,null,null,null
Netcall,2 sept 2026,12,915280775,91528077589511710101029357891,9271,Outbound,Portabilidad Postpago,EXPRESS,Logixtal,9001,ABIERTAS,Pendiente Entrega,Pendiente de Picking,NET_GDJULCAT,SIM,2 sept 2026,null,null,No,ABIERTAS,null,Monolínea,Mono_item,Lima - Callao,null,null,null
Netcall,1 sept 2026,16,914887189,9148871898166548797966,9283,Outbound,Portabilidad Postpago,EXPRESS,Logixtal,9001,CERRADAS,Entregado,Entregado,TLV_NET_MCHAMBI,SIM,1 sept 2026,1 sept 2026,null,No,CERRADAS,2026-09-02 01:58:41,Monolínea,Mono_item,Lima - Callao,null,Power 59.90 N,Power 59.90 N
Netcall,1 sept 2026,11,914808533,9148085338165703638680,9283,Outbound,Portabilidad Postpago,EXPRESS,Logixtal,9001,CERRADAS,Entregado,Entregado,NET_MCHAVEZV,SIM,1 sept 2026,1 sept 2026,null,No,CERRADAS,2026-09-02 01:55:54,Multilínea,Mono_item,Lima - Callao,null,Power ilim 79.90 SD N,Power ilim 79.90 SD N
Netcall,2 sept 2026,14,915304557,91530455789511710111073931954,9271,Outbound,Portabilidad Postpago,EXPRESS,Logixtal,9001,ABIERTAS,Entregado,Entregado,NET_SBACAD,SIM,2 sept 2026,null,null,No,ABIERTAS,null,Monolínea,Mono_item,Lima - Callao,null,null,null
Netcall,2 sept 2026,16,915350553,915350553Empty,9283,Outbound,Portabilidad Postpago,PROGRAMADO,Logixtal,9001,ABIERTAS,Pendiente Entrega,Pendiente de Picking,NET_YRAYMUNDOTA,SIM,4 sept 2026,null,null,No,ABIERTAS,null,Multilínea,Mono_item,Lima - Callao,null,null,null
Netcall,1 sept 2026,11,914806939,9148069398165688115710,9283,Outbound,Portabilidad Postpago,EXPRESS,Logixtal,9001,CERRADAS,Entregado,Entregado,NET_MCHAVEZV,SIM,1 sept 2026,1 sept 2026,null,No,CERRADAS,2026-09-02 01:14:54,Multilínea,Mono_item,Lima - Callao,null,Power ilim 79.90 SD N,Power ilim 79.90 SD N
Netcall,1 sept 2026,18,914932693,9149326938167025023006,9283,Outbound,Portabilidad Postpago,PROGRAMADO,Logixtal,9001,ABIERTAS,Pendiente Entrega,Pendiente Entrega,NET_SGONZALESP,SIM,2 sept 2026,null,null,No,ABIERTAS,null,Monolínea,Mono_item,Lima - Callao,null,null,Power 59.90 N
Netcall,2 sept 2026,17,915356110,91535611089511710111073948735,9283,Outbound,Venta Regular / Alta,EXPRESS,Logixtal,9001,CERRADAS,Entregado,Entregado,NET_MMREVILLA,SIM,2 sept 2026,2 sept 2026,null,No,CERRADAS,2026-09-02 20:00:23,Monolínea,Mono_item,Lima - Callao,null,Power 39.90 N,null
Netcall,1 sept 2026,16,914896833,914896833,9283,Outbound,Portabilidad Postpago,EXPRESS,Logixtal,9001,CERRADAS,Entregado,Entregado,TLV_NET_ECUROS,SIM,1 sept 2026,1 sept 2026,null,No,CERRADAS,2026-09-02 00:17:32,Monolínea,Mono_item,Lima - Callao,null,Power 59.90 N,null
Netcall,2 sept 2026,17,915351632,91535163289511710111071267658,9283,Outbound,Portabilidad Postpago,EXPRESS,Logixtal,9001,ABIERTAS,Entregado,Entregado,NET_GCABALLEROC,SIM,2 sept 2026,null,null,No,ABIERTAS,null,Multilínea,Mono_item,Lima - Callao,null,null,null
Netcall,2 sept 2026,17,915367119,915367119Empty,9283,Outbound,Portabilidad Postpago,PROGRAMADO,Logixtal,9001,ABIERTAS,Pendiente Entrega,Pendiente de Picking,NET_KROJASNAUPA,SIM,4 sept 2026,null,null,No,ABIERTAS,null,Multilínea,Mono_item,Lima - Callao,null,null,null
Netcall,1 sept 2026,10,914787092,9147870928165496381746,9283,Outbound,Portabilidad Postpago,EXPRESS,Logixtal,9001,CERRADAS,Entregado,Entregado,NET_MMREVILLA,SIM,1 sept 2026,1 sept 2026,null,No,CERRADAS,2026-09-02 01:28:54,Monolínea,Mono_item,Lima - Callao,null,Power ilim 79.90 SD N,Power ilim 79.90 SD N
Netcall,1 sept 2026,12,914834613,9148346138165968357052,9283,Outbound,Portabilidad Postpago,EXPRESS,Logixtal,9001,ABIERTAS,Pendiente Entrega,Pendiente Entrega,NET_KEMENDOZAJ,SIM,1 sept 2026,null,null,No,ABIERTAS,null,Monolínea,Mono_item,Lima - Callao,null,null,Power ilim 79.90 SD N
Netcall,1 sept 2026,12,914824118,9148241188165860984109,9283,Outbound,Portabilidad Postpago,EXPRESS,Logixtal,9001,CERRADAS,Entregado,Entregado,NET_FRIVERAO,SIM,1 sept 2026,1 sept 2026,null,No,CERRADAS,2026-09-02 00:57:28,Monolínea,Mono_item,Lima - Callao,null,Power 59.90 N,Power 59.90 N
Netcall,1 sept 2026,18,914930828,9149308288167010058726,9283,Outbound,Portabilidad Postpago,EXPRESS,Logixtal,9001,ABIERTAS,Entregado,Entregado,NET_GMENDIGUETE,SIM,1 sept 2026,1 sept 2026,null,No,ABIERTAS,null,Monolínea,Mono_item,Lima - Callao,null,null,Power 59.90 N
Netcall,2 sept 2026,16,915345204,91534520489511710111071513747,9283,Outbound,Venta Regular / Alta,EXPRESS,Logixtal,9001,CANCELADAS,Pendiente Entrega,Pendiente de Picking,TLV_NET_NHUAMAA,SIM,2 sept 2026,null,null,No,CANCELADAS,2026-09-02 18:29:24,Monolínea,Mono_item,Lima - Callao,null,null,null
Netcall,1 sept 2026,15,914873832,9148738328166399678942,9283,Outbound,Portabilidad Postpago,EXPRESS,Logixtal,9001,CANCELADAS,Cancelado,CANCELADA EN OMNIX,NET_PFLOREST,SIM,1 sept 2026,null,null,No,CANCELADAS,2026-09-01 15:59:43,Multilínea,Multi_item,Lima - Callao,null,null,Power ilim 79.90 SD N
Netcall,2 sept 2026,16,915338883,91533888389511710111073932556,9283,Outbound,Portabilidad Postpago,EXPRESS,Logixtal,9001,ABIERTAS,Entregado,Entregado,NET_LFLORESY,SIM,2 sept 2026,null,null,No,ABIERTAS,null,Monolínea,Mono_item,Lima - Callao,null,null,null
Netcall,2 sept 2026,17,915365277,91536527789511710111073948958,9283,Outbound,Portabilidad Postpago,EXPRESS,Logixtal,9001,ABIERTAS,Entregado,Entregado,NET_MMREVILLA,SIM,2 sept 2026,null,null,No,ABIERTAS,null,Monolínea,Mono_item,Lima - Callao,null,null,null
Netcall,2 sept 2026,15,915330225,91533022589511710111073931947,9283,Outbound,Portabilidad Postpago,EXPRESS,Logixtal,9001,ABIERTAS,Entregado,Entregado,NET_EGOMEZB,SIM,2 sept 2026,null,null,No,ABIERTAS,null,Monolínea,Mono_item,Lima - Callao,null,null,null
Netcall,2 sept 2026,17,915367014,91536701489511710111071489880,9283,Outbound,Portabilidad Postpago,EXPRESS,Logixtal,9001,ABIERTAS,Pendiente Entrega,Pendiente de Picking,NET_YCORNEJOA,SIM,2 sept 2026,null,null,No,ABIERTAS,null,Monolínea,Mono_item,Lima - Callao,null,null,null
Netcall,1 sept 2026,17,914914345,9149143458166844116741,9283,Outbound,Portabilidad Postpago,EXPRESS,Logixtal,9001,CERRADAS,Entregado,Entregado,NET_SRAMOSC,SIM,1 sept 2026,1 sept 2026,null,No,CERRADAS,2026-09-02 01:22:32,Monolínea,Mono_item,Lima - Callao,null,Power 59.90 N,Power 59.90 N
Netcall,1 sept 2026,16,914889269,9148892698166563685292,9283,Outbound,Portabilidad Postpago,EXPRESS,Logixtal,9001,CERRADAS,Entregado,Entregado,NET_MCELISG,SIM,1 sept 2026,1 sept 2026,null,No,CERRADAS,2026-09-02 01:19:02,Monolínea,Mono_item,Lima - Callao,null,Power 59.90 N,Power 59.90 N
Netcall,2 sept 2026,10,915227920,91522792089511710101029357982,9283,Outbound,Portabilidad Postpago,EXPRESS,Logixtal,9001,ABIERTAS,Entregado,Entregado,NET_JSIADEN,SIM,2 sept 2026,null,null,No,ABIERTAS,null,Monolínea,Mono_item,Lima - Callao,null,null,null
Netcall,2 sept 2026,11,915263117,91526311789511710111073920981,9283,Outbound,Portabilidad Postpago,EXPRESS,Logixtal,9001,ABIERTAS,Entregado,Entregado,NET_LCASTILLORI,SIM,2 sept 2026,null,null,No,ABIERTAS,null,Monolínea,Mono_item,Lima - Callao,null,null,null
Netcall,2 sept 2026,12,915275246,91527524689511710111073945244,9283,Outbound,Portabilidad Postpago,EXPRESS,Logixtal,9001,ABIERTAS,Entregado,Entregado,NET_ZRAMIREZG,SIM,2 sept 2026,null,null,No,ABIERTAS,null,Monolínea,Mono_item,Lima - Callao,null,null,null
Netcall,2 sept 2026,10,915227534,91522753489511710111073945210,9271,Outbound,Portabilidad Postpago,EXPRESS,Logixtal,9001,ABIERTAS,Entregado,Entregado,TLV_NET_GANACLE,SIM,2 sept 2026,null,null,No,ABIERTAS,null,Monolínea,Mono_item,Lima - Callao,null,null,null
Netcall,2 sept 2026,10,915227920,91522792089511710101029357990,9283,Outbound,Portabilidad Postpago,EXPRESS,Logixtal,9001,ABIERTAS,Entregado,Entregado,NET_JSIADEN,SIM,2 sept 2026,null,null,No,ABIERTAS,null,Monolínea,Mono_item,Lima - Callao,null,null,null
Netcall,2 sept 2026,10,915231905,91523190589511710111073945202,9271,Outbound,Portabilidad Postpago,EXPRESS,Logixtal,9001,ABIERTAS,Entregado,Entregado,NET_CDACHAC,SIM,2 sept 2026,null,null,No,ABIERTAS,null,Monolínea,Mono_item,Lima - Callao,null,null,null
Netcall,1 sept 2026,9,914767973,9147679738165322786019,9283,Outbound,Portabilidad Postpago,EXPRESS,Logixtal,9001,CERRADAS,Entregado,Entregado,TLV_NET_MCHAMBI,SIM,1 sept 2026,1 sept 2026,null,No,CERRADAS,2026-09-02 01:48:39,Monolínea,Mono_item,Lima - Callao,null,Power ilim 79.90 SD N,Power ilim 79.90 SD N
Netcall,1 sept 2026,15,914873832,9148738328166399689161,9283,Outbound,Portabilidad Postpago,EXPRESS,Logixtal,9001,CANCELADAS,Cancelado,CANCELADA EN OMNIX,NET_PFLOREST,SIM,1 sept 2026,null,null,No,CANCELADAS,2026-09-01 15:59:43,Multilínea,Multi_item,Lima - Callao,null,null,Power ilim 79.90 SD N
Netcall,1 sept 2026,13,914845584,9148455848166091672409,9283,Outbound,Portabilidad Postpago,EXPRESS,Logixtal,9001,CERRADAS,Entregado,Entregado,NET_BBELLIDOP,SIM,1 sept 2026,1 sept 2026,null,No,CERRADAS,2026-09-02 00:50:00,Monolínea,Mono_item,Lima - Callao,null,Power 59.90 N,Power 59.90 N
Netcall,1 sept 2026,10,914796456,9147964568165586879888,9271,Outbound,Portabilidad Postpago,PROGRAMADO,Logixtal,9001,ABIERTAS,No bop,No bop,NET_DMALCAD,SIM,3 sept 2026,null,null,No,ABIERTAS,null,Monolínea,Mono_item,Lima - Callao,null,null,Power ilim 79.90 SD N
Netcall,2 sept 2026,18,915382381,91538238189511710111073932572,9283,Outbound,Portabilidad Postpago,EXPRESS,Logixtal,9001,ABIERTAS,Pendiente Entrega,Pendiente de Picking,NET_KCARRENOV,SIM,2 sept 2026,null,null,No,ABIERTAS,null,Monolínea,Mono_item,Lima - Callao,null,null,null
Netcall,1 sept 2026,14,914863605,914863605,9283,Outbound,Portabilidad Postpago,EXPRESS,Logixtal,9001,CERRADAS,Entregado,Entregado,NET_AMENDOZAV,SIM,1 sept 2026,1 sept 2026,null,No,CERRADAS,2026-09-02 00:04:52,Monolínea,Mono_item,Lima - Callao,null,Power 59.90 N,null
Netcall,2 sept 2026,13,915293969,91529396989511710111073921252,9283,Outbound,Portabilidad Postpago,EXPRESS,Logixtal,9001,ABIERTAS,Pendiente Entrega,Pendiente de Picking,NET_MMREVILLA,SIM,3 sept 2026,null,null,No,ABIERTAS,null,Monolínea,Mono_item,Lima - Callao,null,null,null
Netcall,2 sept 2026,18,915371316,915371316Empty,9283,Outbound,Portabilidad Postpago,PROGRAMADO,Logixtal,9001,ABIERTAS,Pendiente Entrega,Pendiente de Picking,NET_YRAYMUNDOTA,SIM,4 sept 2026,null,null,No,ABIERTAS,null,Multilínea,Mono_item,Lima - Callao,null,null,null
Netcall,2 sept 2026,11,915256707,91525670789511710101080565382,9283,Outbound,Portabilidad Postpago,PROGRAMADO,Logixtal,9001,ABIERTAS,Pendiente Entrega,Pendiente de Picking,NET_BBELLIDOP,SIM,3 sept 2026,null,null,No,ABIERTAS,null,Multilínea,Mono_item,Lima - Callao,null,null,null
Netcall,2 sept 2026,12,915283852,91528385289511710111073945277,9283,Outbound,Portabilidad Postpago,EXPRESS,Logixtal,9001,ABIERTAS,Entregado,Entregado,NET_KBRACOV,SIM,2 sept 2026,null,null,No,ABIERTAS,null,Multilínea,Mono_item,Lima - Callao,null,null,null
Netcall,1 sept 2026,12,914828869,9148288698165908557868,9283,Outbound,Portabilidad Postpago,EXPRESS,Logixtal,9001,CERRADAS,Entregado,Entregado,NET_JORTIZV,SIM,1 sept 2026,1 sept 2026,null,No,CERRADAS,2026-09-02 03:17:29,Monolínea,Mono_item,Lima - Callao,null,Power 59.90 N,Power 59.90 N
Netcall,2 sept 2026,13,915285156,91528515689511710111073921260,9283,Outbound,Portabilidad Postpago,EXPRESS,Logixtal,9001,ABIERTAS,Entregado,Entregado,NET_GLOPEZF,SIM,2 sept 2026,null,null,No,ABIERTAS,null,Monolínea,Mono_item,Lima - Callao,null,null,null
Netcall,1 sept 2026,16,914890492,9148904928166606863416,9283,Outbound,Portabilidad Postpago,EXPRESS,Logixtal,9001,ABIERTAS,Pendiente Entrega,Pendiente Entrega,NET_LFIESTASG,SIM,1 sept 2026,null,null,No,ABIERTAS,null,Monolínea,Mono_item,Lima - Callao,null,null,Power 59.90 N
Netcall,2 sept 2026,16,915336032,91533603289511710111073932507,9283,Outbound,Portabilidad Postpago,EXPRESS,Logixtal,9001,ABIERTAS,Entregado,Entregado,NET_MCVASQUEZ,SIM,2 sept 2026,null,null,No,ABIERTAS,null,Monolínea,Mono_item,Lima - Callao,null,null,null
Netcall,1 sept 2026,9,914773287,9147732878165363639039,9283,Outbound,Portabilidad Postpago,EXPRESS,Logixtal,9001,CERRADAS,Entregado,Entregado,NET_DFRANCIAH,SIM,1 sept 2026,1 sept 2026,null,No,CERRADAS,2026-09-02 00:39:13,Monolínea,Mono_item,Lima - Callao,null,Power ilim 79.90 SD N,Power ilim 79.90 SD N
Netcall,1 sept 2026,12,914831682,9148316828165938765277,9283,Outbound,Portabilidad Postpago,PROGRAMADO,Logixtal,9001,ABIERTAS,No bop,No bop,NET_EGOMEZB,SIM,3 sept 2026,null,null,No,ABIERTAS,null,Monolínea,Mono_item,Lima - Callao,null,null,Power 59.90 N
Netcall,1 sept 2026,16,914892979,9148929798166606657641,9283,Outbound,Portabilidad Postpago,EXPRESS,Logixtal,9001,ABIERTAS,Pendiente Entrega,Pendiente Entrega,NET_PFLOREST,SIM,1 sept 2026,null,null,No,ABIERTAS,null,Multilínea,Mono_item,Lima - Callao,null,null,Power ilim 79.90 SD N
Netcall,2 sept 2026,6,915137007,91513700789511710111073791424,9283,Outbound,Portabilidad Postpago,EXPRESS,Logixtal,9001,ABIERTAS,Entregado,Entregado,TLV_NET_DVALOI,SIM,2 sept 2026,null,null,No,ABIERTAS,null,Monolínea,Mono_item,Lima - Callao,null,null,null
Netcall,1 sept 2026,17,914909192,9149091928166786564775,9283,Outbound,Portabilidad Postpago,PROGRAMADO,Logixtal,9001,ABIERTAS,Pendiente Entrega,Pendiente Entrega,NET_SCAMPOSR,SIM,2 sept 2026,null,null,No,ABIERTAS,null,Monolínea,Mono_item,Lima - Callao,null,null,Power 59.90 N
Netcall,1 sept 2026,16,914891528,9148915288166592470281,9283,Outbound,Portabilidad Postpago,EXPRESS,Logixtal,9001,ABIERTAS,Pendiente Entrega,Pendiente Entrega,NET_PFLOREST,SIM,1 sept 2026,null,null,No,ABIERTAS,null,Multilínea,Mono_item,Lima - Callao,null,null,Power ilim 79.90 SD N
Netcall,1 sept 2026,11,914799089,914799089,9283,Outbound,Portabilidad Postpago,EXPRESS,Logixtal,9001,CERRADAS,Entregado,Entregado,NET_DNIEVESNIMA,SIM,1 sept 2026,1 sept 2026,null,No,CERRADAS,2026-09-02 00:07:48,Monolínea,Mono_item,Lima - Callao,null,Power 59.90 N,null
Netcall,2 sept 2026,9,915223652,915223652Empty,9283,Outbound,Portabilidad Postpago,PROGRAMADO,Retiro en tienda,9354,ABIERTAS,Pendiente Entrega,Pendiente Entrega,NET_ATRIVINOS,SIM,3 sept 2026,null,null,No,ABIERTAS,null,Monolínea,Mono_item,Ayacucho,null,null,null
Netcall,1 sept 2026,15,914881416,9148814168166485939692,9283,Outbound,Portabilidad Postpago,EXPRESS,Logixtal,9354,CERRADAS,Entregado,Entregado,TLV_NET_KCHAVEZ,SIM,1 sept 2026,1 sept 2026,null,No,CERRADAS,2026-09-02 00:46:26,Multilínea,Mono_item,Ayacucho,null,Power ilim 79.90 SD N,Power ilim 79.90 SD N
Netcall,2 sept 2026,12,915273721,91527372189511710101029851570,9283,Outbound,Portabilidad Postpago,EXPRESS,Retiro en tienda,9355,ABIERTAS,Entregado,Entregado,NET_ANCASTROR,SIM,2 sept 2026,null,null,No,ABIERTAS,null,Monolínea,Mono_item,Loreto,null,null,null
Netcall,1 sept 2026,15,914870859,9148708598166364823302,9283,Outbound,Portabilidad Postpago,EXPRESS,Logixtal,9355,ABIERTAS,Pendiente Entrega,Pendiente Entrega,NET_MCVASQUEZ,SIM,1 sept 2026,null,null,No,ABIERTAS,null,Monolínea,Mono_item,Loreto,null,null,Power 59.90 N
Netcall,2 sept 2026,15,915329882,91532988289511710101029851778,9283,Outbound,Venta Regular / Alta,EXPRESS,Retiro en tienda,9355,ABIERTAS,Pendiente Entrega,Pendiente Entrega,NET_DFRANCIAH,SIM,2 sept 2026,null,null,No,ABIERTAS,null,Monolínea,Mono_item,Loreto,null,null,null
Netcall,1 sept 2026,9,914769719,914769719,9283,Outbound,Portabilidad Postpago,EXPRESS,Logixtal,9355,CERRADAS,Entregado,Entregado,NET_SSALAZARV,SIM,1 sept 2026,1 sept 2026,null,No,CERRADAS,2026-09-02 00:38:31,Monolínea,Mono_item,Loreto,null,Power ilim 79.90 SD N,null
Netcall,1 sept 2026,7,914679594,9146795948164685586206,9283,Outbound,Portabilidad Postpago,EXPRESS,Logixtal,9354,CANCELADAS,Anulado,SOLICITADO POR CANAL,TLV_NET_DCASTIA,SIM,1 sept 2026,null,null,No,CANCELADAS,2026-09-01 12:24:25,Monolínea,Mono_item,Ayacucho,null,null,Power 59.90 N
Netcall,2 sept 2026,19,915402955,915402955Empty,9283,Outbound,Portabilidad Postpago,PROGRAMADO,Retiro en tienda,9355,ABIERTAS,Pendiente Entrega,Pendiente Entrega,NET_VSANTISTEBV,SIM,3 sept 2026,null,null,No,ABIERTAS,null,Monolínea,Mono_item,Loreto,null,null,null
Netcall,1 sept 2026,11,914817082,914817082,9283,Outbound,Portabilidad Postpago,EXPRESS,Logixtal,9354,CERRADAS,Entregado,Entregado,NET_CIOLAYAR,SIM,1 sept 2026,1 sept 2026,null,No,CERRADAS,2026-09-02 00:08:51,Monolínea,Mono_item,Ayacucho,null,Power 59.90 N,null
Netcall,2 sept 2026,10,915239278,915239278Empty,9283,Outbound,Portabilidad Postpago,EXPRESS,Retiro en tienda,9355,CANCELADAS,Cancelado,Cancelado,NET_ELAURAQ,SIM,2 sept 2026,null,null,No,CANCELADAS,2026-09-02 11:43:35,Multilínea,Mono_item,Loreto,null,null,null
Netcall,1 sept 2026,13,914852489,9148524898166159213463,9283,Outbound,Portabilidad Postpago,EXPRESS,Logixtal,9354,ABIERTAS,Pendiente Entrega,Pendiente Entrega,NET_LMANRIQUED,SIM,1 sept 2026,null,null,No,ABIERTAS,null,Monolínea,Mono_item,Ayacucho,null,null,Power 59.90 N
Netcall,2 sept 2026,12,915283028,91528302889511710121058066718,9271,Outbound,Portabilidad Postpago,EXPRESS,Retiro en tienda,9354,ABIERTAS,Entregado,Entregado,NET_KLGARCIAA,SIM,2 sept 2026,null,null,No,ABIERTAS,null,Monolínea,Mono_item,Ayacucho,null,null,null
Netcall,1 sept 2026,15,914880551,9148805518166476615390,9283,Outbound,Portabilidad Postpago,EXPRESS,Logixtal,9354,CERRADAS,Entregado,Entregado,TLV_NET_KCHAVEZ,SIM,1 sept 2026,1 sept 2026,null,No,CERRADAS,2026-09-02 01:12:19,Multilínea,Mono_item,Ayacucho,null,Power ilim 79.90 SD N,Power ilim 79.90 SD N
Netcall,1 sept 2026,9,914774393,9147743938165379954281,9283,Outbound,Portabilidad Postpago,EXPRESS,Logixtal,9343,CERRADAS,Entregado,Entregado,NET_ATRIVINOS,SIM,1 sept 2026,1 sept 2026,null,No,CERRADAS,2026-09-02 02:01:47,Monolínea,Mono_item,Cusco,null,Power ilim 69.90 N,Power ilim 69.90 N
Netcall,1 sept 2026,11,914809705,9148097058165723186550,9283,Outbound,Portabilidad Postpago,EXPRESS,Logixtal,9343,CERRADAS,Entregado,Entregado,NET_GDELGADO,SIM,1 sept 2026,1 sept 2026,null,No,CERRADAS,2026-09-02 00:48:39,Monolínea,Mono_item,Cusco,null,Power ilim 79.90 SD N,Power ilim 79.90 SD N
Netcall,2 sept 2026,9,915222817,91522281789511710101051120324,9283,Outbound,Portabilidad Postpago,EXPRESS,Retiro en tienda,9343,ABIERTAS,Pendiente Entrega,Pendiente Entrega,NET_VZEGARRAAGU,SIM,2 sept 2026,null,null,No,ABIERTAS,null,Monolínea,Mono_item,Cusco,null,null,null
Netcall,1 sept 2026,8,914734788,914734788,9283,Outbound,Portabilidad Postpago,EXPRESS,Logixtal,9343,CERRADAS,Entregado,Entregado,NET_TANCHANTEG,SIM,1 sept 2026,1 sept 2026,null,No,CERRADAS,2026-09-02 00:27:03,Monolínea,Mono_item,Cusco,null,Power 59.90 N,null
Netcall,2 sept 2026,12,915283540,91528354089511710101030125915,9283,Outbound,Venta Regular / Alta,EXPRESS,Logixtal,9001,CERRADAS,Entregado,Entregado,NET_MCVASQUEZ,SIM,2 sept 2026,2 sept 2026,null,No,CERRADAS,2026-09-02 16:21:00,Monolínea,Mono_item,Lima - Callao,null,Power ilim 79.90 SD N,null
Netcall,2 sept 2026,9,915226747,91522674789511710111073713857,9283,Outbound,Portabilidad Postpago,EXPRESS,Logixtal,9001,ABIERTAS,Entregado,Entregado,TLV_NET_BCHAVEZ,SIM,2 sept 2026,null,null,No,ABIERTAS,null,Monolínea,Mono_item,Lima - Callao,null,null,null
Netcall,1 sept 2026,12,914834541,9148345418165970584540,9283,Outbound,Portabilidad Postpago,EXPRESS,Logixtal,9001,CERRADAS,Entregado,Entregado,NET_SLIZARDOPER,SIM,1 sept 2026,1 sept 2026,null,No,CERRADAS,2026-09-02 03:15:39,Multilínea,Mono_item,Lima - Callao,null,Power ilim 79.90 SD N,Power ilim 79.90 SD N
Netcall,2 sept 2026,15,915330698,91533069889511710101029950109,9283,Outbound,Portabilidad Postpago,EXPRESS,Logixtal,9001,ABIERTAS,Entregado,Entregado,NET_SDEDIOSO,SIM,2 sept 2026,null,null,No,ABIERTAS,null,Monolínea,Mono_item,Lima - Callao,null,null,null
Netcall,1 sept 2026,12,914818494,9148184948165807687350,9283,Outbound,Portabilidad Postpago,EXPRESS,Logixtal,9001,CERRADAS,Entregado,Entregado,NET_SPALACIOSA,SIM,1 sept 2026,1 sept 2026,null,No,CERRADAS,2026-09-02 01:00:05,Monolínea,Mono_item,Lima - Callao,null,Power 59.90 N,Power 59.90 N
Netcall,2 sept 2026,18,915375558,915375558Empty,9283,Outbound,Portabilidad Postpago,PROGRAMADO,Logixtal,9001,ABIERTAS,Pendiente Entrega,Pendiente de Picking,NET_JCHAVEZPINT,SIM,3 sept 2026,null,null,No,ABIERTAS,null,Monolínea,Mono_item,Lima - Callao,null,null,null
Netcall,2 sept 2026,18,915374252,915374252Empty,9271,Outbound,Portabilidad Postpago,PROGRAMADO,Logixtal,9001,ABIERTAS,Pendiente Entrega,Pendiente de Picking,NET_PTORRESR,SIM,3 sept 2026,null,null,No,ABIERTAS,null,Monolínea,Mono_item,Lima - Callao,null,null,null
Netcall,1 sept 2026,12,914833569,914833569,9283,Outbound,Portabilidad Postpago,EXPRESS,Logixtal,9001,CERRADAS,Entregado,Entregado,NET_SLIZARDOPER,SIM,1 sept 2026,1 sept 2026,null,No,CERRADAS,2026-09-02 00:20:07,Multilínea,Mono_item,Lima - Callao,null,Power ilim 79.90 SD N,null
Netcall,2 sept 2026,16,915345340,91534534089511710101080566729,9283,Outbound,Portabilidad Postpago,PROGRAMADO,Logixtal,9001,ABIERTAS,Pendiente Entrega,Pendiente de Picking,NET_JLIL,SIM,3 sept 2026,null,null,No,ABIERTAS,null,Monolínea,Mono_item,Lima - Callao,null,null,null
Netcall,2 sept 2026,10,915231777,91523177789511710101029956304,9283,Outbound,Portabilidad Postpago,EXPRESS,Logixtal,9001,ABIERTAS,Pendiente Entrega,Pendiente de Picking,NET_VCARMENG,SIM,2 sept 2026,null,null,No,ABIERTAS,null,Monolínea,Mono_item,Lima - Callao,null,null,null
Netcall,1 sept 2026,14,914865455,914865455,9271,Outbound,Portabilidad Postpago,EXPRESS,Logixtal,9001,CERRADAS,Entregado,Entregado,NET_LNECIOSUPC,SIM,1 sept 2026,1 sept 2026,null,No,CERRADAS,2026-09-02 00:11:09,Monolínea,Mono_item,Lima - Callao,null,Power ilim 69.90 N,null
Netcall,2 sept 2026,13,915293776,91529377689511710101029956460,9283,Outbound,Portabilidad Postpago,EXPRESS,Logixtal,9001,ABIERTAS,Entregado,Entregado,NET_SRAMOSC,SIM,2 sept 2026,null,null,No,ABIERTAS,null,Monolínea,Mono_item,Lima - Callao,null,null,null
Netcall,2 sept 2026,16,915345802,91534580289511710101080566737,9283,Outbound,Portabilidad Postpago,PROGRAMADO,Logixtal,9001,ABIERTAS,Pendiente Entrega,Pendiente de Picking,NET_SLIZARDOPER,SIM,3 sept 2026,null,null,No,ABIERTAS,null,Monolínea,Mono_item,Lima - Callao,null,null,null
Netcall,1 sept 2026,18,914924248,914924248,9283,Outbound,Portabilidad Postpago,EXPRESS,Logixtal,9001,CERRADAS,Entregado,Entregado,NET_AYROJASS,SIM,1 sept 2026,1 sept 2026,null,No,CERRADAS,2026-09-02 00:38:02,Monolínea,Mono_item,Lima - Callao,null,Power ilim 79.90 SD N,null
Netcall,2 sept 2026,13,915293776,91529377689511710101029956452,9283,Outbound,Portabilidad Postpago,EXPRESS,Logixtal,9001,ABIERTAS,Entregado,Entregado,NET_SRAMOSC,SIM,2 sept 2026,null,null,No,ABIERTAS,null,Monolínea,Mono_item,Lima - Callao,null,null,null
Netcall,1 sept 2026,18,914924277,9149242778166946044444,9283,Outbound,Portabilidad Postpago,EXPRESS,Logixtal,9001,ABIERTAS,Entregado,Entregado,NET_JGUEVARAM,SIM,2 sept 2026,null,null,No,ABIERTAS,null,Monolínea,Mono_item,Lima - Callao,null,null,Power ilim 79.90 SD N
Netcall,2 sept 2026,10,915237686,915237686Empty,9283,Outbound,Portabilidad Postpago,EXPRESS,Retiro en tienda,9345,ABIERTAS,Pendiente Entrega,Pendiente Entrega,TLV_NET_LSANCHA,SIM,2 sept 2026,null,null,No,ABIERTAS,null,Monolínea,Mono_item,Ica,null,null,null
Netcall,1 sept 2026,17,914902605,9149026058166718889618,9283,Outbound,Portabilidad Postpago,PROGRAMADO,Logixtal,9345,ABIERTAS,Pendiente Entrega,Pendiente Entrega,TLV_NET_YQUITOV,SIM,2 sept 2026,null,null,No,ABIERTAS,null,Monolínea,Mono_item,Ica,null,null,Power ilim 69.90 N
Netcall,1 sept 2026,10,914777763,9147777638165408021778,9283,Outbound,Portabilidad Postpago,EXPRESS,Logixtal,9345,CANCELADAS,Anulado,CLIENTE DESISTE - NO BRINDA MOTIVOS,TLV_NET_BRAMIRE,SIM,1 sept 2026,null,null,No,CANCELADAS,2026-09-01 12:59:19,Multilínea,Mono_item,Ica,null,null,Power 59.90 N
Netcall,2 sept 2026,11,915249925,915249925Empty,9271,Outbound,Portabilidad Postpago,EXPRESS,Retiro en tienda,9345,ABIERTAS,Pendiente Entrega,Pendiente Entrega,TLV_NET_LPULIDO,SIM,2 sept 2026,null,null,No,ABIERTAS,null,Monolínea,Mono_item,Ica,null,null,null
Netcall,2 sept 2026,15,915328344,91532834489511710111070339268,9283,Outbound,Portabilidad Postpago,EXPRESS,Retiro en tienda,9345,ABIERTAS,Entregado,Entregado,NET_ETORRE,SIM,2 sept 2026,null,null,No,ABIERTAS,null,Monolínea,Mono_item,Ica,null,null,null
Netcall,1 sept 2026,14,914864605,9148646058166297176590,9283,Outbound,Portabilidad Postpago,EXPRESS,Logixtal,9345,ABIERTAS,Entregado,Entregado,TLV_NET_BRAMIRE,SIM,1 sept 2026,1 sept 2026,null,No,ABIERTAS,null,Multilínea,Mono_item,Ica,null,null,Power 59.90 N
Netcall,1 sept 2026,14,914861821,9148618218166262451522,9283,Outbound,Venta Regular / Alta,EXPRESS,Logixtal,9345,ABIERTAS,Pendiente Entrega,Pendiente Entrega,NET_YHUAMAN,SIM,1 sept 2026,null,null,No,ABIERTAS,null,Monolínea,Mono_item,Ica,null,null,Power 39.90 N
Netcall,1 sept 2026,16,914885015,914885015,9283,Outbound,Portabilidad Postpago,EXPRESS,Logixtal,9001,CERRADAS,Entregado,Entregado,NET_MROJASS,SIM,1 sept 2026,1 sept 2026,null,No,CERRADAS,2026-09-02 00:25:29,Multilínea,Mono_item,Lima - Callao,null,Power ilim 79.90 SD N,null
Netcall,2 sept 2026,13,915296271,91529627189511710111073720829,5299,Outbound,Portabilidad Postpago,EXPRESS,Logixtal,9001,ABIERTAS,Entregado,Entregado,NET_JBOZAC,SIM,2 sept 2026,null,null,No,ABIERTAS,null,Multilínea,Mono_item,Lima - Callao,null,null,null
Netcall,1 sept 2026,14,914858188,9148581888166227121115,5299,Outbound,Portabilidad Postpago,EXPRESS,Logixtal,9001,CERRADAS,Entregado,Entregado,NET_AEREYES,SIM,1 sept 2026,1 sept 2026,null,No,CERRADAS,2026-09-02 00:52:09,Monolínea,Mono_item,Lima - Callao,null,Power ilim 79.90 SD N,Power ilim 79.90 SD N
Netcall,1 sept 2026,16,914887088,9148870888166548271552,9283,Outbound,Portabilidad Postpago,EXPRESS,Logixtal,9001,CERRADAS,Entregado,Entregado,NET_MROJASS,SIM,1 sept 2026,1 sept 2026,null,No,CERRADAS,2026-09-02 01:08:04,Multilínea,Multi_item,Lima - Callao,null,Power ilim 79.90 SD N,Power ilim 79.90 SD N
Netcall,2 sept 2026,12,915267496,91526749689511710111071513424,9283,Outbound,Venta Regular / Alta,EXPRESS,Logixtal,9001,CERRADAS,Entregado,Entregado,NET_MMREVILLA,SIM,2 sept 2026,2 sept 2026,null,No,CERRADAS,2026-09-02 14:46:27,Monolínea,Mono_item,Lima - Callao,null,Power 39.90 N,null
Netcall,1 sept 2026,16,914887088,9148870888166548271771,9283,Outbound,Portabilidad Postpago,EXPRESS,Logixtal,9001,CERRADAS,Entregado,Entregado,NET_MROJASS,SIM,1 sept 2026,1 sept 2026,null,No,CERRADAS,2026-09-02 01:08:04,Multilínea,Multi_item,Lima - Callao,null,Power ilim 79.90 SD N,Power ilim 79.90 SD N
Netcall,1 sept 2026,14,914855414,9148554148166199831086,9283,Outbound,Portabilidad Postpago,EXPRESS,Logixtal,9001,CERRADAS,Entregado,Entregado,NET_PCHAVESTAY,SIM,1 sept 2026,1 sept 2026,null,No,CERRADAS,2026-09-02 01:45:12,Monolínea,Mono_item,Lima - Callao,null,Power 59.90 N,Power 59.90 N
Netcall,1 sept 2026,9,914774089,9147740898165372703437,9283,Outbound,Venta Regular / Alta,EXPRESS,Logixtal,9001,CERRADAS,Entregado,Entregado,NET_GCABALLEROC,SIM,1 sept 2026,1 sept 2026,01/09/2026,Sí,CERRADAS,2026-09-01 12:11:28,Monolínea,Mono_item,Lima - Callao,39.9,Power 39.90 N,Power 39.90 N
Netcall,2 sept 2026,13,915295584,91529558489511710111073720811,5299,Outbound,Portabilidad Postpago,EXPRESS,Logixtal,9001,ABIERTAS,Entregado,Entregado,NET_JBOZAC,SIM,2 sept 2026,null,null,No,ABIERTAS,null,Multilínea,Mono_item,Lima - Callao,null,null,null
Netcall,1 sept 2026,18,914939440,9149394408167095790626,9283,Outbound,Portabilidad Postpago,PROGRAMADO,Logixtal,9356,ABIERTAS,Pendiente Entrega,Pendiente Entrega,NET_AARNAIZA,SIM,2 sept 2026,null,null,No,ABIERTAS,null,Monolínea,Mono_item,Moquegua,null,null,Power 59.90 N
Netcall,1 sept 2026,9,914766666,9147666668165303463556,9283,Outbound,Portabilidad Postpago,EXPRESS,Logixtal,9345,CANCELADAS,Anulado,CLIENTE YA NO DESEA PRODUCTO,NET_VCARMENG,SIM,1 sept 2026,null,null,No,CANCELADAS,2026-09-01 11:26:10,Monolínea,Mono_item,Ica,null,null,Power ilim 79.90 SD N
Netcall,1 sept 2026,9,914760515,9147605158165303423353,9283,Outbound,Portabilidad Postpago,EXPRESS,Logixtal,9345,CANCELADAS,Anulado,CLIENTE YA NO DESEA PRODUCTO,NET_VCARMENG,SIM,1 sept 2026,null,null,No,CANCELADAS,2026-09-01 11:26:09,Monolínea,Mono_item,Ica,null,null,Power ilim 79.90 SD N
Netcall,1 sept 2026,17,914911213,9149112138166811790354,9283,Outbound,Venta Regular / Alta,PROGRAMADO,Logixtal,5023,ABIERTAS,Pendiente Entrega,Pendiente Entrega,NET_SSALAZARV,SIM,2 sept 2026,null,null,No,ABIERTAS,null,Monolínea,Mono_item,La Libertad,null,null,Power ilim 69.90 N
Netcall,2 sept 2026,10,915243407,91524340789511710111068681986,9283,Outbound,Portabilidad Postpago,PROGRAMADO,Logixtal,5023,ABIERTAS,Pendiente Entrega,Pendiente de Picking,TLV_NET_DCABEZU,SIM,5 sept 2026,null,null,No,ABIERTAS,null,Monolínea,Mono_item,La Libertad,null,null,null
Netcall,1 sept 2026,13,914836988,9148369888165997207532,9283,Outbound,Portabilidad Postpago,PROGRAMADO,Logixtal,5022,ABIERTAS,Pendiente Entrega,Pendiente Entrega,NET_EMMENDIZF,SIM,2 sept 2026,null,null,No,ABIERTAS,null,Multilínea,Mono_item,Arequipa,null,null,Power ilim 79.90 SD N
Netcall,2 sept 2026,12,915268475,91526847589511710111070709767,9283,Outbound,Portabilidad Postpago,PROGRAMADO,Logixtal,5022,ABIERTAS,Pendiente Entrega,Pendiente de Picking,NET_JCHAVEZC,SIM,3 sept 2026,null,null,No,ABIERTAS,null,Monolínea,Mono_item,Arequipa,null,null,null
Netcall,1 sept 2026,14,914865430,9148654308166298989961,9283,Outbound,Portabilidad Postpago,PROGRAMADO,Logixtal,5022,ABIERTAS,Pendiente Entrega,Pendiente Entrega,NET_EMMENDIZF,SIM,2 sept 2026,null,null,No,ABIERTAS,null,Multilínea,Mono_item,Arequipa,null,null,Power ilim 79.90 SD N
Netcall,1 sept 2026,14,914866234,9148662348166315961139,9283,Outbound,Portabilidad Postpago,PROGRAMADO,Logixtal,5022,ABIERTAS,Pendiente Entrega,Pendiente Entrega,NET_EMMENDIZF,SIM,2 sept 2026,null,null,No,ABIERTAS,null,Multilínea,Mono_item,Arequipa,null,null,Power ilim 79.90 SD N
Netcall,1 sept 2026,14,914867136,9148671368166326931365,9283,Outbound,Portabilidad Postpago,PROGRAMADO,Logixtal,5022,ABIERTAS,Pendiente Entrega,Pendiente Entrega,NET_EMMENDIZF,SIM,2 sept 2026,null,null,No,ABIERTAS,null,Multilínea,Mono_item,Arequipa,null,null,Power ilim 79.90 SD N
Netcall,2 sept 2026,14,915307511,91530751189511710111069297899,9271,Outbound,Portabilidad Postpago,EXPRESS,Retiro en tienda,9353,ABIERTAS,Entregado,Entregado,NET_JVILLANUEVL,SIM,2 sept 2026,null,null,No,ABIERTAS,null,Multilínea,Mono_item,Huanuco,null,null,null
Netcall,2 sept 2026,14,915308616,91530861689511710111069297980,9271,Outbound,Portabilidad Postpago,EXPRESS,Retiro en tienda,9353,ABIERTAS,Entregado,Entregado,NET_JVILLANUEVL,SIM,2 sept 2026,null,null,No,ABIERTAS,null,Multilínea,Mono_item,Huanuco,null,null,null
Netcall,2 sept 2026,9,915224663,91522466389511710111071482166,9283,Outbound,Portabilidad Postpago,EXPRESS,Logixtal,9001,ABIERTAS,Entregado,Entregado,NET_EVALDIVIEZO,SIM,2 sept 2026,null,null,No,ABIERTAS,null,Multilínea,Mono_item,Lima - Callao,null,null,null
Netcall,1 sept 2026,17,914910102,9149101028166797759582,9271,Outbound,Portabilidad Postpago,EXPRESS,Logixtal,9001,CERRADAS,Entregado,Entregado,NET_PTORRESR,SIM,1 sept 2026,1 sept 2026,null,No,CERRADAS,2026-09-02 00:39:25,Monolínea,Mono_item,Lima - Callao,null,Power ilim 79.90 SD N,Power ilim 79.90 SD N
Netcall,2 sept 2026,16,915332870,91533287089511710111073920163,9283,Outbound,Portabilidad Postpago,EXPRESS,Logixtal,9001,ABIERTAS,Pendiente Entrega,Pendiente de Picking,NET_CMUNOZC,SIM,3 sept 2026,null,null,No,ABIERTAS,null,Monolínea,Mono_item,Lima - Callao,null,null,null
Netcall,2 sept 2026,9,915223248,91522324889511710111071482182,9283,Outbound,Portabilidad Postpago,EXPRESS,Logixtal,9001,ABIERTAS,Entregado,Entregado,NET_EVALDIVIEZO,SIM,2 sept 2026,null,null,No,ABIERTAS,null,Multilínea,Mono_item,Lima - Callao,null,null,null
Netcall,2 sept 2026,12,915273389,91527338989511710111071482380,9283,Outbound,Portabilidad Postpago,EXPRESS,Logixtal,9001,ABIERTAS,Entregado,Entregado,TLV_NET_CSILVAP,SIM,2 sept 2026,null,null,No,ABIERTAS,null,Monolínea,Mono_item,Lima - Callao,null,null,null
Netcall,2 sept 2026,17,915360755,915360755Empty,9283,Outbound,Portabilidad Postpago,PROGRAMADO,Logixtal,9001,ABIERTAS,Pendiente Entrega,Pendiente de Picking,NET_SSALAZARV,SIM,3 sept 2026,null,null,No,ABIERTAS,null,Monolínea,Mono_item,Lima - Callao,null,null,null
Netcall,1 sept 2026,11,914806575,9148065758165689832538,9271,Outbound,Portabilidad Postpago,EXPRESS,Logixtal,9001,CERRADAS,Entregado,Entregado,NET_MVALIENTES,SIM,1 sept 2026,1 sept 2026,null,No,CERRADAS,2026-09-02 01:26:20,Multilínea,Mono_item,Lima - Callao,null,Power ilim 79.90 SD N,Power ilim 79.90 SD N
Netcall,1 sept 2026,13,914841604,9148416048166042884858,9283,Outbound,Venta Regular / Alta,EXPRESS,Logixtal,9001,CERRADAS,Entregado,Entregado,NET_GFLORESS,SIM,1 sept 2026,1 sept 2026,null,No,CERRADAS,2026-09-01 15:17:11,Monolínea,Mono_item,Lima - Callao,null,Power ilim 79.90 SD N,Power ilim 79.90 SD N
Netcall,1 sept 2026,11,914807964,914807964,9271,Outbound,Portabilidad Postpago,EXPRESS,Logixtal,9001,CERRADAS,Entregado,Entregado,NET_MVALIENTES,SIM,1 sept 2026,1 sept 2026,null,No,CERRADAS,2026-09-02 00:14:02,Multilínea,Mono_item,Lima - Callao,null,Power ilim 79.90 SD N,null
Netcall,2 sept 2026,10,915241189,915241189Empty,9283,Outbound,Portabilidad Postpago,PROGRAMADO,Logixtal,9342,ABIERTAS,Pendiente Entrega,Pendiente de Picking,NET_RCASTANEDAR,SIM,5 sept 2026,null,null,No,ABIERTAS,null,Monolínea,Mono_item,Lima - Callao,null,null,null
Netcall,2 sept 2026,15,915323116,915323116Empty,9283,Outbound,Portabilidad Postpago,RETIRO EN TIENDA,Retiro en tienda,3034,ERROR,Cancelado,Cancelado,NET_GMENDIGUETE,SIM,2 sept 2026,null,null,No,ERROR,null,Monolínea,Mono_item,Puno,null,null,null
Netcall,1 sept 2026,10,914776700,9147767008165404271296,9283,Outbound,Portabilidad Postpago,PROGRAMADO,Logixtal,9351,ABIERTAS,Pendiente Entrega,Pendiente Entrega,NET_JRAMIREZQ,SIM,2 sept 2026,null,null,No,ABIERTAS,null,Monolínea,Mono_item,Puno,null,null,Power 59.90 N
Netcall,1 sept 2026,13,914845800,9148458008166093407322,5299,Outbound,Portabilidad Postpago,EXPRESS,Logixtal,9351,CERRADAS,Entregado,Entregado,NET_JBOZAC,SIM,1 sept 2026,1 sept 2026,null,No,CERRADAS,2026-09-02 00:51:09,Monolínea,Mono_item,Puno,null,Power 59.90 N,Power 59.90 N
Netcall,2 sept 2026,12,915280780,91528078089511710111070966441,9283,Outbound,Portabilidad Postpago,EXPRESS,Retiro en tienda,9351,ABIERTAS,Entregado,Entregado,NET_LOPEZDI,SIM,2 sept 2026,null,null,No,ABIERTAS,null,Monolínea,Mono_item,Puno,null,null,null
Netcall,2 sept 2026,12,915270380,915270380Empty,9283,Outbound,Portabilidad Postpago,PROGRAMADO,Retiro en tienda,9351,ABIERTAS,Pendiente Entrega,Pendiente Entrega,NET_GHERRERAG,SIM,4 sept 2026,null,null,No,ABIERTAS,null,Monolínea,Mono_item,Puno,null,null,null
Netcall,2 sept 2026,14,915302372,91530237289511710111070966409,9271,Outbound,Portabilidad Postpago,EXPRESS,Retiro en tienda,9351,ABIERTAS,Entregado,Entregado,NET_STANANTAM,SIM,2 sept 2026,null,null,No,ABIERTAS,null,Monolínea,Mono_item,Puno,null,null,null
Netcall,1 sept 2026,10,914782523,9147825238165453185841,9283,Outbound,Portabilidad Postpago,EXPRESS,Logixtal,9351,CERRADAS,Entregado,Entregado,NET_JCAVEROC,SIM,1 sept 2026,1 sept 2026,null,No,CERRADAS,2026-09-02 01:39:32,Monolínea,Mono_item,Puno,null,Power 59.90 N,Power 59.90 N
Netcall,1 sept 2026,15,914877205,9148772058166435202039,9283,Outbound,Portabilidad Postpago,PROGRAMADO,Logixtal,9351,ABIERTAS,Pendiente Entrega,Pendiente Entrega,NET_AMORALEST,SIM,3 sept 2026,null,null,No,ABIERTAS,null,Monolínea,Mono_item,Puno,null,null,Power ilim 79.90 SD N
Netcall,1 sept 2026,11,914748702,914748702,9283,Outbound,Portabilidad Postpago,RETIRO EN TIENDA,Retiro en tienda,3034,CERRADAS,Entregado,Entregado,NET_SBENITESL,SIM,1 sept 2026,1 sept 2026,null,No,CERRADAS,2026-09-02 00:17:39,Multilínea,Mono_item,Puno,null,Power ilim 79.90 SD N,null
Netcall,2 sept 2026,11,915259999,91525999989511710111070968769,9283,Outbound,Portabilidad Postpago,EXPRESS,Retiro en tienda,9351,ABIERTAS,Entregado,Entregado,NET_RGUTIERREZS,SIM,2 sept 2026,null,null,No,ABIERTAS,null,Multilínea,Mono_item,Puno,null,null,null
Netcall,2 sept 2026,11,915258725,91525872589511710111070968777,9283,Outbound,Portabilidad Postpago,EXPRESS,Retiro en tienda,9351,ABIERTAS,Entregado,Entregado,NET_RGUTIERREZS,SIM,2 sept 2026,null,null,No,ABIERTAS,null,Multilínea,Mono_item,Puno,null,null,null
Netcall,2 sept 2026,17,915362969,915362969Empty,9283,Outbound,Portabilidad Postpago,PROGRAMADO,Retiro en tienda,9351,ABIERTAS,Pendiente Entrega,Pendiente Entrega,TLV_NET_JPENAM,SIM,3 sept 2026,null,null,No,ABIERTAS,null,Monolínea,Mono_item,Puno,null,null,null
Netcall,1 sept 2026,11,914743038,9147430388165759953567,9283,Outbound,Portabilidad Postpago,RETIRO EN TIENDA,Retiro en tienda,3034,CERRADAS,Entregado,Entregado,NET_SBENITESL,SIM,1 sept 2026,1 sept 2026,null,No,CERRADAS,2026-09-02 00:52:17,Multilínea,Mono_item,Puno,null,Power ilim 79.90 SD N,Power ilim 79.90 SD N
Netcall,1 sept 2026,12,914832824,914832824,9271,Outbound,Portabilidad Postpago,EXPRESS,Logixtal,9351,CERRADAS,Entregado,Entregado,NET_GHUAMANT,SIM,1 sept 2026,1 sept 2026,null,No,CERRADAS,2026-09-02 00:13:07,Monolínea,Mono_item,Puno,null,Power ilim 79.90 SD N,null
Netcall,1 sept 2026,13,914850749,9148507498166149291853,9289,Outbound,Portabilidad Postpago,EXPRESS,Logixtal,9351,CERRADAS,Entregado,Entregado,TLV_NET_MLANDAR,SIM,1 sept 2026,1 sept 2026,null,No,CERRADAS,2026-09-02 00:51:50,Monolínea,Mono_item,Puno,null,Power ilim 69.90 N,Power ilim 69.90 N
Netcall,1 sept 2026,14,914853698,914853698,9283,Outbound,Portabilidad Postpago,EXPRESS,Logixtal,9355,CERRADAS,Entregado,Entregado,NET_MROJASS,SIM,1 sept 2026,1 sept 2026,null,No,CERRADAS,2026-09-02 00:20:03,Monolínea,Mono_item,Loreto,null,Power ilim 69.90 N,null
Netcall,2 sept 2026,8,915184527,915184527Empty,9283,Outbound,Portabilidad Postpago,PROGRAMADO,Retiro en tienda,9355,ABIERTAS,Pendiente Entrega,Pendiente Entrega,NET_SRAMOSC,SIM,4 sept 2026,null,null,No,ABIERTAS,null,Monolínea,Mono_item,Loreto,null,null,null
Netcall,1 sept 2026,9,914771045,9147710458165342151863,9283,Outbound,Portabilidad Postpago,EXPRESS,Logixtal,9355,CERRADAS,Entregado,Entregado,TLV_NET_MFARFAN,SIM,1 sept 2026,1 sept 2026,null,No,CERRADAS,2026-09-02 01:47:46,Monolínea,Mono_item,Loreto,null,Power ilim 69.90 N,Power ilim 69.90 N
Netcall,1 sept 2026,21,914983311,9149833118167675619160,9283,Outbound,Portabilidad Postpago,PROGRAMADO,Logixtal,9001,ABIERTAS,Pendiente Entrega,Pendiente Entrega,TLV_NET_RSORIAH,SIM,2 sept 2026,null,null,No,ABIERTAS,null,Monolínea,Mono_item,Lima - Callao,null,null,Power 59.90 N
Netcall,2 sept 2026,9,915223133,91522313389511710111071533604,9283,Outbound,Portabilidad Postpago,EXPRESS,Logixtal,9001,ABIERTAS,Entregado,Entregado,NET_SGONZALESF,SIM,2 sept 2026,null,null,No,ABIERTAS,null,Multilínea,Mono_item,Lima - Callao,null,null,null
Netcall,1 sept 2026,11,914808121,9148081218165701674603,9283,Outbound,Portabilidad Postpago,EXPRESS,Logixtal,9001,CERRADAS,Entregado,Entregado,NET_RCASTANEDAR,SIM,1 sept 2026,1 sept 2026,null,No,CERRADAS,2026-09-02 01:30:40,Multilínea,Mono_item,Lima - Callao,null,Power ilim 79.90 SD N,Power ilim 79.90 SD N
Netcall,1 sept 2026,16,914894507,9148945078166627410445,9283,Outbound,Portabilidad Postpago,EXPRESS,Logixtal,9001,ABIERTAS,Pendiente Entrega,Pendiente Entrega,TLV_NET_ECODARL,SIM,1 sept 2026,null,null,No,ABIERTAS,null,Multilínea,Multi_item,Lima - Callao,null,null,Power ilim 79.90 SD N
Netcall,2 sept 2026,13,915299997,91529999789511710101029351266,9283,Outbound,Portabilidad Postpago,EXPRESS,Logixtal,9001,ABIERTAS,Entregado,Entregado,NET_ADOMINGUEZF,SIM,2 sept 2026,null,null,No,ABIERTAS,null,Monolínea,Mono_item,Lima - Callao,null,null,null
Netcall,2 sept 2026,12,915272400,91527240089511710101030123456,9283,Outbound,Portabilidad Postpago,EXPRESS,Logixtal,9001,ABIERTAS,Entregado,Entregado,NET_AARNAIZA,SIM,2 sept 2026,null,null,No,ABIERTAS,null,Monolínea,Mono_item,Lima - Callao,null,null,null
Netcall,1 sept 2026,11,914811905,9148119058165741469122,9283,Outbound,Portabilidad Postpago,EXPRESS,Logixtal,9001,CERRADAS,Entregado,Entregado,NET_LCALDERONC,SIM,1 sept 2026,1 sept 2026,null,No,CERRADAS,2026-09-02 00:45:54,Monolínea,Mono_item,Lima - Callao,null,Power ilim 79.90 SD N,Power ilim 79.90 SD N
Netcall,1 sept 2026,13,914840347,914840347,9271,Outbound,Portabilidad Postpago,EXPRESS,Logixtal,9001,CERRADAS,Entregado,Entregado,NET_SNIMAG,SIM,1 sept 2026,1 sept 2026,null,No,CERRADAS,2026-09-02 00:32:30,Multilínea,Mono_item,Lima - Callao,null,Power ilim 79.90 SD N,null
Netcall,2 sept 2026,17,915360315,91536031589511710111073735835,5299,Outbound,Portabilidad Postpago,EXPRESS,Logixtal,9001,CANCELADAS,Pendiente Entrega,Pendiente de Picking,NET_OLAVADOS,SIM,2 sept 2026,null,null,No,CANCELADAS,2026-09-02 19:25:10,Monolínea,Mono_item,Lima - Callao,null,null,null
Netcall,1 sept 2026,12,914818445,9148184458165812395842,9283,Outbound,Portabilidad Postpago,EXPRESS,Logixtal,9001,ABIERTAS,Pendiente Entrega,Pendiente Entrega,NET_KZAVALETAZ,SIM,1 sept 2026,null,null,No,ABIERTAS,null,Monolínea,Mono_item,Lima - Callao,null,null,Power ilim 69.90 N
Netcall,2 sept 2026,10,915243128,91524312889511710101029982482,9283,Outbound,Portabilidad Postpago,EXPRESS,Logixtal,9001,ABIERTAS,Entregado,Entregado,NET_SCAVEROC,SIM,2 sept 2026,null,null,No,ABIERTAS,null,Monolínea,Mono_item,Lima - Callao,null,null,null
Netcall,1 sept 2026,11,914806466,914806466,9283,Outbound,Portabilidad Postpago,EXPRESS,Logixtal,9001,CERRADAS,Entregado,Entregado,NET_RCASTANEDAR,SIM,1 sept 2026,1 sept 2026,null,No,CERRADAS,2026-09-02 00:25:29,Multilínea,Mono_item,Lima - Callao,null,Power ilim 79.90 SD N,null
Netcall,1 sept 2026,16,914894507,9148945078166627410226,9283,Outbound,Portabilidad Postpago,EXPRESS,Logixtal,9001,ABIERTAS,Pendiente Entrega,Pendiente Entrega,TLV_NET_ECODARL,SIM,1 sept 2026,null,null,No,ABIERTAS,null,Multilínea,Multi_item,Lima - Callao,null,null,Power ilim 79.90 SD N
Netcall,1 sept 2026,15,914880252,9148802528166469866316,9283,Outbound,Portabilidad Postpago,EXPRESS,Logixtal,9001,ABIERTAS,Pendiente Entrega,Pendiente Entrega,NET_GSANCHEZO,SIM,1 sept 2026,null,null,No,ABIERTAS,null,Monolínea,Mono_item,Lima - Callao,null,null,Power 59.90 N
Netcall,2 sept 2026,12,915277289,91527728989511710111071539643,9283,Outbound,Portabilidad Postpago,EXPRESS,Logixtal,9001,ABIERTAS,Entregado,Entregado,TLV_NET_MCHAMBI,SIM,2 sept 2026,null,null,No,ABIERTAS,null,Monolínea,Mono_item,Lima - Callao,null,null,null
Netcall,1 sept 2026,13,914839069,9148390698166017996085,9271,Outbound,Venta Regular / Alta,EXPRESS,Logixtal,9001,CERRADAS,Entregado,Entregado,NET_SNIMAG,SIM,1 sept 2026,1 sept 2026,01/09/2026,Sí,CERRADAS,2026-09-01 14:23:16,Multilínea,Mono_item,Lima - Callao,39.95,Power ilim 79.90 SD N,Power ilim 79.90 SD N
Netcall,2 sept 2026,9,915222365,91522236589511710111071539544,9283,Outbound,Portabilidad Postpago,EXPRESS,Logixtal,9001,ABIERTAS,Entregado,Entregado,NET_SGONZALESF,SIM,2 sept 2026,null,null,No,ABIERTAS,null,Multilínea,Mono_item,Lima - Callao,null,null,null
Netcall,2 sept 2026,14,915315777,91531577789511710101029351241,9283,Outbound,Portabilidad Postpago,EXPRESS,Logixtal,9001,CANCELADAS,Pendiente Entrega,Pendiente de Picking,NET_JRIVADENEIC,SIM,2 sept 2026,null,null,No,CANCELADAS,2026-09-02 15:25:38,Monolínea,Mono_item,Lima - Callao,null,null,null
Netcall,1 sept 2026,10,914788723,9147887238165508208233,9283,Outbound,Portabilidad Postpago,EXPRESS,Logixtal,9001,ABIERTAS,Pendiente Entrega,Pendiente Entrega,NET_AARANAS,SIM,1 sept 2026,null,null,No,ABIERTAS,null,Monolínea,Mono_item,Lima - Callao,null,null,Power ilim 79.90 SD N
Netcall,1 sept 2026,14,914856291,9148562918166210506448,9283,Outbound,Portabilidad Postpago,EXPRESS,Logixtal,9001,CERRADAS,Entregado,Entregado,NET_KBRACOV,SIM,1 sept 2026,1 sept 2026,null,No,CERRADAS,2026-09-02 01:23:47,Monolínea,Mono_item,Lima - Callao,null,Power ilim 79.90 SD N,Power ilim 79.90 SD N
Netcall,2 sept 2026,10,915226688,91522668889511710101029351316,9283,Outbound,Portabilidad Postpago,EXPRESS,Logixtal,9001,ABIERTAS,Entregado,Entregado,NET_VTURKOWSKYG,SIM,2 sept 2026,null,null,No,ABIERTAS,null,Monolínea,Mono_item,Lima - Callao,null,null,null
Netcall,2 sept 2026,15,915331340,91533134089511710111071539650,9283,Outbound,Portabilidad Postpago,EXPRESS,Logixtal,9001,CANCELADAS,Pendiente Entrega,Pendiente de Picking,NET_GSILVAF,SIM,2 sept 2026,null,null,No,CANCELADAS,2026-09-02 16:52:18,Multilínea,Mono_item,Lima - Callao,null,null,null
Netcall,1 sept 2026,11,914803507,9148035078165659940104,9271,Outbound,Venta Regular / Alta,EXPRESS,Logixtal,9001,CANCELADAS,Anulado,DIRECCIÓN ERRADA,NET_SNIMAG,SIM,1 sept 2026,null,null,No,CANCELADAS,2026-09-01 12:40:39,Multilínea,Mono_item,Lima - Callao,null,null,Power ilim 79.90 SD N
Netcall,2 sept 2026,13,915285239,91528523989511710101029351274,9283,Outbound,Portabilidad Postpago,EXPRESS,Logixtal,9001,ABIERTAS,Entregado,Entregado,NET_BDELGADOC,SIM,2 sept 2026,null,null,No,ABIERTAS,null,Monolínea,Mono_item,Lima - Callao,null,null,null
Netcall,2 sept 2026,11,915262521,91526252189511710111071539635,9283,Outbound,Portabilidad Postpago,EXPRESS,Logixtal,9001,CANCELADAS,Pendiente Entrega,Pendiente de Picking,NET_GSILVAF,SIM,2 sept 2026,null,null,No,CANCELADAS,2026-09-02 12:51:03,Multilínea,Mono_item,Lima - Callao,null,null,null
Netcall,1 sept 2026,11,914805565,9148055658165680593490,9271,Outbound,Portabilidad Postpago,EXPRESS,Logixtal,9001,CANCELADAS,Anulado,DIRECCIÓN ERRADA,NET_SNIMAG,SIM,1 sept 2026,null,null,No,CANCELADAS,2026-09-01 12:39:13,Multilínea,Mono_item,Lima - Callao,null,null,Power ilim 79.90 SD N
Netcall,2 sept 2026,10,915236572,91523657289511710101080565218,9283,Outbound,Portabilidad Postpago,PROGRAMADO,Logixtal,9001,ABIERTAS,Pendiente Entrega,Pendiente de Picking,TLV_NET_DCABEZU,SIM,3 sept 2026,null,null,No,ABIERTAS,null,Monolínea,Mono_item,Lima - Callao,null,null,null
Netcall,1 sept 2026,13,914846988,9148469888166113180388,9283,Outbound,Portabilidad Postpago,EXPRESS,Logixtal,9001,ABIERTAS,Pendiente Entrega,Pendiente Entrega,TLV_NET_SVALDEZ,SIM,1 sept 2026,null,null,No,ABIERTAS,null,Monolínea,Mono_item,Lima - Callao,null,null,Power ilim 69.90 N
Netcall,2 sept 2026,13,915294430,91529443089511710111071539684,9283,Outbound,Venta Regular / Alta,EXPRESS,Logixtal,9001,CERRADAS,Entregado,Entregado,TLV_NET_SVALDEZ,SIM,2 sept 2026,2 sept 2026,null,No,CERRADAS,2026-09-02 15:13:46,Multilínea,Mono_item,Lima - Callao,null,Power ilim 79.90 SD N,null
Netcall,2 sept 2026,13,915290359,91529035989511710101029982466,9283,Outbound,Portabilidad Postpago,EXPRESS,Logixtal,9001,ABIERTAS,Pendiente Entrega,Pendiente de Picking,NET_GSILVAF,SIM,2 sept 2026,null,null,No,ABIERTAS,null,Monolínea,Mono_item,Lima - Callao,null,null,null
Netcall,1 sept 2026,17,914906028,9149060288166758295950,9283,Outbound,Portabilidad Postpago,PROGRAMADO,Logixtal,9001,ABIERTAS,Pendiente Entrega,Pendiente Entrega,TLV_NET_DCABEZU,SIM,2 sept 2026,null,null,No,ABIERTAS,null,Monolínea,Mono_item,Lima - Callao,null,null,Power ilim 69.90 N
Netcall,2 sept 2026,13,915295884,91529588489511710111071539676,9283,Outbound,Portabilidad Postpago,EXPRESS,Logixtal,9001,ABIERTAS,Entregado,Entregado,TLV_NET_SVALDEZ,SIM,2 sept 2026,null,null,No,ABIERTAS,null,Multilínea,Mono_item,Lima - Callao,null,null,null
Netcall,2 sept 2026,11,915262006,91526200689511710101029982474,9283,Outbound,Portabilidad Postpago,EXPRESS,Logixtal,9001,ABIERTAS,Pendiente Entrega,Pendiente de Picking,NET_JCHEROO,SIM,2 sept 2026,null,null,No,ABIERTAS,null,Monolínea,Mono_item,Lima - Callao,null,null,null
Netcall,2 sept 2026,16,915341208,91534120889511710111073735546,9283,Outbound,Portabilidad Postpago,EXPRESS,Logixtal,9001,ABIERTAS,Entregado,Entregado,NET_GMENDIGUETE,SIM,2 sept 2026,null,null,No,ABIERTAS,null,Monolínea,Mono_item,Lima - Callao,null,null,null
Netcall,2 sept 2026,14,915311554,91531155489511710111071539692,9283,Outbound,Portabilidad Postpago,EXPRESS,Logixtal,9001,ABIERTAS,Pendiente Entrega,Pendiente de Picking,NET_EZAPATAC,SIM,3 sept 2026,null,null,No,ABIERTAS,null,Monolínea,Mono_item,Lima - Callao,null,null,null
Netcall,2 sept 2026,11,915257419,91525741989511710111069283279,9271,Outbound,Portabilidad Postpago,EXPRESS,Retiro en tienda,9345,ABIERTAS,Pendiente Entrega,Pendiente Entrega,NET_KLGARCIAA,SIM,2 sept 2026,null,null,No,ABIERTAS,null,Monolínea,Mono_item,Ica,null,null,null
Netcall,1 sept 2026,9,914764839,9147648398165286144080,9283,Outbound,Portabilidad Postpago,EXPRESS,Logixtal,9345,ABIERTAS,Anulado,NO UBICA DIRECCION,NET_ARAMOSR,SIM,1 sept 2026,null,null,No,ABIERTAS,null,Monolínea,Mono_item,Ica,null,null,Power ilim 79.90 SD N
Netcall,1 sept 2026,13,914851136,9148511368166147592237,9271,Outbound,Portabilidad Postpago,EXPRESS,Logixtal,9345,CERRADAS,Entregado,Entregado,NET_KTORRESP,SIM,1 sept 2026,1 sept 2026,null,No,CERRADAS,2026-09-02 02:11:28,Monolínea,Mono_item,Ica,null,Power 59.90 N,Power 59.90 N
Netcall,1 sept 2026,14,914867025,9148670258166320944072,9283,Outbound,Portabilidad Postpago,PROGRAMADO,Logixtal,9345,ABIERTAS,Pendiente Entrega,Pendiente Entrega,NET_ADOROTEOSAL,SIM,2 sept 2026,null,null,No,ABIERTAS,null,Multilínea,Mono_item,Ica,null,null,Power ilim 79.90 SD N
Netcall,1 sept 2026,14,914867734,9148677348166323819229,9283,Outbound,Portabilidad Postpago,EXPRESS,Logixtal,9345,ABIERTAS,Anulado,NO UBICA DIRECCION,NET_ADOROTEOSAL,SIM,1 sept 2026,null,null,No,ABIERTAS,null,Multilínea,Mono_item,Ica,null,null,Power ilim 79.90 SD N
Netcall,1 sept 2026,12,914829451,9148294518165917151846,9283,Outbound,Portabilidad Postpago,EXPRESS,Logixtal,9001,CERRADAS,Entregado,Entregado,NET_MCVASQUEZ,SIM,1 sept 2026,1 sept 2026,null,No,CERRADAS,2026-09-02 00:55:57,Monolínea,Mono_item,Lima - Callao,null,Power 59.90 N,Power 59.90 N
Netcall,1 sept 2026,17,914913508,914913508,9283,Outbound,Portabilidad Postpago,EXPRESS,Logixtal,9001,CERRADAS,Entregado,Entregado,NET_LLEONAN,SIM,1 sept 2026,1 sept 2026,null,No,CERRADAS,2026-09-02 00:34:37,Multilínea,Mono_item,Lima - Callao,null,Power ilim 79.90 SD N,null
Netcall,1 sept 2026,17,914915265,9149152658166856725480,9283,Outbound,Venta Regular / Alta,EXPRESS,Logixtal,9001,CERRADAS,Entregado,Entregado,NET_LLEONAN,SIM,1 sept 2026,1 sept 2026,01/09/2026,Sí,CERRADAS,2026-09-01 20:14:04,Multilínea,Mono_item,Lima - Callao,39.95,Power ilim 79.90 SD N,Power ilim 79.90 SD N
Netcall,1 sept 2026,17,914911753,9149117538166824588316,9283,Outbound,Portabilidad Postpago,EXPRESS,Logixtal,9001,CERRADAS,Entregado,Entregado,NET_LLEONAN,SIM,1 sept 2026,1 sept 2026,null,No,CERRADAS,2026-09-02 01:03:16,Multilínea,Mono_item,Lima - Callao,null,Power ilim 79.90 SD N,Power ilim 79.90 SD N
Netcall,1 sept 2026,14,914853834,9148538348166180094467,9283,Outbound,Portabilidad Postpago,EXPRESS,Logixtal,9001,CERRADAS,Entregado,Entregado,NET_AMANRIQUEC,SIM,1 sept 2026,1 sept 2026,null,No,CERRADAS,2026-09-02 01:38:06,Multilínea,Mono_item,Lima - Callao,null,Power ilim 79.90 SD N,Power ilim 79.90 SD N
Netcall,1 sept 2026,14,914854726,9148547268166189914722,9283,Outbound,Portabilidad Postpago,EXPRESS,Logixtal,9001,CERRADAS,Entregado,Entregado,NET_AMANRIQUEC,SIM,1 sept 2026,1 sept 2026,null,No,CERRADAS,2026-09-02 00:47:33,Multilínea,Mono_item,Lima - Callao,null,Power ilim 79.90 SD N,Power ilim 79.90 SD N
Netcall,1 sept 2026,9,914766242,9147662428165300851225,9283,Outbound,Venta Regular / Alta,PROGRAMADO,Logixtal,5024,ABIERTAS,Pendiente Entrega,Pendiente Entrega,NET_ADOROTEOSAL,SIM,2 sept 2026,null,null,No,ABIERTAS,null,Monolínea,Mono_item,Lambayeque,null,null,Power ilim 79.90 SD N
Netcall,1 sept 2026,10,914791644,9147916448165536854870,9283,Outbound,Portabilidad Postpago,PROGRAMADO,Logixtal,5024,ABIERTAS,Pendiente Entrega,Pendiente Entrega,TLV_NET_DVALOI,SIM,2 sept 2026,null,null,No,ABIERTAS,null,Monolínea,Mono_item,Lambayeque,null,null,Power ilim 69.90 N
Netcall,2 sept 2026,17,915363121,91536312189511710111068656962,9283,Outbound,Portabilidad Postpago,PROGRAMADO,Logixtal,5024,ABIERTAS,Pendiente Entrega,Pendiente de Picking,NET_JORTIZV,SIM,9 sept 2026,null,null,No,ABIERTAS,null,Monolínea,Mono_item,Lambayeque,null,null,null
Netcall,1 sept 2026,14,914853397,9148533978166182885737,9283,Outbound,Portabilidad Postpago,EXPRESS,Logixtal,9348,CERRADAS,Entregado,Entregado,TLV_NET_SVALDEZ,SIM,1 sept 2026,1 sept 2026,null,No,CERRADAS,2026-09-02 00:42:04,Monolínea,Mono_item,Tacna,null,Power ilim 69.90 N,Power ilim 69.90 N
Netcall,2 sept 2026,12,915272364,915272364Empty,9283,Outbound,Portabilidad Postpago,RETIRO EN TIENDA,Retiro en tienda,7141,CANCELADAS,Cancelado,Cancelado,TLV_NET_YAQUINO,SIM,2 sept 2026,null,null,No,CANCELADAS,2026-09-02 13:41:33,Multilínea,Mono_item,Piura,null,null,null
Netcall,1 sept 2026,16,914892466,9148924668166599221695,9283,Outbound,Portabilidad Postpago,EXPRESS,Logixtal,5021,CERRADAS,Entregado,Entregado,NET_SPEREZR,SIM,1 sept 2026,1 sept 2026,null,No,CERRADAS,2026-09-02 01:44:32,Monolínea,Mono_item,Piura,null,Power ilim 69.90 N,Power ilim 69.90 N
Netcall,2 sept 2026,15,915320196,91532019689511710111070522681,9283,Outbound,Portabilidad Postpago,EXPRESS,Logixtal,5021,ABIERTAS,Entregado,Entregado,NET_OSANCHEZP,SIM,2 sept 2026,null,null,No,ABIERTAS,null,Multilínea,Mono_item,Piura,null,null,null
Netcall,2 sept 2026,11,915245876,91524587689511710111070509001,9283,Outbound,Portabilidad Postpago,EXPRESS,Logixtal,5021,ABIERTAS,Pendiente Entrega,Pendiente de Picking,NET_PWEILLH,SIM,2 sept 2026,null,null,No,ABIERTAS,null,Monolínea,Mono_item,Piura,null,null,null
Netcall,2 sept 2026,15,915317562,91531756289511710111070522699,9283,Outbound,Portabilidad Postpago,EXPRESS,Logixtal,5021,ABIERTAS,Entregado,Entregado,NET_OSANCHEZP,SIM,2 sept 2026,null,null,No,ABIERTAS,null,Multilínea,Mono_item,Piura,null,null,null
Netcall,2 sept 2026,10,915227495,91522749589511710101047108276,9283,Outbound,Portabilidad Postpago,EXPRESS,Logixtal,5021,ABIERTAS,Entregado,Entregado,NET_ADOROTEOSAL,SIM,2 sept 2026,null,null,No,ABIERTAS,null,Multilínea,Mono_item,Piura,null,null,null
Netcall,2 sept 2026,9,915216764,91521676489511710111070522988,9283,Outbound,Portabilidad Postpago,EXPRESS,Logixtal,5021,ABIERTAS,Entregado,Entregado,NET_KBRACOV,SIM,2 sept 2026,null,null,No,ABIERTAS,null,Multilínea,Mono_item,Piura,null,null,null
Netcall,2 sept 2026,9,915136850,91513685089511710111070522996,9283,Outbound,Portabilidad Postpago,EXPRESS,Logixtal,5021,ABIERTAS,Entregado,Entregado,NET_KBRACOV,SIM,2 sept 2026,null,null,No,ABIERTAS,null,Multilínea,Mono_item,Piura,null,null,null
Netcall,1 sept 2026,11,914813068,9148130688165748136297,9283,Outbound,Portabilidad Postpago,RETIRO EN TIENDA,Retiro en tienda,8008,CANCELADAS,Cancelado,Cancelado,NET_GFLORESS,SIM,1 sept 2026,null,null,No,CANCELADAS,2026-09-01 17:47:00,Monolínea,Mono_item,Piura,null,null,Power ilim 79.90 SD N
Netcall,2 sept 2026,11,915258842,91525884289511710111070509290,9283,Outbound,Portabilidad Postpago,EXPRESS,Logixtal,5021,ABIERTAS,Entregado,Entregado,NET_KAGRAMONTEM,SIM,2 sept 2026,null,null,No,ABIERTAS,null,Multilínea,Mono_item,Piura,null,null,null
Netcall,1 sept 2026,15,914880983,9148809838166480295980,9283,Outbound,Portabilidad Postpago,RETIRO EN TIENDA,Retiro en tienda,7135,CERRADAS,Entregado,Entregado,NET_JSIADEN,SIM,1 sept 2026,1 sept 2026,null,No,CERRADAS,2026-09-02 01:40:02,Monolínea,Mono_item,Piura,null,Power ilim 79.90 SD N,Power ilim 79.90 SD N
Netcall,1 sept 2026,16,914894279,9148942798166625693223,9271,Outbound,Portabilidad Postpago,EXPRESS,Logixtal,5021,CERRADAS,Entregado,Entregado,NET_CGRANADOSC,SIM,1 sept 2026,1 sept 2026,null,No,CERRADAS,2026-09-02 00:46:08,Monolínea,Mono_item,Piura,null,Power ilim 69.90 N,Power ilim 69.90 N
Netcall,2 sept 2026,8,915205889,915205889Empty,9283,Outbound,Portabilidad Postpago,EXPRESS,Logixtal,5021,CANCELADAS,Pendiente Entrega,Pendiente de Picking,NET_ADOROTEOSAL,SIM,2 sept 2026,null,null,No,CANCELADAS,2026-09-02 09:01:22,Multilínea,Mono_item,Piura,null,null,null
Netcall,2 sept 2026,18,915371307,915371307Empty,9283,Outbound,Portabilidad Postpago,RETIRO EN TIENDA,Retiro en tienda,3120,ABIERTAS,Pendiente Entrega,Pendiente Entrega,NET_MORIHUELAQ,SIM,2 sept 2026,null,null,No,ABIERTAS,null,Multilínea,Mono_item,Piura,null,null,null
Netcall,1 sept 2026,12,914826869,9148268698165888786264,9283,Outbound,Portabilidad Postpago,RETIRO EN TIENDA,Retiro en tienda,3120,ABIERTAS,Pendiente Entrega,Pendiente Entrega,NET_AMILTONL,SIM,1 sept 2026,null,null,No,ABIERTAS,null,Monolínea,Mono_item,Piura,null,null,Power 59.90 N
Netcall,1 sept 2026,10,914784146,9147841468165470600295,5299,Outbound,Portabilidad Postpago,RETIRO EN TIENDA,Retiro en tienda,8008,ABIERTAS,Pendiente Entrega,Pendiente Entrega,NET_MCORDOVACRU,SIM,1 sept 2026,null,null,No,ABIERTAS,null,Monolínea,Mono_item,Piura,null,null,Power ilim 69.90 N
Netcall,2 sept 2026,17,915368306,915368306Empty,9283,Outbound,Portabilidad Postpago,RETIRO EN TIENDA,Retiro en tienda,3120,ABIERTAS,Pendiente Entrega,Pendiente Entrega,NET_MORIHUELAQ,SIM,2 sept 2026,null,null,No,ABIERTAS,null,Multilínea,Mono_item,Piura,null,null,null
Netcall,1 sept 2026,12,914829763,914829763,9283,Outbound,Portabilidad Postpago,EXPRESS,Logixtal,5021,CERRADAS,Entregado,Entregado,TLV_NET_LSANCHA,SIM,1 sept 2026,1 sept 2026,null,No,CERRADAS,2026-09-02 00:29:00,Multilínea,Mono_item,Piura,null,Power ilim 79.90 SD N,null
Netcall,2 sept 2026,11,915246308,91524630889511710101047108375,9283,Outbound,Portabilidad Postpago,EXPRESS,Logixtal,5021,ABIERTAS,Entregado,Entregado,TLV_NET_FVALQUI,SIM,2 sept 2026,null,null,No,ABIERTAS,null,Monolínea,Mono_item,Piura,null,null,null
Netcall,2 sept 2026,11,915257712,91525771289511710111070509308,9283,Outbound,Portabilidad Postpago,EXPRESS,Logixtal,5021,ABIERTAS,Entregado,Entregado,NET_KAGRAMONTEM,SIM,2 sept 2026,null,null,No,ABIERTAS,null,Multilínea,Mono_item,Piura,null,null,null
Netcall,2 sept 2026,14,915302940,915302940Empty,9283,Outbound,Portabilidad Postpago,RETIRO EN TIENDA,Retiro en tienda,7135,ABIERTAS,Pendiente Entrega,Pendiente Entrega,NET_MHUAPAYAQ,SIM,2 sept 2026,null,null,No,ABIERTAS,null,Monolínea,Mono_item,Piura,null,null,null
Netcall,2 sept 2026,9,915226131,915226131Empty,9283,Outbound,Portabilidad Postpago,RETIRO EN TIENDA,Retiro en tienda,8008,ABIERTAS,Pendiente Entrega,Pendiente Entrega,NET_EBOZA,SIM,2 sept 2026,null,null,No,ABIERTAS,null,Monolínea,Mono_item,Piura,null,null,null
Netcall,2 sept 2026,15,915323080,915323080Empty,9283,Outbound,Portabilidad Postpago,RETIRO EN TIENDA,Retiro en tienda,8008,ABIERTAS,Pendiente Entrega,Pendiente Entrega,NET_JCHINGAA,SIM,2 sept 2026,null,null,No,ABIERTAS,null,Monolínea,Mono_item,Piura,null,null,null
Netcall,1 sept 2026,15,914879208,914879208,9283,Outbound,Portabilidad Postpago,EXPRESS,Logixtal,5021,CERRADAS,Entregado,Entregado,NET_ZRAMIREZG,SIM,1 sept 2026,1 sept 2026,null,No,CERRADAS,2026-09-02 00:06:17,Monolínea,Mono_item,Piura,null,Power 59.90 N,null
Netcall,1 sept 2026,18,914927779,9149277798166983649903,9283,Outbound,Venta Regular / Alta,RETIRO EN TIENDA,Retiro en tienda,3120,ABIERTAS,Pendiente Entrega,Pendiente Entrega,NET_YNEYRAM,SIM,1 sept 2026,null,null,No,ABIERTAS,null,Monolínea,Mono_item,Piura,null,null,Power 39.90 N
Netcall,1 sept 2026,12,914831123,914831123,9283,Outbound,Portabilidad Postpago,EXPRESS,Logixtal,5021,CERRADAS,Entregado,Entregado,TLV_NET_LSANCHA,SIM,1 sept 2026,1 sept 2026,null,No,CERRADAS,2026-09-02 00:38:13,Multilínea,Mono_item,Piura,null,Power ilim 79.90 SD N,null
Netcall,2 sept 2026,17,915359354,915359354Empty,9283,Outbound,Portabilidad Postpago,RETIRO EN TIENDA,Retiro en tienda,3027,ABIERTAS,Pendiente Entrega,Pendiente Entrega,TLV_NET_YQUITOV,SIM,2 sept 2026,null,null,No,ABIERTAS,null,Monolínea,Mono_item,Piura,null,null,null
Netcall,2 sept 2026,11,915256825,91525682589511710111070508722,9283,Outbound,Portabilidad Postpago,PROGRAMADO,Logixtal,5021,ABIERTAS,Pendiente Entrega,Pendiente de Picking,NET_EGOMEZB,SIM,4 sept 2026,null,null,No,ABIERTAS,null,Monolínea,Mono_item,Piura,null,null,null
Netcall,1 sept 2026,16,914885032,9148850328166523912556,9271,Outbound,Portabilidad Postpago,RETIRO EN TIENDA,Retiro en tienda,3120,ABIERTAS,Pendiente Entrega,Pendiente Entrega,NET_SNIMAG,SIM,1 sept 2026,null,null,No,ABIERTAS,null,Monolínea,Mono_item,Piura,null,null,Power ilim 69.90 N
Netcall,2 sept 2026,16,915345230,915345230Empty,9283,Outbound,Portabilidad Postpago,RETIRO EN TIENDA,Retiro en tienda,3027,ABIERTAS,Pendiente Entrega,Pendiente Entrega,NET_AMILTONL,SIM,2 sept 2026,null,null,No,ABIERTAS,null,Monolínea,Mono_item,Piura,null,null,null
Netcall,1 sept 2026,12,914826390,9148263908165883671123,9271,Outbound,Portabilidad Postpago,EXPRESS,Logixtal,5021,ABIERTAS,Pendiente Entrega,Pendiente Entrega,NET_EQUIROZH,SIM,1 sept 2026,null,null,No,ABIERTAS,null,Monolínea,Mono_item,Piura,null,null,Power ilim 79.90 SD N
Netcall,1 sept 2026,10,914779032,9147790328165424292819,5299,Outbound,Portabilidad Postpago,RETIRO EN TIENDA,Retiro en tienda,8008,ABIERTAS,Pendiente Entrega,Pendiente Entrega,NET_MCORDOVACRU,SIM,1 sept 2026,null,null,No,ABIERTAS,null,Monolínea,Mono_item,Piura,null,null,Power ilim 69.90 N
Netcall,1 sept 2026,12,914828717,914828717,9283,Outbound,Portabilidad Postpago,EXPRESS,Logixtal,9345,CERRADAS,Entregado,Entregado,NET_JSANGAMA,SIM,1 sept 2026,1 sept 2026,null,No,CERRADAS,2026-09-02 00:20:56,Multilínea,Mono_item,Ica,null,Power ilim 79.90 SD N,null
Netcall,2 sept 2026,16,915339593,91533959389511710111070339466,9283,Outbound,Portabilidad Postpago,EXPRESS,Retiro en tienda,9345,CANCELADAS,Cancelado,Cancelado,NET_AYROJASS,SIM,2 sept 2026,null,null,No,CANCELADAS,2026-09-02 18:25:24,Monolínea,Mono_item,Ica,null,null,null
Netcall,1 sept 2026,14,914865592,9148655928166309867147,9283,Outbound,Portabilidad Postpago,PROGRAMADO,Logixtal,9345,ABIERTAS,Pendiente Entrega,Pendiente Entrega,NET_AYROJASS,SIM,2 sept 2026,null,null,No,ABIERTAS,null,Monolínea,Mono_item,Ica,null,null,Power 59.90 N
Netcall,2 sept 2026,13,915300339,91530033989511710111070339375,9283,Outbound,Portabilidad Postpago,EXPRESS,Retiro en tienda,9345,ABIERTAS,Entregado,Entregado,NET_FRIVERAO,SIM,2 sept 2026,null,null,No,ABIERTAS,null,Monolínea,Mono_item,Ica,null,null,null
Netcall,1 sept 2026,12,914833437,9148334378165965918696,9283,Outbound,Portabilidad Postpago,PROGRAMADO,Logixtal,9345,ABIERTAS,Pendiente Entrega,Pendiente Entrega,NET_ACONTRERASG,SIM,2 sept 2026,null,null,No,ABIERTAS,null,Monolínea,Mono_item,Ica,null,null,Power ilim 79.90 SD N
Netcall,1 sept 2026,9,914774401,9147744018165379560052,9283,Outbound,Portabilidad Postpago,EXPRESS,Logixtal,9345,CANCELADAS,Anulado,CLIENTE DESISTE - NO BRINDA MOTIVOS,NET_JSANGAMA,SIM,1 sept 2026,null,null,No,CANCELADAS,2026-09-01 11:24:39,Multilínea,Mono_item,Ica,null,null,Power ilim 79.90 SD N
Netcall,1 sept 2026,11,914815332,914815332,9283,Outbound,Portabilidad Postpago,EXPRESS,Logixtal,9345,CERRADAS,Entregado,Entregado,NET_JQUINECHEB,SIM,1 sept 2026,1 sept 2026,null,No,CERRADAS,2026-09-02 00:03:58,Monolínea,Mono_item,Ica,null,Power 59.90 N,null
Netcall,2 sept 2026,9,915221796,91522179689511710111070339292,9283,Outbound,Portabilidad Postpago,EXPRESS,Retiro en tienda,9345,ABIERTAS,Pendiente Entrega,Pendiente Entrega,NET_AAFLORESG,SIM,2 sept 2026,null,null,No,ABIERTAS,null,Monolínea,Mono_item,Ica,null,null,null
Netcall,1 sept 2026,17,914913011,9149130118166830493752,9271,Outbound,Portabilidad Postpago,PROGRAMADO,Logixtal,9345,ABIERTAS,Pendiente Entrega,Pendiente Entrega,NET_GHUANCASS,SIM,3 sept 2026,null,null,No,ABIERTAS,null,Monolínea,Mono_item,Ica,null,null,Power ilim 69.90 N
Netcall,1 sept 2026,10,914790793,914790793,9283,Outbound,Portabilidad Postpago,EXPRESS,Logixtal,9345,CERRADAS,Entregado,Entregado,NET_GCABALLEROC,SIM,1 sept 2026,1 sept 2026,null,No,CERRADAS,2026-09-02 00:25:08,Monolínea,Mono_item,Ica,null,Power ilim 69.90 N,null
Netcall,1 sept 2026,12,914822377,9148223778165846176343,9283,Outbound,Portabilidad Postpago,EXPRESS,Logixtal,9345,ABIERTAS,Pendiente Entrega,Pendiente Entrega,TLV_NET_DCABEZU,SIM,1 sept 2026,null,null,No,ABIERTAS,null,Monolínea,Mono_item,Ica,null,null,Power 59.90 N
Netcall,1 sept 2026,6,914669204,9146692048164613907557,9283,Outbound,Portabilidad Postpago,EXPRESS,Logixtal,9345,ABIERTAS,Pendiente Entrega,Pendiente Entrega,NET_KDIAZPISCOY,SIM,1 sept 2026,null,null,No,ABIERTAS,null,Monolínea,Mono_item,Ica,null,null,Power 59.90 N
Netcall,2 sept 2026,8,915201072,91520107289511710111068651690,9283,Outbound,Portabilidad Postpago,PROGRAMADO,Logixtal,5024,ABIERTAS,Pendiente Entrega,Pendiente de Picking,TLV_NET_DVALOI,SIM,4 sept 2026,null,null,No,ABIERTAS,null,Monolínea,Mono_item,Lambayeque,null,null,null
Netcall,2 sept 2026,12,915282030,915282030Empty,9283,Outbound,Portabilidad Postpago,PROGRAMADO,Retiro en tienda,9353,ABIERTAS,Pendiente Entrega,Pendiente Entrega,TLV_NET_YAQUINO,SIM,3 sept 2026,null,null,No,ABIERTAS,null,Monolínea,Mono_item,Huanuco,null,null,null
Netcall,2 sept 2026,12,915270312,91527031289511710111069291637,9283,Outbound,Portabilidad Postpago,EXPRESS,Retiro en tienda,9353,ABIERTAS,Entregado,Entregado,NET_DFRANCIAH,SIM,2 sept 2026,null,null,No,ABIERTAS,null,Monolínea,Mono_item,Huanuco,null,null,null
Netcall,1 sept 2026,13,914852444,914852444,9271,Outbound,Portabilidad Postpago,EXPRESS,Logixtal,9353,CERRADAS,Entregado,Entregado,NET_PHUAMANM,SIM,1 sept 2026,1 sept 2026,null,No,CERRADAS,2026-09-02 00:13:20,Monolínea,Mono_item,Huanuco,null,Power 59.90 N,null
Netcall,2 sept 2026,15,915324438,91532443889511710111069291843,9283,Outbound,Portabilidad Postpago,EXPRESS,Retiro en tienda,9353,ABIERTAS,Entregado,Entregado,NET_MMREVILLA,SIM,2 sept 2026,null,null,No,ABIERTAS,null,Monolínea,Mono_item,Huanuco,null,null,null
Netcall,2 sept 2026,16,915350126,915350126Empty,9283,Outbound,Portabilidad Postpago,RETIRO EN TIENDA,Retiro en tienda,3057,ABIERTAS,Pendiente Entrega,Pendiente Entrega,NET_LMORAO,SIM,2 sept 2026,null,null,No,ABIERTAS,null,Monolínea,Mono_item,Arequipa,null,null,null
Netcall,2 sept 2026,18,915385644,915385644Empty,9283,Outbound,Portabilidad Postpago,RETIRO EN TIENDA,Retiro en tienda,3057,ABIERTAS,Pendiente Entrega,Pendiente Entrega,NET_LCALDERONC,SIM,2 sept 2026,null,null,No,ABIERTAS,null,Monolínea,Mono_item,Arequipa,null,null,null
Netcall,1 sept 2026,18,914934318,9149343188167036580778,9283,Outbound,Portabilidad Postpago,RETIRO EN TIENDA,Retiro en tienda,3057,CERRADAS,Entregado,Entregado,NET_LTVENTURAG,SIM,1 sept 2026,1 sept 2026,null,No,CERRADAS,2026-09-02 01:33:16,Monolínea,Mono_item,Arequipa,null,Power 59.90 N,Power 59.90 N
Netcall,1 sept 2026,18,914937207,914937207,9283,Outbound,Portabilidad Postpago,RETIRO EN TIENDA,Retiro en tienda,3057,CERRADAS,Entregado,Entregado,NET_LTVENTURAG,SIM,1 sept 2026,1 sept 2026,null,No,CERRADAS,2026-09-02 00:20:12,Monolínea,Mono_item,Arequipa,null,Power 59.90 N,null
Netcall,1 sept 2026,7,914680385,9146803858164694880572,9289,Outbound,Portabilidad Postpago,EXPRESS,Logixtal,5022,CERRADAS,Entregado,Entregado,TLV_NET_MLANDAR,SIM,1 sept 2026,1 sept 2026,null,No,CERRADAS,2026-09-02 01:09:36,Monolínea,Mono_item,Arequipa,null,Power 59.90 N,Power 59.90 N
Netcall,2 sept 2026,16,915340366,91534036689511710111070747957,9283,Outbound,Portabilidad Postpago,EXPRESS,Logixtal,5022,ABIERTAS,Entregado,Entregado,NET_JIYASHAMAR,SIM,2 sept 2026,null,null,No,ABIERTAS,null,Monolínea,Mono_item,Arequipa,null,null,null
Netcall,2 sept 2026,13,915289002,91528900289511710111070747981,9283,Outbound,Portabilidad Postpago,EXPRESS,Logixtal,5022,ABIERTAS,Entregado,Entregado,TLV_NET_ECUROS,SIM,2 sept 2026,null,null,No,ABIERTAS,null,Monolínea,Mono_item,Arequipa,null,null,null
Netcall,2 sept 2026,8,915184795,91518479589511710111070714452,9283,Outbound,Portabilidad Postpago,EXPRESS,Logixtal,5022,ABIERTAS,Entregado,Entregado,NET_CIOLAYAR,SIM,2 sept 2026,null,null,No,ABIERTAS,null,Multilínea,Mono_item,Arequipa,null,null,null
Netcall,1 sept 2026,15,914876628,9148766288166431275876,9283,Outbound,Portabilidad Postpago,EXPRESS,Logixtal,5022,CERRADAS,Entregado,Entregado,NET_LMANRIQUED,SIM,1 sept 2026,1 sept 2026,null,No,CERRADAS,2026-09-02 02:02:37,Monolínea,Mono_item,Arequipa,null,Power 59.90 N,Power 59.90 N
Netcall,2 sept 2026,16,915339149,91533914989511710111070747973,9283,Outbound,Portabilidad Postpago,EXPRESS,Logixtal,5022,ABIERTAS,Entregado,Entregado,TLV_NET_JPENAM,SIM,2 sept 2026,null,null,No,ABIERTAS,null,Multilínea,Mono_item,Arequipa,null,null,null
Netcall,2 sept 2026,8,915182124,91518212489511710111070714445,9283,Outbound,Portabilidad Postpago,EXPRESS,Logixtal,5022,ABIERTAS,Entregado,Entregado,NET_CIOLAYAR,SIM,2 sept 2026,null,null,No,ABIERTAS,null,Multilínea,Mono_item,Arequipa,null,null,null
Netcall,1 sept 2026,15,914873017,9148730178166389234635,9301,Outbound,Portabilidad Postpago,PROGRAMADO,Logixtal,5022,ABIERTAS,Pendiente Entrega,Pendiente Entrega,NET_FBARTET,SIM,2 sept 2026,null,null,No,ABIERTAS,null,Multilínea,Mono_item,Arequipa,null,null,Power ilim 79.90 SD N
Netcall,1 sept 2026,12,914817888,9148178888165804510554,9283,Outbound,Portabilidad Postpago,EXPRESS,Logixtal,5022,ABIERTAS,Anulado,CLIENTE AUSENTE,NET_MMORANM,SIM,1 sept 2026,null,null,No,ABIERTAS,null,Monolínea,Mono_item,Arequipa,null,null,Power ilim 79.90 SD N
Netcall,1 sept 2026,15,914868239,9148682398166335855517,9283,Outbound,Portabilidad Postpago,EXPRESS,Logixtal,5022,CERRADAS,Entregado,Entregado,TLV_NET_RSORIAH,SIM,1 sept 2026,1 sept 2026,null,No,CERRADAS,2026-09-02 00:59:08,Monolínea,Mono_item,Arequipa,null,Power ilim 79.90 SD N,Power ilim 79.90 SD N
Netcall,1 sept 2026,13,914839348,9148393488166032226649,9283,Outbound,Portabilidad Postpago,EXPRESS,Logixtal,5022,ABIERTAS,Anulado,CLIENTE AUSENTE,NET_CMDELACRUZV,SIM,1 sept 2026,null,null,No,ABIERTAS,null,Monolínea,Mono_item,Arequipa,null,null,Power ilim 69.90 N
Netcall,1 sept 2026,13,914838530,9148385308166014875947,9283,Outbound,Portabilidad Postpago,EXPRESS,Logixtal,5022,CERRADAS,Entregado,Entregado,NET_AARNAIZA,SIM,1 sept 2026,1 sept 2026,null,No,CERRADAS,2026-09-02 00:47:58,Monolínea,Mono_item,Arequipa,null,Power 59.90 N,Power 59.90 N
Netcall,2 sept 2026,13,915287640,91528764089511710111070747999,9283,Outbound,Portabilidad Postpago,EXPRESS,Logixtal,5022,ABIERTAS,Entregado,Entregado,NET_VMEJIAC,SIM,2 sept 2026,null,null,No,ABIERTAS,null,Monolínea,Mono_item,Arequipa,null,null,null
Netcall,1 sept 2026,11,914801413,9148014138165633394549,9283,Outbound,Portabilidad Postpago,EXPRESS,Logixtal,5022,CERRADAS,Entregado,Entregado,NET_VZEGARRAAGU,SIM,1 sept 2026,1 sept 2026,null,No,CERRADAS,2026-09-02 03:07:14,Monolínea,Mono_item,Arequipa,null,Power ilim 69.90 N,Power ilim 69.90 N
Netcall,1 sept 2026,9,914766765,9147667658165304401161,9271,Outbound,Portabilidad Postpago,EXPRESS,Logixtal,5022,CANCELADAS,Entregado,Entregado,NET_YPAREDESG,SIM,1 sept 2026,1 sept 2026,null,No,CANCELADAS,2026-09-01 22:00:42,Monolínea,Mono_item,Arequipa,null,null,Power 59.90 N
Netcall,2 sept 2026,16,915340436,91534043689511710111070747940,9283,Outbound,Portabilidad Postpago,EXPRESS,Logixtal,5022,ABIERTAS,Entregado,Entregado,TLV_NET_JPENAM,SIM,2 sept 2026,null,null,No,ABIERTAS,null,Multilínea,Mono_item,Arequipa,null,null,null
Netcall,2 sept 2026,16,915333348,91533334889511710111070747775,9283,Outbound,Portabilidad Postpago,EXPRESS,Logixtal,5022,ABIERTAS,Entregado,Entregado,NET_JIYASHAMAR,SIM,2 sept 2026,null,null,No,ABIERTAS,null,Monolínea,Mono_item,Arequipa,null,null,null
Netcall,1 sept 2026,15,914874156,9148741568166401110833,9301,Outbound,Portabilidad Postpago,PROGRAMADO,Logixtal,5022,ABIERTAS,Pendiente Entrega,Pendiente Entrega,NET_FBARTET,SIM,2 sept 2026,null,null,No,ABIERTAS,null,Multilínea,Mono_item,Arequipa,null,null,Power ilim 79.90 SD N
Netcall,1 sept 2026,10,914781147,9147811478165441135459,9283,Outbound,Portabilidad Postpago,EXPRESS,Logixtal,5022,CERRADAS,Entregado,Entregado,NET_MDIAZP,SIM,1 sept 2026,1 sept 2026,null,No,CERRADAS,2026-09-02 02:01:10,Monolínea,Mono_item,Arequipa,null,Power ilim 79.90 SD N,Power ilim 79.90 SD N
Netcall,1 sept 2026,11,914813184,9148131848165748624229,9283,Outbound,Portabilidad Postpago,PROGRAMADO,Logixtal,5024,ABIERTAS,Pendiente Entrega,Pendiente Entrega,NET_SRAMOSC,SIM,2 sept 2026,null,null,No,ABIERTAS,null,Monolínea,Mono_item,Lambayeque,null,null,Power ilim 69.90 N
Netcall,1 sept 2026,11,914803224,9148032248165652534147,9283,Outbound,Portabilidad Postpago,PROGRAMADO,Logixtal,5024,ABIERTAS,Pendiente Entrega,Pendiente Entrega,NET_SRAMOSC,SIM,2 sept 2026,null,null,No,ABIERTAS,null,Multilínea,Multi_item,Lambayeque,null,null,Power ilim 79.90 SD N
Netcall,1 sept 2026,11,914803224,9148032248165655897928,9283,Outbound,Portabilidad Postpago,PROGRAMADO,Logixtal,5024,ABIERTAS,Pendiente Entrega,Pendiente Entrega,NET_SRAMOSC,SIM,2 sept 2026,null,null,No,ABIERTAS,null,Multilínea,Multi_item,Lambayeque,null,null,Power ilim 79.90 SD N
Netcall,1 sept 2026,17,914913016,9149130168166830597004,9283,Outbound,Portabilidad Postpago,RETIRO EN TIENDA,Retiro en tienda,3115,CANCELADAS,Cancelado,Cancelado,NET_KDIAZPISCOY,SIM,1 sept 2026,null,null,No,CANCELADAS,2026-09-01 19:17:41,Multilínea,Mono_item,Pasco,null,null,Power ilim 79.90 SD N
Netcall,2 sept 2026,18,915378387,915378387Empty,9283,Outbound,Portabilidad Postpago,RETIRO EN TIENDA,Retiro en tienda,7151,CANCELADAS,Cancelado,Cancelado,NET_YFLORESR,SIM,2 sept 2026,null,null,No,CANCELADAS,2026-09-02 19:13:44,Monolínea,Mono_item,Pasco,null,null,null
Netcall,1 sept 2026,9,914767798,9147677988165308555336,9271,Outbound,Portabilidad Postpago,RETIRO EN TIENDA,Retiro en tienda,7151,CERRADAS,Entregado,Entregado,NET_KTAYAB,SIM,1 sept 2026,1 sept 2026,null,No,CERRADAS,2026-09-02 01:05:16,Monolínea,Mono_item,Pasco,null,Power ilim 79.90 SD N,Power ilim 79.90 SD N
Netcall,1 sept 2026,16,914886845,9148868458166546279457,9283,Outbound,Portabilidad Postpago,RETIRO EN TIENDA,Retiro en tienda,3115,CANCELADAS,Cancelado,Cancelado,NET_KDIAZPISCOY,SIM,1 sept 2026,null,null,No,CANCELADAS,2026-09-01 18:37:10,Multilínea,Mono_item,Pasco,null,null,Power ilim 79.90 SD N
Netcall,1 sept 2026,15,914876562,9148765628166430916762,9283,Outbound,Portabilidad Postpago,RETIRO EN TIENDA,Retiro en tienda,7151,CERRADAS,Entregado,Entregado,NET_JSANGAMA,SIM,1 sept 2026,1 sept 2026,null,No,CERRADAS,2026-09-02 00:56:39,Multilínea,Mono_item,Pasco,null,Power ilim 79.90 SD N,Power ilim 79.90 SD N
Netcall,1 sept 2026,15,914875279,9148752798166412449173,9283,Outbound,Portabilidad Postpago,RETIRO EN TIENDA,Retiro en tienda,7151,CERRADAS,Entregado,Entregado,NET_JSANGAMA,SIM,1 sept 2026,1 sept 2026,null,No,CERRADAS,2026-09-02 02:01:47,Multilínea,Mono_item,Pasco,null,Power ilim 79.90 SD N,Power ilim 79.90 SD N
Netcall,2 sept 2026,10,915242942,91524294289511710111070510793,9283,Outbound,Portabilidad Postpago,PROGRAMADO,Logixtal,5021,ABIERTAS,Pendiente Entrega,Pendiente de Picking,NET_EBOZA,SIM,4 sept 2026,null,null,No,ABIERTAS,null,Multilínea,Mono_item,Piura,null,null,null
Netcall,2 sept 2026,10,915244420,91524442089511710111070508847,9283,Outbound,Venta Regular / Alta,PROGRAMADO,Logixtal,5021,ABIERTAS,Pendiente Entrega,Pendiente de Picking,NET_EBOZA,SIM,4 sept 2026,null,null,No,ABIERTAS,null,Multilínea,Mono_item,Piura,null,null,null
Netcall,2 sept 2026,10,915243941,91524394189511710111070508821,9283,Outbound,Portabilidad Postpago,PROGRAMADO,Logixtal,5021,ABIERTAS,Pendiente Entrega,Pendiente de Picking,NET_ANCASTROR,SIM,4 sept 2026,null,null,No,ABIERTAS,null,Monolínea,Mono_item,Piura,null,null,null
Netcall,2 sept 2026,9,915225186,91522518689511710121058254785,9271,Outbound,Portabilidad Postpago,EXPRESS,Retiro en tienda,9345,ABIERTAS,Entregado,Entregado,NET_RCEVERINOL,SIM,2 sept 2026,null,null,No,ABIERTAS,null,Monolínea,Mono_item,Ica,null,null,null
Netcall,1 sept 2026,13,914847839,9148478398166116031592,9283,Outbound,Portabilidad Postpago,EXPRESS,Logixtal,9345,CERRADAS,Entregado,Entregado,NET_CIOLAYAR,SIM,1 sept 2026,1 sept 2026,null,No,CERRADAS,2026-09-02 00:42:24,Monolínea,Mono_item,Ica,null,Power 59.90 N,Power 59.90 N
Netcall,1 sept 2026,14,914858559,9148585598166233965582,9283,Outbound,Portabilidad Postpago,PROGRAMADO,Logixtal,9345,ABIERTAS,Pendiente Entrega,Pendiente Entrega,NET_MRIOSA,SIM,2 sept 2026,null,null,No,ABIERTAS,null,Multilínea,Mono_item,Ica,null,null,Power 59.90 N
Netcall,1 sept 2026,10,914788432,9147884328165506964340,9283,Outbound,Portabilidad Postpago,EXPRESS,Logixtal,9345,CANCELADAS,Anulado,POSIBLE FRAUDE,NET_MRIOSA,SIM,1 sept 2026,null,null,No,CANCELADAS,2026-09-01 12:50:12,Multilínea,Mono_item,Ica,null,null,Power 59.90 N
Netcall,1 sept 2026,13,914847200,9148472008166106186078,9271,Outbound,Portabilidad Postpago,EXPRESS,Logixtal,9345,CANCELADAS,Anulado,CLIENTE DESISTE - INFORMACIÓN INCORRECTA,NET_DOLIDENC,SIM,1 sept 2026,null,null,No,CANCELADAS,2026-09-01 16:30:39,Monolínea,Mono_item,Ica,null,null,Power ilim 79.90 SD N
Netcall,1 sept 2026,15,914880820,9148808208166479649823,9271,Outbound,Portabilidad Postpago,PROGRAMADO,Logixtal,9345,ABIERTAS,Pendiente Entrega,Pendiente Entrega,NET_AYZAGUIRREH,SIM,2 sept 2026,null,null,No,ABIERTAS,null,Monolínea,Mono_item,Ica,null,null,Power 59.90 N
Netcall,2 sept 2026,15,915318202,91531820289511710121058253688,9283,Outbound,Portabilidad Postpago,EXPRESS,Retiro en tienda,9345,ABIERTAS,Entregado,Entregado,NET_LCCASTILLO,SIM,2 sept 2026,null,null,No,ABIERTAS,null,Monolínea,Mono_item,Ica,null,null,null
Netcall,1 sept 2026,15,914877146,9148771468166428433444,9283,Outbound,Portabilidad Postpago,PROGRAMADO,Logixtal,9345,ABIERTAS,Pendiente Entrega,Pendiente Entrega,NET_GCABALLEROC,SIM,2 sept 2026,null,null,No,ABIERTAS,null,Multilínea,Mono_item,Ica,null,null,Power ilim 79.90 SD N
Netcall,1 sept 2026,15,914876352,9148763528166429741660,9283,Outbound,Portabilidad Postpago,PROGRAMADO,Logixtal,9345,ABIERTAS,Pendiente Entrega,Pendiente Entrega,NET_GCABALLEROC,SIM,2 sept 2026,null,null,No,ABIERTAS,null,Multilínea,Mono_item,Ica,null,null,Power ilim 79.90 SD N
Netcall,2 sept 2026,11,915252276,91525227689511710111070535477,9283,Outbound,Portabilidad Postpago,PROGRAMADO,Logixtal,5021,ABIERTAS,Pendiente Entrega,Pendiente de Picking,NET_YFLORESR,SIM,3 sept 2026,null,null,No,ABIERTAS,null,Monolínea,Mono_item,Piura,null,null,null
Netcall,2 sept 2026,16,915350983,915350983Empty,9283,Outbound,Portabilidad Postpago,RETIRO EN TIENDA,Retiro en tienda,3161,ABIERTAS,Pendiente Entrega,Pendiente Entrega,TLV_NET_CACEVED,SIM,2 sept 2026,null,null,No,ABIERTAS,null,Multilínea,Mono_item,Piura,null,null,null
Netcall,2 sept 2026,17,915351908,915351908Empty,9283,Outbound,Portabilidad Postpago,RETIRO EN TIENDA,Retiro en tienda,3161,ABIERTAS,Pendiente Entrega,Pendiente Entrega,TLV_NET_CACEVED,SIM,2 sept 2026,null,null,No,ABIERTAS,null,Multilínea,Mono_item,Piura,null,null,null
Netcall,2 sept 2026,13,915293290,915293290Empty,9283,Outbound,Portabilidad Postpago,RETIRO EN TIENDA,Retiro en tienda,3161,ABIERTAS,Pendiente Entrega,Pendiente Entrega,TLV_NET_CSILVAP,SIM,2 sept 2026,null,null,No,ABIERTAS,null,Multilínea,Mono_item,Piura,null,null,null
Netcall,2 sept 2026,13,915294579,915294579Empty,9283,Outbound,Portabilidad Postpago,RETIRO EN TIENDA,Retiro en tienda,3161,ABIERTAS,Pendiente Entrega,Pendiente Entrega,TLV_NET_CSILVAP,SIM,2 sept 2026,null,null,No,ABIERTAS,null,Multilínea,Mono_item,Piura,null,null,null
Netcall,2 sept 2026,18,915374718,915374718Empty,9283,Outbound,Portabilidad Postpago,RETIRO EN TIENDA,Retiro en tienda,3161,ABIERTAS,Pendiente Entrega,Pendiente Entrega,NET_CIOLAYAR,SIM,2 sept 2026,null,null,No,ABIERTAS,null,Monolínea,Mono_item,Piura,null,null,null
Netcall,2 sept 2026,10,915227007,91522700789511710101054359317,9283,Outbound,Portabilidad Postpago,PROGRAMADO,Logixtal,5023,ABIERTAS,Pendiente Entrega,Pendiente de Picking,NET_JIYASHAMAR,SIM,9 sept 2026,null,null,No,ABIERTAS,null,Monolínea,Mono_item,La Libertad,null,null,null
Netcall,2 sept 2026,16,915346525,915346525Empty,9283,Outbound,Portabilidad Postpago,PROGRAMADO,Logixtal,9001,ABIERTAS,Pendiente Entrega,Pendiente de Picking,NET_LNARVAEZR,SIM,5 sept 2026,null,null,No,ABIERTAS,null,Monolínea,Mono_item,Lima - Callao,null,null,null
Netcall,2 sept 2026,16,915334977,915334977Empty,9283,Outbound,Portabilidad Postpago,PROGRAMADO,Logixtal,9001,ABIERTAS,Pendiente Entrega,Pendiente de Picking,NET_JLCASTILLOU,SIM,5 sept 2026,null,null,No,ABIERTAS,null,Multilínea,Mono_item,Lima - Callao,null,null,null
Netcall,2 sept 2026,15,915331929,915331929Empty,9283,Outbound,Portabilidad Postpago,PROGRAMADO,Logixtal,9001,ABIERTAS,Pendiente Entrega,Pendiente de Picking,NET_JLCASTILLOU,SIM,5 sept 2026,null,null,No,ABIERTAS,null,Multilínea,Mono_item,Lima - Callao,null,null,null
Netcall,2 sept 2026,16,915337754,915337754Empty,9283,Outbound,Portabilidad Postpago,PROGRAMADO,Logixtal,9001,ABIERTAS,Pendiente Entrega,Pendiente de Picking,NET_MCELISG,SIM,4 sept 2026,null,null,No,ABIERTAS,null,Monolínea,Mono_item,Lima - Callao,null,null,null
Netcall,2 sept 2026,17,915359568,915359568Empty,9283,Outbound,Portabilidad Postpago,PROGRAMADO,Retiro en tienda,9344,ABIERTAS,Pendiente Entrega,Pendiente Entrega,NET_NRUBIOMARCO,SIM,3 sept 2026,null,null,No,ABIERTAS,null,Multilínea,Mono_item,Ancash,null,null,null
Netcall,2 sept 2026,17,915368202,915368202Empty,9283,Outbound,Portabilidad Postpago,PROGRAMADO,Retiro en tienda,9344,ABIERTAS,Pendiente Entrega,Pendiente Entrega,NET_GHERRERAG,SIM,4 sept 2026,null,null,No,ABIERTAS,null,Monolínea,Mono_item,Ancash,null,null,null
Netcall,1 sept 2026,9,914771825,9147718258165349097405,9283,Outbound,Portabilidad Postpago,EXPRESS,Logixtal,9344,ABIERTAS,Entregado,Entregado,NET_DVILLALOBOS,SIM,1 sept 2026,1 sept 2026,null,No,ABIERTAS,null,Monolínea,Mono_item,Ancash,null,null,Power 59.90 N
Netcall,2 sept 2026,9,915218660,915218660Empty,9283,Outbound,Portabilidad Postpago,PROGRAMADO,Retiro en tienda,9344,ABIERTAS,Pendiente Entrega,Pendiente Entrega,NET_EMACHEROT,SIM,3 sept 2026,null,null,No,ABIERTAS,null,Monolínea,Mono_item,Ancash,null,null,null
Netcall,2 sept 2026,15,915327524,91532752489511710111070998675,9283,Outbound,Venta Regular / Alta,EXPRESS,Retiro en tienda,9344,CERRADAS,Entregado,Entregado,NET_CMENESESV,SIM,2 sept 2026,2 sept 2026,null,No,CERRADAS,2026-09-02 18:17:23,Monolínea,Mono_item,Ancash,null,Power 59.90 N,null
Netcall,2 sept 2026,17,915358292,915358292Empty,9283,Outbound,Portabilidad Postpago,PROGRAMADO,Retiro en tienda,9344,ABIERTAS,Pendiente Entrega,Pendiente Entrega,NET_NRUBIOMARCO,SIM,3 sept 2026,null,null,No,ABIERTAS,null,Multilínea,Mono_item,Ancash,null,null,null
Netcall,1 sept 2026,14,914853339,9148533398166176636815,9283,Outbound,Venta Regular / Alta,PROGRAMADO,Logixtal,9344,ABIERTAS,Pendiente Entrega,Pendiente Entrega,NET_ELAURAQ,SIM,2 sept 2026,null,null,No,ABIERTAS,null,Monolínea,Mono_item,Ancash,null,null,Power 39.90 N
Netcall,1 sept 2026,16,914886975,9148869758166543693364,9283,Outbound,Portabilidad Postpago,PROGRAMADO,Logixtal,9344,ABIERTAS,Pendiente Entrega,Pendiente Entrega,NET_CMENESESV,SIM,2 sept 2026,null,null,No,ABIERTAS,null,Monolínea,Mono_item,Ancash,null,null,Power 59.90 N
Netcall,1 sept 2026,16,914894581,9148945818166629610922,9283,Outbound,Venta Regular / Alta,PROGRAMADO,Logixtal,9344,ABIERTAS,Pendiente Entrega,Pendiente Entrega,NET_JMENDOZAN,SIM,2 sept 2026,null,null,No,ABIERTAS,null,Monolínea,Mono_item,Ancash,null,null,Power ilim 69.90 N
Netcall,1 sept 2026,11,914807071,914807071,9283,Outbound,Portabilidad Postpago,EXPRESS,Logixtal,9344,CERRADAS,Entregado,Entregado,NET_CLOPEZA,SIM,1 sept 2026,1 sept 2026,null,No,CERRADAS,2026-09-02 00:13:26,Monolínea,Mono_item,Ancash,null,Power 59.90 N,null
Netcall,1 sept 2026,13,914848722,9148487228166135400966,9283,Outbound,Portabilidad Postpago,PROGRAMADO,Logixtal,9344,ABIERTAS,Pendiente Entrega,Pendiente Entrega,NET_NCANCHOP,SIM,2 sept 2026,null,null,No,ABIERTAS,null,Monolínea,Mono_item,Ancash,null,null,Power ilim 79.90 SD N
Netcall,1 sept 2026,15,914876747,9148767478166442468449,9283,Outbound,Portabilidad Postpago,EXPRESS,Logixtal,9344,ABIERTAS,Entregado,Entregado,NET_TDILAST,SIM,1 sept 2026,1 sept 2026,null,No,ABIERTAS,null,Monolínea,Mono_item,Ancash,null,null,Power 59.90 N
Netcall,1 sept 2026,18,914932157,9149321578167021213948,5299,Outbound,Portabilidad Postpago,PROGRAMADO,Logixtal,9344,ABIERTAS,Pendiente Entrega,Pendiente Entrega,NET_AREYNOSAC,SIM,2 sept 2026,null,null,No,ABIERTAS,null,Monolínea,Mono_item,Ancash,null,null,Power ilim 79.90 SD N
Netcall,1 sept 2026,14,914855124,9148551248166197346242,9283,Outbound,Venta Regular / Alta,PROGRAMADO,Logixtal,9344,ABIERTAS,Pendiente Entrega,Pendiente Entrega,NET_ELAURAQ,SIM,2 sept 2026,null,null,No,ABIERTAS,null,Monolínea,Mono_item,Ancash,null,null,Power 39.90 N
Netcall,2 sept 2026,17,915356853,915356853Empty,9283,Outbound,Portabilidad Postpago,PROGRAMADO,Retiro en tienda,9344,ABIERTAS,Pendiente Entrega,Pendiente Entrega,NET_NRUBIOMARCO,SIM,3 sept 2026,null,null,No,ABIERTAS,null,Multilínea,Mono_item,Ancash,null,null,null
Netcall,2 sept 2026,16,915290190,915290190Empty,9283,Outbound,Portabilidad Postpago,RETIRO EN TIENDA,Retiro en tienda,3025,ABIERTAS,Pendiente Entrega,Pendiente Entrega,TLV_NET_BRAMIRE,SIM,2 sept 2026,null,null,No,ABIERTAS,null,Monolínea,Mono_item,San Martin,null,null,null
Netcall,2 sept 2026,7,915137321,915137321Empty,9283,Outbound,Portabilidad Postpago,RETIRO EN TIENDA,Retiro en tienda,3025,ABIERTAS,Pendiente Entrega,Pendiente Entrega,TLV_NET_DVALOI,SIM,2 sept 2026,null,null,No,ABIERTAS,null,Multilínea,Mono_item,San Martin,null,null,null
Netcall,2 sept 2026,13,915299516,915299516Empty,9283,Outbound,Portabilidad Postpago,RETIRO EN TIENDA,Retiro en tienda,3025,ABIERTAS,Pendiente Entrega,Pendiente Entrega,NET_JCHAVEZC,SIM,2 sept 2026,null,null,No,ABIERTAS,null,Monolínea,Mono_item,San Martin,null,null,null
Netcall,2 sept 2026,13,915291560,915291560Empty,9283,Outbound,Portabilidad Postpago,RETIRO EN TIENDA,Retiro en tienda,3025,ABIERTAS,Pendiente Entrega,Pendiente Entrega,NET_KDIAZPISCOY,SIM,2 sept 2026,null,null,No,ABIERTAS,null,Multilínea,Mono_item,San Martin,null,null,null
Netcall,2 sept 2026,13,915290064,915290064Empty,9283,Outbound,Portabilidad Postpago,RETIRO EN TIENDA,Retiro en tienda,3025,ABIERTAS,Pendiente Entrega,Pendiente Entrega,NET_KDIAZPISCOY,SIM,2 sept 2026,null,null,No,ABIERTAS,null,Multilínea,Mono_item,San Martin,null,null,null
Netcall,2 sept 2026,7,915137247,915137247Empty,9283,Outbound,Portabilidad Postpago,RETIRO EN TIENDA,Retiro en tienda,3025,ABIERTAS,Pendiente Entrega,Pendiente Entrega,TLV_NET_DVALOI,SIM,2 sept 2026,null,null,No,ABIERTAS,null,Multilínea,Mono_item,San Martin,null,null,null
Netcall,1 sept 2026,15,914870003,9148700038166360320405,9283,Outbound,Portabilidad Postpago,PROGRAMADO,Logixtal,5024,ABIERTAS,Pendiente Entrega,Pendiente Entrega,NET_BCUSQUISIVA,SIM,7 sept 2026,null,null,No,ABIERTAS,null,Monolínea,Mono_item,Lambayeque,null,null,Power ilim 79.90 SD N
Netcall,2 sept 2026,18,915373830,91537383089511710121058124749,9283,Outbound,Portabilidad Postpago,PROGRAMADO,Logixtal,5024,ABIERTAS,Pendiente Entrega,Pendiente de Picking,NET_RCORDOVAC,SIM,3 sept 2026,null,null,No,ABIERTAS,null,Multilínea,Mono_item,Lambayeque,null,null,null
Netcall,2 sept 2026,18,915375228,91537522889511710121058124731,9283,Outbound,Portabilidad Postpago,PROGRAMADO,Logixtal,5024,ABIERTAS,Pendiente Entrega,Pendiente de Picking,NET_RCORDOVAC,SIM,3 sept 2026,null,null,No,ABIERTAS,null,Multilínea,Mono_item,Lambayeque,null,null,null
Netcall,2 sept 2026,13,915294470,91529447089511710101045203905,9283,Outbound,Portabilidad Postpago,EXPRESS,Retiro en tienda,9356,ABIERTAS,Entregado,Entregado,NET_CSALAZARP,SIM,2 sept 2026,null,null,No,ABIERTAS,null,Multilínea,Mono_item,Moquegua,null,null,null
Netcall,2 sept 2026,10,915227400,91522740089511710101045191027,9283,Outbound,Portabilidad Postpago,EXPRESS,Retiro en tienda,9356,CANCELADAS,Cancelado,Cancelado,NET_SBENITOV,SIM,2 sept 2026,null,null,No,CANCELADAS,2026-09-02 17:47:08,Multilínea,Mono_item,Moquegua,null,null,null
Netcall,2 sept 2026,8,915179253,91517925389511710101045191340,9283,Outbound,Portabilidad Postpago,EXPRESS,Retiro en tienda,9356,ABIERTAS,Entregado,Entregado,NET_GCABALLEROC,SIM,2 sept 2026,null,null,No,ABIERTAS,null,Monolínea,Mono_item,Moquegua,null,null,null
Netcall,2 sept 2026,13,915293376,91529337689511710101045203913,9283,Outbound,Portabilidad Postpago,EXPRESS,Retiro en tienda,9356,ABIERTAS,Entregado,Entregado,NET_CSALAZARP,SIM,2 sept 2026,null,null,No,ABIERTAS,null,Multilínea,Mono_item,Moquegua,null,null,null
Netcall,1 sept 2026,17,914915398,9149153988166920188412,5299,Outbound,Portabilidad Postpago,PROGRAMADO,Logixtal,9356,ABIERTAS,Pendiente Entrega,Pendiente Entrega,NET_LVIZCARRARO,SIM,2 sept 2026,null,null,No,ABIERTAS,null,Monolínea,Mono_item,Moquegua,null,null,Power 59.90 N
Netcall,2 sept 2026,10,915228792,91522879289511710101045191035,9283,Outbound,Portabilidad Postpago,EXPRESS,Retiro en tienda,9356,ABIERTAS,Entregado,Entregado,NET_SBENITOV,SIM,2 sept 2026,null,null,No,ABIERTAS,null,Multilínea,Mono_item,Moquegua,null,null,null
Netcall,1 sept 2026,14,914853490,914853490,9283,Outbound,Portabilidad Postpago,EXPRESS,Logixtal,9356,CERRADAS,Entregado,Entregado,TLV_NET_EBULNES,SIM,1 sept 2026,1 sept 2026,null,No,CERRADAS,2026-09-02 00:22:15,Monolínea,Mono_item,Moquegua,null,Power ilim 79.90 SD N,null
Netcall,1 sept 2026,12,914835149,9148351498165975770390,9283,Outbound,Portabilidad Postpago,EXPRESS,Logixtal,9356,CERRADAS,Entregado,Entregado,NET_PYGARCIAG,SIM,1 sept 2026,1 sept 2026,null,No,CERRADAS,2026-09-02 00:51:43,Monolínea,Mono_item,Moquegua,null,Power ilim 79.90 SD N,Power ilim 79.90 SD N
Netcall,1 sept 2026,9,914763332,914763332,9283,Outbound,Portabilidad Postpago,EXPRESS,Logixtal,9356,CERRADAS,Entregado,Entregado,NET_DMORENOL,SIM,1 sept 2026,1 sept 2026,null,No,CERRADAS,2026-09-02 00:18:02,Monolínea,Mono_item,Moquegua,null,Power 59.90 N,null
Netcall,2 sept 2026,10,915241747,91524174789511710101045191381,9283,Outbound,Portabilidad Postpago,EXPRESS,Retiro en tienda,9356,ABIERTAS,Entregado,Entregado,TLV_NET_CACEVED,SIM,2 sept 2026,null,null,No,ABIERTAS,null,Monolínea,Mono_item,Moquegua,null,null,null
Netcall,1 sept 2026,16,914892390,9148923908166597102433,9283,Outbound,Portabilidad Postpago,EXPRESS,Logixtal,9356,CANCELADAS,Anulado,DIRECCIÓN ERRADA,NET_GMENDIGUETE,SIM,1 sept 2026,null,null,No,CANCELADAS,2026-09-01 17:35:39,Multilínea,Mono_item,Moquegua,null,null,Power ilim 79.90 SD N
Netcall,1 sept 2026,11,914812251,9148122518165746249452,9283,Outbound,Portabilidad Postpago,PROGRAMADO,Logixtal,5024,ABIERTAS,Pendiente Entrega,Pendiente Entrega,TLV_NET_KARANDA,SIM,5 sept 2026,null,null,No,ABIERTAS,null,Monolínea,Mono_item,Lambayeque,null,null,Power ilim 79.90 SD N
Netcall,1 sept 2026,10,914787706,9147877068165493763464,9283,Outbound,Portabilidad Postpago,PROGRAMADO,Logixtal,5023,ABIERTAS,Pendiente Entrega,Pendiente Entrega,NET_LDIAZM,SIM,2 sept 2026,null,null,No,ABIERTAS,null,Multilínea,Mono_item,La Libertad,null,null,Power ilim 79.90 SD N
Netcall,1 sept 2026,17,914912506,9149125068166827365879,9283,Outbound,Portabilidad Postpago,PROGRAMADO,Logixtal,5023,ABIERTAS,Pendiente Entrega,Pendiente Entrega,NET_ACREGALADO,SIM,2 sept 2026,null,null,No,ABIERTAS,null,Monolínea,Mono_item,La Libertad,null,null,Power 59.90 N
Netcall,1 sept 2026,10,914785934,9147859348165485192409,9283,Outbound,Venta Regular / Alta,PROGRAMADO,Logixtal,5023,ABIERTAS,Pendiente Entrega,Pendiente Entrega,NET_LDIAZM,SIM,2 sept 2026,null,null,No,ABIERTAS,null,Multilínea,Mono_item,La Libertad,null,null,Power ilim 79.90 SD N
Netcall,2 sept 2026,11,915261136,91526113689511710101080362285,9283,Outbound,Portabilidad Postpago,EXPRESS,Logixtal,9001,ABIERTAS,Entregado,Entregado,NET_DGHERRERA,SIM,2 sept 2026,null,null,No,ABIERTAS,null,Monolínea,Mono_item,Lima - Callao,null,null,null
Netcall,2 sept 2026,16,915345554,91534555489511710111070748153,9271,Outbound,Portabilidad Postpago,EXPRESS,Logixtal,5022,ABIERTAS,Entregado,Entregado,NET_KANGELESS,SIM,2 sept 2026,null,null,No,ABIERTAS,null,Multilínea,Mono_item,Arequipa,null,null,null
Netcall,1 sept 2026,10,914790397,9147903978165530419362,9283,Outbound,Venta Regular / Alta,PROGRAMADO,Logixtal,9001,ABIERTAS,No bop,No bop,NET_GHERRERAG,SIM,3 sept 2026,null,null,No,ABIERTAS,null,Multilínea,Mono_item,Lima - Callao,null,null,Power ilim 79.90 SD N
Netcall,2 sept 2026,14,915308376,91530837689511710101080362228,9283,Outbound,Portabilidad Postpago,EXPRESS,Logixtal,9001,ABIERTAS,Entregado,Entregado,NET_CBIELICHR,SIM,2 sept 2026,null,null,No,ABIERTAS,null,Monolínea,Mono_item,Lima - Callao,null,null,null
Netcall,2 sept 2026,12,915276660,91527666089511710101080362319,9283,Outbound,Portabilidad Postpago,EXPRESS,Logixtal,9001,ABIERTAS,Entregado,Entregado,TLV_NET_CACEVED,SIM,2 sept 2026,null,null,No,ABIERTAS,null,Monolínea,Mono_item,Lima - Callao,null,null,null
Netcall,1 sept 2026,10,914793428,9147934288165557928413,9283,Outbound,Portabilidad Postpago,PROGRAMADO,Logixtal,9001,ABIERTAS,No bop,No bop,NET_GHERRERAG,SIM,3 sept 2026,null,null,No,ABIERTAS,null,Multilínea,Mono_item,Lima - Callao,null,null,Power ilim 79.90 SD N
Netcall,1 sept 2026,17,914905073,9149050738166750569249,9283,Outbound,Portabilidad Postpago,PROGRAMADO,Logixtal,9001,ABIERTAS,Pendiente Entrega,Pendiente Entrega,NET_ATUMEH,SIM,2 sept 2026,null,null,No,ABIERTAS,null,Monolínea,Mono_item,Lima - Callao,null,null,Power 59.90 N
Netcall,1 sept 2026,12,914823082,9148230828165851796064,9283,Outbound,Portabilidad Postpago,EXPRESS,Logixtal,9001,CERRADAS,Entregado,Entregado,NET_MROJASS,SIM,1 sept 2026,1 sept 2026,null,No,CERRADAS,2026-09-02 01:17:30,Monolínea,Mono_item,Lima - Callao,null,Power ilim 69.90 N,Power ilim 69.90 N
Netcall,2 sept 2026,16,915348225,91534822589511710111070748195,9271,Outbound,Portabilidad Postpago,EXPRESS,Logixtal,5022,ABIERTAS,Entregado,Entregado,NET_KANGELESS,SIM,2 sept 2026,null,null,No,ABIERTAS,null,Multilínea,Mono_item,Arequipa,null,null,null
Netcall,2 sept 2026,16,915347221,91534722189511710111070748161,9271,Outbound,Portabilidad Postpago,EXPRESS,Logixtal,5022,ABIERTAS,Entregado,Entregado,NET_KANGELESS,SIM,2 sept 2026,null,null,No,ABIERTAS,null,Multilínea,Mono_item,Arequipa,null,null,null
Netcall,2 sept 2026,10,915230693,91523069389511710101080362269,9283,Outbound,Portabilidad Postpago,EXPRESS,Logixtal,9001,CANCELADAS,Pendiente Entrega,Pendiente de Picking,NET_KGCORTEZP,SIM,2 sept 2026,null,null,No,CANCELADAS,2026-09-02 13:02:51,Monolínea,Mono_item,Lima - Callao,null,null,null
Netcall,2 sept 2026,17,915369191,91536919189511710101029994503,9283,Outbound,Portabilidad Postpago,PROGRAMADO,Logixtal,9001,ABIERTAS,Pendiente Entrega,Pendiente de Picking,NET_AVIVANCOE,SIM,3 sept 2026,null,null,No,ABIERTAS,null,Monolínea,Mono_item,Lima - Callao,null,null,null
Netcall,1 sept 2026,9,914767330,9147673308165311112950,5299,Outbound,Portabilidad Postpago,EXPRESS,Logixtal,9001,CERRADAS,Entregado,Entregado,NET_RCANDIOTTIA,SIM,1 sept 2026,1 sept 2026,null,No,CERRADAS,2026-09-02 01:45:27,Monolínea,Mono_item,Lima - Callao,null,Power ilim 69.90 N,Power ilim 69.90 N
Netcall,2 sept 2026,10,915230381,91523038189511710101080565192,9271,Outbound,Portabilidad Postpago,PROGRAMADO,Logixtal,9001,ABIERTAS,Pendiente Entrega,Pendiente de Picking,NET_CREYESJ,SIM,3 sept 2026,null,null,No,ABIERTAS,null,Monolínea,Mono_item,Lima - Callao,null,null,null
Netcall,2 sept 2026,12,915280717,91528071789511710111073723690,9283,Outbound,Portabilidad Postpago,PROGRAMADO,Logixtal,9001,ABIERTAS,Pendiente Entrega,Pendiente de Picking,NET_JSANGAMA,SIM,3 sept 2026,null,null,No,ABIERTAS,null,Monolínea,Mono_item,Lima - Callao,null,null,null
Netcall,2 sept 2026,12,915283599,91528359989511710111068514559,9283,Outbound,Portabilidad Postpago,PROGRAMADO,Logixtal,9001,ABIERTAS,Pendiente Entrega,Pendiente de Picking,TLV_NET_DCASTIA,SIM,3 sept 2026,null,null,No,ABIERTAS,null,Monolínea,Mono_item,Lima - Callao,null,null,null
Netcall,1 sept 2026,23,915074012,9150740128168309640601,9283,Outbound,Portabilidad Postpago,PROGRAMADO,Logixtal,9001,ABIERTAS,Pendiente Entrega,Pendiente Entrega,TLV_NET_DVALOI,SIM,2 sept 2026,null,null,No,ABIERTAS,null,Monolínea,Mono_item,Lima - Callao,null,null,Power ilim 79.90 SD N
Netcall,1 sept 2026,17,914917685,9149176858166882134993,9283,Outbound,Portabilidad Postpago,PROGRAMADO,Logixtal,9001,ABIERTAS,Pendiente Entrega,Pendiente Entrega,NET_SLAZOB,SIM,2 sept 2026,null,null,No,ABIERTAS,null,Multilínea,Mono_item,Lima - Callao,null,null,Power ilim 79.90 SD N
Netcall,1 sept 2026,17,914915413,9149154138166860353677,9283,Outbound,Portabilidad Postpago,PROGRAMADO,Logixtal,9001,ABIERTAS,Pendiente Entrega,Pendiente Entrega,NET_SLAZOB,SIM,2 sept 2026,null,null,No,ABIERTAS,null,Multilínea,Mono_item,Lima - Callao,null,null,Power ilim 79.90 SD N
Netcall,2 sept 2026,12,915281180,915281180Empty,9283,Outbound,Portabilidad Postpago,RETIRO EN TIENDA,Retiro en tienda,2103,ABIERTAS,Pendiente Entrega,Pendiente Entrega,NET_VOBESOS,SIM,2 sept 2026,null,null,No,ABIERTAS,null,Monolínea,Mono_item,Loreto,null,null,null
Netcall,2 sept 2026,11,915257714,915257714Empty,9283,Outbound,Portabilidad Postpago,RETIRO EN TIENDA,Retiro en tienda,2103,CANCELADAS,Cancelado,Cancelado,TLV_NET_KARANDA,SIM,2 sept 2026,null,null,No,CANCELADAS,2026-09-02 11:50:51,Multilínea,Mono_item,Loreto,null,null,null
Netcall,2 sept 2026,9,915221608,915221608Empty,9283,Outbound,Portabilidad Postpago,RETIRO EN TIENDA,Retiro en tienda,2103,CANCELADAS,Cancelado,Cancelado,TLV_NET_KARANDA,SIM,2 sept 2026,null,null,No,CANCELADAS,2026-09-02 11:31:56,Multilínea,Mono_item,Loreto,null,null,null
Netcall,2 sept 2026,7,915137217,915137217Empty,9283,Outbound,Portabilidad Postpago,RETIRO EN TIENDA,Retiro en tienda,2103,ABIERTAS,Pendiente Entrega,Pendiente Entrega,NET_JIYASHAMAR,SIM,2 sept 2026,null,null,No,ABIERTAS,null,Monolínea,Mono_item,Loreto,null,null,null
Netcall,2 sept 2026,17,915355172,915355172Empty,9283,Outbound,Portabilidad Postpago,RETIRO EN TIENDA,Retiro en tienda,7379,ABIERTAS,Pendiente Entrega,Pendiente Entrega,NET_SBENITOV,SIM,2 sept 2026,null,null,No,ABIERTAS,null,Multilínea,Mono_item,Moquegua,null,null,null
Netcall,1 sept 2026,17,914916997,9149169978166868497457,9283,Outbound,Portabilidad Postpago,RETIRO EN TIENDA,Retiro en tienda,7379,CERRADAS,Entregado,Entregado,NET_GMENDIGUETE,SIM,1 sept 2026,1 sept 2026,null,No,CERRADAS,2026-09-02 02:04:36,Multilínea,Mono_item,Moquegua,null,Power ilim 79.90 SD N,Power ilim 79.90 SD N
Netcall,1 sept 2026,12,914820339,9148203398165825742186,9283,Outbound,Portabilidad Postpago,EXPRESS,Logixtal,5022,CERRADAS,Entregado,Entregado,NET_JSANGAMA,SIM,1 sept 2026,1 sept 2026,null,No,CERRADAS,2026-09-02 00:56:13,Monolínea,Mono_item,Arequipa,null,Power 59.90 N,Power 59.90 N
Netcall,2 sept 2026,14,915304464,91530446489511710111070747734,9283,Outbound,Portabilidad Postpago,EXPRESS,Logixtal,5022,ABIERTAS,Entregado,Entregado,NET_DFRANCIAH,SIM,2 sept 2026,null,null,No,ABIERTAS,null,Multilínea,Mono_item,Arequipa,null,null,null
Netcall,1 sept 2026,13,914846228,9148462288166100177746,9283,Outbound,Portabilidad Postpago,EXPRESS,Logixtal,5022,CERRADAS,Entregado,Entregado,NET_NCASTILLOF,SIM,1 sept 2026,1 sept 2026,null,No,CERRADAS,2026-09-02 01:53:08,Monolínea,Mono_item,Arequipa,null,Power 59.90 N,Power 59.90 N
Netcall,2 sept 2026,11,915256403,91525640389511710111070747700,9283,Outbound,Portabilidad Postpago,EXPRESS,Logixtal,5022,ABIERTAS,Entregado,Entregado,NET_KBRACOV,SIM,2 sept 2026,null,null,No,ABIERTAS,null,Monolínea,Mono_item,Arequipa,null,null,null
Netcall,2 sept 2026,14,915303437,91530343789511710111070747726,9283,Outbound,Portabilidad Postpago,EXPRESS,Logixtal,5022,ABIERTAS,Entregado,Entregado,NET_DFRANCIAH,SIM,2 sept 2026,null,null,No,ABIERTAS,null,Multilínea,Mono_item,Arequipa,null,null,null
Netcall,1 sept 2026,13,914842660,9148426608166058206075,9283,Outbound,Venta Regular / Alta,PROGRAMADO,Logixtal,5021,ABIERTAS,Pendiente Entrega,Pendiente Entrega,NET_SBENITOV,SIM,4 sept 2026,null,null,No,ABIERTAS,null,Multilínea,Mono_item,Piura,null,null,Power ilim 79.90 SD N
Netcall,1 sept 2026,13,914841269,9148412698166041671468,9283,Outbound,Portabilidad Postpago,PROGRAMADO,Logixtal,5021,ABIERTAS,Pendiente Entrega,Pendiente Entrega,NET_SBENITOV,SIM,4 sept 2026,null,null,No,ABIERTAS,null,Multilínea,Mono_item,Piura,null,null,Power ilim 79.90 SD N
Netcall,2 sept 2026,13,915299754,91529975489511710111070519794,9283,Outbound,Portabilidad Postpago,PROGRAMADO,Logixtal,5021,ABIERTAS,Pendiente Entrega,Pendiente de Picking,NET_MGONZALESPE,SIM,4 sept 2026,null,null,No,ABIERTAS,null,Monolínea,Mono_item,Piura,null,null,null
Netcall,2 sept 2026,15,915317786,91531778689511710111070114232,9283,Outbound,Portabilidad Postpago,EXPRESS,Retiro en tienda,9349,CANCELADAS,Cancelado,Cancelado,NET_KYUPANQUIC,SIM,2 sept 2026,null,null,No,CANCELADAS,2026-09-02 16:23:53,Multilínea,Mono_item,Ucayali,null,null,null
Netcall,1 sept 2026,11,914798928,9147989288165613460309,9283,Outbound,Portabilidad Postpago,PROGRAMADO,Logixtal,9349,ABIERTAS,Pendiente Entrega,Pendiente Entrega,NET_TMUNOZCALDE,SIM,2 sept 2026,null,null,No,ABIERTAS,null,Monolínea,Mono_item,Ucayali,null,null,Power 59.90 N
Netcall,1 sept 2026,11,914797201,9147972018165593831061,9283,Outbound,Portabilidad Postpago,PROGRAMADO,Logixtal,9349,ABIERTAS,Pendiente Entrega,Pendiente Entrega,NET_CULLOAC,SIM,2 sept 2026,null,null,No,ABIERTAS,null,Monolínea,Mono_item,Ucayali,null,null,Power 59.90 N
Netcall,2 sept 2026,18,915374274,915374274Empty,9283,Outbound,Portabilidad Postpago,PROGRAMADO,Retiro en tienda,9349,ABIERTAS,Pendiente Entrega,Pendiente Entrega,NET_KYUPANQUIC,SIM,3 sept 2026,null,null,No,ABIERTAS,null,Multilínea,Mono_item,Ucayali,null,null,null
Netcall,2 sept 2026,18,915375939,91537593989511710101030125758,9283,Outbound,Portabilidad Postpago,EXPRESS,Logixtal,9001,ABIERTAS,Entregado,Entregado,NET_MLFERNANDEV,SIM,2 sept 2026,null,null,No,ABIERTAS,null,Monolínea,Mono_item,Lima - Callao,null,null,null
Netcall,2 sept 2026,12,915275378,91527537889511710101080369850,9283,Outbound,Portabilidad Postpago,EXPRESS,Logixtal,9001,ABIERTAS,Entregado,Entregado,TLV_NET_BCHAVEZ,SIM,2 sept 2026,null,null,No,ABIERTAS,null,Monolínea,Mono_item,Lima - Callao,null,null,null
Netcall,1 sept 2026,12,914821760,9148217608165842584744,9283,Outbound,Portabilidad Postpago,EXPRESS,Logixtal,9001,CERRADAS,Entregado,Entregado,NET_CBIELICHR,SIM,1 sept 2026,1 sept 2026,null,No,CERRADAS,2026-09-02 00:51:18,Monolínea,Mono_item,Lima - Callao,null,Power ilim 79.90 SD N,Power ilim 79.90 SD N
Netcall,2 sept 2026,9,915218331,91521833189511710111071090977,9283,Outbound,Portabilidad Postpago,PROGRAMADO,Logixtal,9342,ABIERTAS,Pendiente Entrega,Pendiente de Picking,NET_TMUNOZCALDE,SIM,3 sept 2026,null,null,No,ABIERTAS,null,Monolínea,Mono_item,Lima - Callao,null,null,null
Netcall,2 sept 2026,7,915171460,91517146089511710111073960714,9283,Outbound,Venta Regular / Alta,PROGRAMADO,Logixtal,9342,ABIERTAS,Pendiente Entrega,Pendiente de Picking,NET_JIYASHAMAR,SIM,3 sept 2026,null,null,No,ABIERTAS,null,Monolínea,Mono_item,Lima - Callao,null,null,null
Netcall,2 sept 2026,20,915406008,91540600889511710101029355945,9283,Outbound,Venta Regular / Alta,PROGRAMADO,Logixtal,9001,ABIERTAS,Pendiente Entrega,Pendiente de Picking,NET_JMENDOZAN,SIM,3 sept 2026,null,null,No,ABIERTAS,null,Multilínea,Mono_item,Lima - Callao,null,null,null
Netcall,2 sept 2026,12,915274528,91527452889511710111073905263,9283,Outbound,Portabilidad Postpago,PROGRAMADO,Logixtal,9342,ABIERTAS,Pendiente Entrega,Pendiente de Picking,NET_JVELASQUEZS,SIM,3 sept 2026,null,null,No,ABIERTAS,null,Monolínea,Mono_item,Lima - Callao,null,null,null
Netcall,1 sept 2026,10,914795312,9147953128165572319568,9283,Outbound,Portabilidad Postpago,PROGRAMADO,Logixtal,9342,ABIERTAS,Pendiente Entrega,Pendiente Entrega,NET_VCHIRIA,SIM,2 sept 2026,null,null,No,ABIERTAS,null,Monolínea,Mono_item,Lima - Callao,null,null,Power 59.90 N
Netcall,2 sept 2026,14,915307935,91530793589511710101047720310,9283,Outbound,Portabilidad Postpago,PROGRAMADO,Logixtal,9342,ABIERTAS,Pendiente Entrega,Pendiente de Picking,TLV_NET_MFARFAN,SIM,3 sept 2026,null,null,No,ABIERTAS,null,Monolínea,Mono_item,Lima - Callao,null,null,null
Netcall,2 sept 2026,15,915324205,91532420589511710121058083143,9283,Outbound,Portabilidad Postpago,PROGRAMADO,Logixtal,9342,ABIERTAS,Pendiente Entrega,Pendiente de Picking,TLV_NET_JPENAM,SIM,3 sept 2026,null,null,No,ABIERTAS,null,Monolínea,Mono_item,Lima - Callao,null,null,null
Netcall,2 sept 2026,11,915255665,91525566589511710111071005165,9283,Outbound,Portabilidad Postpago,PROGRAMADO,Logixtal,9342,ABIERTAS,Pendiente Entrega,Pendiente de Picking,NET_ELAURAQ,SIM,3 sept 2026,null,null,No,ABIERTAS,null,Monolínea,Mono_item,Lima - Callao,null,null,null
Netcall,1 sept 2026,11,914806956,9148069568165692303864,9283,Outbound,Portabilidad Postpago,PROGRAMADO,Logixtal,9342,ABIERTAS,Pendiente Entrega,Pendiente Entrega,NET_EZAPATAC,SIM,2 sept 2026,null,null,No,ABIERTAS,null,Monolínea,Mono_item,Lima - Callao,null,null,Power ilim 69.90 N
Netcall,2 sept 2026,14,915309216,91530921689511710111073938140,9283,Outbound,Portabilidad Postpago,PROGRAMADO,Logixtal,9001,ABIERTAS,Pendiente Entrega,Pendiente de Picking,TLV_NET_ECODARL,SIM,3 sept 2026,null,null,No,ABIERTAS,null,Monolínea,Mono_item,Lima - Callao,null,null,null
Netcall,2 sept 2026,14,915309216,91530921689511710111073929990,9283,Outbound,Portabilidad Postpago,PROGRAMADO,Logixtal,9001,ABIERTAS,Pendiente Entrega,Pendiente de Picking,TLV_NET_ECODARL,SIM,3 sept 2026,null,null,No,ABIERTAS,null,Monolínea,Mono_item,Lima - Callao,null,null,null
Netcall,2 sept 2026,19,915396893,91539689389511710101029353452,9283,Outbound,Portabilidad Postpago,PROGRAMADO,Logixtal,9001,ABIERTAS,Pendiente Entrega,Pendiente de Picking,NET_MORIHUELAQ,SIM,3 sept 2026,null,null,No,ABIERTAS,null,Monolínea,Mono_item,Lima - Callao,null,null,null
Netcall,2 sept 2026,12,915275556,91527555689511710101080565499,9283,Outbound,Portabilidad Postpago,PROGRAMADO,Logixtal,9001,ABIERTAS,Pendiente Entrega,Pendiente de Picking,NET_MQUISPEH,SIM,3 sept 2026,null,null,No,ABIERTAS,null,Monolínea,Mono_item,Lima - Callao,null,null,null
Netcall,2 sept 2026,17,915367450,91536745089511710111071482471,9271,Outbound,Venta Regular / Alta,PROGRAMADO,Logixtal,9001,ABIERTAS,Pendiente Entrega,Pendiente de Picking,NET_KANGELESS,SIM,3 sept 2026,null,null,No,ABIERTAS,null,Monolínea,Mono_item,Lima - Callao,null,null,null
Netcall,2 sept 2026,19,915392698,915392698Empty,9283,Outbound,Portabilidad Postpago,PROGRAMADO,Logixtal,9001,ABIERTAS,Pendiente Entrega,Pendiente de Picking,NET_GDELGADO,SIM,4 sept 2026,null,null,No,ABIERTAS,null,Monolínea,Mono_item,Lima - Callao,null,null,null
Netcall,1 sept 2026,16,914891323,9148913238166587806498,9283,Outbound,Portabilidad Postpago,PROGRAMADO,Logixtal,9001,ABIERTAS,Pendiente Entrega,Pendiente Entrega,NET_BAPAZAB,SIM,2 sept 2026,null,null,No,ABIERTAS,null,Monolínea,Mono_item,Lima - Callao,null,null,Power ilim 69.90 N
Netcall,2 sept 2026,10,915241396,91524139689511710101080565275,9283,Outbound,Portabilidad Postpago,PROGRAMADO,Logixtal,9001,ABIERTAS,Pendiente Entrega,Pendiente de Picking,NET_MRIOSA,SIM,3 sept 2026,null,null,No,ABIERTAS,null,Monolínea,Mono_item,Lima - Callao,null,null,null
Netcall,1 sept 2026,0,914592365,9145923658163467879655,9283,Outbound,Portabilidad Postpago,PROGRAMADO,Logixtal,9001,ABIERTAS,Pendiente Entrega,Pendiente Entrega,NET_MMREVILLA,SIM,2 sept 2026,null,null,No,ABIERTAS,null,Monolínea,Mono_item,Lima - Callao,null,null,Power ilim 79.90 SD N
Netcall,2 sept 2026,17,915361806,91536180689511710111071540732,9283,Outbound,Portabilidad Postpago,EXPRESS,Logixtal,9001,ABIERTAS,Pendiente Entrega,Pendiente de Picking,NET_MORIHUELAQ,SIM,3 sept 2026,null,null,No,ABIERTAS,null,Monolínea,Mono_item,Lima - Callao,null,null,null
Netcall,2 sept 2026,12,915270825,91527082589511710101029988943,9283,Outbound,Portabilidad Postpago,EXPRESS,Logixtal,9001,ABIERTAS,Entregado,Entregado,NET_SINGAC,SIM,2 sept 2026,null,null,No,ABIERTAS,null,Monolínea,Mono_item,Lima - Callao,null,null,null
Netcall,1 sept 2026,16,914887759,9148877598166555331901,9283,Outbound,Venta Regular / Alta,EXPRESS,Logixtal,9001,CERRADAS,Entregado,Entregado,NET_PFLOREST,SIM,1 sept 2026,1 sept 2026,01/09/2026,Sí,CERRADAS,2026-09-01 22:01:51,Monolínea,Mono_item,Lima - Callao,39.9,Power 39.90 N,Power 39.90 N
Netcall,1 sept 2026,21,914983595,9149835958167684849225,9283,Outbound,Portabilidad Postpago,PROGRAMADO,Logixtal,9001,ABIERTAS,Pendiente Entrega,Pendiente Entrega,NET_MFERRER,SIM,2 sept 2026,null,null,No,ABIERTAS,null,Monolínea,Mono_item,Lima - Callao,null,null,Power ilim 79.90 SD N
Netcall,1 sept 2026,15,914874109,914874109,9283,Outbound,Portabilidad Postpago,EXPRESS,Logixtal,9001,CERRADAS,Entregado,Entregado,NET_MCVASQUEZ,SIM,1 sept 2026,1 sept 2026,null,No,CERRADAS,2026-09-02 00:19:05,Monolínea,Mono_item,Lima - Callao,null,Power 59.90 N,null
Netcall,2 sept 2026,15,915319266,91531926689511710101030123274,9283,Outbound,Portabilidad Postpago,EXPRESS,Logixtal,9001,ABIERTAS,Pendiente Entrega,Pendiente de Picking,NET_TANCHANTEG,SIM,3 sept 2026,null,null,No,ABIERTAS,null,Monolínea,Mono_item,Lima - Callao,null,null,null
Netcall,2 sept 2026,13,915298472,91529847289511710111071540823,9289,Outbound,Portabilidad Postpago,EXPRESS,Logixtal,9001,ABIERTAS,Entregado,Entregado,TLV_NET_MLANDAR,SIM,2 sept 2026,null,null,No,ABIERTAS,null,Monolínea,Mono_item,Lima - Callao,null,null,null
Netcall,1 sept 2026,11,914669657,9146696578165782176122,9283,Outbound,Portabilidad Postpago,EXPRESS,Logixtal,9001,CERRADAS,Entregado,Entregado,NET_KROJASNAUPA,SIM,1 sept 2026,1 sept 2026,null,No,CERRADAS,2026-09-02 01:18:28,Monolínea,Mono_item,Lima - Callao,null,Power 59.90 N,Power 59.90 N
Netcall,1 sept 2026,17,914919820,914919820,9283,Outbound,Portabilidad Postpago,EXPRESS,Logixtal,9001,CERRADAS,Entregado,Entregado,NET_MZEVALLOSMA,SIM,1 sept 2026,1 sept 2026,null,No,CERRADAS,2026-09-02 00:37:21,Monolínea,Mono_item,Lima - Callao,null,Power 59.90 N,null
Netcall,1 sept 2026,14,914857357,9148573578166218374538,9283,Outbound,Portabilidad Postpago,EXPRESS,Logixtal,9001,CERRADAS,Entregado,Entregado,NET_ARIVERA,SIM,1 sept 2026,1 sept 2026,null,No,CERRADAS,2026-09-02 01:47:38,Multilínea,Mono_item,Lima - Callao,null,Power ilim 79.90 SD N,Power ilim 79.90 SD N
Netcall,2 sept 2026,17,915355310,91535531089511710111071540740,9283,Outbound,Portabilidad Postpago,EXPRESS,Logixtal,9001,ABIERTAS,Entregado,Entregado,TLV_NET_JSOTOZ,SIM,2 sept 2026,null,null,No,ABIERTAS,null,Multilínea,Mono_item,Lima - Callao,null,null,null
Netcall,2 sept 2026,12,915278568,91527856889511710111073730182,9283,Outbound,Portabilidad Postpago,EXPRESS,Logixtal,9001,ABIERTAS,Pendiente Entrega,Pendiente de Picking,NET_CMUNOZC,SIM,5 sept 2026,null,null,No,ABIERTAS,null,Multilínea,Mono_item,Lima - Callao,null,null,null
Netcall,1 sept 2026,14,914856643,9148566438166215006517,9283,Outbound,Portabilidad Postpago,EXPRESS,Logixtal,9001,CERRADAS,Entregado,Entregado,NET_ARIVERA,SIM,1 sept 2026,1 sept 2026,null,No,CERRADAS,2026-09-02 01:41:45,Multilínea,Mono_item,Lima - Callao,null,Power ilim 79.90 SD N,Power ilim 79.90 SD N
Netcall,2 sept 2026,17,915353728,91535372889511710111071540757,9283,Outbound,Venta Regular / Alta,EXPRESS,Logixtal,9001,CERRADAS,Entregado,Entregado,TLV_NET_JSOTOZ,SIM,2 sept 2026,2 sept 2026,null,No,CERRADAS,2026-09-02 20:35:32,Multilínea,Mono_item,Lima - Callao,null,Power ilim 79.90 SD N,null
Netcall,2 sept 2026,12,915275771,91527577189511710111071540864,9283,Outbound,Portabilidad Postpago,EXPRESS,Logixtal,9001,ABIERTAS,Entregado,Entregado,NET_MFERRER,SIM,2 sept 2026,null,null,No,ABIERTAS,null,Monolínea,Mono_item,Lima - Callao,null,null,null
Netcall,2 sept 2026,16,915333773,91533377389511710111071540799,9283,Outbound,Portabilidad Postpago,EXPRESS,Logixtal,9001,ABIERTAS,Entregado,Entregado,NET_JVELASQUEZS,SIM,2 sept 2026,null,null,No,ABIERTAS,null,Monolínea,Mono_item,Lima - Callao,null,null,null
Netcall,1 sept 2026,10,914788987,9147889878165512305124,9283,Outbound,Portabilidad Postpago,EXPRESS,Logixtal,9001,CERRADAS,Entregado,Entregado,NET_YRUEDAMONDR,SIM,1 sept 2026,1 sept 2026,null,No,CERRADAS,2026-09-02 01:41:44,Monolínea,Mono_item,Lima - Callao,null,Power ilim 79.90 SD N,Power ilim 79.90 SD N
Netcall,2 sept 2026,9,915224897,91522489789511710101029955488,9283,Outbound,Portabilidad Postpago,EXPRESS,Logixtal,9001,ABIERTAS,Entregado,Entregado,NET_MORIHUELAQ,SIM,2 sept 2026,null,null,No,ABIERTAS,null,Monolínea,Mono_item,Lima - Callao,null,null,null
Netcall,1 sept 2026,14,914858155,914858155,9283,Outbound,Portabilidad Postpago,EXPRESS,Logixtal,9001,CERRADAS,Entregado,Entregado,NET_ARIVERA,SIM,1 sept 2026,1 sept 2026,null,No,CERRADAS,2026-09-02 00:25:32,Multilínea,Mono_item,Lima - Callao,null,Power ilim 79.90 SD N,null
Netcall,2 sept 2026,11,915252484,91525248489511710111073730216,9283,Outbound,Portabilidad Postpago,EXPRESS,Logixtal,9001,ABIERTAS,Pendiente Entrega,Pendiente de Picking,NET_CMUNOZC,SIM,5 sept 2026,null,null,No,ABIERTAS,null,Multilínea,Mono_item,Lima - Callao,null,null,null
Netcall,1 sept 2026,12,914834753,9148347538165971723376,9283,Outbound,Portabilidad Postpago,EXPRESS,Logixtal,9001,CERRADAS,Entregado,Entregado,NET_JSANGAMA,SIM,1 sept 2026,1 sept 2026,null,No,CERRADAS,2026-09-02 01:10:17,Monolínea,Mono_item,Lima - Callao,null,Power 59.90 N,Power 59.90 N
Netcall,2 sept 2026,14,915302032,91530203289511710101046982473,9283,Outbound,Portabilidad Postpago,EXPRESS,Retiro en tienda,9350,ABIERTAS,Entregado,Entregado,NET_ATORRESP,SIM,2 sept 2026,null,null,No,ABIERTAS,null,Monolínea,Mono_item,Cajamarca,null,null,null
Netcall,1 sept 2026,12,914830950,9148309508165935364040,9283,Outbound,Portabilidad Postpago,PROGRAMADO,Logixtal,9350,ABIERTAS,Pendiente Entrega,Pendiente Entrega,NET_INAVARROI,SIM,5 sept 2026,null,null,No,ABIERTAS,null,Monolínea,Mono_item,Cajamarca,null,null,Power 59.90 N
Netcall,2 sept 2026,17,915363710,915363710Empty,9283,Outbound,Portabilidad Postpago,RETIRO EN TIENDA,Retiro en tienda,7103,ABIERTAS,Pendiente Entrega,Pendiente Entrega,NET_MHUAPAYAQ,SIM,2 sept 2026,null,null,No,ABIERTAS,null,Monolínea,Mono_item,Loreto,null,null,null
Netcall,2 sept 2026,11,915263009,915263009Empty,9283,Outbound,Portabilidad Postpago,RETIRO EN TIENDA,Retiro en tienda,7103,ABIERTAS,Pendiente Entrega,Pendiente Entrega,NET_MROLDANM,SIM,2 sept 2026,null,null,No,ABIERTAS,null,Monolínea,Mono_item,Loreto,null,null,null
Netcall,2 sept 2026,19,915403187,915403187Empty,9283,Outbound,Portabilidad Postpago,RETIRO EN TIENDA,Retiro en tienda,7103,ABIERTAS,Pendiente Entrega,Pendiente Entrega,TLV_NET_BCHAVEZ,SIM,2 sept 2026,null,null,No,ABIERTAS,null,Monolínea,Mono_item,Loreto,null,null,null
Netcall,1 sept 2026,14,914855144,914855144,9283,Outbound,Portabilidad Postpago,EXPRESS,Logixtal,9001,CERRADAS,Entregado,Entregado,NET_YMILLA,SIM,1 sept 2026,1 sept 2026,null,No,CERRADAS,2026-09-02 00:25:15,Multilínea,Mono_item,Lima - Callao,null,Power ilim 79.90 SD N,null
Netcall,1 sept 2026,14,914858219,9148582198166232017897,9283,Outbound,Venta Regular / Alta,EXPRESS,Logixtal,9001,CANCELADAS,Anulado,CLIENTE YA NO DESEA PRODUCTO,NET_YMILLA,SIM,1 sept 2026,null,null,No,CANCELADAS,2026-09-01 19:31:19,Multilínea,Mono_item,Lima - Callao,null,null,Power ilim 79.90 SD N
Netcall,1 sept 2026,14,914856456,9148564568166212040919,9283,Outbound,Portabilidad Postpago,EXPRESS,Logixtal,9001,CANCELADAS,Anulado,CLIENTE YA NO DESEA PRODUCTO,NET_YMILLA,SIM,1 sept 2026,null,null,No,CANCELADAS,2026-09-01 19:31:20,Multilínea,Mono_item,Lima - Callao,null,null,Power ilim 79.90 SD N
Netcall,1 sept 2026,14,914854376,9148543768166182820376,9283,Outbound,Portabilidad Postpago,EXPRESS,Logixtal,9001,CERRADAS,Entregado,Entregado,NET_YMILLA,SIM,1 sept 2026,1 sept 2026,null,No,CERRADAS,2026-09-02 03:19:15,Multilínea,Mono_item,Lima - Callao,null,Power ilim 79.90 SD N,Power ilim 79.90 SD N
Netcall,2 sept 2026,20,915414126,915414126Empty,9283,Outbound,Portabilidad Postpago,PROGRAMADO,Logixtal,9001,ABIERTAS,Pendiente Entrega,Pendiente de Picking,NET_AYROJASS,SIM,3 sept 2026,null,null,No,ABIERTAS,null,Multilínea,Mono_item,Lima - Callao,null,null,null
Netcall,2 sept 2026,13,915289174,91528917489511710101029358436,9283,Outbound,Portabilidad Postpago,EXPRESS,Logixtal,9001,ABIERTAS,Pendiente Entrega,Pendiente de Picking,NET_TMUNOZCALDE,SIM,2 sept 2026,null,null,No,ABIERTAS,null,Multilínea,Mono_item,Lima - Callao,null,null,null
Netcall,2 sept 2026,10,915238078,91523807889511710111069608921,9283,Outbound,Portabilidad Postpago,EXPRESS,Logixtal,9001,ABIERTAS,Entregado,Entregado,NET_VMEJIAC,SIM,2 sept 2026,null,null,No,ABIERTAS,null,Monolínea,Mono_item,Lima - Callao,null,null,null
Netcall,2 sept 2026,16,915339411,91533941189511710111071539197,9283,Outbound,Portabilidad Postpago,EXPRESS,Logixtal,9001,ABIERTAS,Pendiente Entrega,Pendiente de Picking,NET_ECASTILLOH,SIM,3 sept 2026,null,null,No,ABIERTAS,null,Monolínea,Mono_item,Lima - Callao,null,null,null
Netcall,1 sept 2026,16,914895283,9148952838166636145275,9283,Outbound,Portabilidad Postpago,EXPRESS,Logixtal,9001,CANCELADAS,Anulado,DIRECCIÓN ERRADA,NET_BMIRANDAFE,SIM,1 sept 2026,null,null,No,CANCELADAS,2026-09-01 18:03:41,Multilínea,Mono_item,Lima - Callao,null,null,Power ilim 79.90 SD N
Netcall,2 sept 2026,8,915188952,915188952Empty,9283,Outbound,Portabilidad Postpago,RETIRO EN TIENDA,Retiro en tienda,2107,ABIERTAS,Pendiente Entrega,Pendiente Entrega,NET_KARAUJOC,SIM,2 sept 2026,null,null,No,ABIERTAS,null,Monolínea,Mono_item,Lima - Callao,null,null,null
Netcall,2 sept 2026,12,915280928,91528092889511710101080361428,9283,Outbound,Portabilidad Postpago,EXPRESS,Logixtal,9001,ABIERTAS,Entregado,Entregado,NET_ARIVERA,SIM,2 sept 2026,null,null,No,ABIERTAS,null,Monolínea,Mono_item,Lima - Callao,null,null,null
Netcall,2 sept 2026,12,915271012,915271012Empty,9271,Outbound,Portabilidad Postpago,RETIRO EN TIENDA,Retiro en tienda,3032,ABIERTAS,Pendiente Entrega,Pendiente Entrega,NET_EPARDOG,SIM,2 sept 2026,null,null,No,ABIERTAS,null,Monolínea,Mono_item,Lima - Callao,null,null,null
Netcall,2 sept 2026,16,915334809,91533480989511710101080566612,9283,Outbound,Venta Regular / Alta,PROGRAMADO,Logixtal,9001,ABIERTAS,Pendiente Entrega,Pendiente de Picking,NET_AHUAMANZ,SIM,3 sept 2026,null,null,No,ABIERTAS,null,Multilínea,Mono_item,Lima - Callao,null,null,null
Netcall,1 sept 2026,15,914876155,9148761558166423687923,9283,Outbound,Portabilidad Postpago,RETIRO EN TIENDA,Retiro en tienda,5055,CERRADAS,Entregado,Entregado,NET_AYBECERRAS,SIM,1 sept 2026,1 sept 2026,null,No,CERRADAS,2026-09-02 02:02:13,Monolínea,Mono_item,Lima - Callao,null,Power 59.90 N,Power 59.90 N
Netcall,2 sept 2026,8,915181840,91518184089511710101080361436,9283,Outbound,Portabilidad Postpago,EXPRESS,Logixtal,9001,CANCELADAS,Pendiente Entrega,Pendiente de Picking,NET_ADOROTEOSAL,SIM,2 sept 2026,null,null,No,CANCELADAS,2026-09-02 09:40:50,Monolínea,Mono_item,Lima - Callao,null,null,null
Netcall,2 sept 2026,12,915282038,915282038Empty,9283,Outbound,Portabilidad Postpago,RETIRO EN TIENDA,Retiro en tienda,3168,ABIERTAS,Pendiente Entrega,Pendiente Entrega,NET_MMACHACAM,SIM,2 sept 2026,null,null,No,ABIERTAS,null,Multilínea,Mono_item,Lima - Callao,null,null,null
Netcall,2 sept 2026,19,915402411,91540241189511710101029355754,5299,Outbound,Portabilidad Postpago,PROGRAMADO,Logixtal,9001,ABIERTAS,Pendiente Entrega,Pendiente de Picking,NET_CPORRASP,SIM,3 sept 2026,null,null,No,ABIERTAS,null,Monolínea,Mono_item,Lima - Callao,null,null,null
Netcall,1 sept 2026,16,914888614,9148886148166564801321,9283,Outbound,Portabilidad Postpago,RETIRO EN TIENDA,Retiro en tienda,3158,CERRADAS,Entregado,Entregado,NET_VRUIZG,SIM,1 sept 2026,1 sept 2026,null,No,CERRADAS,2026-09-02 00:39:20,Monolínea,Mono_item,Lima - Callao,null,Power ilim 69.90 N,Power ilim 69.90 N
Netcall,2 sept 2026,9,915216174,915216174Empty,9283,Outbound,Portabilidad Postpago,RETIRO EN TIENDA,Retiro en tienda,3160,ABIERTAS,Pendiente Entrega,Pendiente Entrega,NET_BROMANS,SIM,2 sept 2026,null,null,No,ABIERTAS,null,Monolínea,Mono_item,Lima - Callao,null,null,null
Netcall,2 sept 2026,13,915298913,915298913Empty,9283,Outbound,Portabilidad Postpago,RETIRO EN TIENDA,Retiro en tienda,6036,ABIERTAS,Pendiente Entrega,Pendiente Entrega,NET_YCORNEJOA,SIM,2 sept 2026,null,null,No,ABIERTAS,null,Multilínea,Mono_item,Lima - Callao,null,null,null
Netcall,2 sept 2026,16,915334809,91533480989511710101080566604,9283,Outbound,Venta Regular / Alta,PROGRAMADO,Logixtal,9001,ABIERTAS,Pendiente Entrega,Pendiente de Picking,NET_AHUAMANZ,SIM,3 sept 2026,null,null,No,ABIERTAS,null,Multilínea,Mono_item,Lima - Callao,null,null,null
Netcall,2 sept 2026,11,915258929,91525892989511710111071063289,9283,Outbound,Portabilidad Postpago,EXPRESS,Logixtal,9001,CANCELADAS,Pendiente Entrega,Pendiente de Picking,NET_TMUNOZCALDE,SIM,2 sept 2026,null,null,No,CANCELADAS,2026-09-02 12:52:21,Multilínea,Mono_item,Lima - Callao,null,null,null
Netcall,2 sept 2026,12,915266828,915266828Empty,9283,Outbound,Portabilidad Postpago,RETIRO EN TIENDA,Retiro en tienda,6036,ABIERTAS,Pendiente Entrega,Pendiente Entrega,NET_YCORNEJOA,SIM,2 sept 2026,null,null,No,ABIERTAS,null,Multilínea,Mono_item,Lima - Callao,null,null,null
Netcall,2 sept 2026,13,915291562,915291562Empty,9283,Outbound,Venta Regular / Alta,RETIRO EN TIENDA,Retiro en tienda,5055,CERRADAS,Entregado,Entregado,NET_KROJASNAUPA,SIM,2 sept 2026,2 sept 2026,null,No,CERRADAS,2026-09-02 14:00:10,Multilínea,Mono_item,Lima - Callao,null,Power ilim 79.90 SD N,null
Netcall,2 sept 2026,16,915349654,91534965489511710101080566836,9271,Outbound,Venta Regular / Alta,PROGRAMADO,Logixtal,9001,ABIERTAS,Pendiente Entrega,Pendiente de Picking,NET_GHUANCASS,SIM,3 sept 2026,null,null,No,ABIERTAS,null,Monolínea,Mono_item,Lima - Callao,null,null,null
Netcall,2 sept 2026,11,915265871,91526587189511710111073735322,9283,Outbound,Portabilidad Postpago,EXPRESS,Logixtal,9001,ABIERTAS,Entregado,Entregado,NET_SFARIASR,SIM,2 sept 2026,null,null,No,ABIERTAS,null,Monolínea,Mono_item,Lima - Callao,null,null,null
Netcall,2 sept 2026,9,915217454,91521745489511710101080565036,9283,Outbound,Portabilidad Postpago,PROGRAMADO,Logixtal,9001,ABIERTAS,Pendiente Entrega,Pendiente de Picking,NET_MFERRER,SIM,3 sept 2026,null,null,No,ABIERTAS,null,Monolínea,Mono_item,Lima - Callao,null,null,null
Netcall,2 sept 2026,16,915334803,915334803Empty,9271,Outbound,Portabilidad Postpago,RETIRO EN TIENDA,Retiro en tienda,2107,ABIERTAS,Pendiente Entrega,Pendiente Entrega,NET_HJUNCOT,SIM,2 sept 2026,null,null,No,ABIERTAS,null,Multilínea,Mono_item,Lima - Callao,null,null,null
Netcall,2 sept 2026,17,915353410,915353410Empty,9271,Outbound,Portabilidad Postpago,RETIRO EN TIENDA,Retiro en tienda,3032,ABIERTAS,Pendiente Entrega,Pendiente Entrega,NET_EPARDOG,SIM,2 sept 2026,null,null,No,ABIERTAS,null,Monolínea,Mono_item,Lima - Callao,null,null,null
Netcall,2 sept 2026,16,915334641,91533464189511710111073923563,9283,Outbound,Portabilidad Postpago,EXPRESS,Logixtal,9001,ABIERTAS,Pendiente Entrega,Pendiente de Picking,NET_LFIESTASG,SIM,3 sept 2026,null,null,No,ABIERTAS,null,Monolínea,Mono_item,Lima - Callao,null,null,null
Netcall,1 sept 2026,13,914849086,9148490868166128208223,9283,Outbound,Venta Regular / Alta,EXPRESS,Logixtal,9001,CERRADAS,Entregado,Entregado,NET_DNIEVESNIMA,SIM,1 sept 2026,1 sept 2026,01/09/2026,Sí,CERRADAS,2026-09-01 15:58:24,Multilínea,Mono_item,Lima - Callao,39.95,Power ilim 79.90 SD N,Power ilim 79.90 SD N
Netcall,2 sept 2026,13,915293913,915293913Empty,9283,Outbound,Portabilidad Postpago,RETIRO EN TIENDA,Retiro en tienda,3006,ABIERTAS,Pendiente Entrega,Pendiente Entrega,NET_YHUAMAN,SIM,2 sept 2026,null,null,No,ABIERTAS,null,Monolínea,Mono_item,Lima - Callao,null,null,null
Netcall,2 sept 2026,11,915257998,915257998Empty,9271,Outbound,Venta Regular / Alta,RETIRO EN TIENDA,Retiro en tienda,5055,ABIERTAS,Pendiente Entrega,Pendiente Entrega,NET_EQUIROZH,SIM,2 sept 2026,null,null,No,ABIERTAS,null,Multilínea,Mono_item,Lima - Callao,null,null,null
Netcall,2 sept 2026,11,915256906,915256906Empty,9271,Outbound,Venta Regular / Alta,RETIRO EN TIENDA,Retiro en tienda,5055,ABIERTAS,Pendiente Entrega,Pendiente Entrega,NET_EQUIROZH,SIM,2 sept 2026,null,null,No,ABIERTAS,null,Multilínea,Mono_item,Lima - Callao,null,null,null
Netcall,2 sept 2026,14,915302546,915302546Empty,9271,Outbound,Venta Regular / Alta,RETIRO EN TIENDA,Retiro en tienda,3168,ABIERTAS,Pendiente Entrega,Pendiente Entrega,NET_KANGELESS,SIM,2 sept 2026,null,null,No,ABIERTAS,null,Monolínea,Mono_item,Lima - Callao,null,null,null
Netcall,1 sept 2026,18,914922588,9149225888166923217279,9283,Outbound,Portabilidad Postpago,RETIRO EN TIENDA,Retiro en tienda,5055,ABIERTAS,Pendiente Entrega,Pendiente Entrega,NET_JLIL,SIM,1 sept 2026,null,null,No,ABIERTAS,null,Monolínea,Mono_item,Lima - Callao,null,null,Power ilim 69.90 N
Netcall,1 sept 2026,18,914924743,9149247438166947778033,9283,Outbound,Portabilidad Postpago,EXPRESS,Logixtal,9001,ABIERTAS,Pendiente Entrega,Pendiente Entrega,NET_MMREVILLA,SIM,1 sept 2026,null,null,No,ABIERTAS,null,Monolínea,Mono_item,Lima - Callao,null,null,Power ilim 69.90 N
Netcall,2 sept 2026,13,915298098,915298098Empty,9283,Outbound,Portabilidad Postpago,RETIRO EN TIENDA,Retiro en tienda,3018,ABIERTAS,Pendiente Entrega,Pendiente Entrega,NET_SCAVEROC,SIM,2 sept 2026,null,null,No,ABIERTAS,null,Multilínea,Mono_item,Lima - Callao,null,null,null
Netcall,2 sept 2026,13,915300401,915300401Empty,9283,Outbound,Portabilidad Postpago,RETIRO EN TIENDA,Retiro en tienda,3018,ABIERTAS,Pendiente Entrega,Pendiente Entrega,NET_SCAVEROC,SIM,2 sept 2026,null,null,No,ABIERTAS,null,Multilínea,Mono_item,Lima - Callao,null,null,null
Netcall,2 sept 2026,9,915225772,91522577289511710111073735355,9271,Outbound,Portabilidad Postpago,EXPRESS,Logixtal,9001,ABIERTAS,Entregado,Entregado,NET_CCAVEROA,SIM,2 sept 2026,null,null,No,ABIERTAS,null,Multilínea,Mono_item,Lima - Callao,null,null,null
Netcall,2 sept 2026,14,915309828,91530982889511710101029351696,9283,Outbound,Portabilidad Postpago,EXPRESS,Logixtal,9001,ABIERTAS,Pendiente Entrega,Pendiente de Picking,NET_GSANCHEZO,SIM,4 sept 2026,null,null,No,ABIERTAS,null,Monolínea,Mono_item,Lima - Callao,null,null,null
Netcall,2 sept 2026,10,915237165,915237165Empty,9283,Outbound,Portabilidad Postpago,RETIRO EN TIENDA,Retiro en tienda,7215,ABIERTAS,Pendiente Entrega,Pendiente Entrega,TLV_NET_CURCIAR,SIM,2 sept 2026,null,null,No,ABIERTAS,null,Monolínea,Mono_item,Lima - Callao,null,null,null
Netcall,1 sept 2026,18,914934392,9149343928167042163920,9283,Outbound,Portabilidad Postpago,RETIRO EN TIENDA,Retiro en tienda,7245,ABIERTAS,Pendiente Entrega,Pendiente Entrega,NET_AYROJASS,SIM,1 sept 2026,null,null,No,ABIERTAS,null,Monolínea,Mono_item,Lima - Callao,null,null,Power 59.90 N
Netcall,2 sept 2026,15,915331660,915331660Empty,9271,Outbound,Portabilidad Postpago,RETIRO EN TIENDA,Retiro en tienda,2107,ABIERTAS,Pendiente Entrega,Pendiente Entrega,NET_HJUNCOT,SIM,2 sept 2026,null,null,No,ABIERTAS,null,Multilínea,Mono_item,Lima - Callao,null,null,null
Netcall,2 sept 2026,16,915336085,91533608589511710101030125717,9283,Outbound,Portabilidad Postpago,EXPRESS,Logixtal,9001,ABIERTAS,Pendiente Entrega,Pendiente de Picking,NET_AHUAMANZ,SIM,2 sept 2026,null,null,No,ABIERTAS,null,Multilínea,Mono_item,Lima - Callao,null,null,null
Netcall,2 sept 2026,10,915240072,915240072Empty,9283,Outbound,Portabilidad Postpago,RETIRO EN TIENDA,Retiro en tienda,2106,ABIERTAS,Pendiente Entrega,Pendiente Entrega,NET_NSANTAMARIS,SIM,2 sept 2026,null,null,No,ABIERTAS,null,Monolínea,Mono_item,Lima - Callao,null,null,null
Netcall,1 sept 2026,17,914922398,9149223988166922783165,9283,Outbound,Portabilidad Postpago,RETIRO EN TIENDA,Retiro en tienda,3162,CERRADAS,Entregado,Entregado,NET_MCVASQUEZ,SIM,1 sept 2026,1 sept 2026,null,No,CERRADAS,2026-09-02 00:54:38,Multilínea,Mono_item,Lima - Callao,null,Power ilim 79.90 SD N,Power ilim 79.90 SD N
Netcall,2 sept 2026,13,915286478,915286478Empty,9283,Outbound,Portabilidad Postpago,RETIRO EN TIENDA,Retiro en tienda,3168,ABIERTAS,Pendiente Entrega,Pendiente Entrega,NET_FRIVERAO,SIM,2 sept 2026,null,null,No,ABIERTAS,null,Multilínea,Mono_item,Lima - Callao,null,null,null
Netcall,2 sept 2026,13,915287575,915287575Empty,9283,Outbound,Portabilidad Postpago,RETIRO EN TIENDA,Retiro en tienda,3168,CANCELADAS,Cancelado,Cancelado,NET_FRIVERAO,SIM,2 sept 2026,null,null,No,CANCELADAS,2026-09-02 15:38:39,Multilínea,Mono_item,Lima - Callao,null,null,null
Netcall,1 sept 2026,19,914948789,9149487898167193736526,9283,Outbound,Portabilidad Postpago,RETIRO EN TIENDA,Retiro en tienda,3151,ABIERTAS,Pendiente Entrega,Pendiente Entrega,NET_JROMEROC,SIM,1 sept 2026,null,null,No,ABIERTAS,null,Multilínea,Mono_item,Lima - Callao,null,null,Power ilim 79.90 SD N
Netcall,1 sept 2026,13,914849571,9148495718166135111325,9271,Outbound,Venta Regular / Alta,EXPRESS,Logixtal,9001,CERRADAS,Entregado,Entregado,NET_KANGELESS,SIM,1 sept 2026,1 sept 2026,01/09/2026,Sí,CERRADAS,2026-09-01 15:59:56,Monolínea,Mono_item,Lima - Callao,39.9,Power 39.90 N,Power 39.90 N
Netcall,1 sept 2026,17,914910976,9149109768166825696186,9283,Outbound,Portabilidad Postpago,RETIRO EN TIENDA,Retiro en tienda,3032,CERRADAS,Entregado,Entregado,NET_INAVARROI,SIM,1 sept 2026,1 sept 2026,null,No,CERRADAS,2026-09-02 01:31:56,Monolínea,Mono_item,Lima - Callao,null,Power 59.90 N,Power 59.90 N
Netcall,2 sept 2026,16,915346591,91534659189511710101030125725,9283,Outbound,Portabilidad Postpago,EXPRESS,Logixtal,9001,ABIERTAS,Entregado,Entregado,NET_ECASTILLOH,SIM,2 sept 2026,null,null,No,ABIERTAS,null,Monolínea,Mono_item,Lima - Callao,null,null,null
Netcall,1 sept 2026,8,914732929,9147329298165050578637,9283,Outbound,Portabilidad Postpago,RETIRO EN TIENDA,Retiro en tienda,5055,ABIERTAS,Pendiente Entrega,Pendiente Entrega,TLV_NET_EBULNES,SIM,1 sept 2026,null,null,No,ABIERTAS,null,Multilínea,Mono_item,Lima - Callao,null,null,Power ilim 79.90 SD N
Netcall,1 sept 2026,11,914793165,9147931658165605255830,9283,Outbound,Portabilidad Postpago,EXPRESS,Logixtal,9001,CERRADAS,Entregado,Entregado,NET_JRAMIREZQ,SIM,1 sept 2026,1 sept 2026,null,No,CERRADAS,2026-09-02 00:43:10,Monolínea,Mono_item,Lima - Callao,null,Power ilim 79.90 SD N,Power ilim 79.90 SD N
Netcall,1 sept 2026,15,914881418,9148814188166482335296,9283,Outbound,Portabilidad Postpago,EXPRESS,Logixtal,9001,CERRADAS,Entregado,Entregado,NET_FRIVERAO,SIM,1 sept 2026,1 sept 2026,null,No,CERRADAS,2026-09-02 00:48:10,Monolínea,Mono_item,Lima - Callao,null,Power ilim 69.90 N,Power ilim 69.90 N
Netcall,1 sept 2026,15,914879473,9148794738166464308158,9283,Outbound,Portabilidad Postpago,RETIRO EN TIENDA,Retiro en tienda,3220,ABIERTAS,Pendiente Entrega,Pendiente Entrega,NET_LDIAZM,SIM,1 sept 2026,null,null,No,ABIERTAS,null,Monolínea,Mono_item,Lima - Callao,null,null,Power 59.90 N
Netcall,2 sept 2026,9,915225118,91522511889511710111073735363,9271,Outbound,Portabilidad Postpago,EXPRESS,Logixtal,9001,ABIERTAS,Entregado,Entregado,NET_CCAVEROA,SIM,2 sept 2026,null,null,No,ABIERTAS,null,Multilínea,Mono_item,Lima - Callao,null,null,null
Netcall,1 sept 2026,21,914983490,9149834908167677587782,9283,Outbound,Portabilidad Postpago,PROGRAMADO,Logixtal,9001,ABIERTAS,No bop,No bop,NET_CCAVEROA,SIM,3 sept 2026,null,null,No,ABIERTAS,null,Multilínea,Mono_item,Lima - Callao,null,null,Power ilim 79.90 SD N
Netcall,1 sept 2026,12,914833565,9148335658165958141587,9271,Outbound,Portabilidad Postpago,EXPRESS,Logixtal,9001,CERRADAS,Entregado,Entregado,NET_PTORRESR,SIM,1 sept 2026,1 sept 2026,null,No,CERRADAS,2026-09-02 01:28:29,Multilínea,Mono_item,Lima - Callao,null,Power ilim 79.90 SD N,Power ilim 79.90 SD N
Netcall,1 sept 2026,10,914796236,9147962368165586106438,9283,Outbound,Portabilidad Postpago,RETIRO EN TIENDA,Retiro en tienda,3032,CERRADAS,Entregado,Entregado,NET_MDIAZP,SIM,1 sept 2026,1 sept 2026,null,No,CERRADAS,2026-09-02 01:17:34,Monolínea,Mono_item,Lima - Callao,null,Power ilim 79.90 SD N,Power ilim 79.90 SD N
Netcall,2 sept 2026,15,915328375,915328375Empty,9283,Outbound,Portabilidad Postpago,RETIRO EN TIENDA,Retiro en tienda,6036,ABIERTAS,Pendiente Entrega,Pendiente Entrega,NET_SLIZARDOPER,SIM,2 sept 2026,null,null,No,ABIERTAS,null,Monolínea,Mono_item,Lima - Callao,null,null,null
Netcall,2 sept 2026,18,915382431,91538243189511710101029351597,9283,Outbound,Portabilidad Postpago,EXPRESS,Logixtal,9001,ABIERTAS,Pendiente Entrega,Pendiente de Picking,TLV_NET_ACUBASS,SIM,2 sept 2026,null,null,No,ABIERTAS,null,Monolínea,Mono_item,Lima - Callao,null,null,null
Netcall,1 sept 2026,14,914858644,9148586448166234383141,9283,Outbound,Portabilidad Postpago,EXPRESS,Logixtal,9001,ABIERTAS,Pendiente Entrega,Pendiente Entrega,NET_DGHERRERA,SIM,1 sept 2026,null,null,No,ABIERTAS,null,Monolínea,Mono_item,Lima - Callao,null,null,Power ilim 69.90 N
Netcall,2 sept 2026,11,915245512,91524551289511710101029350318,9283,Outbound,Portabilidad Postpago,EXPRESS,Logixtal,9001,ABIERTAS,Entregado,Entregado,TLV_NET_DCASTIA,SIM,2 sept 2026,null,null,No,ABIERTAS,null,Monolínea,Mono_item,Lima - Callao,null,null,null
Netcall,1 sept 2026,9,914766777,9147667778165299037527,9283,Outbound,Portabilidad Postpago,RETIRO EN TIENDA,Retiro en tienda,2106,ABIERTAS,Pendiente Entrega,Pendiente Entrega,NET_MGONZALESR,SIM,1 sept 2026,null,null,No,ABIERTAS,null,Monolínea,Mono_item,Lima - Callao,null,null,Power 59.90 N
Netcall,2 sept 2026,12,915269086,91526908689511710111073945988,9283,Outbound,Portabilidad Postpago,EXPRESS,Logixtal,9001,ABIERTAS,Entregado,Entregado,NET_DVALVERDEM,SIM,2 sept 2026,null,null,No,ABIERTAS,null,Monolínea,Mono_item,Lima - Callao,null,null,null
Netcall,1 sept 2026,12,914834912,9148349128165972451947,9271,Outbound,Portabilidad Postpago,EXPRESS,Logixtal,9001,CERRADAS,Entregado,Entregado,NET_PTORRESR,SIM,1 sept 2026,1 sept 2026,null,No,CERRADAS,2026-09-02 01:50:53,Multilínea,Mono_item,Lima - Callao,null,Power ilim 79.90 SD N,Power ilim 79.90 SD N
Netcall,1 sept 2026,11,914809357,9148093578165713237283,9283,Outbound,Portabilidad Postpago,RETIRO EN TIENDA,Retiro en tienda,3151,CERRADAS,Entregado,Entregado,NET_JCHAVEZPINT,SIM,1 sept 2026,1 sept 2026,null,No,CERRADAS,2026-09-02 02:20:41,Monolínea,Mono_item,Lima - Callao,null,Power ilim 69.90 N,Power ilim 69.90 N
Netcall,2 sept 2026,13,915287557,91528755789511710101029358428,9283,Outbound,Portabilidad Postpago,EXPRESS,Logixtal,9001,ABIERTAS,Pendiente Entrega,Pendiente de Picking,NET_TMUNOZCALDE,SIM,2 sept 2026,null,null,No,ABIERTAS,null,Multilínea,Mono_item,Lima - Callao,null,null,null
Netcall,2 sept 2026,12,915269474,91526947489511710101029350359,9283,Outbound,Portabilidad Postpago,EXPRESS,Logixtal,9001,ABIERTAS,Entregado,Entregado,NET_LCALDERONC,SIM,2 sept 2026,null,null,No,ABIERTAS,null,Monolínea,Mono_item,Lima - Callao,null,null,null
Netcall,1 sept 2026,9,914771352,9147713528165343549445,9283,Outbound,Portabilidad Postpago,EXPRESS,Logixtal,9001,CERRADAS,Entregado,Entregado,NET_ACORDOVAS,SIM,1 sept 2026,1 sept 2026,null,No,CERRADAS,2026-09-02 01:05:47,Monolínea,Mono_item,Lima - Callao,null,Power 59.90 N,Power 59.90 N
Netcall,1 sept 2026,10,914790736,914790736,9283,Outbound,Portabilidad Postpago,RETIRO EN TIENDA,Retiro en tienda,8018,CERRADAS,Entregado,Entregado,NET_MGONZALESR,SIM,1 sept 2026,1 sept 2026,null,No,CERRADAS,2026-09-02 00:30:04,Monolínea,Mono_item,Lima - Callao,null,Power ilim 79.90 SD N,null
Netcall,1 sept 2026,17,914909610,9149096108166788714842,9283,Outbound,Portabilidad Postpago,EXPRESS,Logixtal,9001,CANCELADAS,Anulado,CLIENTE YA NO DESEA PRODUCTO,NET_MFERRER,SIM,1 sept 2026,null,null,No,CANCELADAS,2026-09-01 17:56:39,Multilínea,Mono_item,Lima - Callao,null,null,Power ilim 79.90 SD N
Netcall,2 sept 2026,13,915293984,915293984Empty,9283,Outbound,Portabilidad Postpago,RETIRO EN TIENDA,Retiro en tienda,3032,ABIERTAS,Pendiente Entrega,Pendiente Entrega,NET_KROJASNAUPA,SIM,2 sept 2026,null,null,No,ABIERTAS,null,Monolínea,Mono_item,Lima - Callao,null,null,null
Netcall,1 sept 2026,16,914882550,9148825508166512673974,9283,Outbound,Portabilidad Postpago,PROGRAMADO,Logixtal,9001,ABIERTAS,Pendiente Entrega,Pendiente Entrega,NET_VJAUREGUIM,SIM,2 sept 2026,null,null,No,ABIERTAS,null,Monolínea,Mono_item,Lima - Callao,null,null,Power 59.90 N
Netcall,2 sept 2026,11,915260440,91526044089511710111071063404,9283,Outbound,Portabilidad Postpago,EXPRESS,Logixtal,9001,CANCELADAS,Pendiente Entrega,Pendiente de Picking,NET_TMUNOZCALDE,SIM,2 sept 2026,null,null,No,CANCELADAS,2026-09-02 12:52:20,Multilínea,Mono_item,Lima - Callao,null,null,null
Netcall,2 sept 2026,10,915234622,915234622Empty,9271,Outbound,Portabilidad Postpago,RETIRO EN TIENDA,Retiro en tienda,2101,ABIERTAS,Pendiente Entrega,Pendiente Entrega,NET_KTAYAB,SIM,2 sept 2026,null,null,No,ABIERTAS,null,Monolínea,Mono_item,Lima - Callao,null,null,null
Netcall,2 sept 2026,14,915302547,915302547Empty,9283,Outbound,Portabilidad Postpago,RETIRO EN TIENDA,Retiro en tienda,3168,ABIERTAS,Pendiente Entrega,Pendiente Entrega,NET_MMACHACAM,SIM,2 sept 2026,null,null,No,ABIERTAS,null,Multilínea,Mono_item,Lima - Callao,null,null,null
Netcall,2 sept 2026,20,915413605,91541360589511710101029355986,9283,Outbound,Portabilidad Postpago,PROGRAMADO,Logixtal,9001,ABIERTAS,Pendiente Entrega,Pendiente de Picking,NET_AYROJASS,SIM,3 sept 2026,null,null,No,ABIERTAS,null,Multilínea,Mono_item,Lima - Callao,null,null,null
Netcall,1 sept 2026,13,914841986,914841986,9271,Outbound,Portabilidad Postpago,EXPRESS,Logixtal,9001,CERRADAS,Entregado,Entregado,NET_JCHUQUILINL,SIM,1 sept 2026,1 sept 2026,null,No,CERRADAS,2026-09-02 00:15:12,Monolínea,Mono_item,Lima - Callao,null,Power 59.90 N,null
Netcall,2 sept 2026,13,915289469,915289469Empty,9283,Outbound,Portabilidad Postpago,RETIRO EN TIENDA,Retiro en tienda,5055,ABIERTAS,Pendiente Entrega,Pendiente Entrega,NET_KROJASNAUPA,SIM,2 sept 2026,null,null,No,ABIERTAS,null,Multilínea,Mono_item,Lima - Callao,null,null,null
Netcall,2 sept 2026,13,915296260,915296260Empty,9283,Outbound,Portabilidad Postpago,RETIRO EN TIENDA,Retiro en tienda,7245,ABIERTAS,Pendiente Entrega,Pendiente Entrega,NET_MBARBOZAC,SIM,2 sept 2026,null,null,No,ABIERTAS,null,Monolínea,Mono_item,Lima - Callao,null,null,null
Netcall,2 sept 2026,13,915299476,915299476Empty,9283,Outbound,Portabilidad Postpago,RETIRO EN TIENDA,Retiro en tienda,3018,ABIERTAS,Pendiente Entrega,Pendiente Entrega,NET_SCAVEROC,SIM,2 sept 2026,null,null,No,ABIERTAS,null,Multilínea,Mono_item,Lima - Callao,null,null,null
Netcall,1 sept 2026,9,914774608,9147746088165380997932,5299,Outbound,Portabilidad Postpago,EXPRESS,Logixtal,9001,CERRADAS,Entregado,Entregado,NET_AEREYES,SIM,1 sept 2026,1 sept 2026,null,No,CERRADAS,2026-09-02 01:50:04,Monolínea,Mono_item,Lima - Callao,null,Power ilim 69.90 N,Power ilim 69.90 N
Netcall,1 sept 2026,13,914850286,9148502868166138349282,9283,Outbound,Portabilidad Postpago,EXPRESS,Logixtal,9001,CERRADAS,Entregado,Entregado,NET_DNIEVESNIMA,SIM,1 sept 2026,1 sept 2026,null,No,CERRADAS,2026-09-02 02:06:48,Multilínea,Mono_item,Lima - Callao,null,Power ilim 79.90 SD N,Power ilim 79.90 SD N
Netcall,2 sept 2026,17,915357504,915357504Empty,9271,Outbound,Portabilidad Postpago,RETIRO EN TIENDA,Retiro en tienda,3168,ABIERTAS,Pendiente Entrega,Pendiente Entrega,NET_ACUEVAC,SIM,2 sept 2026,null,null,No,ABIERTAS,null,Monolínea,Mono_item,Lima - Callao,null,null,null
Netcall,1 sept 2026,10,914796131,9147961318165582828347,9283,Outbound,Portabilidad Postpago,RETIRO EN TIENDA,Retiro en tienda,6036,CERRADAS,Entregado,Entregado,NET_ABARRERAY,SIM,1 sept 2026,1 sept 2026,null,No,CERRADAS,2026-09-02 01:37:38,Multilínea,Mono_item,Lima - Callao,null,Power ilim 69.90 N,Power ilim 69.90 N
Netcall,1 sept 2026,10,914789699,914789699,9265,Outbound,Portabilidad Postpago,EXPRESS,Logixtal,9001,CERRADAS,Entregado,Entregado,NET_IRODRIGUEZS,SIM,1 sept 2026,1 sept 2026,null,No,CERRADAS,2026-09-02 00:36:40,Monolínea,Mono_item,Lima - Callao,null,Power 59.90 N,null
Netcall,1 sept 2026,16,914899692,9148996928166684429892,9271,Outbound,Portabilidad Postpago,RETIRO EN TIENDA,Retiro en tienda,2113,ABIERTAS,Pendiente Entrega,Pendiente Entrega,NET_KANGELESS,SIM,1 sept 2026,null,null,No,ABIERTAS,null,Multilínea,Mono_item,Lima - Callao,null,null,Power ilim 79.90 SD N
Netcall,1 sept 2026,20,914963743,9149637438167340447251,9271,Outbound,Portabilidad Postpago,RETIRO EN TIENDA,Retiro en tienda,3162,ABIERTAS,Pendiente Entrega,Pendiente Entrega,NET_YPAREDESG,SIM,1 sept 2026,null,null,No,ABIERTAS,null,Monolínea,Mono_item,Lima - Callao,null,null,Power 59.90 N
Netcall,2 sept 2026,14,915304693,915304693Empty,9283,Outbound,Portabilidad Postpago,RETIRO EN TIENDA,Retiro en tienda,2113,ABIERTAS,Pendiente Entrega,Pendiente Entrega,TLV_NET_JMORO,SIM,2 sept 2026,null,null,No,ABIERTAS,null,Monolínea,Mono_item,Lima - Callao,null,null,null
Netcall,2 sept 2026,14,915314784,915314784Empty,9283,Outbound,Portabilidad Postpago,RETIRO EN TIENDA,Retiro en tienda,8041,ABIERTAS,Pendiente Entrega,Pendiente Entrega,NET_BBELLIDOP,SIM,2 sept 2026,null,null,No,ABIERTAS,null,Monolínea,Mono_item,Lima - Callao,null,null,null
Netcall,1 sept 2026,21,914982989,9149829898167665326248,9283,Outbound,Portabilidad Postpago,PROGRAMADO,Logixtal,9001,ABIERTAS,No bop,No bop,NET_CCAVEROA,SIM,3 sept 2026,null,null,No,ABIERTAS,null,Multilínea,Mono_item,Lima - Callao,null,null,Power ilim 79.90 SD N
Netcall,2 sept 2026,13,915296174,915296174Empty,9283,Outbound,Portabilidad Postpago,RETIRO EN TIENDA,Retiro en tienda,3151,ABIERTAS,Pendiente Entrega,Pendiente Entrega,NET_SBENITESL,SIM,2 sept 2026,null,null,No,ABIERTAS,null,Monolínea,Mono_item,Lima - Callao,null,null,null
Netcall,2 sept 2026,10,915231592,915231592Empty,9283,Outbound,Portabilidad Postpago,RETIRO EN TIENDA,Retiro en tienda,3168,ABIERTAS,Pendiente Entrega,Pendiente Entrega,NET_EBOZA,SIM,2 sept 2026,null,null,No,ABIERTAS,null,Monolínea,Mono_item,Lima - Callao,null,null,null
Netcall,1 sept 2026,12,914832761,9148327618165943759958,9283,Outbound,Portabilidad Postpago,EXPRESS,Logixtal,9001,CERRADAS,Entregado,Entregado,NET_KCHUQUIZUTC,SIM,1 sept 2026,1 sept 2026,null,No,CERRADAS,2026-09-02 01:34:33,Monolínea,Mono_item,Lima - Callao,null,Power ilim 69.90 N,Power ilim 69.90 N
Netcall,2 sept 2026,13,915300982,915300982Empty,9283,Outbound,Portabilidad Postpago,RETIRO EN TIENDA,Retiro en tienda,3168,ERROR,Cancelado,Cancelado,NET_MMACHACAM,SIM,2 sept 2026,null,null,No,ERROR,null,Multilínea,Mono_item,Lima - Callao,null,null,null
Netcall,2 sept 2026,16,915341019,915341019Empty,9283,Outbound,Venta Regular / Alta,RETIRO EN TIENDA,Retiro en tienda,3151,ABIERTAS,Pendiente Entrega,Pendiente Entrega,NET_JMENDOZAN,SIM,2 sept 2026,null,null,No,ABIERTAS,null,Multilínea,Mono_item,Lima - Callao,null,null,null
Netcall,1 sept 2026,15,914872393,9148723938166374280876,9283,Outbound,Portabilidad Postpago,EXPRESS,Logixtal,9001,CANCELADAS,Anulado,DIRECCIÓN ERRADA,NET_BMIRANDAFE,SIM,1 sept 2026,null,null,No,CANCELADAS,2026-09-01 16:08:47,Multilínea,Mono_item,Lima - Callao,null,null,Power ilim 79.90 SD N
Netcall,2 sept 2026,9,915226427,91522642789511710111073735348,9271,Outbound,Portabilidad Postpago,EXPRESS,Logixtal,9001,ABIERTAS,Entregado,Entregado,NET_CCAVEROA,SIM,2 sept 2026,null,null,No,ABIERTAS,null,Multilínea,Mono_item,Lima - Callao,null,null,null
Netcall,2 sept 2026,11,915255538,915255538Empty,9283,Outbound,Portabilidad Postpago,RETIRO EN TIENDA,Retiro en tienda,6036,CANCELADAS,Cancelado,Cancelado,NET_YCORNEJOA,SIM,2 sept 2026,null,null,No,CANCELADAS,2026-09-02 13:31:24,Multilínea,Mono_item,Lima - Callao,null,null,null
Netcall,2 sept 2026,13,915297828,915297828Empty,9283,Outbound,Portabilidad Postpago,RETIRO EN TIENDA,Retiro en tienda,6036,ABIERTAS,Pendiente Entrega,Pendiente Entrega,NET_YCORNEJOA,SIM,2 sept 2026,null,null,No,ABIERTAS,null,Multilínea,Mono_item,Lima - Callao,null,null,null
Netcall,2 sept 2026,11,915250317,915250317Empty,9283,Outbound,Portabilidad Postpago,RETIRO EN TIENDA,Retiro en tienda,6036,ABIERTAS,Pendiente Entrega,Pendiente Entrega,NET_ATISNADOA,SIM,2 sept 2026,null,null,No,ABIERTAS,null,Monolínea,Mono_item,Lima - Callao,null,null,null
Netcall,2 sept 2026,15,915327996,91532799689511710101029351662,9271,Outbound,Portabilidad Postpago,EXPRESS,Logixtal,9001,ABIERTAS,Entregado,Entregado,NET_CGRANADOSC,SIM,2 sept 2026,null,null,No,ABIERTAS,null,Monolínea,Mono_item,Lima - Callao,null,null,null
Netcall,2 sept 2026,15,915316038,915316038Empty,9283,Outbound,Portabilidad Postpago,RETIRO EN TIENDA,Retiro en tienda,7245,ABIERTAS,Pendiente Entrega,Pendiente Entrega,NET_THUAMANIP,SIM,2 sept 2026,null,null,No,ABIERTAS,null,Multilínea,Mono_item,Lima - Callao,null,null,null
Netcall,1 sept 2026,11,914814640,9148146408165769923827,9283,Outbound,Portabilidad Postpago,EXPRESS,Logixtal,9001,CERRADAS,Entregado,Entregado,TLV_NET_MMURGAF,SIM,1 sept 2026,1 sept 2026,null,No,CERRADAS,2026-09-02 01:18:54,Multilínea,Mono_item,Lima - Callao,null,Power ilim 79.90 SD N,Power ilim 79.90 SD N
Netcall,2 sept 2026,11,915245744,915245744Empty,9283,Outbound,Portabilidad Postpago,RETIRO EN TIENDA,Retiro en tienda,3160,ABIERTAS,Pendiente Entrega,Pendiente Entrega,NET_TBECERRAC,SIM,2 sept 2026,null,null,No,ABIERTAS,null,Monolínea,Mono_item,Lima - Callao,null,null,null
Netcall,1 sept 2026,16,914896981,9148969818166651511100,9283,Outbound,Portabilidad Postpago,RETIRO EN TIENDA,Retiro en tienda,6036,ABIERTAS,Pendiente Entrega,Pendiente Entrega,TLV_NET_BCHAVEZ,SIM,1 sept 2026,null,null,No,ABIERTAS,null,Monolínea,Mono_item,Lima - Callao,null,null,Power 59.90 N
Netcall,1 sept 2026,18,914923837,9149238378166944435308,9283,Outbound,Portabilidad Postpago,RETIRO EN TIENDA,Retiro en tienda,3162,CERRADAS,Entregado,Entregado,NET_MCVASQUEZ,SIM,1 sept 2026,1 sept 2026,null,No,CERRADAS,2026-09-02 03:19:27,Multilínea,Mono_item,Lima - Callao,null,Power ilim 79.90 SD N,Power ilim 79.90 SD N
Netcall,1 sept 2026,12,914829632,914829632,9283,Outbound,Portabilidad Postpago,EXPRESS,Logixtal,9001,CERRADAS,Entregado,Entregado,NET_MFERRER,SIM,1 sept 2026,1 sept 2026,null,No,CERRADAS,2026-09-02 00:19:05,Monolínea,Mono_item,Lima - Callao,null,Power 59.90 N,null
Netcall,1 sept 2026,22,914987214,9149872148167794787596,9283,Outbound,Portabilidad Postpago,RETIRO EN TIENDA,Retiro en tienda,3160,ABIERTAS,Pendiente Entrega,Pendiente Entrega,NET_MFERRER,SIM,2 sept 2026,null,null,No,ABIERTAS,null,Multilínea,Mono_item,Lima - Callao,null,null,Power ilim 79.90 SD N
Netcall,1 sept 2026,12,914829899,9148298998165919131610,9283,Outbound,Portabilidad Postpago,EXPRESS,Logixtal,9001,CANCELADAS,Anulado,DIRECCIÓN ERRADA,TLV_NET_FVALQUI,SIM,1 sept 2026,null,null,No,CANCELADAS,2026-09-01 13:56:12,Monolínea,Mono_item,Lima - Callao,null,null,Power 59.90 N
Netcall,1 sept 2026,8,914730256,9147302568165030090673,9283,Outbound,Portabilidad Postpago,RETIRO EN TIENDA,Retiro en tienda,5055,ABIERTAS,Pendiente Entrega,Pendiente Entrega,TLV_NET_EBULNES,SIM,1 sept 2026,null,null,No,ABIERTAS,null,Multilínea,Mono_item,Lima - Callao,null,null,Power ilim 79.90 SD N
Netcall,2 sept 2026,12,915267955,915267955Empty,9283,Outbound,Portabilidad Postpago,RETIRO EN TIENDA,Retiro en tienda,6036,ABIERTAS,Pendiente Entrega,Pendiente Entrega,NET_YCORNEJOA,SIM,2 sept 2026,null,null,No,ABIERTAS,null,Multilínea,Mono_item,Lima - Callao,null,null,null
Netcall,1 sept 2026,12,914820056,9148200568165824780633,9283,Outbound,Portabilidad Postpago,RETIRO EN TIENDA,Retiro en tienda,3158,ABIERTAS,Pendiente Entrega,Pendiente Entrega,NET_CMENESESV,SIM,1 sept 2026,null,null,No,ABIERTAS,null,Monolínea,Mono_item,Lima - Callao,null,null,Power 59.90 N
Netcall,2 sept 2026,17,915361042,915361042Empty,9283,Outbound,Portabilidad Postpago,RETIRO EN TIENDA,Retiro en tienda,3032,ABIERTAS,Pendiente Entrega,Pendiente Entrega,NET_AARANAS,SIM,2 sept 2026,null,null,No,ABIERTAS,null,Multilínea,Mono_item,Lima - Callao,null,null,null
Netcall,2 sept 2026,17,915358205,915358205Empty,9283,Outbound,Portabilidad Postpago,RETIRO EN TIENDA,Retiro en tienda,3032,ABIERTAS,Pendiente Entrega,Pendiente Entrega,NET_AARANAS,SIM,2 sept 2026,null,null,No,ABIERTAS,null,Multilínea,Mono_item,Lima - Callao,null,null,null
Netcall,1 sept 2026,12,914824994,914824994,9283,Outbound,Portabilidad Postpago,RETIRO EN TIENDA,Retiro en tienda,3169,CERRADAS,Entregado,Entregado,NET_ANCASTROR,SIM,1 sept 2026,1 sept 2026,null,No,CERRADAS,2026-09-02 00:08:23,Monolínea,Mono_item,Lima - Callao,null,Power 59.90 N,null
Netcall,1 sept 2026,11,914813447,9148134478165755448332,9283,Outbound,Portabilidad Postpago,EXPRESS,Logixtal,9001,CERRADAS,Entregado,Entregado,TLV_NET_MMURGAF,SIM,1 sept 2026,1 sept 2026,null,No,CERRADAS,2026-09-02 01:06:48,Multilínea,Mono_item,Lima - Callao,null,Power ilim 79.90 SD N,Power ilim 79.90 SD N
Netcall,1 sept 2026,12,914834659,9148346598165969078908,9283,Outbound,Portabilidad Postpago,EXPRESS,Logixtal,9001,CERRADAS,Entregado,Entregado,NET_RTORRESB,SIM,1 sept 2026,1 sept 2026,null,No,CERRADAS,2026-09-02 01:29:31,Monolínea,Mono_item,Lima - Callao,null,Power 59.90 N,Power 59.90 N
Netcall,1 sept 2026,15,914868260,9148682608166346183056,9283,Outbound,Portabilidad Postpago,EXPRESS,Logixtal,9001,CANCELADAS,Anulado,CLIENTE YA NO DESEA PRODUCTO,NET_MFERRER,SIM,1 sept 2026,null,null,No,CANCELADAS,2026-09-01 15:50:38,Multilínea,Mono_item,Lima - Callao,null,null,Power ilim 79.90 SD N
Netcall,2 sept 2026,14,915314186,915314186Empty,9283,Outbound,Portabilidad Postpago,RETIRO EN TIENDA,Retiro en tienda,3160,ABIERTAS,Pendiente Entrega,Pendiente Entrega,TLV_NET_JMORO,SIM,2 sept 2026,null,null,No,ABIERTAS,null,Monolínea,Mono_item,Lima - Callao,null,null,null
Netcall,1 sept 2026,19,914949812,9149498128167204932403,9283,Outbound,Portabilidad Postpago,RETIRO EN TIENDA,Retiro en tienda,3151,ABIERTAS,Pendiente Entrega,Pendiente Entrega,NET_JROMEROC,SIM,1 sept 2026,null,null,No,ABIERTAS,null,Multilínea,Mono_item,Lima - Callao,null,null,Power ilim 79.90 SD N
Netcall,1 sept 2026,11,914815742,9148157428165778387151,9283,Outbound,Portabilidad Postpago,EXPRESS,Logixtal,9001,CERRADAS,Entregado,Entregado,TLV_NET_MMURGAF,SIM,1 sept 2026,1 sept 2026,null,No,CERRADAS,2026-09-02 01:56:53,Multilínea,Mono_item,Lima - Callao,null,Power ilim 79.90 SD N,Power ilim 79.90 SD N
Netcall,2 sept 2026,13,915289193,915289193Empty,9283,Outbound,Portabilidad Postpago,RETIRO EN TIENDA,Retiro en tienda,3168,ABIERTAS,Pendiente Entrega,Pendiente Entrega,NET_FRIVERAO,SIM,2 sept 2026,null,null,No,ABIERTAS,null,Multilínea,Mono_item,Lima - Callao,null,null,null
Netcall,1 sept 2026,16,914900488,9149004888166693871839,9271,Outbound,Portabilidad Postpago,RETIRO EN TIENDA,Retiro en tienda,2113,ABIERTAS,Pendiente Entrega,Pendiente Entrega,NET_KANGELESS,SIM,1 sept 2026,null,null,No,ABIERTAS,null,Multilínea,Mono_item,Lima - Callao,null,null,Power ilim 79.90 SD N
Netcall,2 sept 2026,11,915258731,91525873189511710111071039826,9271,Outbound,Portabilidad Postpago,EXPRESS,Logixtal,9001,ABIERTAS,Entregado,Entregado,NET_BATOP,SIM,2 sept 2026,null,null,No,ABIERTAS,null,Monolínea,Mono_item,Lima - Callao,null,null,null
Netcall,1 sept 2026,11,914810668,9148106688165729244326,9283,Outbound,Portabilidad Postpago,RETIRO EN TIENDA,Retiro en tienda,6036,CERRADAS,Entregado,Entregado,NET_JVELASQUEZS,SIM,1 sept 2026,1 sept 2026,null,No,CERRADAS,2026-09-02 01:04:07,Monolínea,Mono_item,Lima - Callao,null,Power 59.90 N,Power 59.90 N
Netcall,2 sept 2026,11,915255600,915255600Empty,9271,Outbound,Venta Regular / Alta,RETIRO EN TIENDA,Retiro en tienda,5055,ABIERTAS,Pendiente Entrega,Pendiente Entrega,NET_EQUIROZH,SIM,2 sept 2026,null,null,No,ABIERTAS,null,Multilínea,Mono_item,Lima - Callao,null,null,null
Netcall,2 sept 2026,16,915333382,915333382Empty,9271,Outbound,Portabilidad Postpago,RETIRO EN TIENDA,Retiro en tienda,2107,ABIERTAS,Pendiente Entrega,Pendiente Entrega,NET_HJUNCOT,SIM,2 sept 2026,null,null,No,ABIERTAS,null,Multilínea,Mono_item,Lima - Callao,null,null,null
Netcall,1 sept 2026,13,914846923,9148469238166104852189,9283,Outbound,Portabilidad Postpago,RETIRO EN TIENDA,Retiro en tienda,3220,CERRADAS,Entregado,Entregado,NET_KCARRENOV,SIM,1 sept 2026,1 sept 2026,null,No,CERRADAS,2026-09-02 01:07:17,Monolínea,Mono_item,Lima - Callao,null,Power ilim 69.90 N,Power ilim 69.90 N
Netcall,1 sept 2026,13,914850395,9148503958166139048160,9283,Outbound,Portabilidad Postpago,EXPRESS,Logixtal,9001,CANCELADAS,Anulado,DIRECCIÓN ERRADA,NET_BMIRANDAFE,SIM,1 sept 2026,null,null,No,CANCELADAS,2026-09-01 15:06:09,Multilínea,Mono_item,Lima - Callao,null,null,Power ilim 79.90 SD N
Netcall,2 sept 2026,14,915314579,915314579Empty,9283,Outbound,Portabilidad Postpago,RETIRO EN TIENDA,Retiro en tienda,7245,ABIERTAS,Pendiente Entrega,Pendiente Entrega,NET_THUAMANIP,SIM,2 sept 2026,null,null,No,ABIERTAS,null,Multilínea,Mono_item,Lima - Callao,null,null,null
Netcall,1 sept 2026,17,914903278,9149032788166727247983,9271,Outbound,Portabilidad Postpago,RETIRO EN TIENDA,Retiro en tienda,2113,ABIERTAS,Pendiente Entrega,Pendiente Entrega,NET_KANGELESS,SIM,1 sept 2026,null,null,No,ABIERTAS,null,Multilínea,Mono_item,Lima - Callao,null,null,Power ilim 79.90 SD N
Netcall,2 sept 2026,12,915272551,91527255189511710111073945632,9283,Outbound,Portabilidad Postpago,EXPRESS,Logixtal,9001,ABIERTAS,Entregado,Entregado,NET_SPEREZM,SIM,2 sept 2026,null,null,No,ABIERTAS,null,Monolínea,Mono_item,Lima - Callao,null,null,null
Netcall,1 sept 2026,17,914916850,9149168508166878146362,9283,Outbound,Portabilidad Postpago,RETIRO EN TIENDA,Retiro en tienda,3139,CERRADAS,Entregado,Entregado,NET_ARIVERA,SIM,1 sept 2026,1 sept 2026,null,No,CERRADAS,2026-09-02 01:37:43,Monolínea,Mono_item,Huanuco,null,Power ilim 69.90 N,Power ilim 69.90 N
Netcall,1 sept 2026,17,914905267,9149052678166751851565,9283,Outbound,Portabilidad Postpago,PROGRAMADO,Logixtal,5021,ABIERTAS,Pendiente Entrega,Pendiente Entrega,NET_MHUAPAYAQ,SIM,7 sept 2026,null,null,No,ABIERTAS,null,Monolínea,Mono_item,Piura,null,null,Power 59.90 N
Netcall,2 sept 2026,11,915248415,91524841589511710111068692124,9283,Outbound,Portabilidad Postpago,PROGRAMADO,Logixtal,5024,ABIERTAS,Pendiente Entrega,Pendiente de Picking,TLV_NET_EBULNES,SIM,3 sept 2026,null,null,No,ABIERTAS,null,Multilínea,Mono_item,Lambayeque,null,null,null
Netcall,1 sept 2026,9,914764797,9147647978165286053411,9283,Outbound,Portabilidad Postpago,RETIRO EN TIENDA,Retiro en tienda,7126,CERRADAS,Entregado,Entregado,NET_SFAJARDON,SIM,1 sept 2026,1 sept 2026,null,No,CERRADAS,2026-09-02 00:59:01,Monolínea,Mono_item,Lambayeque,null,Power ilim 79.90 SD N,Power ilim 79.90 SD N
Netcall,2 sept 2026,13,915299439,91529943989511710111071648840,9271,Outbound,Portabilidad Postpago,RETIRO EN TIENDA,Retiro en tienda,1003,ABIERTAS,Pendiente Entrega,Pendiente Entrega,NET_LGOMEZA,SIM,2 sept 2026,null,null,No,ABIERTAS,null,Monolínea,Mono_item,Lambayeque,null,null,null
Netcall,2 sept 2026,10,915230748,915230748Empty,9283,Outbound,Portabilidad Postpago,RETIRO EN TIENDA,Retiro en tienda,8014,ABIERTAS,Pendiente Entrega,Pendiente Entrega,NET_SRAMOSC,SIM,2 sept 2026,null,null,No,ABIERTAS,null,Monolínea,Mono_item,Lambayeque,null,null,null
Netcall,1 sept 2026,15,914872279,9148722798166373874052,9283,Outbound,Portabilidad Postpago,RETIRO EN TIENDA,Retiro en tienda,8014,CERRADAS,Entregado,Entregado,NET_PVEGAC,SIM,1 sept 2026,1 sept 2026,null,No,CERRADAS,2026-09-02 01:04:50,Monolínea,Mono_item,Lambayeque,null,Power ilim 79.90 SD N,Power ilim 79.90 SD N
Netcall,2 sept 2026,10,915228034,915228034Empty,9283,Outbound,Portabilidad Postpago,RETIRO EN TIENDA,Retiro en tienda,8014,ABIERTAS,Pendiente Entrega,Pendiente Entrega,NET_SRAMOSC,SIM,2 sept 2026,null,null,No,ABIERTAS,null,Multilínea,Mono_item,Lambayeque,null,null,null
Netcall,2 sept 2026,15,915323449,91532344989511710111068660295,9283,Outbound,Portabilidad Postpago,PROGRAMADO,Logixtal,5024,ABIERTAS,Pendiente Entrega,Pendiente de Picking,TLV_NET_DVALOI,SIM,3 sept 2026,null,null,No,ABIERTAS,null,Monolínea,Mono_item,Lambayeque,null,null,null
Netcall,1 sept 2026,10,914791272,9147912728165541969432,9283,Outbound,Portabilidad Postpago,RETIRO EN TIENDA,Retiro en tienda,8014,ABIERTAS,Pendiente Entrega,Pendiente Entrega,NET_SGONZALESF,SIM,1 sept 2026,null,null,No,ABIERTAS,null,Monolínea,Mono_item,Lambayeque,null,null,Power 59.90 N
Netcall,1 sept 2026,12,914826483,9148264838165884170460,9283,Outbound,Portabilidad Postpago,RETIRO EN TIENDA,Retiro en tienda,8014,CERRADAS,Entregado,Entregado,NET_CDACHAC,SIM,1 sept 2026,1 sept 2026,null,No,CERRADAS,2026-09-02 01:32:28,Monolínea,Mono_item,Lambayeque,null,Power ilim 79.90 SD N,Power ilim 79.90 SD N
Netcall,2 sept 2026,10,915227040,915227040Empty,9283,Outbound,Portabilidad Postpago,RETIRO EN TIENDA,Retiro en tienda,8014,ABIERTAS,Pendiente Entrega,Pendiente Entrega,NET_SRAMOSC,SIM,2 sept 2026,null,null,No,ABIERTAS,null,Multilínea,Mono_item,Lambayeque,null,null,null
Netcall,2 sept 2026,15,915327661,915327661Empty,9283,Outbound,Portabilidad Postpago,RETIRO EN TIENDA,Retiro en tienda,7126,ABIERTAS,Pendiente Entrega,Pendiente Entrega,NET_MGUZMANP,SIM,2 sept 2026,null,null,No,ABIERTAS,null,Monolínea,Mono_item,Lambayeque,null,null,null
Netcall,2 sept 2026,11,915245328,91524532889511710121058099370,9283,Outbound,Portabilidad Postpago,PROGRAMADO,Logixtal,5024,ABIERTAS,Pendiente Entrega,Pendiente de Picking,TLV_NET_EBULNES,SIM,3 sept 2026,null,null,No,ABIERTAS,null,Multilínea,Mono_item,Lambayeque,null,null,null
Netcall,2 sept 2026,14,915304350,91530435089511710111068662408,9283,Outbound,Portabilidad Postpago,PROGRAMADO,Logixtal,5024,ABIERTAS,Pendiente Entrega,Pendiente de Picking,NET_ABARRERAY,SIM,3 sept 2026,null,null,No,ABIERTAS,null,Monolínea,Mono_item,Lambayeque,null,null,null
Netcall,1 sept 2026,11,914813715,9148137158165761666212,9283,Outbound,Portabilidad Postpago,RETIRO EN TIENDA,Retiro en tienda,1003,CERRADAS,Entregado,Entregado,NET_VJAUREGUIM,SIM,1 sept 2026,1 sept 2026,null,No,CERRADAS,2026-09-02 01:05:47,Monolínea,Mono_item,Lambayeque,null,Power 59.90 N,Power 59.90 N
Netcall,2 sept 2026,16,915343521,91534352189511710111068663711,9283,Outbound,Portabilidad Postpago,EXPRESS,Logixtal,5024,ABIERTAS,Entregado,Entregado,NET_SMENDOZAV,SIM,2 sept 2026,null,null,No,ABIERTAS,null,Multilínea,Mono_item,Lambayeque,null,null,null
Netcall,1 sept 2026,17,914910064,9149100648166801043350,9271,Outbound,Portabilidad Postpago,PROGRAMADO,Logixtal,9001,ABIERTAS,Pendiente Entrega,Pendiente Entrega,NET_LNECIOSUPC,SIM,2 sept 2026,null,null,No,ABIERTAS,null,Monolínea,Mono_item,Lima - Callao,null,null,Power 59.90 N
Netcall,1 sept 2026,11,914807019,9148070198165688698865,9283,Outbound,Venta Regular / Alta,EXPRESS,Logixtal,9001,CERRADAS,Entregado,Entregado,NET_MDONAYRE,SIM,1 sept 2026,1 sept 2026,01/09/2026,Sí,CERRADAS,2026-09-01 13:31:56,Multilínea,Mono_item,Lima - Callao,39.95,Power ilim 79.90 SD N,Power ilim 79.90 SD N
Netcall,2 sept 2026,11,915263048,91526304889511710111068663661,9283,Outbound,Portabilidad Postpago,EXPRESS,Logixtal,5024,ABIERTAS,Entregado,Entregado,NET_EVELASQUEZB,SIM,2 sept 2026,null,null,No,ABIERTAS,null,Monolínea,Mono_item,Lambayeque,null,null,null
Netcall,1 sept 2026,10,914778530,9147785308165418471739,9283,Outbound,Portabilidad Postpago,EXPRESS,Logixtal,9001,ABIERTAS,Pendiente Entrega,Pendiente Entrega,NET_KCHUNAP,SIM,1 sept 2026,null,null,No,ABIERTAS,null,Monolínea,Mono_item,Lima - Callao,null,null,Power 59.90 N
Netcall,1 sept 2026,19,914945252,9149452528167158025043,9283,Outbound,Portabilidad Postpago,PROGRAMADO,Logixtal,5024,ABIERTAS,Pendiente Entrega,Pendiente Entrega,NET_EVELASQUEZB,SIM,2 sept 2026,null,null,No,ABIERTAS,null,Monolínea,Mono_item,Lambayeque,null,null,Power 59.90 N
Netcall,1 sept 2026,10,914795802,9147958028165579003636,9283,Outbound,Portabilidad Postpago,EXPRESS,Logixtal,9001,ABIERTAS,Pendiente Entrega,Pendiente Entrega,TLV_NET_JSILVAT,SIM,1 sept 2026,null,null,No,ABIERTAS,null,Monolínea,Mono_item,Lima - Callao,null,null,Power ilim 79.90 SD N
Netcall,1 sept 2026,13,914847006,9148470068166105647016,9283,Outbound,Portabilidad Postpago,PROGRAMADO,Logixtal,9001,ABIERTAS,Pendiente Entrega,Pendiente Entrega,NET_MVASQUEZV,SIM,2 sept 2026,null,null,No,ABIERTAS,null,Multilínea,Mono_item,Lima - Callao,null,null,Power ilim 79.90 SD N
Netcall,1 sept 2026,13,914845216,9148452168166089872118,9283,Outbound,Portabilidad Postpago,PROGRAMADO,Logixtal,9001,ABIERTAS,Pendiente Entrega,Pendiente Entrega,NET_MVASQUEZV,SIM,2 sept 2026,null,null,No,ABIERTAS,null,Multilínea,Mono_item,Lima - Callao,null,null,Power ilim 79.90 SD N
Netcall,2 sept 2026,11,915258085,91525808589511710111068663836,5299,Outbound,Portabilidad Postpago,EXPRESS,Logixtal,5024,ABIERTAS,Entregado,Entregado,NET_MMENDOZAV,SIM,2 sept 2026,null,null,No,ABIERTAS,null,Monolínea,Mono_item,Lambayeque,null,null,null
Netcall,2 sept 2026,15,915329584,91532958489511710111070808783,9271,Outbound,Portabilidad Postpago,PROGRAMADO,Logixtal,9001,ABIERTAS,Pendiente Entrega,Pendiente de Picking,NET_CDIAZG,SIM,3 sept 2026,null,null,No,ABIERTAS,null,Monolínea,Mono_item,Lima - Callao,null,null,null
Netcall,2 sept 2026,11,915254018,91525401889511710111073944890,9271,Outbound,Portabilidad Postpago,EXPRESS,Logixtal,9001,ABIERTAS,Entregado,Entregado,NET_FCASTILLOG,SIM,2 sept 2026,null,null,No,ABIERTAS,null,Monolínea,Mono_item,Lima - Callao,null,null,null
Netcall,2 sept 2026,9,915221482,91522148289511710121058099859,9283,Outbound,Portabilidad Postpago,PROGRAMADO,Logixtal,5024,ABIERTAS,Pendiente Entrega,Pendiente de Picking,NET_JSANGAMA,SIM,4 sept 2026,null,null,No,ABIERTAS,null,Monolínea,Mono_item,Lambayeque,null,null,null
Netcall,1 sept 2026,17,914912114,9149121148166825887653,9283,Outbound,Portabilidad Postpago,PROGRAMADO,Logixtal,9001,ABIERTAS,Pendiente Entrega,Pendiente Entrega,NET_KORTIZD,SIM,2 sept 2026,null,null,No,ABIERTAS,null,Monolínea,Mono_item,Lima - Callao,null,null,Power ilim 79.90 SD N
Netcall,2 sept 2026,12,915267013,91526701389511710111073944882,9283,Outbound,Portabilidad Postpago,EXPRESS,Logixtal,9001,ABIERTAS,Pendiente Entrega,Pendiente de Picking,NET_MFERRER,SIM,2 sept 2026,null,null,No,ABIERTAS,null,Multilínea,Mono_item,Lima - Callao,null,null,null
Netcall,2 sept 2026,10,915227900,91522790089511710111073739159,9283,Outbound,Portabilidad Postpago,EXPRESS,Logixtal,9001,ABIERTAS,Entregado,Entregado,TLV_NET_RSORIAH,SIM,2 sept 2026,null,null,No,ABIERTAS,null,Monolínea,Mono_item,Lima - Callao,null,null,null
Netcall,1 sept 2026,11,914800519,9148005198165630365247,9283,Outbound,Portabilidad Postpago,EXPRESS,Logixtal,9001,CANCELADAS,Anulado,ZONA PELIGROSA,NET_LLOBATONV,SIM,1 sept 2026,null,null,No,CANCELADAS,2026-09-01 11:33:13,Monolínea,Mono_item,Lima - Callao,null,null,Power ilim 79.90 SD N
Netcall,2 sept 2026,10,915228306,91522830689511710111071511717,9283,Outbound,Portabilidad Postpago,EXPRESS,Logixtal,9001,ABIERTAS,Entregado,Entregado,NET_ATORRESP,SIM,2 sept 2026,null,null,No,ABIERTAS,null,Multilínea,Mono_item,Lima - Callao,null,null,null
Netcall,1 sept 2026,15,914875599,9148755998166419494328,9283,Outbound,Portabilidad Postpago,EXPRESS,Logixtal,5024,ABIERTAS,Anulado,CLIENTE AUSENTE,NET_PWEILLH,SIM,1 sept 2026,null,null,No,ABIERTAS,null,Monolínea,Mono_item,Lambayeque,null,null,Power ilim 79.90 SD N
Netcall,2 sept 2026,10,915229352,91522935289511710111071511915,9283,Outbound,Portabilidad Postpago,EXPRESS,Logixtal,9001,ABIERTAS,Entregado,Entregado,NET_ATORRESP,SIM,2 sept 2026,null,null,No,ABIERTAS,null,Multilínea,Mono_item,Lima - Callao,null,null,null
Netcall,1 sept 2026,12,914834700,9148347008165971483361,9283,Outbound,Portabilidad Postpago,EXPRESS,Logixtal,9001,CERRADAS,Entregado,Entregado,NET_ELAURAQ,SIM,1 sept 2026,1 sept 2026,null,No,CERRADAS,2026-09-02 01:15:20,Monolínea,Mono_item,Lima - Callao,null,Power ilim 79.90 SD N,Power ilim 79.90 SD N
Netcall,2 sept 2026,7,915146173,91514617389511710111073940781,9283,Outbound,Portabilidad Postpago,EXPRESS,Logixtal,9001,CANCELADAS,Pendiente Entrega,Pendiente Entrega,NET_MFERRER,SIM,2 sept 2026,null,null,No,CANCELADAS,2026-09-02 08:45:30,Multilínea,Mono_item,Lima - Callao,null,null,null
Netcall,1 sept 2026,16,914901130,9149011308166698006962,9271,Outbound,Portabilidad Postpago,PROGRAMADO,Logixtal,9001,ABIERTAS,Pendiente Entrega,Pendiente Entrega,NET_MGSGRADOS,SIM,2 sept 2026,null,null,No,ABIERTAS,null,Monolínea,Mono_item,Lima - Callao,null,null,Power 59.90 N
Netcall,1 sept 2026,14,914857372,914857372,9283,Outbound,Portabilidad Postpago,EXPRESS,Logixtal,9001,CERRADAS,Entregado,Entregado,NET_APACHECO,SIM,1 sept 2026,1 sept 2026,null,No,CERRADAS,2026-09-02 00:20:15,Multilínea,Mono_item,Lima - Callao,null,Power ilim 79.90 SD N,null
Netcall,1 sept 2026,11,914808002,9148080028165704973151,9283,Outbound,Portabilidad Postpago,EXPRESS,Logixtal,9001,CERRADAS,Entregado,Entregado,NET_MDONAYRE,SIM,1 sept 2026,1 sept 2026,null,No,CERRADAS,2026-09-02 01:11:02,Multilínea,Mono_item,Lima - Callao,null,Power ilim 79.90 SD N,Power ilim 79.90 SD N
Netcall,1 sept 2026,16,914895759,9148957598166638857525,9283,Outbound,Portabilidad Postpago,PROGRAMADO,Logixtal,9001,ABIERTAS,Pendiente Entrega,Pendiente Entrega,NET_LCALDERONC,SIM,2 sept 2026,null,null,No,ABIERTAS,null,Monolínea,Mono_item,Lima - Callao,null,null,Power ilim 79.90 SD N
Netcall,1 sept 2026,11,914809014,9148090148165715610254,9283,Outbound,Portabilidad Postpago,EXPRESS,Logixtal,9001,CERRADAS,Entregado,Entregado,NET_JGUIOP,SIM,1 sept 2026,1 sept 2026,null,No,CERRADAS,2026-09-02 01:06:19,Monolínea,Mono_item,Lima - Callao,null,Power ilim 69.90 N,Power ilim 69.90 N
Netcall,2 sept 2026,15,915320876,91532087689511710111073718153,9283,Outbound,Portabilidad Postpago,PROGRAMADO,Logixtal,9001,ABIERTAS,Pendiente Entrega,Pendiente de Picking,TLV_NET_NHUAMAA,SIM,3 sept 2026,null,null,No,ABIERTAS,null,Monolínea,Mono_item,Lima - Callao,null,null,null
Netcall,1 sept 2026,12,914830541,9148305418165929050108,9283,Outbound,Portabilidad Postpago,EXPRESS,Logixtal,9001,CERRADAS,Entregado,Entregado,NET_MCSANCHEZ,SIM,1 sept 2026,1 sept 2026,null,No,CERRADAS,2026-09-02 01:18:13,Monolínea,Mono_item,Lima - Callao,null,Power ilim 79.90 SD N,Power ilim 79.90 SD N
Netcall,2 sept 2026,14,915311015,91531101589511710111070841479,9265,Outbound,Portabilidad Postpago,PROGRAMADO,Logixtal,9001,ABIERTAS,Pendiente Entrega,Pendiente de Picking,NET_IRODRIGUEZS,SIM,3 sept 2026,null,null,No,ABIERTAS,null,Monolínea,Mono_item,Lima - Callao,null,null,null
Netcall,1 sept 2026,11,914800784,914800784,9283,Outbound,Portabilidad Postpago,EXPRESS,Logixtal,9001,CERRADAS,Entregado,Entregado,NET_SCANTOT,SIM,1 sept 2026,1 sept 2026,null,No,CERRADAS,2026-09-02 00:27:25,Monolínea,Mono_item,Lima - Callao,null,Power 59.90 N,null
Netcall,2 sept 2026,16,915345278,91534527889511710111068663695,9283,Outbound,Portabilidad Postpago,EXPRESS,Logixtal,5024,ABIERTAS,Entregado,Entregado,NET_SMENDOZAV,SIM,2 sept 2026,null,null,No,ABIERTAS,null,Multilínea,Mono_item,Lambayeque,null,null,null
Netcall,2 sept 2026,16,915344371,91534437189511710111068663703,9283,Outbound,Portabilidad Postpago,EXPRESS,Logixtal,5024,ABIERTAS,Entregado,Entregado,NET_SMENDOZAV,SIM,2 sept 2026,null,null,No,ABIERTAS,null,Multilínea,Mono_item,Lambayeque,null,null,null
Netcall,2 sept 2026,11,915259441,91525944189511710101080565424,9283,Outbound,Portabilidad Postpago,PROGRAMADO,Logixtal,9001,ABIERTAS,Pendiente Entrega,Pendiente de Picking,NET_GLOPEZF,SIM,3 sept 2026,null,null,No,ABIERTAS,null,Monolínea,Mono_item,Lima - Callao,null,null,null
Netcall,1 sept 2026,12,914821077,914821077,9283,Outbound,Portabilidad Postpago,EXPRESS,Logixtal,9001,CERRADAS,Entregado,Entregado,NET_MORIHUELAQ,SIM,1 sept 2026,1 sept 2026,null,No,CERRADAS,2026-09-02 00:06:25,Monolínea,Mono_item,Lima - Callao,null,Power ilim 69.90 N,null
Netcall,1 sept 2026,12,914834587,9148345878165971130397,9283,Outbound,Portabilidad Postpago,EXPRESS,Logixtal,9001,CERRADAS,Entregado,Entregado,NET_LTVENTURAG,SIM,1 sept 2026,1 sept 2026,null,No,CERRADAS,2026-09-02 00:59:22,Multilínea,Multi_item,Lima - Callao,null,Power ilim 79.90 SD N,Power ilim 79.90 SD N
Netcall,2 sept 2026,10,915236593,91523659389511710111073944775,9283,Outbound,Portabilidad Postpago,EXPRESS,Logixtal,9001,ABIERTAS,Entregado,Entregado,NET_KAGRAMONTEM,SIM,2 sept 2026,null,null,No,ABIERTAS,null,Multilínea,Mono_item,Lima - Callao,null,null,null
Netcall,1 sept 2026,12,914834587,9148345878165971130616,9283,Outbound,Portabilidad Postpago,EXPRESS,Logixtal,9001,CERRADAS,Entregado,Entregado,NET_LTVENTURAG,SIM,1 sept 2026,1 sept 2026,null,No,CERRADAS,2026-09-02 00:59:22,Multilínea,Multi_item,Lima - Callao,null,Power ilim 79.90 SD N,Power ilim 79.90 SD N
Netcall,1 sept 2026,10,914785349,9147853498165476514321,9283,Outbound,Portabilidad Postpago,EXPRESS,Logixtal,9001,CANCELADAS,Anulado,CLIENTE DESISTE - NO BRINDA MOTIVOS,NET_LCCASTILLO,SIM,1 sept 2026,null,null,No,CANCELADAS,2026-09-01 17:54:45,Monolínea,Mono_item,Lima - Callao,null,null,Power ilim 79.90 SD N
Netcall,2 sept 2026,10,915235415,91523541589511710111073944734,9283,Outbound,Portabilidad Postpago,EXPRESS,Logixtal,9001,ABIERTAS,Entregado,Entregado,NET_KAGRAMONTEM,SIM,2 sept 2026,null,null,No,ABIERTAS,null,Multilínea,Mono_item,Lima - Callao,null,null,null
Netcall,1 sept 2026,8,914730849,9147308498165032664625,9283,Outbound,Portabilidad Postpago,EXPRESS,Logixtal,9001,CERRADAS,Entregado,Entregado,TLV_NET_DVALOI,SIM,1 sept 2026,1 sept 2026,null,No,CERRADAS,2026-09-02 00:42:29,Multilínea,Mono_item,Lima - Callao,null,Power ilim 79.90 SD N,Power ilim 79.90 SD N
Netcall,1 sept 2026,8,914732573,9147325738165047215265,9283,Outbound,Portabilidad Postpago,EXPRESS,Logixtal,9001,CERRADAS,Entregado,Entregado,TLV_NET_DVALOI,SIM,1 sept 2026,1 sept 2026,null,No,CERRADAS,2026-09-02 04:00:48,Multilínea,Mono_item,Lima - Callao,null,Power ilim 79.90 SD N,Power ilim 79.90 SD N
Netcall,2 sept 2026,12,915270433,91527043389511710111071057083,9271,Outbound,Portabilidad Postpago,EXPRESS,Logixtal,9001,ABIERTAS,Entregado,Entregado,NET_FQUISPEP,SIM,2 sept 2026,null,null,No,ABIERTAS,null,Monolínea,Mono_item,Lima - Callao,null,null,null
Netcall,1 sept 2026,14,914858358,9148583588166227440104,9283,Outbound,Venta Regular / Alta,EXPRESS,Logixtal,9001,CERRADAS,Entregado,Entregado,NET_APACHECO,SIM,1 sept 2026,1 sept 2026,01/09/2026,Sí,CERRADAS,2026-09-01 15:50:46,Multilínea,Mono_item,Lima - Callao,39.95,Power ilim 79.90 SD N,Power ilim 79.90 SD N
Netcall,2 sept 2026,17,915363653,91536365389511710101029953376,9259,Outbound,Portabilidad Postpago,PROGRAMADO,Logixtal,9001,ABIERTAS,Pendiente Entrega,Pendiente de Picking,TLV_NET_MRONCAL,SIM,3 sept 2026,null,null,No,ABIERTAS,null,Monolínea,Mono_item,Lima - Callao,null,null,null
Netcall,2 sept 2026,10,915230813,91523081389511710111073739183,9283,Outbound,Portabilidad Postpago,EXPRESS,Logixtal,9001,ABIERTAS,Entregado,Entregado,NET_MORIHUELAQ,SIM,2 sept 2026,null,null,No,ABIERTAS,null,Monolínea,Mono_item,Lima - Callao,null,null,null
Netcall,2 sept 2026,11,915261990,91526199089511710111073739332,9271,Outbound,Portabilidad Postpago,EXPRESS,Logixtal,9001,ABIERTAS,Entregado,Entregado,NET_PHUAMANM,SIM,2 sept 2026,null,null,No,ABIERTAS,null,Monolínea,Mono_item,Lima - Callao,null,null,null
Netcall,2 sept 2026,18,915371446,915371446Empty,9283,Outbound,Portabilidad Postpago,PROGRAMADO,Logixtal,9001,ABIERTAS,Pendiente Entrega,Pendiente de Picking,NET_ACORDOVAS,SIM,3 sept 2026,null,null,No,ABIERTAS,null,Monolínea,Mono_item,Lima - Callao,null,null,null
Netcall,1 sept 2026,8,914740354,9147403548165109871212,9283,Outbound,Portabilidad Postpago,PROGRAMADO,Logixtal,5021,ABIERTAS,Pendiente Entrega,Pendiente Entrega,NET_YVEGASA,SIM,2 sept 2026,null,null,No,ABIERTAS,null,Multilínea,Mono_item,Piura,null,null,Power ilim 79.90 SD N
Netcall,2 sept 2026,10,915234381,91523438189511710111070508763,9283,Outbound,Portabilidad Postpago,PROGRAMADO,Logixtal,5021,ABIERTAS,Pendiente Entrega,Pendiente de Picking,NET_JIYASHAMAR,SIM,9 sept 2026,null,null,No,ABIERTAS,null,Monolínea,Mono_item,Piura,null,null,null
Netcall,2 sept 2026,16,915332132,91533213289511710111070510033,9271,Outbound,Portabilidad Postpago,PROGRAMADO,Logixtal,5021,ABIERTAS,Pendiente Entrega,Pendiente de Picking,NET_BATOP,SIM,9 sept 2026,null,null,No,ABIERTAS,null,Monolínea,Mono_item,Piura,null,null,null
Netcall,1 sept 2026,8,914749949,9147499498165176284848,9283,Outbound,Portabilidad Postpago,PROGRAMADO,Logixtal,5021,ABIERTAS,Pendiente Entrega,Pendiente Entrega,NET_YVEGASA,SIM,9 sept 2026,null,null,No,ABIERTAS,null,Multilínea,Mono_item,Piura,null,null,Power ilim 79.90 SD N
Netcall,1 sept 2026,14,914853895,9148538958166179045924,9283,Outbound,Portabilidad Postpago,EXPRESS,Logixtal,9001,CERRADAS,Entregado,Entregado,NET_JRIVADENEIC,SIM,1 sept 2026,1 sept 2026,null,No,CERRADAS,2026-09-02 01:50:02,Monolínea,Mono_item,Lima - Callao,null,Power 59.90 N,Power 59.90 N
Netcall,1 sept 2026,16,914898774,914898774,9289,Outbound,Portabilidad Postpago,EXPRESS,Logixtal,9001,CERRADAS,Entregado,Entregado,TLV_NET_MLANDAR,SIM,1 sept 2026,1 sept 2026,null,No,CERRADAS,2026-09-02 00:29:01,Monolínea,Mono_item,Lima - Callao,null,Power 59.90 N,null
Netcall,2 sept 2026,9,915220531,91522053189511710111073941029,9283,Outbound,Portabilidad Postpago,EXPRESS,Logixtal,9001,ABIERTAS,Entregado,Entregado,NET_JYPEREZV,SIM,2 sept 2026,null,null,No,ABIERTAS,null,Monolínea,Mono_item,Lima - Callao,null,null,null
Netcall,1 sept 2026,18,914923714,9149237148166941717436,9289,Outbound,Portabilidad Postpago,EXPRESS,Logixtal,9001,CERRADAS,Entregado,Entregado,TLV_NET_MLANDAR,SIM,1 sept 2026,1 sept 2026,null,No,CERRADAS,2026-09-02 00:55:09,Monolínea,Mono_item,Lima - Callao,null,Power 59.90 N,Power 59.90 N
Netcall,2 sept 2026,11,915246305,91524630589511710111073796902,9283,Outbound,Portabilidad Postpago,EXPRESS,Logixtal,9001,ABIERTAS,Entregado,Entregado,TLV_NET_KARANDA,SIM,2 sept 2026,null,null,No,ABIERTAS,null,Multilínea,Mono_item,Lima - Callao,null,null,null
Netcall,2 sept 2026,10,915234760,91523476089511710111073796985,9283,Outbound,Portabilidad Postpago,EXPRESS,Logixtal,9001,ABIERTAS,Entregado,Entregado,NET_FLABANM,SIM,2 sept 2026,null,null,No,ABIERTAS,null,Monolínea,Mono_item,Lima - Callao,null,null,null
Netcall,2 sept 2026,11,915249274,91524927489511710111073796928,9283,Outbound,Portabilidad Postpago,EXPRESS,Logixtal,9001,ABIERTAS,Entregado,Entregado,TLV_NET_KARANDA,SIM,2 sept 2026,null,null,No,ABIERTAS,null,Multilínea,Mono_item,Lima - Callao,null,null,null
Netcall,2 sept 2026,18,915384155,91538415589511710111073796530,9283,Outbound,Venta Regular / Alta,EXPRESS,Logixtal,9001,ABIERTAS,Pendiente Entrega,Pendiente de Picking,NET_JLCASTILLOU,SIM,2 sept 2026,null,null,No,ABIERTAS,null,Monolínea,Mono_item,Lima - Callao,null,null,null
Netcall,1 sept 2026,11,914806186,914806186,9271,Outbound,Portabilidad Postpago,EXPRESS,Logixtal,9001,CERRADAS,Entregado,Entregado,NET_HDOMINGUEZC,SIM,1 sept 2026,1 sept 2026,null,No,CERRADAS,2026-09-02 00:17:11,Monolínea,Mono_item,Lima - Callao,null,Power 59.90 N,null
Netcall,1 sept 2026,10,914780802,9147808028165436745633,9283,Outbound,Portabilidad Postpago,EXPRESS,Logixtal,9001,CANCELADAS,Anulado,PIN PORTA_NO VALIDO,NET_JQUINECHEB,SIM,1 sept 2026,null,null,No,CANCELADAS,2026-09-01 15:33:05,Monolínea,Mono_item,Lima - Callao,null,null,Power 59.90 N
Netcall,1 sept 2026,17,914908237,9149082378166782213544,9283,Outbound,Portabilidad Postpago,EXPRESS,Logixtal,9001,CERRADAS,Entregado,Entregado,NET_KROJASNAUPA,SIM,1 sept 2026,1 sept 2026,null,No,CERRADAS,2026-09-02 03:18:06,Monolínea,Mono_item,Lima - Callao,null,Power ilim 79.90 SD N,Power ilim 79.90 SD N
Netcall,2 sept 2026,12,915277742,91527774289511710111073796993,9283,Outbound,Portabilidad Postpago,EXPRESS,Logixtal,9001,ABIERTAS,Pendiente Entrega,Pendiente de Picking,NET_LFIESTASG,SIM,2 sept 2026,null,null,No,ABIERTAS,null,Monolínea,Mono_item,Lima - Callao,null,null,null
Netcall,1 sept 2026,9,914775284,914775284,5299,Outbound,Portabilidad Postpago,EXPRESS,Logixtal,9001,CERRADAS,Entregado,Entregado,NET_JBOZAC,SIM,1 sept 2026,1 sept 2026,null,No,CERRADAS,2026-09-02 00:16:29,Monolínea,Mono_item,Lima - Callao,null,Power 59.90 N,null
Netcall,1 sept 2026,9,914763852,914763852,9283,Outbound,Portabilidad Postpago,EXPRESS,Logixtal,9001,CERRADAS,Entregado,Entregado,TLV_NET_BCHAVEZ,SIM,1 sept 2026,1 sept 2026,null,No,CERRADAS,2026-09-02 00:27:31,Monolínea,Mono_item,Lima - Callao,null,Power 59.90 N,null
Netcall,2 sept 2026,12,915283883,91528388389511710101029951396,9283,Outbound,Portabilidad Postpago,EXPRESS,Logixtal,9001,ABIERTAS,Entregado,Entregado,NET_SPALACIOSA,SIM,2 sept 2026,null,null,No,ABIERTAS,null,Monolínea,Mono_item,Lima - Callao,null,null,null
Netcall,1 sept 2026,14,914862090,914862090,9283,Outbound,Portabilidad Postpago,EXPRESS,Logixtal,5023,CERRADAS,Entregado,Entregado,NET_RURBINAG,SIM,1 sept 2026,1 sept 2026,null,No,CERRADAS,2026-09-02 00:28:05,Monolínea,Mono_item,La Libertad,null,Power ilim 69.90 N,null
Netcall,2 sept 2026,10,915227073,91522707389511710111068694690,5299,Outbound,Portabilidad Postpago,EXPRESS,Logixtal,5023,ABIERTAS,Entregado,Entregado,NET_RCANDIOTTIA,SIM,2 sept 2026,null,null,No,ABIERTAS,null,Multilínea,Mono_item,La Libertad,null,null,null
Netcall,2 sept 2026,10,915229476,91522947689511710111068694682,5299,Outbound,Portabilidad Postpago,EXPRESS,Logixtal,5023,ABIERTAS,Entregado,Entregado,NET_RCANDIOTTIA,SIM,2 sept 2026,null,null,No,ABIERTAS,null,Multilínea,Mono_item,La Libertad,null,null,null
Netcall,2 sept 2026,11,915257933,91525793389511710111071784215,5299,Outbound,Venta Regular / Alta,EXPRESS,Logixtal,5023,CERRADAS,Entregado,Entregado,NET_RCANDIOTTIA,SIM,2 sept 2026,2 sept 2026,null,No,CERRADAS,2026-09-02 14:59:25,Multilínea,Mono_item,La Libertad,null,Power ilim 79.90 SD N,null
Netcall,1 sept 2026,9,914765912,914765912,9271,Outbound,Portabilidad Postpago,EXPRESS,Logixtal,5023,CERRADAS,Entregado,Entregado,NET_CREYESJ,SIM,1 sept 2026,1 sept 2026,null,No,CERRADAS,2026-09-02 00:16:42,Monolínea,Mono_item,La Libertad,null,Power 59.90 N,null
Netcall,2 sept 2026,17,915370082,91537008289511710111071784660,9283,Outbound,Portabilidad Postpago,PROGRAMADO,Logixtal,5023,ABIERTAS,Pendiente Entrega,Pendiente de Picking,NET_GDIAZS,SIM,3 sept 2026,null,null,No,ABIERTAS,null,Monolínea,Mono_item,La Libertad,null,null,null
Netcall,2 sept 2026,9,915220751,91522075189511710101054447054,9283,Outbound,Venta Regular / Alta,EXPRESS,Logixtal,5023,CERRADAS,Entregado,Entregado,NET_LRUIZH,SIM,2 sept 2026,2 sept 2026,null,No,CERRADAS,2026-09-02 16:04:03,Monolínea,Mono_item,La Libertad,null,Power 59.90 N,null
Netcall,2 sept 2026,10,915228227,91522822789511710111068694674,5299,Outbound,Portabilidad Postpago,EXPRESS,Logixtal,5023,ABIERTAS,Entregado,Entregado,NET_RCANDIOTTIA,SIM,2 sept 2026,null,null,No,ABIERTAS,null,Multilínea,Mono_item,La Libertad,null,null,null
Netcall,1 sept 2026,14,914866578,9148665788166319523360,9283,Outbound,Venta Regular / Alta,EXPRESS,Logixtal,5023,CERRADAS,Entregado,Entregado,NET_ARIVERA,SIM,1 sept 2026,1 sept 2026,01/09/2026,Sí,CERRADAS,2026-09-01 18:13:17,Monolínea,Mono_item,La Libertad,19.95,Power ilim 79.90 SD N,Power ilim 79.90 SD N
Netcall,2 sept 2026,11,915255598,915255598Empty,9283,Outbound,Portabilidad Postpago,RETIRO EN TIENDA,Retiro en tienda,3215,ABIERTAS,Pendiente Entrega,Pendiente Entrega,NET_BDELGADOC,SIM,2 sept 2026,null,null,No,ABIERTAS,null,Monolínea,Mono_item,Cusco,null,null,null
Netcall,2 sept 2026,12,915275685,915275685Empty,9283,Outbound,Portabilidad Postpago,RETIRO EN TIENDA,Retiro en tienda,3215,ABIERTAS,Pendiente Entrega,Pendiente Entrega,NET_JRIVADENEIC,SIM,2 sept 2026,null,null,No,ABIERTAS,null,Monolínea,Mono_item,Cusco,null,null,null
Netcall,2 sept 2026,10,915230833,915230833Empty,9283,Outbound,Portabilidad Postpago,RETIRO EN TIENDA,Retiro en tienda,3215,ABIERTAS,Pendiente Entrega,Pendiente Entrega,NET_JCAVEROC,SIM,2 sept 2026,null,null,No,ABIERTAS,null,Multilínea,Mono_item,Cusco,null,null,null
Netcall,2 sept 2026,17,915364156,915364156Empty,9283,Outbound,Portabilidad Postpago,RETIRO EN TIENDA,Retiro en tienda,3215,ABIERTAS,Pendiente Entrega,Pendiente Entrega,TLV_NET_JSOTOZ,SIM,2 sept 2026,null,null,No,ABIERTAS,null,Monolínea,Mono_item,Cusco,null,null,null
Netcall,1 sept 2026,10,914781011,9147810118165440507966,9283,Outbound,Portabilidad Postpago,RETIRO EN TIENDA,Retiro en tienda,3215,ABIERTAS,Pendiente Entrega,Pendiente Entrega,NET_DGHERRERA,SIM,1 sept 2026,null,null,No,ABIERTAS,null,Multilínea,Mono_item,Cusco,null,null,Power ilim 79.90 SD N
Netcall,1 sept 2026,10,914780285,9147802858165431693203,9283,Outbound,Portabilidad Postpago,RETIRO EN TIENDA,Retiro en tienda,3215,ABIERTAS,Pendiente Entrega,Pendiente Entrega,NET_DGHERRERA,SIM,1 sept 2026,null,null,No,ABIERTAS,null,Multilínea,Mono_item,Cusco,null,null,Power ilim 79.90 SD N
Netcall,2 sept 2026,10,915231925,915231925Empty,9283,Outbound,Portabilidad Postpago,RETIRO EN TIENDA,Retiro en tienda,3215,ABIERTAS,Pendiente Entrega,Pendiente Entrega,NET_JCAVEROC,SIM,2 sept 2026,null,null,No,ABIERTAS,null,Multilínea,Mono_item,Cusco,null,null,null
Netcall,1 sept 2026,10,914781814,9147818148165449660554,9283,Outbound,Portabilidad Postpago,RETIRO EN TIENDA,Retiro en tienda,3215,CERRADAS,Entregado,Entregado,NET_DGHERRERA,SIM,1 sept 2026,1 sept 2026,null,No,CERRADAS,2026-09-02 01:35:48,Multilínea,Mono_item,Cusco,null,Power ilim 79.90 SD N,Power ilim 79.90 SD N
Netcall,2 sept 2026,13,915287345,915287345Empty,9283,Outbound,Portabilidad Postpago,PROGRAMADO,Logixtal,5021,CANCELADAS,Pendiente Entrega,Pendiente de Picking,NET_AARANDAB,SIM,4 sept 2026,null,null,No,CANCELADAS,2026-09-02 13:48:23,Multilínea,Mono_item,Piura,null,null,null
Netcall,2 sept 2026,14,915305688,91530568889511710101047125858,9283,Outbound,Portabilidad Postpago,PROGRAMADO,Logixtal,5021,CANCELADAS,Pendiente Entrega,Pendiente de Picking,NET_AARANDAB,SIM,4 sept 2026,null,null,No,CANCELADAS,2026-09-02 14:54:53,Multilínea,Mono_item,Piura,null,null,null
Netcall,1 sept 2026,13,914835690,9148356908165995804290,9283,Outbound,Venta Regular / Alta,EXPRESS,Logixtal,9352,CERRADAS,Entregado,Entregado,NET_MCELISG,SIM,1 sept 2026,1 sept 2026,01/09/2026,Sí,CERRADAS,2026-09-01 18:23:31,Monolínea,Mono_item,San Martin,39.9,Power 39.90 N,Power 39.90 N
Netcall,1 sept 2026,13,914848702,9148487028166125714754,9283,Outbound,Portabilidad Postpago,PROGRAMADO,Logixtal,5021,ABIERTAS,Pendiente Entrega,Pendiente Entrega,NET_YVEGASA,SIM,2 sept 2026,null,null,No,ABIERTAS,null,Multilínea,Mono_item,Piura,null,null,Power ilim 79.90 SD N
Netcall,1 sept 2026,13,914847782,9148477828166112510046,9283,Outbound,Venta Regular / Alta,PROGRAMADO,Logixtal,5021,ABIERTAS,Pendiente Entrega,Pendiente Entrega,NET_YVEGASA,SIM,2 sept 2026,null,null,No,ABIERTAS,null,Multilínea,Mono_item,Piura,null,null,Power ilim 79.90 SD N
Netcall,1 sept 2026,12,914825745,9148257458165880223226,9289,Outbound,Portabilidad Postpago,RETIRO EN TIENDA,Retiro en tienda,3013,CANCELADAS,Cancelado,Cancelado,TLV_NET_MLANDAR,SIM,1 sept 2026,null,null,No,CANCELADAS,2026-09-01 14:16:04,Multilínea,Mono_item,Junin,null,null,Power ilim 79.90 SD N
Netcall,2 sept 2026,9,915214229,915214229Empty,9283,Outbound,Portabilidad Postpago,RETIRO EN TIENDA,Retiro en tienda,3013,ABIERTAS,Pendiente Entrega,Pendiente Entrega,NET_JSIADEN,SIM,2 sept 2026,null,null,No,ABIERTAS,null,Monolínea,Mono_item,Junin,null,null,null
Netcall,1 sept 2026,13,914843261,9148432618166066413687,9283,Outbound,Portabilidad Postpago,RETIRO EN TIENDA,Retiro en tienda,3013,ABIERTAS,Pendiente Entrega,Pendiente Entrega,NET_CQUISPITONO,SIM,1 sept 2026,null,null,No,ABIERTAS,null,Monolínea,Mono_item,Junin,null,null,Power 59.90 N
Netcall,1 sept 2026,11,914802088,9148020888165649038097,9283,Outbound,Portabilidad Postpago,RETIRO EN TIENDA,Retiro en tienda,3013,ABIERTAS,Pendiente Entrega,Pendiente Entrega,NET_STAVARALIVI,SIM,1 sept 2026,null,null,No,ABIERTAS,null,Multilínea,Multi_item,Junin,null,null,Power ilim 79.90 SD N
Netcall,2 sept 2026,13,915288423,915288423Empty,9271,Outbound,Portabilidad Postpago,RETIRO EN TIENDA,Retiro en tienda,7229,ABIERTAS,Pendiente Entrega,Pendiente Entrega,NET_BATOP,SIM,2 sept 2026,null,null,No,ABIERTAS,null,Monolínea,Mono_item,Junin,null,null,null
Netcall,2 sept 2026,10,915227070,915227070Empty,9283,Outbound,Portabilidad Postpago,RETIRO EN TIENDA,Retiro en tienda,3013,ABIERTAS,Pendiente Entrega,Pendiente Entrega,NET_ECHEROS,SIM,2 sept 2026,null,null,No,ABIERTAS,null,Monolínea,Mono_item,Junin,null,null,null
Netcall,2 sept 2026,9,915223688,915223688Empty,5299,Outbound,Portabilidad Postpago,RETIRO EN TIENDA,Retiro en tienda,3013,ABIERTAS,Pendiente Entrega,Pendiente Entrega,NET_LVIZCARRARO,SIM,2 sept 2026,null,null,No,ABIERTAS,null,Monolínea,Mono_item,Junin,null,null,null
Netcall,1 sept 2026,17,914903962,9149039628166736901076,9283,Outbound,Portabilidad Postpago,RETIRO EN TIENDA,Retiro en tienda,7229,CANCELADAS,Cancelado,Cancelado,NET_DVALVERDEM,SIM,1 sept 2026,null,null,No,CANCELADAS,2026-09-01 18:47:31,Multilínea,Mono_item,Junin,null,null,Power ilim 79.90 SD N
Netcall,1 sept 2026,11,914802088,9148020888165649020878,9283,Outbound,Portabilidad Postpago,RETIRO EN TIENDA,Retiro en tienda,3013,ABIERTAS,Pendiente Entrega,Pendiente Entrega,NET_STAVARALIVI,SIM,1 sept 2026,null,null,No,ABIERTAS,null,Multilínea,Multi_item,Junin,null,null,Power ilim 79.90 SD N
Netcall,1 sept 2026,16,914890466,9148904668166581163064,9283,Outbound,Portabilidad Postpago,RETIRO EN TIENDA,Retiro en tienda,7229,CANCELADAS,Cancelado,Cancelado,NET_DVALVERDEM,SIM,1 sept 2026,null,null,No,CANCELADAS,2026-09-01 19:17:24,Multilínea,Mono_item,Junin,null,null,Power ilim 79.90 SD N
Netcall,1 sept 2026,16,914890352,9148903528166580196949,9283,Outbound,Portabilidad Postpago,RETIRO EN TIENDA,Retiro en tienda,3013,CERRADAS,Entregado,Entregado,NET_SDIAZO,SIM,1 sept 2026,1 sept 2026,null,No,CERRADAS,2026-09-02 01:23:54,Monolínea,Mono_item,Junin,null,Power ilim 79.90 SD N,Power ilim 79.90 SD N
Netcall,1 sept 2026,9,914763279,9147632798165301235634,9283,Outbound,Portabilidad Postpago,RETIRO EN TIENDA,Retiro en tienda,3013,ABIERTAS,Pendiente Entrega,Pendiente Entrega,NET_ACREGALADO,SIM,1 sept 2026,null,null,No,ABIERTAS,null,Monolínea,Mono_item,Junin,null,null,Power ilim 69.90 N
Netcall,1 sept 2026,13,914845106,9148451068166089446540,9283,Outbound,Portabilidad Postpago,RETIRO EN TIENDA,Retiro en tienda,8028,ABIERTAS,Pendiente Entrega,Pendiente Entrega,NET_LCAMPOSCABR,SIM,1 sept 2026,null,null,No,ABIERTAS,null,Monolínea,Mono_item,Junin,null,null,Power ilim 79.90 SD N
Netcall,1 sept 2026,9,914757358,9147573588165231234508,9283,Outbound,Portabilidad Postpago,RETIRO EN TIENDA,Retiro en tienda,7229,ABIERTAS,Pendiente Entrega,Pendiente Entrega,NET_MCASTILLOC,SIM,1 sept 2026,null,null,No,ABIERTAS,null,Monolínea,Mono_item,Junin,null,null,Power 59.90 N
Netcall,1 sept 2026,13,914840704,9148407048166037636983,9283,Outbound,Portabilidad Postpago,RETIRO EN TIENDA,Retiro en tienda,3013,ABIERTAS,Pendiente Entrega,Pendiente Entrega,TLV_NET_SFERNAN,SIM,1 sept 2026,null,null,No,ABIERTAS,null,Multilínea,Mono_item,Junin,null,null,Power ilim 79.90 SD N
Netcall,1 sept 2026,18,914877613,914877613,9283,Outbound,Portabilidad Postpago,RETIRO EN TIENDA,Retiro en tienda,3013,CERRADAS,Entregado,Entregado,NET_JSIADEN,SIM,1 sept 2026,1 sept 2026,null,No,CERRADAS,2026-09-02 00:36:28,Monolínea,Mono_item,Junin,null,Power ilim 79.90 SD N,null
Netcall,1 sept 2026,13,914841935,9148419358166050952447,9283,Outbound,Portabilidad Postpago,RETIRO EN TIENDA,Retiro en tienda,3013,ABIERTAS,Pendiente Entrega,Pendiente Entrega,TLV_NET_SFERNAN,SIM,1 sept 2026,null,null,No,ABIERTAS,null,Multilínea,Mono_item,Junin,null,null,Power ilim 79.90 SD N
Netcall,1 sept 2026,13,914847754,9148477548166115636928,9283,Outbound,Portabilidad Postpago,RETIRO EN TIENDA,Retiro en tienda,7229,ABIERTAS,Pendiente Entrega,Pendiente Entrega,NET_THUAMANIP,SIM,1 sept 2026,null,null,No,ABIERTAS,null,Monolínea,Mono_item,Junin,null,null,Power ilim 79.90 SD N
Netcall,1 sept 2026,16,914889381,9148893818166569652717,9283,Outbound,Portabilidad Postpago,RETIRO EN TIENDA,Retiro en tienda,7229,CANCELADAS,Cancelado,Cancelado,NET_DVALVERDEM,SIM,1 sept 2026,null,null,No,CANCELADAS,2026-09-01 19:07:21,Multilínea,Mono_item,Junin,null,null,Power ilim 79.90 SD N
Netcall,1 sept 2026,11,914801261,9148012618165637663513,9283,Outbound,Portabilidad Postpago,RETIRO EN TIENDA,Retiro en tienda,7106,ABIERTAS,Pendiente Entrega,Pendiente Entrega,NET_ALOPEZD,SIM,1 sept 2026,null,null,No,ABIERTAS,null,Multilínea,Mono_item,Junin,null,null,Power ilim 79.90 SD N
Netcall,2 sept 2026,18,915378436,915378436Empty,9283,Outbound,Portabilidad Postpago,RETIRO EN TIENDA,Retiro en tienda,3013,ABIERTAS,Pendiente Entrega,Pendiente Entrega,NET_MHUAPAYAQ,SIM,2 sept 2026,null,null,No,ABIERTAS,null,Monolínea,Mono_item,Junin,null,null,null
Netcall,1 sept 2026,11,914802813,9148028138165649751259,9283,Outbound,Portabilidad Postpago,RETIRO EN TIENDA,Retiro en tienda,7106,ABIERTAS,Pendiente Entrega,Pendiente Entrega,NET_ALOPEZD,SIM,1 sept 2026,null,null,No,ABIERTAS,null,Multilínea,Mono_item,Junin,null,null,Power ilim 79.90 SD N
Netcall,1 sept 2026,16,914901517,9149015178166710014215,9283,Outbound,Portabilidad Postpago,RETIRO EN TIENDA,Retiro en tienda,3013,CANCELADAS,Cancelado,Cancelado,NET_JSIADEN,SIM,1 sept 2026,null,null,No,CANCELADAS,2026-09-01 22:00:21,Monolínea,Mono_item,Junin,null,null,Power ilim 79.90 SD N
Netcall,2 sept 2026,18,915377921,915377921Empty,9283,Outbound,Portabilidad Postpago,RETIRO EN TIENDA,Retiro en tienda,3013,ABIERTAS,Pendiente Entrega,Pendiente Entrega,NET_LMANRIQUED,SIM,2 sept 2026,null,null,No,ABIERTAS,null,Monolínea,Mono_item,Junin,null,null,null
Netcall,1 sept 2026,10,914778824,9147788248165421818474,9283,Outbound,Portabilidad Postpago,RETIRO EN TIENDA,Retiro en tienda,3013,CERRADAS,Entregado,Entregado,NET_MLFERNANDEV,SIM,1 sept 2026,1 sept 2026,null,No,CERRADAS,2026-09-02 03:16:11,Monolínea,Mono_item,Junin,null,Power 59.90 N,Power 59.90 N
Netcall,2 sept 2026,16,915347835,915347835Empty,9283,Outbound,Portabilidad Postpago,PROGRAMADO,Retiro en tienda,9351,ABIERTAS,Pendiente Entrega,Pendiente Entrega,NET_CPINELLAC,SIM,3 sept 2026,null,null,No,ABIERTAS,null,Monolínea,Mono_item,Puno,null,null,null
Netcall,1 sept 2026,10,914777467,9147774678165407118074,9283,Outbound,Portabilidad Postpago,EXPRESS,Logixtal,9351,CERRADAS,Entregado,Entregado,NET_RTORRESB,SIM,1 sept 2026,1 sept 2026,null,No,CERRADAS,2026-09-02 01:49:03,Monolínea,Mono_item,Puno,null,Power ilim 79.90 SD N,Power ilim 79.90 SD N
Netcall,1 sept 2026,14,914865535,9148655358166309742744,9283,Outbound,Portabilidad Postpago,EXPRESS,Logixtal,9351,CERRADAS,Entregado,Entregado,NET_JCHAVEZC,SIM,1 sept 2026,1 sept 2026,null,No,CERRADAS,2026-09-02 00:49:01,Monolínea,Mono_item,Puno,null,Power 59.90 N,Power 59.90 N
Netcall,1 sept 2026,9,914772986,9147729868165362236793,9283,Outbound,Portabilidad Postpago,EXPRESS,Logixtal,9351,CERRADAS,Entregado,Entregado,NET_RCARDENASH,SIM,1 sept 2026,1 sept 2026,null,No,CERRADAS,2026-09-02 00:42:22,Multilínea,Mono_item,Puno,null,Power ilim 79.90 SD N,Power ilim 79.90 SD N
Netcall,2 sept 2026,14,915304761,91530476189511710111070965997,9283,Outbound,Portabilidad Postpago,EXPRESS,Retiro en tienda,9351,ABIERTAS,Entregado,Entregado,NET_MGONZALESPE,SIM,2 sept 2026,null,null,No,ABIERTAS,null,Multilínea,Mono_item,Puno,null,null,null
Netcall,1 sept 2026,12,914819468,9148194688165819492355,9289,Outbound,Portabilidad Postpago,EXPRESS,Logixtal,9351,CERRADAS,Entregado,Entregado,TLV_NET_MLANDAR,SIM,1 sept 2026,1 sept 2026,null,No,CERRADAS,2026-09-02 01:05:44,Monolínea,Mono_item,Puno,null,Power 59.90 N,Power 59.90 N
Netcall,1 sept 2026,10,914779551,9147795518165426294931,9283,Outbound,Portabilidad Postpago,EXPRESS,Logixtal,9351,CERRADAS,Entregado,Entregado,NET_AAPOLAYACAC,SIM,1 sept 2026,1 sept 2026,null,No,CERRADAS,2026-09-02 01:00:56,Monolínea,Mono_item,Puno,null,Power 59.90 N,Power 59.90 N
Netcall,2 sept 2026,16,915338764,915338764Empty,9271,Outbound,Portabilidad Postpago,PROGRAMADO,Retiro en tienda,9351,ABIERTAS,Pendiente Entrega,Pendiente Entrega,TLV_NET_GANACLE,SIM,3 sept 2026,null,null,No,ABIERTAS,null,Monolínea,Mono_item,Puno,null,null,null
Netcall,2 sept 2026,9,915224053,915224053Empty,9283,Outbound,Portabilidad Postpago,PROGRAMADO,Retiro en tienda,9351,ABIERTAS,Pendiente Entrega,Pendiente Entrega,NET_MDIAZP,SIM,3 sept 2026,null,null,No,ABIERTAS,null,Monolínea,Mono_item,Puno,null,null,null
Netcall,1 sept 2026,12,914817732,914817732,9283,Outbound,Portabilidad Postpago,EXPRESS,Logixtal,9351,CERRADAS,Entregado,Entregado,NET_LCIRILOS,SIM,1 sept 2026,1 sept 2026,null,No,CERRADAS,2026-09-02 00:15:27,Monolínea,Mono_item,Puno,null,Power 59.90 N,null
Netcall,1 sept 2026,16,914896761,914896761,5299,Outbound,Portabilidad Postpago,EXPRESS,Logixtal,9351,CERRADAS,Entregado,Entregado,NET_MCORDOVACRU,SIM,1 sept 2026,1 sept 2026,null,No,CERRADAS,2026-09-02 00:37:56,Monolínea,Mono_item,Puno,null,Power ilim 79.90 SD N,null
Netcall,1 sept 2026,13,914838384,9148383848166012094982,9283,Outbound,Venta Regular / Alta,EXPRESS,Logixtal,9351,CERRADAS,Entregado,Entregado,NET_JSIADEN,SIM,1 sept 2026,1 sept 2026,01/09/2026,Sí,CERRADAS,2026-09-01 18:25:47,Monolínea,Mono_item,Puno,39.9,Power 39.90 N,Power 39.90 N
Netcall,2 sept 2026,14,915301263,91530126389511710111070994856,9283,Outbound,Portabilidad Postpago,EXPRESS,Retiro en tienda,9351,ABIERTAS,Entregado,Entregado,TLV_NET_MCHAMBI,SIM,2 sept 2026,null,null,No,ABIERTAS,null,Monolínea,Mono_item,Puno,null,null,null
Netcall,2 sept 2026,14,915305559,91530555989511710111070965989,9283,Outbound,Portabilidad Postpago,EXPRESS,Retiro en tienda,9351,ABIERTAS,Entregado,Entregado,NET_MGONZALESPE,SIM,2 sept 2026,null,null,No,ABIERTAS,null,Multilínea,Mono_item,Puno,null,null,null
Netcall,2 sept 2026,11,915253864,915253864Empty,5299,Outbound,Portabilidad Postpago,PROGRAMADO,Retiro en tienda,9351,ABIERTAS,Pendiente Entrega,Pendiente Entrega,NET_BTRUJILLOT,SIM,3 sept 2026,null,null,No,ABIERTAS,null,Monolínea,Mono_item,Puno,null,null,null
Netcall,2 sept 2026,14,915304430,91530443089511710111070993858,5299,Outbound,Portabilidad Postpago,EXPRESS,Retiro en tienda,9351,ABIERTAS,Entregado,Entregado,NET_MCORDOVACRU,SIM,2 sept 2026,null,null,No,ABIERTAS,null,Monolínea,Mono_item,Puno,null,null,null
Netcall,2 sept 2026,15,915325510,91532551089511710111070993841,9271,Outbound,Portabilidad Postpago,EXPRESS,Retiro en tienda,9351,ERROR,Cancelado,Cancelado,NET_CREYESJ,SIM,2 sept 2026,null,null,No,ERROR,null,Monolínea,Mono_item,Puno,null,null,null
Netcall,1 sept 2026,13,914839345,9148393458166022585578,9283,Outbound,Portabilidad Postpago,EXPRESS,Logixtal,9351,CANCELADAS,Entregado,Entregado,NET_MCHAMPIR,SIM,1 sept 2026,1 sept 2026,null,No,CANCELADAS,2026-09-01 22:00:43,Monolínea,Mono_item,Puno,null,null,Power 59.90 N
Netcall,2 sept 2026,16,915350114,91535011489511710111070969882,9283,Outbound,Portabilidad Postpago,EXPRESS,Retiro en tienda,9351,ABIERTAS,Entregado,Entregado,NET_LCAMPOSCABR,SIM,2 sept 2026,null,null,No,ABIERTAS,null,Monolínea,Mono_item,Puno,null,null,null
Netcall,2 sept 2026,11,915254355,91525435589511710111070994773,9283,Outbound,Portabilidad Postpago,EXPRESS,Retiro en tienda,9351,ABIERTAS,Entregado,Entregado,NET_EMMENDIZF,SIM,2 sept 2026,null,null,No,ABIERTAS,null,Monolínea,Mono_item,Puno,null,null,null
Netcall,2 sept 2026,9,915216864,91521686489511710111070957291,9283,Outbound,Portabilidad Postpago,EXPRESS,Retiro en tienda,9351,ABIERTAS,Entregado,Entregado,NET_JCHAVEZC,SIM,2 sept 2026,null,null,No,ABIERTAS,null,Monolínea,Mono_item,Puno,null,null,null
Netcall,2 sept 2026,16,915347774,91534777489511710111070994724,9283,Outbound,Portabilidad Postpago,EXPRESS,Retiro en tienda,9351,ABIERTAS,Entregado,Entregado,NET_MORIHUELAQ,SIM,2 sept 2026,null,null,No,ABIERTAS,null,Monolínea,Mono_item,Puno,null,null,null
Netcall,2 sept 2026,11,915260728,91526072889511710111070993791,9283,Outbound,Portabilidad Postpago,EXPRESS,Retiro en tienda,9351,CANCELADAS,Cancelado,Cancelado,NET_LMORAO,SIM,2 sept 2026,null,null,No,CANCELADAS,2026-09-02 13:51:49,Monolínea,Mono_item,Puno,null,null,null
Netcall,1 sept 2026,9,914774148,9147741488165374035715,9283,Outbound,Portabilidad Postpago,EXPRESS,Logixtal,9351,CERRADAS,Entregado,Entregado,NET_RCARDENASH,SIM,1 sept 2026,1 sept 2026,null,No,CERRADAS,2026-09-02 01:47:57,Multilínea,Mono_item,Puno,null,Power ilim 79.90 SD N,Power ilim 79.90 SD N
Netcall,2 sept 2026,15,915323223,91532322389511710111070969874,9283,Outbound,Portabilidad Postpago,EXPRESS,Retiro en tienda,9351,ABIERTAS,Pendiente Entrega,Pendiente Entrega,NET_SRAMOSC,SIM,2 sept 2026,null,null,No,ABIERTAS,null,Monolínea,Mono_item,Puno,null,null,null
Netcall,2 sept 2026,14,915313560,91531356089511710111070993882,9283,Outbound,Venta Regular / Alta,EXPRESS,Retiro en tienda,9351,CERRADAS,Entregado,Entregado,NET_JSANGAMA,SIM,2 sept 2026,2 sept 2026,null,No,CERRADAS,2026-09-02 18:17:55,Multilínea,Mono_item,Puno,null,Power ilim 79.90 SD N,null
Netcall,1 sept 2026,8,914714537,914714537,9283,Outbound,Portabilidad Postpago,EXPRESS,Logixtal,9351,CERRADAS,Entregado,Entregado,NET_SLAZOB,SIM,1 sept 2026,1 sept 2026,null,No,CERRADAS,2026-09-02 00:32:53,Monolínea,Mono_item,Puno,null,Power ilim 69.90 N,null
Netcall,1 sept 2026,11,914814301,9148143018165765036918,5299,Outbound,Portabilidad Postpago,EXPRESS,Logixtal,9351,CERRADAS,Entregado,Entregado,NET_MCORDOVACRU,SIM,1 sept 2026,1 sept 2026,null,No,CERRADAS,2026-09-02 00:47:37,Monolínea,Mono_item,Puno,null,Power 59.90 N,Power 59.90 N
Netcall,2 sept 2026,14,915308200,91530820089511710111070993866,9283,Outbound,Portabilidad Postpago,EXPRESS,Retiro en tienda,9351,ABIERTAS,Entregado,Entregado,NET_LCALDERONC,SIM,2 sept 2026,null,null,No,ABIERTAS,null,Multilínea,Mono_item,Puno,null,null,null
Netcall,2 sept 2026,10,915240674,91524067489511710111070957317,9283,Outbound,Portabilidad Postpago,EXPRESS,Retiro en tienda,9351,ABIERTAS,Entregado,Entregado,NET_JIYASHAMAR,SIM,2 sept 2026,null,null,No,ABIERTAS,null,Monolínea,Mono_item,Puno,null,null,null
Netcall,2 sept 2026,19,915390623,915390623Empty,9283,Outbound,Portabilidad Postpago,PROGRAMADO,Retiro en tienda,9351,ABIERTAS,Pendiente Entrega,Pendiente Entrega,NET_YRAYMUNDOTA,SIM,3 sept 2026,null,null,No,ABIERTAS,null,Monolínea,Mono_item,Puno,null,null,null
Netcall,2 sept 2026,14,915314223,91531422389511710111070993890,9283,Outbound,Portabilidad Postpago,EXPRESS,Retiro en tienda,9351,ABIERTAS,Entregado,Entregado,NET_JSANGAMA,SIM,2 sept 2026,null,null,No,ABIERTAS,null,Multilínea,Mono_item,Puno,null,null,null
Netcall,1 sept 2026,13,914837953,914837953,9289,Outbound,Portabilidad Postpago,EXPRESS,Logixtal,9351,CERRADAS,Entregado,Entregado,TLV_NET_MLANDAR,SIM,1 sept 2026,1 sept 2026,null,No,CERRADAS,2026-09-02 00:31:10,Monolínea,Mono_item,Puno,null,Power ilim 79.90 SD N,null
Netcall,2 sept 2026,14,915308991,91530899189511710111070993874,9283,Outbound,Portabilidad Postpago,EXPRESS,Retiro en tienda,9351,ABIERTAS,Entregado,Entregado,NET_LCALDERONC,SIM,2 sept 2026,null,null,No,ABIERTAS,null,Multilínea,Mono_item,Puno,null,null,null
Netcall,2 sept 2026,11,915248785,91524878589511710111070957341,9283,Outbound,Portabilidad Postpago,EXPRESS,Retiro en tienda,9351,ABIERTAS,Entregado,Entregado,NET_AARNAIZA,SIM,2 sept 2026,null,null,No,ABIERTAS,null,Monolínea,Mono_item,Puno,null,null,null
Netcall,2 sept 2026,13,915290519,91529051989511710111070969841,9283,Outbound,Portabilidad Postpago,EXPRESS,Retiro en tienda,9351,ABIERTAS,Entregado,Entregado,TLV_NET_EBULNES,SIM,2 sept 2026,null,null,No,ABIERTAS,null,Monolínea,Mono_item,Puno,null,null,null
Netcall,2 sept 2026,17,915352596,915352596Empty,9283,Outbound,Portabilidad Postpago,PROGRAMADO,Retiro en tienda,9351,ABIERTAS,Pendiente Entrega,Pendiente Entrega,NET_MBARBOZAC,SIM,3 sept 2026,null,null,No,ABIERTAS,null,Monolínea,Mono_item,Puno,null,null,null
Netcall,1 sept 2026,9,914773178,9147731788165358886010,9283,Outbound,Portabilidad Postpago,EXPRESS,Logixtal,9351,CERRADAS,Entregado,Entregado,NET_AAPOLAYACAC,SIM,1 sept 2026,1 sept 2026,null,No,CERRADAS,2026-09-02 01:02:40,Monolínea,Mono_item,Puno,null,Power 59.90 N,Power 59.90 N
Netcall,1 sept 2026,19,914957366,9149573668167269139071,9283,Outbound,Portabilidad Postpago,PROGRAMADO,Logixtal,9351,ABIERTAS,Pendiente Entrega,Pendiente Entrega,NET_JIYASHAMAR,SIM,2 sept 2026,null,null,No,ABIERTAS,null,Monolínea,Mono_item,Puno,null,null,Power 59.90 N
Netcall,2 sept 2026,9,915218872,915218872Empty,9283,Outbound,Portabilidad Postpago,PROGRAMADO,Logixtal,5022,ABIERTAS,Pendiente Entrega,Pendiente de Picking,NET_MMREVILLA,SIM,4 sept 2026,null,null,No,ABIERTAS,null,Monolínea,Mono_item,Arequipa,null,null,null
Netcall,1 sept 2026,12,914816083,9148160838165814417905,5299,Outbound,Portabilidad Postpago,PROGRAMADO,Logixtal,5022,ABIERTAS,Pendiente Entrega,Pendiente Entrega,NET_LVIZCARRARO,SIM,2 sept 2026,null,null,No,ABIERTAS,null,Monolínea,Mono_item,Arequipa,null,null,Power 59.90 N
Netcall,1 sept 2026,12,914831117,9148311178165932031290,9283,Outbound,Portabilidad Postpago,EXPRESS,Logixtal,5022,CERRADAS,Entregado,Entregado,NET_VCHIRIA,SIM,1 sept 2026,1 sept 2026,null,No,CERRADAS,2026-09-02 01:20:54,Monolínea,Mono_item,Arequipa,null,Power 59.90 N,Power 59.90 N
Netcall,2 sept 2026,11,915248986,915248986Empty,9271,Outbound,Portabilidad Postpago,EXPRESS,Logixtal,5022,CANCELADAS,Pendiente Entrega,Pendiente de Picking,NET_STANANTAM,SIM,2 sept 2026,null,null,No,CANCELADAS,2026-09-02 11:12:19,Monolínea,Mono_item,Arequipa,null,null,null
Netcall,2 sept 2026,12,915281421,91528142189511710111070748815,9283,Outbound,Portabilidad Postpago,EXPRESS,Logixtal,5022,ABIERTAS,Entregado,Entregado,NET_GARROYOR,SIM,2 sept 2026,null,null,No,ABIERTAS,null,Multilínea,Mono_item,Arequipa,null,null,null
Netcall,2 sept 2026,12,915278805,91527880589511710111070748823,9283,Outbound,Portabilidad Postpago,EXPRESS,Logixtal,5022,CANCELADAS,Pendiente Entrega,Pendiente de Picking,NET_SCAVEROC,SIM,2 sept 2026,null,null,No,CANCELADAS,2026-09-02 16:42:55,Monolínea,Mono_item,Arequipa,null,null,null
Netcall,1 sept 2026,12,914823636,9148236368165854034290,9271,Outbound,Portabilidad Postpago,PROGRAMADO,Logixtal,5022,CANCELADAS,Cancelado,ERROR EN CSV,NET_STANANTAM,SIM,1 sept 2026,null,null,No,CANCELADAS,2026-09-01 12:21:10,Monolínea,Mono_item,Arequipa,null,null,Power 59.90 N
Netcall,1 sept 2026,9,914766292,914766292,9283,Outbound,Portabilidad Postpago,EXPRESS,Logixtal,5022,CERRADAS,Entregado,Entregado,NET_HEULOGIO,SIM,1 sept 2026,1 sept 2026,null,No,CERRADAS,2026-09-02 00:34:00,Monolínea,Mono_item,Arequipa,null,Power ilim 79.90 SD N,null
Netcall,2 sept 2026,12,915282784,91528278489511710111070748807,9283,Outbound,Portabilidad Postpago,EXPRESS,Logixtal,5022,ABIERTAS,Entregado,Entregado,NET_GARROYOR,SIM,2 sept 2026,null,null,No,ABIERTAS,null,Multilínea,Mono_item,Arequipa,null,null,null
Netcall,1 sept 2026,15,914872543,914872543,9283,Outbound,Portabilidad Postpago,EXPRESS,Logixtal,5022,CERRADAS,Entregado,Entregado,NET_JSIADEN,SIM,1 sept 2026,1 sept 2026,null,No,CERRADAS,2026-09-02 00:28:20,Monolínea,Mono_item,Arequipa,null,Power ilim 69.90 N,null
Netcall,1 sept 2026,11,914808667,9148086678165724793263,9283,Outbound,Portabilidad Postpago,EXPRESS,Logixtal,5022,CERRADAS,Entregado,Entregado,NET_CULLOAC,SIM,1 sept 2026,1 sept 2026,null,No,CERRADAS,2026-09-02 01:38:13,Monolínea,Mono_item,Arequipa,null,Power 59.90 N,Power 59.90 N
Netcall,1 sept 2026,14,914861521,9148615218166261066629,9271,Outbound,Portabilidad Postpago,EXPRESS,Logixtal,5024,CERRADAS,Entregado,Entregado,NET_JAMASIFUENT,SIM,1 sept 2026,1 sept 2026,null,No,CERRADAS,2026-09-02 00:49:38,Monolínea,Mono_item,Lambayeque,null,Power 59.90 N,Power 59.90 N
Netcall,2 sept 2026,17,915357285,91535728589511710111068696158,9283,Outbound,Portabilidad Postpago,PROGRAMADO,Logixtal,5024,ABIERTAS,Pendiente Entrega,Pendiente de Picking,NET_BHUACHUHUIB,SIM,3 sept 2026,null,null,No,ABIERTAS,null,Monolínea,Mono_item,Lambayeque,null,null,null
Netcall,2 sept 2026,14,915315444,91531544489511710111068657895,9283,Outbound,Portabilidad Postpago,EXPRESS,Logixtal,5024,CANCELADAS,Pendiente Entrega,Pendiente de Picking,NET_EMONZONP,SIM,2 sept 2026,null,null,No,CANCELADAS,2026-09-02 15:57:53,Monolínea,Mono_item,Lambayeque,null,null,null
Netcall,2 sept 2026,14,915307655,91530765589511710121058098075,9283,Outbound,Portabilidad Postpago,PROGRAMADO,Logixtal,5024,ABIERTAS,Pendiente Entrega,Pendiente de Picking,NET_AUCEDAENEQU,SIM,3 sept 2026,null,null,No,ABIERTAS,null,Monolínea,Mono_item,Lambayeque,null,null,null
Netcall,1 sept 2026,15,914876233,9148762338166418974458,9283,Outbound,Portabilidad Postpago,EXPRESS,Logixtal,5024,ABIERTAS,Pendiente Entrega,Pendiente Entrega,NET_JCHEROO,SIM,1 sept 2026,null,null,No,ABIERTAS,null,Multilínea,Mono_item,Lambayeque,null,null,Power 59.90 N
Netcall,2 sept 2026,12,915275440,91527544089511710111068661467,9283,Outbound,Portabilidad Postpago,EXPRESS,Logixtal,5024,ABIERTAS,Entregado,Entregado,NET_DVILLALOBOS,SIM,2 sept 2026,null,null,No,ABIERTAS,null,Monolínea,Mono_item,Lambayeque,null,null,null
Netcall,2 sept 2026,12,915275156,91527515689511710111068661038,9271,Outbound,Portabilidad Postpago,EXPRESS,Logixtal,5024,ABIERTAS,Entregado,Entregado,NET_SCOVENASC,SIM,2 sept 2026,null,null,No,ABIERTAS,null,Monolínea,Mono_item,Lambayeque,null,null,null
Netcall,1 sept 2026,11,914803210,9148032108165659790536,9271,Outbound,Portabilidad Postpago,EXPRESS,Logixtal,5024,ABIERTAS,Anulado,NO DAN RAZÓN DEL CLIENTE,NET_LNECIOSUPC,SIM,1 sept 2026,null,null,No,ABIERTAS,null,Monolínea,Mono_item,Lambayeque,null,null,Power 59.90 N
Netcall,1 sept 2026,11,914817044,9148170448165791846769,9283,Outbound,Portabilidad Postpago,EXPRESS,Logixtal,5024,CANCELADAS,Cancelado,NO PUEDEN PAGAR,NET_JCHEROO,SIM,1 sept 2026,null,null,No,CANCELADAS,2026-09-01 13:11:20,Multilínea,Mono_item,Lambayeque,null,null,Power 59.90 N
Netcall,2 sept 2026,8,915213722,91521372289511710111068657952,5299,Outbound,Portabilidad Postpago,EXPRESS,Logixtal,5024,ABIERTAS,Entregado,Entregado,NET_MMENDOZAV,SIM,2 sept 2026,null,null,No,ABIERTAS,null,Monolínea,Mono_item,Lambayeque,null,null,null
Netcall,2 sept 2026,18,915375803,91537580389511710121058124723,9283,Outbound,Portabilidad Postpago,PROGRAMADO,Logixtal,5024,ABIERTAS,Pendiente Entrega,Pendiente de Picking,NET_JLIL,SIM,3 sept 2026,null,null,No,ABIERTAS,null,Monolínea,Mono_item,Lambayeque,null,null,null
Netcall,1 sept 2026,9,914772163,9147721638165353348468,9271,Outbound,Portabilidad Postpago,EXPRESS,Logixtal,5024,CANCELADAS,Anulado,CLIENTE DESISTE - INFORMACIÓN INCORRECTA,NET_FCASTILLOG,SIM,1 sept 2026,null,null,No,CANCELADAS,2026-09-01 10:57:24,Monolínea,Mono_item,Lambayeque,null,null,Power ilim 79.90 SD N
Netcall,1 sept 2026,10,914796377,9147963778165583816666,5299,Outbound,Venta Regular / Alta,EXPRESS,Logixtal,5024,CERRADAS,Entregado,Entregado,NET_MCORDOVACRU,SIM,1 sept 2026,1 sept 2026,01/09/2026,Sí,CERRADAS,2026-09-01 17:08:04,Monolínea,Mono_item,Lambayeque,39.95,Power ilim 79.90 SD N,Power ilim 79.90 SD N
Netcall,1 sept 2026,14,914862295,914862295,9283,Outbound,Portabilidad Postpago,EXPRESS,Logixtal,5024,CERRADAS,Entregado,Entregado,TLV_NET_ECUROS,SIM,1 sept 2026,1 sept 2026,null,No,CERRADAS,2026-09-02 00:23:21,Monolínea,Mono_item,Lambayeque,null,Power 59.90 N,null
Netcall,1 sept 2026,10,914792399,9147923998165543255821,9283,Outbound,Venta Regular / Alta,EXPRESS,Logixtal,5024,CERRADAS,Entregado,Entregado,NET_CSALAZARP,SIM,1 sept 2026,1 sept 2026,01/09/2026,Sí,CERRADAS,2026-09-01 16:57:34,Monolínea,Mono_item,Lambayeque,39.9,Power 39.90 N,Power 39.90 N
Netcall,1 sept 2026,17,914917145,9149171458166873598110,9283,Outbound,Portabilidad Postpago,PROGRAMADO,Logixtal,9354,ABIERTAS,Pendiente Entrega,Pendiente Entrega,TLV_NET_ECODARL,SIM,2 sept 2026,null,null,No,ABIERTAS,null,Multilínea,Multi_item,Ayacucho,null,null,Power ilim 79.90 SD N
Netcall,1 sept 2026,17,914917145,9149171458166873598329,9283,Outbound,Portabilidad Postpago,PROGRAMADO,Logixtal,9354,ABIERTAS,Pendiente Entrega,Pendiente Entrega,TLV_NET_ECODARL,SIM,2 sept 2026,null,null,No,ABIERTAS,null,Multilínea,Multi_item,Ayacucho,null,null,Power ilim 79.90 SD N
Netcall,2 sept 2026,12,915271700,91527170089511710111073773729,9283,Outbound,Portabilidad Postpago,EXPRESS,Logixtal,9001,ABIERTAS,Entregado,Entregado,TLV_NET_BCHAVEZ,SIM,2 sept 2026,null,null,No,ABIERTAS,null,Multilínea,Mono_item,Lima - Callao,null,null,null
Netcall,1 sept 2026,11,914802121,9148021218165646859538,9283,Outbound,Portabilidad Postpago,EXPRESS,Logixtal,9001,CANCELADAS,Anulado,PIN PORTA_NO VALIDO,NET_CMUNOZC,SIM,1 sept 2026,null,null,No,CANCELADAS,2026-09-01 12:30:11,Monolínea,Mono_item,Lima - Callao,null,null,Power 59.90 N
Netcall,2 sept 2026,14,915309441,91530944189511710101030125691,9283,Outbound,Portabilidad Postpago,EXPRESS,Logixtal,9001,ABIERTAS,Entregado,Entregado,TLV_NET_DCASTIA,SIM,2 sept 2026,null,null,No,ABIERTAS,null,Monolínea,Mono_item,Lima - Callao,null,null,null
Netcall,1 sept 2026,19,914943629,9149436298167136503359,9283,Outbound,Portabilidad Postpago,EXPRESS,Logixtal,9001,ABIERTAS,Entregado,Entregado,NET_GMENDIGUETE,SIM,2 sept 2026,null,null,No,ABIERTAS,null,Monolínea,Mono_item,Lima - Callao,null,null,Power 59.90 N
Netcall,1 sept 2026,12,914825787,9148257878165880429098,9271,Outbound,Portabilidad Postpago,EXPRESS,Logixtal,9001,CERRADAS,Entregado,Entregado,NET_LDIAZ,SIM,1 sept 2026,1 sept 2026,null,No,CERRADAS,2026-09-02 01:34:30,Multilínea,Mono_item,Lima - Callao,null,Power ilim 79.90 SD N,Power ilim 79.90 SD N
Netcall,1 sept 2026,12,914827898,9148278988165898387446,9271,Outbound,Portabilidad Postpago,EXPRESS,Logixtal,9001,CANCELADAS,Entregado,Entregado,NET_LDIAZ,SIM,1 sept 2026,1 sept 2026,null,No,CANCELADAS,2026-09-01 22:00:40,Multilínea,Mono_item,Lima - Callao,null,null,Power ilim 79.90 SD N
Netcall,2 sept 2026,12,915272611,91527261189511710111073773737,9283,Outbound,Portabilidad Postpago,EXPRESS,Logixtal,9001,ABIERTAS,Entregado,Entregado,TLV_NET_BCHAVEZ,SIM,2 sept 2026,null,null,No,ABIERTAS,null,Multilínea,Mono_item,Lima - Callao,null,null,null
Netcall,2 sept 2026,14,915310039,91531003989511710101080360255,9271,Outbound,Portabilidad Postpago,EXPRESS,Logixtal,9001,ABIERTAS,Entregado,Entregado,NET_ATENORIOM,SIM,2 sept 2026,null,null,No,ABIERTAS,null,Monolínea,Mono_item,Lima - Callao,null,null,null
Netcall,2 sept 2026,12,915270387,91527038789511710111073946960,5299,Outbound,Portabilidad Postpago,EXPRESS,Logixtal,9001,ABIERTAS,Pendiente Entrega,Pendiente de Picking,NET_AEREYES,SIM,3 sept 2026,null,null,No,ABIERTAS,null,Monolínea,Mono_item,Lima - Callao,null,null,null
Netcall,1 sept 2026,10,914791925,9147919258165541421633,9283,Outbound,Portabilidad Postpago,PROGRAMADO,Logixtal,9001,ABIERTAS,No bop,No bop,NET_KEMENDOZAJ,SIM,3 sept 2026,null,null,No,ABIERTAS,null,Monolínea,Mono_item,Lima - Callao,null,null,Power 59.90 N
Netcall,2 sept 2026,14,915314281,91531428189511710101080360180,9283,Outbound,Portabilidad Postpago,EXPRESS,Logixtal,9001,ABIERTAS,Entregado,Entregado,NET_LRODRIGUEZC,SIM,2 sept 2026,null,null,No,ABIERTAS,null,Monolínea,Mono_item,Lima - Callao,null,null,null
Netcall,2 sept 2026,10,915240773,91524077389511710101030125881,9283,Outbound,Portabilidad Postpago,EXPRESS,Logixtal,9001,ABIERTAS,Entregado,Entregado,TLV_NET_JSILVAT,SIM,2 sept 2026,null,null,No,ABIERTAS,null,Monolínea,Mono_item,Lima - Callao,null,null,null
Netcall,1 sept 2026,14,914856809,9148568098166214138024,9283,Outbound,Venta Regular / Alta,PROGRAMADO,Logixtal,5023,ABIERTAS,Pendiente Entrega,Pendiente Entrega,NET_VOBESOS,SIM,4 sept 2026,null,null,No,ABIERTAS,null,Multilínea,Mono_item,La Libertad,null,null,Power ilim 79.90 SD N
Netcall,1 sept 2026,14,914856041,9148560418166203873329,9283,Outbound,Portabilidad Postpago,PROGRAMADO,Logixtal,5023,ABIERTAS,Pendiente Entrega,Pendiente Entrega,NET_VOBESOS,SIM,4 sept 2026,null,null,No,ABIERTAS,null,Multilínea,Mono_item,La Libertad,null,null,Power ilim 79.90 SD N
Netcall,2 sept 2026,9,915223912,91522391289511710111068658828,9283,Outbound,Portabilidad Postpago,PROGRAMADO,Logixtal,5024,ABIERTAS,Pendiente Entrega,Pendiente de Picking,NET_KAGRAMONTEM,SIM,3 sept 2026,null,null,No,ABIERTAS,null,Monolínea,Mono_item,Lambayeque,null,null,null
Netcall,2 sept 2026,9,915217861,91521786189511710111068652045,9283,Outbound,Portabilidad Postpago,PROGRAMADO,Logixtal,5024,ABIERTAS,Pendiente Entrega,Pendiente de Picking,NET_KAGRAMONTEM,SIM,3 sept 2026,null,null,No,ABIERTAS,null,Monolínea,Mono_item,Lambayeque,null,null,null
Netcall,2 sept 2026,13,915285423,91528542389511710111068697867,9283,Outbound,Portabilidad Postpago,PROGRAMADO,Logixtal,5024,ABIERTAS,Pendiente Entrega,Pendiente de Picking,NET_JMENDOZAN,SIM,3 sept 2026,null,null,No,ABIERTAS,null,Monolínea,Mono_item,Lambayeque,null,null,null
Netcall,2 sept 2026,16,915342565,915342565Empty,9283,Outbound,Portabilidad Postpago,RETIRO EN TIENDA,Retiro en tienda,3157,ABIERTAS,Pendiente Entrega,Pendiente Entrega,NET_VZEGARRAAGU,SIM,2 sept 2026,null,null,No,ABIERTAS,null,Monolínea,Mono_item,Junin,null,null,null
Netcall,2 sept 2026,9,915226284,915226284Empty,9283,Outbound,Portabilidad Postpago,RETIRO EN TIENDA,Retiro en tienda,3157,ABIERTAS,Pendiente Entrega,Pendiente Entrega,NET_KDIAZPISCOY,SIM,2 sept 2026,null,null,No,ABIERTAS,null,Monolínea,Mono_item,Junin,null,null,null
Netcall,1 sept 2026,14,914854536,9148545368166183576321,9283,Outbound,Portabilidad Postpago,RETIRO EN TIENDA,Retiro en tienda,3101,CERRADAS,Entregado,Entregado,NET_PSANCHEZE,SIM,1 sept 2026,1 sept 2026,null,No,CERRADAS,2026-09-02 01:02:30,Multilínea,Mono_item,Cajamarca,null,Power ilim 79.90 SD N,Power ilim 79.90 SD N
Netcall,1 sept 2026,11,914815354,9148153548165777233509,9283,Outbound,Portabilidad Postpago,RETIRO EN TIENDA,Retiro en tienda,3101,CANCELADAS,Cancelado,Cancelado,NET_SSUAREZG,SIM,1 sept 2026,null,null,No,CANCELADAS,2026-09-01 20:03:43,Monolínea,Mono_item,Cajamarca,null,null,Power 59.90 N
Netcall,2 sept 2026,10,915232204,915232204Empty,9283,Outbound,Portabilidad Postpago,RETIRO EN TIENDA,Retiro en tienda,3101,ABIERTAS,Pendiente Entrega,Pendiente Entrega,NET_LLEONAN,SIM,2 sept 2026,null,null,No,ABIERTAS,null,Monolínea,Mono_item,Cajamarca,null,null,null
Netcall,2 sept 2026,12,915266701,915266701Empty,9271,Outbound,Portabilidad Postpago,RETIRO EN TIENDA,Retiro en tienda,3101,ABIERTAS,Pendiente Entrega,Pendiente Entrega,NET_SVELASQUEZL,SIM,2 sept 2026,null,null,No,ABIERTAS,null,Monolínea,Mono_item,Cajamarca,null,null,null
Netcall,2 sept 2026,10,915230350,915230350Empty,9283,Outbound,Portabilidad Postpago,RETIRO EN TIENDA,Retiro en tienda,3101,ABIERTAS,Pendiente Entrega,Pendiente Entrega,NET_SSUAREZG,SIM,2 sept 2026,null,null,No,ABIERTAS,null,Monolínea,Mono_item,Cajamarca,null,null,null
Netcall,2 sept 2026,9,915219868,915219868Empty,9283,Outbound,Portabilidad Postpago,RETIRO EN TIENDA,Retiro en tienda,3101,ABIERTAS,Pendiente Entrega,Pendiente Entrega,NET_GCABALLEROC,SIM,2 sept 2026,null,null,No,ABIERTAS,null,Monolínea,Mono_item,Cajamarca,null,null,null
Netcall,1 sept 2026,14,914853452,9148534528166179485205,9283,Outbound,Portabilidad Postpago,RETIRO EN TIENDA,Retiro en tienda,3101,CERRADAS,Entregado,Entregado,NET_PSANCHEZE,SIM,1 sept 2026,1 sept 2026,null,No,CERRADAS,2026-09-02 00:44:34,Multilínea,Mono_item,Cajamarca,null,Power ilim 79.90 SD N,Power ilim 79.90 SD N
Netcall,2 sept 2026,9,915214719,915214719Empty,9283,Outbound,Portabilidad Postpago,RETIRO EN TIENDA,Retiro en tienda,3101,ABIERTAS,Pendiente Entrega,Pendiente Entrega,NET_LCALDERONC,SIM,2 sept 2026,null,null,No,ABIERTAS,null,Monolínea,Mono_item,Cajamarca,null,null,null
Netcall,1 sept 2026,14,914853521,9148535218166177850465,9283,Outbound,Portabilidad Postpago,RETIRO EN TIENDA,Retiro en tienda,3101,ABIERTAS,Pendiente Entrega,Pendiente Entrega,TLV_NET_CACEVED,SIM,1 sept 2026,null,null,No,ABIERTAS,null,Monolínea,Mono_item,Cajamarca,null,null,Power ilim 69.90 N
Netcall,2 sept 2026,8,915208946,91520894689511710111070748310,9283,Outbound,Portabilidad Postpago,EXPRESS,Logixtal,5022,ABIERTAS,Entregado,Entregado,NET_DVILLALOBOS,SIM,2 sept 2026,null,null,No,ABIERTAS,null,Monolínea,Mono_item,Arequipa,null,null,null
Netcall,2 sept 2026,9,915224710,91522471089511710111070748609,9283,Outbound,Portabilidad Postpago,EXPRESS,Logixtal,5022,ABIERTAS,Pendiente Entrega,Pendiente de Picking,NET_KSOLORZANOV,SIM,2 sept 2026,null,null,No,ABIERTAS,null,Monolínea,Mono_item,Arequipa,null,null,null
Netcall,1 sept 2026,12,914834769,9148347698165969074562,9283,Outbound,Portabilidad Postpago,EXPRESS,Logixtal,5022,ABIERTAS,Pendiente Entrega,Pendiente Entrega,NET_DVILLALOBOS,SIM,1 sept 2026,null,null,No,ABIERTAS,null,Multilínea,Mono_item,Arequipa,null,null,Power ilim 79.90 SD N
Netcall,1 sept 2026,17,914914207,9149142078166843352133,9283,Outbound,Portabilidad Postpago,PROGRAMADO,Logixtal,5022,ABIERTAS,Pendiente Entrega,Pendiente Entrega,TLV_NET_YQUITOV,SIM,2 sept 2026,null,null,No,ABIERTAS,null,Monolínea,Mono_item,Arequipa,null,null,Power 59.90 N
Netcall,1 sept 2026,15,914874756,914874756,9283,Outbound,Portabilidad Postpago,EXPRESS,Logixtal,5022,CERRADAS,Entregado,Entregado,NET_LDIAZM,SIM,1 sept 2026,1 sept 2026,null,No,CERRADAS,2026-09-02 00:14:31,Monolínea,Mono_item,Arequipa,null,Power ilim 69.90 N,null
Netcall,1 sept 2026,12,914833864,9148338648165961706619,9283,Outbound,Portabilidad Postpago,EXPRESS,Logixtal,5022,ABIERTAS,Pendiente Entrega,Pendiente Entrega,NET_DVILLALOBOS,SIM,1 sept 2026,null,null,No,ABIERTAS,null,Multilínea,Mono_item,Arequipa,null,null,Power ilim 79.90 SD N
Netcall,1 sept 2026,12,914836644,9148366448165992662792,9283,Outbound,Portabilidad Postpago,EXPRESS,Logixtal,5022,ABIERTAS,Pendiente Entrega,Pendiente Entrega,NET_DVILLALOBOS,SIM,1 sept 2026,null,null,No,ABIERTAS,null,Multilínea,Mono_item,Arequipa,null,null,Power ilim 79.90 SD N
Netcall,1 sept 2026,12,914835738,9148357388165982126641,9283,Outbound,Portabilidad Postpago,EXPRESS,Logixtal,5022,ABIERTAS,Pendiente Entrega,Pendiente Entrega,NET_DVILLALOBOS,SIM,1 sept 2026,null,null,No,ABIERTAS,null,Multilínea,Mono_item,Arequipa,null,null,Power ilim 79.90 SD N
Netcall,1 sept 2026,11,914801317,9148013178165636829878,9283,Outbound,Portabilidad Postpago,EXPRESS,Logixtal,5022,CERRADAS,Entregado,Entregado,NET_MFERRER,SIM,1 sept 2026,1 sept 2026,null,No,CERRADAS,2026-09-02 00:51:13,Monolínea,Mono_item,Arequipa,null,Power ilim 79.90 SD N,Power ilim 79.90 SD N
Netcall,1 sept 2026,12,914835666,9148356668165978261607,9283,Outbound,Portabilidad Postpago,PROGRAMADO,Logixtal,9355,ABIERTAS,Pendiente Entrega,Pendiente Entrega,NET_CRAMOSC,SIM,2 sept 2026,null,null,No,ABIERTAS,null,Multilínea,Mono_item,Loreto,null,null,Power ilim 79.90 SD N
Netcall,2 sept 2026,12,915273750,91527375089511710101029852396,9283,Outbound,Portabilidad Postpago,EXPRESS,Retiro en tienda,9355,CANCELADAS,Cancelado,Cancelado,NET_ELAURAQ,SIM,2 sept 2026,null,null,No,CANCELADAS,2026-09-02 15:23:58,Multilínea,Mono_item,Loreto,null,null,null
Netcall,2 sept 2026,11,915258819,91525881989511710101029852784,9283,Outbound,Portabilidad Postpago,EXPRESS,Retiro en tienda,9355,CANCELADAS,Cancelado,Cancelado,NET_CCURAYG,SIM,2 sept 2026,null,null,No,CANCELADAS,2026-09-02 13:30:20,Monolínea,Mono_item,Loreto,null,null,null
Netcall,2 sept 2026,9,915219827,91521982789511710101029852917,9283,Outbound,Portabilidad Postpago,EXPRESS,Retiro en tienda,9355,ABIERTAS,Entregado,Entregado,NET_SDIAZO,SIM,2 sept 2026,null,null,No,ABIERTAS,null,Monolínea,Mono_item,Loreto,null,null,null
Netcall,2 sept 2026,7,915160638,91516063889511710101045165559,9283,Outbound,Portabilidad Postpago,EXPRESS,Retiro en tienda,9355,ABIERTAS,Entregado,Entregado,NET_YVEGASA,SIM,2 sept 2026,null,null,No,ABIERTAS,null,Monolínea,Mono_item,Loreto,null,null,null
Netcall,2 sept 2026,20,915415525,915415525Empty,9283,Outbound,Portabilidad Postpago,PROGRAMADO,Retiro en tienda,9355,ABIERTAS,Pendiente Entrega,Pendiente Entrega,NET_JAMASIFUENT,SIM,3 sept 2026,null,null,No,ABIERTAS,null,Monolínea,Mono_item,Loreto,null,null,null
Netcall,2 sept 2026,17,915352708,915352708Empty,9283,Outbound,Portabilidad Postpago,PROGRAMADO,Retiro en tienda,9355,ABIERTAS,Pendiente Entrega,Pendiente Entrega,TLV_NET_NHUAMAA,SIM,4 sept 2026,null,null,No,ABIERTAS,null,Multilínea,Mono_item,Loreto,null,null,null
Netcall,1 sept 2026,16,914898262,9148982628166664228225,9283,Outbound,Portabilidad Postpago,PROGRAMADO,Logixtal,9355,ABIERTAS,Pendiente Entrega,Pendiente Entrega,NET_MDONAYRE,SIM,2 sept 2026,null,null,No,ABIERTAS,null,Monolínea,Mono_item,Loreto,null,null,Power 59.90 N
Netcall,1 sept 2026,12,914835260,9148352608165977084649,9283,Outbound,Portabilidad Postpago,PROGRAMADO,Logixtal,9355,ABIERTAS,Pendiente Entrega,Pendiente Entrega,NET_CRAMOSC,SIM,2 sept 2026,null,null,No,ABIERTAS,null,Multilínea,Mono_item,Loreto,null,null,Power ilim 79.90 SD N
Netcall,2 sept 2026,17,915365343,915365343Empty,9271,Outbound,Portabilidad Postpago,PROGRAMADO,Retiro en tienda,9355,ABIERTAS,Pendiente Entrega,Pendiente Entrega,NET_HDOMINGUEZC,SIM,3 sept 2026,null,null,No,ABIERTAS,null,Monolínea,Mono_item,Loreto,null,null,null
Netcall,2 sept 2026,14,915305833,915305833Empty,9283,Outbound,Portabilidad Postpago,PROGRAMADO,Retiro en tienda,9355,ABIERTAS,Pendiente Entrega,Pendiente Entrega,NET_MROJASS,SIM,3 sept 2026,null,null,No,ABIERTAS,null,Monolínea,Mono_item,Loreto,null,null,null
Netcall,2 sept 2026,10,915238693,91523869389511710101029852867,9283,Outbound,Portabilidad Postpago,EXPRESS,Retiro en tienda,9355,ABIERTAS,Entregado,Entregado,NET_JRAMIREZQ,SIM,2 sept 2026,null,null,No,ABIERTAS,null,Monolínea,Mono_item,Loreto,null,null,null
Netcall,1 sept 2026,15,914874254,9148742548166399262645,9283,Outbound,Portabilidad Postpago,PROGRAMADO,Logixtal,9355,ABIERTAS,Pendiente Entrega,Pendiente Entrega,TLV_NET_RSORIAH,SIM,2 sept 2026,null,null,No,ABIERTAS,null,Monolínea,Mono_item,Loreto,null,null,Power ilim 79.90 SD N
Netcall,1 sept 2026,10,914795351,9147953518165577163435,9283,Outbound,Portabilidad Postpago,EXPRESS,Logixtal,9355,ABIERTAS,Anulado,CLIENTE AUSENTE,NET_JLUCIANOT,SIM,1 sept 2026,null,null,No,ABIERTAS,null,Monolínea,Mono_item,Loreto,null,null,Power 59.90 N
Netcall,2 sept 2026,17,915356855,915356855Empty,9283,Outbound,Portabilidad Postpago,PROGRAMADO,Retiro en tienda,9355,ABIERTAS,Pendiente Entrega,Pendiente Entrega,NET_YRAYMUNDOTA,SIM,3 sept 2026,null,null,No,ABIERTAS,null,Monolínea,Mono_item,Loreto,null,null,null
Netcall,2 sept 2026,9,915217503,915217503Empty,9283,Outbound,Portabilidad Postpago,PROGRAMADO,Retiro en tienda,9355,ABIERTAS,Pendiente Entrega,Pendiente Entrega,NET_AAPOLAYACAC,SIM,3 sept 2026,null,null,No,ABIERTAS,null,Multilínea,Mono_item,Loreto,null,null,null
Netcall,1 sept 2026,12,914835519,9148355198165984625980,9283,Outbound,Portabilidad Postpago,PROGRAMADO,Logixtal,9355,ABIERTAS,Pendiente Entrega,Pendiente Entrega,NET_CRAMOSC,SIM,2 sept 2026,null,null,No,ABIERTAS,null,Multilínea,Mono_item,Loreto,null,null,Power ilim 79.90 SD N
Netcall,1 sept 2026,11,914800815,9148008158165634491072,5299,Outbound,Portabilidad Postpago,EXPRESS,Logixtal,9355,CERRADAS,Entregado,Entregado,NET_BTRUJILLOT,SIM,1 sept 2026,1 sept 2026,null,No,CERRADAS,2026-09-02 01:04:53,Multilínea,Mono_item,Loreto,null,Power ilim 79.90 SD N,Power ilim 79.90 SD N
Netcall,1 sept 2026,15,914871352,9148713528166367940388,9283,Outbound,Portabilidad Postpago,PROGRAMADO,Logixtal,9355,ABIERTAS,Pendiente Entrega,Pendiente Entrega,NET_AAPOLAYACAC,SIM,2 sept 2026,null,null,No,ABIERTAS,null,Monolínea,Mono_item,Loreto,null,null,Power 59.90 N
Netcall,2 sept 2026,11,915259040,91525904089511710101029852776,9283,Outbound,Portabilidad Postpago,EXPRESS,Retiro en tienda,9355,CANCELADAS,Cancelado,Cancelado,TLV_NET_NHUAMAA,SIM,2 sept 2026,null,null,No,CANCELADAS,2026-09-02 13:29:18,Multilínea,Mono_item,Loreto,null,null,null
Netcall,2 sept 2026,9,915216980,915216980Empty,9283,Outbound,Portabilidad Postpago,PROGRAMADO,Retiro en tienda,9355,ABIERTAS,Pendiente Entrega,Pendiente Entrega,NET_AAPOLAYACAC,SIM,3 sept 2026,null,null,No,ABIERTAS,null,Multilínea,Mono_item,Loreto,null,null,null
Netcall,2 sept 2026,6,915136440,91513644089511710101029851596,9283,Outbound,Portabilidad Postpago,EXPRESS,Logixtal,9355,ABIERTAS,Entregado,Entregado,NET_SLAZOB,SIM,2 sept 2026,null,null,No,ABIERTAS,null,Monolínea,Mono_item,Loreto,null,null,null
Netcall,1 sept 2026,11,914811849,9148118498165741140118,9283,Outbound,Portabilidad Postpago,EXPRESS,Logixtal,9355,CERRADAS,Entregado,Entregado,NET_JYPEREZV,SIM,1 sept 2026,1 sept 2026,null,No,CERRADAS,2026-09-02 00:39:24,Monolínea,Mono_item,Loreto,null,Power 59.90 N,Power 59.90 N
Netcall,1 sept 2026,12,914835676,9148356768165982361083,9283,Outbound,Portabilidad Postpago,PROGRAMADO,Logixtal,9355,ABIERTAS,Pendiente Entrega,Pendiente Entrega,NET_CRAMOSC,SIM,2 sept 2026,null,null,No,ABIERTAS,null,Multilínea,Mono_item,Loreto,null,null,Power ilim 79.90 SD N
Netcall,1 sept 2026,12,914835707,9148357078165982935502,9283,Outbound,Portabilidad Postpago,PROGRAMADO,Logixtal,9355,ABIERTAS,Pendiente Entrega,Pendiente Entrega,NET_CRAMOSC,SIM,2 sept 2026,null,null,No,ABIERTAS,null,Multilínea,Mono_item,Loreto,null,null,Power ilim 79.90 SD N
Netcall,1 sept 2026,16,914899660,9148996608166686051706,9283,Outbound,Portabilidad Postpago,PROGRAMADO,Logixtal,9355,ABIERTAS,Pendiente Entrega,Pendiente Entrega,NET_YVEGASA,SIM,2 sept 2026,null,null,No,ABIERTAS,null,Monolínea,Mono_item,Loreto,null,null,Power ilim 79.90 SD N
Netcall,1 sept 2026,9,914774463,9147744638165380116282,9283,Outbound,Portabilidad Postpago,EXPRESS,Logixtal,9355,CERRADAS,Entregado,Entregado,NET_AMANRIQUEC,SIM,1 sept 2026,1 sept 2026,null,No,CERRADAS,2026-09-02 00:44:43,Monolínea,Mono_item,Loreto,null,Power ilim 79.90 SD N,Power ilim 79.90 SD N
Netcall,1 sept 2026,14,914861520,9148615208166265902572,9283,Outbound,Portabilidad Postpago,EXPRESS,Logixtal,9355,ABIERTAS,Pendiente Entrega,Pendiente Entrega,TLV_NET_CZEGARR,SIM,2 sept 2026,null,null,No,ABIERTAS,null,Monolínea,Mono_item,Loreto,null,null,Power ilim 69.90 N
Netcall,2 sept 2026,9,915220827,91522082789511710101029852479,9283,Outbound,Portabilidad Postpago,EXPRESS,Retiro en tienda,9355,ABIERTAS,Entregado,Entregado,NET_JRAMIREZQ,SIM,2 sept 2026,null,null,No,ABIERTAS,null,Monolínea,Mono_item,Loreto,null,null,null
Netcall,1 sept 2026,11,914802316,9148023168165647215349,5299,Outbound,Portabilidad Postpago,EXPRESS,Logixtal,9355,CERRADAS,Entregado,Entregado,NET_BTRUJILLOT,SIM,1 sept 2026,1 sept 2026,null,No,CERRADAS,2026-09-02 02:03:02,Multilínea,Mono_item,Loreto,null,Power ilim 79.90 SD N,Power ilim 79.90 SD N
Netcall,1 sept 2026,11,914812422,9148124228165750645068,9283,Outbound,Portabilidad Postpago,PROGRAMADO,Logixtal,9355,ABIERTAS,Pendiente Entrega,Pendiente Entrega,NET_GHERRERAG,SIM,2 sept 2026,null,null,No,ABIERTAS,null,Monolínea,Mono_item,Loreto,null,null,Power ilim 79.90 SD N
Netcall,1 sept 2026,9,914768958,9147689588165327478151,9283,Outbound,Portabilidad Postpago,EXPRESS,Logixtal,9355,CERRADAS,Entregado,Entregado,NET_KORTIZD,SIM,1 sept 2026,1 sept 2026,null,No,CERRADAS,2026-09-02 00:54:56,Monolínea,Mono_item,Loreto,null,Power ilim 79.90 SD N,Power ilim 79.90 SD N
Netcall,2 sept 2026,7,915157861,91515786189511710101045168926,9283,Outbound,Portabilidad Postpago,EXPRESS,Retiro en tienda,9355,ABIERTAS,Entregado,Entregado,NET_JIYASHAMAR,SIM,2 sept 2026,null,null,No,ABIERTAS,null,Monolínea,Mono_item,Loreto,null,null,null
Netcall,2 sept 2026,11,915253213,91525321389511710101029852420,9283,Outbound,Portabilidad Postpago,EXPRESS,Retiro en tienda,9355,ABIERTAS,Entregado,Entregado,TLV_NET_RSORIAH,SIM,2 sept 2026,null,null,No,ABIERTAS,null,Monolínea,Mono_item,Loreto,null,null,null
Netcall,1 sept 2026,9,914760762,9147607628165256845852,9283,Outbound,Portabilidad Postpago,EXPRESS,Logixtal,9355,CERRADAS,Entregado,Entregado,NET_KORTIZD,SIM,1 sept 2026,1 sept 2026,null,No,CERRADAS,2026-09-02 01:20:32,Monolínea,Mono_item,Loreto,null,Power ilim 79.90 SD N,Power ilim 79.90 SD N
Netcall,2 sept 2026,12,915282669,91528266989511710111073737864,9283,Outbound,Portabilidad Postpago,EXPRESS,Logixtal,9001,ABIERTAS,Entregado,Entregado,NET_MCASTILLOC,SIM,2 sept 2026,null,null,No,ABIERTAS,null,Monolínea,Mono_item,Lima - Callao,null,null,null
Netcall,1 sept 2026,11,914798253,9147982538165604577583,9283,Outbound,Venta Regular / Alta,EXPRESS,Logixtal,9344,CERRADAS,Entregado,Entregado,NET_SRODRIGUEZP,SIM,1 sept 2026,1 sept 2026,01/09/2026,Sí,CERRADAS,2026-09-01 14:36:04,Multilínea,Mono_item,Ancash,34.95,Power ilim 69.90 N,Power ilim 69.90 N
Netcall,1 sept 2026,14,914863494,9148634948166283780871,9283,Outbound,Portabilidad Postpago,EXPRESS,Logixtal,9001,CERRADAS,Entregado,Entregado,NET_ARIVERA,SIM,1 sept 2026,1 sept 2026,null,No,CERRADAS,2026-09-02 00:55:18,Monolínea,Mono_item,Lima - Callao,null,Power ilim 69.90 N,Power ilim 69.90 N
Netcall,1 sept 2026,18,914935242,9149352428167062363926,9283,Outbound,Portabilidad Postpago,EXPRESS,Logixtal,9001,ABIERTAS,Entregado,Entregado,NET_CBIELICHR,SIM,1 sept 2026,1 sept 2026,null,No,ABIERTAS,null,Monolínea,Mono_item,Lima - Callao,null,null,Power ilim 79.90 SD N
Netcall,2 sept 2026,16,915335545,91533554589511710111073737872,9283,Outbound,Portabilidad Postpago,EXPRESS,Logixtal,9001,CANCELADAS,Pendiente Entrega,Pendiente de Picking,TLV_NET_JSILVAT,SIM,2 sept 2026,null,null,No,CANCELADAS,2026-09-02 18:08:18,Monolínea,Mono_item,Lima - Callao,null,null,null
Netcall,1 sept 2026,16,914897914,9148979148166663300363,9283,Outbound,Portabilidad Postpago,EXPRESS,Logixtal,9001,CERRADAS,Entregado,Entregado,NET_ACREGALADO,SIM,1 sept 2026,1 sept 2026,null,No,CERRADAS,2026-09-02 01:58:43,Monolínea,Mono_item,Lima - Callao,null,Power ilim 69.90 N,Power ilim 69.90 N
Netcall,2 sept 2026,11,915259900,91525990089511710121058302139,9283,Outbound,Portabilidad Postpago,EXPRESS,Retiro en tienda,9344,ABIERTAS,Entregado,Entregado,NET_CULLOAC,SIM,2 sept 2026,null,null,No,ABIERTAS,null,Monolínea,Mono_item,Ancash,null,null,null
Netcall,1 sept 2026,19,914947523,9149475238167185349046,9283,Outbound,Portabilidad Postpago,PROGRAMADO,Logixtal,9001,ABIERTAS,Pendiente Entrega,Pendiente Entrega,NET_JIYASHAMAR,SIM,2 sept 2026,null,null,No,ABIERTAS,null,Monolínea,Mono_item,Lima - Callao,null,Power 49.90 N,Power ilim 79.90 SD N
Netcall,2 sept 2026,13,915283410,91528341089511710121058306999,9283,Outbound,Portabilidad Postpago,EXPRESS,Retiro en tienda,9344,CANCELADAS,Cancelado,Cancelado,NET_MUBILLUSR,SIM,2 sept 2026,null,null,No,CANCELADAS,2026-09-02 15:52:16,Monolínea,Mono_item,Ancash,null,null,null
Netcall,2 sept 2026,14,915308431,91530843189511710111071459859,9283,Outbound,Portabilidad Postpago,EXPRESS,Logixtal,9001,ABIERTAS,Entregado,Entregado,NET_MCVASQUEZ,SIM,2 sept 2026,null,null,No,ABIERTAS,null,Monolínea,Mono_item,Lima - Callao,null,null,null
Netcall,2 sept 2026,10,915230716,915230716Empty,9283,Outbound,Portabilidad Postpago,PROGRAMADO,Retiro en tienda,9344,ABIERTAS,Pendiente Entrega,Pendiente Entrega,NET_GHERRERAG,SIM,4 sept 2026,null,null,No,ABIERTAS,null,Monolínea,Mono_item,Ancash,null,null,null
Netcall,1 sept 2026,10,914792811,9147928118165568277958,9283,Outbound,Portabilidad Postpago,EXPRESS,Logixtal,9344,CERRADAS,Entregado,Entregado,NET_SRODRIGUEZP,SIM,1 sept 2026,1 sept 2026,null,No,CERRADAS,2026-09-02 00:50:03,Multilínea,Mono_item,Ancash,null,Power ilim 69.90 N,Power ilim 69.90 N
Netcall,1 sept 2026,2,914600094,9146000948164079901275,9271,Outbound,Portabilidad Postpago,EXPRESS,Logixtal,9001,CERRADAS,Entregado,Entregado,NET_CCAVEROA,SIM,1 sept 2026,1 sept 2026,null,No,CERRADAS,2026-09-02 01:34:29,Monolínea,Mono_item,Lima - Callao,null,Power 59.90 N,Power 59.90 N
Netcall,1 sept 2026,16,914901648,914901648,9289,Outbound,Portabilidad Postpago,EXPRESS,Logixtal,9001,CERRADAS,Entregado,Entregado,TLV_NET_MLANDAR,SIM,1 sept 2026,1 sept 2026,null,No,CERRADAS,2026-09-02 00:18:07,Monolínea,Mono_item,Lima - Callao,null,Power ilim 69.90 N,null
Netcall,1 sept 2026,13,914841376,9148413768166041968785,9283,Outbound,Portabilidad Postpago,RETIRO EN TIENDA,Retiro en tienda,7254,ABIERTAS,Pendiente Entrega,Pendiente Entrega,NET_JIYASHAMAR,SIM,1 sept 2026,null,null,No,ABIERTAS,null,Multilínea,Mono_item,Moquegua,null,null,Power ilim 79.90 SD N
Netcall,1 sept 2026,13,914845440,9148454408166090925378,9283,Outbound,Portabilidad Postpago,RETIRO EN TIENDA,Retiro en tienda,7254,ABIERTAS,Pendiente Entrega,Pendiente Entrega,NET_JIYASHAMAR,SIM,1 sept 2026,null,null,No,ABIERTAS,null,Multilínea,Mono_item,Moquegua,null,null,Power ilim 79.90 SD N
Netcall,2 sept 2026,9,915220990,91522099089511710101045202758,9283,Outbound,Venta Regular / Alta,EXPRESS,Retiro en tienda,9356,CERRADAS,Entregado,Entregado,NET_SSALAZARV,SIM,2 sept 2026,2 sept 2026,null,No,CERRADAS,2026-09-02 15:59:51,Monolínea,Mono_item,Moquegua,null,Power ilim 79.90 SD N,null
Netcall,1 sept 2026,17,914906070,9149060708166780476936,5299,Outbound,Portabilidad Postpago,PROGRAMADO,Logixtal,9345,ABIERTAS,Pendiente Entrega,Pendiente Entrega,NET_LVIZCARRARO,SIM,2 sept 2026,null,null,No,ABIERTAS,null,Monolínea,Mono_item,Ica,null,null,Power ilim 79.90 SD N
Netcall,2 sept 2026,16,915334432,915334432Empty,9283,Outbound,Portabilidad Postpago,PROGRAMADO,Retiro en tienda,9345,ABIERTAS,Pendiente Entrega,Pendiente Entrega,NET_JROMEROC,SIM,3 sept 2026,null,null,No,ABIERTAS,null,Multilínea,Mono_item,Ica,null,null,null
Netcall,2 sept 2026,10,915240996,91524099689511710111069284525,9283,Outbound,Portabilidad Postpago,EXPRESS,Retiro en tienda,9345,CANCELADAS,Cancelado,Cancelado,NET_SLAZOB,SIM,2 sept 2026,null,null,No,CANCELADAS,2026-09-02 12:00:54,Multilínea,Mono_item,Ica,null,null,null
Netcall,1 sept 2026,13,914838674,9148386748166119855626,9283,Outbound,Portabilidad Postpago,RETIRO EN TIENDA,Retiro en tienda,1009,ABIERTAS,Pendiente Entrega,Pendiente Entrega,NET_CULLOAC,SIM,1 sept 2026,null,null,No,ABIERTAS,null,Monolínea,Mono_item,Ica,null,null,Power 59.90 N
Netcall,1 sept 2026,10,914779891,9147798918165448084982,9283,Outbound,Portabilidad Postpago,EXPRESS,Logixtal,9345,CERRADAS,Entregado,Entregado,NET_BCUSQUISIVA,SIM,1 sept 2026,1 sept 2026,null,No,CERRADAS,2026-09-02 01:10:00,Monolínea,Mono_item,Ica,null,Power ilim 69.90 N,Power ilim 69.90 N
Netcall,1 sept 2026,15,914882122,9148821228166502967940,9283,Outbound,Portabilidad Postpago,PROGRAMADO,Logixtal,9345,ABIERTAS,Pendiente Entrega,Pendiente Entrega,NET_ACREGALADO,SIM,2 sept 2026,null,null,No,ABIERTAS,null,Monolínea,Mono_item,Ica,null,null,Power 59.90 N
Netcall,2 sept 2026,12,915274946,915274946Empty,9283,Outbound,Portabilidad Postpago,PROGRAMADO,Retiro en tienda,9345,ABIERTAS,Pendiente Entrega,Pendiente Entrega,NET_SLAZOB,SIM,4 sept 2026,null,null,No,ABIERTAS,null,Multilínea,Mono_item,Ica,null,null,null
Netcall,1 sept 2026,14,914862498,9148624988166272148416,9283,Outbound,Portabilidad Postpago,PROGRAMADO,Logixtal,9345,ABIERTAS,Pendiente Entrega,Pendiente Entrega,NET_SMENDOZAV,SIM,2 sept 2026,null,null,No,ABIERTAS,null,Monolínea,Mono_item,Ica,null,null,Power ilim 79.90 SD N
Netcall,2 sept 2026,16,915332254,91533225489511710111070905910,9283,Outbound,Venta Regular / Alta,EXPRESS,Retiro en tienda,9345,ABIERTAS,Pendiente Entrega,Pendiente Entrega,NET_JROMEROC,SIM,2 sept 2026,null,null,No,ABIERTAS,null,Multilínea,Mono_item,Ica,null,null,null
Netcall,1 sept 2026,17,914920453,9149204538166912541667,9283,Outbound,Portabilidad Postpago,RETIRO EN TIENDA,Retiro en tienda,1009,CERRADAS,Entregado,Entregado,NET_JCAVEROC,SIM,1 sept 2026,1 sept 2026,null,No,CERRADAS,2026-09-02 01:01:20,Monolínea,Mono_item,Ica,null,Power 59.90 N,Power 59.90 N
Netcall,1 sept 2026,16,914895297,9148952978166636517233,9283,Outbound,Portabilidad Postpago,RETIRO EN TIENDA,Retiro en tienda,1009,CERRADAS,Entregado,Entregado,NET_JCHEROO,SIM,1 sept 2026,1 sept 2026,null,No,CERRADAS,2026-09-02 01:08:31,Monolínea,Mono_item,Ica,null,Power 59.90 N,Power 59.90 N
Netcall,1 sept 2026,15,914875780,9148757808166416661366,9271,Outbound,Portabilidad Postpago,RETIRO EN TIENDA,Retiro en tienda,7161,CERRADAS,Entregado,Entregado,NET_FCASTILLOG,SIM,1 sept 2026,1 sept 2026,null,No,CERRADAS,2026-09-02 01:28:32,Multilínea,Mono_item,Ica,null,Power ilim 69.90 N,Power ilim 69.90 N
Netcall,1 sept 2026,12,914820090,9148200908165822676794,9283,Outbound,Venta Regular / Alta,EXPRESS,Logixtal,9345,ABIERTAS,Pendiente Entrega,Pendiente Entrega,NET_GMENDIGUETE,SIM,1 sept 2026,null,null,No,ABIERTAS,null,Monolínea,Mono_item,Ica,null,null,Power 39.90 N
Netcall,2 sept 2026,8,915211374,91521137489511710111069276547,9283,Outbound,Portabilidad Postpago,EXPRESS,Retiro en tienda,9345,ABIERTAS,Entregado,Entregado,NET_LCAMPOSCABR,SIM,2 sept 2026,null,null,No,ABIERTAS,null,Monolínea,Mono_item,Ica,null,null,null
Netcall,2 sept 2026,12,915272429,91527242989511710121058252391,9283,Outbound,Portabilidad Postpago,EXPRESS,Retiro en tienda,9345,ABIERTAS,Entregado,Entregado,NET_ATORRESP,SIM,2 sept 2026,null,null,No,ABIERTAS,null,Monolínea,Mono_item,Ica,null,null,null
Netcall,1 sept 2026,13,914848160,9148481608166118105988,9271,Outbound,Portabilidad Postpago,RETIRO EN TIENDA,Retiro en tienda,7161,CANCELADAS,Cancelado,Cancelado,NET_FCASTILLOG,SIM,1 sept 2026,null,null,No,CANCELADAS,2026-09-01 15:36:18,Multilínea,Mono_item,Ica,null,null,Power ilim 69.90 N
Netcall,1 sept 2026,14,914859948,9148599488166247293346,9283,Outbound,Portabilidad Postpago,EXPRESS,Logixtal,9345,CERRADAS,Entregado,Entregado,NET_MHUAPAYAQ,SIM,1 sept 2026,1 sept 2026,null,No,CERRADAS,2026-09-02 00:58:44,Monolínea,Mono_item,Ica,null,Power ilim 79.90 SD N,Power ilim 79.90 SD N
Netcall,1 sept 2026,10,914786646,9147866468165488644621,9283,Outbound,Portabilidad Postpago,RETIRO EN TIENDA,Retiro en tienda,7161,ABIERTAS,Pendiente Entrega,Pendiente Entrega,NET_LCASTILLORI,SIM,1 sept 2026,null,null,No,ABIERTAS,null,Multilínea,Mono_item,Ica,null,null,Power ilim 79.90 SD N
Netcall,2 sept 2026,10,915227792,915227792Empty,9283,Outbound,Portabilidad Postpago,RETIRO EN TIENDA,Retiro en tienda,7161,ABIERTAS,Pendiente Entrega,Pendiente Entrega,NET_CSALAZARP,SIM,2 sept 2026,null,null,No,ABIERTAS,null,Monolínea,Mono_item,Ica,null,null,null
Netcall,2 sept 2026,15,915322827,915322827Empty,9271,Outbound,Portabilidad Postpago,RETIRO EN TIENDA,Retiro en tienda,1009,ABIERTAS,Pendiente Entrega,Pendiente Entrega,TLV_NET_BREYESR,SIM,2 sept 2026,null,null,No,ABIERTAS,null,Monolínea,Mono_item,Ica,null,null,null
Netcall,1 sept 2026,15,914874398,9148743988166401987092,9283,Outbound,Portabilidad Postpago,PROGRAMADO,Logixtal,9345,ABIERTAS,Pendiente Entrega,Pendiente Entrega,NET_FLABANM,SIM,2 sept 2026,null,null,No,ABIERTAS,null,Monolínea,Mono_item,Ica,null,null,Power ilim 79.90 SD N
Netcall,1 sept 2026,10,914786343,9147863438165486867256,9283,Outbound,Portabilidad Postpago,RETIRO EN TIENDA,Retiro en tienda,1009,ABIERTAS,Pendiente Entrega,Pendiente Entrega,NET_SDIAZO,SIM,1 sept 2026,null,null,No,ABIERTAS,null,Monolínea,Mono_item,Ica,null,null,Power ilim 79.90 SD N
Netcall,2 sept 2026,14,915304897,915304897Empty,9283,Outbound,Portabilidad Postpago,RETIRO EN TIENDA,Retiro en tienda,1009,ABIERTAS,Pendiente Entrega,Pendiente Entrega,NET_DCONVERCIOA,SIM,2 sept 2026,null,null,No,ABIERTAS,null,Monolínea,Mono_item,Ica,null,null,null
Netcall,2 sept 2026,20,915409853,915409853Empty,9283,Outbound,Portabilidad Postpago,RETIRO EN TIENDA,Retiro en tienda,1009,ABIERTAS,Pendiente Entrega,Pendiente Entrega,NET_JIYASHAMAR,SIM,2 sept 2026,null,null,No,ABIERTAS,null,Monolínea,Mono_item,Ica,null,null,null
Netcall,2 sept 2026,16,915333459,915333459Empty,9283,Outbound,Portabilidad Postpago,PROGRAMADO,Retiro en tienda,9345,ABIERTAS,Pendiente Entrega,Pendiente Entrega,NET_JROMEROC,SIM,3 sept 2026,null,null,No,ABIERTAS,null,Multilínea,Mono_item,Ica,null,null,null
Netcall,2 sept 2026,11,915260702,91526070289511710111069278832,9283,Outbound,Portabilidad Postpago,EXPRESS,Retiro en tienda,9345,CANCELADAS,Cancelado,Cancelado,TLV_NET_JSOTOZ,SIM,2 sept 2026,null,null,No,CANCELADAS,2026-09-02 12:33:40,Monolínea,Mono_item,Ica,null,null,null
Netcall,1 sept 2026,10,914786995,9147869958165495868216,9283,Outbound,Portabilidad Postpago,RETIRO EN TIENDA,Retiro en tienda,7161,ABIERTAS,Pendiente Entrega,Pendiente Entrega,NET_LCASTILLORI,SIM,1 sept 2026,null,null,No,ABIERTAS,null,Multilínea,Mono_item,Ica,null,null,Power ilim 79.90 SD N
Netcall,1 sept 2026,12,914833400,9148334008165959443037,9271,Outbound,Portabilidad Postpago,RETIRO EN TIENDA,Retiro en tienda,1009,ABIERTAS,Pendiente Entrega,Pendiente Entrega,NET_LGOMEZA,SIM,1 sept 2026,null,null,No,ABIERTAS,null,Monolínea,Mono_item,Ica,null,null,Power ilim 69.90 N
Netcall,1 sept 2026,16,914893172,9148931728166611428952,9283,Outbound,Portabilidad Postpago,RETIRO EN TIENDA,Retiro en tienda,8006,ABIERTAS,Pendiente Entrega,Pendiente Entrega,NET_CBIELICHR,SIM,1 sept 2026,null,null,No,ABIERTAS,null,Multilínea,Mono_item,Ancash,null,null,Power ilim 79.90 SD N
Netcall,2 sept 2026,11,915245803,915245803Empty,9271,Outbound,Portabilidad Postpago,RETIRO EN TIENDA,Retiro en tienda,8006,ABIERTAS,Pendiente Entrega,Pendiente Entrega,NET_SCOVENASC,SIM,2 sept 2026,null,null,No,ABIERTAS,null,Monolínea,Mono_item,Ancash,null,null,null
Netcall,1 sept 2026,15,914868679,9148686798166341609381,9271,Outbound,Portabilidad Postpago,RETIRO EN TIENDA,Retiro en tienda,8006,ABIERTAS,Pendiente Entrega,Pendiente Entrega,NET_ATENORIOM,SIM,1 sept 2026,null,null,No,ABIERTAS,null,Monolínea,Mono_item,Ancash,null,null,Power ilim 69.90 N
Netcall,1 sept 2026,16,914891939,9148919398166600370532,9283,Outbound,Portabilidad Postpago,RETIRO EN TIENDA,Retiro en tienda,8006,CERRADAS,Entregado,Entregado,NET_CBIELICHR,SIM,1 sept 2026,1 sept 2026,null,No,CERRADAS,2026-09-02 01:08:42,Multilínea,Mono_item,Ancash,null,Power ilim 79.90 SD N,Power ilim 79.90 SD N
Netcall,1 sept 2026,19,914947404,9149474048167184835977,9283,Outbound,Portabilidad Postpago,RETIRO EN TIENDA,Retiro en tienda,8006,ABIERTAS,Pendiente Entrega,Pendiente Entrega,NET_CBIELICHR,SIM,1 sept 2026,null,null,No,ABIERTAS,null,Multilínea,Mono_item,Ancash,null,null,Power ilim 79.90 SD N
Netcall,2 sept 2026,16,915349322,915349322Empty,9283,Outbound,Portabilidad Postpago,PROGRAMADO,Logixtal,9001,ABIERTAS,Pendiente Entrega,Pendiente de Picking,NET_LLEONAN,SIM,3 sept 2026,null,null,No,ABIERTAS,null,Multilínea,Mono_item,Lima - Callao,null,null,null
Netcall,2 sept 2026,16,915350765,915350765Empty,9283,Outbound,Portabilidad Postpago,PROGRAMADO,Logixtal,9001,ABIERTAS,Pendiente Entrega,Pendiente de Picking,NET_LLEONAN,SIM,3 sept 2026,null,null,No,ABIERTAS,null,Multilínea,Mono_item,Lima - Callao,null,null,null
Netcall,2 sept 2026,10,915239205,915239205Empty,9283,Outbound,Portabilidad Postpago,RETIRO EN TIENDA,Retiro en tienda,3203,ABIERTAS,Pendiente Entrega,Pendiente Entrega,NET_DNIEVESNIMA,SIM,2 sept 2026,null,null,No,ABIERTAS,null,Monolínea,Mono_item,Lima - Callao,null,null,null
Netcall,1 sept 2026,14,914853249,9148532498166176556939,9283,Outbound,Portabilidad Postpago,RETIRO EN TIENDA,Retiro en tienda,3203,CERRADAS,Entregado,Entregado,NET_JCAVEROC,SIM,1 sept 2026,1 sept 2026,null,No,CERRADAS,2026-09-02 01:22:40,Monolínea,Mono_item,Lima - Callao,null,Power ilim 79.90 SD N,Power ilim 79.90 SD N
Netcall,1 sept 2026,10,914782955,9147829558165472712480,9283,Outbound,Portabilidad Postpago,RETIRO EN TIENDA,Retiro en tienda,7169,CERRADAS,Entregado,Entregado,NET_PSANCHEZE,SIM,1 sept 2026,1 sept 2026,null,No,CERRADAS,2026-09-02 01:28:44,Multilínea,Mono_item,Ancash,null,Power ilim 79.90 SD N,Power ilim 79.90 SD N
Netcall,1 sept 2026,10,914786518,9147865188165489963950,9283,Outbound,Portabilidad Postpago,RETIRO EN TIENDA,Retiro en tienda,7169,CERRADAS,Entregado,Entregado,NET_PSANCHEZE,SIM,1 sept 2026,1 sept 2026,null,No,CERRADAS,2026-09-02 00:53:52,Multilínea,Mono_item,Ancash,null,Power ilim 79.90 SD N,Power ilim 79.90 SD N
Netcall,2 sept 2026,13,915297524,915297524Empty,9283,Outbound,Portabilidad Postpago,RETIRO EN TIENDA,Retiro en tienda,7169,ABIERTAS,Pendiente Entrega,Pendiente Entrega,NET_YCASTILLOO,SIM,2 sept 2026,null,null,No,ABIERTAS,null,Monolínea,Mono_item,Ancash,null,null,null
Netcall,1 sept 2026,10,914788480,9147884808165509747323,9283,Outbound,Portabilidad Postpago,RETIRO EN TIENDA,Retiro en tienda,7169,CERRADAS,Entregado,Entregado,NET_PSANCHEZE,SIM,1 sept 2026,1 sept 2026,null,No,CERRADAS,2026-09-02 03:01:57,Multilínea,Mono_item,Ancash,null,Power ilim 79.90 SD N,Power ilim 79.90 SD N
Netcall,2 sept 2026,17,915365642,915365642Empty,9283,Outbound,Portabilidad Postpago,RETIRO EN TIENDA,Retiro en tienda,7169,ABIERTAS,Pendiente Entrega,Pendiente Entrega,NET_SGONZALESP,SIM,2 sept 2026,null,null,No,ABIERTAS,null,Monolínea,Mono_item,Ancash,null,null,null
Netcall,2 sept 2026,10,915232508,915232508Empty,9271,Outbound,Portabilidad Postpago,RETIRO EN TIENDA,Retiro en tienda,3016,ABIERTAS,Pendiente Entrega,Pendiente Entrega,NET_BATOP,SIM,2 sept 2026,null,null,No,ABIERTAS,null,Monolínea,Mono_item,Ancash,null,null,null
Netcall,2 sept 2026,15,915323924,915323924Empty,9283,Outbound,Portabilidad Postpago,PROGRAMADO,Retiro en tienda,9344,ABIERTAS,Pendiente Entrega,Pendiente Entrega,NET_LRODRIGUEZC,SIM,3 sept 2026,null,null,No,ABIERTAS,null,Multilínea,Mono_item,Ancash,null,null,null
Netcall,1 sept 2026,16,914899474,9148994748166682171350,9271,Outbound,Portabilidad Postpago,RETIRO EN TIENDA,Retiro en tienda,3016,ABIERTAS,Pendiente Entrega,Pendiente Entrega,NET_KTAYAB,SIM,1 sept 2026,null,null,No,ABIERTAS,null,Monolínea,Mono_item,Ancash,null,null,Power 59.90 N
Netcall,1 sept 2026,10,914779434,9147794348165426183857,9283,Outbound,Portabilidad Postpago,PROGRAMADO,Logixtal,9344,ABIERTAS,Pendiente Entrega,Pendiente Entrega,NET_SBENITOV,SIM,2 sept 2026,null,null,No,ABIERTAS,null,Monolínea,Mono_item,Ancash,null,null,Power ilim 79.90 SD N
Netcall,1 sept 2026,19,914943702,9149437028167137102117,9283,Outbound,Portabilidad Postpago,PROGRAMADO,Logixtal,9344,ABIERTAS,Pendiente Entrega,Pendiente Entrega,NET_YENCARNACIH,SIM,2 sept 2026,null,null,No,ABIERTAS,null,Monolínea,Mono_item,Ancash,null,null,Power 59.90 N
Netcall,2 sept 2026,16,915332676,915332676Empty,9283,Outbound,Portabilidad Postpago,RETIRO EN TIENDA,Retiro en tienda,3016,ABIERTAS,Pendiente Entrega,Pendiente Entrega,TLV_NET_CSILVAP,SIM,2 sept 2026,null,null,No,ABIERTAS,null,Multilínea,Mono_item,Ancash,null,null,null
Netcall,2 sept 2026,15,915318060,915318060Empty,9283,Outbound,Portabilidad Postpago,PROGRAMADO,Retiro en tienda,9344,ABIERTAS,Pendiente Entrega,Pendiente Entrega,NET_LRODRIGUEZC,SIM,3 sept 2026,null,null,No,ABIERTAS,null,Multilínea,Mono_item,Ancash,null,null,null
Netcall,2 sept 2026,15,915319610,915319610Empty,9283,Outbound,Portabilidad Postpago,PROGRAMADO,Retiro en tienda,9344,ABIERTAS,Pendiente Entrega,Pendiente Entrega,NET_LRODRIGUEZC,SIM,3 sept 2026,null,null,No,ABIERTAS,null,Multilínea,Mono_item,Ancash,null,null,null
Netcall,2 sept 2026,13,915286529,915286529Empty,9283,Outbound,Portabilidad Postpago,RETIRO EN TIENDA,Retiro en tienda,3016,ABIERTAS,Pendiente Entrega,Pendiente Entrega,TLV_NET_CSILVAP,SIM,2 sept 2026,null,null,No,ABIERTAS,null,Multilínea,Mono_item,Ancash,null,null,null
Netcall,2 sept 2026,10,915239254,91523925489511710121058305850,9283,Outbound,Portabilidad Postpago,EXPRESS,Retiro en tienda,9344,ABIERTAS,Pendiente Entrega,Pendiente Entrega,NET_SBENITOV,SIM,2 sept 2026,null,null,No,ABIERTAS,null,Monolínea,Mono_item,Ancash,null,null,null
Netcall,2 sept 2026,9,915218758,91521875889511710111073798684,9283,Outbound,Portabilidad Postpago,EXPRESS,Logixtal,9001,ABIERTAS,Entregado,Entregado,NET_FRIVERAO,SIM,2 sept 2026,null,null,No,ABIERTAS,null,Monolínea,Mono_item,Lima - Callao,null,null,null
Netcall,1 sept 2026,13,914846563,9148465638166101948315,9283,Outbound,Portabilidad Postpago,PROGRAMADO,Logixtal,9001,ABIERTAS,Pendiente Entrega,Pendiente Entrega,NET_RGUTIERREZS,SIM,2 sept 2026,null,null,No,ABIERTAS,null,Monolínea,Mono_item,Lima - Callao,null,null,Power ilim 69.90 N
Netcall,2 sept 2026,14,915306645,915306645Empty,9283,Outbound,Portabilidad Postpago,RETIRO EN TIENDA,Retiro en tienda,3091,CANCELADAS,Cancelado,Cancelado,NET_MMREVILLA,SIM,2 sept 2026,null,null,No,CANCELADAS,2026-09-02 19:03:19,Monolínea,Mono_item,Lima - Callao,null,null,null
Netcall,2 sept 2026,10,915229267,91522926789511710111073798999,9283,Outbound,Portabilidad Postpago,EXPRESS,Logixtal,9001,ABIERTAS,Entregado,Entregado,NET_PCHAVESTAY,SIM,2 sept 2026,null,null,No,ABIERTAS,null,Multilínea,Mono_item,Lima - Callao,null,null,null
Netcall,2 sept 2026,10,915230069,91523006989511710111073798981,9283,Outbound,Portabilidad Postpago,EXPRESS,Logixtal,9001,ABIERTAS,Entregado,Entregado,NET_PCHAVESTAY,SIM,2 sept 2026,null,null,No,ABIERTAS,null,Multilínea,Mono_item,Lima - Callao,null,null,null
Netcall,2 sept 2026,13,915295711,915295711Empty,9283,Outbound,Portabilidad Postpago,PROGRAMADO,Logixtal,9001,ABIERTAS,Pendiente Entrega,Pendiente de Picking,NET_SDIAZO,SIM,4 sept 2026,null,null,No,ABIERTAS,null,Monolínea,Mono_item,Lima - Callao,null,null,null
Netcall,2 sept 2026,16,915350645,915350645Empty,9283,Outbound,Portabilidad Postpago,RETIRO EN TIENDA,Retiro en tienda,3091,ABIERTAS,Pendiente Entrega,Pendiente Entrega,NET_MCVASQUEZ,SIM,2 sept 2026,null,null,No,ABIERTAS,null,Monolínea,Mono_item,Lima - Callao,null,null,null
Netcall,2 sept 2026,10,915228637,91522863789511710111073798841,9283,Outbound,Portabilidad Postpago,EXPRESS,Logixtal,9001,ABIERTAS,Entregado,Entregado,NET_PCHAVESTAY,SIM,2 sept 2026,null,null,No,ABIERTAS,null,Multilínea,Mono_item,Lima - Callao,null,null,null
Netcall,2 sept 2026,9,915223724,91522372489511710111073798866,9283,Outbound,Portabilidad Postpago,EXPRESS,Logixtal,9001,ABIERTAS,Entregado,Entregado,NET_LFLORESY,SIM,2 sept 2026,null,null,No,ABIERTAS,null,Monolínea,Mono_item,Lima - Callao,null,null,null
Netcall,2 sept 2026,13,915300496,91530049689511710111073798882,9283,Outbound,Portabilidad Postpago,EXPRESS,Logixtal,9001,ABIERTAS,Pendiente Entrega,Pendiente de Picking,NET_SMORES,SIM,2 sept 2026,null,null,No,ABIERTAS,null,Monolínea,Mono_item,Lima - Callao,null,null,null
Netcall,2 sept 2026,18,915377432,915377432Empty,9283,Outbound,Portabilidad Postpago,RETIRO EN TIENDA,Retiro en tienda,3091,ABIERTAS,Pendiente Entrega,Pendiente Entrega,NET_BHUACHUHUIB,SIM,2 sept 2026,null,null,No,ABIERTAS,null,Monolínea,Mono_item,Lima - Callao,null,null,null
Netcall,1 sept 2026,9,914768649,9147686498165318341266,9283,Outbound,Portabilidad Postpago,EXPRESS,Logixtal,9353,CANCELADAS,Anulado,CLIENTE DESISTE - NO BRINDA MOTIVOS,NET_SDIAZO,SIM,1 sept 2026,null,null,No,CANCELADAS,2026-09-01 11:19:41,Monolínea,Mono_item,Huanuco,null,null,Power ilim 69.90 N
Netcall,2 sept 2026,8,915196789,91519678989511710111069299960,9283,Outbound,Portabilidad Postpago,EXPRESS,Retiro en tienda,9353,ABIERTAS,Entregado,Entregado,TLV_NET_BCHAVEZ,SIM,2 sept 2026,null,null,No,ABIERTAS,null,Multilínea,Mono_item,Huanuco,null,null,null
Netcall,1 sept 2026,8,914745060,914745060,9271,Outbound,Portabilidad Postpago,EXPRESS,Logixtal,9353,CERRADAS,Entregado,Entregado,TLV_NET_MAYALAM,SIM,1 sept 2026,1 sept 2026,null,No,CERRADAS,2026-09-02 00:05:59,Monolínea,Mono_item,Huanuco,null,Power ilim 69.90 N,null
Netcall,2 sept 2026,11,915260249,91526024989511710111069295711,9283,Outbound,Venta Regular / Alta,EXPRESS,Retiro en tienda,9353,CERRADAS,Entregado,Entregado,NET_EMONZONP,SIM,2 sept 2026,2 sept 2026,null,No,CERRADAS,2026-09-02 18:31:36,Monolínea,Mono_item,Huanuco,null,Power 59.90 N,null
Netcall,2 sept 2026,15,915331903,91533190389511710111069293310,9283,Outbound,Portabilidad Postpago,EXPRESS,Retiro en tienda,9353,CANCELADAS,Cancelado,Cancelado,TLV_NET_GCUEVAC,SIM,2 sept 2026,null,null,No,CANCELADAS,2026-09-02 17:48:24,Monolínea,Mono_item,Huanuco,null,null,null
Netcall,2 sept 2026,9,915218888,91521888889511710111069291694,9283,Outbound,Portabilidad Postpago,EXPRESS,Retiro en tienda,9353,ABIERTAS,Entregado,Entregado,NET_MCELISG,SIM,2 sept 2026,null,null,No,ABIERTAS,null,Monolínea,Mono_item,Huanuco,null,null,null
Netcall,1 sept 2026,12,914826497,9148264978165886623703,9283,Outbound,Portabilidad Postpago,EXPRESS,Logixtal,9353,CERRADAS,Entregado,Entregado,NET_MHOYOSV,SIM,1 sept 2026,1 sept 2026,null,No,CERRADAS,2026-09-02 00:57:29,Monolínea,Mono_item,Huanuco,null,Power 59.90 N,Power 59.90 N
Netcall,2 sept 2026,12,915280158,91528015889511710111069295992,9283,Outbound,Portabilidad Postpago,EXPRESS,Retiro en tienda,9353,ABIERTAS,Entregado,Entregado,NET_CIOLAYAR,SIM,2 sept 2026,null,null,No,ABIERTAS,null,Monolínea,Mono_item,Huanuco,null,null,null
Netcall,1 sept 2026,17,914917209,9149172098166874483536,9283,Outbound,Portabilidad Postpago,RETIRO EN TIENDA,Retiro en tienda,3015,CERRADAS,Entregado,Entregado,NET_PCHAVESTAY,SIM,1 sept 2026,1 sept 2026,null,No,CERRADAS,2026-09-02 01:36:08,Multilínea,Mono_item,Huanuco,null,Power ilim 79.90 SD N,Power ilim 79.90 SD N
Netcall,2 sept 2026,11,915258671,915258671Empty,9283,Outbound,Portabilidad Postpago,PROGRAMADO,Retiro en tienda,9353,ABIERTAS,Pendiente Entrega,Pendiente Entrega,NET_EZAPATAC,SIM,3 sept 2026,null,null,No,ABIERTAS,null,Monolínea,Mono_item,Huanuco,null,null,null
Netcall,1 sept 2026,10,914788463,914788463,9283,Outbound,Portabilidad Postpago,EXPRESS,Logixtal,9353,CERRADAS,Entregado,Entregado,NET_MFERRER,SIM,1 sept 2026,1 sept 2026,null,No,CERRADAS,2026-09-02 00:36:07,Multilínea,Mono_item,Huanuco,null,Power ilim 79.90 SD N,null
Netcall,2 sept 2026,10,915238640,91523864089511710111069295752,9283,Outbound,Portabilidad Postpago,EXPRESS,Retiro en tienda,9353,ABIERTAS,Pendiente Entrega,Pendiente Entrega,NET_SDIAZO,SIM,2 sept 2026,null,null,No,ABIERTAS,null,Monolínea,Mono_item,Huanuco,null,null,null
Netcall,1 sept 2026,16,914891195,9148911958166592994037,9283,Outbound,Portabilidad Postpago,EXPRESS,Logixtal,9353,CANCELADAS,Anulado,CLIENTE DESISTE - NO BRINDA MOTIVOS,TLV_NET_APINTAD,SIM,1 sept 2026,null,null,No,CANCELADAS,2026-09-01 18:53:41,Monolínea,Mono_item,Huanuco,null,null,Power ilim 79.90 SD N
Netcall,2 sept 2026,15,915332044,91533204489511710111069293146,9271,Outbound,Portabilidad Postpago,EXPRESS,Retiro en tienda,9353,CANCELADAS,Cancelado,Cancelado,NET_PTORRESR,SIM,2 sept 2026,null,null,No,CANCELADAS,2026-09-02 17:47:56,Monolínea,Mono_item,Huanuco,null,null,null
Netcall,1 sept 2026,10,914789373,9147893738165514185730,9283,Outbound,Portabilidad Postpago,EXPRESS,Logixtal,9353,CANCELADAS,Anulado,Cliente sin equipo Pin Porta,NET_MFERRER,SIM,1 sept 2026,null,null,No,CANCELADAS,2026-09-01 13:40:17,Multilínea,Mono_item,Huanuco,null,null,Power ilim 79.90 SD N
Netcall,1 sept 2026,13,914837346,9148373468165997458113,9271,Outbound,Portabilidad Postpago,EXPRESS,Logixtal,9353,CERRADAS,Entregado,Entregado,TLV_NET_MAYALAM,SIM,1 sept 2026,1 sept 2026,null,No,CERRADAS,2026-09-02 01:13:11,Monolínea,Mono_item,Huanuco,null,Power ilim 69.90 N,Power ilim 69.90 N
Netcall,2 sept 2026,8,915199332,91519933289511710111069299986,9283,Outbound,Portabilidad Postpago,EXPRESS,Retiro en tienda,9353,ABIERTAS,Entregado,Entregado,TLV_NET_BCHAVEZ,SIM,2 sept 2026,null,null,No,ABIERTAS,null,Multilínea,Mono_item,Huanuco,null,null,null
Netcall,2 sept 2026,14,915314498,91531449889511710111069295703,9283,Outbound,Portabilidad Postpago,EXPRESS,Retiro en tienda,9353,ABIERTAS,Entregado,Entregado,NET_MCVASQUEZ,SIM,2 sept 2026,null,null,No,ABIERTAS,null,Monolínea,Mono_item,Huanuco,null,null,null
Netcall,2 sept 2026,11,915251248,91525124889511710111069295745,9283,Outbound,Portabilidad Postpago,EXPRESS,Retiro en tienda,9353,ABIERTAS,Entregado,Entregado,NET_EMONZONP,SIM,2 sept 2026,null,null,No,ABIERTAS,null,Multilínea,Mono_item,Huanuco,null,null,null
Netcall,2 sept 2026,9,915215528,915215528Empty,9283,Outbound,Portabilidad Postpago,PROGRAMADO,Retiro en tienda,9353,ABIERTAS,Pendiente Entrega,Pendiente Entrega,TLV_NET_JSILVAT,SIM,4 sept 2026,null,null,No,ABIERTAS,null,Monolínea,Mono_item,Huanuco,null,null,null
Netcall,1 sept 2026,13,914839322,9148393228166024349095,9283,Outbound,Venta Regular / Alta,EXPRESS,Logixtal,9353,CERRADAS,Entregado,Entregado,NET_MFERRER,SIM,1 sept 2026,1 sept 2026,01/09/2026,Sí,CERRADAS,2026-09-01 16:51:53,Multilínea,Mono_item,Huanuco,39.95,Power ilim 79.90 SD N,Power ilim 79.90 SD N
Netcall,2 sept 2026,11,915250215,91525021589511710111069295737,9283,Outbound,Portabilidad Postpago,EXPRESS,Retiro en tienda,9353,ABIERTAS,Entregado,Entregado,NET_EMONZONP,SIM,2 sept 2026,null,null,No,ABIERTAS,null,Multilínea,Mono_item,Huanuco,null,null,null
Netcall,1 sept 2026,11,914805019,9148050198165668613637,9283,Outbound,Portabilidad Postpago,PROGRAMADO,Logixtal,9353,ABIERTAS,Pendiente Entrega,Pendiente Entrega,NET_JSANGAMA,SIM,3 sept 2026,null,null,No,ABIERTAS,null,Monolínea,Mono_item,Huanuco,null,null,Power 59.90 N
Netcall,1 sept 2026,12,914831863,9148318638165944507380,9283,Outbound,Portabilidad Postpago,EXPRESS,Logixtal,9353,CERRADAS,Entregado,Entregado,NET_JSANCHEZC,SIM,1 sept 2026,1 sept 2026,null,No,CERRADAS,2026-09-02 00:52:53,Monolínea,Mono_item,Huanuco,null,Power ilim 69.90 N,Power ilim 69.90 N
Netcall,2 sept 2026,11,915245019,91524501989511710111069295760,9283,Outbound,Portabilidad Postpago,EXPRESS,Retiro en tienda,9353,CANCELADAS,Cancelado,Cancelado,NET_MCVASQUEZ,SIM,2 sept 2026,null,null,No,CANCELADAS,2026-09-02 11:48:23,Monolínea,Mono_item,Huanuco,null,null,null
Netcall,1 sept 2026,18,914925644,9149256448166961392258,9283,Outbound,Portabilidad Postpago,RETIRO EN TIENDA,Retiro en tienda,3015,CANCELADAS,Cancelado,Cancelado,NET_MCELISG,SIM,1 sept 2026,null,null,No,CANCELADAS,2026-09-01 19:37:39,Monolínea,Mono_item,Huanuco,null,null,Power ilim 69.90 N
Netcall,1 sept 2026,16,914898913,9148989138166673159533,9283,Outbound,Venta Regular / Alta,RETIRO EN TIENDA,Retiro en tienda,7211,ABIERTAS,Pendiente Entrega,Pendiente Entrega,NET_GMENDIGUETE,SIM,1 sept 2026,null,null,No,ABIERTAS,null,Multilínea,Mono_item,Ayacucho,null,null,Power ilim 79.90 SD N
Netcall,1 sept 2026,16,914897580,9148975808166659926205,9283,Outbound,Portabilidad Postpago,RETIRO EN TIENDA,Retiro en tienda,7211,ABIERTAS,Pendiente Entrega,Pendiente Entrega,NET_GMENDIGUETE,SIM,1 sept 2026,null,null,No,ABIERTAS,null,Multilínea,Mono_item,Ayacucho,null,null,Power ilim 79.90 SD N
Netcall,1 sept 2026,12,914820632,9148206328165827514321,9283,Outbound,Portabilidad Postpago,PROGRAMADO,Logixtal,5023,ABIERTAS,Pendiente Entrega,Pendiente Entrega,NET_LCASTILLORI,SIM,3 sept 2026,null,null,No,ABIERTAS,null,Monolínea,Mono_item,La Libertad,null,null,Power ilim 79.90 SD N
Netcall,1 sept 2026,14,914856505,9148565058166209209774,9289,Outbound,Portabilidad Postpago,EXPRESS,Logixtal,9346,ABIERTAS,Pendiente Entrega,Pendiente Entrega,TLV_NET_MLANDAR,SIM,1 sept 2026,null,null,No,ABIERTAS,null,Multilínea,Mono_item,Junin,null,null,Power ilim 79.90 SD N
Netcall,1 sept 2026,13,914836989,914836989,9283,Outbound,Portabilidad Postpago,EXPRESS,Logixtal,9346,CERRADAS,Entregado,Entregado,NET_YRAYMUNDOTA,SIM,1 sept 2026,1 sept 2026,null,No,CERRADAS,2026-09-02 00:03:33,Monolínea,Mono_item,Junin,null,Power ilim 79.90 SD N,null
Netcall,2 sept 2026,9,915216727,91521672789511710121058291399,5299,Outbound,Portabilidad Postpago,EXPRESS,Retiro en tienda,9346,CANCELADAS,Cancelado,Cancelado,NET_JBOZAC,SIM,2 sept 2026,null,null,No,CANCELADAS,2026-09-02 10:11:02,Monolínea,Mono_item,Junin,null,null,null
Netcall,2 sept 2026,12,915278833,915278833Empty,9283,Outbound,Portabilidad Postpago,PROGRAMADO,Retiro en tienda,9346,ABIERTAS,Pendiente Entrega,Pendiente Entrega,NET_LYAIPENARRO,SIM,3 sept 2026,null,null,No,ABIERTAS,null,Monolínea,Mono_item,Junin,null,null,null
Netcall,1 sept 2026,9,914770321,9147703218165332962062,9289,Outbound,Portabilidad Postpago,EXPRESS,Logixtal,9346,CERRADAS,Entregado,Entregado,TLV_NET_MLANDAR,SIM,1 sept 2026,1 sept 2026,null,No,CERRADAS,2026-09-02 01:42:11,Monolínea,Mono_item,Junin,null,Power ilim 79.90 SD N,Power ilim 79.90 SD N
Netcall,2 sept 2026,0,915077910,91507791089511710111070926577,9283,Outbound,Portabilidad Postpago,EXPRESS,Logixtal,9346,CANCELADAS,Pendiente Entrega,Pendiente Entrega,NET_MMREVILLA,SIM,2 sept 2026,null,null,No,CANCELADAS,2026-09-02 08:42:38,Multilínea,Mono_item,Junin,null,null,Power ilim 69.90 N
Netcall,1 sept 2026,16,914886921,914886921,9271,Outbound,Portabilidad Postpago,EXPRESS,Logixtal,9346,CERRADAS,Entregado,Entregado,NET_JAMASIFUENT,SIM,1 sept 2026,1 sept 2026,null,No,CERRADAS,2026-09-02 00:15:53,Monolínea,Mono_item,Junin,null,Power 59.90 N,null
Netcall,1 sept 2026,14,914859266,9148592668166238736356,9283,Outbound,Portabilidad Postpago,EXPRESS,Logixtal,9346,CERRADAS,Entregado,Entregado,NET_EMMENDIZF,SIM,1 sept 2026,1 sept 2026,null,No,CERRADAS,2026-09-02 03:18:59,Multilínea,Mono_item,Junin,null,Power ilim 79.90 SD N,Power ilim 79.90 SD N
Netcall,1 sept 2026,10,914790471,914790471,9283,Outbound,Portabilidad Postpago,EXPRESS,Logixtal,9346,CERRADAS,Entregado,Entregado,NET_NRUBIOMARCO,SIM,1 sept 2026,1 sept 2026,null,No,CERRADAS,2026-09-02 00:37:14,Monolínea,Mono_item,Junin,null,Power 59.90 N,null
Netcall,2 sept 2026,15,915324678,91532467889511710111070944943,9283,Outbound,Portabilidad Postpago,EXPRESS,Retiro en tienda,9346,CANCELADAS,Cancelado,Cancelado,TLV_NET_KCHAVEZ,SIM,2 sept 2026,null,null,No,CANCELADAS,2026-09-02 16:58:53,Multilínea,Mono_item,Junin,null,null,null
Netcall,2 sept 2026,15,915327057,91532705789511710111070944364,9283,Outbound,Portabilidad Postpago,EXPRESS,Retiro en tienda,9346,ABIERTAS,Entregado,Entregado,NET_GDELGADO,SIM,2 sept 2026,null,null,No,ABIERTAS,null,Monolínea,Mono_item,Junin,null,null,null
Netcall,2 sept 2026,18,915374080,915374080Empty,9283,Outbound,Portabilidad Postpago,RETIRO EN TIENDA,Retiro en tienda,1008,CANCELADAS,Cancelado,Cancelado,TLV_NET_KCHAVEZ,SIM,2 sept 2026,null,null,No,CANCELADAS,2026-09-02 18:37:44,Multilínea,Mono_item,Junin,null,null,null
Netcall,2 sept 2026,9,915215772,91521577289511710111070926569,9283,Outbound,Portabilidad Postpago,EXPRESS,Retiro en tienda,9346,CANCELADAS,Cancelado,Cancelado,NET_MMREVILLA,SIM,2 sept 2026,null,null,No,CANCELADAS,2026-09-02 09:36:21,Multilínea,Mono_item,Junin,null,null,null
Netcall,1 sept 2026,14,914861267,914861267,9283,Outbound,Portabilidad Postpago,EXPRESS,Logixtal,9346,CERRADAS,Entregado,Entregado,NET_EMMENDIZF,SIM,1 sept 2026,1 sept 2026,null,No,CERRADAS,2026-09-02 00:22:46,Multilínea,Mono_item,Junin,null,Power ilim 79.90 SD N,null
Netcall,1 sept 2026,11,914800657,9148006578165629781346,9283,Outbound,Portabilidad Postpago,EXPRESS,Logixtal,9346,CANCELADAS,Anulado,DNI CADUCO,TLV_NET_DVALOI,SIM,1 sept 2026,null,null,No,CANCELADAS,2026-09-01 12:13:12,Monolínea,Mono_item,Junin,null,null,Power ilim 79.90 SD N
Netcall,1 sept 2026,10,914778349,9147783498165416868410,9283,Outbound,Portabilidad Postpago,EXPRESS,Logixtal,9346,ABIERTAS,Pendiente Entrega,Pendiente Entrega,NET_BZUASNABARF,SIM,1 sept 2026,null,null,No,ABIERTAS,null,Monolínea,Mono_item,Junin,null,null,Power ilim 69.90 N
Netcall,1 sept 2026,9,914771640,9147716408165350601231,9283,Outbound,Portabilidad Postpago,EXPRESS,Logixtal,9346,CERRADAS,Entregado,Entregado,NET_ADOMINGUEZF,SIM,1 sept 2026,1 sept 2026,null,No,CERRADAS,2026-09-02 00:44:34,Monolínea,Mono_item,Junin,null,Power 59.90 N,Power 59.90 N
Netcall,2 sept 2026,10,915244361,91524436189511710101046511710,9283,Outbound,Portabilidad Postpago,EXPRESS,Retiro en tienda,3217,ABIERTAS,Entregado,Entregado,NET_LCAMPOSCABR,SIM,2 sept 2026,null,null,No,ABIERTAS,null,Monolínea,Mono_item,Huancavelica,null,null,null
Netcall,2 sept 2026,18,915383820,915383820Empty,9283,Outbound,Portabilidad Postpago,RETIRO EN TIENDA,Retiro en tienda,3217,ABIERTAS,Pendiente Entrega,Pendiente Entrega,NET_NSANTAMARIS,SIM,2 sept 2026,null,null,No,ABIERTAS,null,Monolínea,Mono_item,Huancavelica,null,null,null
Netcall,2 sept 2026,11,915245795,91524579589511710101046511736,9283,Outbound,Portabilidad Postpago,EXPRESS,Retiro en tienda,3217,ABIERTAS,Entregado,Entregado,NET_SLAZOB,SIM,2 sept 2026,null,null,No,ABIERTAS,null,Monolínea,Mono_item,Huancavelica,null,null,null
Netcall,2 sept 2026,9,915219140,91521914089511710101046511728,5299,Outbound,Portabilidad Postpago,EXPRESS,Retiro en tienda,3217,ABIERTAS,Entregado,Entregado,NET_BTRUJILLOT,SIM,2 sept 2026,null,null,No,ABIERTAS,null,Monolínea,Mono_item,Huancavelica,null,null,null
Netcall,2 sept 2026,19,915392907,915392907Empty,9283,Outbound,Portabilidad Postpago,RETIRO EN TIENDA,Retiro en tienda,3217,ABIERTAS,Pendiente Entrega,Pendiente Entrega,NET_GSILVAJ,SIM,2 sept 2026,null,null,No,ABIERTAS,null,Monolínea,Mono_item,Huancavelica,null,null,null
Netcall,1 sept 2026,8,914740098,914740098,9283,Outbound,Portabilidad Postpago,EXPRESS,Logixtal,9346,CERRADAS,Entregado,Entregado,NET_DMORENOL,SIM,1 sept 2026,1 sept 2026,null,No,CERRADAS,2026-09-02 00:17:37,Monolínea,Mono_item,Junin,null,Power 59.90 N,null
Netcall,1 sept 2026,14,914865651,9148656518166308318951,9271,Outbound,Portabilidad Postpago,EXPRESS,Logixtal,9346,CERRADAS,Entregado,Entregado,NET_LDIAZ,SIM,1 sept 2026,1 sept 2026,null,No,CERRADAS,2026-09-02 00:52:26,Monolínea,Mono_item,Junin,null,Power ilim 79.90 SD N,Power ilim 79.90 SD N
Netcall,2 sept 2026,17,915365877,915365877Empty,9283,Outbound,Portabilidad Postpago,RETIRO EN TIENDA,Retiro en tienda,3208,ABIERTAS,Pendiente Entrega,Pendiente Entrega,NET_CIOLAYAR,SIM,2 sept 2026,null,null,No,ABIERTAS,null,Multilínea,Mono_item,Ayacucho,null,null,null
Netcall,2 sept 2026,14,915301686,915301686Empty,9283,Outbound,Portabilidad Postpago,RETIRO EN TIENDA,Retiro en tienda,3065,ABIERTAS,Pendiente Entrega,Pendiente Entrega,TLV_NET_LMONTED,SIM,2 sept 2026,null,null,No,ABIERTAS,null,Monolínea,Mono_item,Ayacucho,null,null,null
Netcall,1 sept 2026,17,914910847,9149108478166809935382,9283,Outbound,Portabilidad Postpago,RETIRO EN TIENDA,Retiro en tienda,3208,CERRADAS,Entregado,Entregado,NET_SINGAC,SIM,1 sept 2026,1 sept 2026,null,No,CERRADAS,2026-09-02 00:44:06,Monolínea,Mono_item,Ayacucho,null,Power ilim 69.90 N,Power ilim 69.90 N
Netcall,2 sept 2026,17,915366424,915366424Empty,9283,Outbound,Portabilidad Postpago,RETIRO EN TIENDA,Retiro en tienda,3065,ABIERTAS,Pendiente Entrega,Pendiente Entrega,NET_KDIAZPISCOY,SIM,2 sept 2026,null,null,No,ABIERTAS,null,Monolínea,Mono_item,Ayacucho,null,null,null
Netcall,2 sept 2026,17,915364553,915364553Empty,9283,Outbound,Portabilidad Postpago,RETIRO EN TIENDA,Retiro en tienda,3208,ABIERTAS,Pendiente Entrega,Pendiente Entrega,NET_CIOLAYAR,SIM,2 sept 2026,null,null,No,ABIERTAS,null,Multilínea,Mono_item,Ayacucho,null,null,null
Netcall,1 sept 2026,17,914911158,9149111588166818974965,9271,Outbound,Portabilidad Postpago,RETIRO EN TIENDA,Retiro en tienda,3208,CERRADAS,Entregado,Entregado,NET_MGSGRADOS,SIM,1 sept 2026,1 sept 2026,null,No,CERRADAS,2026-09-02 01:32:21,Monolínea,Mono_item,Ayacucho,null,Power ilim 69.90 N,Power ilim 69.90 N
Netcall,2 sept 2026,11,915258955,91525895589511710111073970036,9283,Outbound,Portabilidad Postpago,EXPRESS,Logixtal,9001,ABIERTAS,Entregado,Entregado,NET_LLOBATONV,SIM,2 sept 2026,null,null,No,ABIERTAS,null,Multilínea,Mono_item,Lima - Callao,null,null,null
Netcall,1 sept 2026,13,914843133,9148431338166066327222,9283,Outbound,Portabilidad Postpago,PROGRAMADO,Logixtal,9001,ABIERTAS,Pendiente Entrega,Pendiente Entrega,NET_NPINAR,SIM,2 sept 2026,null,null,No,ABIERTAS,null,Monolínea,Mono_item,Lima - Callao,null,null,Power 59.90 N
Netcall,2 sept 2026,13,915294345,915294345Empty,9283,Outbound,Portabilidad Postpago,PROGRAMADO,Logixtal,9001,ABIERTAS,Pendiente Entrega,Pendiente de Picking,NET_JCHEROO,SIM,4 sept 2026,null,null,No,ABIERTAS,null,Multilínea,Mono_item,Lima - Callao,null,null,null
Netcall,2 sept 2026,11,915261180,91526118089511710111073970044,9283,Outbound,Venta Regular / Alta,EXPRESS,Logixtal,9001,CERRADAS,Entregado,Entregado,NET_LLOBATONV,SIM,2 sept 2026,2 sept 2026,null,No,CERRADAS,2026-09-02 14:33:25,Multilínea,Mono_item,Lima - Callao,null,Power ilim 79.90 SD N,null
Netcall,1 sept 2026,11,914813873,9148138738165761503160,9283,Outbound,Portabilidad Postpago,PROGRAMADO,Logixtal,9001,ABIERTAS,Pendiente Entrega,Pendiente Entrega,TLV_NET_CSILVAP,SIM,2 sept 2026,null,null,No,ABIERTAS,null,Multilínea,Mono_item,Lima - Callao,null,null,Power ilim 79.90 SD N
Netcall,2 sept 2026,13,915295216,915295216Empty,9283,Outbound,Portabilidad Postpago,PROGRAMADO,Logixtal,9001,ABIERTAS,Pendiente Entrega,Pendiente de Picking,NET_JCHEROO,SIM,4 sept 2026,null,null,No,ABIERTAS,null,Multilínea,Mono_item,Lima - Callao,null,null,null
Netcall,2 sept 2026,10,915234916,91523491689511710111073970192,9283,Outbound,Portabilidad Postpago,EXPRESS,Logixtal,9001,ABIERTAS,Entregado,Entregado,NET_SLAZOB,SIM,2 sept 2026,null,null,No,ABIERTAS,null,Monolínea,Mono_item,Lima - Callao,null,null,null
Netcall,1 sept 2026,11,914810153,9148101538165726088721,9283,Outbound,Portabilidad Postpago,PROGRAMADO,Logixtal,9001,ABIERTAS,Pendiente Entrega,Pendiente Entrega,TLV_NET_CSILVAP,SIM,2 sept 2026,null,null,No,ABIERTAS,null,Multilínea,Mono_item,Lima - Callao,null,null,Power ilim 79.90 SD N
Netcall,1 sept 2026,11,914811809,9148118098165737799688,9283,Outbound,Portabilidad Postpago,PROGRAMADO,Logixtal,9001,ABIERTAS,Pendiente Entrega,Pendiente Entrega,TLV_NET_CSILVAP,SIM,2 sept 2026,null,null,No,ABIERTAS,null,Multilínea,Mono_item,Lima - Callao,null,null,Power ilim 79.90 SD N
Netcall,1 sept 2026,13,914843410,9148434108166070973303,9289,Outbound,Portabilidad Postpago,PROGRAMADO,Logixtal,9001,ABIERTAS,Pendiente Entrega,Pendiente Entrega,TLV_NET_MLANDAR,SIM,2 sept 2026,null,null,No,ABIERTAS,null,Monolínea,Mono_item,Lima - Callao,null,null,Power ilim 79.90 SD N
Netcall,2 sept 2026,13,915289748,91528974889511710111073970127,9283,Outbound,Portabilidad Postpago,EXPRESS,Logixtal,9001,ABIERTAS,Pendiente Entrega,Pendiente de Picking,NET_JCHEROO,SIM,4 sept 2026,null,null,No,ABIERTAS,null,Multilínea,Mono_item,Lima - Callao,null,null,null
Netcall,1 sept 2026,13,914836954,9148369548165999447412,9283,Outbound,Portabilidad Postpago,PROGRAMADO,Logixtal,9001,ABIERTAS,Pendiente Entrega,Pendiente Entrega,TLV_NET_FVALQUI,SIM,2 sept 2026,null,null,No,ABIERTAS,null,Monolínea,Mono_item,Lima - Callao,null,null,Power ilim 69.90 N
Netcall,2 sept 2026,17,915366595,915366595Empty,9283,Outbound,Portabilidad Postpago,PROGRAMADO,Retiro en tienda,9345,ABIERTAS,Pendiente Entrega,Pendiente Entrega,TLV_NET_KCHAVEZ,SIM,3 sept 2026,null,null,No,ABIERTAS,null,Multilínea,Mono_item,Ica,null,null,null
Netcall,2 sept 2026,10,915242660,91524266089511710111069281018,9283,Outbound,Portabilidad Postpago,EXPRESS,Retiro en tienda,9345,ABIERTAS,Entregado,Entregado,NET_MROJASS,SIM,2 sept 2026,null,null,No,ABIERTAS,null,Monolínea,Mono_item,Ica,null,null,null
Netcall,2 sept 2026,17,915367409,915367409Empty,9283,Outbound,Portabilidad Postpago,PROGRAMADO,Retiro en tienda,9345,ABIERTAS,Pendiente Entrega,Pendiente Entrega,TLV_NET_KCHAVEZ,SIM,3 sept 2026,null,null,No,ABIERTAS,null,Multilínea,Mono_item,Ica,null,null,null
Netcall,1 sept 2026,8,914730761,914730761,9283,Outbound,Portabilidad Postpago,EXPRESS,Logixtal,5023,CERRADAS,Entregado,Entregado,NET_MCHAVEZV,SIM,1 sept 2026,1 sept 2026,null,No,CERRADAS,2026-09-02 00:06:07,Monolínea,Mono_item,La Libertad,null,Power 59.90 N,null
Netcall,2 sept 2026,17,915364407,91536440789511710111071784579,9283,Outbound,Venta Regular / Alta,PROGRAMADO,Logixtal,5023,ABIERTAS,Pendiente Entrega,Pendiente de Picking,NET_VOBESOS,SIM,4 sept 2026,null,null,No,ABIERTAS,null,Monolínea,Mono_item,La Libertad,null,null,null
Netcall,2 sept 2026,9,915218182,91521818289511710101054447088,9283,Outbound,Portabilidad Postpago,EXPRESS,Logixtal,5023,ABIERTAS,Entregado,Entregado,NET_MORIHUELAQ,SIM,2 sept 2026,null,null,No,ABIERTAS,null,Multilínea,Mono_item,La Libertad,null,null,null
Netcall,2 sept 2026,9,915218610,91521861089511710101054447070,9283,Outbound,Portabilidad Postpago,EXPRESS,Logixtal,5023,ABIERTAS,Entregado,Entregado,NET_MORIHUELAQ,SIM,2 sept 2026,null,null,No,ABIERTAS,null,Multilínea,Mono_item,La Libertad,null,null,null
Netcall,2 sept 2026,8,915200406,91520040689511710101054447104,9283,Outbound,Portabilidad Postpago,EXPRESS,Logixtal,5023,ABIERTAS,Entregado,Entregado,NET_CIOLAYAR,SIM,2 sept 2026,null,null,No,ABIERTAS,null,Monolínea,Mono_item,La Libertad,null,null,null
Netcall,2 sept 2026,15,915322950,91532295089511710111068675178,9271,Outbound,Portabilidad Postpago,PROGRAMADO,Logixtal,5023,ABIERTAS,Pendiente Entrega,Pendiente de Picking,NET_KESCORZAC,SIM,3 sept 2026,null,null,No,ABIERTAS,null,Monolínea,Mono_item,La Libertad,null,null,null
Netcall,2 sept 2026,9,915225369,91522536989511710101054447062,9271,Outbound,Portabilidad Postpago,EXPRESS,Logixtal,5023,ABIERTAS,Entregado,Entregado,NET_KESCORZAC,SIM,2 sept 2026,null,null,No,ABIERTAS,null,Monolínea,Mono_item,La Libertad,null,null,null
Netcall,2 sept 2026,9,915217625,91521762589511710101054447096,9283,Outbound,Portabilidad Postpago,EXPRESS,Logixtal,5023,ABIERTAS,Entregado,Entregado,NET_MORIHUELAQ,SIM,2 sept 2026,null,null,No,ABIERTAS,null,Multilínea,Mono_item,La Libertad,null,null,null
Netcall,1 sept 2026,12,914826076,9148260768165881947932,9283,Outbound,Portabilidad Postpago,PROGRAMADO,Logixtal,5024,ABIERTAS,Pendiente Entrega,Pendiente Entrega,TLV_NET_NHUAMAA,SIM,5 sept 2026,null,null,No,ABIERTAS,null,Monolínea,Mono_item,Lambayeque,null,null,Power 59.90 N
Netcall,2 sept 2026,15,915326926,915326926Empty,9271,Outbound,Portabilidad Postpago,RETIRO EN TIENDA,Retiro en tienda,7137,ABIERTAS,Pendiente Entrega,Pendiente Entrega,NET_JAREVALOC,SIM,2 sept 2026,null,null,No,ABIERTAS,null,Monolínea,Mono_item,Cusco,null,null,null
Netcall,1 sept 2026,14,914854849,9148548498166195452064,9283,Outbound,Portabilidad Postpago,PROGRAMADO,Logixtal,9346,ABIERTAS,Pendiente Entrega,Pendiente Entrega,TLV_NET_NHUAMAA,SIM,3 sept 2026,null,null,No,ABIERTAS,null,Monolínea,Mono_item,Junin,null,null,Power ilim 69.90 N
Netcall,1 sept 2026,13,914840150,9148401508166034777472,9283,Outbound,Portabilidad Postpago,PROGRAMADO,Logixtal,9346,ABIERTAS,Pendiente Entrega,Pendiente Entrega,NET_SDIAZO,SIM,2 sept 2026,null,null,No,ABIERTAS,null,Multilínea,Mono_item,Junin,null,null,Power ilim 79.90 SD N
Netcall,1 sept 2026,13,914841473,9148414738166047208288,9283,Outbound,Portabilidad Postpago,EXPRESS,Logixtal,9346,CANCELADAS,Anulado,PIN-PORTA NO LLEGA SMS,NET_JSIADEN,SIM,1 sept 2026,null,null,No,CANCELADAS,2026-09-01 16:00:43,Multilínea,Mono_item,Junin,null,null,Power 59.90 N
Netcall,1 sept 2026,13,914840935,9148409358166039967175,9283,Outbound,Portabilidad Postpago,PROGRAMADO,Logixtal,9346,ABIERTAS,Pendiente Entrega,Pendiente Entrega,NET_SDIAZO,SIM,2 sept 2026,null,null,No,ABIERTAS,null,Multilínea,Mono_item,Junin,null,null,Power ilim 79.90 SD N
Netcall,2 sept 2026,14,915303024,915303024Empty,9283,Outbound,Portabilidad Postpago,PROGRAMADO,Retiro en tienda,9346,ABIERTAS,Pendiente Entrega,Pendiente Entrega,NET_LDIAZM,SIM,3 sept 2026,null,null,No,ABIERTAS,null,Monolínea,Mono_item,Junin,null,null,null
Netcall,1 sept 2026,9,914772554,9147725548165356987864,9283,Outbound,Portabilidad Postpago,EXPRESS,Logixtal,9346,CANCELADAS,Anulado,PUNTO DE ENCUENTRO CAMUFLADO,NET_SMENDOZAV,SIM,1 sept 2026,null,null,No,CANCELADAS,2026-09-01 10:10:40,Monolínea,Mono_item,Junin,null,null,Power ilim 69.90 N
Netcall,1 sept 2026,16,914897311,9148973118166653403904,9283,Outbound,Portabilidad Postpago,PROGRAMADO,Logixtal,9346,ABIERTAS,Pendiente Entrega,Pendiente Entrega,NET_JSIADEN,SIM,2 sept 2026,null,null,No,ABIERTAS,null,Multilínea,Mono_item,Junin,null,null,Power 59.90 N
Netcall,2 sept 2026,13,915284136,915284136Empty,9283,Outbound,Portabilidad Postpago,PROGRAMADO,Retiro en tienda,9346,ABIERTAS,Pendiente Entrega,Pendiente Entrega,NET_MBARBOZAC,SIM,3 sept 2026,null,null,No,ABIERTAS,null,Monolínea,Mono_item,Junin,null,null,null
Netcall,2 sept 2026,11,915245363,91524536389511710111070926361,9271,Outbound,Portabilidad Postpago,EXPRESS,Retiro en tienda,9346,ABIERTAS,Entregado,Entregado,NET_LDIAZ,SIM,2 sept 2026,null,null,No,ABIERTAS,null,Monolínea,Mono_item,Junin,null,null,null
Netcall,2 sept 2026,9,915215370,915215370Empty,9283,Outbound,Portabilidad Postpago,PROGRAMADO,Retiro en tienda,9346,ABIERTAS,Pendiente Entrega,Pendiente Entrega,NET_CIOLAYAR,SIM,3 sept 2026,null,null,No,ABIERTAS,null,Monolínea,Mono_item,Junin,null,null,null
Netcall,2 sept 2026,8,915193504,91519350489511710111070926007,9283,Outbound,Portabilidad Postpago,EXPRESS,Retiro en tienda,9346,ABIERTAS,Entregado,Entregado,NET_YCHAVEZ,SIM,2 sept 2026,null,null,No,ABIERTAS,null,Monolínea,Mono_item,Junin,null,null,null
Netcall,1 sept 2026,9,914764766,9147647668165283752307,9283,Outbound,Portabilidad Postpago,EXPRESS,Logixtal,9346,CERRADAS,Entregado,Entregado,NET_DFRANCIAH,SIM,1 sept 2026,1 sept 2026,null,No,CERRADAS,2026-09-02 01:36:18,Monolínea,Mono_item,Junin,null,Power 59.90 N,Power 59.90 N
Netcall,2 sept 2026,10,915237277,91523727789511710111070926908,9283,Outbound,Portabilidad Postpago,EXPRESS,Retiro en tienda,9346,CANCELADAS,Cancelado,Cancelado,NET_CSALAZARP,SIM,2 sept 2026,null,null,No,CANCELADAS,2026-09-02 11:34:48,Monolínea,Mono_item,Junin,null,null,null
Netcall,1 sept 2026,17,914919733,9149197338166897560801,9283,Outbound,Portabilidad Postpago,PROGRAMADO,Logixtal,9346,ABIERTAS,Pendiente Entrega,Pendiente Entrega,NET_AARANAS,SIM,2 sept 2026,null,null,No,ABIERTAS,null,Monolínea,Mono_item,Junin,null,null,Power ilim 79.90 SD N
Netcall,1 sept 2026,16,914889527,9148895278166571297534,9283,Outbound,Portabilidad Postpago,EXPRESS,Logixtal,5023,CANCELADAS,Anulado,CLIENTE DESISTE - INFORMACIÓN INCORRECTA,NET_JLIL,SIM,1 sept 2026,null,null,No,CANCELADAS,2026-09-01 17:47:26,Monolínea,Mono_item,La Libertad,null,null,Power 59.90 N
Netcall,1 sept 2026,17,914909789,9149097898166796104916,9283,Outbound,Portabilidad Postpago,PROGRAMADO,Logixtal,5023,ABIERTAS,Pendiente Entrega,Pendiente Entrega,NET_MBARBOZAC,SIM,2 sept 2026,null,null,No,ABIERTAS,null,Multilínea,Mono_item,La Libertad,null,null,Power ilim 79.90 SD N
Netcall,2 sept 2026,10,915236326,91523632689511710111068685219,9283,Outbound,Venta Regular / Alta,EXPRESS,Logixtal,5023,CERRADAS,Entregado,Entregado,TLV_NET_DCASTIA,SIM,2 sept 2026,2 sept 2026,null,No,CERRADAS,2026-09-02 13:56:23,Monolínea,Mono_item,La Libertad,null,Power ilim 79.90 SD N,null
Netcall,2 sept 2026,12,915274524,91527452489511710111068570544,9283,Outbound,Venta Regular / Alta,EXPRESS,Logixtal,5023,CERRADAS,Entregado,Entregado,NET_DNIEVESNIMA,SIM,2 sept 2026,2 sept 2026,null,No,CERRADAS,2026-09-02 15:06:03,Multilínea,Mono_item,La Libertad,null,Power ilim 79.90 SD N,null
Netcall,1 sept 2026,16,914900881,9149008818166696117908,9283,Outbound,Portabilidad Postpago,EXPRESS,Logixtal,5023,CANCELADAS,Anulado,CLIENTE SE ENCUENTRA DE VIAJE,NET_MJQUISPEM,SIM,1 sept 2026,null,null,No,CANCELADAS,2026-09-01 18:28:41,Monolínea,Mono_item,La Libertad,null,null,Power ilim 79.90 SD N
Netcall,2 sept 2026,12,915276546,91527654689511710111068570536,9283,Outbound,Portabilidad Postpago,EXPRESS,Logixtal,5023,ABIERTAS,Entregado,Entregado,NET_DNIEVESNIMA,SIM,2 sept 2026,null,null,No,ABIERTAS,null,Multilínea,Mono_item,La Libertad,null,null,null
Netcall,2 sept 2026,16,915350644,91535064489511710111071784454,9283,Outbound,Portabilidad Postpago,EXPRESS,Logixtal,5023,ABIERTAS,Entregado,Entregado,NET_TVASQUEZANG,SIM,2 sept 2026,null,null,No,ABIERTAS,null,Monolínea,Mono_item,La Libertad,null,null,null
Netcall,1 sept 2026,17,914911646,9149116468166817227078,9283,Outbound,Portabilidad Postpago,PROGRAMADO,Logixtal,5023,ABIERTAS,Pendiente Entrega,Pendiente Entrega,NET_MBARBOZAC,SIM,2 sept 2026,null,null,No,ABIERTAS,null,Multilínea,Mono_item,La Libertad,null,null,Power ilim 79.90 SD N
Netcall,1 sept 2026,15,914883509,9148835098166510449001,9283,Outbound,Portabilidad Postpago,PROGRAMADO,Logixtal,5023,ABIERTAS,Pendiente Entrega,Pendiente Entrega,NET_MUBILLUSR,SIM,2 sept 2026,null,null,No,ABIERTAS,null,Monolínea,Mono_item,La Libertad,null,null,Power ilim 79.90 SD N
Netcall,1 sept 2026,9,914763092,9147630928165270524105,9271,Outbound,Portabilidad Postpago,EXPRESS,Logixtal,5023,CANCELADAS,Anulado,DIRECCIÓN ERRADA,NET_BATOP,SIM,1 sept 2026,null,null,No,CANCELADAS,2026-09-01 10:17:23,Monolínea,Mono_item,La Libertad,null,null,Power 59.90 N
Netcall,1 sept 2026,10,914776651,914776651,9283,Outbound,Portabilidad Postpago,EXPRESS,Logixtal,5023,CERRADAS,Entregado,Entregado,NET_GVILELAR,SIM,1 sept 2026,1 sept 2026,null,No,CERRADAS,2026-09-02 00:18:15,Monolínea,Mono_item,La Libertad,null,Power 59.90 N,null
Netcall,1 sept 2026,13,914850969,9148509698166146960105,9283,Outbound,Portabilidad Postpago,EXPRESS,Logixtal,5023,CERRADAS,Entregado,Entregado,NET_LVASQUEZT,SIM,1 sept 2026,1 sept 2026,null,No,CERRADAS,2026-09-02 01:51:49,Monolínea,Mono_item,La Libertad,null,Power ilim 69.90 N,Power ilim 69.90 N
Netcall,2 sept 2026,11,915255061,91525506189511710111068685011,9283,Outbound,Portabilidad Postpago,EXPRESS,Logixtal,5023,ABIERTAS,Entregado,Entregado,NET_LMARTINEZAR,SIM,2 sept 2026,null,null,No,ABIERTAS,null,Multilínea,Mono_item,La Libertad,null,null,null
Netcall,2 sept 2026,15,915320085,91532008589511710111071784462,9283,Outbound,Portabilidad Postpago,EXPRESS,Logixtal,5023,ABIERTAS,Entregado,Entregado,NET_CIOLAYAR,SIM,2 sept 2026,null,null,No,ABIERTAS,null,Monolínea,Mono_item,La Libertad,null,null,null
Netcall,2 sept 2026,11,915253621,91525362189511710111068685078,9283,Outbound,Portabilidad Postpago,EXPRESS,Logixtal,5023,ABIERTAS,Entregado,Entregado,NET_LMARTINEZAR,SIM,2 sept 2026,null,null,No,ABIERTAS,null,Multilínea,Mono_item,La Libertad,null,null,null
Netcall,1 sept 2026,11,914810781,9148107818165728660029,9283,Outbound,Portabilidad Postpago,EXPRESS,Logixtal,5023,CANCELADAS,Cancelado,CANCELADA EN OMNIX,NET_SBENITOV,SIM,1 sept 2026,null,null,No,CANCELADAS,2026-09-01 12:25:03,Multilínea,Mono_item,La Libertad,null,null,Power 59.90 N
Netcall,1 sept 2026,13,914846030,914846030,9283,Outbound,Portabilidad Postpago,EXPRESS,Logixtal,5023,CERRADAS,Entregado,Entregado,NET_SBENITOV,SIM,1 sept 2026,1 sept 2026,null,No,CERRADAS,2026-09-02 00:11:39,Multilínea,Mono_item,La Libertad,null,Power 59.90 N,null
Netcall,2 sept 2026,10,915238698,91523869889511710111068685102,9283,Outbound,Portabilidad Postpago,EXPRESS,Logixtal,5023,ABIERTAS,Entregado,Entregado,NET_LCCASTILLO,SIM,2 sept 2026,null,null,No,ABIERTAS,null,Monolínea,Mono_item,La Libertad,null,null,null
Netcall,2 sept 2026,18,915385149,91538514989511710111071784512,9283,Outbound,Portabilidad Postpago,PROGRAMADO,Logixtal,5023,ABIERTAS,Pendiente Entrega,Pendiente de Picking,NET_KDIAZPISCOY,SIM,3 sept 2026,null,null,No,ABIERTAS,null,Monolínea,Mono_item,La Libertad,null,null,null
Netcall,2 sept 2026,11,915263063,91526306389511710111071531061,9283,Outbound,Portabilidad Postpago,EXPRESS,Logixtal,9001,ABIERTAS,Entregado,Entregado,NET_NBURGAR,SIM,2 sept 2026,null,null,No,ABIERTAS,null,Multilínea,Mono_item,Lima - Callao,null,null,null
Netcall,2 sept 2026,10,915232205,915232205Empty,9283,Outbound,Portabilidad Postpago,EXPRESS,Logixtal,9001,CANCELADAS,Pendiente Entrega,Pendiente de Picking,NET_YMILLA,SIM,2 sept 2026,null,null,No,CANCELADAS,2026-09-02 10:21:21,Multilínea,Mono_item,Lima - Callao,null,null,null
Netcall,2 sept 2026,11,915265184,91526518489511710101029354997,9283,Outbound,Portabilidad Postpago,EXPRESS,Logixtal,9001,ABIERTAS,Entregado,Entregado,NET_NBURGAR,SIM,2 sept 2026,null,null,No,ABIERTAS,null,Multilínea,Mono_item,Lima - Callao,null,null,null
Netcall,1 sept 2026,10,914776688,9147766888165397965393,9271,Outbound,Portabilidad Postpago,EXPRESS,Logixtal,9001,CERRADAS,Entregado,Entregado,NET_CGRANADOSC,SIM,1 sept 2026,1 sept 2026,null,No,CERRADAS,2026-09-02 01:34:55,Monolínea,Mono_item,Lima - Callao,null,Power 59.90 N,Power 59.90 N
Netcall,2 sept 2026,13,915288067,91528806789511710101029354963,9283,Outbound,Portabilidad Postpago,EXPRESS,Logixtal,9001,ABIERTAS,Pendiente Entrega,Pendiente de Picking,NET_MCVASQUEZ,SIM,2 sept 2026,null,null,No,ABIERTAS,null,Monolínea,Mono_item,Lima - Callao,null,null,null
Netcall,1 sept 2026,13,914841378,9148413788166046666862,9283,Outbound,Portabilidad Postpago,EXPRESS,Logixtal,9001,CERRADAS,Entregado,Entregado,NET_CBIELICHR,SIM,1 sept 2026,1 sept 2026,null,No,CERRADAS,2026-09-02 01:02:49,Monolínea,Mono_item,Lima - Callao,null,Power ilim 69.90 N,Power ilim 69.90 N
Netcall,1 sept 2026,0,914593910,9145939108163570630434,9283,Outbound,Portabilidad Postpago,EXPRESS,Logixtal,9001,CERRADAS,Entregado,Entregado,NET_MMREVILLA,SIM,1 sept 2026,1 sept 2026,null,No,CERRADAS,2026-09-02 01:34:43,Monolínea,Mono_item,Lima - Callao,null,Power ilim 79.90 SD N,Power ilim 79.90 SD N
Netcall,1 sept 2026,9,914775744,9147757448165388280814,9283,Outbound,Portabilidad Postpago,EXPRESS,Logixtal,9001,ABIERTAS,Pendiente Entrega,Pendiente Entrega,NET_PWEILLH,SIM,1 sept 2026,null,null,No,ABIERTAS,null,Monolínea,Mono_item,Lima - Callao,null,null,Power ilim 79.90 SD N
Netcall,2 sept 2026,10,915242901,915242901Empty,5299,Outbound,Portabilidad Postpago,EXPRESS,Logixtal,9001,CANCELADAS,Pendiente Entrega,Pendiente de Picking,NET_OLAVADOS,SIM,2 sept 2026,null,null,No,CANCELADAS,2026-09-02 10:54:25,Multilínea,Mono_item,Lima - Callao,null,null,null
Netcall,1 sept 2026,14,914856868,9148568688166214274729,9271,Outbound,Portabilidad Postpago,EXPRESS,Logixtal,9001,CANCELADAS,Anulado,DIRECCIÓN ERRADA,NET_FRIVERAO,SIM,1 sept 2026,null,null,No,CANCELADAS,2026-09-01 14:45:53,Monolínea,Mono_item,Lima - Callao,null,null,Power 59.90 N
Netcall,2 sept 2026,10,915229141,915229141Empty,9283,Outbound,Portabilidad Postpago,EXPRESS,Logixtal,9001,CANCELADAS,Pendiente Entrega,Pendiente de Picking,NET_YMILLA,SIM,2 sept 2026,null,null,No,CANCELADAS,2026-09-02 10:11:23,Multilínea,Mono_item,Lima - Callao,null,null,null
Netcall,2 sept 2026,14,915303549,91530354989511710111068532882,9283,Outbound,Portabilidad Postpago,EXPRESS,Logixtal,9001,ABIERTAS,Entregado,Entregado,NET_CMDELACRUZV,SIM,2 sept 2026,null,null,No,ABIERTAS,null,Monolínea,Mono_item,Lima - Callao,null,null,null
Netcall,2 sept 2026,12,915273546,91527354689511710101029354823,9283,Outbound,Portabilidad Postpago,EXPRESS,Logixtal,9001,ABIERTAS,Entregado,Entregado,NET_LCAMPOSCABR,SIM,2 sept 2026,null,null,No,ABIERTAS,null,Monolínea,Mono_item,Lima - Callao,null,null,null
Netcall,2 sept 2026,10,915243848,915243848Empty,5299,Outbound,Portabilidad Postpago,EXPRESS,Logixtal,9001,CANCELADAS,Pendiente Entrega,Pendiente de Picking,NET_OLAVADOS,SIM,2 sept 2026,null,null,No,CANCELADAS,2026-09-02 10:57:20,Multilínea,Mono_item,Lima - Callao,null,null,null
Netcall,2 sept 2026,15,915317825,915317825Empty,9283,Outbound,Venta Regular / Alta,RETIRO EN TIENDA,Retiro en tienda,2102,ABIERTAS,Pendiente Entrega,Pendiente Entrega,NET_BBELLIDOP,SIM,2 sept 2026,null,null,No,ABIERTAS,null,Monolínea,Mono_item,Cusco,null,null,null
Netcall,1 sept 2026,11,914803865,9148038658165664579648,5299,Outbound,Portabilidad Postpago,RETIRO EN TIENDA,Retiro en tienda,1006,ABIERTAS,Pendiente Entrega,Pendiente Entrega,NET_KDREYNA,SIM,1 sept 2026,null,null,No,ABIERTAS,null,Monolínea,Mono_item,Cusco,null,null,Power ilim 79.90 SD N
Netcall,1 sept 2026,7,914670019,9146700198164625555028,9283,Outbound,Portabilidad Postpago,RETIRO EN TIENDA,Retiro en tienda,1006,ABIERTAS,Pendiente Entrega,Pendiente Entrega,NET_JIYASHAMAR,SIM,1 sept 2026,null,null,No,ABIERTAS,null,Multilínea,Mono_item,Cusco,null,null,Power ilim 79.90 SD N
Netcall,2 sept 2026,7,915153967,91515396789511710121058244331,9289,Outbound,Portabilidad Postpago,EXPRESS,Retiro en tienda,9343,ABIERTAS,Entregado,Entregado,TLV_NET_MLANDAR,SIM,2 sept 2026,null,null,No,ABIERTAS,null,Monolínea,Mono_item,Cusco,null,null,null
Netcall,1 sept 2026,7,914693561,9146935618164774376469,9283,Outbound,Portabilidad Postpago,RETIRO EN TIENDA,Retiro en tienda,1006,ABIERTAS,Pendiente Entrega,Pendiente Entrega,NET_JIYASHAMAR,SIM,1 sept 2026,null,null,No,ABIERTAS,null,Multilínea,Mono_item,Cusco,null,null,Power ilim 79.90 SD N
Netcall,1 sept 2026,17,914903224,9149032248166727413679,9283,Outbound,Portabilidad Postpago,PROGRAMADO,Logixtal,9343,ABIERTAS,Pendiente Entrega,Pendiente Entrega,NET_JORTIZV,SIM,2 sept 2026,null,null,No,ABIERTAS,null,Monolínea,Mono_item,Cusco,null,null,Power ilim 69.90 N
Netcall,2 sept 2026,16,915340272,915340272Empty,9283,Outbound,Portabilidad Postpago,PROGRAMADO,Retiro en tienda,9343,ABIERTAS,Pendiente Entrega,Pendiente Entrega,NET_MMACHACAM,SIM,3 sept 2026,null,null,No,ABIERTAS,null,Monolínea,Mono_item,Cusco,null,null,null
Netcall,1 sept 2026,13,914852152,914852152,9283,Outbound,Portabilidad Postpago,EXPRESS,Logixtal,9343,CERRADAS,Entregado,Entregado,NET_SLIZARDOPER,SIM,1 sept 2026,1 sept 2026,null,No,CERRADAS,2026-09-02 00:06:28,Monolínea,Mono_item,Cusco,null,Power 59.90 N,null
Netcall,1 sept 2026,10,914788809,9147888098165513077472,9283,Outbound,Portabilidad Postpago,EXPRESS,Logixtal,9343,ABIERTAS,Pendiente Entrega,Pendiente Entrega,NET_JTORRESQ,SIM,1 sept 2026,null,null,No,ABIERTAS,null,Monolínea,Mono_item,Cusco,null,null,Power 59.90 N
Netcall,1 sept 2026,19,914951594,9149515948167225020383,9289,Outbound,Portabilidad Postpago,RETIRO EN TIENDA,Retiro en tienda,2102,CERRADAS,Entregado,Entregado,TLV_NET_MLANDAR,SIM,1 sept 2026,1 sept 2026,null,No,CERRADAS,2026-09-02 01:49:01,Monolínea,Mono_item,Cusco,null,Power ilim 79.90 SD N,Power ilim 79.90 SD N
Netcall,2 sept 2026,11,915248611,915248611Empty,9283,Outbound,Portabilidad Postpago,RETIRO EN TIENDA,Retiro en tienda,2102,ABIERTAS,Pendiente Entrega,Pendiente Entrega,NET_MMREVILLA,SIM,2 sept 2026,null,null,No,ABIERTAS,null,Multilínea,Mono_item,Cusco,null,null,null
Netcall,1 sept 2026,7,914683751,9146837518164715924707,9283,Outbound,Portabilidad Postpago,RETIRO EN TIENDA,Retiro en tienda,1006,ABIERTAS,Pendiente Entrega,Pendiente Entrega,NET_JIYASHAMAR,SIM,1 sept 2026,null,null,No,ABIERTAS,null,Multilínea,Mono_item,Cusco,null,null,Power ilim 79.90 SD N
Netcall,2 sept 2026,16,915339387,915339387Empty,9283,Outbound,Portabilidad Postpago,RETIRO EN TIENDA,Retiro en tienda,2102,ABIERTAS,Pendiente Entrega,Pendiente Entrega,NET_SRUIZS,SIM,2 sept 2026,null,null,No,ABIERTAS,null,Monolínea,Mono_item,Cusco,null,null,null
Netcall,1 sept 2026,12,914823866,914823866,9283,Outbound,Portabilidad Postpago,EXPRESS,Logixtal,9343,CERRADAS,Entregado,Entregado,TLV_NET_ECODARL,SIM,1 sept 2026,1 sept 2026,null,No,CERRADAS,2026-09-02 00:20:04,Monolínea,Mono_item,Cusco,null,Power 59.90 N,null
Netcall,2 sept 2026,12,915267271,915267271Empty,9283,Outbound,Portabilidad Postpago,RETIRO EN TIENDA,Retiro en tienda,2102,ABIERTAS,Pendiente Entrega,Pendiente Entrega,NET_CULLOAC,SIM,2 sept 2026,null,null,No,ABIERTAS,null,Monolínea,Mono_item,Cusco,null,null,null
Netcall,1 sept 2026,13,914839123,9148391238166021016563,5299,Outbound,Portabilidad Postpago,EXPRESS,Logixtal,9343,CERRADAS,Entregado,Entregado,NET_JBOZAC,SIM,1 sept 2026,1 sept 2026,null,No,CERRADAS,2026-09-02 00:42:29,Monolínea,Mono_item,Cusco,null,Power ilim 79.90 SD N,Power ilim 79.90 SD N
Netcall,1 sept 2026,16,914892117,9148921178166602268621,9283,Outbound,Portabilidad Postpago,PROGRAMADO,Logixtal,9343,ABIERTAS,Pendiente Entrega,Pendiente Entrega,NET_LLEONAN,SIM,2 sept 2026,null,null,No,ABIERTAS,null,Monolínea,Mono_item,Cusco,null,null,Power 59.90 N
Netcall,1 sept 2026,11,914810721,9148107218165730555606,9283,Outbound,Portabilidad Postpago,RETIRO EN TIENDA,Retiro en tienda,2102,CANCELADAS,Cancelado,Cancelado,NET_JSIADEN,SIM,1 sept 2026,null,null,No,CANCELADAS,2026-09-01 15:36:07,Multilínea,Mono_item,Cusco,null,null,Power ilim 79.90 SD N
Netcall,2 sept 2026,15,915321652,915321652Empty,9283,Outbound,Portabilidad Postpago,RETIRO EN TIENDA,Retiro en tienda,2102,ABIERTAS,Pendiente Entrega,Pendiente Entrega,NET_LCALDERONC,SIM,2 sept 2026,null,null,No,ABIERTAS,null,Monolínea,Mono_item,Cusco,null,null,null
Netcall,1 sept 2026,7,914689203,9146892038164746828275,9283,Outbound,Portabilidad Postpago,RETIRO EN TIENDA,Retiro en tienda,1006,ABIERTAS,Pendiente Entrega,Pendiente Entrega,NET_JIYASHAMAR,SIM,1 sept 2026,null,null,No,ABIERTAS,null,Multilínea,Mono_item,Cusco,null,null,Power ilim 79.90 SD N
Netcall,2 sept 2026,11,915253790,915253790Empty,9283,Outbound,Portabilidad Postpago,RETIRO EN TIENDA,Retiro en tienda,2102,ABIERTAS,Pendiente Entrega,Pendiente Entrega,NET_MMREVILLA,SIM,2 sept 2026,null,null,No,ABIERTAS,null,Multilínea,Mono_item,Cusco,null,null,null
Netcall,2 sept 2026,12,915275586,91527558689511710121058244133,9283,Outbound,Portabilidad Postpago,EXPRESS,Retiro en tienda,9343,ABIERTAS,Pendiente Entrega,Pendiente Entrega,NET_JSIADEN,SIM,2 sept 2026,null,null,No,ABIERTAS,null,Monolínea,Mono_item,Cusco,null,null,null
Netcall,1 sept 2026,17,914904195,9149041958166739910322,5299,Outbound,Portabilidad Postpago,RETIRO EN TIENDA,Retiro en tienda,7162,CERRADAS,Entregado,Entregado,NET_JBOZAC,SIM,1 sept 2026,1 sept 2026,null,No,CERRADAS,2026-09-02 00:41:49,Monolínea,Mono_item,Cusco,null,Power ilim 79.90 SD N,Power ilim 79.90 SD N
Netcall,1 sept 2026,15,914879123,9148791238166453875256,9283,Outbound,Portabilidad Postpago,EXPRESS,Logixtal,9343,CERRADAS,Entregado,Entregado,NET_JSIADEN,SIM,1 sept 2026,1 sept 2026,null,No,CERRADAS,2026-09-02 02:04:39,Multilínea,Mono_item,Cusco,null,Power ilim 79.90 SD N,Power ilim 79.90 SD N
Netcall,1 sept 2026,9,914759596,9147595968165244062413,9283,Outbound,Portabilidad Postpago,EXPRESS,Logixtal,9343,CANCELADAS,Anulado,CLIENTE YA NO DESEA PRODUCTO,NET_MQUISPEH,SIM,1 sept 2026,null,null,No,CANCELADAS,2026-09-01 10:49:12,Monolínea,Mono_item,Cusco,null,null,Power 59.90 N
Netcall,1 sept 2026,17,914905852,9149058528166753744376,9283,Outbound,Portabilidad Postpago,RETIRO EN TIENDA,Retiro en tienda,3031,CERRADAS,Entregado,Entregado,NET_GGUTIERREZM,SIM,1 sept 2026,1 sept 2026,null,No,CERRADAS,2026-09-02 00:40:03,Monolínea,Mono_item,Ucayali,null,Power 59.90 N,Power 59.90 N
Netcall,2 sept 2026,13,915297515,915297515Empty,9283,Outbound,Portabilidad Postpago,RETIRO EN TIENDA,Retiro en tienda,3031,ABIERTAS,Pendiente Entrega,Pendiente Entrega,NET_MCSANCHEZ,SIM,2 sept 2026,null,null,No,ABIERTAS,null,Multilínea,Mono_item,Ucayali,null,null,null
Netcall,1 sept 2026,9,914770399,9147703998165333118546,9283,Outbound,Portabilidad Postpago,RETIRO EN TIENDA,Retiro en tienda,3031,ABIERTAS,Pendiente Entrega,Pendiente Entrega,NET_ACHAPONANZ,SIM,1 sept 2026,null,null,No,ABIERTAS,null,Monolínea,Mono_item,Ucayali,null,null,Power 59.90 N
Netcall,2 sept 2026,13,915296199,915296199Empty,9283,Outbound,Portabilidad Postpago,RETIRO EN TIENDA,Retiro en tienda,3031,ABIERTAS,Pendiente Entrega,Pendiente Entrega,NET_MCSANCHEZ,SIM,2 sept 2026,null,null,No,ABIERTAS,null,Multilínea,Mono_item,Ucayali,null,null,null
Netcall,2 sept 2026,20,915413480,915413480Empty,9283,Outbound,Portabilidad Postpago,PROGRAMADO,Retiro en tienda,9348,ABIERTAS,Pendiente Entrega,Pendiente Entrega,NET_MMACHACAM,SIM,3 sept 2026,null,null,No,ABIERTAS,null,Multilínea,Mono_item,Tacna,null,null,null
Netcall,2 sept 2026,20,915414752,915414752Empty,9283,Outbound,Portabilidad Postpago,PROGRAMADO,Retiro en tienda,9348,ABIERTAS,Pendiente Entrega,Pendiente Entrega,NET_MMACHACAM,SIM,3 sept 2026,null,null,No,ABIERTAS,null,Multilínea,Mono_item,Tacna,null,null,null
Netcall,1 sept 2026,14,914858245,9148582458166232364719,9283,Outbound,Portabilidad Postpago,PROGRAMADO,Logixtal,9348,ABIERTAS,Pendiente Entrega,Pendiente Entrega,NET_LYESQUENP,SIM,2 sept 2026,null,null,No,ABIERTAS,null,Monolínea,Mono_item,Tacna,null,null,Power 59.90 N
Netcall,1 sept 2026,10,914786756,9147867568165489177118,9283,Outbound,Portabilidad Postpago,EXPRESS,Logixtal,9348,CERRADAS,Entregado,Entregado,NET_EMACHEROT,SIM,1 sept 2026,1 sept 2026,null,No,CERRADAS,2026-09-02 01:15:20,Multilínea,Mono_item,Tacna,null,Power ilim 79.90 SD N,Power ilim 79.90 SD N
Netcall,2 sept 2026,11,915248313,91524831389511710121058068847,9283,Outbound,Portabilidad Postpago,EXPRESS,Retiro en tienda,9348,ABIERTAS,Entregado,Entregado,NET_JSANCHEZC,SIM,2 sept 2026,null,null,No,ABIERTAS,null,Monolínea,Mono_item,Tacna,null,null,null
Netcall,1 sept 2026,9,914768243,9147682438165313692806,9283,Outbound,Portabilidad Postpago,EXPRESS,Logixtal,9348,CERRADAS,Entregado,Entregado,NET_MCASTILLOC,SIM,1 sept 2026,1 sept 2026,null,No,CERRADAS,2026-09-02 01:34:59,Monolínea,Mono_item,Tacna,null,Power ilim 69.90 N,Power ilim 69.90 N
Netcall,2 sept 2026,12,915277826,91527782689511710121058068698,9283,Outbound,Venta Regular / Alta,EXPRESS,Retiro en tienda,9348,CERRADAS,Entregado,Entregado,NET_GVELASQUEZA,SIM,2 sept 2026,2 sept 2026,null,No,CERRADAS,2026-09-02 20:08:17,Multilínea,Mono_item,Tacna,null,Power ilim 79.90 SD N,null
Netcall,2 sept 2026,12,915276033,91527603389511710121058068706,9283,Outbound,Portabilidad Postpago,EXPRESS,Retiro en tienda,9348,ABIERTAS,Pendiente Entrega,Pendiente Entrega,NET_GVELASQUEZA,SIM,2 sept 2026,null,null,No,ABIERTAS,null,Multilínea,Mono_item,Tacna,null,null,null
Netcall,1 sept 2026,9,914772719,9147727198165358235772,9283,Outbound,Portabilidad Postpago,EXPRESS,Logixtal,9348,CERRADAS,Entregado,Entregado,TLV_NET_GJQUISP,SIM,1 sept 2026,1 sept 2026,null,No,CERRADAS,2026-09-02 01:46:25,Monolínea,Mono_item,Tacna,null,Power 59.90 N,Power 59.90 N
Netcall,1 sept 2026,16,914888424,9148884248166558519053,9283,Outbound,Portabilidad Postpago,EXPRESS,Logixtal,9348,ABIERTAS,Pendiente Entrega,Pendiente Entrega,NET_VCHIRIA,SIM,1 sept 2026,null,null,No,ABIERTAS,null,Monolínea,Mono_item,Tacna,null,null,Power 59.90 N
Netcall,1 sept 2026,10,914788089,9147880898165505170604,9283,Outbound,Portabilidad Postpago,EXPRESS,Logixtal,9348,CERRADAS,Entregado,Entregado,NET_EMACHEROT,SIM,1 sept 2026,1 sept 2026,null,No,CERRADAS,2026-09-02 01:37:16,Multilínea,Mono_item,Tacna,null,Power ilim 79.90 SD N,Power ilim 79.90 SD N
Netcall,2 sept 2026,20,915412522,915412522Empty,9283,Outbound,Portabilidad Postpago,PROGRAMADO,Retiro en tienda,9348,ABIERTAS,Pendiente Entrega,Pendiente Entrega,NET_MMACHACAM,SIM,3 sept 2026,null,null,No,ABIERTAS,null,Multilínea,Mono_item,Tacna,null,null,null
Netcall,2 sept 2026,7,915137127,91513712789511710121058068599,9289,Outbound,Portabilidad Postpago,EXPRESS,Logixtal,9348,CANCELADAS,Pendiente Entrega,Pendiente Entrega,TLV_NET_MLANDAR,SIM,2 sept 2026,null,null,No,CANCELADAS,2026-09-02 09:11:19,Monolínea,Mono_item,Tacna,null,null,null
Netcall,2 sept 2026,12,915274027,91527402789511710121058068680,9283,Outbound,Portabilidad Postpago,EXPRESS,Retiro en tienda,9348,ABIERTAS,Entregado,Entregado,NET_SDEDIOSO,SIM,2 sept 2026,null,null,No,ABIERTAS,null,Monolínea,Mono_item,Tacna,null,null,null
Netcall,1 sept 2026,10,914790778,9147907788165526947461,9283,Outbound,Portabilidad Postpago,EXPRESS,Logixtal,9348,CERRADAS,Entregado,Entregado,NET_JLUCIANOT,SIM,1 sept 2026,1 sept 2026,null,No,CERRADAS,2026-09-02 01:44:17,Monolínea,Mono_item,Tacna,null,Power 59.90 N,Power 59.90 N
Netcall,1 sept 2026,15,914875008,9148750088166410919254,9283,Outbound,Portabilidad Postpago,PROGRAMADO,Logixtal,9001,ABIERTAS,Pendiente Entrega,Pendiente Entrega,NET_HEULOGIO,SIM,2 sept 2026,null,null,No,ABIERTAS,null,Monolínea,Mono_item,Lima - Callao,null,null,Power ilim 79.90 SD N
Netcall,2 sept 2026,17,915363228,91536322889511710111073797876,9283,Outbound,Portabilidad Postpago,EXPRESS,Logixtal,9001,ABIERTAS,Pendiente Entrega,Pendiente de Picking,NET_YCASTILLOO,SIM,3 sept 2026,null,null,No,ABIERTAS,null,Multilínea,Mono_item,Lima - Callao,null,null,null
Netcall,2 sept 2026,15,915326000,91532600089511710101029356398,9283,Outbound,Portabilidad Postpago,EXPRESS,Logixtal,9001,ABIERTAS,Entregado,Entregado,NET_KCHUNAP,SIM,2 sept 2026,null,null,No,ABIERTAS,null,Multilínea,Mono_item,Lima - Callao,null,null,null
Netcall,2 sept 2026,13,915298944,91529894489511710101080368670,9283,Outbound,Portabilidad Postpago,EXPRESS,Logixtal,9001,ABIERTAS,Entregado,Entregado,TLV_NET_BRAMIRE,SIM,2 sept 2026,null,null,No,ABIERTAS,null,Monolínea,Mono_item,Lima - Callao,null,null,null
Netcall,1 sept 2026,12,914823567,9148235678165857421056,9283,Outbound,Portabilidad Postpago,PROGRAMADO,Logixtal,9001,ABIERTAS,Pendiente Entrega,Pendiente Entrega,NET_CTRAVIM,SIM,2 sept 2026,null,null,No,ABIERTAS,null,Monolínea,Mono_item,Lima - Callao,null,null,Power ilim 69.90 N
Netcall,1 sept 2026,16,914885579,9148855798166527183851,9283,Outbound,Portabilidad Postpago,EXPRESS,Logixtal,9001,CANCELADAS,Anulado,CLIENTE DESISTE - NO BRINDA MOTIVOS,NET_SLIZARDOPER,SIM,1 sept 2026,null,null,No,CANCELADAS,2026-09-01 17:54:24,Monolínea,Mono_item,Lima - Callao,null,null,Power ilim 69.90 N
Netcall,2 sept 2026,15,915227109,91522710989511710101029356422,9283,Outbound,Portabilidad Postpago,EXPRESS,Logixtal,9001,ABIERTAS,Entregado,Entregado,NET_KCHUNAP,SIM,2 sept 2026,null,null,No,ABIERTAS,null,Multilínea,Mono_item,Lima - Callao,null,null,null
Netcall,2 sept 2026,7,915150346,91515034689511710111073797769,9283,Outbound,Portabilidad Postpago,EXPRESS,Logixtal,9001,ABIERTAS,Entregado,Entregado,NET_JIYASHAMAR,SIM,2 sept 2026,null,null,No,ABIERTAS,null,Monolínea,Mono_item,Lima - Callao,null,null,null
Netcall,2 sept 2026,17,915354873,91535487389511710111073933307,9283,Outbound,Portabilidad Postpago,EXPRESS,Logixtal,9001,ABIERTAS,Entregado,Entregado,NET_CIOLAYAR,SIM,2 sept 2026,null,null,No,ABIERTAS,null,Monolínea,Mono_item,Lima - Callao,null,null,null
Netcall,2 sept 2026,11,915253600,91525360089511710101029984975,9283,Outbound,Venta Regular / Alta,EXPRESS,Logixtal,9001,CERRADAS,Entregado,Entregado,NET_DHUAYACGONZ,SIM,2 sept 2026,2 sept 2026,null,No,CERRADAS,2026-09-02 12:25:59,Monolínea,Mono_item,Lima - Callao,null,Power 39.90 N,null
Netcall,1 sept 2026,13,914850619,9148506198166142208018,9283,Outbound,Portabilidad Postpago,EXPRESS,Logixtal,9001,CERRADAS,Entregado,Entregado,TLV_NET_BRAMIRE,SIM,1 sept 2026,1 sept 2026,null,No,CERRADAS,2026-09-02 01:20:49,Multilínea,Mono_item,Lima - Callao,null,Power ilim 79.90 SD N,Power ilim 79.90 SD N
Netcall,1 sept 2026,17,914910254,9149102548166802096081,9271,Outbound,Portabilidad Postpago,EXPRESS,Logixtal,9001,ABIERTAS,Entregado,Entregado,NET_EPARDOG,SIM,1 sept 2026,1 sept 2026,null,No,ABIERTAS,null,Multilínea,Mono_item,Lima - Callao,null,null,Power ilim 79.90 SD N
Netcall,2 sept 2026,9,915218208,91521820889511710101029984983,9283,Outbound,Portabilidad Postpago,EXPRESS,Logixtal,9001,ABIERTAS,Entregado,Entregado,NET_RCARDENASH,SIM,2 sept 2026,null,null,No,ABIERTAS,null,Monolínea,Mono_item,Lima - Callao,null,null,null
Netcall,1 sept 2026,13,914849981,914849981,9283,Outbound,Portabilidad Postpago,EXPRESS,Logixtal,9001,CERRADAS,Entregado,Entregado,TLV_NET_BRAMIRE,SIM,1 sept 2026,1 sept 2026,null,No,CERRADAS,2026-09-02 00:27:57,Multilínea,Mono_item,Lima - Callao,null,Power ilim 79.90 SD N,null
Netcall,2 sept 2026,13,915291099,91529109989511710101029356471,9271,Outbound,Portabilidad Postpago,EXPRESS,Logixtal,9001,ABIERTAS,Pendiente Entrega,Pendiente de Picking,NET_CSANTIAGOQ,SIM,3 sept 2026,null,null,No,ABIERTAS,null,Monolínea,Mono_item,Lima - Callao,null,null,null
Netcall,1 sept 2026,17,914909501,9149095018166787855670,9271,Outbound,Venta Regular / Alta,EXPRESS,Logixtal,9001,CERRADAS,Entregado,Entregado,NET_EPARDOG,SIM,1 sept 2026,1 sept 2026,01/09/2026,Sí,CERRADAS,2026-09-01 22:03:18,Multilínea,Mono_item,Lima - Callao,39.95,Power ilim 79.90 SD N,Power ilim 79.90 SD N
Netcall,1 sept 2026,11,914803824,9148038248165658639985,9283,Outbound,Venta Regular / Alta,EXPRESS,Logixtal,9001,CERRADAS,Entregado,Entregado,TLV_NET_RSORIAH,SIM,1 sept 2026,1 sept 2026,01/09/2026,Sí,CERRADAS,2026-09-01 13:22:56,Monolínea,Mono_item,Lima - Callao,69.9,Power ilim 69.90 N,Power ilim 69.90 N
Netcall,1 sept 2026,9,914758516,9147585168165237738779,9283,Outbound,Portabilidad Postpago,EXPRESS,Logixtal,9001,ABIERTAS,Pendiente Entrega,Pendiente Entrega,NET_SSALAZARV,SIM,1 sept 2026,null,null,No,ABIERTAS,null,Monolínea,Mono_item,Lima - Callao,null,null,Power 59.90 N
Netcall,2 sept 2026,12,915275013,91527501389511710111073797991,9283,Outbound,Portabilidad Postpago,EXPRESS,Logixtal,9001,ABIERTAS,Entregado,Entregado,NET_LVASQUEZT,SIM,2 sept 2026,null,null,No,ABIERTAS,null,Multilínea,Mono_item,Lima - Callao,null,null,null
Netcall,1 sept 2026,8,914750686,9147506868165178580109,9283,Outbound,Portabilidad Postpago,EXPRESS,Logixtal,9001,ABIERTAS,Pendiente Entrega,Pendiente Entrega,NET_SLAZOB,SIM,1 sept 2026,null,null,No,ABIERTAS,null,Monolínea,Mono_item,Lima - Callao,null,null,Power 59.90 N
Netcall,2 sept 2026,17,915364452,91536445289511710111073797892,9283,Outbound,Portabilidad Postpago,EXPRESS,Logixtal,9001,ABIERTAS,Pendiente Entrega,Pendiente de Picking,NET_YCASTILLOO,SIM,3 sept 2026,null,null,No,ABIERTAS,null,Multilínea,Mono_item,Lima - Callao,null,null,null
Netcall,1 sept 2026,11,914803441,9148034418165654209103,9283,Outbound,Portabilidad Postpago,EXPRESS,Logixtal,9001,CERRADAS,Entregado,Entregado,NET_KBRACOV,SIM,1 sept 2026,1 sept 2026,null,No,CERRADAS,2026-09-02 01:52:25,Monolínea,Mono_item,Lima - Callao,null,Power ilim 79.90 SD N,Power ilim 79.90 SD N
Netcall,1 sept 2026,15,914881703,9148817038166489592434,9283,Outbound,Portabilidad Postpago,EXPRESS,Logixtal,9001,CANCELADAS,Anulado,CLIENTE DESISTE - CONTRAOFERTA,NET_LRODRIGUEZC,SIM,1 sept 2026,null,null,No,CANCELADAS,2026-09-01 16:45:46,Monolínea,Mono_item,Lima - Callao,null,null,Power ilim 79.90 SD N
Netcall,2 sept 2026,16,915343360,91534336089511710111073797926,9283,Outbound,Portabilidad Postpago,EXPRESS,Logixtal,9001,ABIERTAS,Entregado,Entregado,NET_MCASTILLOC,SIM,2 sept 2026,null,null,No,ABIERTAS,null,Monolínea,Mono_item,Lima - Callao,null,null,null
Netcall,1 sept 2026,17,914916726,9149167268166871562391,5299,Outbound,Venta Regular / Alta,PROGRAMADO,Logixtal,9001,ABIERTAS,Pendiente Entrega,Pendiente Entrega,NET_DAYLASF,SIM,2 sept 2026,null,null,No,ABIERTAS,null,Monolínea,Mono_item,Lima - Callao,null,null,Power 39.90 N
Netcall,1 sept 2026,16,914901084,9149010848166703649711,9283,Outbound,Portabilidad Postpago,EXPRESS,Logixtal,9001,CERRADAS,Entregado,Entregado,NET_EZEVALLOSZ,SIM,1 sept 2026,1 sept 2026,null,No,CERRADAS,2026-09-02 01:11:00,Multilínea,Mono_item,Lima - Callao,null,Power ilim 79.90 SD N,Power ilim 79.90 SD N
Netcall,2 sept 2026,15,915326644,91532664489511710111073797967,9283,Outbound,Portabilidad Postpago,EXPRESS,Logixtal,9001,ABIERTAS,Pendiente Entrega,Pendiente de Picking,NET_JVASQUEZMEN,SIM,2 sept 2026,null,null,No,ABIERTAS,null,Monolínea,Mono_item,Lima - Callao,null,null,null
Netcall,1 sept 2026,11,914806234,914806234,9283,Outbound,Portabilidad Postpago,EXPRESS,Logixtal,9001,CERRADAS,Entregado,Entregado,TLV_NET_KARANDA,SIM,1 sept 2026,1 sept 2026,null,No,CERRADAS,2026-09-02 00:32:00,Monolínea,Mono_item,Lima - Callao,null,Power ilim 69.90 N,null
Netcall,1 sept 2026,13,914849015,914849015,9283,Outbound,Portabilidad Postpago,EXPRESS,Logixtal,9001,CERRADAS,Entregado,Entregado,TLV_NET_BRAMIRE,SIM,1 sept 2026,1 sept 2026,null,No,CERRADAS,2026-09-02 00:20:49,Multilínea,Mono_item,Lima - Callao,null,Power ilim 79.90 SD N,null
Netcall,2 sept 2026,10,915242396,91524239689511710111073933455,9283,Outbound,Portabilidad Postpago,EXPRESS,Logixtal,9001,ABIERTAS,Entregado,Entregado,NET_KROJASNAUPA,SIM,2 sept 2026,null,null,No,ABIERTAS,null,Monolínea,Mono_item,Lima - Callao,null,null,null
Netcall,1 sept 2026,13,914851335,9148513358166151102148,9283,Outbound,Portabilidad Postpago,EXPRESS,Logixtal,9001,CANCELADAS,Anulado,PIN PORTA_NO VALIDO,TLV_NET_BRAMIRE,SIM,1 sept 2026,null,null,No,CANCELADAS,2026-09-01 14:25:04,Multilínea,Mono_item,Lima - Callao,null,null,Power ilim 79.90 SD N
Netcall,2 sept 2026,15,915328483,91532848389511710101029356372,9283,Outbound,Portabilidad Postpago,EXPRESS,Logixtal,9001,ABIERTAS,Entregado,Entregado,NET_KCHUNAP,SIM,2 sept 2026,null,null,No,ABIERTAS,null,Multilínea,Mono_item,Lima - Callao,null,null,null
Netcall,1 sept 2026,15,914870104,9148701048166355855356,9283,Outbound,Portabilidad Postpago,EXPRESS,Logixtal,9001,ABIERTAS,Pendiente Entrega,Pendiente Entrega,NET_LALARCONP,SIM,1 sept 2026,null,null,No,ABIERTAS,null,Monolínea,Mono_item,Lima - Callao,null,null,Power 59.90 N
Netcall,2 sept 2026,17,915368055,91536805589511710111073714640,9283,Outbound,Portabilidad Postpago,PROGRAMADO,Logixtal,9001,ABIERTAS,Pendiente Entrega,Pendiente de Picking,TLV_NET_CZEGARR,SIM,3 sept 2026,null,null,No,ABIERTAS,null,Monolínea,Mono_item,Lima - Callao,null,null,null
Netcall,2 sept 2026,15,915307305,91530730589511710111073797975,9283,Outbound,Portabilidad Postpago,EXPRESS,Logixtal,9001,ABIERTAS,Pendiente Entrega,Pendiente de Picking,NET_JROMEROC,SIM,2 sept 2026,null,null,No,ABIERTAS,null,Monolínea,Mono_item,Lima - Callao,null,null,null
Netcall,1 sept 2026,13,914848321,914848321,9283,Outbound,Portabilidad Postpago,EXPRESS,Logixtal,9001,CERRADAS,Entregado,Entregado,TLV_NET_BRAMIRE,SIM,1 sept 2026,1 sept 2026,null,No,CERRADAS,2026-09-02 00:14:03,Multilínea,Mono_item,Lima - Callao,null,Power ilim 79.90 SD N,null
Netcall,2 sept 2026,11,915249563,91524956389511710111073933364,5299,Outbound,Portabilidad Postpago,EXPRESS,Logixtal,9001,ABIERTAS,Entregado,Entregado,NET_DAYLASF,SIM,2 sept 2026,null,null,No,ABIERTAS,null,Monolínea,Mono_item,Lima - Callao,null,null,null
Netcall,1 sept 2026,14,914864303,914864303,9271,Outbound,Portabilidad Postpago,EXPRESS,Logixtal,9001,CERRADAS,Entregado,Entregado,NET_MCHAVEZV,SIM,1 sept 2026,1 sept 2026,null,No,CERRADAS,2026-09-02 00:06:03,Monolínea,Mono_item,Lima - Callao,null,Power 59.90 N,null
Netcall,2 sept 2026,14,915312658,91531265889511710101029356430,9283,Outbound,Portabilidad Postpago,EXPRESS,Logixtal,9001,ABIERTAS,Pendiente Entrega,Pendiente de Picking,TLV_NET_GJQUISP,SIM,2 sept 2026,null,null,No,ABIERTAS,null,Monolínea,Mono_item,Lima - Callao,null,null,null
Netcall,2 sept 2026,16,915348268,91534826889511710111073797918,9283,Outbound,Portabilidad Postpago,EXPRESS,Logixtal,9001,ABIERTAS,Entregado,Entregado,NET_MCVASQUEZ,SIM,2 sept 2026,null,null,No,ABIERTAS,null,Monolínea,Mono_item,Lima - Callao,null,null,null
Netcall,2 sept 2026,12,915273620,91527362089511710111073797785,9283,Outbound,Portabilidad Postpago,EXPRESS,Logixtal,9001,ABIERTAS,Entregado,Entregado,NET_LVASQUEZT,SIM,2 sept 2026,null,null,No,ABIERTAS,null,Multilínea,Mono_item,Lima - Callao,null,null,null
Netcall,2 sept 2026,12,915276554,91527655489511710101029356455,9283,Outbound,Portabilidad Postpago,EXPRESS,Logixtal,9001,ABIERTAS,Entregado,Entregado,NET_GMENDIGUETE,SIM,2 sept 2026,null,null,No,ABIERTAS,null,Monolínea,Mono_item,Lima - Callao,null,null,null
Netcall,1 sept 2026,17,914902587,9149025878166720320000,9283,Outbound,Portabilidad Postpago,EXPRESS,Logixtal,9001,CERRADAS,Entregado,Entregado,NET_EZEVALLOSZ,SIM,1 sept 2026,1 sept 2026,null,No,CERRADAS,2026-09-02 02:10:51,Multilínea,Mono_item,Lima - Callao,null,Power ilim 79.90 SD N,Power ilim 79.90 SD N
Netcall,1 sept 2026,16,914889994,9148899948166573827224,9283,Outbound,Portabilidad Postpago,EXPRESS,Logixtal,9001,CANCELADAS,Anulado,PUNTO DE ENCUENTRO CAMUFLADO,NET_BBELLIDOP,SIM,1 sept 2026,null,null,No,CANCELADAS,2026-09-01 17:26:38,Monolínea,Mono_item,Lima - Callao,null,null,Power 59.90 N
Netcall,2 sept 2026,17,915365952,91536595289511710111073797710,9283,Outbound,Portabilidad Postpago,EXPRESS,Logixtal,9001,ABIERTAS,Pendiente Entrega,Pendiente de Picking,NET_YCASTILLOO,SIM,3 sept 2026,null,null,No,ABIERTAS,null,Multilínea,Mono_item,Lima - Callao,null,null,null
Netcall,2 sept 2026,13,915298944,91529894489511710111071534933,9283,Outbound,Portabilidad Postpago,EXPRESS,Logixtal,9001,ABIERTAS,Entregado,Entregado,TLV_NET_BRAMIRE,SIM,2 sept 2026,null,null,No,ABIERTAS,null,Monolínea,Mono_item,Lima - Callao,null,null,null
Netcall,1 sept 2026,13,914852037,9148520378166161115733,9283,Outbound,Portabilidad Postpago,EXPRESS,Logixtal,9001,CANCELADAS,Anulado,PIN PORTA_NO VALIDO,TLV_NET_BRAMIRE,SIM,1 sept 2026,null,null,No,CANCELADAS,2026-09-01 14:53:00,Multilínea,Mono_item,Lima - Callao,null,null,Power 39.90 N
Netcall,2 sept 2026,9,915223159,91522315989511710111071479634,9283,Outbound,Portabilidad Postpago,EXPRESS,Logixtal,9001,ABIERTAS,Entregado,Entregado,NET_VJAUREGUIM,SIM,2 sept 2026,null,null,No,ABIERTAS,null,Monolínea,Mono_item,Lima - Callao,null,null,null
Netcall,1 sept 2026,8,914739916,9147399168165102874973,9283,Outbound,Portabilidad Postpago,EXPRESS,Logixtal,9348,CERRADAS,Entregado,Entregado,TLV_NET_DVALOI,SIM,1 sept 2026,1 sept 2026,null,No,CERRADAS,2026-09-02 03:16:22,Monolínea,Mono_item,Tacna,null,Power 59.90 N,Power 59.90 N
Netcall,1 sept 2026,11,914814071,914814071,9283,Outbound,Portabilidad Postpago,EXPRESS,Logixtal,9342,CERRADAS,Entregado,Entregado,NET_EMEDINAU,SIM,1 sept 2026,1 sept 2026,null,No,CERRADAS,2026-09-02 00:36:43,Monolínea,Mono_item,Lima - Callao,null,Power ilim 79.90 SD N,null
Netcall,2 sept 2026,10,915243831,91524383189511710111073952307,9283,Outbound,Portabilidad Postpago,EXPRESS,Logixtal,9342,ABIERTAS,Entregado,Entregado,NET_NCASTILLOF,SIM,2 sept 2026,null,null,No,ABIERTAS,null,Monolínea,Mono_item,Lima - Callao,null,null,null
Netcall,2 sept 2026,14,915309615,91530961589511710111070871500,9283,Outbound,Portabilidad Postpago,EXPRESS,Logixtal,9342,ABIERTAS,Entregado,Entregado,NET_LMARTINEZAR,SIM,2 sept 2026,null,null,No,ABIERTAS,null,Monolínea,Mono_item,Lima - Callao,null,null,null
Netcall,1 sept 2026,14,914858646,914858646,9283,Outbound,Portabilidad Postpago,EXPRESS,Logixtal,9342,CERRADAS,Entregado,Entregado,NET_JIYASHAMAR,SIM,1 sept 2026,1 sept 2026,null,No,CERRADAS,2026-09-02 00:10:18,Monolínea,Mono_item,Lima - Callao,null,Power ilim 79.90 SD N,null
Netcall,2 sept 2026,16,915339634,91533963489511710111071352559,9283,Outbound,Portabilidad Postpago,EXPRESS,Logixtal,9342,ABIERTAS,Entregado,Entregado,NET_CDACHAC,SIM,2 sept 2026,null,null,No,ABIERTAS,null,Monolínea,Mono_item,Lima - Callao,null,null,null
Netcall,2 sept 2026,12,915283531,91528353189511710111070871203,9283,Outbound,Portabilidad Postpago,EXPRESS,Logixtal,9342,ABIERTAS,Entregado,Entregado,NET_DVILLALOBOS,SIM,2 sept 2026,null,null,No,ABIERTAS,null,Monolínea,Mono_item,Lima - Callao,null,null,null
Netcall,2 sept 2026,17,915354095,91535409589511710111070873126,9283,Outbound,Portabilidad Postpago,EXPRESS,Logixtal,9342,ABIERTAS,Entregado,Entregado,NET_ATRIVINOS,SIM,2 sept 2026,null,null,No,ABIERTAS,null,Monolínea,Mono_item,Lima - Callao,null,null,null
Netcall,1 sept 2026,11,914808592,9148085928165709583088,9283,Outbound,Portabilidad Postpago,EXPRESS,Logixtal,9342,CERRADAS,Entregado,Entregado,NET_ATORRESP,SIM,1 sept 2026,1 sept 2026,null,No,CERRADAS,2026-09-02 01:42:16,Monolínea,Mono_item,Lima - Callao,null,Power ilim 79.90 SD N,Power ilim 79.90 SD N
Netcall,2 sept 2026,17,915352733,91535273389511710111070873134,9283,Outbound,Portabilidad Postpago,EXPRESS,Logixtal,9342,ABIERTAS,Entregado,Entregado,NET_ATRIVINOS,SIM,2 sept 2026,null,null,No,ABIERTAS,null,Monolínea,Mono_item,Lima - Callao,null,null,null
Netcall,2 sept 2026,17,915361478,91536147889511710111070873571,9283,Outbound,Portabilidad Postpago,EXPRESS,Logixtal,9342,ABIERTAS,Entregado,Entregado,NET_JSANGAMA,SIM,2 sept 2026,null,null,No,ABIERTAS,null,Monolínea,Mono_item,Lima - Callao,null,null,null
Netcall,1 sept 2026,10,914792018,914792018,9283,Outbound,Portabilidad Postpago,EXPRESS,Logixtal,9342,CERRADAS,Entregado,Entregado,NET_LCAMPOSCABR,SIM,1 sept 2026,1 sept 2026,null,No,CERRADAS,2026-09-02 00:15:32,Monolínea,Mono_item,Lima - Callao,null,Power 59.90 N,null
Netcall,1 sept 2026,17,914916374,9149163748166870200398,9283,Outbound,Portabilidad Postpago,PROGRAMADO,Logixtal,9342,ABIERTAS,Pendiente Entrega,Pendiente Entrega,NET_BAPAZAB,SIM,2 sept 2026,null,null,No,ABIERTAS,null,Monolínea,Mono_item,Lima - Callao,null,null,Power 59.90 N
Netcall,2 sept 2026,17,915361478,91536147889511710111070873563,9283,Outbound,Portabilidad Postpago,EXPRESS,Logixtal,9342,ABIERTAS,Entregado,Entregado,NET_JSANGAMA,SIM,2 sept 2026,null,null,No,ABIERTAS,null,Monolínea,Mono_item,Lima - Callao,null,null,null
Netcall,1 sept 2026,14,914864652,9148646528166297241558,9283,Outbound,Portabilidad Postpago,EXPRESS,Logixtal,9342,CERRADAS,Entregado,Entregado,NET_JIYASHAMAR,SIM,1 sept 2026,1 sept 2026,null,No,CERRADAS,2026-09-02 00:40:19,Monolínea,Mono_item,Lima - Callao,null,Power ilim 79.90 SD N,Power ilim 79.90 SD N
Netcall,2 sept 2026,12,915273031,91527303189511710111071084723,9283,Outbound,Portabilidad Postpago,EXPRESS,Logixtal,9342,ABIERTAS,Entregado,Entregado,NET_EZEVALLOSZ,SIM,2 sept 2026,null,null,No,ABIERTAS,null,Monolínea,Mono_item,Lima - Callao,null,null,null
Netcall,2 sept 2026,18,915379970,915379970Empty,9283,Outbound,Portabilidad Postpago,PROGRAMADO,Logixtal,9342,ABIERTAS,Pendiente Entrega,Pendiente de Picking,NET_SFARIASR,SIM,3 sept 2026,null,null,No,ABIERTAS,null,Monolínea,Mono_item,Lima - Callao,null,null,null
Netcall,1 sept 2026,13,914844705,9148447058166082418658,9283,Outbound,Portabilidad Postpago,EXPRESS,Logixtal,9342,CERRADAS,Entregado,Entregado,NET_MDIAZP,SIM,1 sept 2026,1 sept 2026,null,No,CERRADAS,2026-09-02 01:19:56,Monolínea,Mono_item,Lima - Callao,null,Power ilim 69.90 N,Power ilim 69.90 N
Netcall,2 sept 2026,12,915274850,91527485089511710111071084731,9271,Outbound,Portabilidad Postpago,EXPRESS,Logixtal,9342,ABIERTAS,Pendiente Entrega,Pendiente de Picking,NET_CREYESJ,SIM,2 sept 2026,null,null,No,ABIERTAS,null,Monolínea,Mono_item,Lima - Callao,null,null,null
Netcall,2 sept 2026,11,915255879,91525587989511710111068696216,9283,Outbound,Portabilidad Postpago,PROGRAMADO,Logixtal,5024,ABIERTAS,Pendiente Entrega,Pendiente de Picking,NET_SCANTOT,SIM,8 sept 2026,null,null,No,ABIERTAS,null,Multilínea,Mono_item,Lambayeque,null,null,null
Netcall,2 sept 2026,11,915257469,91525746989511710111068696083,9283,Outbound,Portabilidad Postpago,PROGRAMADO,Logixtal,5024,ABIERTAS,Pendiente Entrega,Pendiente de Picking,NET_SCANTOT,SIM,8 sept 2026,null,null,No,ABIERTAS,null,Multilínea,Mono_item,Lambayeque,null,null,null
Netcall,1 sept 2026,15,914864789,9148647898166342275381,9283,Outbound,Portabilidad Postpago,PROGRAMADO,Logixtal,5023,ABIERTAS,Pendiente Entrega,Pendiente Entrega,NET_DDEPINHOZ,SIM,2 sept 2026,null,null,No,ABIERTAS,null,Multilínea,Mono_item,La Libertad,null,null,Power ilim 79.90 SD N
Netcall,1 sept 2026,15,914873119,9148731198166383282503,9283,Outbound,Portabilidad Postpago,PROGRAMADO,Logixtal,5023,ABIERTAS,Pendiente Entrega,Pendiente Entrega,NET_DDEPINHOZ,SIM,2 sept 2026,null,null,No,ABIERTAS,null,Multilínea,Mono_item,La Libertad,null,null,Power ilim 79.90 SD N
Netcall,1 sept 2026,15,914872066,9148720668166376848871,9283,Outbound,Portabilidad Postpago,PROGRAMADO,Logixtal,5023,ABIERTAS,Pendiente Entrega,Pendiente Entrega,NET_DDEPINHOZ,SIM,2 sept 2026,null,null,No,ABIERTAS,null,Multilínea,Mono_item,La Libertad,null,null,Power ilim 79.90 SD N
Netcall,1 sept 2026,15,914870845,9148708458166365180603,9283,Outbound,Portabilidad Postpago,PROGRAMADO,Logixtal,5023,ABIERTAS,Pendiente Entrega,Pendiente Entrega,NET_DDEPINHOZ,SIM,2 sept 2026,null,null,No,ABIERTAS,null,Multilínea,Mono_item,La Libertad,null,null,Power ilim 79.90 SD N
Netcall,1 sept 2026,13,914848483,9148484838166125114768,9283,Outbound,Portabilidad Postpago,EXPRESS,Logixtal,9345,CERRADAS,Entregado,Entregado,NET_TVASQUEZANG,SIM,1 sept 2026,1 sept 2026,null,No,CERRADAS,2026-09-02 01:04:09,Monolínea,Mono_item,Ica,null,Power 59.90 N,Power 59.90 N
Netcall,1 sept 2026,14,914855839,9148558398166202731636,9283,Outbound,Portabilidad Postpago,EXPRESS,Logixtal,9345,CERRADAS,Entregado,Entregado,NET_KAGRAMONTEM,SIM,1 sept 2026,1 sept 2026,null,No,CERRADAS,2026-09-02 01:48:48,Multilínea,Mono_item,Ica,null,Power ilim 79.90 SD N,Power ilim 79.90 SD N
Netcall,2 sept 2026,16,915343584,91534358489511710111069286199,9271,Outbound,Portabilidad Postpago,EXPRESS,Retiro en tienda,9345,ABIERTAS,Entregado,Entregado,NET_JAREVALOC,SIM,2 sept 2026,null,null,No,ABIERTAS,null,Monolínea,Mono_item,Ica,null,null,null
Netcall,1 sept 2026,9,914773302,9147733028165369302963,9271,Outbound,Portabilidad Postpago,EXPRESS,Logixtal,9345,CERRADAS,Entregado,Entregado,NET_HJUNCOT,SIM,1 sept 2026,1 sept 2026,null,No,CERRADAS,2026-09-02 00:58:16,Monolínea,Mono_item,Ica,null,Power ilim 79.90 SD N,Power ilim 79.90 SD N
Netcall,2 sept 2026,13,915297721,91529772189511710111069286165,9283,Outbound,Portabilidad Postpago,EXPRESS,Retiro en tienda,9345,ABIERTAS,Entregado,Entregado,NET_BCUSQUISIVA,SIM,2 sept 2026,null,null,No,ABIERTAS,null,Multilínea,Mono_item,Ica,null,null,null
Netcall,2 sept 2026,13,915297606,91529760689511710111069286348,5299,Outbound,Portabilidad Postpago,EXPRESS,Retiro en tienda,9345,CANCELADAS,Cancelado,Cancelado,NET_AEREYES,SIM,2 sept 2026,null,null,No,CANCELADAS,2026-09-02 16:02:37,Monolínea,Mono_item,Ica,null,null,null
Netcall,2 sept 2026,10,915228031,915228031Empty,9283,Outbound,Portabilidad Postpago,PROGRAMADO,Retiro en tienda,9345,ABIERTAS,Pendiente Entrega,Pendiente Entrega,NET_LMUSAYONS,SIM,3 sept 2026,null,null,No,ABIERTAS,null,Monolínea,Mono_item,Ica,null,null,null
Netcall,1 sept 2026,13,914849615,9148496158166135398907,9283,Outbound,Portabilidad Postpago,EXPRESS,Logixtal,9345,ABIERTAS,Anulado,NO UBICA DIRECCION,NET_CJCASTILLOM,SIM,1 sept 2026,null,null,No,ABIERTAS,null,Monolínea,Mono_item,Ica,null,null,Power 59.90 N
Netcall,1 sept 2026,14,914857318,9148573188166222163137,9283,Outbound,Portabilidad Postpago,EXPRESS,Logixtal,9345,CERRADAS,Entregado,Entregado,NET_KAGRAMONTEM,SIM,1 sept 2026,1 sept 2026,null,No,CERRADAS,2026-09-02 01:33:38,Multilínea,Mono_item,Ica,null,Power ilim 79.90 SD N,Power ilim 79.90 SD N
Netcall,2 sept 2026,13,915300412,91530041289511710111069286330,9283,Outbound,Venta Regular / Alta,EXPRESS,Retiro en tienda,9345,CERRADAS,Entregado,Entregado,NET_BCUSQUISIVA,SIM,2 sept 2026,2 sept 2026,null,No,CERRADAS,2026-09-02 15:42:47,Multilínea,Mono_item,Ica,null,Power ilim 79.90 SD N,null
Netcall,1 sept 2026,9,914767552,9147675528165309007671,9283,Outbound,Portabilidad Postpago,EXPRESS,Logixtal,9345,CERRADAS,Entregado,Entregado,NET_ECARRETEROH,SIM,1 sept 2026,1 sept 2026,null,No,CERRADAS,2026-09-02 01:03:03,Monolínea,Mono_item,Ica,null,Power ilim 69.90 N,Power ilim 69.90 N
Netcall,2 sept 2026,13,915298845,91529884589511710111069286181,9283,Outbound,Portabilidad Postpago,EXPRESS,Retiro en tienda,9345,ABIERTAS,Entregado,Entregado,NET_BCUSQUISIVA,SIM,2 sept 2026,null,null,No,ABIERTAS,null,Multilínea,Mono_item,Ica,null,null,null
Netcall,1 sept 2026,13,914836791,9148367918166000484990,9283,Outbound,Portabilidad Postpago,RETIRO EN TIENDA,Retiro en tienda,3076,CERRADAS,Entregado,Entregado,NET_ECARRETEROH,SIM,1 sept 2026,1 sept 2026,null,No,CERRADAS,2026-09-02 01:42:20,Monolínea,Mono_item,Ica,null,Power 59.90 N,Power 59.90 N
Netcall,1 sept 2026,17,914922094,9149220948166920670588,9283,Outbound,Portabilidad Postpago,RETIRO EN TIENDA,Retiro en tienda,3076,ABIERTAS,Pendiente Entrega,Pendiente Entrega,NET_AAYAURIO,SIM,1 sept 2026,null,null,No,ABIERTAS,null,Monolínea,Mono_item,Ica,null,null,Power ilim 79.90 SD N
Netcall,1 sept 2026,16,914895831,9148958318166644530250,9283,Outbound,Venta Regular / Alta,EXPRESS,Logixtal,9344,CERRADAS,Entregado,Entregado,NET_JVMORENO,SIM,1 sept 2026,1 sept 2026,01/09/2026,Sí,CERRADAS,2026-09-01 22:35:32,Multilínea,Mono_item,Ancash,39.95,Power ilim 79.90 SD N,Power ilim 79.90 SD N
Netcall,1 sept 2026,18,914940392,9149403928167104794770,9283,Outbound,Portabilidad Postpago,PROGRAMADO,Logixtal,9344,ABIERTAS,Pendiente Entrega,Pendiente Entrega,NET_YPEREZV,SIM,2 sept 2026,null,null,No,ABIERTAS,null,Monolínea,Mono_item,Ancash,null,null,Power ilim 69.90 N
Netcall,2 sept 2026,10,915227830,915227830Empty,9271,Outbound,Portabilidad Postpago,PROGRAMADO,Retiro en tienda,9344,ABIERTAS,Pendiente Entrega,Pendiente Entrega,NET_DMALCAD,SIM,4 sept 2026,null,null,No,ABIERTAS,null,Multilínea,Mono_item,Ancash,null,null,null
Netcall,1 sept 2026,19,914950238,9149502388167207312465,9283,Outbound,Portabilidad Postpago,PROGRAMADO,Logixtal,9344,ABIERTAS,Pendiente Entrega,Pendiente Entrega,NET_SPALACIOSA,SIM,2 sept 2026,null,null,No,ABIERTAS,null,Multilínea,Multi_item,Ancash,null,null,Power ilim 79.90 SD N
Netcall,2 sept 2026,17,915355941,915355941Empty,9283,Outbound,Portabilidad Postpago,PROGRAMADO,Retiro en tienda,9344,ABIERTAS,Pendiente Entrega,Pendiente Entrega,NET_MORIHUELAQ,SIM,3 sept 2026,null,null,No,ABIERTAS,null,Monolínea,Mono_item,Ancash,null,null,null
Netcall,1 sept 2026,9,914774772,9147747728165378587559,9283,Outbound,Portabilidad Postpago,EXPRESS,Logixtal,9344,CERRADAS,Entregado,Entregado,NET_YCHAVEZ,SIM,1 sept 2026,1 sept 2026,null,No,CERRADAS,2026-09-02 03:20:57,Multilínea,Multi_item,Ancash,null,Power ilim 79.90 SD N,Power ilim 79.90 SD N
Netcall,2 sept 2026,16,915336363,915336363Empty,9283,Outbound,Portabilidad Postpago,PROGRAMADO,Retiro en tienda,9344,ABIERTAS,Pendiente Entrega,Pendiente Entrega,NET_JROMEROC,SIM,3 sept 2026,null,null,No,ABIERTAS,null,Monolínea,Mono_item,Ancash,null,null,null
Netcall,1 sept 2026,14,914857988,9148579888166225635899,9283,Outbound,Portabilidad Postpago,EXPRESS,Logixtal,9344,ABIERTAS,Entregado,Entregado,NET_STAVARALIVI,SIM,1 sept 2026,1 sept 2026,null,No,ABIERTAS,null,Monolínea,Mono_item,Ancash,null,null,Power ilim 79.90 SD N
Netcall,2 sept 2026,20,915414123,915414123Empty,9283,Outbound,Portabilidad Postpago,PROGRAMADO,Retiro en tienda,9344,ABIERTAS,Pendiente Entrega,Pendiente Entrega,NET_EAYALAE,SIM,3 sept 2026,null,null,No,ABIERTAS,null,Monolínea,Mono_item,Ancash,null,null,null
Netcall,1 sept 2026,13,914851875,9148518758166160536042,9271,Outbound,Portabilidad Postpago,EXPRESS,Logixtal,9344,ABIERTAS,Anulado,CLIENTE AUSENTE,NET_MRUIZSANCHC,SIM,1 sept 2026,null,null,No,ABIERTAS,null,Monolínea,Mono_item,Ancash,null,null,Power 59.90 N
Netcall,2 sept 2026,14,915312027,91531202789511710111069188932,9283,Outbound,Portabilidad Postpago,EXPRESS,Retiro en tienda,9344,ABIERTAS,Entregado,Entregado,NET_YHUAMAN,SIM,2 sept 2026,null,null,No,ABIERTAS,null,Monolínea,Mono_item,Ancash,null,null,null
Netcall,2 sept 2026,14,915301300,91530130089511710111069188916,9271,Outbound,Portabilidad Postpago,EXPRESS,Retiro en tienda,9344,ABIERTAS,Entregado,Entregado,NET_CGRANADOSC,SIM,2 sept 2026,null,null,No,ABIERTAS,null,Monolínea,Mono_item,Ancash,null,null,null
Netcall,2 sept 2026,11,915255417,91525541789511710111069188973,9283,Outbound,Portabilidad Postpago,EXPRESS,Retiro en tienda,9344,ABIERTAS,Pendiente Entrega,Pendiente Entrega,NET_ECHEROS,SIM,3 sept 2026,null,null,No,ABIERTAS,null,Monolínea,Mono_item,Ancash,null,null,null
Netcall,1 sept 2026,9,914775741,9147757418165388086054,9283,Outbound,Portabilidad Postpago,EXPRESS,Logixtal,9344,CERRADAS,Entregado,Entregado,NET_YCHAVEZ,SIM,1 sept 2026,1 sept 2026,null,No,CERRADAS,2026-09-02 01:54:00,Multilínea,Mono_item,Ancash,null,Power ilim 79.90 SD N,Power ilim 79.90 SD N
Netcall,2 sept 2026,9,915219858,91521985889511710111069188825,9283,Outbound,Portabilidad Postpago,EXPRESS,Retiro en tienda,9344,ABIERTAS,Entregado,Entregado,NET_SLAZOB,SIM,2 sept 2026,null,null,No,ABIERTAS,null,Multilínea,Mono_item,Ancash,null,null,null
Netcall,2 sept 2026,12,915278285,91527828589511710111069188999,9271,Outbound,Portabilidad Postpago,EXPRESS,Retiro en tienda,9344,ABIERTAS,Entregado,Entregado,NET_CDACHAC,SIM,2 sept 2026,null,null,No,ABIERTAS,null,Monolínea,Mono_item,Ancash,null,null,null
Netcall,2 sept 2026,9,915218069,91521806989511710111069188692,9283,Outbound,Portabilidad Postpago,EXPRESS,Retiro en tienda,9344,ABIERTAS,Entregado,Entregado,NET_SLAZOB,SIM,2 sept 2026,null,null,No,ABIERTAS,null,Multilínea,Mono_item,Ancash,null,null,null
Netcall,2 sept 2026,10,915228576,915228576Empty,9271,Outbound,Venta Regular / Alta,PROGRAMADO,Retiro en tienda,9344,ABIERTAS,Pendiente Entrega,Pendiente Entrega,NET_DMALCAD,SIM,4 sept 2026,null,null,No,ABIERTAS,null,Multilínea,Mono_item,Ancash,null,null,null
Netcall,2 sept 2026,15,915330845,91533084589511710111069189948,9283,Outbound,Portabilidad Postpago,EXPRESS,Retiro en tienda,9344,ABIERTAS,Entregado,Entregado,NET_DREVILLAN,SIM,2 sept 2026,null,null,No,ABIERTAS,null,Monolínea,Mono_item,Ancash,null,null,null
Netcall,1 sept 2026,13,914851692,9148516928166154104399,9271,Outbound,Portabilidad Postpago,EXPRESS,Logixtal,9344,CERRADAS,Entregado,Entregado,NET_LGOMEZA,SIM,1 sept 2026,1 sept 2026,null,No,CERRADAS,2026-09-02 01:33:22,Monolínea,Mono_item,Ancash,null,Power ilim 79.90 SD N,Power ilim 79.90 SD N
Netcall,2 sept 2026,12,915272122,91527212289511710111069188791,9283,Outbound,Portabilidad Postpago,EXPRESS,Retiro en tienda,9344,CANCELADAS,Cancelado,Cancelado,NET_YRUEDAMONDR,SIM,2 sept 2026,null,null,No,CANCELADAS,2026-09-02 12:46:20,Monolínea,Mono_item,Ancash,null,null,null
Netcall,1 sept 2026,12,914826753,914826753,9283,Outbound,Portabilidad Postpago,EXPRESS,Logixtal,9344,CERRADAS,Entregado,Entregado,NET_SRUIZS,SIM,1 sept 2026,1 sept 2026,null,No,CERRADAS,2026-09-02 00:05:56,Monolínea,Mono_item,Ancash,null,Power 59.90 N,null
Netcall,1 sept 2026,19,914950238,9149502388167207312684,9283,Outbound,Portabilidad Postpago,PROGRAMADO,Logixtal,9344,ABIERTAS,Pendiente Entrega,Pendiente Entrega,NET_SPALACIOSA,SIM,2 sept 2026,null,null,No,ABIERTAS,null,Multilínea,Multi_item,Ancash,null,null,Power ilim 79.90 SD N
Netcall,1 sept 2026,10,914792093,9147920938165538988103,9283,Outbound,Portabilidad Postpago,EXPRESS,Logixtal,9344,CERRADAS,Entregado,Entregado,NET_MORIHUELAQ,SIM,1 sept 2026,1 sept 2026,null,No,CERRADAS,2026-09-02 00:39:30,Monolínea,Mono_item,Ancash,null,Power ilim 79.90 SD N,Power ilim 79.90 SD N
Netcall,2 sept 2026,9,915218976,91521897689511710111069188817,9283,Outbound,Portabilidad Postpago,EXPRESS,Retiro en tienda,9344,ABIERTAS,Entregado,Entregado,NET_SLAZOB,SIM,2 sept 2026,null,null,No,ABIERTAS,null,Multilínea,Mono_item,Ancash,null,null,null
Netcall,1 sept 2026,17,914910869,9149108698166808184653,9283,Outbound,Portabilidad Postpago,PROGRAMADO,Logixtal,9344,ABIERTAS,Pendiente Entrega,Pendiente Entrega,NET_ATORRESP,SIM,2 sept 2026,null,null,No,ABIERTAS,null,Monolínea,Mono_item,Ancash,null,null,Power ilim 79.90 SD N
Netcall,1 sept 2026,13,914837416,914837416,9283,Outbound,Portabilidad Postpago,EXPRESS,Logixtal,9344,CERRADAS,Entregado,Entregado,NET_MCVASQUEZ,SIM,1 sept 2026,1 sept 2026,null,No,CERRADAS,2026-09-02 00:17:08,Monolínea,Mono_item,Ancash,null,Power ilim 69.90 N,null
Netcall,1 sept 2026,9,914774772,9147747728165378587778,9283,Outbound,Portabilidad Postpago,EXPRESS,Logixtal,9344,CERRADAS,Entregado,Entregado,NET_YCHAVEZ,SIM,1 sept 2026,1 sept 2026,null,No,CERRADAS,2026-09-02 03:20:57,Multilínea,Multi_item,Ancash,null,Power ilim 79.90 SD N,Power ilim 79.90 SD N
Netcall,1 sept 2026,12,914819448,9148194488165816676315,9283,Outbound,Portabilidad Postpago,PROGRAMADO,Logixtal,9344,ABIERTAS,Pendiente Entrega,Pendiente Entrega,NET_EGOMEZB,SIM,3 sept 2026,null,null,No,ABIERTAS,null,Monolínea,Mono_item,Ancash,null,null,Power ilim 79.90 SD N
Netcall,1 sept 2026,9,914762603,9147626038165268377283,9283,Outbound,Portabilidad Postpago,EXPRESS,Logixtal,9344,ABIERTAS,Pendiente Entrega,Pendiente Entrega,NET_HEULOGIO,SIM,1 sept 2026,null,null,No,ABIERTAS,null,Monolínea,Mono_item,Ancash,null,null,Power ilim 99.90 SD N
Netcall,1 sept 2026,16,914894451,9148944518166627193132,9283,Outbound,Portabilidad Postpago,EXPRESS,Logixtal,9344,ABIERTAS,Entregado,Entregado,NET_JVMORENO,SIM,1 sept 2026,1 sept 2026,null,No,ABIERTAS,null,Multilínea,Mono_item,Ancash,null,null,Power ilim 79.90 SD N
Netcall,1 sept 2026,11,914799846,9147998468165621213450,9283,Outbound,Portabilidad Postpago,EXPRESS,Logixtal,9344,ABIERTAS,Anulado,CLIENTE AUSENTE - NADIE ATIENDE EN DOMICILIO,NET_AHUAMANZ,SIM,1 sept 2026,null,null,No,ABIERTAS,null,Monolínea,Mono_item,Ancash,null,null,Power 59.90 N
Netcall,2 sept 2026,9,915224615,91522461589511710111070925132,9271,Outbound,Portabilidad Postpago,EXPRESS,Retiro en tienda,9346,ABIERTAS,Entregado,Entregado,NET_LNECIOSUPC,SIM,2 sept 2026,null,null,No,ABIERTAS,null,Multilínea,Mono_item,Junin,null,null,null
Netcall,2 sept 2026,9,915220840,91522084089511710111070925124,9271,Outbound,Portabilidad Postpago,EXPRESS,Retiro en tienda,9346,ABIERTAS,Entregado,Entregado,NET_LNECIOSUPC,SIM,2 sept 2026,null,null,No,ABIERTAS,null,Multilínea,Mono_item,Junin,null,null,null
Netcall,2 sept 2026,15,915330090,915330090Empty,9283,Outbound,Venta Regular / Alta,PROGRAMADO,Logixtal,9001,ABIERTAS,Pendiente Entrega,Pendiente de Picking,TLV_NET_MFARFAN,SIM,5 sept 2026,null,null,No,ABIERTAS,null,Multilínea,Mono_item,Lima - Callao,null,null,null
Netcall,1 sept 2026,10,914783382,9147833828165462019544,9283,Outbound,Portabilidad Postpago,EXPRESS,Logixtal,9346,CERRADAS,Entregado,Entregado,NET_WBENITESA,SIM,1 sept 2026,1 sept 2026,null,No,CERRADAS,2026-09-02 01:36:23,Monolínea,Mono_item,Junin,null,Power ilim 69.90 N,Power ilim 69.90 N
Netcall,1 sept 2026,10,914793163,9147931638165555870429,9283,Outbound,Portabilidad Postpago,PROGRAMADO,Logixtal,9346,ABIERTAS,Pendiente Entrega,Pendiente Entrega,NET_CCOBENAM,SIM,2 sept 2026,null,null,No,ABIERTAS,null,Multilínea,Mono_item,Junin,null,null,Power ilim 79.90 SD N
Netcall,2 sept 2026,9,915217031,91521703189511710111070925173,9283,Outbound,Portabilidad Postpago,EXPRESS,Retiro en tienda,9346,ABIERTAS,Entregado,Entregado,NET_JIYASHAMAR,SIM,2 sept 2026,null,null,No,ABIERTAS,null,Multilínea,Mono_item,Junin,null,null,null
Netcall,2 sept 2026,9,915222362,915222362Empty,9271,Outbound,Portabilidad Postpago,PROGRAMADO,Retiro en tienda,9346,ABIERTAS,Pendiente Entrega,Pendiente Entrega,TLV_NET_BREYESR,SIM,4 sept 2026,null,null,No,ABIERTAS,null,Monolínea,Mono_item,Junin,null,null,null
Netcall,2 sept 2026,12,915273881,91527388189511710111070926635,9271,Outbound,Portabilidad Postpago,EXPRESS,Retiro en tienda,9346,ABIERTAS,Pendiente Entrega,Pendiente Entrega,TLV_NET_GQUISP,SIM,3 sept 2026,null,null,No,ABIERTAS,null,Monolínea,Mono_item,Junin,null,null,null
Netcall,2 sept 2026,9,915221696,91522169689511710111070944000,9271,Outbound,Portabilidad Postpago,EXPRESS,Retiro en tienda,9346,ABIERTAS,Entregado,Entregado,NET_LNECIOSUPC,SIM,2 sept 2026,null,null,No,ABIERTAS,null,Multilínea,Mono_item,Junin,null,null,null
Netcall,1 sept 2026,15,914869464,9148694648166353820591,9283,Outbound,Portabilidad Postpago,EXPRESS,Logixtal,9346,ABIERTAS,Pendiente Entrega,Pendiente Entrega,NET_ATORRESP,SIM,1 sept 2026,null,null,No,ABIERTAS,null,Monolínea,Mono_item,Junin,null,null,Power 59.90 N
Netcall,1 sept 2026,10,914794998,9147949988165571003962,9283,Outbound,Portabilidad Postpago,PROGRAMADO,Logixtal,9346,ABIERTAS,Pendiente Entrega,Pendiente Entrega,NET_CCOBENAM,SIM,2 sept 2026,null,null,No,ABIERTAS,null,Multilínea,Mono_item,Junin,null,null,Power ilim 79.90 SD N
Netcall,1 sept 2026,14,914854129,9148541298166181655510,9283,Outbound,Portabilidad Postpago,PROGRAMADO,Logixtal,9346,ABIERTAS,Pendiente Entrega,Pendiente Entrega,NET_EGOMEZB,SIM,2 sept 2026,null,null,No,ABIERTAS,null,Monolínea,Mono_item,Junin,null,null,Power 59.90 N
Netcall,2 sept 2026,10,915229522,91522952289511710111070925157,9271,Outbound,Venta Regular / Alta,EXPRESS,Retiro en tienda,9346,CERRADAS,Entregado,Entregado,NET_LNECIOSUPC,SIM,2 sept 2026,2 sept 2026,null,No,CERRADAS,2026-09-02 13:02:17,Multilínea,Mono_item,Junin,null,Power ilim 79.90 SD N,null
Netcall,2 sept 2026,15,915327311,91532731189511710111070926486,9283,Outbound,Portabilidad Postpago,EXPRESS,Retiro en tienda,9346,CANCELADAS,Cancelado,Cancelado,NET_GMENDIGUETE,SIM,2 sept 2026,null,null,No,CANCELADAS,2026-09-02 16:42:40,Monolínea,Mono_item,Junin,null,null,null
Netcall,2 sept 2026,10,915232449,91523244989511710111070926544,9283,Outbound,Portabilidad Postpago,EXPRESS,Retiro en tienda,9346,ABIERTAS,Entregado,Entregado,NET_EZAPATAC,SIM,2 sept 2026,null,null,No,ABIERTAS,null,Monolínea,Mono_item,Junin,null,null,null
Netcall,1 sept 2026,13,914837954,9148379548166006742706,5299,Outbound,Venta Regular / Alta,PROGRAMADO,Logixtal,9001,ABIERTAS,Pendiente Entrega,Pendiente Entrega,NET_RCANDIOTTIA,SIM,3 sept 2026,null,null,No,ABIERTAS,null,Multilínea,Mono_item,Lima - Callao,null,null,Power 39.90 N
Netcall,1 sept 2026,13,914838999,9148389998166019175783,5299,Outbound,Venta Regular / Alta,PROGRAMADO,Logixtal,9001,ABIERTAS,Pendiente Entrega,Pendiente Entrega,NET_RCANDIOTTIA,SIM,3 sept 2026,null,null,No,ABIERTAS,null,Multilínea,Mono_item,Lima - Callao,null,null,Power 39.90 N
Netcall,2 sept 2026,15,915328865,915328865Empty,9283,Outbound,Portabilidad Postpago,PROGRAMADO,Logixtal,9001,ABIERTAS,Pendiente Entrega,Pendiente de Picking,TLV_NET_MFARFAN,SIM,5 sept 2026,null,null,No,ABIERTAS,null,Multilínea,Mono_item,Lima - Callao,null,null,null
Netcall,1 sept 2026,10,914788655,9147886558165507814871,9283,Outbound,Portabilidad Postpago,EXPRESS,Logixtal,9346,CERRADAS,Entregado,Entregado,NET_YACHOM,SIM,1 sept 2026,1 sept 2026,null,No,CERRADAS,2026-09-02 01:15:53,Monolínea,Mono_item,Junin,null,Power 59.90 N,Power 59.90 N
Netcall,1 sept 2026,8,914752377,9147523778165193308514,9283,Outbound,Portabilidad Postpago,EXPRESS,Logixtal,9346,CERRADAS,Entregado,Entregado,NET_BROMANS,SIM,1 sept 2026,1 sept 2026,null,No,CERRADAS,2026-09-02 00:56:04,Monolínea,Mono_item,Junin,null,Power ilim 69.90 N,Power ilim 69.90 N
Netcall,2 sept 2026,11,915256807,91525680789511710111070929456,9283,Outbound,Portabilidad Postpago,EXPRESS,Retiro en tienda,9346,ABIERTAS,Entregado,Entregado,TLV_NET_JPENAM,SIM,2 sept 2026,null,null,No,ABIERTAS,null,Monolínea,Mono_item,Junin,null,null,null
Netcall,2 sept 2026,9,915220852,91522085289511710111070925199,9283,Outbound,Portabilidad Postpago,EXPRESS,Retiro en tienda,9346,ABIERTAS,Entregado,Entregado,NET_ARIVERA,SIM,2 sept 2026,null,null,No,ABIERTAS,null,Monolínea,Mono_item,Junin,null,null,null
Netcall,1 sept 2026,8,914747040,914747040,9283,Outbound,Portabilidad Postpago,EXPRESS,Logixtal,9346,CERRADAS,Entregado,Entregado,NET_BROMANS,SIM,1 sept 2026,1 sept 2026,null,No,CERRADAS,2026-09-02 00:09:46,Monolínea,Mono_item,Junin,null,Power ilim 69.90 N,null
Netcall,2 sept 2026,12,915269644,915269644Empty,9283,Outbound,Portabilidad Postpago,PROGRAMADO,Logixtal,9001,ABIERTAS,Pendiente Entrega,Pendiente de Picking,NET_AJSANCHEZR,SIM,3 sept 2026,null,null,No,ABIERTAS,null,Monolínea,Mono_item,Lima - Callao,null,null,null
Netcall,2 sept 2026,9,915218720,91521872089511710111070925223,9283,Outbound,Portabilidad Postpago,EXPRESS,Retiro en tienda,9346,ABIERTAS,Entregado,Entregado,NET_JIYASHAMAR,SIM,2 sept 2026,null,null,No,ABIERTAS,null,Multilínea,Mono_item,Junin,null,null,null
Netcall,1 sept 2026,12,914834530,9148345308165970275334,9283,Outbound,Portabilidad Postpago,EXPRESS,Logixtal,9346,CERRADAS,Entregado,Entregado,NET_YACHOM,SIM,1 sept 2026,1 sept 2026,null,No,CERRADAS,2026-09-02 02:01:32,Monolínea,Mono_item,Junin,null,Power 59.90 N,Power 59.90 N
Netcall,2 sept 2026,16,915348500,915348500Empty,9283,Outbound,Portabilidad Postpago,RETIRO EN TIENDA,Retiro en tienda,3213,ABIERTAS,Pendiente Entrega,Pendiente Entrega,NET_PREJASD,SIM,2 sept 2026,null,null,No,ABIERTAS,null,Monolínea,Mono_item,Lambayeque,null,null,null
Netcall,1 sept 2026,14,914853540,914853540,9283,Outbound,Portabilidad Postpago,EXPRESS,Logixtal,5024,CERRADAS,Entregado,Entregado,NET_ATISNADOA,SIM,1 sept 2026,1 sept 2026,null,No,CERRADAS,2026-09-02 00:36:58,Monolínea,Mono_item,Lambayeque,null,Power 59.90 N,null
Netcall,2 sept 2026,11,915260807,915260807Empty,9283,Outbound,Portabilidad Postpago,RETIRO EN TIENDA,Retiro en tienda,3036,ABIERTAS,Pendiente Entrega,Pendiente Entrega,NET_JCHAVEZC,SIM,2 sept 2026,null,null,No,ABIERTAS,null,Multilínea,Mono_item,Lambayeque,null,null,null
Netcall,2 sept 2026,16,915339811,915339811Empty,9283,Outbound,Portabilidad Postpago,RETIRO EN TIENDA,Retiro en tienda,3036,ABIERTAS,Pendiente Entrega,Pendiente Entrega,NET_ARAMOSR,SIM,2 sept 2026,null,null,No,ABIERTAS,null,Multilínea,Mono_item,Lambayeque,null,null,null
Netcall,2 sept 2026,11,915259155,915259155Empty,9283,Outbound,Portabilidad Postpago,RETIRO EN TIENDA,Retiro en tienda,3036,ABIERTAS,Pendiente Entrega,Pendiente Entrega,NET_JCHAVEZC,SIM,2 sept 2026,null,null,No,ABIERTAS,null,Multilínea,Mono_item,Lambayeque,null,null,null
Netcall,1 sept 2026,18,914935838,9149358388167056414390,9283,Outbound,Portabilidad Postpago,RETIRO EN TIENDA,Retiro en tienda,3036,ABIERTAS,Pendiente Entrega,Pendiente Entrega,NET_JCHAVEZC,SIM,1 sept 2026,null,null,No,ABIERTAS,null,Multilínea,Mono_item,Lambayeque,null,null,Power ilim 79.90 SD N
Netcall,2 sept 2026,18,915371566,91537156689511710121058124756,9283,Outbound,Portabilidad Postpago,PROGRAMADO,Logixtal,5024,ABIERTAS,Pendiente Entrega,Pendiente de Picking,NET_CALCAB,SIM,3 sept 2026,null,null,No,ABIERTAS,null,Monolínea,Mono_item,Lambayeque,null,null,null
Netcall,2 sept 2026,13,915298935,91529893589511710111068663257,9283,Outbound,Portabilidad Postpago,EXPRESS,Logixtal,5024,ABIERTAS,Entregado,Entregado,NET_CQUISPITONO,SIM,2 sept 2026,null,null,No,ABIERTAS,null,Monolínea,Mono_item,Lambayeque,null,null,null
Netcall,1 sept 2026,10,914782090,9147820908165451312258,9283,Outbound,Portabilidad Postpago,RETIRO EN TIENDA,Retiro en tienda,3036,ABIERTAS,Pendiente Entrega,Pendiente Entrega,NET_BBELLIDOP,SIM,1 sept 2026,null,null,No,ABIERTAS,null,Monolínea,Mono_item,Lambayeque,null,null,Power ilim 79.90 SD N
Netcall,2 sept 2026,15,915322548,915322548Empty,5299,Outbound,Portabilidad Postpago,RETIRO EN TIENDA,Retiro en tienda,6037,ABIERTAS,Pendiente Entrega,Pendiente Entrega,NET_MMENDOZAV,SIM,2 sept 2026,null,null,No,ABIERTAS,null,Monolínea,Mono_item,Lambayeque,null,null,null
Netcall,2 sept 2026,14,915302772,91530277289511710111068663240,9283,Outbound,Venta Regular / Alta,EXPRESS,Logixtal,5024,CERRADAS,Entregado,Entregado,NET_CQUISPITONO,SIM,2 sept 2026,2 sept 2026,null,No,CERRADAS,2026-09-02 17:39:17,Monolínea,Mono_item,Lambayeque,null,Power ilim 79.90 SD N,null
Netcall,2 sept 2026,16,915345739,915345739Empty,9283,Outbound,Portabilidad Postpago,RETIRO EN TIENDA,Retiro en tienda,3036,ABIERTAS,Pendiente Entrega,Pendiente Entrega,NET_SSALAZARV,SIM,2 sept 2026,null,null,No,ABIERTAS,null,Multilínea,Mono_item,Lambayeque,null,null,null
Netcall,2 sept 2026,15,915317618,91531761889511710111068656954,9283,Outbound,Portabilidad Postpago,PROGRAMADO,Logixtal,5024,ABIERTAS,Pendiente Entrega,Pendiente de Picking,TLV_NET_ACUBASS,SIM,3 sept 2026,null,null,No,ABIERTAS,null,Monolínea,Mono_item,Lambayeque,null,null,null
Netcall,1 sept 2026,15,914871459,9148714598166370572321,9283,Outbound,Venta Regular / Alta,RETIRO EN TIENDA,Retiro en tienda,6037,CANCELADAS,Cancelado,Cancelado,NET_LFLORESY,SIM,1 sept 2026,null,null,No,CANCELADAS,2026-09-01 15:39:15,Monolínea,Mono_item,Lambayeque,null,null,Power ilim 79.90 SD N
Netcall,2 sept 2026,9,915222094,91522209489511710111068661673,9283,Outbound,Portabilidad Postpago,EXPRESS,Logixtal,5024,ABIERTAS,Entregado,Entregado,NET_LTAMAYOD,SIM,2 sept 2026,null,null,No,ABIERTAS,null,Monolínea,Mono_item,Lambayeque,null,null,null
Netcall,2 sept 2026,12,915279765,91527976589511710111068662689,9271,Outbound,Portabilidad Postpago,EXPRESS,Logixtal,5024,CANCELADAS,Pendiente Entrega,Pendiente de Picking,NET_LNECIOSUPC,SIM,2 sept 2026,null,null,No,CANCELADAS,2026-09-02 13:01:38,Monolínea,Mono_item,Lambayeque,null,null,null
Netcall,1 sept 2026,12,914820884,9148208848165828469056,9283,Outbound,Portabilidad Postpago,EXPRESS,Logixtal,5024,ABIERTAS,Pendiente Entrega,Pendiente Entrega,NET_EALBORNOZR,SIM,1 sept 2026,null,null,No,ABIERTAS,null,Multilínea,Mono_item,Lambayeque,null,null,Power ilim 79.90 SD N
Netcall,1 sept 2026,18,914926419,9149264198166966654359,9283,Outbound,Portabilidad Postpago,PROGRAMADO,Logixtal,5024,ABIERTAS,Pendiente Entrega,Pendiente Entrega,NET_CULLOAC,SIM,2 sept 2026,null,null,No,ABIERTAS,null,Monolínea,Mono_item,Lambayeque,null,null,Power 59.90 N
Netcall,1 sept 2026,12,914817916,9148179168165814583983,9283,Outbound,Venta Regular / Alta,EXPRESS,Logixtal,5024,ABIERTAS,Pendiente Entrega,Pendiente Entrega,NET_EALBORNOZR,SIM,1 sept 2026,null,null,No,ABIERTAS,null,Multilínea,Mono_item,Lambayeque,null,null,Power ilim 79.90 SD N
Netcall,1 sept 2026,18,914937681,9149376818167072834324,9283,Outbound,Portabilidad Postpago,RETIRO EN TIENDA,Retiro en tienda,3036,ABIERTAS,Pendiente Entrega,Pendiente Entrega,NET_JCHAVEZC,SIM,1 sept 2026,null,null,No,ABIERTAS,null,Multilínea,Mono_item,Lambayeque,null,null,Power ilim 79.90 SD N
Netcall,1 sept 2026,13,914851109,914851109,9283,Outbound,Portabilidad Postpago,EXPRESS,Logixtal,5024,CERRADAS,Entregado,Entregado,NET_EVALDIVIEZO,SIM,1 sept 2026,1 sept 2026,null,No,CERRADAS,2026-09-02 00:18:04,Monolínea,Mono_item,Lambayeque,null,Power 59.90 N,null
Netcall,1 sept 2026,16,914892124,9148921248166600994124,9283,Outbound,Portabilidad Postpago,PROGRAMADO,Logixtal,5024,ABIERTAS,Pendiente Entrega,Pendiente Entrega,NET_JVELASQUEZS,SIM,2 sept 2026,null,null,No,ABIERTAS,null,Monolínea,Mono_item,Lambayeque,null,null,Power 59.90 N
Netcall,1 sept 2026,16,914887382,9148873828166548850514,9283,Outbound,Portabilidad Postpago,PROGRAMADO,Logixtal,5024,ABIERTAS,Pendiente Entrega,Pendiente Entrega,NET_MVASQUEZV,SIM,2 sept 2026,null,null,No,ABIERTAS,null,Multilínea,Mono_item,Lambayeque,null,null,Power ilim 79.90 SD N
Netcall,1 sept 2026,11,914814466,9148144668165765513757,9283,Outbound,Portabilidad Postpago,EXPRESS,Logixtal,5024,ABIERTAS,Anulado,PUNTO DE ENCUENTRO NO CONTACTADO,TLV_NET_FVALQUI,SIM,1 sept 2026,null,null,No,ABIERTAS,null,Monolínea,Mono_item,Lambayeque,null,null,Power ilim 79.90 SD N
Netcall,1 sept 2026,18,914932272,9149322728167018511061,9265,Outbound,Portabilidad Postpago,PROGRAMADO,Logixtal,5024,ABIERTAS,Pendiente Entrega,Pendiente Entrega,NET_IRODRIGUEZS,SIM,2 sept 2026,null,null,No,ABIERTAS,null,Monolínea,Mono_item,Lambayeque,null,null,Power 59.90 N
Netcall,1 sept 2026,10,914793932,9147939328165566038715,9283,Outbound,Portabilidad Postpago,EXPRESS,Logixtal,5024,CERRADAS,Entregado,Entregado,TLV_NET_DSANC,SIM,1 sept 2026,1 sept 2026,null,No,CERRADAS,2026-09-02 01:11:24,Monolínea,Mono_item,Lambayeque,null,Power 59.90 N,Power 59.90 N
Netcall,1 sept 2026,13,914840007,914840007,9283,Outbound,Portabilidad Postpago,EXPRESS,Logixtal,5024,CERRADAS,Entregado,Entregado,NET_LFLORESY,SIM,1 sept 2026,1 sept 2026,null,No,CERRADAS,2026-09-02 00:26:42,Monolínea,Mono_item,Lambayeque,null,Power 59.90 N,null
Netcall,1 sept 2026,12,914823194,914823194,5299,Outbound,Portabilidad Postpago,EXPRESS,Logixtal,5024,CERRADAS,Entregado,Entregado,NET_AREYNOSAC,SIM,1 sept 2026,1 sept 2026,null,No,CERRADAS,2026-09-02 00:22:24,Monolínea,Mono_item,Lambayeque,null,Power ilim 79.90 SD N,null
Netcall,1 sept 2026,14,914858728,9148587288166235258346,9283,Outbound,Portabilidad Postpago,PROGRAMADO,Logixtal,5024,ABIERTAS,Pendiente Entrega,Pendiente Entrega,NET_JCORONADOC,SIM,2 sept 2026,null,null,No,ABIERTAS,null,Monolínea,Mono_item,Lambayeque,null,null,Power 59.90 N
Netcall,2 sept 2026,13,915286257,91528625789511710111068654496,9283,Outbound,Portabilidad Postpago,EXPRESS,Logixtal,5024,CANCELADAS,Pendiente Entrega,Pendiente de Picking,TLV_NET_FVALQUI,SIM,2 sept 2026,null,null,No,CANCELADAS,2026-09-02 13:44:41,Monolínea,Mono_item,Lambayeque,null,null,null
Netcall,2 sept 2026,11,915262667,915262667Empty,9283,Outbound,Venta Regular / Alta,RETIRO EN TIENDA,Retiro en tienda,3036,CERRADAS,Entregado,Entregado,NET_JCHAVEZC,SIM,2 sept 2026,2 sept 2026,null,No,CERRADAS,2026-09-02 19:34:21,Multilínea,Mono_item,Lambayeque,null,Power ilim 79.90 SD N,null
Netcall,1 sept 2026,18,914934131,9149341318167035742551,9283,Outbound,Portabilidad Postpago,PROGRAMADO,Logixtal,5024,ABIERTAS,Pendiente Entrega,Pendiente Entrega,NET_VRUIZG,SIM,2 sept 2026,null,null,No,ABIERTAS,null,Monolínea,Mono_item,Lambayeque,null,null,Power 59.90 N
Netcall,2 sept 2026,16,915341307,915341307Empty,9283,Outbound,Portabilidad Postpago,RETIRO EN TIENDA,Retiro en tienda,3036,ABIERTAS,Pendiente Entrega,Pendiente Entrega,NET_ARAMOSR,SIM,2 sept 2026,null,null,No,ABIERTAS,null,Multilínea,Mono_item,Lambayeque,null,null,null
Netcall,1 sept 2026,10,914779820,9147798208165428728856,9283,Outbound,Portabilidad Postpago,EXPRESS,Logixtal,5024,CERRADAS,Entregado,Entregado,NET_KCARRENOV,SIM,1 sept 2026,1 sept 2026,null,No,CERRADAS,2026-09-02 01:54:04,Monolínea,Mono_item,Lambayeque,null,Power ilim 79.90 SD N,Power ilim 79.90 SD N
Netcall,2 sept 2026,15,915328247,915328247Empty,9283,Outbound,Portabilidad Postpago,RETIRO EN TIENDA,Retiro en tienda,6037,CANCELADAS,Cancelado,Cancelado,NET_SSALAZARV,SIM,2 sept 2026,null,null,No,CANCELADAS,2026-09-02 16:53:04,Multilínea,Mono_item,Lambayeque,null,null,null
Netcall,2 sept 2026,14,915315347,91531534789511710101054399396,9283,Outbound,Venta Regular / Alta,PROGRAMADO,Logixtal,5024,CERRADAS,Entregado,Entregado,NET_CQUISPITONO,SIM,3 sept 2026,2 sept 2026,null,No,CERRADAS,2026-09-02 17:38:21,Monolínea,Mono_item,Lambayeque,null,Power 59.90 N,null
Netcall,1 sept 2026,16,914889832,9148898328166572159100,9283,Outbound,Portabilidad Postpago,PROGRAMADO,Logixtal,5024,ABIERTAS,Pendiente Entrega,Pendiente Entrega,NET_MVASQUEZV,SIM,2 sept 2026,null,null,No,ABIERTAS,null,Multilínea,Mono_item,Lambayeque,null,null,Power ilim 79.90 SD N
Netcall,1 sept 2026,14,914855860,9148558608166205807557,9283,Outbound,Portabilidad Postpago,PROGRAMADO,Logixtal,5023,ABIERTAS,Pendiente Entrega,Pendiente Entrega,TLV_NET_ECODARL,SIM,3 sept 2026,null,null,No,ABIERTAS,null,Monolínea,Mono_item,La Libertad,null,null,Power ilim 69.90 N
Netcall,2 sept 2026,10,915234967,915234967Empty,9283,Outbound,Portabilidad Postpago,RETIRO EN TIENDA,Retiro en tienda,3140,ABIERTAS,Pendiente Entrega,Pendiente Entrega,NET_RCARDENASH,SIM,2 sept 2026,null,null,No,ABIERTAS,null,Monolínea,Mono_item,La Libertad,null,null,null
Netcall,2 sept 2026,15,915324406,915324406Empty,9283,Outbound,Portabilidad Postpago,RETIRO EN TIENDA,Retiro en tienda,3140,ABIERTAS,Pendiente Entrega,Pendiente Entrega,NET_MQUISPEH,SIM,2 sept 2026,null,null,No,ABIERTAS,null,Monolínea,Mono_item,La Libertad,null,null,null
Netcall,1 sept 2026,9,914770001,9147700018165331840355,9283,Outbound,Portabilidad Postpago,EXPRESS,Logixtal,3115,CANCELADAS,Anulado,SOLICITADO POR CANAL,NET_YCASTILLOO,SIM,1 sept 2026,null,null,No,CANCELADAS,2026-09-01 12:09:24,Monolínea,Mono_item,Pasco,null,null,Power ilim 79.90 SD N
Netcall,1 sept 2026,9,914772870,9147728708165361545954,9283,Outbound,Portabilidad Postpago,EXPRESS,Logixtal,3115,ABIERTAS,Entregado,Entregado,TLV_NET_CURCIAR,SIM,1 sept 2026,1 sept 2026,null,No,ABIERTAS,null,Monolínea,Mono_item,Pasco,null,null,Power ilim 69.90 N
Netcall,1 sept 2026,18,914930863,9149308638167012447711,9271,Outbound,Portabilidad Postpago,PROGRAMADO,Logixtal,5023,ABIERTAS,Pendiente Entrega,Pendiente Entrega,NET_JAREVALOC,SIM,2 sept 2026,null,null,No,ABIERTAS,null,Monolínea,Mono_item,La Libertad,null,null,Power 59.90 N
Netcall,2 sept 2026,10,915239595,91523959589511710111068680749,9283,Outbound,Portabilidad Postpago,EXPRESS,Logixtal,5023,ABIERTAS,Entregado,Entregado,NET_TANCHANTEG,SIM,2 sept 2026,null,null,No,ABIERTAS,null,Multilínea,Mono_item,La Libertad,null,null,null
Netcall,2 sept 2026,9,915219618,91521961889511710111068689864,9283,Outbound,Portabilidad Postpago,EXPRESS,Logixtal,5023,ABIERTAS,Entregado,Entregado,NET_JLIL,SIM,2 sept 2026,null,null,No,ABIERTAS,null,Monolínea,Mono_item,La Libertad,null,null,null
Netcall,2 sept 2026,10,915227572,91522757289511710111068689971,9283,Outbound,Portabilidad Postpago,EXPRESS,Logixtal,5023,ABIERTAS,Entregado,Entregado,NET_RURBINAG,SIM,2 sept 2026,null,null,No,ABIERTAS,null,Monolínea,Mono_item,La Libertad,null,null,null
Netcall,2 sept 2026,10,915223224,91522322489511710111068680731,9271,Outbound,Portabilidad Postpago,EXPRESS,Logixtal,5023,ABIERTAS,Pendiente Entrega,Pendiente de Picking,NET_AYZAGUIRREH,SIM,2 sept 2026,null,null,No,ABIERTAS,null,Monolínea,Mono_item,La Libertad,null,null,null
Netcall,2 sept 2026,10,915240440,91524044089511710111068680756,9283,Outbound,Venta Regular / Alta,EXPRESS,Logixtal,5023,CERRADAS,Entregado,Entregado,NET_TANCHANTEG,SIM,2 sept 2026,2 sept 2026,null,No,CERRADAS,2026-09-02 14:56:11,Multilínea,Mono_item,La Libertad,null,Power ilim 79.90 SD N,null
Netcall,1 sept 2026,15,914882548,9148825488166496303765,9271,Outbound,Portabilidad Postpago,PROGRAMADO,Logixtal,5023,ABIERTAS,Pendiente Entrega,Pendiente Entrega,NET_STITOP,SIM,2 sept 2026,null,null,No,ABIERTAS,null,Monolínea,Mono_item,La Libertad,null,null,Power ilim 69.90 N
Netcall,1 sept 2026,17,914860498,9148604988166872502919,9271,Outbound,Portabilidad Postpago,RETIRO EN TIENDA,Retiro en tienda,7271,ABIERTAS,Pendiente Entrega,Pendiente Entrega,NET_ATENORIOM,SIM,1 sept 2026,null,null,No,ABIERTAS,null,Monolínea,Mono_item,Junin,null,null,Power ilim 69.90 N
Netcall,1 sept 2026,13,914847566,9148475668166109279085,9283,Outbound,Portabilidad Postpago,PROGRAMADO,Logixtal,9001,ABIERTAS,Pendiente Entrega,Pendiente Entrega,NET_MCGARCIAG,SIM,2 sept 2026,null,null,No,ABIERTAS,null,Monolínea,Mono_item,Lima - Callao,null,null,Power 59.90 N
Netcall,1 sept 2026,17,914903342,9149033428166727879154,9271,Outbound,Portabilidad Postpago,PROGRAMADO,Logixtal,9001,ABIERTAS,Pendiente Entrega,Pendiente Entrega,NET_DRUIZR,SIM,4 sept 2026,null,null,No,ABIERTAS,null,Monolínea,Mono_item,Lima - Callao,null,null,Power ilim 79.90 SD N
Netcall,1 sept 2026,10,914778026,9147780268165414507031,9271,Outbound,Portabilidad Postpago,PROGRAMADO,Logixtal,9001,ABIERTAS,Pendiente Entrega,Pendiente Entrega,NET_KANGELESS,SIM,2 sept 2026,null,null,No,ABIERTAS,null,Multilínea,Mono_item,Lima - Callao,null,null,Power ilim 79.90 SD N
Netcall,1 sept 2026,12,914828981,9148289818165914267885,9283,Outbound,Portabilidad Postpago,PROGRAMADO,Logixtal,9001,ABIERTAS,Pendiente Entrega,Pendiente Entrega,NET_KBRACOV,SIM,2 sept 2026,null,null,No,ABIERTAS,null,Multilínea,Mono_item,Lima - Callao,null,null,Power ilim 79.90 SD N
Netcall,1 sept 2026,12,914823280,9148232808165852649636,9283,Outbound,Portabilidad Postpago,PROGRAMADO,Logixtal,9001,ABIERTAS,Pendiente Entrega,Pendiente Entrega,NET_KBRACOV,SIM,2 sept 2026,null,null,No,ABIERTAS,null,Multilínea,Mono_item,Lima - Callao,null,null,Power ilim 79.90 SD N
Netcall,1 sept 2026,12,914821632,9148216328165836557785,9283,Outbound,Portabilidad Postpago,PROGRAMADO,Logixtal,9001,ABIERTAS,Pendiente Entrega,Pendiente Entrega,NET_KBRACOV,SIM,2 sept 2026,null,null,No,ABIERTAS,null,Multilínea,Mono_item,Lima - Callao,null,null,Power ilim 79.90 SD N
Netcall,2 sept 2026,14,915312553,91531255389511710101029389803,9283,Outbound,Portabilidad Postpago,PROGRAMADO,Logixtal,9001,ABIERTAS,Pendiente Entrega,Pendiente de Picking,NET_GCABALLEROB,SIM,3 sept 2026,null,null,No,ABIERTAS,null,Monolínea,Mono_item,Lima - Callao,null,null,null
Netcall,1 sept 2026,9,914775420,9147754208165386659465,9283,Outbound,Portabilidad Postpago,PROGRAMADO,Logixtal,9001,ABIERTAS,Pendiente Entrega,Pendiente Entrega,NET_MCVASQUEZ,SIM,2 sept 2026,null,null,No,ABIERTAS,null,Monolínea,Mono_item,Lima - Callao,null,null,Power ilim 69.90 N
Netcall,1 sept 2026,10,914778903,9147789038165413477352,9271,Outbound,Portabilidad Postpago,PROGRAMADO,Logixtal,9001,ABIERTAS,Pendiente Entrega,Pendiente Entrega,NET_KANGELESS,SIM,2 sept 2026,null,null,No,ABIERTAS,null,Multilínea,Mono_item,Lima - Callao,null,null,Power ilim 79.90 SD N
Netcall,1 sept 2026,15,914879427,9148794278166460580953,9283,Outbound,Portabilidad Postpago,RETIRO EN TIENDA,Retiro en tienda,3008,ABIERTAS,Pendiente Entrega,Pendiente Entrega,NET_TCRISANTOV,SIM,4 sept 2026,null,null,No,ABIERTAS,null,Monolínea,Mono_item,Amazonas,null,null,Power 59.90 N
Netcall,2 sept 2026,9,915224171,915224171Empty,9283,Outbound,Portabilidad Postpago,RETIRO EN TIENDA,Retiro en tienda,3008,ABIERTAS,Pendiente Entrega,Pendiente Entrega,NET_BROMANS,SIM,4 sept 2026,null,null,No,ABIERTAS,null,Multilínea,Mono_item,Amazonas,null,null,null
Netcall,1 sept 2026,9,914769211,9147692118165327517733,9283,Outbound,Venta Regular / Alta,EXPRESS,Logixtal,9357,ABIERTAS,Pendiente Entrega,Pendiente Entrega,NET_LMANRIQUED,SIM,1 sept 2026,null,null,No,ABIERTAS,null,Monolínea,Mono_item,Amazonas,null,null,Power 59.90 N
Netcall,2 sept 2026,17,915361691,915361691Empty,9283,Outbound,Portabilidad Postpago,PROGRAMADO,Retiro en tienda,9357,ABIERTAS,Pendiente Entrega,Pendiente Entrega,NET_LDIAZM,SIM,3 sept 2026,null,null,No,ABIERTAS,null,Monolínea,Mono_item,Amazonas,null,null,null
Netcall,1 sept 2026,18,914925515,9149255158166955918962,9283,Outbound,Portabilidad Postpago,PROGRAMADO,Logixtal,9357,ABIERTAS,Pendiente Entrega,Pendiente Entrega,NET_JSANGAMA,SIM,2 sept 2026,null,null,No,ABIERTAS,null,Monolínea,Mono_item,Amazonas,null,null,Power ilim 69.90 N
Netcall,1 sept 2026,10,914795600,9147956008165579450476,9283,Outbound,Portabilidad Postpago,RETIRO EN TIENDA,Retiro en tienda,3008,CERRADAS,Entregado,Entregado,NET_ANCASTROR,SIM,1 sept 2026,1 sept 2026,null,No,CERRADAS,2026-09-02 03:16:12,Monolínea,Mono_item,Amazonas,null,Power ilim 79.90 SD N,Power ilim 79.90 SD N
Netcall,1 sept 2026,12,914836066,914836066,9283,Outbound,Portabilidad Postpago,EXPRESS,Logixtal,9357,CERRADAS,Entregado,Entregado,NET_VZEGARRAAGU,SIM,1 sept 2026,1 sept 2026,null,No,CERRADAS,2026-09-02 00:03:45,Multilínea,Mono_item,Amazonas,null,Power ilim 79.90 SD N,null
Netcall,1 sept 2026,8,914739410,914739410,9283,Outbound,Portabilidad Postpago,RETIRO EN TIENDA,Retiro en tienda,3008,CERRADAS,Entregado,Entregado,NET_SLAZOB,SIM,1 sept 2026,1 sept 2026,null,No,CERRADAS,2026-09-02 00:24:41,Monolínea,Mono_item,Amazonas,null,Power ilim 69.90 N,null
Netcall,1 sept 2026,12,914832896,9148328968165952606873,9283,Outbound,Portabilidad Postpago,EXPRESS,Logixtal,9357,CERRADAS,Entregado,Entregado,NET_VZEGARRAAGU,SIM,1 sept 2026,1 sept 2026,null,No,CERRADAS,2026-09-02 01:41:21,Multilínea,Mono_item,Amazonas,null,Power ilim 79.90 SD N,Power ilim 79.90 SD N
Netcall,1 sept 2026,11,914802056,9148020568165640441517,9283,Outbound,Portabilidad Postpago,RETIRO EN TIENDA,Retiro en tienda,3008,CERRADAS,Entregado,Entregado,NET_YCASTILLOO,SIM,2 sept 2026,1 sept 2026,null,No,CERRADAS,2026-09-02 01:21:28,Monolínea,Mono_item,Amazonas,null,Power 59.90 N,Power 59.90 N
Netcall,2 sept 2026,9,915222087,915222087Empty,9283,Outbound,Venta Regular / Alta,RETIRO EN TIENDA,Retiro en tienda,3008,CERRADAS,Entregado,Entregado,NET_BROMANS,SIM,4 sept 2026,2 sept 2026,null,No,CERRADAS,2026-09-02 12:14:05,Multilínea,Mono_item,Amazonas,null,Power ilim 79.90 SD N,null
Netcall,2 sept 2026,11,915247394,91524739489511710111070717810,9283,Outbound,Portabilidad Postpago,EXPRESS,Logixtal,5022,CANCELADAS,Pendiente Entrega,Pendiente de Picking,TLV_NET_DVALOI,SIM,2 sept 2026,null,null,No,CANCELADAS,2026-09-02 12:45:40,Monolínea,Mono_item,Arequipa,null,null,null
Netcall,1 sept 2026,15,914880891,914880891,9271,Outbound,Portabilidad Postpago,EXPRESS,Logixtal,5022,CERRADAS,Entregado,Entregado,NET_CREYESJ,SIM,1 sept 2026,1 sept 2026,null,No,CERRADAS,2026-09-02 00:13:52,Monolínea,Mono_item,Arequipa,null,Power 59.90 N,null
Netcall,1 sept 2026,15,914876829,9148768298166427019322,9283,Outbound,Portabilidad Postpago,EXPRESS,Logixtal,5022,CANCELADAS,Anulado,CLIENTE DESISTE - INFORMACIÓN INCORRECTA,NET_ELAURAQ,SIM,1 sept 2026,null,null,No,CANCELADAS,2026-09-01 17:51:39,Monolínea,Mono_item,Arequipa,null,null,Power 59.90 N
Netcall,1 sept 2026,16,914883914,9148839148166508825247,9283,Outbound,Portabilidad Postpago,EXPRESS,Logixtal,5022,CANCELADAS,Anulado,PEDIDO MAL GENERADO,TLV_NET_DVALOI,SIM,1 sept 2026,null,null,No,CANCELADAS,2026-09-01 17:30:43,Monolínea,Mono_item,Arequipa,null,null,Power 59.90 N
Netcall,2 sept 2026,10,915227189,915227189Empty,9283,Outbound,Portabilidad Postpago,PROGRAMADO,Logixtal,5022,ABIERTAS,Pendiente Entrega,Pendiente de Picking,TLV_NET_JSOTOZ,SIM,4 sept 2026,null,null,No,ABIERTAS,null,Multilínea,Mono_item,Arequipa,null,null,null
Netcall,2 sept 2026,9,915215327,91521532789511710111070749375,9283,Outbound,Portabilidad Postpago,EXPRESS,Logixtal,5022,ABIERTAS,Entregado,Entregado,NET_DFRANCIAH,SIM,2 sept 2026,null,null,No,ABIERTAS,null,Monolínea,Mono_item,Arequipa,null,null,null
Netcall,2 sept 2026,17,915357961,91535796189511710111070731506,9283,Outbound,Portabilidad Postpago,PROGRAMADO,Logixtal,5022,ABIERTAS,Pendiente Entrega,Pendiente de Picking,NET_JIYASHAMAR,SIM,3 sept 2026,null,null,No,ABIERTAS,null,Monolínea,Mono_item,Arequipa,null,null,null
Netcall,1 sept 2026,10,914782072,9147820728165451923436,9283,Outbound,Portabilidad Postpago,EXPRESS,Logixtal,5022,CERRADAS,Entregado,Entregado,NET_JLUCIANOT,SIM,1 sept 2026,1 sept 2026,null,No,CERRADAS,2026-09-02 03:19:35,Monolínea,Mono_item,Arequipa,null,Power 59.90 N,Power 59.90 N
Netcall,2 sept 2026,16,915345160,91534516089511710111070710674,9283,Outbound,Portabilidad Postpago,EXPRESS,Logixtal,5022,ABIERTAS,Pendiente Entrega,Pendiente de Picking,NET_KZAVALETAZ,SIM,3 sept 2026,null,null,No,ABIERTAS,null,Monolínea,Mono_item,Arequipa,null,null,null
Netcall,2 sept 2026,13,915290573,91529057389511710111070709692,9283,Outbound,Portabilidad Postpago,PROGRAMADO,Logixtal,5022,ABIERTAS,Pendiente Entrega,Pendiente de Picking,TLV_NET_MMURGAF,SIM,3 sept 2026,null,null,No,ABIERTAS,null,Monolínea,Mono_item,Arequipa,null,null,null
Netcall,2 sept 2026,14,915301737,91530173789511710111070749284,9271,Outbound,Portabilidad Postpago,EXPRESS,Logixtal,5022,ABIERTAS,Entregado,Entregado,NET_KGUTIERREZV,SIM,2 sept 2026,null,null,No,ABIERTAS,null,Monolínea,Mono_item,Arequipa,null,null,null
Netcall,1 sept 2026,10,914777838,9147778388165408322029,9271,Outbound,Portabilidad Postpago,PROGRAMADO,Logixtal,5022,ABIERTAS,Pendiente Entrega,Pendiente Entrega,NET_DMALCAD,SIM,2 sept 2026,null,null,No,ABIERTAS,null,Monolínea,Mono_item,Arequipa,null,null,Power 59.90 N
Netcall,1 sept 2026,15,914879850,9148798508166466661423,9283,Outbound,Portabilidad Postpago,EXPRESS,Logixtal,5022,CANCELADAS,Anulado,CLIENTE YA NO DESEA PRODUCTO,NET_ELAURAQ,SIM,1 sept 2026,null,null,No,CANCELADAS,2026-09-01 18:20:40,Monolínea,Mono_item,Arequipa,null,null,Power 59.90 N
Netcall,1 sept 2026,9,914771100,9147711008165345664318,9283,Outbound,Portabilidad Postpago,EXPRESS,Logixtal,5022,CANCELADAS,Cancelado,CANCELADA EN OMNIX,NET_LCAMPOSCABR,SIM,1 sept 2026,null,null,No,CANCELADAS,2026-09-01 09:42:28,Multilínea,Mono_item,Arequipa,null,null,Power 59.90 N
Netcall,2 sept 2026,12,915270422,91527042289511710111070717802,9289,Outbound,Portabilidad Postpago,EXPRESS,Logixtal,5022,ABIERTAS,Entregado,Entregado,TLV_NET_MLANDAR,SIM,2 sept 2026,null,null,No,ABIERTAS,null,Monolínea,Mono_item,Arequipa,null,null,null
Netcall,2 sept 2026,15,915325924,91532592489511710111070746827,9283,Outbound,Portabilidad Postpago,EXPRESS,Logixtal,5022,ABIERTAS,Pendiente Entrega,Pendiente de Picking,NET_ATRIVINOS,SIM,5 sept 2026,null,null,No,ABIERTAS,null,Multilínea,Mono_item,Arequipa,null,null,null
Netcall,2 sept 2026,16,915342967,91534296789511710111070749409,9283,Outbound,Portabilidad Postpago,EXPRESS,Logixtal,5022,ABIERTAS,Pendiente Entrega,Pendiente de Picking,NET_KZAVALETAZ,SIM,5 sept 2026,null,null,No,ABIERTAS,null,Monolínea,Mono_item,Arequipa,null,null,null
Netcall,1 sept 2026,16,914891923,9148919238166599819860,9283,Outbound,Portabilidad Postpago,PROGRAMADO,Logixtal,5022,ABIERTAS,No bop,No bop,NET_AUCEDAENEQU,SIM,3 sept 2026,null,null,No,ABIERTAS,null,Monolínea,Mono_item,Arequipa,null,null,Power 59.90 N
Netcall,1 sept 2026,9,914773022,914773022,9283,Outbound,Portabilidad Postpago,EXPRESS,Logixtal,5022,CERRADAS,Entregado,Entregado,NET_LCAMPOSCABR,SIM,1 sept 2026,1 sept 2026,null,No,CERRADAS,2026-09-02 00:16:52,Multilínea,Mono_item,Arequipa,null,Power ilim 79.90 SD N,null
Netcall,1 sept 2026,9,914768992,9147689928165322868865,9283,Outbound,Portabilidad Postpago,EXPRESS,Logixtal,5022,CANCELADAS,Anulado,PUNTO DE ENCUENTRO CAMUFLADO,TLV_NET_JSOTOZ,SIM,1 sept 2026,null,null,No,CANCELADAS,2026-09-01 11:21:16,Multilínea,Mono_item,Arequipa,null,null,Power ilim 79.90 SD N
Netcall,1 sept 2026,16,914896639,9148966398166649190228,9283,Outbound,Portabilidad Postpago,PROGRAMADO,Logixtal,5022,ABIERTAS,Pendiente Entrega,Pendiente Entrega,NET_GVILELAR,SIM,2 sept 2026,null,null,No,ABIERTAS,null,Monolínea,Mono_item,Arequipa,null,null,Power ilim 69.90 N
Netcall,2 sept 2026,15,915324337,91532433789511710111070746736,9283,Outbound,Portabilidad Postpago,EXPRESS,Logixtal,5022,ABIERTAS,Pendiente Entrega,Pendiente de Picking,NET_ATRIVINOS,SIM,5 sept 2026,null,null,No,ABIERTAS,null,Multilínea,Mono_item,Arequipa,null,null,null
Netcall,1 sept 2026,14,914857013,914857013,9283,Outbound,Portabilidad Postpago,EXPRESS,Logixtal,5022,CERRADAS,Entregado,Entregado,NET_JCHEROO,SIM,1 sept 2026,1 sept 2026,null,No,CERRADAS,2026-09-02 00:29:07,Monolínea,Mono_item,Arequipa,null,Power ilim 79.90 SD N,null
Netcall,2 sept 2026,14,915303295,91530329589511710111070746843,9283,Outbound,Portabilidad Postpago,EXPRESS,Logixtal,5022,ABIERTAS,Entregado,Entregado,NET_CIOLAYAR,SIM,2 sept 2026,null,null,No,ABIERTAS,null,Monolínea,Mono_item,Arequipa,null,null,null
Netcall,1 sept 2026,9,914767995,9147679958165315050587,9283,Outbound,Portabilidad Postpago,EXPRESS,Logixtal,5022,CANCELADAS,Anulado,PUNTO DE ENCUENTRO CAMUFLADO,TLV_NET_JSOTOZ,SIM,1 sept 2026,null,null,No,CANCELADAS,2026-09-01 11:15:13,Multilínea,Mono_item,Arequipa,null,null,Power ilim 79.90 SD N
Netcall,2 sept 2026,9,915223207,915223207Empty,9283,Outbound,Portabilidad Postpago,PROGRAMADO,Logixtal,5022,ABIERTAS,Pendiente Entrega,Pendiente de Picking,TLV_NET_JSOTOZ,SIM,4 sept 2026,null,null,No,ABIERTAS,null,Multilínea,Mono_item,Arequipa,null,null,null
Netcall,1 sept 2026,9,914763210,9147632108165275597373,9283,Outbound,Portabilidad Postpago,EXPRESS,Logixtal,5022,CERRADAS,Entregado,Entregado,TLV_NET_JSOTOZ,SIM,1 sept 2026,1 sept 2026,null,No,CERRADAS,2026-09-02 01:08:38,Monolínea,Mono_item,Arequipa,null,Power ilim 69.90 N,Power ilim 69.90 N
Netcall,2 sept 2026,9,915220708,91522070889511710111070749284,9283,Outbound,Portabilidad Postpago,EXPRESS,Logixtal,5022,CANCELADAS,Pendiente Entrega,Pendiente de Picking,NET_ECARRETEROH,SIM,2 sept 2026,null,null,No,CANCELADAS,2026-09-02 12:56:20,Monolínea,Mono_item,Arequipa,null,null,null
Netcall,2 sept 2026,16,915343752,91534375289511710111070717869,9283,Outbound,Portabilidad Postpago,EXPRESS,Logixtal,5022,ABIERTAS,Pendiente Entrega,Pendiente de Picking,NET_AYZAGUIRREH,SIM,2 sept 2026,null,null,No,ABIERTAS,null,Monolínea,Mono_item,Arequipa,null,null,null
Netcall,2 sept 2026,8,915211867,91521186789511710111070749367,9283,Outbound,Portabilidad Postpago,EXPRESS,Logixtal,5022,ABIERTAS,Entregado,Entregado,NET_ADOROTEOSAL,SIM,2 sept 2026,null,null,No,ABIERTAS,null,Multilínea,Mono_item,Arequipa,null,null,null
Netcall,2 sept 2026,11,915251029,91525102989511710111070710591,9283,Outbound,Portabilidad Postpago,EXPRESS,Logixtal,5022,ABIERTAS,Pendiente Entrega,Pendiente de Picking,NET_JLUCIANOT,SIM,2 sept 2026,null,null,No,ABIERTAS,null,Monolínea,Mono_item,Arequipa,null,null,null
Netcall,2 sept 2026,9,915226604,91522660489511710111070717513,9283,Outbound,Portabilidad Postpago,EXPRESS,Logixtal,5022,ABIERTAS,Pendiente Entrega,Pendiente de Picking,NET_LCCASTILLO,SIM,2 sept 2026,null,null,No,ABIERTAS,null,Monolínea,Mono_item,Arequipa,null,null,null
Netcall,2 sept 2026,8,915210674,91521067489511710111070749359,9283,Outbound,Portabilidad Postpago,EXPRESS,Logixtal,5022,ABIERTAS,Entregado,Entregado,NET_ADOROTEOSAL,SIM,2 sept 2026,null,null,No,ABIERTAS,null,Multilínea,Mono_item,Arequipa,null,null,null
Netcall,1 sept 2026,11,914816829,9148168298165789091791,9283,Outbound,Venta Regular / Alta,RETIRO EN TIENDA,Retiro en tienda,3096,CERRADAS,Entregado,Entregado,NET_CCOBENAM,SIM,1 sept 2026,1 sept 2026,01/09/2026,Sí,CERRADAS,2026-09-01 18:52:46,Multilínea,Mono_item,Ica,39.95,Power ilim 79.90 SD N,Power ilim 79.90 SD N
Netcall,1 sept 2026,11,914815595,9148155958165777392219,9283,Outbound,Portabilidad Postpago,RETIRO EN TIENDA,Retiro en tienda,3096,CERRADAS,Entregado,Entregado,NET_CCOBENAM,SIM,1 sept 2026,1 sept 2026,null,No,CERRADAS,2026-09-02 01:41:13,Multilínea,Mono_item,Ica,null,Power ilim 79.90 SD N,Power ilim 79.90 SD N
Netcall,1 sept 2026,11,914814431,9148144318165763996852,9283,Outbound,Portabilidad Postpago,RETIRO EN TIENDA,Retiro en tienda,3096,CERRADAS,Entregado,Entregado,NET_CCOBENAM,SIM,1 sept 2026,1 sept 2026,null,No,CERRADAS,2026-09-02 00:40:45,Multilínea,Mono_item,Ica,null,Power ilim 79.90 SD N,Power ilim 79.90 SD N
Netcall,2 sept 2026,17,915357148,915357148Empty,9283,Outbound,Portabilidad Postpago,RETIRO EN TIENDA,Retiro en tienda,3096,ABIERTAS,Pendiente Entrega,Pendiente Entrega,NET_SSALAZARV,SIM,2 sept 2026,null,null,No,ABIERTAS,null,Monolínea,Mono_item,Ica,null,null,null
Netcall,1 sept 2026,18,914925019,9149250198166953718984,9283,Outbound,Portabilidad Postpago,RETIRO EN TIENDA,Retiro en tienda,3096,ABIERTAS,Pendiente Entrega,Pendiente Entrega,TLV_NET_APINTAD,SIM,2 sept 2026,null,null,No,ABIERTAS,null,Monolínea,Mono_item,Ica,null,null,Power 59.90 N
Netcall,2 sept 2026,17,915355215,915355215Empty,9283,Outbound,Portabilidad Postpago,RETIRO EN TIENDA,Retiro en tienda,3096,ABIERTAS,Pendiente Entrega,Pendiente Entrega,NET_CALCAB,SIM,2 sept 2026,null,null,No,ABIERTAS,null,Monolínea,Mono_item,Ica,null,null,null
Netcall,1 sept 2026,11,914812273,9148122738165745258822,9283,Outbound,Portabilidad Postpago,RETIRO EN TIENDA,Retiro en tienda,3096,CERRADAS,Entregado,Entregado,NET_CCOBENAM,SIM,1 sept 2026,1 sept 2026,null,No,CERRADAS,2026-09-02 01:54:30,Multilínea,Mono_item,Ica,null,Power ilim 79.90 SD N,Power ilim 79.90 SD N
Netcall,1 sept 2026,17,914917177,9149171778166873881024,9283,Outbound,Portabilidad Postpago,RETIRO EN TIENDA,Retiro en tienda,3096,ABIERTAS,Pendiente Entrega,Pendiente Entrega,NET_MMREVILLA,SIM,1 sept 2026,null,null,No,ABIERTAS,null,Monolínea,Mono_item,Ica,null,null,Power ilim 79.90 SD N
Netcall,1 sept 2026,11,914812930,914812930,9283,Outbound,Portabilidad Postpago,EXPRESS,Logixtal,5022,CERRADAS,Entregado,Entregado,NET_ACQUISPE,SIM,1 sept 2026,1 sept 2026,null,No,CERRADAS,2026-09-02 00:32:18,Multilínea,Mono_item,Arequipa,null,Power ilim 79.90 SD N,null
Netcall,1 sept 2026,11,914810767,9148107678165730341369,9283,Outbound,Portabilidad Postpago,EXPRESS,Logixtal,5022,CERRADAS,Entregado,Entregado,NET_ACQUISPE,SIM,1 sept 2026,1 sept 2026,null,No,CERRADAS,2026-09-02 01:52:17,Multilínea,Mono_item,Arequipa,null,Power ilim 79.90 SD N,Power ilim 79.90 SD N
Netcall,2 sept 2026,12,915277960,91527796089511710101047125759,5299,Outbound,Portabilidad Postpago,PROGRAMADO,Logixtal,5021,ABIERTAS,Pendiente Entrega,Pendiente de Picking,NET_JBOZAC,SIM,3 sept 2026,null,null,No,ABIERTAS,null,Monolínea,Mono_item,Piura,null,null,null
Netcall,2 sept 2026,13,915294304,91529430489511710111070519844,9283,Outbound,Portabilidad Postpago,PROGRAMADO,Logixtal,5021,ABIERTAS,Pendiente Entrega,Pendiente de Picking,TLV_NET_YAQUINO,SIM,3 sept 2026,null,null,No,ABIERTAS,null,Multilínea,Mono_item,Piura,null,null,null
Netcall,2 sept 2026,10,915230383,91523038389511710111070508904,9283,Outbound,Portabilidad Postpago,PROGRAMADO,Logixtal,5021,ABIERTAS,Pendiente Entrega,Pendiente de Picking,NET_EMACHEROT,SIM,3 sept 2026,null,null,No,ABIERTAS,null,Monolínea,Mono_item,Piura,null,null,null
Netcall,2 sept 2026,9,915223107,91522310789511710111070508946,9283,Outbound,Portabilidad Postpago,PROGRAMADO,Logixtal,5021,ABIERTAS,Pendiente Entrega,Pendiente de Picking,TLV_NET_GCUEVAC,SIM,3 sept 2026,null,null,No,ABIERTAS,null,Multilínea,Mono_item,Piura,null,null,null
Netcall,2 sept 2026,9,915218702,91521870289511710111070508995,9283,Outbound,Portabilidad Postpago,PROGRAMADO,Logixtal,5021,ABIERTAS,Pendiente Entrega,Pendiente de Picking,TLV_NET_GCUEVAC,SIM,3 sept 2026,null,null,No,ABIERTAS,null,Multilínea,Mono_item,Piura,null,null,null
Netcall,1 sept 2026,13,914848318,914848318,5299,Outbound,Portabilidad Postpago,EXPRESS,Logixtal,5021,CERRADAS,Entregado,Entregado,NET_CPORRASP,SIM,1 sept 2026,1 sept 2026,null,No,CERRADAS,2026-09-02 00:35:39,Monolínea,Mono_item,Piura,null,Power ilim 79.90 SD N,null
Netcall,1 sept 2026,7,914669840,9146698408164622491884,9283,Outbound,Portabilidad Postpago,EXPRESS,Logixtal,5021,CANCELADAS,Cancelado,ORDEN NO VALIDO EN SIEBEL O ESTADO CANCELADO,NET_KROJASNAUPA,SIM,1 sept 2026,null,null,No,CANCELADAS,2026-09-01 16:29:26,Monolínea,Mono_item,Piura,null,null,Power 59.90 N
Netcall,1 sept 2026,7,914697744,914697744,9283,Outbound,Portabilidad Postpago,EXPRESS,Logixtal,5021,CERRADAS,Entregado,Entregado,NET_SRAMOSC,SIM,1 sept 2026,1 sept 2026,null,No,CERRADAS,2026-09-02 00:36:45,Monolínea,Mono_item,Piura,null,Power ilim 79.90 SD N,null
Netcall,1 sept 2026,16,914895507,9148955078166637696829,9283,Outbound,Portabilidad Postpago,EXPRESS,Logixtal,5021,CERRADAS,Entregado,Entregado,NET_ARODRIGUEZF,SIM,1 sept 2026,1 sept 2026,null,No,CERRADAS,2026-09-02 01:18:17,Monolínea,Mono_item,Piura,null,Power 59.90 N,Power 59.90 N
Netcall,2 sept 2026,15,915316229,91531622989511710111068561840,9283,Outbound,Portabilidad Postpago,EXPRESS,Logixtal,5021,ABIERTAS,Entregado,Entregado,TLV_NET_BRAMIRE,SIM,2 sept 2026,null,null,No,ABIERTAS,null,Monolínea,Mono_item,Piura,null,null,null
Netcall,1 sept 2026,17,914906950,9149069508166764138303,9283,Outbound,Portabilidad Postpago,PROGRAMADO,Logixtal,5021,ABIERTAS,Pendiente Entrega,Pendiente Entrega,TLV_NET_GANACLE,SIM,2 sept 2026,null,null,No,ABIERTAS,null,Monolínea,Mono_item,Piura,null,null,Power 59.90 N
Netcall,2 sept 2026,9,915224676,91522467689511710111068561857,9283,Outbound,Portabilidad Postpago,EXPRESS,Logixtal,5021,ABIERTAS,Entregado,Entregado,NET_YRAYMUNDOTA,SIM,2 sept 2026,null,null,No,ABIERTAS,null,Monolínea,Mono_item,Piura,null,null,null
Netcall,1 sept 2026,15,914880342,9148803428166474935243,9283,Outbound,Portabilidad Postpago,EXPRESS,Logixtal,5021,ABIERTAS,Pendiente Entrega,Pendiente Entrega,NET_YRAYMUNDOTA,SIM,1 sept 2026,null,null,No,ABIERTAS,null,Monolínea,Mono_item,Piura,null,null,Power ilim 79.90 SD N
Netcall,1 sept 2026,14,914860449,9148604498166254944740,9283,Outbound,Portabilidad Postpago,EXPRESS,Logixtal,5021,CERRADAS,Entregado,Entregado,NET_DMORENOL,SIM,1 sept 2026,1 sept 2026,null,No,CERRADAS,2026-09-02 00:48:13,Monolínea,Mono_item,Piura,null,Power 59.90 N,Power 59.90 N
Netcall,1 sept 2026,12,914823609,9148236098165857529843,9283,Outbound,Portabilidad Postpago,EXPRESS,Logixtal,5021,CERRADAS,Entregado,Entregado,NET_KORTIZD,SIM,1 sept 2026,1 sept 2026,null,No,CERRADAS,2026-09-02 02:17:51,Monolínea,Mono_item,Piura,null,Power 59.90 N,Power 59.90 N
Netcall,1 sept 2026,11,914797744,9147977448165597428485,9283,Outbound,Portabilidad Postpago,EXPRESS,Logixtal,5021,CERRADAS,Entregado,Entregado,NET_GMENDIGUETE,SIM,1 sept 2026,1 sept 2026,null,No,CERRADAS,2026-09-02 01:19:40,Monolínea,Mono_item,Piura,null,Power 59.90 N,Power 59.90 N
Netcall,2 sept 2026,10,915233880,91523388089511710111068555156,9283,Outbound,Portabilidad Postpago,EXPRESS,Logixtal,5021,ABIERTAS,Pendiente Entrega,Pendiente de Picking,NET_AJSANCHEZR,SIM,2 sept 2026,null,null,No,ABIERTAS,null,Monolínea,Mono_item,Piura,null,null,null
Netcall,2 sept 2026,15,915323611,91532361189511710111068573779,9283,Outbound,Portabilidad Postpago,PROGRAMADO,Logixtal,5023,ABIERTAS,Pendiente Entrega,Pendiente de Picking,NET_SBENITESL,SIM,8 sept 2026,null,null,No,ABIERTAS,null,Monolínea,Mono_item,La Libertad,null,null,null
Netcall,2 sept 2026,10,915241178,91524117889511710111071789446,9283,Outbound,Portabilidad Postpago,PROGRAMADO,Logixtal,5023,ABIERTAS,Pendiente Entrega,Pendiente de Picking,NET_WBENITESA,SIM,8 sept 2026,null,null,No,ABIERTAS,null,Monolínea,Mono_item,La Libertad,null,null,null
Netcall,2 sept 2026,15,915322530,91532253089511710111068675202,9271,Outbound,Portabilidad Postpago,PROGRAMADO,Logixtal,5023,ABIERTAS,Pendiente Entrega,Pendiente de Picking,NET_KTORRESP,SIM,8 sept 2026,null,null,No,ABIERTAS,null,Multilínea,Mono_item,La Libertad,null,null,null
Netcall,2 sept 2026,15,915319663,91531966389511710111071784686,9271,Outbound,Portabilidad Postpago,PROGRAMADO,Logixtal,5023,ABIERTAS,Pendiente Entrega,Pendiente de Picking,NET_KTORRESP,SIM,8 sept 2026,null,null,No,ABIERTAS,null,Multilínea,Mono_item,La Libertad,null,null,null
Netcall,1 sept 2026,18,914923675,9149236758166944656949,9283,Outbound,Portabilidad Postpago,PROGRAMADO,Logixtal,9001,ABIERTAS,Pendiente Entrega,Pendiente Entrega,NET_KORTIZD,SIM,2 sept 2026,null,null,No,ABIERTAS,null,Monolínea,Mono_item,Lima - Callao,null,null,Power ilim 79.90 SD N
Netcall,2 sept 2026,18,915374964,915374964Empty,5299,Outbound,Portabilidad Postpago,PROGRAMADO,Retiro en tienda,9354,ABIERTAS,Pendiente Entrega,Pendiente Entrega,NET_JBOZAC,SIM,3 sept 2026,null,null,No,ABIERTAS,null,Monolínea,Mono_item,Ayacucho,null,null,null
Netcall,1 sept 2026,12,914819987,914819987,9271,Outbound,Portabilidad Postpago,EXPRESS,Logixtal,9001,CERRADAS,Entregado,Entregado,NET_KESCORZAC,SIM,1 sept 2026,1 sept 2026,null,No,CERRADAS,2026-09-02 00:35:41,Monolínea,Mono_item,Lima - Callao,null,Power ilim 79.90 SD N,null
Netcall,1 sept 2026,9,914761385,9147613858165259391638,9283,Outbound,Portabilidad Postpago,EXPRESS,Logixtal,9001,CANCELADAS,Cancelado,ERROR EN CSV,NET_ABARRERAY,SIM,1 sept 2026,null,null,No,CANCELADAS,2026-09-01 09:07:11,Multilínea,Mono_item,Lima - Callao,null,null,Power ilim 69.90 N
Netcall,1 sept 2026,13,914843903,9148439038166083413905,9283,Outbound,Portabilidad Postpago,PROGRAMADO,Logixtal,9001,ABIERTAS,Pendiente Entrega,Pendiente Entrega,TLV_NET_GJQUISP,SIM,2 sept 2026,null,null,No,ABIERTAS,null,Monolínea,Mono_item,Lima - Callao,null,null,Power ilim 69.90 N
Netcall,2 sept 2026,13,915292752,91529275289511710111073732220,9283,Outbound,Portabilidad Postpago,EXPRESS,Logixtal,9001,ABIERTAS,Entregado,Entregado,NET_VZEGARRAAGU,SIM,2 sept 2026,null,null,No,ABIERTAS,null,Multilínea,Mono_item,Lima - Callao,null,null,null
Netcall,1 sept 2026,10,914787276,9147872768165498596482,9283,Outbound,Portabilidad Postpago,EXPRESS,Logixtal,9001,CERRADAS,Entregado,Entregado,NET_VMEJIAC,SIM,1 sept 2026,1 sept 2026,null,No,CERRADAS,2026-09-02 01:06:35,Multilínea,Mono_item,Lima - Callao,null,Power ilim 79.90 SD N,Power ilim 79.90 SD N
Netcall,2 sept 2026,10,915227529,91522752989511710111073972784,9283,Outbound,Portabilidad Postpago,EXPRESS,Logixtal,9001,ABIERTAS,Entregado,Entregado,NET_TMUNOZCALDE,SIM,2 sept 2026,null,null,No,ABIERTAS,null,Monolínea,Mono_item,Lima - Callao,null,null,null
Netcall,1 sept 2026,10,914790163,9147901638165523221647,9283,Outbound,Portabilidad Postpago,EXPRESS,Logixtal,9001,CANCELADAS,Cancelado,ERROR EN CSV,NET_AARNAIZA,SIM,1 sept 2026,null,null,No,CANCELADAS,2026-09-01 10:42:09,Multilínea,Mono_item,Lima - Callao,null,null,Power ilim 79.90 SD N
Netcall,1 sept 2026,15,914883506,9148835068166510381835,9283,Outbound,Portabilidad Postpago,EXPRESS,Logixtal,9001,CERRADAS,Entregado,Entregado,NET_SDIAZO,SIM,1 sept 2026,1 sept 2026,null,No,CERRADAS,2026-09-02 01:47:19,Monolínea,Mono_item,Lima - Callao,null,Power ilim 79.90 SD N,Power ilim 79.90 SD N
Netcall,2 sept 2026,10,915231181,91523118189511710111073732188,9283,Outbound,Portabilidad Postpago,EXPRESS,Logixtal,9001,ABIERTAS,Entregado,Entregado,NET_ADOMINGUEZF,SIM,2 sept 2026,null,null,No,ABIERTAS,null,Monolínea,Mono_item,Lima - Callao,null,null,null
Netcall,2 sept 2026,12,915272269,91527226989511710101029980973,9283,Outbound,Portabilidad Postpago,EXPRESS,Logixtal,9001,ABIERTAS,Entregado,Entregado,NET_STAVARALIVI,SIM,2 sept 2026,null,null,No,ABIERTAS,null,Monolínea,Mono_item,Lima - Callao,null,null,null
Netcall,1 sept 2026,11,914802629,9148026298165642876052,9283,Outbound,Portabilidad Postpago,EXPRESS,Logixtal,9001,CANCELADAS,Cancelado,ERROR EN CSV,NET_AARNAIZA,SIM,1 sept 2026,null,null,No,CANCELADAS,2026-09-01 11:18:10,Multilínea,Mono_item,Lima - Callao,null,null,Power ilim 79.90 SD N
Netcall,1 sept 2026,13,914839524,9148395248166023258953,9283,Outbound,Portabilidad Postpago,PROGRAMADO,Logixtal,9001,ABIERTAS,No bop,No bop,NET_TBECERRAC,SIM,3 sept 2026,null,null,No,ABIERTAS,null,Monolínea,Mono_item,Lima - Callao,null,null,Power ilim 79.90 SD N
Netcall,2 sept 2026,18,915373304,91537330489511710111073732204,9283,Outbound,Portabilidad Postpago,EXPRESS,Logixtal,9001,ABIERTAS,Entregado,Entregado,NET_EMEDINAU,SIM,2 sept 2026,null,null,No,ABIERTAS,null,Monolínea,Mono_item,Lima - Callao,null,null,null
Netcall,2 sept 2026,9,915216772,91521677289511710101029980999,9283,Outbound,Portabilidad Postpago,EXPRESS,Logixtal,9001,ABIERTAS,Entregado,Entregado,TLV_NET_MCHAMBI,SIM,2 sept 2026,null,null,No,ABIERTAS,null,Monolínea,Mono_item,Lima - Callao,null,null,null
Netcall,1 sept 2026,15,914785551,9147855518166502364599,9283,Outbound,Portabilidad Postpago,EXPRESS,Logixtal,9001,ABIERTAS,Pendiente Entrega,Pendiente Entrega,NET_KCHUNAP,SIM,1 sept 2026,null,null,No,ABIERTAS,null,Monolínea,Mono_item,Lima - Callao,null,null,Power ilim 79.90 SD N
Netcall,1 sept 2026,9,914768353,9147683538165316542997,9283,Outbound,Portabilidad Postpago,EXPRESS,Logixtal,9001,CERRADAS,Entregado,Entregado,NET_CIOLAYAR,SIM,1 sept 2026,1 sept 2026,null,No,CERRADAS,2026-09-02 01:27:20,Monolínea,Mono_item,Lima - Callao,null,Power ilim 79.90 SD N,Power ilim 79.90 SD N
Netcall,1 sept 2026,10,914788624,9147886248165510836221,9283,Outbound,Portabilidad Postpago,EXPRESS,Logixtal,9001,CERRADAS,Entregado,Entregado,NET_VMEJIAC,SIM,1 sept 2026,1 sept 2026,null,No,CERRADAS,2026-09-02 00:39:20,Multilínea,Mono_item,Lima - Callao,null,Power ilim 79.90 SD N,Power ilim 79.90 SD N
Netcall,2 sept 2026,13,915293792,91529379289511710111073732238,9283,Outbound,Portabilidad Postpago,EXPRESS,Logixtal,9001,ABIERTAS,Entregado,Entregado,NET_VZEGARRAAGU,SIM,2 sept 2026,null,null,No,ABIERTAS,null,Multilínea,Mono_item,Lima - Callao,null,null,null
Netcall,1 sept 2026,13,914849167,914849167,9283,Outbound,Portabilidad Postpago,EXPRESS,Logixtal,5022,CERRADAS,Entregado,Entregado,NET_JIYASHAMAR,SIM,1 sept 2026,1 sept 2026,null,No,CERRADAS,2026-09-02 00:24:42,Monolínea,Mono_item,Arequipa,null,Power ilim 69.90 N,null
Netcall,2 sept 2026,15,915326590,91532659089511710111070738410,9283,Outbound,Portabilidad Postpago,EXPRESS,Logixtal,5022,ABIERTAS,Entregado,Entregado,NET_SPEREZR,SIM,2 sept 2026,null,null,No,ABIERTAS,null,Monolínea,Mono_item,Arequipa,null,null,null
Netcall,2 sept 2026,16,915345130,91534513089511710111070738428,9283,Outbound,Venta Regular / Alta,EXPRESS,Logixtal,5022,CERRADAS,Entregado,Entregado,NET_LLOBATONV,SIM,2 sept 2026,2 sept 2026,null,No,CERRADAS,2026-09-02 19:03:15,Multilínea,Mono_item,Arequipa,null,Power ilim 79.90 SD N,null
Netcall,2 sept 2026,12,915280502,91528050289511710111070738386,9283,Outbound,Portabilidad Postpago,EXPRESS,Logixtal,5022,ABIERTAS,Entregado,Entregado,NET_SPEREZR,SIM,2 sept 2026,null,null,No,ABIERTAS,null,Monolínea,Mono_item,Arequipa,null,null,null
Netcall,1 sept 2026,12,914822869,9148228698165848179681,9283,Outbound,Portabilidad Postpago,EXPRESS,Logixtal,5022,ABIERTAS,Anulado,CLIENTE AUSENTE,NET_YMILLA,SIM,1 sept 2026,null,null,No,ABIERTAS,null,Multilínea,Mono_item,Arequipa,null,null,Power ilim 79.90 SD N
Netcall,2 sept 2026,17,915367394,915367394Empty,9283,Outbound,Portabilidad Postpago,RETIRO EN TIENDA,Retiro en tienda,3048,ABIERTAS,Pendiente Entrega,Pendiente Entrega,TLV_NET_NHUAMAA,SIM,2 sept 2026,null,null,No,ABIERTAS,null,Monolínea,Mono_item,Arequipa,null,null,null
Netcall,2 sept 2026,16,915337020,91533702089511710111070738444,9283,Outbound,Portabilidad Postpago,EXPRESS,Logixtal,5022,ABIERTAS,Entregado,Entregado,NET_BROMANS,SIM,2 sept 2026,null,null,No,ABIERTAS,null,Monolínea,Mono_item,Arequipa,null,null,null
Netcall,2 sept 2026,16,915343837,91534383789511710111070738436,9283,Outbound,Portabilidad Postpago,EXPRESS,Logixtal,5022,ABIERTAS,Entregado,Entregado,NET_LLOBATONV,SIM,2 sept 2026,null,null,No,ABIERTAS,null,Multilínea,Mono_item,Arequipa,null,null,null
Netcall,1 sept 2026,11,914801138,9148011388165632067037,9283,Outbound,Portabilidad Postpago,EXPRESS,Logixtal,5022,CANCELADAS,Anulado,CLIENTE YA NO DESEA PRODUCTO,NET_DDIAZC,SIM,1 sept 2026,null,null,No,CANCELADAS,2026-09-01 12:16:39,Monolínea,Mono_item,Arequipa,null,null,Power ilim 79.90 SD N
Netcall,1 sept 2026,12,914821884,9148218848165843256350,9283,Outbound,Portabilidad Postpago,EXPRESS,Logixtal,5022,ABIERTAS,Anulado,CLIENTE AUSENTE,NET_YMILLA,SIM,1 sept 2026,null,null,No,ABIERTAS,null,Multilínea,Mono_item,Arequipa,null,null,Power ilim 79.90 SD N
Netcall,2 sept 2026,17,915352728,915352728Empty,9283,Outbound,Portabilidad Postpago,RETIRO EN TIENDA,Retiro en tienda,3048,ABIERTAS,Pendiente Entrega,Pendiente Entrega,NET_RFIGUEROAR,SIM,2 sept 2026,null,null,No,ABIERTAS,null,Monolínea,Mono_item,Arequipa,null,null,null
Netcall,1 sept 2026,16,914898717,9148987178166672454097,9283,Outbound,Portabilidad Postpago,PROGRAMADO,Logixtal,9349,ABIERTAS,Pendiente Entrega,Pendiente Entrega,NET_LLOPEZM,SIM,2 sept 2026,null,null,No,ABIERTAS,null,Monolínea,Mono_item,Ucayali,null,null,Power ilim 69.90 N
Netcall,2 sept 2026,16,915348114,915348114Empty,9283,Outbound,Portabilidad Postpago,PROGRAMADO,Retiro en tienda,9349,ABIERTAS,Pendiente Entrega,Pendiente Entrega,NET_LLOPEZM,SIM,3 sept 2026,null,null,No,ABIERTAS,null,Monolínea,Mono_item,Ucayali,null,null,null
Netcall,1 sept 2026,11,914804009,9148040098165662294002,9283,Outbound,Portabilidad Postpago,EXPRESS,Logixtal,9349,CERRADAS,Entregado,Entregado,TLV_NET_DBARTET,SIM,1 sept 2026,1 sept 2026,null,No,CERRADAS,2026-09-02 01:54:41,Multilínea,Mono_item,Ucayali,null,Power ilim 79.90 SD N,Power ilim 79.90 SD N
Netcall,1 sept 2026,10,914796230,9147962308165589768945,9283,Outbound,Portabilidad Postpago,EXPRESS,Logixtal,9349,ABIERTAS,Pendiente Entrega,Pendiente Entrega,TLV_NET_MFARFAN,SIM,1 sept 2026,null,null,No,ABIERTAS,null,Monolínea,Mono_item,Ucayali,null,null,Power 59.90 N
Netcall,1 sept 2026,12,914826646,9148266468165887343175,9271,Outbound,Venta Regular / Alta,EXPRESS,Logixtal,9349,CERRADAS,Entregado,Entregado,NET_GHUANCASS,SIM,1 sept 2026,1 sept 2026,01/09/2026,Sí,CERRADAS,2026-09-01 15:35:21,Monolínea,Mono_item,Ucayali,39.9,Power 39.90 N,Power 39.90 N
Netcall,1 sept 2026,13,914848287,9148482878166121871378,9283,Outbound,Portabilidad Postpago,EXPRESS,Logixtal,9349,CANCELADAS,Anulado,DESISTE POR PENALIDAD DE PROVEEDOR ACTUAL,NET_LNARVAEZR,SIM,1 sept 2026,null,null,No,CANCELADAS,2026-09-01 15:38:45,Monolínea,Mono_item,Ucayali,null,null,Power 59.90 N
Netcall,2 sept 2026,13,915295738,915295738Empty,9283,Outbound,Portabilidad Postpago,PROGRAMADO,Retiro en tienda,9349,ABIERTAS,Pendiente Entrega,Pendiente Entrega,NET_EGOMEZB,SIM,3 sept 2026,null,null,No,ABIERTAS,null,Monolínea,Mono_item,Ucayali,null,null,null
Netcall,1 sept 2026,11,914805626,9148056268165675707914,9283,Outbound,Portabilidad Postpago,EXPRESS,Logixtal,9349,CERRADAS,Entregado,Entregado,TLV_NET_DBARTET,SIM,1 sept 2026,1 sept 2026,null,No,CERRADAS,2026-09-02 00:45:07,Multilínea,Mono_item,Ucayali,null,Power ilim 79.90 SD N,Power ilim 79.90 SD N
Netcall,2 sept 2026,9,915216525,91521652589511710111070113051,9283,Outbound,Portabilidad Postpago,EXPRESS,Retiro en tienda,9349,ABIERTAS,Entregado,Entregado,TLV_NET_DCABEZU,SIM,2 sept 2026,null,null,No,ABIERTAS,null,Monolínea,Mono_item,Ucayali,null,null,null
Netcall,2 sept 2026,13,915291947,91529194789511710111070112434,9271,Outbound,Portabilidad Postpago,EXPRESS,Retiro en tienda,9349,ABIERTAS,Entregado,Entregado,NET_CCAVEROA,SIM,2 sept 2026,null,null,No,ABIERTAS,null,Monolínea,Mono_item,Ucayali,null,null,null
Netcall,1 sept 2026,16,914895449,9148954498166637095567,9271,Outbound,Portabilidad Postpago,PROGRAMADO,Logixtal,9349,ABIERTAS,Pendiente Entrega,Pendiente Entrega,NET_SPALACIOSA,SIM,2 sept 2026,null,null,No,ABIERTAS,null,Monolínea,Mono_item,Ucayali,null,null,Power ilim 79.90 SD N
Netcall,1 sept 2026,18,914928164,9149281648166994373922,9283,Outbound,Portabilidad Postpago,PROGRAMADO,Logixtal,9349,ABIERTAS,Pendiente Entrega,Pendiente Entrega,NET_TDILAST,SIM,2 sept 2026,null,null,No,ABIERTAS,null,Monolínea,Mono_item,Ucayali,null,null,Power ilim 79.90 SD N
Netcall,1 sept 2026,14,914857095,914857095,9283,Outbound,Portabilidad Postpago,EXPRESS,Logixtal,9350,CERRADAS,Entregado,Entregado,NET_SGONZALESF,SIM,1 sept 2026,1 sept 2026,null,No,CERRADAS,2026-09-02 00:30:38,Monolínea,Mono_item,Cajamarca,null,Power 59.90 N,null
Netcall,2 sept 2026,18,915370789,915370789Empty,5299,Outbound,Portabilidad Postpago,RETIRO EN TIENDA,Retiro en tienda,7147,ABIERTAS,Pendiente Entrega,Pendiente Entrega,NET_BTRUJILLOT,SIM,2 sept 2026,null,null,No,ABIERTAS,null,Monolínea,Mono_item,Cajamarca,null,null,null
Netcall,1 sept 2026,12,914828405,9148284058165905101369,9283,Outbound,Portabilidad Postpago,EXPRESS,Logixtal,9350,CANCELADAS,Anulado,HUELLAS DESGASTADAS,NET_JMENDOZAN,SIM,1 sept 2026,null,null,No,CANCELADAS,2026-09-01 14:13:17,Multilínea,Mono_item,Cajamarca,null,null,Power ilim 79.90 SD N
Netcall,2 sept 2026,14,915309398,915309398Empty,9283,Outbound,Portabilidad Postpago,EXPRESS,Retiro en tienda,9350,ABIERTAS,Pendiente Entrega,Pendiente Entrega,NET_AMANRIQUEC,SIM,3 sept 2026,null,null,No,ABIERTAS,null,Monolínea,Mono_item,Cajamarca,null,null,null
Netcall,1 sept 2026,10,914777875,9147778758165409106280,9283,Outbound,Portabilidad Postpago,RETIRO EN TIENDA,Retiro en tienda,7147,CANCELADAS,Cancelado,Cancelado,NET_MUBILLUSR,SIM,1 sept 2026,null,null,No,CANCELADAS,2026-09-01 18:11:22,Multilínea,Multi_item,Cajamarca,null,null,Power ilim 79.90 SD N
Netcall,1 sept 2026,10,914784285,9147842858165469489047,9283,Outbound,Portabilidad Postpago,EXPRESS,Logixtal,9350,ABIERTAS,Pendiente Entrega,Pendiente Entrega,TLV_NET_BRAMIRE,SIM,1 sept 2026,null,null,No,ABIERTAS,null,Monolínea,Mono_item,Cajamarca,null,null,Power 59.90 N
Netcall,2 sept 2026,7,915172466,91517246689511710121058176269,9283,Outbound,Portabilidad Postpago,EXPRESS,Retiro en tienda,9350,ABIERTAS,Pendiente Entrega,Pendiente Entrega,NET_SLAZOB,SIM,3 sept 2026,null,null,No,ABIERTAS,null,Monolínea,Mono_item,Cajamarca,null,null,null
Netcall,1 sept 2026,10,914778940,9147789408165413718225,9283,Outbound,Portabilidad Postpago,EXPRESS,Logixtal,9350,CERRADAS,Entregado,Entregado,NET_ACORDOVAS,SIM,1 sept 2026,1 sept 2026,null,No,CERRADAS,2026-09-02 00:46:36,Monolínea,Mono_item,Cajamarca,null,Power 59.90 N,Power 59.90 N
Netcall,1 sept 2026,9,914768590,9147685908165318224289,9283,Outbound,Portabilidad Postpago,RETIRO EN TIENDA,Retiro en tienda,7147,ABIERTAS,Pendiente Entrega,Pendiente Entrega,NET_MFERRER,SIM,1 sept 2026,null,null,No,ABIERTAS,null,Monolínea,Mono_item,Cajamarca,null,null,Power ilim 69.90 N
Netcall,2 sept 2026,10,915232666,91523266689511710101052175970,9271,Outbound,Portabilidad Postpago,EXPRESS,Retiro en tienda,9350,ABIERTAS,Entregado,Entregado,NET_MSUAREZG,SIM,2 sept 2026,null,null,No,ABIERTAS,null,Multilínea,Mono_item,Cajamarca,null,null,null
Netcall,2 sept 2026,12,915280942,91528094289511710101052177828,9283,Outbound,Portabilidad Postpago,EXPRESS,Retiro en tienda,9350,ABIERTAS,Pendiente Entrega,Pendiente Entrega,NET_IVARGASI,SIM,3 sept 2026,null,null,No,ABIERTAS,null,Monolínea,Mono_item,Cajamarca,null,null,null
Netcall,2 sept 2026,9,915220590,91522059089511710101046983554,9271,Outbound,Portabilidad Postpago,EXPRESS,Retiro en tienda,9350,CANCELADAS,Cancelado,Cancelado,NET_JAREVALOC,SIM,2 sept 2026,null,null,No,CANCELADAS,2026-09-02 12:37:23,Monolínea,Mono_item,Cajamarca,null,null,null
Netcall,2 sept 2026,9,915215858,91521585889511710121058206827,9283,Outbound,Portabilidad Postpago,EXPRESS,Retiro en tienda,9350,ABIERTAS,Entregado,Entregado,TLV_NET_DVALOI,SIM,2 sept 2026,null,null,No,ABIERTAS,null,Monolínea,Mono_item,Cajamarca,null,null,null
Netcall,2 sept 2026,9,915219182,91521918289511710101046983752,9283,Outbound,Portabilidad Postpago,EXPRESS,Retiro en tienda,9350,ABIERTAS,Pendiente Entrega,Pendiente Entrega,NET_JMENDOZAN,SIM,2 sept 2026,null,null,No,ABIERTAS,null,Monolínea,Mono_item,Cajamarca,null,null,null
Netcall,2 sept 2026,13,915300132,91530013289511710101052179576,9283,Outbound,Portabilidad Postpago,EXPRESS,Retiro en tienda,9350,ABIERTAS,Entregado,Entregado,NET_RFIGUEROAR,SIM,2 sept 2026,null,null,No,ABIERTAS,null,Multilínea,Mono_item,Cajamarca,null,null,null
Netcall,2 sept 2026,15,915328584,915328584Empty,9283,Outbound,Portabilidad Postpago,PROGRAMADO,Retiro en tienda,9350,ABIERTAS,Pendiente Entrega,Pendiente Entrega,NET_MDONAYRE,SIM,3 sept 2026,null,null,No,ABIERTAS,null,Monolínea,Mono_item,Cajamarca,null,null,null
Netcall,2 sept 2026,13,915288440,915288440Empty,9283,Outbound,Portabilidad Postpago,RETIRO EN TIENDA,Retiro en tienda,3007,ABIERTAS,Pendiente Entrega,Pendiente Entrega,NET_MVASQUEZV,SIM,2 sept 2026,null,null,No,ABIERTAS,null,Monolínea,Mono_item,Cajamarca,null,null,null
Netcall,2 sept 2026,10,915234106,91523410689511710101046978398,9271,Outbound,Portabilidad Postpago,EXPRESS,Retiro en tienda,9350,ABIERTAS,Entregado,Entregado,NET_MSUAREZG,SIM,2 sept 2026,null,null,No,ABIERTAS,null,Multilínea,Mono_item,Cajamarca,null,null,null
Netcall,2 sept 2026,12,915273198,91527319889511710121058170239,9283,Outbound,Portabilidad Postpago,EXPRESS,Retiro en tienda,9350,ABIERTAS,Entregado,Entregado,NET_RTORRESB,SIM,2 sept 2026,null,null,No,ABIERTAS,null,Monolínea,Mono_item,Cajamarca,null,null,null
Netcall,1 sept 2026,10,914777875,9147778758165409106061,9283,Outbound,Portabilidad Postpago,RETIRO EN TIENDA,Retiro en tienda,7147,CANCELADAS,Cancelado,Cancelado,NET_MUBILLUSR,SIM,1 sept 2026,null,null,No,CANCELADAS,2026-09-01 18:11:22,Multilínea,Multi_item,Cajamarca,null,null,Power ilim 79.90 SD N
Netcall,1 sept 2026,12,914826225,9148262258165882749153,9283,Outbound,Portabilidad Postpago,EXPRESS,Logixtal,9350,ABIERTAS,Pendiente Entrega,Pendiente Entrega,NET_CGARCIAC,SIM,1 sept 2026,null,null,No,ABIERTAS,null,Monolínea,Mono_item,Cajamarca,null,null,Power ilim 69.90 N
Netcall,2 sept 2026,14,915301181,91530118189511710101046955065,9283,Outbound,Portabilidad Postpago,EXPRESS,Retiro en tienda,9350,ABIERTAS,Entregado,Entregado,NET_RFIGUEROAR,SIM,2 sept 2026,null,null,No,ABIERTAS,null,Multilínea,Mono_item,Cajamarca,null,null,null
Netcall,1 sept 2026,16,914901327,9149013278166705049851,9283,Outbound,Portabilidad Postpago,PROGRAMADO,Logixtal,9350,ABIERTAS,Pendiente Entrega,Pendiente Entrega,NET_LMANRIQUED,SIM,2 sept 2026,null,null,No,ABIERTAS,null,Monolínea,Mono_item,Cajamarca,null,null,Power ilim 79.90 SD N
Netcall,2 sept 2026,11,915248989,915248989Empty,9283,Outbound,Portabilidad Postpago,PROGRAMADO,Retiro en tienda,9350,ABIERTAS,Pendiente Entrega,Pendiente Entrega,NET_ABARRERAY,SIM,3 sept 2026,null,null,No,ABIERTAS,null,Monolínea,Mono_item,Cajamarca,null,null,null
Netcall,2 sept 2026,15,915323154,915323154Empty,9283,Outbound,Portabilidad Postpago,PROGRAMADO,Retiro en tienda,9350,ABIERTAS,Pendiente Entrega,Pendiente Entrega,NET_VTURKOWSKYG,SIM,3 sept 2026,null,null,No,ABIERTAS,null,Monolínea,Mono_item,Cajamarca,null,null,null
Netcall,1 sept 2026,18,914933806,9149338068167028679314,9283,Outbound,Portabilidad Postpago,RETIRO EN TIENDA,Retiro en tienda,7147,CANCELADAS,Cancelado,Cancelado,NET_MDONAYRE,SIM,1 sept 2026,null,null,No,CANCELADAS,2026-09-01 19:07:24,Monolínea,Mono_item,Cajamarca,null,null,Power ilim 79.90 SD N
Netcall,1 sept 2026,11,914809694,9148096948165722529244,9283,Outbound,Portabilidad Postpago,EXPRESS,Logixtal,9350,CANCELADAS,Anulado,DIRECCIÓN ERRADA,NET_JMENDOZAN,SIM,1 sept 2026,null,null,No,CANCELADAS,2026-09-01 12:22:08,Multilínea,Mono_item,Cajamarca,null,null,Power ilim 79.90 SD N
Netcall,2 sept 2026,16,915349851,915349851Empty,9283,Outbound,Portabilidad Postpago,RETIRO EN TIENDA,Retiro en tienda,7147,ABIERTAS,Pendiente Entrega,Pendiente Entrega,NET_NRUBIOMARCO,SIM,2 sept 2026,null,null,No,ABIERTAS,null,Monolínea,Mono_item,Cajamarca,null,null,null
Netcall,2 sept 2026,14,915307103,915307103Empty,9283,Outbound,Portabilidad Postpago,EXPRESS,Retiro en tienda,9350,ABIERTAS,Pendiente Entrega,Pendiente Entrega,NET_CBIELICHR,SIM,3 sept 2026,null,null,No,ABIERTAS,null,Monolínea,Mono_item,Cajamarca,null,null,null
Netcall,2 sept 2026,17,915354551,915354551Empty,9283,Outbound,Portabilidad Postpago,PROGRAMADO,Retiro en tienda,9350,ABIERTAS,Pendiente Entrega,Pendiente Entrega,TLV_NET_JPENAM,SIM,3 sept 2026,null,null,No,ABIERTAS,null,Monolínea,Mono_item,Cajamarca,null,null,null
Netcall,2 sept 2026,16,915344738,915344738Empty,9283,Outbound,Portabilidad Postpago,PROGRAMADO,Retiro en tienda,9350,ABIERTAS,Pendiente Entrega,Pendiente Entrega,NET_LVASQUEZT,SIM,3 sept 2026,null,null,No,ABIERTAS,null,Monolínea,Mono_item,Cajamarca,null,null,null
Netcall,1 sept 2026,9,914760727,9147607278165252983642,9283,Outbound,Portabilidad Postpago,EXPRESS,Logixtal,9350,CERRADAS,Entregado,Entregado,TLV_NET_LVILLLA,SIM,1 sept 2026,1 sept 2026,null,No,CERRADAS,2026-09-02 01:24:57,Monolínea,Mono_item,Cajamarca,null,Power 59.90 N,Power 59.90 N
Netcall,2 sept 2026,12,915266928,915266928Empty,9283,Outbound,Portabilidad Postpago,PROGRAMADO,Retiro en tienda,9350,ABIERTAS,Pendiente Entrega,Pendiente Entrega,NET_TBECERRAC,SIM,4 sept 2026,null,null,No,ABIERTAS,null,Monolínea,Mono_item,Cajamarca,null,null,null
Netcall,2 sept 2026,10,915237136,91523713689511710121058177986,9283,Outbound,Portabilidad Postpago,EXPRESS,Retiro en tienda,9350,ABIERTAS,Entregado,Entregado,TLV_NET_ECUROS,SIM,2 sept 2026,null,null,No,ABIERTAS,null,Monolínea,Mono_item,Cajamarca,null,null,null
Netcall,2 sept 2026,14,915307535,91530753589511710101029993893,9283,Outbound,Portabilidad Postpago,EXPRESS,Logixtal,9001,ABIERTAS,Entregado,Entregado,NET_KCARRENOV,SIM,2 sept 2026,null,null,No,ABIERTAS,null,Monolínea,Mono_item,Lima - Callao,null,null,null
Netcall,2 sept 2026,15,915318242,91531824289511710111073773695,9283,Outbound,Portabilidad Postpago,EXPRESS,Logixtal,9001,ABIERTAS,Entregado,Entregado,NET_KORTIZD,SIM,2 sept 2026,null,null,No,ABIERTAS,null,Monolínea,Mono_item,Lima - Callao,null,null,null
Netcall,2 sept 2026,19,915392140,915392140Empty,9271,Outbound,Portabilidad Postpago,PROGRAMADO,Logixtal,9001,ABIERTAS,Pendiente Entrega,Pendiente de Picking,TLV_NET_GQUISP,SIM,3 sept 2026,null,null,No,ABIERTAS,null,Monolínea,Mono_item,Lima - Callao,null,null,null
Netcall,2 sept 2026,9,915216745,915216745Empty,9283,Outbound,Portabilidad Postpago,PROGRAMADO,Logixtal,9001,ABIERTAS,Pendiente Entrega,Pendiente de Picking,NET_RDULANTORO,SIM,4 sept 2026,null,null,No,ABIERTAS,null,Monolínea,Mono_item,Lima - Callao,null,null,null
Netcall,1 sept 2026,15,914880129,914880129,9283,Outbound,Portabilidad Postpago,EXPRESS,Logixtal,9001,CERRADAS,Entregado,Entregado,NET_EMEDINAU,SIM,1 sept 2026,1 sept 2026,null,No,CERRADAS,2026-09-02 00:12:21,Monolínea,Mono_item,Lima - Callao,null,Power 59.90 N,null
Netcall,1 sept 2026,19,914946682,9149466828167172206954,9283,Outbound,Portabilidad Postpago,PROGRAMADO,Logixtal,9001,ABIERTAS,Pendiente Entrega,Pendiente Entrega,NET_MGONZALESPE,SIM,2 sept 2026,null,null,No,ABIERTAS,null,Monolínea,Mono_item,Lima - Callao,null,null,Power 59.90 N
Netcall,2 sept 2026,10,915230161,91523016189511710111071539304,9283,Outbound,Portabilidad Postpago,EXPRESS,Logixtal,9001,ABIERTAS,Pendiente Entrega,Pendiente de Picking,NET_GSILVAF,SIM,2 sept 2026,null,null,No,ABIERTAS,null,Monolínea,Mono_item,Lima - Callao,null,null,null
Netcall,1 sept 2026,12,914819124,9148191248165816440654,9283,Outbound,Portabilidad Postpago,PROGRAMADO,Logixtal,5021,ABIERTAS,Pendiente Entrega,Pendiente Entrega,TLV_NET_MFARFAN,SIM,2 sept 2026,null,null,No,ABIERTAS,null,Monolínea,Mono_item,Piura,null,null,Power 59.90 N
Netcall,2 sept 2026,15,915331043,91533104389511710111073923571,9283,Outbound,Portabilidad Postpago,EXPRESS,Logixtal,9001,ABIERTAS,Entregado,Entregado,NET_SINGAC,SIM,2 sept 2026,null,null,No,ABIERTAS,null,Multilínea,Mono_item,Lima - Callao,null,null,null
Netcall,2 sept 2026,15,915330051,91533005189511710111073923589,9283,Outbound,Portabilidad Postpago,EXPRESS,Logixtal,9001,ABIERTAS,Entregado,Entregado,NET_SINGAC,SIM,2 sept 2026,null,null,No,ABIERTAS,null,Multilínea,Mono_item,Lima - Callao,null,null,null
Netcall,1 sept 2026,8,914744098,914744098,9283,Outbound,Portabilidad Postpago,EXPRESS,Logixtal,9342,CERRADAS,Entregado,Entregado,NET_GDELGADO,SIM,1 sept 2026,1 sept 2026,null,No,CERRADAS,2026-09-02 00:06:56,Monolínea,Mono_item,Lima - Callao,null,Power ilim 79.90 SD N,null
Netcall,1 sept 2026,10,914785696,914785696,9283,Outbound,Portabilidad Postpago,EXPRESS,Logixtal,9001,CERRADAS,Entregado,Entregado,NET_SSUAREZG,SIM,1 sept 2026,1 sept 2026,null,No,CERRADAS,2026-09-02 00:36:34,Monolínea,Mono_item,Lima - Callao,null,Power ilim 79.90 SD N,null
Netcall,1 sept 2026,22,914989124,9149891248167844714251,9283,Outbound,Portabilidad Postpago,RETIRO EN TIENDA,Retiro en tienda,3218,ABIERTAS,Pendiente Entrega,Pendiente Entrega,NET_SLAZOB,SIM,2 sept 2026,null,null,No,ABIERTAS,null,Monolínea,Mono_item,Lima - Callao,null,null,Power ilim 69.90 N
Netcall,2 sept 2026,11,915255666,915255666Empty,9283,Outbound,Portabilidad Postpago,RETIRO EN TIENDA,Retiro en tienda,3218,ABIERTAS,Pendiente Entrega,Pendiente Entrega,NET_GMENDIGUETE,SIM,2 sept 2026,null,null,No,ABIERTAS,null,Monolínea,Mono_item,Lima - Callao,null,null,null
Netcall,2 sept 2026,11,915264548,91526454889511710101045273528,9283,Outbound,Portabilidad Postpago,EXPRESS,Retiro en tienda,9357,ABIERTAS,Entregado,Entregado,NET_RCORDOVAC,SIM,2 sept 2026,null,null,No,ABIERTAS,null,Monolínea,Mono_item,Amazonas,null,null,null
Netcall,1 sept 2026,11,914809144,9148091448165711901527,9283,Outbound,Portabilidad Postpago,EXPRESS,Logixtal,9357,CERRADAS,Entregado,Entregado,NET_SCAVEROC,SIM,1 sept 2026,1 sept 2026,null,No,CERRADAS,2026-09-02 00:44:41,Monolínea,Mono_item,Amazonas,null,Power 59.90 N,Power 59.90 N
Netcall,2 sept 2026,11,915246672,91524667289511710101045210413,9283,Outbound,Portabilidad Postpago,EXPRESS,Retiro en tienda,9354,ABIERTAS,Entregado,Entregado,NET_JRAMIREZQ,SIM,2 sept 2026,null,null,No,ABIERTAS,null,Monolínea,Mono_item,Ayacucho,null,null,null
Netcall,1 sept 2026,11,914806391,9148063918165685186022,9271,Outbound,Portabilidad Postpago,EXPRESS,Logixtal,9354,CANCELADAS,Anulado,PEDIDO MAL GENERADO,NET_SANTONM,SIM,1 sept 2026,null,null,No,CANCELADAS,2026-09-01 12:16:39,Monolínea,Mono_item,Ayacucho,null,null,Power 59.90 N
Netcall,1 sept 2026,14,914861121,9148611218166258714077,9283,Outbound,Portabilidad Postpago,EXPRESS,Logixtal,9354,CANCELADAS,Anulado,CLIENTE YA NO DESEA PRODUCTO,TLV_NET_MFARFAN,SIM,1 sept 2026,null,null,No,CANCELADAS,2026-09-01 15:52:51,Monolínea,Mono_item,Ayacucho,null,null,Power ilim 79.90 SD N
Netcall,2 sept 2026,12,915276339,91527633989511710101045213474,9283,Outbound,Portabilidad Postpago,EXPRESS,Retiro en tienda,9354,ABIERTAS,Entregado,Entregado,NET_NBURGAR,SIM,2 sept 2026,null,null,No,ABIERTAS,null,Monolínea,Mono_item,Ayacucho,null,null,null
Netcall,1 sept 2026,17,914916799,9149167998166867998113,9283,Outbound,Portabilidad Postpago,PROGRAMADO,Logixtal,9354,ABIERTAS,Pendiente Entrega,Pendiente Entrega,NET_ADOMINGUEZF,SIM,2 sept 2026,null,null,No,ABIERTAS,null,Monolínea,Mono_item,Ayacucho,null,null,Power 59.90 N
Netcall,2 sept 2026,12,915267778,91526777889511710111073947570,9283,Outbound,Portabilidad Postpago,EXPRESS,Logixtal,9001,ABIERTAS,Entregado,Entregado,TLV_NET_YQUITOV,SIM,2 sept 2026,null,null,No,ABIERTAS,null,Monolínea,Mono_item,Lima - Callao,null,null,null
Netcall,1 sept 2026,18,914928985,9149289858166996548266,9283,Outbound,Portabilidad Postpago,EXPRESS,Logixtal,9001,ABIERTAS,Entregado,Entregado,NET_SAVILAC,SIM,1 sept 2026,1 sept 2026,null,No,ABIERTAS,null,Multilínea,Multi_item,Lima - Callao,null,null,Power ilim 79.90 SD N
Netcall,1 sept 2026,17,914902489,9149024898166718369964,9283,Outbound,Portabilidad Postpago,EXPRESS,Logixtal,9001,ABIERTAS,Pendiente Entrega,Pendiente Entrega,NET_NBURGAR,SIM,1 sept 2026,null,null,No,ABIERTAS,null,Multilínea,Mono_item,Lima - Callao,null,null,Power ilim 79.90 SD N
Netcall,1 sept 2026,11,914816501,9148165018165787401045,9283,Outbound,Portabilidad Postpago,EXPRESS,Logixtal,9001,CERRADAS,Entregado,Entregado,NET_YPEREZC,SIM,1 sept 2026,1 sept 2026,null,No,CERRADAS,2026-09-02 01:00:49,Multilínea,Mono_item,Lima - Callao,null,Power ilim 79.90 SD N,Power ilim 79.90 SD N
Netcall,1 sept 2026,12,914827294,9148272948165895437518,9283,Outbound,Portabilidad Postpago,EXPRESS,Logixtal,9001,CANCELADAS,Anulado,ZONA INACCESIBLE,NET_EALBORNOZR,SIM,1 sept 2026,null,null,No,CANCELADAS,2026-09-01 14:31:12,Multilínea,Mono_item,Lima - Callao,null,null,Power ilim 79.90 SD N
Netcall,1 sept 2026,16,914901172,9149011728166710679655,9283,Outbound,Venta Regular / Alta,EXPRESS,Logixtal,9001,ABIERTAS,Pendiente Entrega,Pendiente Entrega,NET_NBURGAR,SIM,1 sept 2026,null,null,No,ABIERTAS,null,Multilínea,Mono_item,Lima - Callao,null,null,Power ilim 79.90 SD N
Netcall,1 sept 2026,10,914791945,914791945,9283,Outbound,Portabilidad Postpago,EXPRESS,Logixtal,9001,CERRADAS,Entregado,Entregado,NET_GSILVAJ,SIM,1 sept 2026,1 sept 2026,null,No,CERRADAS,2026-09-02 00:05:54,Monolínea,Mono_item,Lima - Callao,null,Power 59.90 N,null
Netcall,1 sept 2026,15,914870317,9148703178166356710832,9283,Outbound,Portabilidad Postpago,EXPRESS,Logixtal,9001,CERRADAS,Entregado,Entregado,NET_EALBORNOZR,SIM,1 sept 2026,1 sept 2026,null,No,CERRADAS,2026-09-02 02:41:53,Multilínea,Mono_item,Lima - Callao,null,Power ilim 79.90 SD N,Power ilim 79.90 SD N
Netcall,1 sept 2026,16,914897322,9148973228166657623143,9283,Outbound,Portabilidad Postpago,EXPRESS,Logixtal,9001,CERRADAS,Entregado,Entregado,NET_MDIAZP,SIM,1 sept 2026,1 sept 2026,null,No,CERRADAS,2026-09-02 01:57:19,Multilínea,Mono_item,Lima - Callao,null,Power ilim 79.90 SD N,Power ilim 79.90 SD N
Netcall,1 sept 2026,18,914928985,9149289858166996534789,9283,Outbound,Portabilidad Postpago,EXPRESS,Logixtal,9001,ABIERTAS,Entregado,Entregado,NET_SAVILAC,SIM,1 sept 2026,1 sept 2026,null,No,ABIERTAS,null,Multilínea,Multi_item,Lima - Callao,null,null,Power ilim 79.90 SD N
Netcall,1 sept 2026,11,914808999,9148089998165721695601,9283,Outbound,Portabilidad Postpago,EXPRESS,Logixtal,9001,CANCELADAS,Anulado,CLIENTE DESISTE - INFORMACIÓN INCORRECTA,NET_MORIHUELAQ,SIM,1 sept 2026,null,null,No,CANCELADAS,2026-09-01 13:13:21,Monolínea,Mono_item,Lima - Callao,null,null,Power ilim 69.90 N
Netcall,1 sept 2026,17,914904154,9149041548166733250543,9283,Outbound,Portabilidad Postpago,EXPRESS,Logixtal,9001,ABIERTAS,Pendiente Entrega,Pendiente Entrega,NET_ACHOQUEB,SIM,1 sept 2026,null,null,No,ABIERTAS,null,Monolínea,Mono_item,Lima - Callao,null,null,Power 59.90 N
Netcall,1 sept 2026,9,914764670,9147646708165285284459,9283,Outbound,Portabilidad Postpago,EXPRESS,Logixtal,9001,ABIERTAS,Pendiente Entrega,Pendiente Entrega,NET_EMONZONP,SIM,1 sept 2026,null,null,No,ABIERTAS,null,Monolínea,Mono_item,Lima - Callao,null,null,Power 59.90 N
Netcall,2 sept 2026,16,915347830,91534783089511710101080566802,9283,Outbound,Portabilidad Postpago,PROGRAMADO,Logixtal,9001,ABIERTAS,Pendiente Entrega,Pendiente de Picking,NET_SBENITOV,SIM,3 sept 2026,null,null,No,ABIERTAS,null,Monolínea,Mono_item,Lima - Callao,null,null,null
Netcall,1 sept 2026,16,914893911,9148939118166618345548,9271,Outbound,Portabilidad Postpago,EXPRESS,Logixtal,9001,CANCELADAS,Anulado,CLIENTE YA NO DESEA PRODUCTO,NET_MSUAREZG,SIM,1 sept 2026,null,null,No,CANCELADAS,2026-09-01 18:28:22,Monolínea,Mono_item,Lima - Callao,null,null,Power ilim 79.90 SD N
Netcall,2 sept 2026,16,915347830,91534783089511710101080566794,9283,Outbound,Portabilidad Postpago,PROGRAMADO,Logixtal,9001,ABIERTAS,Pendiente Entrega,Pendiente de Picking,NET_SBENITOV,SIM,3 sept 2026,null,null,No,ABIERTAS,null,Monolínea,Mono_item,Lima - Callao,null,null,null
Netcall,2 sept 2026,13,915292471,91529247189511710111073930634,9283,Outbound,Portabilidad Postpago,EXPRESS,Logixtal,9001,ABIERTAS,Entregado,Entregado,NET_EVALDIVIEZO,SIM,2 sept 2026,null,null,No,ABIERTAS,null,Monolínea,Mono_item,Lima - Callao,null,null,null
Netcall,1 sept 2026,9,914774523,9147745238165375771092,9283,Outbound,Portabilidad Postpago,EXPRESS,Logixtal,9001,CANCELADAS,Anulado,PIN PORTA_NO VALIDO,NET_SAVILAC,SIM,1 sept 2026,null,null,No,CANCELADAS,2026-09-01 10:14:34,Monolínea,Mono_item,Lima - Callao,null,null,Power 59.90 N
Netcall,1 sept 2026,9,914772371,9147723718165359600967,9283,Outbound,Portabilidad Postpago,EXPRESS,Logixtal,9001,CERRADAS,Entregado,Entregado,NET_MDIAZP,SIM,1 sept 2026,1 sept 2026,null,No,CERRADAS,2026-09-02 01:39:27,Monolínea,Mono_item,Lima - Callao,null,Power ilim 69.90 N,Power ilim 69.90 N
Netcall,1 sept 2026,12,914825681,9148256818165878117398,5299,Outbound,Portabilidad Postpago,EXPRESS,Logixtal,9001,ABIERTAS,Pendiente Entrega,Pendiente Entrega,NET_JBOZAC,SIM,1 sept 2026,null,null,No,ABIERTAS,null,Monolínea,Mono_item,Lima - Callao,null,null,Power 59.90 N
Netcall,2 sept 2026,12,915274341,91527434189511710101029955686,9283,Outbound,Portabilidad Postpago,EXPRESS,Logixtal,9001,ABIERTAS,Entregado,Entregado,NET_ACREGALADO,SIM,2 sept 2026,null,null,No,ABIERTAS,null,Monolínea,Mono_item,Lima - Callao,null,null,null
Netcall,2 sept 2026,10,915236635,915236635Empty,9283,Outbound,Portabilidad Postpago,PROGRAMADO,Logixtal,9001,ABIERTAS,Pendiente Entrega,Pendiente de Picking,TLV_NET_MFARFAN,SIM,4 sept 2026,null,null,No,ABIERTAS,null,Monolínea,Mono_item,Lima - Callao,null,null,null
Netcall,2 sept 2026,11,915255730,91525573089511710101080565374,9283,Outbound,Venta Regular / Alta,PROGRAMADO,Logixtal,9001,ABIERTAS,Pendiente Entrega,Pendiente de Picking,NET_BBELLIDOP,SIM,3 sept 2026,null,null,No,ABIERTAS,null,Multilínea,Mono_item,Lima - Callao,null,null,null
Netcall,2 sept 2026,15,915328792,91532879289511710101029955637,9283,Outbound,Portabilidad Postpago,EXPRESS,Logixtal,9001,ABIERTAS,Entregado,Entregado,NET_YFLORESR,SIM,2 sept 2026,null,null,No,ABIERTAS,null,Multilínea,Mono_item,Lima - Callao,null,null,null
Netcall,1 sept 2026,12,914831355,9148313558165933256395,9283,Outbound,Portabilidad Postpago,EXPRESS,Logixtal,9001,CERRADAS,Entregado,Entregado,NET_SAVILAC,SIM,1 sept 2026,1 sept 2026,null,No,CERRADAS,2026-09-02 01:37:14,Monolínea,Mono_item,Lima - Callao,null,Power 59.90 N,Power 59.90 N
Netcall,1 sept 2026,15,914874834,9148748348166407542919,9283,Outbound,Venta Regular / Alta,EXPRESS,Logixtal,9001,CERRADAS,Entregado,Entregado,NET_JCAVEROC,SIM,1 sept 2026,1 sept 2026,01/09/2026,Sí,CERRADAS,2026-09-01 18:37:07,Multilínea,Mono_item,Lima - Callao,29.91303,Power ilim 69.90 N,Power ilim 69.90 N
Netcall,2 sept 2026,15,915326118,91532611889511710101029955645,9283,Outbound,Portabilidad Postpago,EXPRESS,Logixtal,9001,ABIERTAS,Entregado,Entregado,NET_YFLORESR,SIM,2 sept 2026,null,null,No,ABIERTAS,null,Multilínea,Mono_item,Lima - Callao,null,null,null
Netcall,1 sept 2026,15,914873809,9148738098166397265895,9283,Outbound,Venta Regular / Alta,EXPRESS,Logixtal,9001,CERRADAS,Entregado,Entregado,NET_JCAVEROC,SIM,1 sept 2026,1 sept 2026,01/09/2026,Sí,CERRADAS,2026-09-01 18:19:47,Multilínea,Mono_item,Lima - Callao,29.91303,Power ilim 69.90 N,Power ilim 69.90 N
Netcall,1 sept 2026,13,914846018,9148460188166099619378,9283,Outbound,Venta Regular / Alta,EXPRESS,Logixtal,9001,CERRADAS,Entregado,Entregado,NET_PVEGAC,SIM,1 sept 2026,1 sept 2026,01/09/2026,Sí,CERRADAS,2026-09-01 15:28:41,Monolínea,Mono_item,Lima - Callao,39.9,Power 39.90 N,Power 39.90 N
Netcall,1 sept 2026,15,914868537,914868537,9283,Outbound,Portabilidad Postpago,EXPRESS,Logixtal,9001,CERRADAS,Entregado,Entregado,TLV_NET_DVALOI,SIM,1 sept 2026,1 sept 2026,null,No,CERRADAS,2026-09-02 00:21:27,Monolínea,Mono_item,Lima - Callao,null,Power ilim 69.90 N,null
Netcall,1 sept 2026,18,914928985,9149289858166996548047,9283,Outbound,Portabilidad Postpago,EXPRESS,Logixtal,9001,ABIERTAS,Entregado,Entregado,NET_SAVILAC,SIM,1 sept 2026,1 sept 2026,null,No,ABIERTAS,null,Multilínea,Multi_item,Lima - Callao,null,null,Power ilim 79.90 SD N
Netcall,2 sept 2026,14,915311949,91531194989511710101029986640,9283,Outbound,Portabilidad Postpago,EXPRESS,Logixtal,9001,ABIERTAS,Entregado,Entregado,NET_ABARRERAY,SIM,2 sept 2026,null,null,No,ABIERTAS,null,Monolínea,Mono_item,Lima - Callao,null,null,null
Netcall,1 sept 2026,11,914815223,9148152238165773188073,9283,Outbound,Portabilidad Postpago,EXPRESS,Logixtal,9001,CERRADAS,Entregado,Entregado,NET_YPEREZC,SIM,1 sept 2026,1 sept 2026,null,No,CERRADAS,2026-09-02 01:56:30,Multilínea,Mono_item,Lima - Callao,null,Power ilim 79.90 SD N,Power ilim 79.90 SD N
Netcall,2 sept 2026,12,915272028,91527202889511710101029986608,9283,Outbound,Portabilidad Postpago,EXPRESS,Logixtal,9001,ABIERTAS,Entregado,Entregado,NET_TMUNOZCALDE,SIM,2 sept 2026,null,null,No,ABIERTAS,null,Monolínea,Mono_item,Lima - Callao,null,null,null
Netcall,2 sept 2026,18,915372789,915372789Empty,9283,Outbound,Venta Regular / Alta,PROGRAMADO,Logixtal,9001,ABIERTAS,Pendiente Entrega,Pendiente de Picking,NET_MDONAYRE,SIM,3 sept 2026,null,null,No,ABIERTAS,null,Multilínea,Mono_item,Lima - Callao,null,null,null
Netcall,1 sept 2026,11,914800518,9148005188165635634451,9283,Outbound,Portabilidad Postpago,EXPRESS,Logixtal,9001,CERRADAS,Entregado,Entregado,NET_MORIHUELAQ,SIM,1 sept 2026,1 sept 2026,null,No,CERRADAS,2026-09-02 01:21:03,Monolínea,Mono_item,Lima - Callao,null,Power ilim 69.90 N,Power ilim 69.90 N
Netcall,1 sept 2026,12,914818426,9148184268165806963061,9283,Outbound,Portabilidad Postpago,EXPRESS,Logixtal,9001,CERRADAS,Entregado,Entregado,NET_KSOLORZANOV,SIM,1 sept 2026,1 sept 2026,null,No,CERRADAS,2026-09-02 01:43:33,Monolínea,Mono_item,Lima - Callao,null,Power ilim 69.90 N,Power ilim 69.90 N
Netcall,1 sept 2026,16,914895797,9148957978166639687793,9283,Outbound,Portabilidad Postpago,EXPRESS,Logixtal,9001,CERRADAS,Entregado,Entregado,NET_MDIAZP,SIM,1 sept 2026,1 sept 2026,null,No,CERRADAS,2026-09-02 00:48:12,Multilínea,Mono_item,Lima - Callao,null,Power ilim 79.90 SD N,Power ilim 79.90 SD N
Netcall,1 sept 2026,16,914899831,9148998318166684006321,9283,Outbound,Portabilidad Postpago,EXPRESS,Logixtal,9001,CERRADAS,Entregado,Entregado,NET_MDIAZP,SIM,1 sept 2026,1 sept 2026,null,No,CERRADAS,2026-09-02 01:43:35,Multilínea,Mono_item,Lima - Callao,null,Power ilim 79.90 SD N,Power ilim 79.90 SD N
Netcall,1 sept 2026,17,914906369,9149063698166764442834,9283,Outbound,Portabilidad Postpago,PROGRAMADO,Logixtal,9001,ABIERTAS,Pendiente Entrega,Pendiente Entrega,NET_LPASCUALH,SIM,2 sept 2026,null,null,No,ABIERTAS,null,Monolínea,Mono_item,Lima - Callao,null,null,Power ilim 69.90 N
Netcall,2 sept 2026,11,915235127,91523512789511710101029986582,9283,Outbound,Portabilidad Postpago,EXPRESS,Logixtal,9001,CANCELADAS,Pendiente Entrega,Pendiente de Picking,NET_OSANCHEZP,SIM,2 sept 2026,null,null,No,CANCELADAS,2026-09-02 13:01:41,Monolínea,Mono_item,Lima - Callao,null,null,null
Netcall,1 sept 2026,9,914773354,9147733548165369670121,9283,Outbound,Portabilidad Postpago,EXPRESS,Logixtal,9001,CERRADAS,Entregado,Entregado,NET_TMUNOZCALDE,SIM,1 sept 2026,1 sept 2026,null,No,CERRADAS,2026-09-02 01:59:40,Monolínea,Mono_item,Lima - Callao,null,Power ilim 79.90 SD N,Power ilim 79.90 SD N
Netcall,1 sept 2026,16,914896407,914896407,9283,Outbound,Portabilidad Postpago,EXPRESS,Logixtal,9001,CERRADAS,Entregado,Entregado,NET_JVELASQUEZS,SIM,1 sept 2026,1 sept 2026,null,No,CERRADAS,2026-09-02 00:35:11,Monolínea,Mono_item,Lima - Callao,null,Power 59.90 N,null
Netcall,1 sept 2026,16,914898856,9148988568166673114837,9283,Outbound,Portabilidad Postpago,EXPRESS,Logixtal,9001,CERRADAS,Entregado,Entregado,NET_MDIAZP,SIM,1 sept 2026,1 sept 2026,null,No,CERRADAS,2026-09-02 00:56:15,Multilínea,Mono_item,Lima - Callao,null,Power ilim 79.90 SD N,Power ilim 79.90 SD N
Netcall,1 sept 2026,12,914832263,9148322638165941887393,9283,Outbound,Portabilidad Postpago,EXPRESS,Logixtal,9001,CERRADAS,Entregado,Entregado,TLV_NET_ACUBASS,SIM,1 sept 2026,1 sept 2026,null,No,CERRADAS,2026-09-02 01:42:46,Monolínea,Mono_item,Lima - Callao,null,Power ilim 69.90 N,Power ilim 69.90 N
Netcall,2 sept 2026,11,915246586,91524658689511710101029955736,9283,Outbound,Portabilidad Postpago,EXPRESS,Logixtal,9001,ABIERTAS,Entregado,Entregado,TLV_NET_APINTAD,SIM,2 sept 2026,null,null,No,ABIERTAS,null,Monolínea,Mono_item,Lima - Callao,null,null,null
Netcall,2 sept 2026,12,915270165,91527016589511710111073921690,9271,Outbound,Portabilidad Postpago,EXPRESS,Logixtal,9001,ABIERTAS,Entregado,Entregado,NET_LNECIOSUPC,SIM,2 sept 2026,null,null,No,ABIERTAS,null,Monolínea,Mono_item,Lima - Callao,null,null,null
Netcall,2 sept 2026,16,915334285,91533428589511710111071056739,9283,Outbound,Portabilidad Postpago,EXPRESS,Logixtal,9001,CANCELADAS,Pendiente Entrega,Pendiente de Picking,TLV_NET_MFARFAN,SIM,2 sept 2026,null,null,No,CANCELADAS,2026-09-02 19:41:55,Monolínea,Mono_item,Lima - Callao,null,null,null
Netcall,2 sept 2026,14,915315243,91531524389511710111073720340,9283,Outbound,Portabilidad Postpago,EXPRESS,Logixtal,9001,ABIERTAS,Entregado,Entregado,NET_MMREVILLA,SIM,2 sept 2026,null,null,No,ABIERTAS,null,Monolínea,Mono_item,Lima - Callao,null,null,null
Netcall,1 sept 2026,18,914930437,9149304378167003171370,9283,Outbound,Portabilidad Postpago,EXPRESS,Logixtal,9001,ABIERTAS,Entregado,Entregado,NET_SAVILAC,SIM,1 sept 2026,1 sept 2026,null,No,ABIERTAS,null,Multilínea,Mono_item,Lima - Callao,null,null,Power ilim 79.90 SD N
Netcall,2 sept 2026,18,915373618,915373618Empty,9283,Outbound,Portabilidad Postpago,PROGRAMADO,Logixtal,9001,ABIERTAS,Pendiente Entrega,Pendiente de Picking,NET_MDONAYRE,SIM,3 sept 2026,null,null,No,ABIERTAS,null,Multilínea,Mono_item,Lima - Callao,null,null,null
Netcall,2 sept 2026,12,915275793,91527579389511710111073930642,9271,Outbound,Portabilidad Postpago,EXPRESS,Logixtal,9001,ABIERTAS,Pendiente Entrega,Pendiente de Picking,NET_EQUIROZH,SIM,3 sept 2026,null,null,No,ABIERTAS,null,Monolínea,Mono_item,Lima - Callao,null,null,null
Netcall,2 sept 2026,11,915252020,91525202089511710111073947703,9271,Outbound,Portabilidad Postpago,EXPRESS,Logixtal,9001,ERROR,Entregado,Entregado,NET_CBARRIOSP,SIM,2 sept 2026,null,null,No,ERROR,null,Monolínea,Mono_item,Lima - Callao,null,null,null
Netcall,2 sept 2026,8,915188806,915188806Empty,9271,Outbound,Portabilidad Postpago,PROGRAMADO,Logixtal,9001,ABIERTAS,Pendiente Entrega,Pendiente de Picking,NET_LDIAZ,SIM,3 sept 2026,null,null,No,ABIERTAS,null,Monolínea,Mono_item,Lima - Callao,null,null,null
Netcall,2 sept 2026,9,915225215,915225215Empty,9283,Outbound,Portabilidad Postpago,RETIRO EN TIENDA,Retiro en tienda,3114,ABIERTAS,Pendiente Entrega,Pendiente Entrega,NET_BBELLIDOP,SIM,2 sept 2026,null,null,No,ABIERTAS,null,Monolínea,Mono_item,La Libertad,null,null,null
Netcall,2 sept 2026,9,915219258,915219258Empty,9271,Outbound,Portabilidad Postpago,RETIRO EN TIENDA,Retiro en tienda,3114,ABIERTAS,Pendiente Entrega,Pendiente Entrega,NET_KLGARCIAA,SIM,2 sept 2026,null,null,No,ABIERTAS,null,Monolínea,Mono_item,La Libertad,null,null,null
Netcall,1 sept 2026,9,914772204,9147722048165353543373,9283,Outbound,Portabilidad Postpago,RETIRO EN TIENDA,Retiro en tienda,3114,CERRADAS,Entregado,Entregado,NET_HEULOGIO,SIM,1 sept 2026,1 sept 2026,null,No,CERRADAS,2026-09-02 01:07:47,Multilínea,Mono_item,La Libertad,null,Power ilim 79.90 SD N,Power ilim 79.90 SD N
Netcall,1 sept 2026,9,914772793,9147727938165361238753,9283,Outbound,Portabilidad Postpago,RETIRO EN TIENDA,Retiro en tienda,3114,CERRADAS,Entregado,Entregado,NET_HEULOGIO,SIM,1 sept 2026,1 sept 2026,null,No,CERRADAS,2026-09-02 00:42:09,Multilínea,Mono_item,La Libertad,null,Power ilim 79.90 SD N,Power ilim 79.90 SD N
Netcall,2 sept 2026,11,915256338,915256338Empty,9283,Outbound,Portabilidad Postpago,RETIRO EN TIENDA,Retiro en tienda,3114,ABIERTAS,Pendiente Entrega,Pendiente Entrega,NET_FCARRIONM,SIM,2 sept 2026,null,null,No,ABIERTAS,null,Monolínea,Mono_item,La Libertad,null,null,null
Netcall,1 sept 2026,15,914883120,9148831208166504528965,9271,Outbound,Portabilidad Postpago,PROGRAMADO,Logixtal,5022,ABIERTAS,Pendiente Entrega,Pendiente Entrega,NET_SCOVENASC,SIM,2 sept 2026,null,null,No,ABIERTAS,null,Monolínea,Mono_item,Arequipa,null,null,Power 59.90 N
Netcall,1 sept 2026,11,914815441,9148154418165777327721,9283,Outbound,Portabilidad Postpago,RETIRO EN TIENDA,Retiro en tienda,5058,CERRADAS,Entregado,Entregado,NET_THUAMANIP,SIM,1 sept 2026,1 sept 2026,null,No,CERRADAS,2026-09-02 00:54:35,Multilínea,Mono_item,Arequipa,null,Power ilim 79.90 SD N,Power ilim 79.90 SD N
Netcall,1 sept 2026,10,914792480,9147924808165551537230,9283,Outbound,Portabilidad Postpago,RETIRO EN TIENDA,Retiro en tienda,7108,ABIERTAS,Pendiente Entrega,Pendiente Entrega,NET_ECARRETEROH,SIM,1 sept 2026,null,null,No,ABIERTAS,null,Monolínea,Mono_item,Arequipa,null,null,Power 59.90 N
Netcall,2 sept 2026,10,915228666,91522866689511710111070714296,9271,Outbound,Portabilidad Postpago,EXPRESS,Logixtal,5022,ABIERTAS,Entregado,Entregado,NET_STANANTAM,SIM,2 sept 2026,null,null,No,ABIERTAS,null,Multilínea,Mono_item,Arequipa,null,null,null
Netcall,2 sept 2026,11,915263067,915263067Empty,9283,Outbound,Portabilidad Postpago,RETIRO EN TIENDA,Retiro en tienda,3163,ABIERTAS,Pendiente Entrega,Pendiente Entrega,NET_VCHIRIA,SIM,2 sept 2026,null,null,No,ABIERTAS,null,Monolínea,Mono_item,Arequipa,null,null,null
Netcall,2 sept 2026,13,915285049,915285049Empty,9283,Outbound,Venta Regular / Alta,RETIRO EN TIENDA,Retiro en tienda,3163,CERRADAS,Entregado,Entregado,NET_WBENITESA,SIM,2 sept 2026,2 sept 2026,null,No,CERRADAS,2026-09-02 13:34:37,Multilínea,Mono_item,Arequipa,null,Power ilim 79.90 SD N,null
Netcall,2 sept 2026,15,915327326,91532732689511710111070709569,9283,Outbound,Portabilidad Postpago,EXPRESS,Logixtal,5022,ABIERTAS,Entregado,Entregado,NET_LCALDERONC,SIM,2 sept 2026,null,null,No,ABIERTAS,null,Monolínea,Mono_item,Arequipa,null,null,null
Netcall,1 sept 2026,17,914917085,9149170858166873503256,9271,Outbound,Portabilidad Postpago,PROGRAMADO,Logixtal,5022,ABIERTAS,Pendiente Entrega,Pendiente Entrega,NET_SPALACIOSA,SIM,2 sept 2026,null,null,No,ABIERTAS,null,Monolínea,Mono_item,Arequipa,null,null,Power 59.90 N
Netcall,1 sept 2026,10,914780836,9147808368165439730098,9283,Outbound,Portabilidad Postpago,RETIRO EN TIENDA,Retiro en tienda,3163,ABIERTAS,Pendiente Entrega,Pendiente Entrega,NET_ACQUISPE,SIM,1 sept 2026,null,null,No,ABIERTAS,null,Monolínea,Mono_item,Arequipa,null,null,Power ilim 79.90 SD N
Netcall,2 sept 2026,15,915326774,915326774Empty,9283,Outbound,Portabilidad Postpago,RETIRO EN TIENDA,Retiro en tienda,5058,ABIERTAS,Pendiente Entrega,Pendiente Entrega,NET_JPALOMINOA,SIM,2 sept 2026,null,null,No,ABIERTAS,null,Monolínea,Mono_item,Arequipa,null,null,null
Netcall,2 sept 2026,13,915287761,915287761Empty,9283,Outbound,Portabilidad Postpago,RETIRO EN TIENDA,Retiro en tienda,3163,ABIERTAS,Pendiente Entrega,Pendiente Entrega,NET_WBENITESA,SIM,2 sept 2026,null,null,No,ABIERTAS,null,Multilínea,Mono_item,Arequipa,null,null,null
Netcall,1 sept 2026,0,914591908,9145919088163438089615,9283,Outbound,Portabilidad Postpago,EXPRESS,Logixtal,5022,CERRADAS,Entregado,Entregado,NET_ARIVERA,SIM,1 sept 2026,1 sept 2026,null,No,CERRADAS,2026-09-02 01:51:16,Multilínea,Mono_item,Arequipa,null,Power ilim 79.90 SD N,Power ilim 79.90 SD N
Netcall,2 sept 2026,16,915336390,91533639089511710111070709551,9283,Outbound,Portabilidad Postpago,EXPRESS,Logixtal,5022,CANCELADAS,Pendiente Entrega,Pendiente de Picking,NET_KARAUJOC,SIM,2 sept 2026,null,null,No,CANCELADAS,2026-09-02 17:42:26,Monolínea,Mono_item,Arequipa,null,null,null
Netcall,2 sept 2026,14,915310601,915310601Empty,9283,Outbound,Portabilidad Postpago,RETIRO EN TIENDA,Retiro en tienda,3163,ABIERTAS,Pendiente Entrega,Pendiente Entrega,NET_SPEREZR,SIM,2 sept 2026,null,null,No,ABIERTAS,null,Multilínea,Mono_item,Arequipa,null,null,null
Netcall,2 sept 2026,14,915312010,915312010Empty,9283,Outbound,Portabilidad Postpago,RETIRO EN TIENDA,Retiro en tienda,3163,ABIERTAS,Pendiente Entrega,Pendiente Entrega,NET_SPEREZR,SIM,2 sept 2026,null,null,No,ABIERTAS,null,Multilínea,Mono_item,Arequipa,null,null,null
Netcall,1 sept 2026,11,914798277,914798277,9283,Outbound,Portabilidad Postpago,EXPRESS,Logixtal,5022,CERRADAS,Entregado,Entregado,TLV_NET_DVALOI,SIM,1 sept 2026,1 sept 2026,null,No,CERRADAS,2026-09-02 00:26:50,Monolínea,Mono_item,Arequipa,null,Power ilim 79.90 SD N,null
Netcall,1 sept 2026,13,914843692,9148436928166074883639,9271,Outbound,Portabilidad Postpago,RETIRO EN TIENDA,Retiro en tienda,3163,CANCELADAS,Cancelado,Cancelado,NET_RCEVERINOL,SIM,1 sept 2026,null,null,No,CANCELADAS,2026-09-01 13:59:40,Multilínea,Mono_item,Arequipa,null,null,Power ilim 79.90 SD N
Netcall,1 sept 2026,16,914899979,9148999798166686119613,9271,Outbound,Portabilidad Postpago,PROGRAMADO,Logixtal,5022,ABIERTAS,Pendiente Entrega,Pendiente Entrega,NET_LNECIOSUPC,SIM,2 sept 2026,null,null,No,ABIERTAS,null,Monolínea,Mono_item,Arequipa,null,null,Power 59.90 N
Netcall,2 sept 2026,11,915260228,915260228Empty,9283,Outbound,Portabilidad Postpago,RETIRO EN TIENDA,Retiro en tienda,5058,ABIERTAS,Pendiente Entrega,Pendiente Entrega,NET_LTAMAYOD,SIM,2 sept 2026,null,null,No,ABIERTAS,null,Monolínea,Mono_item,Arequipa,null,null,null
Netcall,1 sept 2026,13,914841525,9148415258166048438292,9271,Outbound,Portabilidad Postpago,RETIRO EN TIENDA,Retiro en tienda,3163,CERRADAS,Entregado,Entregado,NET_RCEVERINOL,SIM,1 sept 2026,1 sept 2026,null,No,CERRADAS,2026-09-02 01:34:53,Multilínea,Mono_item,Arequipa,null,Power ilim 79.90 SD N,Power ilim 79.90 SD N
Netcall,2 sept 2026,11,915249845,915249845Empty,9283,Outbound,Portabilidad Postpago,RETIRO EN TIENDA,Retiro en tienda,5058,CANCELADAS,Cancelado,Cancelado,NET_AAFLORESG,SIM,2 sept 2026,null,null,No,CANCELADAS,2026-09-02 19:33:30,Monolínea,Mono_item,Arequipa,null,null,null
Netcall,2 sept 2026,10,915227894,91522789489511710111070714288,9271,Outbound,Portabilidad Postpago,EXPRESS,Logixtal,5022,ABIERTAS,Entregado,Entregado,NET_STANANTAM,SIM,2 sept 2026,null,null,No,ABIERTAS,null,Multilínea,Mono_item,Arequipa,null,null,null
Netcall,2 sept 2026,15,915330786,91533078689511710111070747072,9283,Outbound,Portabilidad Postpago,EXPRESS,Logixtal,5022,ABIERTAS,Entregado,Entregado,NET_VZEGARRAAGU,SIM,2 sept 2026,null,null,No,ABIERTAS,null,Monolínea,Mono_item,Arequipa,null,null,null
Netcall,1 sept 2026,19,914953485,9149534858167233563819,9283,Outbound,Portabilidad Postpago,RETIRO EN TIENDA,Retiro en tienda,5058,CERRADAS,Entregado,Entregado,TLV_NET_BCHAVEZ,SIM,1 sept 2026,1 sept 2026,null,No,CERRADAS,2026-09-02 01:47:37,Monolínea,Mono_item,Arequipa,null,Power ilim 79.90 SD N,Power ilim 79.90 SD N
Netcall,1 sept 2026,0,914592795,914592795,9283,Outbound,Portabilidad Postpago,EXPRESS,Logixtal,5022,CERRADAS,Entregado,Entregado,NET_ARIVERA,SIM,1 sept 2026,1 sept 2026,null,No,CERRADAS,2026-09-02 00:10:53,Multilínea,Mono_item,Arequipa,null,Power ilim 79.90 SD N,null
Netcall,2 sept 2026,12,915280749,91528074989511710111070747825,9283,Outbound,Portabilidad Postpago,EXPRESS,Logixtal,5022,ABIERTAS,Entregado,Entregado,NET_CLOPEZA,SIM,2 sept 2026,null,null,No,ABIERTAS,null,Monolínea,Mono_item,Arequipa,null,null,null
Netcall,1 sept 2026,18,914939320,9149393208167092513444,9283,Outbound,Portabilidad Postpago,RETIRO EN TIENDA,Retiro en tienda,5058,CERRADAS,Entregado,Entregado,NET_JSIADEN,SIM,1 sept 2026,1 sept 2026,null,No,CERRADAS,2026-09-02 01:51:59,Monolínea,Mono_item,Arequipa,null,Power ilim 79.90 SD N,Power ilim 79.90 SD N
Netcall,1 sept 2026,12,914825770,9148257708165879934769,9283,Outbound,Portabilidad Postpago,RETIRO EN TIENDA,Retiro en tienda,5058,CANCELADAS,Cancelado,Cancelado,NET_LMORAO,SIM,1 sept 2026,null,null,No,CANCELADAS,2026-09-01 12:38:46,Monolínea,Mono_item,Arequipa,null,null,Power ilim 79.90 SD N
Netcall,2 sept 2026,13,915294926,915294926Empty,9283,Outbound,Venta Regular / Alta,RETIRO EN TIENDA,Retiro en tienda,3163,CERRADAS,Entregado,Entregado,NET_WBENITESA,SIM,2 sept 2026,2 sept 2026,null,No,CERRADAS,2026-09-02 14:04:43,Multilínea,Mono_item,Arequipa,null,Power ilim 79.90 SD N,null
Netcall,1 sept 2026,16,914902208,9149022088166713087074,9271,Outbound,Portabilidad Postpago,EXPRESS,Logixtal,5022,CERRADAS,Entregado,Entregado,NET_KANGELESS,SIM,1 sept 2026,1 sept 2026,null,No,CERRADAS,2026-09-02 03:19:40,Monolínea,Mono_item,Arequipa,null,Power 59.90 N,Power 59.90 N
Netcall,2 sept 2026,17,915353490,91535349089511710111070741497,9283,Outbound,Portabilidad Postpago,PROGRAMADO,Logixtal,5022,ABIERTAS,Pendiente Entrega,Pendiente de Picking,NET_JORTIZV,SIM,3 sept 2026,null,null,No,ABIERTAS,null,Monolínea,Mono_item,Arequipa,null,null,null
Netcall,2 sept 2026,13,915290634,91529063489511710111070747882,9283,Outbound,Portabilidad Postpago,EXPRESS,Logixtal,5022,ABIERTAS,Entregado,Entregado,NET_MCVASQUEZ,SIM,2 sept 2026,null,null,No,ABIERTAS,null,Monolínea,Mono_item,Arequipa,null,null,null
Netcall,1 sept 2026,18,914926447,9149264478166970598178,9271,Outbound,Portabilidad Postpago,RETIRO EN TIENDA,Retiro en tienda,7128,ABIERTAS,Pendiente Entrega,Pendiente Entrega,NET_KLGARCIAA,SIM,1 sept 2026,null,null,No,ABIERTAS,null,Monolínea,Mono_item,Arequipa,null,null,Power ilim 79.90 SD N
Netcall,1 sept 2026,11,914813252,914813252,9283,Outbound,Portabilidad Postpago,RETIRO EN TIENDA,Retiro en tienda,5058,CERRADAS,Entregado,Entregado,NET_THUAMANIP,SIM,1 sept 2026,1 sept 2026,null,No,CERRADAS,2026-09-02 00:26:49,Multilínea,Mono_item,Arequipa,null,Power ilim 79.90 SD N,null
Netcall,2 sept 2026,14,915301967,915301967Empty,5299,Outbound,Portabilidad Postpago,RETIRO EN TIENDA,Retiro en tienda,3163,ABIERTAS,Pendiente Entrega,Pendiente Entrega,NET_JBOZAC,SIM,2 sept 2026,null,null,No,ABIERTAS,null,Monolínea,Mono_item,Arequipa,null,null,null
Netcall,1 sept 2026,10,914791727,914791727,9271,Outbound,Portabilidad Postpago,EXPRESS,Logixtal,5022,CERRADAS,Entregado,Entregado,NET_CREYESJ,SIM,1 sept 2026,1 sept 2026,null,No,CERRADAS,2026-09-02 00:14:40,Monolínea,Mono_item,Arequipa,null,Power ilim 69.90 N,null
Netcall,1 sept 2026,0,914592508,914592508,9283,Outbound,Portabilidad Postpago,EXPRESS,Logixtal,5022,CERRADAS,Entregado,Entregado,NET_ARIVERA,SIM,1 sept 2026,1 sept 2026,null,No,CERRADAS,2026-09-02 00:21:39,Multilínea,Mono_item,Arequipa,null,Power ilim 79.90 SD N,null
Netcall,1 sept 2026,0,914591791,9145917918163418211835,9283,Outbound,Portabilidad Postpago,EXPRESS,Logixtal,5022,CERRADAS,Entregado,Entregado,NET_ARIVERA,SIM,1 sept 2026,1 sept 2026,null,No,CERRADAS,2026-09-02 01:12:52,Multilínea,Mono_item,Arequipa,null,Power ilim 79.90 SD N,Power ilim 79.90 SD N
Netcall,2 sept 2026,8,915181998,915181998Empty,9283,Outbound,Portabilidad Postpago,PROGRAMADO,Logixtal,5022,ABIERTAS,Pendiente Entrega,Pendiente de Picking,NET_KARAUJOC,SIM,4 sept 2026,null,null,No,ABIERTAS,null,Multilínea,Mono_item,Arequipa,null,null,null
Netcall,2 sept 2026,11,915258380,91525838089511710111070746686,9283,Outbound,Portabilidad Postpago,EXPRESS,Logixtal,5022,CANCELADAS,Pendiente Entrega,Pendiente de Picking,NET_CGARCIAC,SIM,2 sept 2026,null,null,No,CANCELADAS,2026-09-02 15:57:54,Monolínea,Mono_item,Arequipa,null,null,null
Netcall,2 sept 2026,18,915374204,915374204Empty,9271,Outbound,Portabilidad Postpago,RETIRO EN TIENDA,Retiro en tienda,5058,ABIERTAS,Pendiente Entrega,Pendiente Entrega,NET_CREYESJ,SIM,2 sept 2026,null,null,No,ABIERTAS,null,Monolínea,Mono_item,Arequipa,null,null,null
Netcall,1 sept 2026,14,914865973,9148659738166314471054,9283,Outbound,Portabilidad Postpago,RETIRO EN TIENDA,Retiro en tienda,7128,CERRADAS,Entregado,Entregado,NET_JSIADEN,SIM,1 sept 2026,1 sept 2026,null,No,CERRADAS,2026-09-02 01:10:44,Monolínea,Mono_item,Arequipa,null,Power ilim 79.90 SD N,Power ilim 79.90 SD N
Netcall,2 sept 2026,8,915175711,915175711Empty,9283,Outbound,Portabilidad Postpago,PROGRAMADO,Logixtal,5022,ABIERTAS,Pendiente Entrega,Pendiente de Picking,NET_KARAUJOC,SIM,4 sept 2026,null,null,No,ABIERTAS,null,Multilínea,Mono_item,Arequipa,null,null,null
Netcall,2 sept 2026,15,915326405,915326405Empty,9283,Outbound,Portabilidad Postpago,RETIRO EN TIENDA,Retiro en tienda,8010,ABIERTAS,Pendiente Entrega,Pendiente Entrega,NET_GSANTOSC,SIM,2 sept 2026,null,null,No,ABIERTAS,null,Monolínea,Mono_item,Arequipa,null,null,null
Netcall,1 sept 2026,15,914868865,9148688658166348169027,9283,Outbound,Portabilidad Postpago,RETIRO EN TIENDA,Retiro en tienda,7108,CERRADAS,Entregado,Entregado,TLV_NET_MFARFAN,SIM,1 sept 2026,1 sept 2026,null,No,CERRADAS,2026-09-02 02:02:17,Monolínea,Mono_item,Arequipa,null,Power ilim 79.90 SD N,Power ilim 79.90 SD N
Netcall,2 sept 2026,13,915286850,915286850Empty,9283,Outbound,Portabilidad Postpago,RETIRO EN TIENDA,Retiro en tienda,8010,ABIERTAS,Pendiente Entrega,Pendiente Entrega,NET_CMDELACRUZV,SIM,2 sept 2026,null,null,No,ABIERTAS,null,Monolínea,Mono_item,Arequipa,null,null,null
Netcall,2 sept 2026,12,915274201,91527420189511710111070747817,9283,Outbound,Portabilidad Postpago,EXPRESS,Logixtal,5022,ABIERTAS,Pendiente Entrega,Pendiente de Picking,NET_MGUZMANP,SIM,3 sept 2026,null,null,No,ABIERTAS,null,Monolínea,Mono_item,Arequipa,null,null,null
Netcall,2 sept 2026,17,915366776,915366776Empty,9283,Outbound,Portabilidad Postpago,RETIRO EN TIENDA,Retiro en tienda,3163,ABIERTAS,Pendiente Entrega,Pendiente Entrega,NET_JIYASHAMAR,SIM,2 sept 2026,null,null,No,ABIERTAS,null,Monolínea,Mono_item,Arequipa,null,null,null
Netcall,1 sept 2026,13,914844365,9148443658166099259465,5299,Outbound,Portabilidad Postpago,EXPRESS,Logixtal,5022,CERRADAS,Entregado,Entregado,NET_RCANDIOTTIA,SIM,1 sept 2026,1 sept 2026,null,No,CERRADAS,2026-09-02 02:40:20,Monolínea,Mono_item,Arequipa,null,Power ilim 79.90 SD N,Power ilim 79.90 SD N
Netcall,2 sept 2026,15,915318426,915318426Empty,9283,Outbound,Portabilidad Postpago,RETIRO EN TIENDA,Retiro en tienda,8010,CANCELADAS,Cancelado,Cancelado,NET_LRUIZH,SIM,2 sept 2026,null,null,No,CANCELADAS,2026-09-02 17:50:27,Monolínea,Mono_item,Arequipa,null,null,null
Netcall,1 sept 2026,0,914592178,914592178,9283,Outbound,Portabilidad Postpago,EXPRESS,Logixtal,5022,CERRADAS,Entregado,Entregado,NET_ARIVERA,SIM,1 sept 2026,1 sept 2026,null,No,CERRADAS,2026-09-02 00:24:42,Multilínea,Mono_item,Arequipa,null,Power ilim 79.90 SD N,null
Netcall,1 sept 2026,17,914906666,9149066668166817009999,9283,Outbound,Portabilidad Postpago,RETIRO EN TIENDA,Retiro en tienda,8010,ABIERTAS,Pendiente Entrega,Pendiente Entrega,NET_VOBESOS,SIM,1 sept 2026,null,null,No,ABIERTAS,null,Monolínea,Mono_item,Arequipa,null,null,Power 59.90 N
Netcall,2 sept 2026,10,915242140,91524214089511710111070748559,9283,Outbound,Portabilidad Postpago,EXPRESS,Logixtal,5022,ABIERTAS,Pendiente Entrega,Pendiente de Picking,NET_NSANTAMARIA,SIM,2 sept 2026,null,null,No,ABIERTAS,null,Monolínea,Mono_item,Arequipa,null,null,null
Netcall,2 sept 2026,19,915395517,915395517Empty,9283,Outbound,Portabilidad Postpago,RETIRO EN TIENDA,Retiro en tienda,5058,ABIERTAS,Pendiente Entrega,Pendiente Entrega,TLV_NET_DVALOI,SIM,2 sept 2026,null,null,No,ABIERTAS,null,Monolínea,Mono_item,Arequipa,null,null,null
Netcall,1 sept 2026,17,914914488,9149144888166844054794,9271,Outbound,Portabilidad Postpago,PROGRAMADO,Logixtal,9354,ABIERTAS,Pendiente Entrega,Pendiente Entrega,NET_VAYALAS,SIM,2 sept 2026,null,null,No,ABIERTAS,null,Monolínea,Mono_item,Ayacucho,null,null,Power 59.90 N
Netcall,2 sept 2026,16,915332947,91533294789511710101045305569,9283,Outbound,Venta Regular / Alta,EXPRESS,Retiro en tienda,9358,CERRADAS,Entregado,Entregado,NET_MCVASQUEZ,SIM,2 sept 2026,2 sept 2026,null,No,CERRADAS,2026-09-02 18:09:35,Multilínea,Mono_item,Apurimac,null,Power ilim 79.90 SD N,null
Netcall,1 sept 2026,10,914789673,9147896738165520707880,5299,Outbound,Portabilidad Postpago,EXPRESS,Logixtal,9358,CANCELADAS,Anulado,CLIENTE DESISTE - INFORMACIÓN INCORRECTA,NET_JBOZAC,SIM,1 sept 2026,null,null,No,CANCELADAS,2026-09-01 11:39:24,Multilínea,Mono_item,Apurimac,null,null,Power ilim 79.90 SD N
Netcall,2 sept 2026,10,915228417,91522841789511710101045306468,9283,Outbound,Portabilidad Postpago,EXPRESS,Retiro en tienda,9358,ABIERTAS,Entregado,Entregado,NET_IVARGASI,SIM,2 sept 2026,null,null,No,ABIERTAS,null,Multilínea,Mono_item,Apurimac,null,null,null
Netcall,1 sept 2026,10,914792529,9147925298165544023006,5299,Outbound,Portabilidad Postpago,EXPRESS,Logixtal,9358,CANCELADAS,Anulado,CLIENTE DESISTE - INFORMACIÓN INCORRECTA,NET_JBOZAC,SIM,1 sept 2026,null,null,No,CANCELADAS,2026-09-01 11:34:22,Multilínea,Mono_item,Apurimac,null,null,Power ilim 79.90 SD N
Netcall,2 sept 2026,15,915328534,91532853489511710101045306492,9283,Outbound,Portabilidad Postpago,EXPRESS,Retiro en tienda,9358,ABIERTAS,Entregado,Entregado,NET_MCVASQUEZ,SIM,2 sept 2026,null,null,No,ABIERTAS,null,Multilínea,Mono_item,Apurimac,null,null,null
Netcall,2 sept 2026,11,915262960,91526296089511710101045305734,9289,Outbound,Portabilidad Postpago,EXPRESS,Retiro en tienda,9358,ABIERTAS,Entregado,Entregado,TLV_NET_MLANDAR,SIM,2 sept 2026,null,null,No,ABIERTAS,null,Monolínea,Mono_item,Apurimac,null,null,null
Netcall,1 sept 2026,16,914885771,9148857718166533991837,9283,Outbound,Portabilidad Postpago,PROGRAMADO,Logixtal,9358,ABIERTAS,Pendiente Entrega,Pendiente Entrega,NET_ADOROTEOSAL,SIM,3 sept 2026,null,null,No,ABIERTAS,null,Monolínea,Mono_item,Apurimac,null,null,Power 59.90 N
Netcall,2 sept 2026,10,915234193,91523419389511710101045306476,9283,Outbound,Portabilidad Postpago,EXPRESS,Retiro en tienda,9358,ABIERTAS,Entregado,Entregado,NET_YRAYMUNDOTA,SIM,2 sept 2026,null,null,No,ABIERTAS,null,Monolínea,Mono_item,Apurimac,null,null,null
Netcall,2 sept 2026,11,915260960,91526096089511710101045305783,9289,Outbound,Portabilidad Postpago,EXPRESS,Retiro en tienda,9358,ABIERTAS,Entregado,Entregado,TLV_NET_MLANDAR,SIM,2 sept 2026,null,null,No,ABIERTAS,null,Monolínea,Mono_item,Apurimac,null,null,null
Netcall,2 sept 2026,10,915226851,91522685189511710101045306484,9283,Outbound,Portabilidad Postpago,EXPRESS,Retiro en tienda,9358,ABIERTAS,Entregado,Entregado,NET_IVARGASI,SIM,2 sept 2026,null,null,No,ABIERTAS,null,Multilínea,Mono_item,Apurimac,null,null,null
Netcall,1 sept 2026,12,914824073,9148240738165864799183,9283,Outbound,Portabilidad Postpago,PROGRAMADO,Logixtal,9001,ABIERTAS,Pendiente Entrega,Pendiente Entrega,NET_SDIAZO,SIM,2 sept 2026,null,null,No,ABIERTAS,null,Monolínea,Mono_item,Lima - Callao,null,null,Power 59.90 N
Netcall,1 sept 2026,13,914837891,9148378918166005647246,9283,Outbound,Portabilidad Postpago,PROGRAMADO,Logixtal,9001,ABIERTAS,Pendiente Entrega,Pendiente Entrega,NET_GMENDIGUETE,SIM,2 sept 2026,null,null,No,ABIERTAS,null,Multilínea,Mono_item,Lima - Callao,null,null,Power ilim 79.90 SD N
Netcall,2 sept 2026,14,915302263,915302263Empty,9283,Outbound,Portabilidad Postpago,PROGRAMADO,Logixtal,9001,ABIERTAS,Pendiente Entrega,Pendiente de Picking,NET_EZAPATAC,SIM,4 sept 2026,null,null,No,ABIERTAS,null,Monolínea,Mono_item,Lima - Callao,null,null,null
Netcall,2 sept 2026,13,915297149,915297149Empty,9283,Outbound,Portabilidad Postpago,PROGRAMADO,Logixtal,9001,ABIERTAS,Pendiente Entrega,Pendiente de Picking,NET_EZAPATAC,SIM,4 sept 2026,null,null,No,ABIERTAS,null,Monolínea,Mono_item,Lima - Callao,null,null,null
Netcall,2 sept 2026,11,915259471,915259471Empty,9271,Outbound,Portabilidad Postpago,PROGRAMADO,Logixtal,9001,ABIERTAS,Pendiente Entrega,Pendiente de Picking,NET_SBACAD,SIM,4 sept 2026,null,null,No,ABIERTAS,null,Monolínea,Mono_item,Lima - Callao,null,null,null
Netcall,1 sept 2026,13,914836741,9148367418165988761342,9283,Outbound,Venta Regular / Alta,PROGRAMADO,Logixtal,9001,ABIERTAS,No bop,No bop,NET_GMENDIGUETE,SIM,4 sept 2026,null,null,No,ABIERTAS,null,Multilínea,Mono_item,Lima - Callao,null,null,Power ilim 79.90 SD N
Netcall,2 sept 2026,19,915388666,915388666Empty,9283,Outbound,Portabilidad Postpago,PROGRAMADO,Logixtal,9001,ABIERTAS,Pendiente Entrega,Pendiente de Picking,NET_ELAURAQ,SIM,4 sept 2026,null,null,No,ABIERTAS,null,Monolínea,Mono_item,Lima - Callao,null,null,null
Netcall,1 sept 2026,10,914788596,9147885968165510821415,9283,Outbound,Portabilidad Postpago,PROGRAMADO,Logixtal,9001,ABIERTAS,Pendiente Entrega,Pendiente Entrega,NET_CULLOAC,SIM,2 sept 2026,null,null,No,ABIERTAS,null,Monolínea,Mono_item,Lima - Callao,null,null,Power 59.90 N
Netcall,1 sept 2026,10,914785932,9147859328165519479878,9283,Outbound,Portabilidad Postpago,PROGRAMADO,Logixtal,9001,ABIERTAS,Pendiente Entrega,Pendiente Entrega,NET_EMMENDIZF,SIM,2 sept 2026,null,null,No,ABIERTAS,null,Monolínea,Mono_item,Lima - Callao,null,null,Power 59.90 N
Netcall,2 sept 2026,16,915341985,915341985Empty,9271,Outbound,Portabilidad Postpago,PROGRAMADO,Retiro en tienda,9353,ABIERTAS,Pendiente Entrega,Pendiente Entrega,NET_MVALIENTES,SIM,4 sept 2026,null,null,No,ABIERTAS,null,Monolínea,Mono_item,Huanuco,null,null,null
Netcall,1 sept 2026,9,914774733,9147747338165381906932,9283,Outbound,Portabilidad Postpago,EXPRESS,Logixtal,9353,CERRADAS,Entregado,Entregado,NET_JVELASQUEZS,SIM,1 sept 2026,1 sept 2026,null,No,CERRADAS,2026-09-02 03:17:11,Monolínea,Mono_item,Huanuco,null,Power 59.90 N,Power 59.90 N
Netcall,2 sept 2026,17,915363504,915363504Empty,9283,Outbound,Portabilidad Postpago,PROGRAMADO,Retiro en tienda,9353,ABIERTAS,Pendiente Entrega,Pendiente Entrega,NET_SPEREZM,SIM,3 sept 2026,null,null,No,ABIERTAS,null,Monolínea,Mono_item,Huanuco,null,null,null
Netcall,2 sept 2026,14,915304210,91530421089511710111069299747,9283,Outbound,Portabilidad Postpago,EXPRESS,Retiro en tienda,9353,ABIERTAS,Entregado,Entregado,NET_KYUPANQUIC,SIM,2 sept 2026,null,null,No,ABIERTAS,null,Monolínea,Mono_item,Huanuco,null,null,null
Netcall,1 sept 2026,13,914849250,9148492508166129091840,9283,Outbound,Portabilidad Postpago,EXPRESS,Logixtal,9353,CANCELADAS,Anulado,POSIBLE FRAUDE,NET_PCHAVESTAY,SIM,1 sept 2026,null,null,No,CANCELADAS,2026-09-01 14:47:54,Multilínea,Mono_item,Huanuco,null,null,Power ilim 79.90 SD N
Netcall,1 sept 2026,10,914777491,9147774918165410073145,9283,Outbound,Portabilidad Postpago,EXPRESS,Logixtal,9353,CANCELADAS,Anulado,CLIENTE DESISTE - NO BRINDA MOTIVOS,TLV_NET_YQUITOV,SIM,1 sept 2026,null,null,No,CANCELADAS,2026-09-01 12:15:23,Monolínea,Mono_item,Huanuco,null,null,Power 59.90 N
Netcall,1 sept 2026,9,914767369,9147673698165306937506,9283,Outbound,Portabilidad Postpago,EXPRESS,Logixtal,9353,CERRADAS,Entregado,Entregado,TLV_NET_BCHAVEZ,SIM,1 sept 2026,1 sept 2026,null,No,CERRADAS,2026-09-02 01:30:35,Monolínea,Mono_item,Huanuco,null,Power ilim 69.90 N,Power ilim 69.90 N
Netcall,2 sept 2026,9,915220396,91522039689511710111069293278,9283,Outbound,Portabilidad Postpago,EXPRESS,Retiro en tienda,9353,ABIERTAS,Pendiente Entrega,Pendiente Entrega,NET_JSIADEN,SIM,2 sept 2026,null,null,No,ABIERTAS,null,Monolínea,Mono_item,Huanuco,null,null,null
Netcall,2 sept 2026,10,915236986,91523698689511710111069291710,9283,Outbound,Portabilidad Postpago,EXPRESS,Retiro en tienda,9353,ABIERTAS,Entregado,Entregado,NET_TVASQUEZANG,SIM,2 sept 2026,null,null,No,ABIERTAS,null,Monolínea,Mono_item,Huanuco,null,null,null
Netcall,2 sept 2026,16,915343566,91534356689511710111070710716,9283,Outbound,Portabilidad Postpago,EXPRESS,Logixtal,5022,ABIERTAS,Entregado,Entregado,NET_SDIAZO,SIM,2 sept 2026,null,null,No,ABIERTAS,null,Monolínea,Mono_item,Arequipa,null,null,null
Netcall,2 sept 2026,8,915199185,91519918589511710111070747247,9283,Outbound,Portabilidad Postpago,EXPRESS,Logixtal,5022,ABIERTAS,Entregado,Entregado,NET_ADOROTEOSAL,SIM,2 sept 2026,null,null,No,ABIERTAS,null,Monolínea,Mono_item,Arequipa,null,null,null
Netcall,1 sept 2026,16,914894530,9148945308166629329427,9271,Outbound,Portabilidad Postpago,EXPRESS,Logixtal,5022,CERRADAS,Entregado,Entregado,NET_KANGELESS,SIM,1 sept 2026,1 sept 2026,null,No,CERRADAS,2026-09-02 00:48:44,Monolínea,Mono_item,Arequipa,null,Power 59.90 N,Power 59.90 N
Netcall,2 sept 2026,8,915203140,91520314089511710111070747254,9283,Outbound,Portabilidad Postpago,EXPRESS,Logixtal,5022,ABIERTAS,Entregado,Entregado,NET_ADOROTEOSAL,SIM,2 sept 2026,null,null,No,ABIERTAS,null,Monolínea,Mono_item,Arequipa,null,null,null
Netcall,2 sept 2026,12,915269906,91526990689511710111070747593,9283,Outbound,Portabilidad Postpago,EXPRESS,Logixtal,5022,ABIERTAS,Entregado,Entregado,NET_GCABALLEROC,SIM,2 sept 2026,null,null,No,ABIERTAS,null,Monolínea,Mono_item,Arequipa,null,null,null
Netcall,1 sept 2026,12,914819055,9148190558165812027966,9283,Outbound,Portabilidad Postpago,EXPRESS,Logixtal,9348,CERRADAS,Entregado,Entregado,TLV_NET_GANACLE,SIM,1 sept 2026,1 sept 2026,null,No,CERRADAS,2026-09-02 01:19:50,Multilínea,Mono_item,Tacna,null,Power ilim 79.90 SD N,Power ilim 79.90 SD N
Netcall,1 sept 2026,12,914820391,9148203918165829452714,9283,Outbound,Portabilidad Postpago,EXPRESS,Logixtal,9348,CERRADAS,Entregado,Entregado,TLV_NET_GANACLE,SIM,1 sept 2026,1 sept 2026,null,No,CERRADAS,2026-09-02 01:19:29,Multilínea,Mono_item,Tacna,null,Power ilim 79.90 SD N,Power ilim 79.90 SD N
Netcall,1 sept 2026,15,914882554,9148825548166494028835,9283,Outbound,Portabilidad Postpago,PROGRAMADO,Logixtal,9358,ABIERTAS,Pendiente Entrega,Pendiente Entrega,NET_JCALDASB,SIM,2 sept 2026,null,null,No,ABIERTAS,null,Multilínea,Mono_item,Apurimac,null,null,Power ilim 69.90 N
Netcall,2 sept 2026,16,915340490,91534049089511710101045297444,9283,Outbound,Venta Regular / Alta,EXPRESS,Retiro en tienda,9358,CERRADAS,Entregado,Entregado,NET_ADOROTEOSAL,SIM,2 sept 2026,2 sept 2026,null,No,CERRADAS,2026-09-02 19:36:52,Multilínea,Mono_item,Apurimac,null,Power ilim 79.90 SD N,null
Netcall,1 sept 2026,12,914822279,9148222798165839110831,9283,Outbound,Portabilidad Postpago,EXPRESS,Logixtal,9358,CANCELADAS,Anulado,PIN-PORTA NO LLEGA SMS,NET_JCALDASB,SIM,1 sept 2026,null,null,No,CANCELADAS,2026-09-01 12:58:43,Multilínea,Mono_item,Apurimac,null,null,Power ilim 69.90 N
Netcall,2 sept 2026,12,915271911,91527191189511710101045297345,9283,Outbound,Portabilidad Postpago,EXPRESS,Retiro en tienda,9358,ABIERTAS,Pendiente Entrega,Pendiente Entrega,NET_JIYASHAMAR,SIM,3 sept 2026,null,null,No,ABIERTAS,null,Multilínea,Mono_item,Apurimac,null,null,null
Netcall,2 sept 2026,12,915270862,91527086289511710101045297337,9283,Outbound,Venta Regular / Alta,EXPRESS,Retiro en tienda,9358,ABIERTAS,Pendiente Entrega,Pendiente Entrega,NET_JIYASHAMAR,SIM,3 sept 2026,null,null,No,ABIERTAS,null,Multilínea,Mono_item,Apurimac,null,null,null
Netcall,1 sept 2026,16,914898888,914898888,9283,Outbound,Portabilidad Postpago,EXPRESS,Logixtal,9358,CERRADAS,Entregado,Entregado,NET_BBELLIDOP,SIM,1 sept 2026,1 sept 2026,null,No,CERRADAS,2026-09-02 00:06:52,Monolínea,Mono_item,Apurimac,null,Power ilim 79.90 SD N,null
Netcall,1 sept 2026,12,914832935,9148329358165950960712,9283,Outbound,Portabilidad Postpago,EXPRESS,Logixtal,9358,CERRADAS,Entregado,Entregado,NET_AARNAIZA,SIM,1 sept 2026,1 sept 2026,null,No,CERRADAS,2026-09-02 01:26:30,Monolínea,Mono_item,Apurimac,null,Power 59.90 N,Power 59.90 N
Netcall,2 sept 2026,16,915339592,91533959289511710101045297436,9283,Outbound,Portabilidad Postpago,EXPRESS,Retiro en tienda,9358,ABIERTAS,Entregado,Entregado,NET_ADOROTEOSAL,SIM,2 sept 2026,null,null,No,ABIERTAS,null,Multilínea,Mono_item,Apurimac,null,null,null
Netcall,1 sept 2026,9,914772329,9147723298165359724190,9271,Outbound,Portabilidad Postpago,RETIRO EN TIENDA,Retiro en tienda,7116,CANCELADAS,Cancelado,Cancelado,NET_GDJULCAT,(Sin datos Omnix),1 sept 2026,null,null,No,CANCELADAS,2026-09-02 03:57:28,Monolínea,Mono_item,Huanuco,null,null,Power 59.90 N
Netcall,1 sept 2026,14,914860137,9148601378166248280083,9283,Outbound,Portabilidad Postpago,RETIRO EN TIENDA,Retiro en tienda,9351,CANCELADAS,Cancelado,Cancelado,NET_JCHAVEZC,(Sin datos Omnix),1 sept 2026,null,null,No,CANCELADAS,2026-09-02 04:23:45,Monolínea,Mono_item,null,null,null,Power 59.90 N
Netcall,2 sept 2026,19,915390360,915390360,9283,Outbound,Portabilidad Postpago,No bop,Logixtal,9001,ABIERTAS,No bop,No bop,NET_KROJASNAUPA,(Sin datos Omnix),2 sept 2026,null,null,No,ABIERTAS,null,Monolínea,Mono_item,null,null,null,null
Netcall,2 sept 2026,12,915279298,915279298,9283,Outbound,Portabilidad Postpago,RETIRO EN TIENDA,Retiro en tienda,9343,CANCELADAS,Cancelado,Cancelado,NET_JCAVEROC,(Sin datos Omnix),2 sept 2026,null,null,No,CANCELADAS,2026-09-02 13:40:51,Multilínea,Mono_item,Cusco,null,null,null