Centro,Fecha_Creacion,Hora,FRM_Orden_Final,FRM_Orden_Item_Final,EOC_ID_TIENDA,Grupo_Canal,Tipo_de_Negocio,Tipo_Despacho_Detalle,Operador_Logistico_Old,EOC_DELIVERYSTOREID,EOC_Estado,Estado_T,Estado_T_Detalle,FRM_N_DNI_Asesor,FRM_Tipologia,Fecha_Entrega_Pactada,Fecha_Entrega_Real,INR_FechaActivacion,Cruce_INAR,EOC_Estado,EOC_Cierre,Multilinea_Asesor,Multi_item,FRM_Departamento_de_entrega,INR_NumRentaIGV_Neto,FRM_Plan_vendido,OBI_Nuevo_plan,OBI_Operador_Origen_Portabilidad,OMN_SLA_Tipo_Entrega,SBL_Estado,SBL_Subestado,OBI_DESC_Rechazo_OAP,LGX_Distrito_Entrega
Netcall,1 oct 2026,11,927269820,9272698208285621259263,9283,Outbound,Portabilidad Postpago,EXPRESS,Logixtal,9349,CANCELADAS,Anulado,PIN-PORTA NO LLEGA SMS,NET_YUCEDAB,SIM,1 oct 2026,null,null,No,CANCELADAS,2026-10-01 13:39:33,Monolínea,Mono_item,Ucayali,null,null,Power ilim 79.90 SD N,Viettel Peru,10:00 - 20:00,Cancelado,Rechazado,Desconocido,YARINACOCHA
Netcall,1 oct 2026,16,927358186,9273581868286454081459,9283,Outbound,Portabilidad Postpago,PROGRAMADO,Logixtal,5022,ABIERTAS,Pendiente Entrega,Pendiente Entrega,NET_YRUEDAMONDR,SIM,2 oct 2026,null,null,No,ABIERTAS,null,Multilínea,Mono_item,Arequipa,null,null,Power ilim 79.90 SD N,AmericaMovil,09:00 - 13:00,En Progreso,Punto de No Retorno,Desconocido,YANAHUARA
Netcall,1 oct 2026,16,927360976,9273609768286486412112,9283,Outbound,Portabilidad Postpago,PROGRAMADO,Logixtal,5022,ABIERTAS,Pendiente Entrega,Pendiente Entrega,NET_YRUEDAMONDR,SIM,2 oct 2026,null,null,No,ABIERTAS,null,Multilínea,Mono_item,Arequipa,null,null,Power ilim 79.90 SD N,AmericaMovil,09:00 - 13:00,En Progreso,Punto de No Retorno,Desconocido,YANAHUARA
Netcall,1 oct 2026,13,927321089,9273210898286099074536,9283,Outbound,Portabilidad Postpago,EXPRESS,Logixtal,3115,ABIERTAS,Anulado,REINTENTOS MÁXIMOS,NET_KCHAVEZF,SIM,1 oct 2026,null,null,No,ABIERTAS,null,Monolínea,Mono_item,Pasco,null,null,Power ilim 69.90 N,Viettel Peru,10:00 - 20:00,En Progreso,Punto de No Retorno,Desconocido,YANACANCHA
Netcall,2 oct 2026,9,927694366,92769436689511710121005200865,9283,Outbound,Portabilidad Postpago,EXPRESS,Retiro en tienda,3115,ABIERTAS,Entregado,Entregado,TLV_NET_BRAMIRE,SIM,2 oct 2026,null,null,No,ABIERTAS,null,Monolínea,Mono_item,Pasco,null,null,null,null,10:00 - 20:00,En Progreso,Punto de No Retorno,null,null
Netcall,1 oct 2026,15,927343051,9273430518286313838164,9283,Outbound,Portabilidad Postpago,EXPRESS,Logixtal,3115,ABIERTAS,Anulado,PIN-PORTA NO LLEGA SMS,NET_ECARRETEROH,SIM,1 oct 2026,null,null,No,ABIERTAS,null,Monolínea,Mono_item,Pasco,null,null,Power ilim 79.90 SD N,Viettel Peru,10:00 - 20:00,En Progreso,Punto de No Retorno,Desconocido,YANACANCHA
Netcall,2 oct 2026,12,927758239,927758239Empty,9283,Outbound,Portabilidad Postpago,EXPRESS,Retiro en tienda,3115,ABIERTAS,Pendiente Entrega,Pendiente Entrega,NET_ATORRESP,SIM,2 oct 2026,null,null,No,ABIERTAS,null,Monolínea,Mono_item,Pasco,null,null,null,null,10:00 - 20:00,null,null,null,null
Netcall,2 oct 2026,11,927737450,927737450Empty,9283,Outbound,Portabilidad Postpago,PROGRAMADO,Retiro en tienda,9343,ABIERTAS,Pendiente Entrega,Pendiente Entrega,TLV_NET_CURCIAR,SIM,3 oct 2026,null,null,No,ABIERTAS,null,Monolínea,Mono_item,Cusco,null,null,null,null,09:00 - 13:00,En Progreso,En Progreso,null,null
Netcall,1 oct 2026,10,927255945,927255945,9283,Outbound,Portabilidad Postpago,EXPRESS,Logixtal,9343,CERRADAS,Entregado,Entregado,NET_RCARDENASH,SIM,1 oct 2026,1 oct 2026,null,No,CERRADAS,2026-10-02 00:28:45,Monolínea,Mono_item,Cusco,null,Power ilim 69.90 N,null,null,10:00 - 20:00,Cerrado,Resuelto,null,WANCHAQ
Netcall,1 oct 2026,15,927348486,9273484868286358239396,9271,Outbound,Portabilidad Postpago,EXPRESS,Logixtal,9343,ABIERTAS,Pendiente Entrega,Pendiente Entrega,NET_MSUAREZG,SIM,1 oct 2026,null,null,No,ABIERTAS,null,Monolínea,Mono_item,Cusco,null,null,Power ilim 79.90 SD N,AmericaMovil,10:00 - 20:00,En Progreso,Punto de No Retorno,Desconocido,WANCHAQ
Netcall,1 oct 2026,7,927198247,9271982478285186737710,9283,Outbound,Venta Regular / Alta,EXPRESS,Logixtal,9343,CERRADAS,Entregado,Entregado,NET_PCHAVESTAY,SIM,1 oct 2026,1 oct 2026,null,No,CERRADAS,2026-10-01 14:29:39,Multilínea,Mono_item,Cusco,null,Power ilim 79.90 SD N,Power ilim 79.90 SD N,Desconocido,10:00 - 20:00,Cerrado,Resuelto,Desconocido,WANCHAQ
Netcall,2 oct 2026,10,927724451,92772445189511710101030209354,9283,Outbound,Portabilidad Postpago,EXPRESS,Retiro en tienda,9343,ABIERTAS,Entregado,Entregado,NET_LMALDONADOC,SIM,2 oct 2026,null,null,No,ABIERTAS,null,Monolínea,Mono_item,Cusco,null,null,null,null,10:00 - 20:00,En Progreso,Punto de No Retorno,null,null
Netcall,1 oct 2026,8,927200200,9272002008285194425715,9283,Outbound,Portabilidad Postpago,EXPRESS,Logixtal,9343,CERRADAS,Entregado,Entregado,NET_PCHAVESTAY,SIM,1 oct 2026,1 oct 2026,null,No,CERRADAS,2026-10-02 03:29:45,Multilínea,Mono_item,Cusco,null,Power ilim 79.90 SD N,Power ilim 79.90 SD N,Viettel Peru,10:00 - 20:00,Cerrado,Resuelto,Desconocido,WANCHAQ
Netcall,1 oct 2026,11,927283150,9272831508285727514220,9283,Outbound,Portabilidad Postpago,PROGRAMADO,Logixtal,5023,ABIERTAS,Pendiente Entrega,Pendiente Entrega,NET_LCAMPOSCABR,SIM,2 oct 2026,null,null,No,ABIERTAS,null,Monolínea,Mono_item,La Libertad,null,null,Power ilim 69.90 N,Viettel Peru,09:00 - 19:00,En Progreso,Punto de No Retorno,Desconocido,VIRU
Netcall,1 oct 2026,12,927296033,9272960338285856509217,9283,Outbound,Portabilidad Postpago,PROGRAMADO,Logixtal,5023,ABIERTAS,Pendiente Entrega,Pendiente Entrega,NET_ABARRERAY,SIM,2 oct 2026,null,null,No,ABIERTAS,null,Monolínea,Mono_item,La Libertad,null,null,Power ilim 69.90 N,Viettel Peru,09:00 - 19:00,En Progreso,Punto de No Retorno,Desconocido,VIRU
Netcall,2 oct 2026,10,927711648,92771164889511710101081580687,9271,Outbound,Portabilidad Postpago,EXPRESS,Logixtal,9342,ABIERTAS,Entregado,Entregado,NET_KANGELESS,SIM,2 oct 2026,null,null,No,ABIERTAS,null,Monolínea,Mono_item,Lima - Callao,null,null,null,null,10:00 - 22:00,En Progreso,Pago Recibido,null,null
Netcall,2 oct 2026,11,927745545,92774554589511710111073984094,9283,Outbound,Portabilidad Postpago,EXPRESS,Logixtal,9342,ABIERTAS,Entregado,Entregado,NET_KALMEYDAS,SIM,2 oct 2026,null,null,No,ABIERTAS,null,Monolínea,Mono_item,Lima - Callao,null,null,null,null,10:00 - 22:00,En Progreso,Punto de No Retorno,null,null
Netcall,1 oct 2026,11,927275774,9272757748285676575753,9283,Outbound,Portabilidad Postpago,EXPRESS,Logixtal,9342,CERRADAS,Entregado,Entregado,NET_CRAMOSC,SIM,1 oct 2026,1 oct 2026,null,No,CERRADAS,2026-10-02 01:33:59,Monolínea,Mono_item,Lima - Callao,null,Power ilim 69.90 N,Power ilim 69.90 N,TELEFONICAPE,10:00 - 22:00,Cerrado,Resuelto,Desconocido,VILLA MARIA DEL TRIUNFO
Netcall,1 oct 2026,15,927347587,9273475878286351777740,9283,Outbound,Venta Regular / Alta,EXPRESS,Logixtal,9342,CERRADAS,Entregado,Entregado,NET_ATRIVINOS,SIM,1 oct 2026,1 oct 2026,null,No,CERRADAS,2026-10-01 16:53:34,Monolínea,Mono_item,Lima - Callao,null,Power ilim 69.90 N,Power ilim 69.90 N,Desconocido,10:00 - 22:00,Cerrado,Resuelto,Desconocido,VILLA MARIA DEL TRIUNFO
Netcall,1 oct 2026,16,927359900,9273599008286472460765,9271,Outbound,Portabilidad Postpago,EXPRESS,Logixtal,9342,ABIERTAS,Pendiente Entrega,Pendiente Entrega,NET_MSUAREZG,SIM,1 oct 2026,null,null,No,ABIERTAS,null,Monolínea,Mono_item,Lima - Callao,null,null,Power ilim 79.90 SD N,TELEFONICAPE,08:00 - 20:00,En Progreso,Punto de No Retorno,Desconocido,VILLA MARIA DEL TRIUNFO
Netcall,1 oct 2026,18,927403164,9274031648286906046586,9283,Outbound,Portabilidad Postpago,EXPRESS,Logixtal,9342,ABIERTAS,Pendiente Entrega,Pendiente Entrega,NET_GDELGADO,SIM,1 oct 2026,null,null,No,ABIERTAS,null,Monolínea,Mono_item,Lima - Callao,null,null,Power ilim 69.90 N,AmericaMovil,10:00 - 22:00,En Progreso,Punto de No Retorno,Desconocido,VILLA MARIA DEL TRIUNFO
Netcall,1 oct 2026,19,927415985,9274159858287022688137,9283,Outbound,Portabilidad Postpago,PROGRAMADO,Logixtal,9342,ABIERTAS,Pendiente Entrega,Pendiente Entrega,NET_ANCASTROR,SIM,2 oct 2026,null,null,No,ABIERTAS,null,Monolínea,Mono_item,Lima - Callao,null,null,Power ilim 69.90 N,AmericaMovil,08:00 - 13:00,En Progreso,Punto de No Retorno,Desconocido,VILLA MARIA DEL TRIUNFO
Netcall,1 oct 2026,15,927351141,9273511418286379127123,9283,Outbound,Portabilidad Postpago,EXPRESS,Logixtal,9342,CERRADAS,Entregado,Entregado,NET_CASCONAT,SIM,1 oct 2026,1 oct 2026,null,No,CERRADAS,2026-10-02 00:55:26,Monolínea,Mono_item,Lima - Callao,null,Power ilim 79.90 SD N,Power ilim 79.90 SD N,TELEFONICAPE,10:00 - 22:00,Cerrado,Resuelto,Desconocido,VILLA MARIA DEL TRIUNFO
Netcall,1 oct 2026,12,927304476,9273044768285938463503,9283,Outbound,Portabilidad Postpago,EXPRESS,Logixtal,9342,CANCELADAS,Entregado,Entregado,NET_NZAMORAV,SIM,1 oct 2026,1 oct 2026,null,No,CANCELADAS,2026-10-01 22:00:36,Multilínea,Mono_item,Lima - Callao,null,null,Power ilim 79.90 SD N,AmericaMovil,10:00 - 22:00,Cancelado,Pedido Cancelación,Portabilidad Rechazada. REC01PRT09: El abonado tiene deuda exigible | paymentDueDate=2026-09-24|portabilityOperDateActive=2024-06-15,VILLA MARIA DEL TRIUNFO
Netcall,1 oct 2026,10,927261600,9272616008285553994490,9283,Outbound,Portabilidad Postpago,EXPRESS,Logixtal,9342,CERRADAS,Entregado,Entregado,NET_EMMENDIZF,SIM,1 oct 2026,1 oct 2026,null,No,CERRADAS,2026-10-02 00:45:40,Monolínea,Mono_item,Lima - Callao,null,Power ilim 69.90 N,Power ilim 69.90 N,TELEFONICAPE,10:00 - 22:00,Cerrado,Resuelto,Desconocido,VILLA MARIA DEL TRIUNFO
Netcall,1 oct 2026,13,927322201,9273222018286111192335,5299,Outbound,Portabilidad Postpago,EXPRESS,Logixtal,9342,CANCELADAS,Entregado,Entregado,NET_CPORRASP,SIM,1 oct 2026,1 oct 2026,null,No,CANCELADAS,2026-10-01 22:00:25,Monolínea,Mono_item,Lima - Callao,null,null,Power ilim 69.90 N,TELEFONICAPE,10:00 - 22:00,Cancelado,Pedido Cancelación,Portabilidad Rechazada. REC01PRT09: El abonado tiene deuda exigible | paymentDueDate=2026-09-28|portabilityOperDateActive=2026-02-15|amount=39.9|units=01,VILLA MARIA DEL TRIUNFO
Netcall,1 oct 2026,17,927386967,9273869678286738375149,9283,Outbound,Portabilidad Postpago,EXPRESS,Logixtal,9342,CERRADAS,Entregado,Entregado,NET_CIOLAYAR,SIM,1 oct 2026,1 oct 2026,null,No,CERRADAS,2026-10-02 02:00:49,Monolínea,Mono_item,Lima - Callao,null,Power ilim 79.90 SD N,Power ilim 79.90 SD N,AmericaMovil,10:00 - 22:00,Cerrado,Resuelto,Desconocido,VILLA MARIA DEL TRIUNFO
Netcall,1 oct 2026,12,927298585,9272985858285881895126,9283,Outbound,Portabilidad Postpago,EXPRESS,Logixtal,9342,CANCELADAS,Anulado,ZONA INACCESIBLE,NET_CRAMOSC,SIM,1 oct 2026,null,null,No,CANCELADAS,2026-10-01 13:08:29,Monolínea,Mono_item,Lima - Callao,null,null,Power ilim 69.90 N,TELEFONICAPE,10:00 - 22:00,Cancelado,Rechazado,Desconocido,VILLA MARIA DEL TRIUNFO
Netcall,1 oct 2026,9,927243605,927243605,9283,Outbound,Portabilidad Postpago,EXPRESS,Logixtal,9342,CERRADAS,Entregado,Entregado,NET_MORIHUELAQ,SIM,1 oct 2026,1 oct 2026,null,No,CERRADAS,2026-10-02 00:35:32,Multilínea,Mono_item,Lima - Callao,null,Power ilim 79.90 SD N,null,null,10:00 - 22:00,Cerrado,Resuelto,null,VILLA MARIA DEL TRIUNFO
Netcall,1 oct 2026,13,927314081,9273140818286034910070,9283,Outbound,Portabilidad Postpago,EXPRESS,Logixtal,9342,CERRADAS,Entregado,Entregado,NET_WBENITESA,SIM,1 oct 2026,1 oct 2026,null,No,CERRADAS,2026-10-02 01:28:00,Monolínea,Mono_item,Lima - Callao,null,Power ilim 79.90 SD N,Power ilim 79.90 SD N,AmericaMovil,10:00 - 22:00,Cerrado,Resuelto,Desconocido,VILLA MARIA DEL TRIUNFO
Netcall,1 oct 2026,12,927305955,9273059558285952814926,9283,Outbound,Portabilidad Postpago,EXPRESS,Logixtal,9342,CANCELADAS,Anulado,Cliente sin equipo Pin Porta,NET_NZAMORAV,SIM,1 oct 2026,null,null,No,CANCELADAS,2026-10-01 14:00:47,Multilínea,Mono_item,Lima - Callao,null,null,Power ilim 79.90 SD N,AmericaMovil,10:00 - 22:00,Cancelado,Rechazado,Desconocido,VILLA MARIA DEL TRIUNFO
Netcall,1 oct 2026,10,927265553,9272655538285587310010,9283,Outbound,Venta Regular / Alta,EXPRESS,Logixtal,9342,CANCELADAS,Anulado,CLIENTE DESISTE - INFORMACIÓN INCORRECTA,TLV_NET_RSORIAH,SIM,1 oct 2026,null,null,No,CANCELADAS,2026-10-01 12:15:59,Monolínea,Mono_item,Lima - Callao,null,null,Power ilim 69.90 N,Desconocido,10:00 - 22:00,Cancelado,Rechazado,Desconocido,VILLA MARIA DEL TRIUNFO
Netcall,1 oct 2026,14,927328362,9273283628286170967551,9283,Outbound,Portabilidad Postpago,EXPRESS,Logixtal,9342,CANCELADAS,Anulado,CLIENTE DESISTE - INFORMACIÓN INCORRECTA,NET_LCHAFLOQUEA,SIM,1 oct 2026,null,null,No,CANCELADAS,2026-10-01 15:20:32,Multilínea,Mono_item,Lima - Callao,null,null,Power ilim 79.90 SD N,AmericaMovil,10:00 - 22:00,Cancelado,Rechazado,Desconocido,VILLA MARIA DEL TRIUNFO
Netcall,1 oct 2026,9,927232720,9272327208285323186263,9283,Outbound,Portabilidad Postpago,PROGRAMADO,Logixtal,9342,ABIERTAS,Pendiente Entrega,Pendiente Entrega,NET_CRAMOSC,SIM,2 oct 2026,null,null,No,ABIERTAS,null,Monolínea,Mono_item,Lima - Callao,null,null,Power ilim 69.90 N,AmericaMovil,13:01 - 22:00,En Progreso,Punto de No Retorno,Desconocido,VILLA MARIA DEL TRIUNFO
Netcall,1 oct 2026,14,927327209,9273272098286156523673,9283,Outbound,Portabilidad Postpago,EXPRESS,Logixtal,9342,CERRADAS,Entregado,Entregado,NET_CGARCIAC,SIM,1 oct 2026,1 oct 2026,null,No,CERRADAS,2026-10-02 04:16:47,Multilínea,Mono_item,Lima - Callao,null,Power ilim 69.90 N,Power ilim 69.90 N,TELEFONICAPE,10:00 - 22:00,Cerrado,Resuelto,Desconocido,VILLA MARIA DEL TRIUNFO
Netcall,1 oct 2026,9,927242964,9272429648285391213043,9283,Outbound,Portabilidad Postpago,EXPRESS,Logixtal,9342,CERRADAS,Entregado,Entregado,NET_MORIHUELAQ,SIM,1 oct 2026,1 oct 2026,null,No,CERRADAS,2026-10-02 01:17:07,Multilínea,Mono_item,Lima - Callao,null,Power ilim 79.90 SD N,Power ilim 79.90 SD N,Viettel Peru,10:00 - 22:00,Cerrado,Resuelto,Desconocido,VILLA MARIA DEL TRIUNFO
Netcall,1 oct 2026,11,927269041,927269041,9283,Outbound,Portabilidad Postpago,EXPRESS,Logixtal,9342,CERRADAS,Entregado,Entregado,NET_WBENITESA,SIM,1 oct 2026,1 oct 2026,null,No,CERRADAS,2026-10-02 00:29:30,Monolínea,Mono_item,Lima - Callao,null,Power ilim 79.90 SD N,null,null,10:00 - 22:00,Cerrado,Resuelto,null,VILLA MARIA DEL TRIUNFO
Netcall,1 oct 2026,11,927271484,9272714848285636339472,9283,Outbound,Portabilidad Postpago,EXPRESS,Logixtal,9342,CANCELADAS,Anulado,CLIENTE DESISTE - INFORMACIÓN INCORRECTA,NET_CGARCIAC,SIM,1 oct 2026,null,null,No,CANCELADAS,2026-10-01 12:55:32,Multilínea,Mono_item,Lima - Callao,null,null,Power ilim 69.90 N,TELEFONICAPE,10:00 - 22:00,Cancelado,Rechazado,Desconocido,VILLA MARIA DEL TRIUNFO
Netcall,1 oct 2026,6,927177597,927177597,9283,Outbound,Portabilidad Postpago,EXPRESS,Logixtal,9342,CERRADAS,Entregado,Entregado,NET_KDIAZPISCOY,SIM,1 oct 2026,1 oct 2026,null,No,CERRADAS,2026-10-02 00:32:09,Monolínea,Mono_item,Lima - Callao,null,Power ilim 79.90 SD N,null,null,10:00 - 22:00,Cerrado,Resuelto,null,VILLA MARIA DEL TRIUNFO
Netcall,1 oct 2026,17,927381500,9273815008286693988718,9283,Outbound,Portabilidad Postpago,EXPRESS,Logixtal,9342,CERRADAS,Entregado,Entregado,NET_CCONDEM,SIM,1 oct 2026,1 oct 2026,null,No,CERRADAS,2026-10-02 01:20:33,Monolínea,Mono_item,Lima - Callao,null,Power ilim 79.90 SD N,Power ilim 79.90 SD N,AmericaMovil,10:00 - 22:00,Cerrado,Resuelto,Desconocido,VILLA MARIA DEL TRIUNFO
Netcall,1 oct 2026,18,927401729,9274017298286878929151,9283,Outbound,Portabilidad Postpago,EXPRESS,Logixtal,9342,ABIERTAS,Pendiente Entrega,Pendiente Entrega,NET_DHUAYACGONZ,SIM,1 oct 2026,null,null,No,ABIERTAS,null,Monolínea,Mono_item,Lima - Callao,null,null,Power ilim 79.90 SD N,AmericaMovil,08:00 - 20:00,En Progreso,Punto de No Retorno,Desconocido,VILLA MARIA DEL TRIUNFO
Netcall,1 oct 2026,9,927231894,927231894,9283,Outbound,Portabilidad Postpago,EXPRESS,Logixtal,9342,CERRADAS,Entregado,Entregado,NET_LHUAPAYAO,SIM,1 oct 2026,1 oct 2026,null,No,CERRADAS,2026-10-02 00:34:22,Monolínea,Mono_item,Lima - Callao,null,Power ilim 69.90 N,null,null,10:00 - 22:00,Cerrado,Resuelto,null,VILLA MARIA DEL TRIUNFO
Netcall,1 oct 2026,14,927326197,9273261978286142812344,9283,Outbound,Portabilidad Postpago,EXPRESS,Logixtal,9342,CANCELADAS,Anulado,CLIENTE DESISTE - INFORMACIÓN INCORRECTA,NET_LCHAFLOQUEA,SIM,1 oct 2026,null,null,No,CANCELADAS,2026-10-01 15:20:43,Multilínea,Mono_item,Lima - Callao,null,null,Power ilim 79.90 SD N,Viettel Peru,10:00 - 22:00,Cancelado,Rechazado,Desconocido,VILLA MARIA DEL TRIUNFO
Netcall,1 oct 2026,18,927406597,9274065978286935030597,9283,Outbound,Portabilidad Postpago,PROGRAMADO,Logixtal,9342,ABIERTAS,Pendiente Entrega,Pendiente Entrega,NET_JCHAVEZC,SIM,2 oct 2026,null,null,No,ABIERTAS,null,Monolínea,Mono_item,Lima - Callao,null,null,Power ilim 69.90 N,AmericaMovil,08:00 - 13:00,En Progreso,Punto de No Retorno,Desconocido,VILLA EL SALVADOR
Netcall,1 oct 2026,12,927301722,927301722,9283,Outbound,Portabilidad Postpago,EXPRESS,Logixtal,9342,CERRADAS,Entregado,Entregado,NET_BMIRANDAFE,SIM,1 oct 2026,1 oct 2026,null,No,CERRADAS,2026-10-02 00:25:31,Monolínea,Mono_item,Lima - Callao,null,Power ilim 69.90 N,null,null,10:00 - 22:00,Cerrado,Resuelto,null,VILLA EL SALVADOR
Netcall,2 oct 2026,9,927700066,92770006689511710121083467410,9283,Outbound,Portabilidad Postpago,EXPRESS,Logixtal,9342,CANCELADAS,Pendiente Entrega,Pendiente de Picking,TLV_NET_DVALOI,SIM,2 oct 2026,null,null,No,CANCELADAS,2026-10-02 10:36:09,Monolínea,Mono_item,Lima - Callao,null,null,null,null,10:00 - 22:00,Cancelado,Rechazado,null,null
Netcall,2 oct 2026,9,927700456,92770045689511710111071071811,9283,Outbound,Portabilidad Postpago,EXPRESS,Logixtal,9342,ABIERTAS,Pendiente Entrega,Pendiente de Picking,NET_MLFERNANDEV,SIM,2 oct 2026,null,null,No,ABIERTAS,null,Monolínea,Mono_item,Lima - Callao,null,null,null,null,10:00 - 22:00,En Progreso,Punto de No Retorno,null,null
Netcall,1 oct 2026,11,927278281,9272782818285686227299,9283,Outbound,Portabilidad Postpago,PROGRAMADO,Logixtal,9342,ABIERTAS,No bop,No bop,NET_GCABALLEROB,SIM,3 oct 2026,null,null,No,ABIERTAS,null,Multilínea,Mono_item,Lima - Callao,null,null,Power ilim 79.90 SD N,Viettel Peru,08:00 - 13:00,En Progreso,En Progreso,Desconocido,VILLA EL SALVADOR
Netcall,1 oct 2026,15,927355368,927355368,9283,Outbound,Portabilidad Postpago,EXPRESS,Logixtal,9342,CERRADAS,Entregado,Entregado,NET_VMEJIAC,SIM,1 oct 2026,1 oct 2026,null,No,CERRADAS,2026-10-02 00:30:07,Monolínea,Mono_item,Lima - Callao,null,Power ilim 69.90 N,null,null,10:00 - 22:00,Cerrado,Resuelto,null,VILLA EL SALVADOR
Netcall,2 oct 2026,10,927711204,927711204Empty,9283,Outbound,Portabilidad Postpago,PROGRAMADO,Logixtal,9342,ABIERTAS,Pendiente Entrega,Pendiente de Picking,NET_TVASQUEZANG,SIM,3 oct 2026,null,null,No,ABIERTAS,null,Monolínea,Mono_item,Lima - Callao,null,null,null,null,08:00 - 13:00,En Progreso,En Progreso,null,null
Netcall,1 oct 2026,11,927273860,9272738608285651833849,9283,Outbound,Portabilidad Postpago,PROGRAMADO,Logixtal,9342,ABIERTAS,No bop,No bop,NET_GCABALLEROB,SIM,3 oct 2026,null,null,No,ABIERTAS,null,Multilínea,Mono_item,Lima - Callao,null,null,Power ilim 79.90 SD N,Viettel Peru,08:00 - 13:00,En Progreso,En Progreso,Desconocido,VILLA EL SALVADOR
Netcall,1 oct 2026,17,927382310,927382310,9283,Outbound,Portabilidad Postpago,EXPRESS,Logixtal,9342,CERRADAS,Entregado,Entregado,NET_JLIL,SIM,1 oct 2026,1 oct 2026,null,No,CERRADAS,2026-10-02 00:33:57,Monolínea,Mono_item,Lima - Callao,null,Power ilim 69.90 N,null,null,10:00 - 22:00,Cerrado,Resuelto,null,VILLA EL SALVADOR
Netcall,2 oct 2026,11,927752511,92775251189511710111073951002,9283,Outbound,Venta Regular / Alta,EXPRESS,Logixtal,9342,ABIERTAS,Pendiente Entrega,Pendiente de Picking,NET_LLEONAN,SIM,2 oct 2026,null,null,No,ABIERTAS,null,Multilínea,Mono_item,Lima - Callao,null,null,null,null,10:00 - 22:00,En Progreso,Punto de No Retorno,null,null
Netcall,1 oct 2026,10,927258906,9272589068285529939968,9283,Outbound,Portabilidad Postpago,EXPRESS,Logixtal,9342,CERRADAS,Entregado,Entregado,NET_AROJASF,SIM,1 oct 2026,1 oct 2026,null,No,CERRADAS,2026-10-02 02:00:11,Monolínea,Mono_item,Lima - Callao,null,Power ilim 69.90 N,Power ilim 69.90 N,TELEFONICAPE,10:00 - 22:00,Cerrado,Resuelto,Desconocido,VILLA EL SALVADOR
Netcall,1 oct 2026,10,927250072,927250072,9283,Outbound,Portabilidad Postpago,EXPRESS,Logixtal,9342,CERRADAS,Entregado,Entregado,NET_LFIESTASG,SIM,1 oct 2026,1 oct 2026,null,No,CERRADAS,2026-10-02 00:08:28,Multilínea,Mono_item,Lima - Callao,null,Power ilim 79.90 SD N,null,null,10:00 - 22:00,Cerrado,Resuelto,null,VILLA EL SALVADOR
Netcall,2 oct 2026,11,927746492,92774649289511710101081582519,9283,Outbound,Portabilidad Postpago,EXPRESS,Logixtal,9342,ABIERTAS,Pendiente Entrega,Pendiente de Picking,NET_IQUEREVALUL,SIM,2 oct 2026,null,null,No,ABIERTAS,null,Monolínea,Mono_item,Lima - Callao,null,null,null,null,10:00 - 22:00,En Progreso,Punto de No Retorno,null,null
Netcall,1 oct 2026,12,927301846,9273018468285925100411,9283,Outbound,Portabilidad Postpago,EXPRESS,Logixtal,9342,CERRADAS,Entregado,Entregado,NET_LLEONAN,SIM,1 oct 2026,1 oct 2026,null,No,CERRADAS,2026-10-02 01:36:44,Monolínea,Mono_item,Lima - Callao,null,Power ilim 79.90 SD N,Power ilim 79.90 SD N,AmericaMovil,10:00 - 22:00,Cerrado,Resuelto,Desconocido,VILLA EL SALVADOR
Netcall,1 oct 2026,11,927276403,9272764038285667965298,9283,Outbound,Portabilidad Postpago,PROGRAMADO,Logixtal,9342,ABIERTAS,No bop,No bop,NET_GCABALLEROB,SIM,3 oct 2026,null,null,No,ABIERTAS,null,Multilínea,Mono_item,Lima - Callao,null,null,Power ilim 79.90 SD N,Viettel Peru,08:00 - 13:00,En Progreso,En Progreso,Desconocido,VILLA EL SALVADOR
Netcall,2 oct 2026,9,927709514,927709514Empty,9301,Outbound,Portabilidad Postpago,PROGRAMADO,Logixtal,9342,ABIERTAS,Pendiente Entrega,Pendiente de Picking,NET_FBARTET,SIM,3 oct 2026,null,null,No,ABIERTAS,null,Monolínea,Mono_item,Lima - Callao,null,null,null,null,08:00 - 13:00,En Progreso,En Progreso,null,null
Netcall,2 oct 2026,7,927623982,92762398289511710121083465109,9283,Outbound,Portabilidad Postpago,EXPRESS,Logixtal,9342,ABIERTAS,Pendiente Entrega,Pendiente Entrega,NET_MMREVILLA,SIM,2 oct 2026,null,null,No,ABIERTAS,null,Monolínea,Mono_item,Lima - Callao,null,null,null,null,08:00 - 20:00,En Progreso,Punto de No Retorno,null,VILLA EL SALVADOR
Netcall,1 oct 2026,17,927388243,9273882438286755842225,5299,Outbound,Portabilidad Postpago,EXPRESS,Logixtal,9342,CERRADAS,Entregado,Entregado,NET_MCORDOVACRU,SIM,1 oct 2026,1 oct 2026,null,No,CERRADAS,2026-10-02 02:00:58,Monolínea,Mono_item,Lima - Callao,null,Power ilim 69.90 N,Power ilim 69.90 N,Viettel Peru,10:00 - 22:00,Cerrado,Resuelto,Desconocido,VILLA EL SALVADOR
Netcall,1 oct 2026,14,927329204,9273292048286246629992,9283,Outbound,Portabilidad Postpago,EXPRESS,Logixtal,9342,CANCELADAS,Anulado,CLIENTE DESISTE - INFORMACIÓN INCORRECTA,NET_KYUPANQUIC,SIM,1 oct 2026,null,null,No,CANCELADAS,2026-10-01 16:22:00,Monolínea,Mono_item,Lima - Callao,null,null,Power ilim 69.90 N,AmericaMovil,10:00 - 22:00,Cancelado,Rechazado,Desconocido,VILLA EL SALVADOR
Netcall,1 oct 2026,10,927248020,9272480208285442949672,9283,Outbound,Venta Regular / Alta,EXPRESS,Logixtal,9342,CERRADAS,Entregado,Entregado,NET_LFIESTASG,SIM,1 oct 2026,1 oct 2026,null,No,CERRADAS,2026-10-01 11:59:03,Multilínea,Mono_item,Lima - Callao,null,Power ilim 79.90 SD N,Power ilim 79.90 SD N,Desconocido,10:00 - 22:00,Cerrado,Resuelto,Desconocido,VILLA EL SALVADOR
Netcall,1 oct 2026,15,927342823,9273428238286305619321,9283,Outbound,Portabilidad Postpago,EXPRESS,Logixtal,9342,CERRADAS,Entregado,Entregado,NET_SSALAZARV,SIM,1 oct 2026,1 oct 2026,null,No,CERRADAS,2026-10-02 01:45:15,Monolínea,Mono_item,Lima - Callao,null,Power 59.90 N,Power 59.90 N,Viettel Peru,10:00 - 22:00,Cerrado,Resuelto,Desconocido,VILLA EL SALVADOR
Netcall,1 oct 2026,8,927217803,9272178038285245228939,9283,Outbound,Portabilidad Postpago,EXPRESS,Logixtal,9342,CERRADAS,Entregado,Entregado,NET_SLAZOB,SIM,1 oct 2026,1 oct 2026,null,No,CERRADAS,2026-10-02 01:54:02,Monolínea,Mono_item,Lima - Callao,null,Power ilim 69.90 N,Power ilim 69.90 N,Viettel Peru,10:00 - 22:00,Cerrado,Resuelto,Desconocido,VILLA EL SALVADOR
Netcall,2 oct 2026,11,927754304,92775430489511710111073951036,9283,Outbound,Portabilidad Postpago,EXPRESS,Logixtal,9342,ABIERTAS,Pendiente Entrega,Pendiente de Picking,NET_LLEONAN,SIM,2 oct 2026,null,null,No,ABIERTAS,null,Multilínea,Mono_item,Lima - Callao,null,null,null,null,10:00 - 22:00,En Progreso,Punto de No Retorno,null,null
Netcall,1 oct 2026,9,927244415,9272444158285405408745,9283,Outbound,Portabilidad Postpago,EXPRESS,Logixtal,9342,CANCELADAS,Anulado,PIN PORTA_NO VALIDO,NET_MLFERNANDEV,SIM,1 oct 2026,null,null,No,CANCELADAS,2026-10-01 11:05:18,Monolínea,Mono_item,Lima - Callao,null,null,Power ilim 69.90 N,TelefonicaPr,10:00 - 22:00,Cancelado,Pedido Cancelación,Portabilidad Rechazada. REC01ABD04: La numeración no pertenece al concesionario cedente. | REC01ABD04,VILLA EL SALVADOR
Netcall,2 oct 2026,11,927746430,927746430Empty,9301,Outbound,Portabilidad Postpago,PROGRAMADO,Logixtal,9342,ABIERTAS,Pendiente Entrega,Pendiente de Picking,NET_FBARTET,SIM,4 oct 2026,null,null,No,ABIERTAS,null,Monolínea,Mono_item,Lima - Callao,null,null,null,null,08:00 - 22:00,En Progreso,En Progreso,null,null
Netcall,1 oct 2026,11,927279732,9272797328285696686836,9283,Outbound,Portabilidad Postpago,PROGRAMADO,Logixtal,9342,ABIERTAS,No bop,No bop,NET_GCABALLEROB,SIM,3 oct 2026,null,null,No,ABIERTAS,null,Multilínea,Mono_item,Lima - Callao,null,null,Power ilim 79.90 SD N,Viettel Peru,08:00 - 13:00,En Progreso,En Progreso,Desconocido,VILLA EL SALVADOR
Netcall,2 oct 2026,9,927703416,927703416Empty,9283,Outbound,Portabilidad Postpago,PROGRAMADO,Logixtal,9342,ABIERTAS,Pendiente Entrega,Pendiente de Picking,TLV_NET_JPENAM,SIM,4 oct 2026,null,null,No,ABIERTAS,null,Monolínea,Mono_item,Lima - Callao,null,null,null,null,08:00 - 22:00,En Progreso,En Progreso,null,null
Netcall,1 oct 2026,15,927346605,927346605,9283,Outbound,Portabilidad Postpago,EXPRESS,Logixtal,5023,CERRADAS,Entregado,Entregado,NET_LTORRESP,SIM,1 oct 2026,1 oct 2026,null,No,CERRADAS,2026-10-02 00:14:34,Monolínea,Mono_item,La Libertad,null,Power ilim 79.90 SD N,null,null,10:00 - 20:00,Cerrado,Resuelto,null,VICTOR LARCO HERRERA
Netcall,1 oct 2026,15,927342931,9273429318286322846410,9283,Outbound,Portabilidad Postpago,EXPRESS,Logixtal,5023,CERRADAS,Entregado,Entregado,NET_BCUSQUISIVA,SIM,1 oct 2026,1 oct 2026,null,No,CERRADAS,2026-10-02 02:00:00,Monolínea,Mono_item,La Libertad,null,Power ilim 69.90 N,Power ilim 69.90 N,TELEFONICAPE,10:00 - 20:00,Cerrado,Resuelto,Desconocido,VICTOR LARCO HERRERA
Netcall,1 oct 2026,9,927234475,9272344758285318778287,9283,Outbound,Portabilidad Postpago,EXPRESS,Logixtal,5023,CERRADAS,Entregado,Entregado,NET_THUAMANIP,SIM,1 oct 2026,1 oct 2026,null,No,CERRADAS,2026-10-02 01:55:37,Monolínea,Mono_item,La Libertad,null,Power ilim 69.90 N,Power ilim 69.90 N,Viettel Peru,10:00 - 20:00,Cerrado,Resuelto,Desconocido,VICTOR LARCO HERRERA
Netcall,1 oct 2026,16,927376112,9273761128286640975891,9283,Outbound,Portabilidad Postpago,PROGRAMADO,Logixtal,9001,ABIERTAS,Pendiente Entrega,Pendiente Entrega,NET_SINGAC,SIM,2 oct 2026,null,null,No,ABIERTAS,null,Monolínea,Mono_item,Lima - Callao,null,null,Power ilim 69.90 N,Viettel Peru,13:01 - 22:00,En Progreso,Punto de No Retorno,Desconocido,VENTANILLA
Netcall,2 oct 2026,11,927740298,927740298Empty,5299,Outbound,Portabilidad Postpago,EXPRESS,Logixtal,9001,ABIERTAS,Pendiente Entrega,Pendiente de Picking,NET_CPORRASP,SIM,2 oct 2026,null,null,No,ABIERTAS,null,Monolínea,Mono_item,Lima - Callao,null,null,null,null,10:00 - 22:00,En Progreso,En Progreso,null,null
Netcall,1 oct 2026,12,927303917,9273039178285935266527,9283,Outbound,Portabilidad Postpago,PROGRAMADO,Logixtal,9001,ABIERTAS,Pendiente Entrega,Pendiente Entrega,NET_DVILLALOBOS,SIM,2 oct 2026,null,null,No,ABIERTAS,null,Monolínea,Mono_item,Lima - Callao,null,null,Power ilim 79.90 SD N,AmericaMovil,08:00 - 13:00,En Progreso,Punto de No Retorno,Desconocido,VENTANILLA
Netcall,1 oct 2026,17,927385973,9273859738286740550944,9283,Outbound,Portabilidad Postpago,PROGRAMADO,Logixtal,9001,ABIERTAS,Pendiente Entrega,Pendiente Entrega,TLV_NET_MFARFAN,SIM,2 oct 2026,null,null,No,ABIERTAS,null,Monolínea,Mono_item,Lima - Callao,null,null,Power ilim 69.90 N,AmericaMovil,13:01 - 22:00,En Progreso,Punto de No Retorno,Desconocido,VENTANILLA
Netcall,1 oct 2026,12,927297514,9272975148285875327452,9283,Outbound,Portabilidad Postpago,PROGRAMADO,Logixtal,9001,ABIERTAS,Pendiente Entrega,Pendiente Entrega,NET_MZEVALLOSMA,SIM,2 oct 2026,null,null,No,ABIERTAS,null,Multilínea,Mono_item,Lima - Callao,null,null,Power ilim 69.90 N,TELEFONICAPE,08:00 - 13:00,En Progreso,Punto de No Retorno,Desconocido,VENTANILLA
Netcall,1 oct 2026,18,927400615,9274006158286879505329,9283,Outbound,Portabilidad Postpago,PROGRAMADO,Logixtal,9001,ABIERTAS,Pendiente Entrega,Pendiente Entrega,TLV_NET_JSOTOZ,SIM,2 oct 2026,null,null,No,ABIERTAS,null,Multilínea,Mono_item,Lima - Callao,null,null,Power ilim 79.90 SD N,AmericaMovil,13:01 - 22:00,En Progreso,Punto de No Retorno,Desconocido,VENTANILLA
Netcall,1 oct 2026,9,927236582,9272365828285333640340,9283,Outbound,Portabilidad Postpago,EXPRESS,Logixtal,9001,CANCELADAS,Anulado,DIRECCIÓN ERRADA,NET_SDIAZO,SIM,1 oct 2026,null,null,No,CANCELADAS,2026-10-01 11:26:30,Monolínea,Mono_item,Lima - Callao,null,null,Power ilim 69.90 N,AmericaMovil,10:00 - 22:00,Cancelado,Rechazado,Desconocido,VENTANILLA
Netcall,1 oct 2026,12,927292099,9272920998285815498312,9283,Outbound,Portabilidad Postpago,PROGRAMADO,Logixtal,9001,ABIERTAS,Pendiente Entrega,Pendiente Entrega,NET_CALVANC,SIM,2 oct 2026,null,null,No,ABIERTAS,null,Monolínea,Mono_item,Lima - Callao,null,null,Power ilim 79.90 SD N,TELEFONICAPE,08:00 - 13:00,En Progreso,Punto de No Retorno,Desconocido,VENTANILLA
Netcall,1 oct 2026,18,927402230,9274022308286890653627,9283,Outbound,Portabilidad Postpago,PROGRAMADO,Logixtal,9001,ABIERTAS,Pendiente Entrega,Pendiente Entrega,TLV_NET_JSOTOZ,SIM,2 oct 2026,null,null,No,ABIERTAS,null,Multilínea,Mono_item,Lima - Callao,null,null,Power ilim 79.90 SD N,Viettel Peru,13:01 - 22:00,En Progreso,Punto de No Retorno,Desconocido,VENTANILLA
Netcall,1 oct 2026,12,927302639,9273026398285917748429,9283,Outbound,Portabilidad Postpago,PROGRAMADO,Logixtal,9001,ABIERTAS,Pendiente Entrega,Pendiente Entrega,NET_CTRAVIM,SIM,2 oct 2026,null,null,No,ABIERTAS,null,Monolínea,Mono_item,Lima - Callao,null,null,Power ilim 69.90 N,TELEFONICAPE,13:01 - 22:00,En Progreso,Punto de No Retorno,Desconocido,VENTANILLA
Netcall,2 oct 2026,10,927722527,92772252789511710111087004426,9283,Outbound,Portabilidad Postpago,EXPRESS,Logixtal,9001,ABIERTAS,Pendiente Entrega,Pendiente de Picking,NET_MAZCARATED,SIM,2 oct 2026,null,null,No,ABIERTAS,null,Multilínea,Mono_item,Lima - Callao,null,null,null,null,10:00 - 22:00,En Progreso,En Progreso,null,null
Netcall,1 oct 2026,14,927338099,9273380998286259414324,9283,Outbound,Portabilidad Postpago,PROGRAMADO,Logixtal,9001,ABIERTAS,Pendiente Entrega,Pendiente Entrega,TLV_NET_CURCIAR,SIM,2 oct 2026,null,null,No,ABIERTAS,null,Multilínea,Mono_item,Lima - Callao,null,null,Power ilim 79.90 SD N,TELEFONICAPE,13:01 - 22:00,En Progreso,Punto de No Retorno,Desconocido,VENTANILLA
Netcall,1 oct 2026,17,927389710,9273897108286768915590,9283,Outbound,Portabilidad Postpago,PROGRAMADO,Logixtal,9001,ABIERTAS,Pendiente Entrega,Pendiente Entrega,TLV_NET_MFARFAN,SIM,2 oct 2026,null,null,No,ABIERTAS,null,Monolínea,Mono_item,Lima - Callao,null,null,Power ilim 69.90 N,AmericaMovil,13:01 - 22:00,En Progreso,Punto de No Retorno,Desconocido,VENTANILLA
Netcall,1 oct 2026,10,927232110,9272321108285421028554,9283,Outbound,Portabilidad Postpago,EXPRESS,Logixtal,9001,ABIERTAS,Pendiente Entrega,Pendiente Entrega,NET_ARIVERA,SIM,1 oct 2026,null,null,No,ABIERTAS,null,Monolínea,Mono_item,Lima - Callao,null,null,Power ilim 69.90 N,TELEFONICAPE,10:00 - 22:00,En Progreso,Punto de No Retorno,Desconocido,VENTANILLA
Netcall,1 oct 2026,9,927236232,9272362328285389275812,9283,Outbound,Portabilidad Postpago,EXPRESS,Logixtal,9001,CANCELADAS,Anulado,DIRECCIÓN ERRADA,NET_MZEVALLOSMA,SIM,1 oct 2026,null,null,No,CANCELADAS,2026-10-01 10:49:46,Multilínea,Mono_item,Lima - Callao,null,null,Power ilim 69.90 N,TELEFONICAPE,10:00 - 22:00,Cancelado,Rechazado,Desconocido,VENTANILLA
Netcall,2 oct 2026,10,927728495,92772849589511710111087038564,9283,Outbound,Portabilidad Postpago,EXPRESS,Logixtal,9001,ABIERTAS,Pendiente Entrega,Pendiente de Picking,NET_GCABALLEROC,SIM,2 oct 2026,null,null,No,ABIERTAS,null,Monolínea,Mono_item,Lima - Callao,null,null,null,null,10:00 - 22:00,En Progreso,Punto de No Retorno,null,null
Netcall,2 oct 2026,11,927740407,927740407Empty,9283,Outbound,Portabilidad Postpago,EXPRESS,Logixtal,9001,ABIERTAS,Pendiente Entrega,Pendiente de Picking,NET_RGUTIERREZS,SIM,2 oct 2026,null,null,No,ABIERTAS,null,Monolínea,Mono_item,Lima - Callao,null,null,null,null,10:00 - 22:00,En Progreso,En Progreso,null,null
Netcall,1 oct 2026,10,927254698,9272546988285497234367,9283,Outbound,Portabilidad Postpago,EXPRESS,Logixtal,9001,CANCELADAS,Anulado,CLIENTE DESISTE - NO BRINDA MOTIVOS,NET_AROJASF,SIM,1 oct 2026,null,null,No,CANCELADAS,2026-10-01 11:02:59,Monolínea,Mono_item,Lima - Callao,null,null,Power ilim 69.90 N,Viettel Peru,10:00 - 22:00,Cancelado,Rechazado,Desconocido,VENTANILLA
Netcall,1 oct 2026,14,927337034,9273370348286249539214,9283,Outbound,Portabilidad Postpago,PROGRAMADO,Logixtal,9001,ABIERTAS,Pendiente Entrega,Pendiente Entrega,TLV_NET_CURCIAR,SIM,2 oct 2026,null,null,No,ABIERTAS,null,Multilínea,Mono_item,Lima - Callao,null,null,Power ilim 79.90 SD N,TELEFONICAPE,13:01 - 22:00,En Progreso,Punto de No Retorno,Desconocido,VENTANILLA
Netcall,1 oct 2026,17,927392737,9273927378286798036575,9283,Outbound,Portabilidad Postpago,PROGRAMADO,Logixtal,9001,ABIERTAS,Pendiente Entrega,Pendiente Entrega,NET_YRAYMUNDOTA,SIM,2 oct 2026,null,null,No,ABIERTAS,null,Monolínea,Mono_item,Lima - Callao,null,null,Power ilim 69.90 N,TELEFONICAPE,13:01 - 22:00,En Progreso,Punto de No Retorno,Desconocido,VENTANILLA
Netcall,2 oct 2026,9,927697238,92769723889511710111087038515,9283,Outbound,Portabilidad Postpago,EXPRESS,Logixtal,9001,ABIERTAS,Pendiente Entrega,Pendiente de Picking,TLV_NET_YAQUINO,SIM,2 oct 2026,null,null,No,ABIERTAS,null,Monolínea,Mono_item,Lima - Callao,null,null,null,null,10:00 - 22:00,En Progreso,Punto de No Retorno,null,null
Netcall,1 oct 2026,12,927299166,9272991668285883720725,9283,Outbound,Portabilidad Postpago,PROGRAMADO,Logixtal,9001,ABIERTAS,Pendiente Entrega,Pendiente Entrega,NET_IROSALESA,SIM,2 oct 2026,null,null,No,ABIERTAS,null,Monolínea,Mono_item,Lima - Callao,null,null,Power ilim 79.90 SD N,AmericaMovil,13:01 - 22:00,En Progreso,Punto de No Retorno,Desconocido,VENTANILLA
Netcall,1 oct 2026,10,927224798,9272247988285421208403,9283,Outbound,Portabilidad Postpago,EXPRESS,Logixtal,9001,ABIERTAS,Pendiente Entrega,Pendiente Entrega,NET_ARIVERA,SIM,1 oct 2026,null,null,No,ABIERTAS,null,Monolínea,Mono_item,Lima - Callao,null,null,Power ilim 69.90 N,TELEFONICAPE,10:00 - 22:00,En Progreso,Punto de No Retorno,Desconocido,VENTANILLA
Netcall,2 oct 2026,10,927725265,92772526589511710111087004434,9283,Outbound,Portabilidad Postpago,EXPRESS,Logixtal,9001,ABIERTAS,Pendiente Entrega,Pendiente de Picking,NET_MAZCARATED,SIM,2 oct 2026,null,null,No,ABIERTAS,null,Multilínea,Mono_item,Lima - Callao,null,null,null,null,10:00 - 22:00,En Progreso,En Progreso,null,null
Netcall,1 oct 2026,18,927409112,9274091128286960665252,9283,Outbound,Portabilidad Postpago,PROGRAMADO,Logixtal,5021,ABIERTAS,Pendiente Entrega,Pendiente Entrega,TLV_NET_DVALOI,SIM,2 oct 2026,null,null,No,ABIERTAS,null,Monolínea,Mono_item,Piura,null,null,Power ilim 69.90 N,Viettel Peru,09:00 - 13:00,En Progreso,Punto de No Retorno,Desconocido,VEINTISEIS DE OCTUBRE
Netcall,1 oct 2026,12,927304072,9273040728285939534411,9283,Outbound,Portabilidad Postpago,EXPRESS,Logixtal,5021,CERRADAS,Entregado,Entregado,TLV_NET_DSANC,SIM,1 oct 2026,1 oct 2026,null,No,CERRADAS,2026-10-02 00:49:31,Monolínea,Mono_item,Piura,null,Power ilim 79.90 SD N,Power ilim 79.90 SD N,TELEFONICAPE,10:00 - 20:00,Cerrado,Resuelto,Desconocido,VEINTISEIS DE OCTUBRE
Netcall,2 oct 2026,11,927740940,92774094089511710111070538935,9283,Outbound,Portabilidad Postpago,EXPRESS,Logixtal,5021,ABIERTAS,Entregado,Entregado,NET_MZEVALLOSMA,SIM,2 oct 2026,null,null,No,ABIERTAS,null,Monolínea,Mono_item,Piura,null,null,null,null,10:00 - 20:00,En Progreso,Pago Recibido,null,null
Netcall,2 oct 2026,9,927695204,92769520489511710111068551668,9283,Outbound,Portabilidad Postpago,EXPRESS,Logixtal,5021,ABIERTAS,Entregado,Entregado,TLV_NET_CACEVED,SIM,2 oct 2026,null,null,No,ABIERTAS,null,Monolínea,Mono_item,Piura,null,null,null,null,10:00 - 20:00,En Progreso,Pago Recibido,null,null
Netcall,1 oct 2026,14,927339810,927339810,9283,Outbound,Portabilidad Postpago,EXPRESS,Logixtal,5021,CERRADAS,Entregado,Entregado,NET_SSUAREZG,SIM,1 oct 2026,1 oct 2026,null,No,CERRADAS,2026-10-02 00:39:25,Monolínea,Mono_item,Piura,null,Power ilim 79.90 SD N,null,null,10:00 - 20:00,Cerrado,Resuelto,null,VEINTISEIS DE OCTUBRE
Netcall,2 oct 2026,11,927749758,927749758Empty,9283,Outbound,Portabilidad Postpago,EXPRESS,Logixtal,5021,ABIERTAS,Pendiente Entrega,Pendiente de Picking,NET_CDACHAC,SIM,2 oct 2026,null,null,No,ABIERTAS,null,Monolínea,Mono_item,Piura,null,null,null,null,10:00 - 20:00,En Progreso,En Progreso,null,null
Netcall,1 oct 2026,10,927247324,9272473248285430180301,9283,Outbound,Portabilidad Postpago,EXPRESS,Logixtal,5021,CERRADAS,Entregado,Entregado,NET_SBENITESL,SIM,1 oct 2026,1 oct 2026,null,No,CERRADAS,2026-10-02 03:44:13,Monolínea,Mono_item,Piura,null,Power ilim 69.90 N,Power ilim 69.90 N,AmericaMovil,10:00 - 20:00,Cerrado,Resuelto,Desconocido,VEINTISEIS DE OCTUBRE
Netcall,1 oct 2026,16,927365193,927365193,9223,Fidelización,Renovación,PROGRAMADO,Logixtal,9001,ABIERTAS,No bop,No bop,NET_PJORDINOLAG,Equipo,3 oct 2026,null,null,No,ABIERTAS,null,Multilínea,Mono_item,Lima - Callao,null,null,null,null,09:00 - 20:00,En Progreso,En Progreso,null,VEGUETA
Netcall,2 oct 2026,9,927704186,927704186Empty,9283,Outbound,Portabilidad Postpago,RETIRO EN TIENDA,Retiro en tienda,3073,ABIERTAS,Pendiente Entrega,Pendiente Entrega,TLV_NET_DVALOI,SIM,2 oct 2026,null,null,No,ABIERTAS,null,Multilínea,Mono_item,Amazonas,null,null,null,null,16:45 - 21:00,En Progreso,En Progreso,null,null
Netcall,2 oct 2026,9,927704948,927704948Empty,9283,Outbound,Venta Regular / Alta,RETIRO EN TIENDA,Retiro en tienda,3073,ABIERTAS,Pendiente Entrega,Pendiente Entrega,TLV_NET_DVALOI,SIM,2 oct 2026,null,null,No,ABIERTAS,null,Multilínea,Mono_item,Amazonas,null,null,null,null,16:45 - 21:00,En Progreso,En Progreso,null,null
Netcall,1 oct 2026,16,927365895,9273658958286533821790,9283,Outbound,Portabilidad Postpago,EXPRESS,Logixtal,5302,ABIERTAS,Pendiente Entrega,Pendiente Entrega,NET_KSOLORZANOV,SIM,1 oct 2026,null,null,No,ABIERTAS,null,Monolínea,Mono_item,Tumbes,null,null,Power ilim 69.90 N,TELEFONICAPE,10:00 - 20:00,En Progreso,Punto de No Retorno,Desconocido,TUMBES
Netcall,2 oct 2026,9,927706524,927706524Empty,9283,Outbound,Portabilidad Postpago,PROGRAMADO,Retiro en tienda,5302,ABIERTAS,Pendiente Entrega,Pendiente Entrega,NET_GGALLARDAYA,SIM,5 oct 2026,null,null,No,ABIERTAS,null,Monolínea,Mono_item,Tumbes,null,null,null,null,13:01 - 19:00,En Progreso,En Progreso,null,null
Netcall,1 oct 2026,14,927328758,927328758,9283,Outbound,Portabilidad Postpago,EXPRESS,Logixtal,5023,CERRADAS,Entregado,Entregado,NET_TANCHANTEG,SIM,1 oct 2026,1 oct 2026,null,No,CERRADAS,2026-10-02 00:31:20,Multilínea,Mono_item,La Libertad,null,Power ilim 79.90 SD N,null,null,10:00 - 20:00,Cerrado,Resuelto,null,TRUJILLO
Netcall,1 oct 2026,16,927368551,9273685518286554088677,9283,Outbound,Portabilidad Postpago,RETIRO EN TIENDA,Retiro en tienda,3043,CANCELADAS,Cancelado,Cancelado,NET_KCHAVEZF,SIM,1 oct 2026,null,null,No,CANCELADAS,2026-10-01 22:46:15,Multilínea,Mono_item,La Libertad,null,null,Power ilim 79.90 SD N,TELEFONICAPE,09:00 - 21:00,Cancelado,Rechazado,Portabilidad Rechazada. REC01ABD15: El Código NIP es invalido | REC01ABD15,null
Netcall,2 oct 2026,11,927747625,927747625Empty,9223,Fidelización,Renovación,RETIRO EN TIENDA,Retiro en tienda,1027,ABIERTAS,Pendiente Entrega,Pendiente Entrega,NET_RNAVARROC,Equipo,2 oct 2026,null,null,No,ABIERTAS,null,Multilínea,Mono_item,La Libertad,null,null,null,null,09:00 - 21:00,En Progreso,En Progreso,null,null
Netcall,1 oct 2026,14,927328170,9273281708286164990954,9283,Outbound,Portabilidad Postpago,EXPRESS,Logixtal,5023,CERRADAS,Entregado,Entregado,NET_TANCHANTEG,SIM,1 oct 2026,1 oct 2026,null,No,CERRADAS,2026-10-02 01:47:30,Multilínea,Mono_item,La Libertad,null,Power ilim 79.90 SD N,Power ilim 79.90 SD N,TELEFONICAPE,10:00 - 20:00,Cerrado,Resuelto,Desconocido,TRUJILLO
Netcall,1 oct 2026,10,927260020,9272600208285533604557,9283,Outbound,Portabilidad Postpago,EXPRESS,Logixtal,5023,CERRADAS,Entregado,Entregado,NET_LCONDORIG,SIM,1 oct 2026,1 oct 2026,null,No,CERRADAS,2026-10-02 04:16:50,Monolínea,Mono_item,La Libertad,null,Power ilim 69.90 N,Power ilim 69.90 N,AmericaMovil,10:00 - 20:00,Cerrado,Resuelto,Desconocido,TRUJILLO
Netcall,1 oct 2026,15,927341224,9273412248286288096685,9271,Outbound,Portabilidad Postpago,EXPRESS,Logixtal,5023,CERRADAS,Entregado,Entregado,NET_VAYALAS,SIM,1 oct 2026,1 oct 2026,null,No,CERRADAS,2026-10-02 01:02:44,Monolínea,Mono_item,La Libertad,null,Power ilim 69.90 N,Power ilim 69.90 N,TELEFONICAPE,10:00 - 20:00,Cerrado,Resuelto,Desconocido,TRUJILLO
Netcall,1 oct 2026,13,927311164,9273111648286006211063,9283,Outbound,Portabilidad Postpago,RETIRO EN TIENDA,Retiro en tienda,3043,CERRADAS,Entregado,Entregado,NET_LTORRESP,SIM,1 oct 2026,1 oct 2026,null,No,CERRADAS,2026-10-02 01:36:01,Monolínea,Mono_item,La Libertad,null,Power ilim 69.90 N,Power ilim 69.90 N,TELEFONICAPE,09:00 - 21:00,Cerrado,Resuelto,Desconocido,null
Netcall,1 oct 2026,9,927238415,9272384158285354412179,9283,Outbound,Portabilidad Postpago,EXPRESS,Logixtal,5023,ABIERTAS,Anulado,CLIENTE AUSENTE,NET_CMENESESV,SIM,1 oct 2026,null,null,No,ABIERTAS,null,Monolínea,Mono_item,La Libertad,null,null,Power ilim 79.90 SD N,AmericaMovil,10:00 - 20:00,En Progreso,Punto de No Retorno,Desconocido,TRUJILLO
Netcall,1 oct 2026,16,927370238,9273702388286580255064,9283,Outbound,Portabilidad Postpago,RETIRO EN TIENDA,Retiro en tienda,3043,CANCELADAS,Cancelado,Cancelado,NET_KCHAVEZF,SIM,1 oct 2026,null,null,No,CANCELADAS,2026-10-01 22:16:00,Multilínea,Multi_item,La Libertad,null,null,Power ilim 79.90 SD N,TELEFONICAPE,09:00 - 21:00,Cancelado,Pedido Cancelación,Desconocido,null
Netcall,1 oct 2026,16,927371723,9273717238286589115843,9283,Outbound,Portabilidad Postpago,RETIRO EN TIENDA,Retiro en tienda,3043,CANCELADAS,Cancelado,Cancelado,NET_KCHAVEZF,SIM,1 oct 2026,null,null,No,CANCELADAS,2026-10-01 22:55:59,Multilínea,Mono_item,La Libertad,null,null,Power ilim 79.90 SD N,TELEFONICAPE,09:00 - 21:00,Cancelado,Rechazado,Desconocido,null
Netcall,1 oct 2026,20,927438138,9274381388287271016906,9283,Outbound,Portabilidad Postpago,PROGRAMADO,Logixtal,5023,ABIERTAS,Pendiente Entrega,Pendiente Entrega,TLV_NET_MCHAMBI,SIM,3 oct 2026,null,null,No,ABIERTAS,null,Monolínea,Mono_item,La Libertad,null,null,Power ilim 69.90 N,AmericaMovil,09:00 - 13:00,En Progreso,Punto de No Retorno,Desconocido,TRUJILLO
Netcall,1 oct 2026,16,927370238,9273702388286580223847,9283,Outbound,Portabilidad Postpago,RETIRO EN TIENDA,Retiro en tienda,3043,CANCELADAS,Cancelado,Cancelado,NET_KCHAVEZF,SIM,1 oct 2026,null,null,No,CANCELADAS,2026-10-01 22:16:00,Multilínea,Multi_item,La Libertad,null,null,Power ilim 79.90 SD N,TELEFONICAPE,09:00 - 21:00,Cancelado,Pedido Cancelación,Portabilidad Rechazada. REC01ABD15: El Código NIP es invalido | REC01ABD15,null
Netcall,2 oct 2026,9,927695954,92769595489511710111071769182,9283,Outbound,Portabilidad Postpago,EXPRESS,Logixtal,5023,ABIERTAS,Entregado,Entregado,NET_RDULANTORO,SIM,2 oct 2026,null,null,No,ABIERTAS,null,Monolínea,Mono_item,La Libertad,null,null,null,null,10:00 - 20:00,En Progreso,Punto de No Retorno,null,null
Netcall,1 oct 2026,14,927327349,927327349,9283,Outbound,Portabilidad Postpago,EXPRESS,Logixtal,5023,CERRADAS,Entregado,Entregado,NET_TANCHANTEG,SIM,1 oct 2026,1 oct 2026,null,No,CERRADAS,2026-10-02 00:18:05,Monolínea,Mono_item,La Libertad,null,Power ilim 69.90 N,null,null,10:00 - 20:00,Cerrado,Resuelto,null,TRUJILLO
Netcall,2 oct 2026,10,927716443,92771644389511710111087242232,9283,Outbound,Portabilidad Postpago,EXPRESS,Logixtal,5023,ABIERTAS,Entregado,Entregado,NET_LCAMPOSCABR,SIM,2 oct 2026,null,null,No,ABIERTAS,null,Multilínea,Mono_item,La Libertad,null,null,null,null,10:00 - 20:00,En Progreso,Punto de No Retorno,null,null
Netcall,1 oct 2026,14,927327813,9273278138286163202641,9283,Outbound,Portabilidad Postpago,EXPRESS,Logixtal,5023,CANCELADAS,Anulado,CLIENTE YA NO DESEA PRODUCTO,NET_DEGALLARDOA,SIM,1 oct 2026,null,null,No,CANCELADAS,2026-10-01 18:22:32,Monolínea,Mono_item,La Libertad,null,null,Power ilim 79.90 SD N,TELEFONICAPE,10:00 - 20:00,Cancelado,Rechazado,Desconocido,TRUJILLO
Netcall,2 oct 2026,8,927664484,927664484Empty,9283,Outbound,Portabilidad Postpago,RETIRO EN TIENDA,Retiro en tienda,1027,ABIERTAS,Pendiente Entrega,Pendiente Entrega,NET_LTORRESP,SIM,2 oct 2026,null,null,No,ABIERTAS,null,Monolínea,Mono_item,La Libertad,null,null,null,null,09:00 - 21:00,En Progreso,En Progreso,null,null
Netcall,2 oct 2026,10,927719694,92771969489511710111087242224,9283,Outbound,Portabilidad Postpago,EXPRESS,Logixtal,5023,ABIERTAS,Entregado,Entregado,NET_LCAMPOSCABR,SIM,2 oct 2026,null,null,No,ABIERTAS,null,Multilínea,Mono_item,La Libertad,null,null,null,null,10:00 - 20:00,En Progreso,Punto de No Retorno,null,null
Netcall,2 oct 2026,9,927700296,92770029689511710111071775965,9271,Outbound,Portabilidad Postpago,EXPRESS,Logixtal,5023,ABIERTAS,Entregado,Entregado,NET_KGUTIERREZV,SIM,2 oct 2026,null,null,No,ABIERTAS,null,Monolínea,Mono_item,La Libertad,null,null,null,null,10:00 - 20:00,En Progreso,Punto de No Retorno,null,null
Netcall,1 oct 2026,13,927317727,9273177278286071565312,9271,Outbound,Portabilidad Postpago,EXPRESS,Logixtal,5023,CANCELADAS,Cancelado,CANCELADA EN OMNIX,NET_RCEVERINOL,SIM,1 oct 2026,null,null,No,CANCELADAS,2026-10-01 13:47:02,Monolínea,Mono_item,La Libertad,null,null,Power ilim 79.90 SD N,AmericaMovil,10:00 - 20:00,Cancelado,Rechazado,Desconocido,TRUJILLO
Netcall,2 oct 2026,9,927707900,92770790089511710111071776237,9271,Outbound,Portabilidad Postpago,EXPRESS,Logixtal,5023,ABIERTAS,Entregado,Entregado,NET_CREYESJ,SIM,2 oct 2026,null,null,No,ABIERTAS,null,Monolínea,Mono_item,La Libertad,null,null,null,null,10:00 - 20:00,En Progreso,Punto de No Retorno,null,null
Netcall,2 oct 2026,10,927723993,927723993Empty,9283,Outbound,Portabilidad Postpago,PROGRAMADO,Logixtal,5022,ABIERTAS,Pendiente Entrega,Pendiente de Picking,NET_LHUAPAYAO,SIM,7 oct 2026,null,null,No,ABIERTAS,null,Multilínea,Mono_item,Arequipa,null,null,null,null,09:00 - 16:00,En Progreso,En Progreso,null,null
Netcall,2 oct 2026,10,927719267,927719267Empty,9283,Outbound,Portabilidad Postpago,PROGRAMADO,Logixtal,5022,ABIERTAS,Pendiente Entrega,Pendiente de Picking,NET_LHUAPAYAO,SIM,7 oct 2026,null,null,No,ABIERTAS,null,Multilínea,Mono_item,Arequipa,null,null,null,null,09:00 - 16:00,En Progreso,En Progreso,null,null
Netcall,1 oct 2026,11,927285935,9272859358285755799749,9259,Outbound,Portabilidad Postpago,RETIRO EN TIENDA,Retiro en tienda,3138,CERRADAS,Entregado,Entregado,NET_CBIELICHR,SIM,1 oct 2026,1 oct 2026,null,No,CERRADAS,2026-10-02 00:59:42,Multilínea,Mono_item,Junin,null,Power ilim 79.90 SD N,Power ilim 79.90 SD N,AmericaMovil,09:00 - 21:00,Cerrado,Resuelto,Desconocido,null
Netcall,1 oct 2026,9,927243304,9272433048285393143990,9259,Outbound,Portabilidad Postpago,RETIRO EN TIENDA,Retiro en tienda,3138,CANCELADAS,Cancelado,Cancelado,NET_CBIELICHR,SIM,1 oct 2026,null,null,No,CANCELADAS,2026-10-01 12:10:29,Multilínea,Mono_item,Junin,null,null,Power ilim 79.90 SD N,AmericaMovil,09:00 - 21:00,Cancelado,Rechazado,Desconocido,null
Netcall,1 oct 2026,16,927366649,9273666498286541458984,9283,Outbound,Portabilidad Postpago,RETIRO EN TIENDA,Retiro en tienda,3138,CERRADAS,Entregado,Entregado,NET_EMACHEROT,SIM,1 oct 2026,1 oct 2026,null,No,CERRADAS,2026-10-02 02:03:33,Monolínea,Mono_item,Junin,null,Power ilim 69.90 N,Power ilim 69.90 N,TELEFONICAPE,09:00 - 21:00,Cerrado,Resuelto,Desconocido,null
Netcall,1 oct 2026,14,927332309,927332309,9283,Outbound,Portabilidad Postpago,RETIRO EN TIENDA,Retiro en tienda,3138,CERRADAS,Entregado,Entregado,NET_YRAYMUNDOTA,SIM,1 oct 2026,1 oct 2026,null,No,CERRADAS,2026-10-02 00:34:32,Monolínea,Mono_item,Junin,null,Power ilim 79.90 SD N,null,null,09:00 - 21:00,Cerrado,Resuelto,null,null
Netcall,1 oct 2026,9,927239666,9272396668285358470623,9259,Outbound,Portabilidad Postpago,RETIRO EN TIENDA,Retiro en tienda,3138,CERRADAS,Entregado,Entregado,NET_CBIELICHR,SIM,1 oct 2026,1 oct 2026,null,No,CERRADAS,2026-10-02 00:53:00,Multilínea,Mono_item,Junin,null,Power ilim 79.90 SD N,Power ilim 79.90 SD N,AmericaMovil,09:00 - 21:00,Cerrado,Resuelto,Desconocido,null
Netcall,1 oct 2026,11,927283254,9272832548285727562815,9283,Outbound,Portabilidad Postpago,EXPRESS,Logixtal,9352,CERRADAS,Entregado,Entregado,TLV_NET_LPULIDO,SIM,1 oct 2026,1 oct 2026,null,No,CERRADAS,2026-10-02 00:59:17,Monolínea,Mono_item,San Martin,null,Power ilim 69.90 N,Power ilim 69.90 N,TELEFONICAPE,10:00 - 20:00,Cerrado,Resuelto,Desconocido,TARAPOTO
Netcall,1 oct 2026,17,927379274,9273792748286679168324,9283,Outbound,Portabilidad Postpago,PROGRAMADO,Logixtal,9352,ABIERTAS,Pendiente Entrega,Pendiente Entrega,TLV_NET_DGARCIA,SIM,2 oct 2026,null,null,No,ABIERTAS,null,Monolínea,Mono_item,San Martin,null,null,Power ilim 69.90 N,Viettel Peru,09:00 - 13:00,En Progreso,En Progreso,Desconocido,TARAPOTO
Netcall,1 oct 2026,13,927313250,9273132508286029977141,9283,Outbound,Portabilidad Postpago,EXPRESS,Logixtal,9352,CERRADAS,Entregado,Entregado,NET_GSILVAF,SIM,1 oct 2026,1 oct 2026,null,No,CERRADAS,2026-10-02 01:05:20,Monolínea,Mono_item,San Martin,null,Power ilim 69.90 N,Power ilim 69.90 N,Viettel Peru,10:00 - 20:00,Cerrado,Resuelto,Desconocido,TARAPOTO
Netcall,1 oct 2026,10,927246433,9272464338285422148679,9283,Outbound,Portabilidad Postpago,EXPRESS,Logixtal,9352,ABIERTAS,Pendiente Entrega,Pendiente Entrega,NET_SLAZOB,SIM,1 oct 2026,null,null,No,ABIERTAS,null,Monolínea,Mono_item,San Martin,null,null,Power ilim 69.90 N,Viettel Peru,08:00 - 20:00,En Progreso,Punto de No Retorno,Desconocido,TARAPOTO
Netcall,2 oct 2026,9,927710179,92771017989511710101045171805,9283,Outbound,Portabilidad Postpago,EXPRESS,Retiro en tienda,9347,ABIERTAS,Entregado,Entregado,NET_EALBORNOZR,SIM,2 oct 2026,null,null,No,ABIERTAS,null,Monolínea,Mono_item,Madre De Dios,null,null,null,null,10:00 - 20:00,En Progreso,Punto de No Retorno,null,null
Netcall,1 oct 2026,12,927297250,9272972508285871009396,5299,Outbound,Portabilidad Postpago,EXPRESS,Logixtal,9347,CERRADAS,Entregado,Entregado,NET_SCHUMIOQUEP,SIM,1 oct 2026,1 oct 2026,null,No,CERRADAS,2026-10-02 01:17:59,Monolínea,Mono_item,Madre De Dios,null,Power ilim 69.90 N,Power ilim 69.90 N,TELEFONICAPE,10:00 - 20:00,Cerrado,Resuelto,Desconocido,TAMBOPATA
Netcall,1 oct 2026,9,927242204,9272422048285382221822,9271,Outbound,Portabilidad Postpago,PROGRAMADO,Logixtal,9347,ABIERTAS,Pendiente Entrega,Pendiente Entrega,NET_STITOP,SIM,2 oct 2026,null,null,No,ABIERTAS,null,Monolínea,Mono_item,Madre De Dios,null,null,Power ilim 79.90 SD N,AmericaMovil,13:01 - 19:00,En Progreso,En Progreso,Desconocido,TAMBOPATA
Netcall,1 oct 2026,13,927317429,9273174298286064550662,9283,Outbound,Portabilidad Postpago,PROGRAMADO,Logixtal,5021,ABIERTAS,Pendiente Entrega,Pendiente Entrega,NET_IROSALESA,SIM,5 oct 2026,null,null,No,ABIERTAS,null,Monolínea,Mono_item,Piura,null,null,Power ilim 69.90 N,AmericaMovil,09:00 - 19:00,En Progreso,Punto de No Retorno,Desconocido,TAMBO GRANDE
Netcall,1 oct 2026,10,927252823,9272528238285474012990,9283,Outbound,Portabilidad Postpago,PROGRAMADO,Logixtal,5021,ABIERTAS,Pendiente Entrega,Pendiente Entrega,NET_GCABALLEROB,SIM,5 oct 2026,null,null,No,ABIERTAS,null,Monolínea,Mono_item,Piura,null,null,Power ilim 69.90 N,Viettel Peru,09:00 - 19:00,En Progreso,Punto de No Retorno,Desconocido,TAMBO GRANDE
Netcall,1 oct 2026,11,927280793,9272807938285705882506,9271,Outbound,Portabilidad Postpago,PROGRAMADO,Logixtal,5021,ABIERTAS,Pendiente Entrega,Pendiente Entrega,NET_STANANTAM,SIM,5 oct 2026,null,null,No,ABIERTAS,null,Monolínea,Mono_item,Piura,null,null,Power ilim 79.90 SD N,Viettel Peru,09:00 - 19:00,En Progreso,Punto de No Retorno,Desconocido,TAMBO GRANDE
Netcall,1 oct 2026,14,927329627,927329627,9283,Outbound,Portabilidad Postpago,EXPRESS,Logixtal,9348,CERRADAS,Entregado,Entregado,NET_ATRIVINOS,SIM,1 oct 2026,1 oct 2026,null,No,CERRADAS,2026-10-02 00:40:45,Monolínea,Mono_item,Tacna,null,Power ilim 69.90 N,null,null,10:00 - 20:00,Cerrado,Resuelto,null,TACNA
Netcall,1 oct 2026,9,927232594,9272325948285306109561,9283,Outbound,Portabilidad Postpago,RETIRO EN TIENDA,Retiro en tienda,1025,CERRADAS,Entregado,Entregado,TLV_NET_MMURGAF,SIM,1 oct 2026,1 oct 2026,null,No,CERRADAS,2026-10-02 01:07:14,Monolínea,Mono_item,Tacna,null,Power ilim 69.90 N,Power ilim 69.90 N,AmericaMovil,09:00 - 21:00,Cerrado,Resuelto,Desconocido,null
Netcall,1 oct 2026,11,927277314,927277314,9283,Outbound,Portabilidad Postpago,EXPRESS,Logixtal,9348,CERRADAS,Entregado,Entregado,TLV_NET_GJQUISP,SIM,1 oct 2026,1 oct 2026,null,No,CERRADAS,2026-10-02 00:23:13,Monolínea,Mono_item,Tacna,null,Power ilim 69.90 N,null,null,10:00 - 20:00,Cerrado,Resuelto,null,TACNA
Netcall,2 oct 2026,10,927718661,92771866189511710121058072237,9283,Outbound,Portabilidad Postpago,EXPRESS,Retiro en tienda,9348,ABIERTAS,Pendiente Entrega,Pendiente Entrega,NET_LMARTINEZAR,SIM,2 oct 2026,null,null,No,ABIERTAS,null,Monolínea,Mono_item,Tacna,null,null,null,null,10:00 - 20:00,En Progreso,Punto de No Retorno,null,null
Netcall,1 oct 2026,17,927385846,9273858468286734428138,9283,Outbound,Portabilidad Postpago,PROGRAMADO,Logixtal,9348,ABIERTAS,Pendiente Entrega,Pendiente Entrega,NET_YHUAMAN,SIM,2 oct 2026,null,null,No,ABIERTAS,null,Monolínea,Mono_item,Tacna,null,null,Power ilim 79.90 SD N,AmericaMovil,09:00 - 13:00,En Progreso,En Progreso,Desconocido,TACNA
Netcall,1 oct 2026,15,927352703,9273527038286398954080,9283,Outbound,Portabilidad Postpago,EXPRESS,Logixtal,9348,ABIERTAS,Pendiente Entrega,Pendiente Entrega,NET_CMENESESV,SIM,1 oct 2026,null,null,No,ABIERTAS,null,Multilínea,Mono_item,Tacna,null,null,Power ilim 69.90 N,TELEFONICAPE,08:00 - 20:00,En Progreso,Punto de No Retorno,Desconocido,TACNA
Netcall,1 oct 2026,17,927376983,9273769838286652538683,9283,Outbound,Portabilidad Postpago,EXPRESS,Logixtal,9348,ABIERTAS,Pendiente Entrega,Pendiente Entrega,NET_CMDELACRUZV,SIM,2 oct 2026,null,null,No,ABIERTAS,null,Monolínea,Mono_item,Tacna,null,null,Power ilim 69.90 N,TELEFONICAPE,10:00 - 20:00,En Progreso,En Progreso,Desconocido,TACNA
Netcall,1 oct 2026,15,927351620,9273516208286391152970,9283,Outbound,Portabilidad Postpago,EXPRESS,Logixtal,9348,ABIERTAS,Pendiente Entrega,Pendiente Entrega,NET_CMENESESV,SIM,1 oct 2026,null,null,No,ABIERTAS,null,Multilínea,Mono_item,Tacna,null,null,Power ilim 69.90 N,TELEFONICAPE,08:00 - 20:00,En Progreso,Punto de No Retorno,Desconocido,TACNA
Netcall,1 oct 2026,15,927341842,9273418428286299329733,9283,Outbound,Portabilidad Postpago,EXPRESS,Logixtal,9001,CERRADAS,Entregado,Entregado,NET_KCHAVEZF,SIM,1 oct 2026,1 oct 2026,null,No,CERRADAS,2026-10-02 01:40:41,Monolínea,Mono_item,Lima - Callao,null,Power ilim 69.90 N,Power ilim 69.90 N,AmericaMovil,10:00 - 22:00,Cerrado,Resuelto,Desconocido,SURQUILLO
Netcall,1 oct 2026,18,927412672,9274126728286992284222,9259,Outbound,Portabilidad Postpago,EXPRESS,Logixtal,9001,CANCELADAS,Anulado,DIRECCIÓN ERRADA,NET_CBIELICHR,SIM,1 oct 2026,null,null,No,CANCELADAS,2026-10-01 19:18:32,Monolínea,Mono_item,Lima - Callao,null,null,Power ilim 79.90 SD N,AmericaMovil,10:00 - 22:00,Cancelado,Rechazado,Desconocido,SURQUILLO
Netcall,1 oct 2026,17,927393230,9273932308286801861359,9283,Outbound,Venta Regular / Alta,EXPRESS,Logixtal,9001,ABIERTAS,Pendiente Entrega,Pendiente Entrega,TLV_NET_DBARTET,SIM,1 oct 2026,null,null,No,ABIERTAS,null,Monolínea,Mono_item,Lima - Callao,null,null,Power 39.90 N,Desconocido,08:00 - 20:00,En Progreso,Punto de No Retorno,Desconocido,SURQUILLO
Netcall,1 oct 2026,13,927312067,9273120678286012891521,9283,Outbound,Portabilidad Postpago,EXPRESS,Logixtal,9001,CERRADAS,Entregado,Entregado,TLV_NET_MLANDAR,SIM,1 oct 2026,1 oct 2026,null,No,CERRADAS,2026-10-02 01:14:22,Monolínea,Mono_item,Lima - Callao,null,Power ilim 69.90 N,Power ilim 69.90 N,Viettel Peru,10:00 - 22:00,Cerrado,Resuelto,Desconocido,SURQUILLO
Netcall,1 oct 2026,13,927318153,9273181538286074444887,9283,Outbound,Portabilidad Postpago,EXPRESS,Logixtal,9001,CERRADAS,Entregado,Entregado,NET_SBENITOV,SIM,1 oct 2026,1 oct 2026,null,No,CERRADAS,2026-10-02 01:19:55,Multilínea,Multi_item,Lima - Callao,null,Power ilim 79.90 SD N,Power ilim 79.90 SD N,AmericaMovil,10:00 - 22:00,Cerrado,Resuelto,Desconocido,SURQUILLO
Netcall,1 oct 2026,13,927318153,9273181538286074444670,9283,Outbound,Portabilidad Postpago,EXPRESS,Logixtal,9001,CERRADAS,Entregado,Entregado,NET_SBENITOV,SIM,1 oct 2026,1 oct 2026,null,No,CERRADAS,2026-10-02 01:19:55,Multilínea,Multi_item,Lima - Callao,null,Power ilim 79.90 SD N,Power ilim 79.90 SD N,AmericaMovil,10:00 - 22:00,Cerrado,Resuelto,Desconocido,SURQUILLO
Netcall,2 oct 2026,10,927715902,92771590289511710101030227836,9283,Outbound,Portabilidad Postpago,EXPRESS,Retiro en tienda,9345,CANCELADAS,Cancelado,Cancelado,NET_CLOPEZA,SIM,2 oct 2026,null,null,No,CANCELADAS,2026-10-02 12:09:07,Monolínea,Mono_item,Ica,null,null,null,null,10:00 - 20:00,En Progreso,Punto de No Retorno,null,null
Netcall,2 oct 2026,9,927706883,92770688389511710101030227778,9271,Outbound,Portabilidad Postpago,EXPRESS,Retiro en tienda,9345,ABIERTAS,Entregado,Entregado,NET_KGUTIERREZV,SIM,2 oct 2026,null,null,No,ABIERTAS,null,Monolínea,Mono_item,Ica,null,null,null,null,10:00 - 20:00,En Progreso,Punto de No Retorno,null,null
Netcall,1 oct 2026,11,927278020,9272780208285681363213,9271,Outbound,Portabilidad Postpago,EXPRESS,Logixtal,5021,CERRADAS,Entregado,Entregado,TLV_NET_MAYALAM,SIM,1 oct 2026,1 oct 2026,null,No,CERRADAS,2026-10-02 01:22:17,Monolínea,Mono_item,Piura,null,Power ilim 69.90 N,Power ilim 69.90 N,TELEFONICAPE,10:00 - 20:00,Cerrado,Resuelto,Desconocido,SULLANA
Netcall,1 oct 2026,18,927402631,9274026318286896143951,9283,Outbound,Portabilidad Postpago,PROGRAMADO,Logixtal,5021,ABIERTAS,Pendiente Entrega,Pendiente Entrega,NET_EAYALAE,SIM,3 oct 2026,null,null,No,ABIERTAS,null,Monolínea,Mono_item,Piura,null,null,Power ilim 69.90 N,AmericaMovil,09:00 - 13:00,En Progreso,Punto de No Retorno,Desconocido,SULLANA
Netcall,1 oct 2026,8,927225897,9272258978285271115417,9283,Outbound,Portabilidad Postpago,EXPRESS,Logixtal,5021,CERRADAS,Entregado,Entregado,NET_NRUBIOMARCO,SIM,1 oct 2026,1 oct 2026,null,No,CERRADAS,2026-10-02 01:22:16,Monolínea,Mono_item,Piura,null,Power ilim 69.90 N,Power ilim 69.90 N,AmericaMovil,10:00 - 20:00,Cerrado,Resuelto,Desconocido,SULLANA
Netcall,2 oct 2026,10,927713291,92771329189511710111087100422,9283,Outbound,Portabilidad Postpago,PROGRAMADO,Logixtal,5021,ABIERTAS,Pendiente Entrega,Pendiente de Picking,NET_KCHAVEZF,SIM,3 oct 2026,null,null,No,ABIERTAS,null,Monolínea,Mono_item,Piura,null,null,null,null,09:00 - 13:00,En Progreso,Punto de No Retorno,null,null
Netcall,1 oct 2026,11,927267506,9272675068285598421549,9283,Outbound,Portabilidad Postpago,PROGRAMADO,Logixtal,5021,ABIERTAS,Pendiente Entrega,Pendiente Entrega,NET_KORTIZD,SIM,2 oct 2026,null,null,No,ABIERTAS,null,Monolínea,Mono_item,Piura,null,null,Power ilim 79.90 SD N,TELEFONICAPE,09:00 - 13:00,En Progreso,Punto de No Retorno,Desconocido,SULLANA
Netcall,1 oct 2026,17,927385873,9273858738286735176831,9283,Outbound,Portabilidad Postpago,PROGRAMADO,Logixtal,5021,ABIERTAS,Pendiente Entrega,Pendiente Entrega,NET_MCRUZE,SIM,2 oct 2026,null,null,No,ABIERTAS,null,Monolínea,Mono_item,Piura,null,null,Power ilim 69.90 N,AmericaMovil,09:00 - 13:00,En Progreso,Punto de No Retorno,Desconocido,SULLANA
Netcall,2 oct 2026,11,927757093,927757093864669080878769,9283,Outbound,Portabilidad Postpago,PROGRAMADO,Logixtal,5021,ABIERTAS,Pendiente Entrega,Pendiente de Picking,NET_LMUSAYONS,SIM,3 oct 2026,null,null,No,ABIERTAS,null,Multilínea,Mono_item,Piura,null,null,null,null,09:00 - 13:00,En Progreso,En Progreso,null,null
Netcall,2 oct 2026,10,927715577,92771557789511710111068567136,9271,Outbound,Portabilidad Postpago,EXPRESS,Logixtal,5021,ABIERTAS,Entregado,Entregado,NET_HJUNCOT,SIM,2 oct 2026,null,null,No,ABIERTAS,null,Multilínea,Mono_item,Piura,null,null,null,null,10:00 - 20:00,En Progreso,Pago Recibido,null,null
Netcall,2 oct 2026,11,927755275,92775527589511710111087100307,9283,Outbound,Portabilidad Postpago,PROGRAMADO,Logixtal,5021,ABIERTAS,Pendiente Entrega,Pendiente de Picking,NET_LMUSAYONS,SIM,3 oct 2026,null,null,No,ABIERTAS,null,Multilínea,Mono_item,Piura,null,null,null,null,09:00 - 13:00,En Progreso,Punto de No Retorno,null,null
Netcall,2 oct 2026,10,927714343,92771434389511710111070543943,9271,Outbound,Portabilidad Postpago,EXPRESS,Logixtal,5021,ABIERTAS,Entregado,Entregado,NET_HJUNCOT,SIM,2 oct 2026,null,null,No,ABIERTAS,null,Multilínea,Mono_item,Piura,null,null,null,null,10:00 - 20:00,En Progreso,Pago Recibido,null,null
Netcall,1 oct 2026,14,927325896,9273258968286142169544,9271,Outbound,Portabilidad Postpago,PROGRAMADO,Logixtal,5022,ABIERTAS,Pendiente Entrega,Pendiente Entrega,NET_BATOP,SIM,2 oct 2026,null,null,No,ABIERTAS,null,Monolínea,Mono_item,Arequipa,null,null,Power ilim 69.90 N,TELEFONICAPE,13:01 - 20:00,En Progreso,Punto de No Retorno,Desconocido,SOCABAYA
Netcall,1 oct 2026,15,927342006,9273420068286300493815,9283,Outbound,Portabilidad Postpago,PROGRAMADO,Logixtal,5021,ABIERTAS,Pendiente Entrega,Pendiente Entrega,NET_VAYALA,SIM,3 oct 2026,null,null,No,ABIERTAS,null,Monolínea,Mono_item,Piura,null,null,Power ilim 79.90 SD N,Viettel Peru,09:00 - 19:00,En Progreso,Punto de No Retorno,Desconocido,SECHURA
Netcall,2 oct 2026,9,927699668,92769966889511710111087100497,9283,Outbound,Portabilidad Postpago,PROGRAMADO,Logixtal,5021,ABIERTAS,Pendiente Entrega,Pendiente de Picking,NET_GVELASQUEZA,SIM,3 oct 2026,null,null,No,ABIERTAS,null,Multilínea,Mono_item,Piura,null,null,null,null,09:00 - 19:00,En Progreso,Punto de No Retorno,null,null
Netcall,2 oct 2026,9,927700691,92770069189511710111087100471,9283,Outbound,Portabilidad Postpago,PROGRAMADO,Logixtal,5021,ABIERTAS,Pendiente Entrega,Pendiente de Picking,NET_GVELASQUEZA,SIM,3 oct 2026,null,null,No,ABIERTAS,null,Multilínea,Mono_item,Piura,null,null,null,null,09:00 - 19:00,En Progreso,Punto de No Retorno,null,null
Netcall,1 oct 2026,16,927365233,9273652338286530060890,9283,Outbound,Portabilidad Postpago,RETIRO EN TIENDA,Retiro en tienda,3130,ABIERTAS,Pendiente Entrega,Pendiente Entrega,NET_CALVANC,SIM,1 oct 2026,null,null,No,ABIERTAS,null,Monolínea,Mono_item,Junin,null,null,Power ilim 79.90 SD N,Viettel Peru,09:00 - 21:00,En Progreso,En Progreso,Desconocido,null
Netcall,1 oct 2026,9,927240985,9272409858285372488366,9265,Outbound,Portabilidad Postpago,RETIRO EN TIENDA,Retiro en tienda,3130,ABIERTAS,Pendiente Entrega,Pendiente Entrega,NET_AYMESTAN,SIM,1 oct 2026,null,null,No,ABIERTAS,null,Monolínea,Mono_item,Junin,null,null,Power ilim 79.90 SD N,AmericaMovil,09:00 - 21:00,En Progreso,En Progreso,Desconocido,null
Netcall,1 oct 2026,11,927268009,9272680098285604626629,9259,Outbound,Portabilidad Postpago,EXPRESS,Logixtal,9342,CERRADAS,Entregado,Entregado,NET_MDIAZJ,SIM,1 oct 2026,1 oct 2026,null,No,CERRADAS,2026-10-02 01:56:59,Multilínea,Mono_item,Lima - Callao,null,Power ilim 79.90 SD N,Power ilim 79.90 SD N,AmericaMovil,10:00 - 22:00,Cerrado,Resuelto,Desconocido,SANTIAGO DE SURCO
Netcall,1 oct 2026,11,927274489,9272744898285659296912,9259,Outbound,Portabilidad Postpago,EXPRESS,Logixtal,9342,CERRADAS,Entregado,Entregado,NET_MDIAZJ,SIM,1 oct 2026,1 oct 2026,null,No,CERRADAS,2026-10-02 02:01:55,Multilínea,Mono_item,Lima - Callao,null,Power ilim 79.90 SD N,Power ilim 79.90 SD N,AmericaMovil,10:00 - 22:00,Cerrado,Resuelto,Desconocido,SANTIAGO DE SURCO
Netcall,1 oct 2026,13,927312163,9273121638286013002550,9283,Outbound,Venta Regular / Alta,EXPRESS,Logixtal,9342,CANCELADAS,Cancelado,CANCELADA EN OMNIX,NET_MMREVILLA,SIM,1 oct 2026,null,null,No,CANCELADAS,2026-10-01 13:18:14,Monolínea,Mono_item,Lima - Callao,null,null,Power 49.90 N,Desconocido,10:00 - 22:00,Cancelado,Rechazado,Desconocido,SANTIAGO DE SURCO
Netcall,1 oct 2026,9,927229834,9272298348285282061395,9283,Outbound,Portabilidad Postpago,EXPRESS,Logixtal,9342,CANCELADAS,Anulado,CLIENTE DESISTE - INFORMACIÓN INCORRECTA,NET_YMILLA,SIM,1 oct 2026,null,null,No,CANCELADAS,2026-10-01 10:03:30,Multilínea,Multi_item,Lima - Callao,null,null,Power ilim 79.90 SD N,AmericaMovil,10:00 - 22:00,Cancelado,Rechazado,Desconocido,SANTIAGO DE SURCO
Netcall,1 oct 2026,15,927346432,9273464328286345553616,9283,Outbound,Portabilidad Postpago,EXPRESS,Logixtal,9342,CERRADAS,Entregado,Entregado,TLV_NET_CSILVAP,SIM,1 oct 2026,1 oct 2026,null,No,CERRADAS,2026-10-02 00:53:11,Multilínea,Mono_item,Lima - Callao,null,Power ilim 69.90 N,Power ilim 69.90 N,TELEFONICAPE,10:00 - 22:00,Cerrado,Resuelto,Desconocido,SANTIAGO DE SURCO
Netcall,1 oct 2026,15,927347651,9273476518286352400994,9283,Outbound,Portabilidad Postpago,EXPRESS,Logixtal,9342,CERRADAS,Entregado,Entregado,TLV_NET_CSILVAP,SIM,1 oct 2026,1 oct 2026,null,No,CERRADAS,2026-10-02 00:52:30,Multilínea,Mono_item,Lima - Callao,null,Power ilim 69.90 N,Power ilim 69.90 N,TELEFONICAPE,10:00 - 22:00,Cerrado,Resuelto,Desconocido,SANTIAGO DE SURCO
Netcall,1 oct 2026,14,927329231,9273292318286176090757,9283,Outbound,Portabilidad Postpago,PROGRAMADO,Logixtal,9342,ABIERTAS,Pendiente Entrega,Pendiente Entrega,NET_ARIVERA,SIM,2 oct 2026,null,null,No,ABIERTAS,null,Monolínea,Mono_item,Lima - Callao,null,null,Power ilim 79.90 SD N,AmericaMovil,08:00 - 13:00,En Progreso,Punto de No Retorno,Desconocido,SANTIAGO DE SURCO
Netcall,1 oct 2026,12,927305344,9273053448285942610747,9283,Outbound,Portabilidad Postpago,EXPRESS,Logixtal,9342,CERRADAS,Entregado,Entregado,NET_WBENITESA,SIM,1 oct 2026,1 oct 2026,null,No,CERRADAS,2026-10-02 00:54:31,Monolínea,Mono_item,Lima - Callao,null,Power ilim 69.90 N,Power ilim 69.90 N,TELEFONICAPE,10:00 - 22:00,Cerrado,Resuelto,Desconocido,SANTIAGO DE SURCO
Netcall,1 oct 2026,15,927345206,9273452068286328972529,9283,Outbound,Portabilidad Postpago,EXPRESS,Logixtal,9342,CERRADAS,Entregado,Entregado,TLV_NET_CSILVAP,SIM,1 oct 2026,1 oct 2026,null,No,CERRADAS,2026-10-02 01:55:12,Multilínea,Mono_item,Lima - Callao,null,Power ilim 69.90 N,Power ilim 69.90 N,TELEFONICAPE,10:00 - 22:00,Cerrado,Resuelto,Desconocido,SANTIAGO DE SURCO
Netcall,1 oct 2026,9,927229834,9272298348285282061612,9283,Outbound,Portabilidad Postpago,EXPRESS,Logixtal,9342,CANCELADAS,Anulado,CLIENTE DESISTE - INFORMACIÓN INCORRECTA,NET_YMILLA,SIM,1 oct 2026,null,null,No,CANCELADAS,2026-10-01 10:03:30,Multilínea,Multi_item,Lima - Callao,null,null,Power ilim 79.90 SD N,AmericaMovil,10:00 - 22:00,Cancelado,Rechazado,Desconocido,SANTIAGO DE SURCO
Netcall,1 oct 2026,10,927257045,9272570458285515236762,9283,Outbound,Portabilidad Postpago,PROGRAMADO,Logixtal,9342,ABIERTAS,Pendiente Entrega,Pendiente Entrega,NET_VJAUREGUIM,SIM,2 oct 2026,null,null,No,ABIERTAS,null,Multilínea,Mono_item,Lima - Callao,null,null,Power ilim 79.90 SD N,AmericaMovil,08:00 - 13:00,En Progreso,Punto de No Retorno,Desconocido,SANTIAGO DE SURCO
Netcall,1 oct 2026,12,927298153,9272981538285879640486,9283,Outbound,Portabilidad Postpago,EXPRESS,Logixtal,9342,CANCELADAS,Anulado,DIRECCIÓN ERRADA,NET_EHUANCAH,SIM,1 oct 2026,null,null,No,CANCELADAS,2026-10-01 13:37:31,Monolínea,Mono_item,Lima - Callao,null,null,Power ilim 79.90 SD N,AmericaMovil,10:00 - 22:00,Cancelado,Rechazado,Desconocido,SANTIAGO DE SURCO
Netcall,2 oct 2026,9,927697427,92769742789511710121083466040,9283,Outbound,Portabilidad Postpago,EXPRESS,Logixtal,9342,ABIERTAS,Entregado,Entregado,NET_PHUAMANM,SIM,2 oct 2026,null,null,No,ABIERTAS,null,Monolínea,Mono_item,Lima - Callao,null,null,null,null,10:00 - 22:00,En Progreso,Pago Recibido,null,null
Netcall,1 oct 2026,12,927294487,927294487,9283,Outbound,Portabilidad Postpago,EXPRESS,Logixtal,9342,CERRADAS,Entregado,Entregado,NET_CULLOAC,SIM,1 oct 2026,1 oct 2026,null,No,CERRADAS,2026-10-02 00:35:47,Monolínea,Mono_item,Lima - Callao,null,Power ilim 69.90 N,null,null,10:00 - 22:00,Cerrado,Resuelto,null,SANTIAGO DE SURCO
Netcall,1 oct 2026,10,927258429,9272584298285523538386,9283,Outbound,Portabilidad Postpago,PROGRAMADO,Logixtal,9342,ABIERTAS,Pendiente Entrega,Pendiente Entrega,NET_VJAUREGUIM,SIM,2 oct 2026,null,null,No,ABIERTAS,null,Multilínea,Mono_item,Lima - Callao,null,null,Power ilim 79.90 SD N,AmericaMovil,08:00 - 13:00,En Progreso,Punto de No Retorno,Desconocido,SANTIAGO DE SURCO
Netcall,2 oct 2026,11,927743613,927743613Empty,9283,Outbound,Portabilidad Postpago,EXPRESS,Logixtal,9342,ABIERTAS,Pendiente Entrega,Pendiente de Picking,TLV_NET_LVILLLA,SIM,2 oct 2026,null,null,No,ABIERTAS,null,Monolínea,Mono_item,Lima - Callao,null,null,null,null,10:00 - 22:00,En Progreso,En Progreso,null,null
Netcall,1 oct 2026,13,927309503,9273095038285994980879,9283,Outbound,Portabilidad Postpago,EXPRESS,Logixtal,9342,CERRADAS,Entregado,Entregado,NET_YMILLA,SIM,1 oct 2026,1 oct 2026,null,No,CERRADAS,2026-10-02 00:49:59,Multilínea,Mono_item,Lima - Callao,null,Power ilim 79.90 SD N,Power ilim 79.90 SD N,AmericaMovil,10:00 - 22:00,Cerrado,Resuelto,Desconocido,SANTIAGO DE SURCO
Netcall,1 oct 2026,15,927342407,9273424078286298218043,9283,Outbound,Portabilidad Postpago,EXPRESS,Logixtal,9342,CANCELADAS,Entregado,Entregado,NET_MLFERNANDEV,SIM,1 oct 2026,1 oct 2026,null,No,CANCELADAS,2026-10-01 22:00:36,Monolínea,Mono_item,Lima - Callao,null,null,Power ilim 79.90 SD N,AmericaMovil,10:00 - 22:00,Cancelado,Pedido Cancelación,Portabilidad Rechazada. REC01PRT09: El abonado tiene deuda exigible | paymentDueDate=2026-09-29|portabilityOperDateActive=2024-02-21|amount=64|units=01,SANTIAGO DE SURCO
Netcall,2 oct 2026,11,927747003,92774700389511710121083466487,9283,Outbound,Portabilidad Postpago,EXPRESS,Logixtal,9342,ABIERTAS,Pendiente Entrega,Pendiente de Picking,NET_JMINIANOR,SIM,2 oct 2026,null,null,No,ABIERTAS,null,Monolínea,Mono_item,Lima - Callao,null,null,null,null,10:00 - 22:00,En Progreso,Punto de No Retorno,null,null
Netcall,1 oct 2026,10,927262544,9272625448285564405222,9283,Outbound,Portabilidad Postpago,EXPRESS,Logixtal,9342,CERRADAS,Entregado,Entregado,NET_YMILLA,SIM,1 oct 2026,1 oct 2026,null,No,CERRADAS,2026-10-02 01:36:27,Multilínea,Mono_item,Lima - Callao,null,Power ilim 79.90 SD N,Power ilim 79.90 SD N,AmericaMovil,10:00 - 22:00,Cerrado,Resuelto,Desconocido,SANTIAGO DE SURCO
Netcall,1 oct 2026,10,927265868,9272658688285589481098,9259,Outbound,Portabilidad Postpago,EXPRESS,Logixtal,9342,CERRADAS,Entregado,Entregado,NET_MDIAZJ,SIM,1 oct 2026,1 oct 2026,null,No,CERRADAS,2026-10-02 01:24:16,Multilínea,Mono_item,Lima - Callao,null,Power ilim 79.90 SD N,Power ilim 79.90 SD N,AmericaMovil,10:00 - 22:00,Cerrado,Resuelto,Desconocido,SANTIAGO DE SURCO
Netcall,1 oct 2026,11,927269466,9272694668285615473396,9259,Outbound,Portabilidad Postpago,EXPRESS,Logixtal,9342,CERRADAS,Entregado,Entregado,NET_MDIAZJ,SIM,1 oct 2026,1 oct 2026,null,No,CERRADAS,2026-10-02 00:42:47,Multilínea,Mono_item,Lima - Callao,null,Power ilim 79.90 SD N,Power ilim 79.90 SD N,AmericaMovil,10:00 - 22:00,Cerrado,Resuelto,Desconocido,SANTIAGO DE SURCO
Netcall,1 oct 2026,11,927267404,9272674048285597922219,9283,Outbound,Portabilidad Postpago,EXPRESS,Logixtal,9342,CERRADAS,Entregado,Entregado,NET_SMENDOZAV,SIM,1 oct 2026,1 oct 2026,null,No,CERRADAS,2026-10-02 03:43:28,Monolínea,Mono_item,Lima - Callao,null,Power ilim 69.90 N,Power ilim 69.90 N,TELEFONICAPE,10:00 - 22:00,Cerrado,Resuelto,Desconocido,SANTIAGO DE SURCO
Netcall,2 oct 2026,9,927704640,92770464089511710121083466065,9283,Outbound,Portabilidad Postpago,EXPRESS,Logixtal,9342,ABIERTAS,Entregado,Entregado,NET_EJARANAA,SIM,2 oct 2026,null,null,No,ABIERTAS,null,Monolínea,Mono_item,Lima - Callao,null,null,null,null,10:00 - 22:00,En Progreso,Pago Recibido,null,null
Netcall,1 oct 2026,15,927354021,9273540218286412347249,9283,Outbound,Venta Regular / Alta,EXPRESS,Logixtal,9342,CERRADAS,Entregado,Entregado,NET_JCHAVEZC,SIM,1 oct 2026,1 oct 2026,null,No,CERRADAS,2026-10-01 20:36:10,Monolínea,Mono_item,Lima - Callao,null,Power 39.90 N,Power 39.90 N,Desconocido,10:00 - 22:00,Cerrado,Resuelto,Desconocido,SANTIAGO DE SURCO
Netcall,1 oct 2026,9,927226489,9272264898285272492186,9283,Outbound,Portabilidad Postpago,EXPRESS,Logixtal,9342,CERRADAS,Entregado,Entregado,NET_YMILLA,SIM,1 oct 2026,1 oct 2026,null,No,CERRADAS,2026-10-02 02:04:10,Multilínea,Multi_item,Lima - Callao,null,Power ilim 79.90 SD N,Power ilim 79.90 SD N,AmericaMovil,10:00 - 22:00,Cerrado,Resuelto,Desconocido,SANTIAGO DE SURCO
Netcall,1 oct 2026,9,927226489,9272264898285274834969,9283,Outbound,Portabilidad Postpago,EXPRESS,Logixtal,9342,CERRADAS,Entregado,Entregado,NET_YMILLA,SIM,1 oct 2026,1 oct 2026,null,No,CERRADAS,2026-10-02 02:04:10,Multilínea,Multi_item,Lima - Callao,null,Power ilim 79.90 SD N,Power ilim 79.90 SD N,AmericaMovil,10:00 - 22:00,Cerrado,Resuelto,Desconocido,SANTIAGO DE SURCO
Netcall,2 oct 2026,7,927623816,92762381689511710111073957892,9283,Outbound,Venta Regular / Alta,EXPRESS,Logixtal,9342,CANCELADAS,Pendiente Entrega,Pendiente Entrega,NET_MMREVILLA,SIM,2 oct 2026,null,null,No,CANCELADAS,2026-10-02 11:24:04,Monolínea,Mono_item,Lima - Callao,null,null,null,null,10:00 - 22:00,Cancelado,Rechazado,null,SANTIAGO DE SURCO
Netcall,1 oct 2026,12,927291467,9272914678285810450020,9283,Outbound,Portabilidad Postpago,EXPRESS,Logixtal,9343,CERRADAS,Entregado,Entregado,NET_BZUASNABARF,SIM,1 oct 2026,1 oct 2026,null,No,CERRADAS,2026-10-02 01:38:42,Monolínea,Mono_item,Cusco,null,Power ilim 69.90 N,Power ilim 69.90 N,TELEFONICAPE,10:00 - 20:00,Cerrado,Resuelto,Desconocido,SANTIAGO
Netcall,2 oct 2026,9,927708174,92770817489511710101030171463,9271,Outbound,Portabilidad Postpago,EXPRESS,Retiro en tienda,9343,ABIERTAS,Pendiente Entrega,Pendiente Entrega,NET_GHUANCASS,SIM,2 oct 2026,null,null,No,ABIERTAS,null,Monolínea,Mono_item,Cusco,null,null,null,null,10:00 - 20:00,En Progreso,Punto de No Retorno,null,null
Netcall,1 oct 2026,12,927302528,9273025288285916236215,9283,Outbound,Portabilidad Postpago,EXPRESS,Logixtal,9343,CANCELADAS,Anulado,CLIENTE NO DESEA EN CONTACTO PREVIO,NET_LLOBATONV,SIM,1 oct 2026,null,null,No,CANCELADAS,2026-10-01 15:23:29,Monolínea,Mono_item,Cusco,null,null,Power ilim 79.90 SD N,AmericaMovil,10:00 - 20:00,Cancelado,Rechazado,Desconocido,SANTIAGO
Netcall,1 oct 2026,12,927299755,9272997558285890939339,9283,Outbound,Portabilidad Postpago,PROGRAMADO,Logixtal,9001,ABIERTAS,Pendiente Entrega,Pendiente Entrega,NET_YACHOM,SIM,2 oct 2026,null,null,No,ABIERTAS,null,Monolínea,Mono_item,Lima - Callao,null,null,Power ilim 69.90 N,AmericaMovil,09:00 - 20:00,En Progreso,Punto de No Retorno,Desconocido,SANTA ROSA
Netcall,1 oct 2026,18,927398330,9273983308286857291504,9283,Outbound,Portabilidad Postpago,EXPRESS,Logixtal,9001,CANCELADAS,Anulado,PIN-PORTA NO LLEGA SMS,NET_AARANAS,SIM,1 oct 2026,null,null,No,CANCELADAS,2026-10-01 19:16:35,Monolínea,Mono_item,Lima - Callao,null,null,Power ilim 69.90 N,Viettel Peru,10:00 - 22:00,Cancelado,Rechazado,Desconocido,SANTA ANITA
Netcall,1 oct 2026,10,927247243,927247243,9283,Outbound,Portabilidad Postpago,EXPRESS,Logixtal,9001,CERRADAS,Entregado,Entregado,NET_MCVASQUEZ,SIM,1 oct 2026,1 oct 2026,null,No,CERRADAS,2026-10-02 00:08:56,Monolínea,Mono_item,Lima - Callao,null,Power ilim 69.90 N,null,null,10:00 - 22:00,Cerrado,Resuelto,null,SANTA ANITA
Netcall,1 oct 2026,17,927385677,9273856778286728987668,9283,Outbound,Portabilidad Postpago,EXPRESS,Logixtal,9001,CERRADAS,Entregado,Entregado,TLV_NET_DBARTET,SIM,1 oct 2026,1 oct 2026,null,No,CERRADAS,2026-10-02 01:50:36,Multilínea,Mono_item,Lima - Callao,null,Power ilim 79.90 SD N,Power ilim 79.90 SD N,AmericaMovil,10:00 - 22:00,Cerrado,Resuelto,Desconocido,SANTA ANITA
Netcall,1 oct 2026,17,927390023,9273900238286774821166,9283,Outbound,Portabilidad Postpago,EXPRESS,Logixtal,9001,CERRADAS,Entregado,Entregado,TLV_NET_DBARTET,SIM,1 oct 2026,1 oct 2026,null,No,CERRADAS,2026-10-02 01:07:46,Multilínea,Mono_item,Lima - Callao,null,Power ilim 79.90 SD N,Power ilim 79.90 SD N,AmericaMovil,10:00 - 22:00,Cerrado,Resuelto,Desconocido,SANTA ANITA
Netcall,1 oct 2026,17,927387474,9273874748286751460659,9283,Outbound,Venta Regular / Alta,EXPRESS,Logixtal,9001,CERRADAS,Entregado,Entregado,TLV_NET_DBARTET,SIM,1 oct 2026,1 oct 2026,null,No,CERRADAS,2026-10-01 20:15:20,Multilínea,Mono_item,Lima - Callao,null,Power ilim 79.90 SD N,Power ilim 79.90 SD N,Desconocido,10:00 - 22:00,Cerrado,Resuelto,Desconocido,SANTA ANITA
Netcall,2 oct 2026,11,927758358,927758358Empty,9283,Outbound,Portabilidad Postpago,EXPRESS,Logixtal,9001,ABIERTAS,Pendiente Entrega,Pendiente de Picking,NET_JCHAVEZC,SIM,2 oct 2026,null,null,No,ABIERTAS,null,Monolínea,Mono_item,Lima - Callao,null,null,null,null,10:00 - 22:00,En Progreso,En Progreso,null,null
Netcall,1 oct 2026,18,927398650,927398650,9283,Outbound,Portabilidad Postpago,EXPRESS,Logixtal,9001,CERRADAS,Entregado,Entregado,NET_ECARRETEROH,SIM,1 oct 2026,1 oct 2026,null,No,CERRADAS,2026-10-02 00:22:52,Multilínea,Mono_item,Lima - Callao,null,Power ilim 79.90 SD N,null,null,10:00 - 22:00,Cerrado,Resuelto,null,SANTA ANITA
Netcall,1 oct 2026,18,927397738,9273977388286847790872,9283,Outbound,Portabilidad Postpago,PROGRAMADO,Logixtal,9001,ABIERTAS,Pendiente Entrega,Pendiente Entrega,NET_ECARRETEROH,SIM,2 oct 2026,null,null,No,ABIERTAS,null,Multilínea,Mono_item,Lima - Callao,null,null,Power ilim 79.90 SD N,TELEFONICAPE,08:00 - 13:00,En Progreso,Punto de No Retorno,Desconocido,SANTA ANITA
Netcall,2 oct 2026,11,927754968,927754968Empty,9283,Outbound,Portabilidad Postpago,EXPRESS,Logixtal,9001,ABIERTAS,Pendiente Entrega,Pendiente de Picking,NET_AARANAS,SIM,2 oct 2026,null,null,No,ABIERTAS,null,Monolínea,Mono_item,Lima - Callao,null,null,null,null,10:00 - 22:00,En Progreso,En Progreso,null,null
Netcall,1 oct 2026,13,927318808,9273188088286077268651,9283,Outbound,Portabilidad Postpago,EXPRESS,Logixtal,9001,CERRADAS,Entregado,Entregado,NET_BAPAZAB,SIM,1 oct 2026,1 oct 2026,null,No,CERRADAS,2026-10-02 01:46:28,Monolínea,Mono_item,Lima - Callao,null,Power ilim 69.90 N,Power ilim 69.90 N,TELEFONICAPE,10:00 - 22:00,Cerrado,Resuelto,Desconocido,SANTA ANITA
Netcall,2 oct 2026,4,927594555,927594555Empty,9283,Outbound,Portabilidad Postpago,RETIRO EN TIENDA,Retiro en tienda,1004,ABIERTAS,Pendiente Entrega,Pendiente Entrega,NET_JMENDOZAN,SIM,2 oct 2026,null,null,No,ABIERTAS,null,Monolínea,Mono_item,Ancash,null,null,null,null,09:00 - 21:00,En Progreso,En Progreso,null,null
Netcall,1 oct 2026,13,927310212,9273102128285998710195,9283,Outbound,Portabilidad Postpago,RETIRO EN TIENDA,Retiro en tienda,3205,ABIERTAS,Pendiente Entrega,Pendiente Entrega,NET_RNUNEZH,SIM,1 oct 2026,null,null,No,ABIERTAS,null,Monolínea,Mono_item,Ancash,null,null,Power ilim 69.90 N,Viettel Peru,09:00 - 21:00,En Progreso,En Progreso,Desconocido,null
Netcall,1 oct 2026,18,927408341,9274083418286950622924,9283,Outbound,Portabilidad Postpago,RETIRO EN TIENDA,Retiro en tienda,1004,CERRADAS,Entregado,Entregado,NET_GGALLARDAYA,SIM,1 oct 2026,1 oct 2026,null,No,CERRADAS,2026-10-02 00:58:24,Multilínea,Mono_item,Ancash,null,Power ilim 79.90 SD N,Power ilim 79.90 SD N,AmericaMovil,09:00 - 21:00,Cerrado,Resuelto,Desconocido,null
Netcall,1 oct 2026,10,927265036,9272650368285582033304,9283,Outbound,Portabilidad Postpago,RETIRO EN TIENDA,Retiro en tienda,1004,CERRADAS,Entregado,Entregado,TLV_NET_JSOTOZ,SIM,1 oct 2026,1 oct 2026,null,No,CERRADAS,2026-10-02 01:10:55,Monolínea,Mono_item,Ancash,null,Power ilim 69.90 N,Power ilim 69.90 N,TELEFONICAPE,09:00 - 21:00,Cerrado,Resuelto,Desconocido,null
Netcall,1 oct 2026,9,927244549,9272445498285410368830,9283,Outbound,Portabilidad Postpago,RETIRO EN TIENDA,Retiro en tienda,8056,CERRADAS,Entregado,Entregado,NET_LCAMPOSCABR,SIM,1 oct 2026,1 oct 2026,null,No,CERRADAS,2026-10-02 00:58:12,Monolínea,Mono_item,Ancash,null,Power ilim 69.90 N,Power ilim 69.90 N,Viettel Peru,09:00 - 21:00,Cerrado,Resuelto,Desconocido,null
Netcall,2 oct 2026,10,927730576,927730576Empty,9283,Outbound,Portabilidad Postpago,RETIRO EN TIENDA,Retiro en tienda,2112,ABIERTAS,Pendiente Entrega,Pendiente Entrega,NET_LMALDONADOC,SIM,2 oct 2026,null,null,No,ABIERTAS,null,Monolínea,Mono_item,La Libertad,null,null,null,null,09:00 - 21:00,En Progreso,En Progreso,null,null
Netcall,1 oct 2026,11,927270616,9272706168285622693774,9283,Outbound,Portabilidad Postpago,PROGRAMADO,Logixtal,9001,ABIERTAS,Pendiente Entrega,Pendiente Entrega,NET_AYROJASS,SIM,2 oct 2026,null,null,No,ABIERTAS,null,Monolínea,Mono_item,Lima - Callao,null,null,Power ilim 69.90 N,TELEFONICAPE,09:00 - 20:00,En Progreso,En Progreso,Desconocido,SAN VICENTE DE CAÑETE
Netcall,2 oct 2026,10,927731939,927731939Empty,9283,Outbound,Portabilidad Postpago,EXPRESS,Logixtal,9001,ABIERTAS,Pendiente Entrega,Pendiente de Picking,NET_ABARRERAY,SIM,2 oct 2026,null,null,No,ABIERTAS,null,Monolínea,Mono_item,Lima - Callao,null,null,null,null,10:00 - 20:00,En Progreso,En Progreso,null,null
Netcall,1 oct 2026,13,927315811,9273158118286055006255,5299,Outbound,Portabilidad Postpago,PROGRAMADO,Logixtal,9001,ABIERTAS,Pendiente Entrega,Pendiente Entrega,NET_MCORDOVACRU,SIM,2 oct 2026,null,null,No,ABIERTAS,null,Multilínea,Multi_item,Lima - Callao,null,null,Power ilim 79.90 SD N,AmericaMovil,09:00 - 20:00,En Progreso,En Progreso,Desconocido,SAN VICENTE DE CAÑETE
Netcall,1 oct 2026,10,927257915,9272579158285521565148,9283,Outbound,Portabilidad Postpago,PROGRAMADO,Logixtal,9001,ABIERTAS,Pendiente Entrega,Pendiente Entrega,NET_TBECERRAC,SIM,2 oct 2026,null,null,No,ABIERTAS,null,Monolínea,Mono_item,Lima - Callao,null,null,Power ilim 79.90 SD N,TELEFONICAPE,09:00 - 20:00,En Progreso,En Progreso,Desconocido,SAN VICENTE DE CAÑETE
Netcall,1 oct 2026,11,927284690,9272846908285745555875,9283,Outbound,Portabilidad Postpago,PROGRAMADO,Logixtal,9001,ABIERTAS,Pendiente Entrega,Pendiente Entrega,NET_CLARIOSJ,SIM,2 oct 2026,null,null,No,ABIERTAS,null,Monolínea,Mono_item,Lima - Callao,null,null,Power ilim 79.90 SD N,AmericaMovil,09:00 - 20:00,En Progreso,En Progreso,Desconocido,SAN VICENTE DE CAÑETE
Netcall,2 oct 2026,10,927731230,927731230Empty,9283,Outbound,Portabilidad Postpago,EXPRESS,Logixtal,9001,ABIERTAS,Pendiente Entrega,Pendiente de Picking,NET_MAZCARATED,SIM,2 oct 2026,null,null,No,ABIERTAS,null,Monolínea,Mono_item,Lima - Callao,null,null,null,null,10:00 - 20:00,En Progreso,En Progreso,null,null
Netcall,1 oct 2026,13,927315811,9273158118286055006020,5299,Outbound,Portabilidad Postpago,PROGRAMADO,Logixtal,9001,ABIERTAS,Pendiente Entrega,Pendiente Entrega,NET_MCORDOVACRU,SIM,2 oct 2026,null,null,No,ABIERTAS,null,Multilínea,Multi_item,Lima - Callao,null,null,Power ilim 79.90 SD N,AmericaMovil,09:00 - 20:00,En Progreso,En Progreso,Desconocido,SAN VICENTE DE CAÑETE
Netcall,1 oct 2026,15,927354473,9273544738286424494754,9283,Outbound,Portabilidad Postpago,PROGRAMADO,Logixtal,9001,ABIERTAS,Pendiente Entrega,Pendiente Entrega,NET_ANCASTROR,SIM,2 oct 2026,null,null,No,ABIERTAS,null,Monolínea,Mono_item,Lima - Callao,null,null,Power ilim 69.90 N,TELEFONICAPE,09:00 - 20:00,En Progreso,En Progreso,Desconocido,SAN VICENTE DE CAÑETE
Netcall,1 oct 2026,10,927248685,9272486858285444581991,9283,Outbound,Portabilidad Postpago,PROGRAMADO,Logixtal,9343,ABIERTAS,Pendiente Entrega,Pendiente Entrega,NET_MOQUISPITON,SIM,2 oct 2026,null,null,No,ABIERTAS,null,Monolínea,Mono_item,Cusco,null,null,Power ilim 69.90 N,AmericaMovil,09:00 - 13:00,En Progreso,Punto de No Retorno,Desconocido,SAN SEBASTIAN
Netcall,2 oct 2026,7,927623853,92762385389511710101030208463,9283,Outbound,Portabilidad Postpago,EXPRESS,Logixtal,9343,ABIERTAS,Pendiente Entrega,Pendiente Entrega,TLV_NET_MFARFAN,SIM,2 oct 2026,null,null,No,ABIERTAS,null,Monolínea,Mono_item,Cusco,null,null,null,null,10:00 - 20:00,En Progreso,Punto de No Retorno,null,SAN SEBASTIAN
Netcall,2 oct 2026,10,927712667,92771266789511710101030206871,9283,Outbound,Portabilidad Postpago,EXPRESS,Retiro en tienda,9343,ABIERTAS,Pendiente Entrega,Pendiente Entrega,NET_JLUCIANOT,SIM,2 oct 2026,null,null,No,ABIERTAS,null,Monolínea,Mono_item,Cusco,null,null,null,null,10:00 - 20:00,En Progreso,Punto de No Retorno,null,null
Netcall,2 oct 2026,11,927750705,927750705Empty,9271,Outbound,Portabilidad Postpago,EXPRESS,Retiro en tienda,9343,ABIERTAS,Pendiente Entrega,Pendiente Entrega,NET_YPAREDESG,SIM,2 oct 2026,null,null,No,ABIERTAS,null,Monolínea,Mono_item,Cusco,null,null,null,null,10:00 - 20:00,En Progreso,En Progreso,null,null
Netcall,1 oct 2026,14,927329266,9273292668286179306864,9283,Outbound,Portabilidad Postpago,EXPRESS,Logixtal,9343,CERRADAS,Entregado,Entregado,TLV_NET_JSILVAT,SIM,1 oct 2026,1 oct 2026,null,No,CERRADAS,2026-10-02 01:02:44,Monolínea,Mono_item,Cusco,null,Power ilim 69.90 N,Power ilim 69.90 N,Viettel Peru,10:00 - 20:00,Cerrado,Resuelto,Desconocido,SAN SEBASTIAN
Netcall,2 oct 2026,9,927704473,92770447389511710101030206921,9283,Outbound,Portabilidad Postpago,EXPRESS,Retiro en tienda,9343,ABIERTAS,Entregado,Entregado,TLV_NET_RSORIAH,SIM,2 oct 2026,null,null,No,ABIERTAS,null,Multilínea,Mono_item,Cusco,null,null,null,null,10:00 - 20:00,En Progreso,Punto de No Retorno,null,null
Netcall,2 oct 2026,9,927705583,92770558389511710101030206913,9283,Outbound,Venta Regular / Alta,EXPRESS,Retiro en tienda,9343,ABIERTAS,Pendiente Entrega,Pendiente Entrega,TLV_NET_RSORIAH,SIM,2 oct 2026,null,null,No,ABIERTAS,null,Multilínea,Mono_item,Cusco,null,null,null,null,10:00 - 20:00,En Progreso,Punto de No Retorno,null,null
Netcall,1 oct 2026,11,927283544,9272835448285732115244,9283,Outbound,Portabilidad Postpago,EXPRESS,Logixtal,9343,CERRADAS,Entregado,Entregado,NET_LFLORESY,SIM,1 oct 2026,1 oct 2026,null,No,CERRADAS,2026-10-02 01:52:22,Monolínea,Mono_item,Cusco,null,Power ilim 69.90 N,Power ilim 69.90 N,TELEFONICAPE,10:00 - 20:00,Cerrado,Resuelto,Desconocido,SAN SEBASTIAN
Netcall,1 oct 2026,12,927293096,9272930968285824692424,9283,Outbound,Portabilidad Postpago,PROGRAMADO,Logixtal,9343,ABIERTAS,Pendiente Entrega,Pendiente Entrega,NET_JLUCIANOT,SIM,2 oct 2026,null,null,No,ABIERTAS,null,Monolínea,Mono_item,Cusco,null,null,Power ilim 79.90 SD N,AmericaMovil,13:01 - 19:00,En Progreso,Punto de No Retorno,Desconocido,SAN SEBASTIAN
Netcall,1 oct 2026,10,927256226,9272562268285506455368,9283,Outbound,Portabilidad Postpago,RETIRO EN TIENDA,Retiro en tienda,2104,ABIERTAS,Pendiente Entrega,Pendiente Entrega,NET_LTAMAYOD,SIM,1 oct 2026,null,null,No,ABIERTAS,null,Monolínea,Mono_item,Puno,null,null,Power ilim 69.90 N,Viettel Peru,09:00 - 21:00,En Progreso,En Progreso,Desconocido,null
Netcall,1 oct 2026,17,927391478,9273914788286785395409,9283,Outbound,Portabilidad Postpago,RETIRO EN TIENDA,Retiro en tienda,2104,CERRADAS,Entregado,Entregado,NET_CALVANC,SIM,1 oct 2026,1 oct 2026,null,No,CERRADAS,2026-10-02 00:42:03,Monolínea,Mono_item,Puno,null,Power ilim 79.90 SD N,Power ilim 79.90 SD N,AmericaMovil,09:00 - 21:00,Cerrado,Resuelto,Desconocido,null
Netcall,1 oct 2026,14,927338318,9273383188286260331255,9283,Outbound,Portabilidad Postpago,RETIRO EN TIENDA,Retiro en tienda,2104,CERRADAS,Entregado,Entregado,NET_YMILLA,SIM,1 oct 2026,1 oct 2026,null,No,CERRADAS,2026-10-02 01:41:31,Multilínea,Mono_item,Puno,null,Power ilim 79.90 SD N,Power ilim 79.90 SD N,Viettel Peru,09:00 - 21:00,Cerrado,Resuelto,Desconocido,null
Netcall,1 oct 2026,10,927250169,9272501698285454485094,9271,Outbound,Portabilidad Postpago,RETIRO EN TIENDA,Retiro en tienda,2104,ABIERTAS,Pendiente Entrega,Pendiente Entrega,NET_MSUAREZG,SIM,1 oct 2026,null,null,No,ABIERTAS,null,Monolínea,Mono_item,Puno,null,null,Power ilim 79.90 SD N,Viettel Peru,09:00 - 21:00,En Progreso,En Progreso,Desconocido,null
Netcall,1 oct 2026,14,927339307,9273393078286274349635,9283,Outbound,Venta Regular / Alta,RETIRO EN TIENDA,Retiro en tienda,2104,CERRADAS,Entregado,Entregado,NET_YMILLA,SIM,1 oct 2026,1 oct 2026,null,No,CERRADAS,2026-10-01 15:19:59,Multilínea,Mono_item,Puno,null,Power ilim 79.90 SD N,Power ilim 79.90 SD N,Desconocido,09:00 - 21:00,Cerrado,Resuelto,Desconocido,null
Netcall,2 oct 2026,9,927693053,927693053Empty,9283,Outbound,Portabilidad Postpago,RETIRO EN TIENDA,Retiro en tienda,2104,ABIERTAS,Pendiente Entrega,Pendiente Entrega,NET_JORTIZV,SIM,2 oct 2026,null,null,No,ABIERTAS,null,Monolínea,Mono_item,Puno,null,null,null,null,09:00 - 21:00,En Progreso,Pago Recibido,null,null
Netcall,1 oct 2026,9,927243320,9272433208285393892930,9283,Outbound,Portabilidad Postpago,EXPRESS,Logixtal,9001,CERRADAS,Entregado,Entregado,NET_GCABALLEROB,SIM,1 oct 2026,1 oct 2026,null,No,CERRADAS,2026-10-02 00:59:23,Monolínea,Mono_item,Lima - Callao,null,Power ilim 79.90 SD N,Power ilim 79.90 SD N,Viettel Peru,10:00 - 22:00,Cerrado,Resuelto,Desconocido,SAN MIGUEL
Netcall,1 oct 2026,18,927415112,9274151128287017164838,9283,Outbound,Portabilidad Postpago,EXPRESS,Logixtal,9001,CANCELADAS,Anulado,PEDIDO MAL GENERADO,NET_VOBESOS,SIM,1 oct 2026,null,null,No,CANCELADAS,2026-10-01 19:08:59,Monolínea,Mono_item,Lima - Callao,null,null,Power ilim 69.90 N,AmericaMovil,10:00 - 22:00,Cancelado,Rechazado,Desconocido,SAN MIGUEL
Netcall,2 oct 2026,11,927746928,92774692889511710101081040492,9283,Outbound,Portabilidad Postpago,EXPRESS,Logixtal,9001,ABIERTAS,Pendiente Entrega,Pendiente de Picking,TLV_NET_GANACLE,SIM,2 oct 2026,null,null,No,ABIERTAS,null,Monolínea,Mono_item,Lima - Callao,null,null,null,null,10:00 - 22:00,En Progreso,Punto de No Retorno,null,null
Netcall,2 oct 2026,8,927674724,92767472489511710111087047052,9283,Outbound,Portabilidad Postpago,PROGRAMADO,Logixtal,9001,ABIERTAS,Pendiente Entrega,Pendiente de Picking,NET_DHUAYACGONZ,SIM,4 oct 2026,null,null,No,ABIERTAS,null,Monolínea,Mono_item,Lima - Callao,null,null,null,null,08:00 - 22:00,En Progreso,Punto de No Retorno,null,null
Netcall,2 oct 2026,9,927706002,92770600289511710101081040377,9283,Outbound,Portabilidad Postpago,EXPRESS,Logixtal,9001,ABIERTAS,Entregado,Entregado,NET_JPRADOP,SIM,2 oct 2026,null,null,No,ABIERTAS,null,Multilínea,Mono_item,Lima - Callao,null,null,null,null,10:00 - 22:00,En Progreso,Punto de No Retorno,null,null
Netcall,1 oct 2026,10,927260707,9272607078285543511842,9259,Outbound,Portabilidad Postpago,EXPRESS,Logixtal,9001,CERRADAS,Entregado,Entregado,NET_CBIELICHR,SIM,1 oct 2026,1 oct 2026,null,No,CERRADAS,2026-10-02 04:40:27,Multilínea,Multi_item,Lima - Callao,null,null,Power ilim 79.90 SD N,AmericaMovil,10:00 - 22:00,Cerrado,Resuelto,Desconocido,SAN MIGUEL
Netcall,1 oct 2026,10,927260707,9272607078285543523059,9259,Outbound,Portabilidad Postpago,EXPRESS,Logixtal,9001,CERRADAS,Entregado,Entregado,NET_CBIELICHR,SIM,1 oct 2026,1 oct 2026,null,No,CERRADAS,2026-10-02 04:40:27,Multilínea,Multi_item,Lima - Callao,null,null,Power ilim 79.90 SD N,AmericaMovil,10:00 - 22:00,Cerrado,Resuelto,Portabilidad Rechazada. REC01ABD15: El Código NIP es invalido | REC01ABD15,SAN MIGUEL
Netcall,2 oct 2026,9,927706811,92770681189511710101081040369,9283,Outbound,Portabilidad Postpago,EXPRESS,Logixtal,9001,ABIERTAS,Pendiente Entrega,Pendiente de Picking,NET_JPRADOP,SIM,2 oct 2026,null,null,No,ABIERTAS,null,Multilínea,Mono_item,Lima - Callao,null,null,null,null,10:00 - 22:00,En Progreso,Punto de No Retorno,null,null
Netcall,1 oct 2026,9,927236957,9272369578285344979481,9283,Outbound,Portabilidad Postpago,EXPRESS,Logixtal,9001,CERRADAS,Entregado,Entregado,TLV_NET_KCHAVEZ,SIM,1 oct 2026,1 oct 2026,null,No,CERRADAS,2026-10-02 01:12:17,Monolínea,Mono_item,Lima - Callao,null,Power ilim 69.90 N,Power ilim 69.90 N,TELEFONICAPE,10:00 - 22:00,Cerrado,Resuelto,Desconocido,SAN MIGUEL
Netcall,1 oct 2026,12,927302657,9273026578285922811388,9283,Outbound,Portabilidad Postpago,EXPRESS,Logixtal,9001,CERRADAS,Entregado,Entregado,TLV_NET_KCHAVEZ,SIM,1 oct 2026,1 oct 2026,null,No,CERRADAS,2026-10-02 00:42:59,Monolínea,Mono_item,Lima - Callao,null,Power ilim 79.90 SD N,Power ilim 79.90 SD N,AmericaMovil,10:00 - 22:00,Cerrado,Resuelto,Desconocido,SAN MIGUEL
Netcall,1 oct 2026,9,927236411,9272364118285332799206,9283,Outbound,Portabilidad Postpago,EXPRESS,Logixtal,9001,CANCELADAS,Entregado,Entregado,NET_MORIHUELAQ,SIM,1 oct 2026,1 oct 2026,null,No,CANCELADAS,2026-10-01 22:00:36,Monolínea,Mono_item,Lima - Callao,null,null,Power ilim 69.90 N,TELEFONICAPE,10:00 - 22:00,Cancelado,Pedido Cancelación,Portabilidad Rechazada. REC01PRT09: El abonado tiene deuda exigible | paymentDueDate=2026-09-18|portabilityOperDateActive=2025-02-16,SAN MIGUEL
Netcall,1 oct 2026,18,927407796,9274077968286942545743,9283,Outbound,Portabilidad Postpago,EXPRESS,Logixtal,9001,CERRADAS,Entregado,Entregado,NET_EVELASQUEZB,SIM,1 oct 2026,1 oct 2026,null,No,CERRADAS,2026-10-02 01:50:17,Multilínea,Mono_item,Lima - Callao,null,Power ilim 79.90 SD N,Power ilim 79.90 SD N,TELEFONICAPE,10:00 - 22:00,Cerrado,Resuelto,Desconocido,SAN MARTIN DE PORRES
Netcall,2 oct 2026,10,927722615,92772261589511710101081044536,9283,Outbound,Portabilidad Postpago,EXPRESS,Logixtal,9001,ABIERTAS,Pendiente Entrega,Pendiente de Picking,NET_SBENITESL,SIM,2 oct 2026,null,null,No,ABIERTAS,null,Monolínea,Mono_item,Lima - Callao,null,null,null,null,10:00 - 22:00,En Progreso,Punto de No Retorno,null,null
Netcall,1 oct 2026,10,927256456,927256456,9283,Outbound,Portabilidad Postpago,EXPRESS,Logixtal,9001,CERRADAS,Entregado,Entregado,NET_MDIAZP,SIM,1 oct 2026,1 oct 2026,null,No,CERRADAS,2026-10-02 00:19:56,Monolínea,Mono_item,Lima - Callao,null,Power ilim 69.90 N,null,null,10:00 - 22:00,Cerrado,Resuelto,null,SAN MARTIN DE PORRES
Netcall,2 oct 2026,9,927704064,92770406489511710111073929362,9283,Outbound,Portabilidad Postpago,EXPRESS,Logixtal,9001,ABIERTAS,Entregado,Entregado,TLV_NET_BCHAVEZ,SIM,2 oct 2026,null,null,No,ABIERTAS,null,Monolínea,Mono_item,Lima - Callao,null,null,null,null,10:00 - 22:00,En Progreso,Pago Recibido,null,null
Netcall,1 oct 2026,14,927335208,9273352088286231664539,9283,Outbound,Portabilidad Postpago,EXPRESS,Logixtal,9001,CANCELADAS,Anulado,CLIENTE YA NO DESEA PRODUCTO,NET_ARIOST,SIM,1 oct 2026,null,null,No,CANCELADAS,2026-10-01 15:54:31,Monolínea,Mono_item,Lima - Callao,null,null,Power ilim 69.90 N,AmericaMovil,10:00 - 22:00,Cancelado,Rechazado,Desconocido,SAN MARTIN DE PORRES
Netcall,1 oct 2026,10,927237900,9272379008285422707667,9283,Outbound,Portabilidad Postpago,EXPRESS,Logixtal,9001,CANCELADAS,Anulado,CLIENTE DESISTE - INFORMACIÓN INCORRECTA,NET_MRIOSP,SIM,1 oct 2026,null,null,No,CANCELADAS,2026-10-01 11:14:00,Multilínea,Multi_item,Lima - Callao,null,null,Power ilim 79.90 SD N,AmericaMovil,10:00 - 22:00,Cancelado,Rechazado,Desconocido,SAN MARTIN DE PORRES
Netcall,1 oct 2026,9,927231504,9272315048285292515988,9283,Outbound,Portabilidad Postpago,EXPRESS,Logixtal,9001,CERRADAS,Entregado,Entregado,TLV_NET_BCHAVEZ,SIM,1 oct 2026,1 oct 2026,null,No,CERRADAS,2026-10-02 02:53:39,Monolínea,Mono_item,Lima - Callao,null,Power ilim 79.90 SD N,Power ilim 79.90 SD N,TELEFONICAPE,10:00 - 22:00,Cerrado,Resuelto,Desconocido,SAN MARTIN DE PORRES
Netcall,1 oct 2026,18,927405675,9274056758286918165669,9259,Outbound,Portabilidad Postpago,EXPRESS,Logixtal,9001,ABIERTAS,Pendiente Entrega,Pendiente Entrega,NET_CBIELICHR,SIM,1 oct 2026,null,null,No,ABIERTAS,null,Multilínea,Multi_item,Lima - Callao,null,null,Power ilim 79.90 SD N,AmericaMovil,08:00 - 20:00,En Progreso,Punto de No Retorno,Desconocido,SAN MARTIN DE PORRES
Netcall,2 oct 2026,11,927756501,927756501Empty,9271,Outbound,Portabilidad Postpago,EXPRESS,Logixtal,9001,ABIERTAS,Pendiente Entrega,Pendiente de Picking,NET_RCEVERINOL,SIM,2 oct 2026,null,null,No,ABIERTAS,null,Monolínea,Mono_item,Lima - Callao,null,null,null,null,10:00 - 22:00,En Progreso,En Progreso,null,null
Netcall,1 oct 2026,18,927405476,9274054768286917274468,9271,Outbound,Portabilidad Postpago,EXPRESS,Logixtal,9001,CERRADAS,Entregado,Entregado,NET_CSANTIAGOQ,SIM,1 oct 2026,1 oct 2026,null,No,CERRADAS,2026-10-02 01:04:27,Multilínea,Mono_item,Lima - Callao,null,Power ilim 79.90 SD N,Power ilim 79.90 SD N,TELEFONICAPE,10:00 - 22:00,Cerrado,Resuelto,Desconocido,SAN MARTIN DE PORRES
Netcall,1 oct 2026,18,927405675,9274056758286918165402,9259,Outbound,Portabilidad Postpago,EXPRESS,Logixtal,9001,ABIERTAS,Pendiente Entrega,Pendiente Entrega,NET_CBIELICHR,SIM,1 oct 2026,null,null,No,ABIERTAS,null,Multilínea,Multi_item,Lima - Callao,null,null,Power ilim 79.90 SD N,AmericaMovil,08:00 - 20:00,En Progreso,Punto de No Retorno,Desconocido,SAN MARTIN DE PORRES
Netcall,2 oct 2026,9,927705671,92770567189511710101081044544,9283,Outbound,Portabilidad Postpago,EXPRESS,Logixtal,9001,ABIERTAS,Pendiente Entrega,Pendiente de Picking,NET_LMUSAYONS,SIM,2 oct 2026,null,null,No,ABIERTAS,null,Monolínea,Mono_item,Lima - Callao,null,null,null,null,10:00 - 22:00,En Progreso,Punto de No Retorno,null,null
Netcall,1 oct 2026,10,927237900,9272379008285422707450,9283,Outbound,Portabilidad Postpago,EXPRESS,Logixtal,9001,CANCELADAS,Anulado,CLIENTE DESISTE - INFORMACIÓN INCORRECTA,NET_MRIOSP,SIM,1 oct 2026,null,null,No,CANCELADAS,2026-10-01 11:14:00,Multilínea,Multi_item,Lima - Callao,null,null,Power ilim 79.90 SD N,AmericaMovil,10:00 - 22:00,Cancelado,Rechazado,Desconocido,SAN MARTIN DE PORRES
Netcall,2 oct 2026,9,927708072,92770807289511710101081442961,9283,Outbound,Portabilidad Postpago,EXPRESS,Logixtal,9001,ABIERTAS,Entregado,Entregado,NET_BROMANS,SIM,2 oct 2026,null,null,No,ABIERTAS,null,Monolínea,Mono_item,Lima - Callao,null,null,null,null,10:00 - 22:00,En Progreso,Punto de No Retorno,null,null
Netcall,2 oct 2026,10,927714674,92771467489511710101081028547,9283,Outbound,Venta Regular / Alta,EXPRESS,Logixtal,9001,ABIERTAS,Entregado,Entregado,NET_VJAUREGUIM,SIM,2 oct 2026,null,null,No,ABIERTAS,null,Multilínea,Mono_item,Lima - Callao,null,null,null,null,10:00 - 22:00,En Progreso,Punto de No Retorno,null,null
Netcall,2 oct 2026,11,927749986,927749986Empty,9283,Outbound,Portabilidad Postpago,PROGRAMADO,Logixtal,9001,ABIERTAS,Pendiente Entrega,Pendiente de Picking,NET_GHERRERAG,SIM,4 oct 2026,null,null,No,ABIERTAS,null,Monolínea,Mono_item,Lima - Callao,null,null,null,null,08:00 - 22:00,En Progreso,En Progreso,null,null
Netcall,1 oct 2026,11,927277053,927277053,9271,Outbound,Portabilidad Postpago,EXPRESS,Logixtal,9001,CERRADAS,Entregado,Entregado,NET_KANGELESS,SIM,1 oct 2026,1 oct 2026,null,No,CERRADAS,2026-10-02 00:39:12,Multilínea,Mono_item,Lima - Callao,null,Power ilim 79.90 SD N,null,null,10:00 - 22:00,Cerrado,Resuelto,null,SAN MARTIN DE PORRES
Netcall,1 oct 2026,18,927408794,9274087948286953760383,9283,Outbound,Portabilidad Postpago,EXPRESS,Logixtal,9001,CANCELADAS,Entregado,Entregado,NET_EVELASQUEZB,SIM,1 oct 2026,1 oct 2026,null,No,CANCELADAS,2026-10-01 22:00:20,Multilínea,Mono_item,Lima - Callao,null,null,Power ilim 79.90 SD N,TELEFONICAPE,10:00 - 22:00,Cancelado,Pedido Cancelación,Portabilidad Rechazada. REC01PRT09: El abonado tiene deuda exigible | paymentDueDate=2026-09-15|portabilityOperDateActive=2023-11-18|amount=44.7|units=01,SAN MARTIN DE PORRES
Netcall,1 oct 2026,18,927406348,9274063488286928173741,9271,Outbound,Portabilidad Postpago,EXPRESS,Logixtal,9001,CERRADAS,Entregado,Entregado,NET_CSANTIAGOQ,SIM,1 oct 2026,1 oct 2026,null,No,CERRADAS,2026-10-02 01:02:26,Multilínea,Mono_item,Lima - Callao,null,Power ilim 79.90 SD N,Power ilim 79.90 SD N,AmericaMovil,10:00 - 22:00,Cerrado,Resuelto,Desconocido,SAN MARTIN DE PORRES
Netcall,1 oct 2026,13,927317923,9273179238286072857989,9283,Outbound,Portabilidad Postpago,PROGRAMADO,Logixtal,9001,ABIERTAS,No bop,No bop,TLV_NET_ECODARL,SIM,3 oct 2026,null,null,No,ABIERTAS,null,Multilínea,Multi_item,Lima - Callao,null,null,Power ilim 79.90 SD N,Viettel Peru,08:00 - 13:00,En Progreso,En Progreso,Desconocido,SAN MARTIN DE PORRES
Netcall,1 oct 2026,13,927317923,9273179238286072879206,9283,Outbound,Portabilidad Postpago,PROGRAMADO,Logixtal,9001,ABIERTAS,No bop,No bop,TLV_NET_ECODARL,SIM,3 oct 2026,null,null,No,ABIERTAS,null,Multilínea,Multi_item,Lima - Callao,null,null,Power ilim 79.90 SD N,Viettel Peru,08:00 - 13:00,En Progreso,En Progreso,Desconocido,SAN MARTIN DE PORRES
Netcall,1 oct 2026,13,927316138,9273161388286055284432,9283,Outbound,Portabilidad Postpago,PROGRAMADO,Logixtal,9001,ABIERTAS,No bop,No bop,TLV_NET_ECODARL,SIM,3 oct 2026,null,null,No,ABIERTAS,null,Multilínea,Mono_item,Lima - Callao,null,null,Power ilim 79.90 SD N,TELEFONICAPE,08:00 - 13:00,En Progreso,En Progreso,Desconocido,SAN MARTIN DE PORRES
Netcall,1 oct 2026,9,927239363,9272393638285362261115,9271,Outbound,Portabilidad Postpago,EXPRESS,Logixtal,9001,CERRADAS,Entregado,Entregado,NET_GHUAMANT,SIM,1 oct 2026,1 oct 2026,null,No,CERRADAS,2026-10-02 01:08:58,Multilínea,Mono_item,Lima - Callao,null,Power ilim 79.90 SD N,Power ilim 79.90 SD N,TELEFONICAPE,10:00 - 22:00,Cerrado,Resuelto,Desconocido,SAN MARTIN DE PORRES
Netcall,1 oct 2026,9,927242353,9272423538285382070895,9271,Outbound,Portabilidad Postpago,EXPRESS,Logixtal,9001,CERRADAS,Entregado,Entregado,NET_GHUAMANT,SIM,1 oct 2026,1 oct 2026,null,No,CERRADAS,2026-10-02 00:57:06,Multilínea,Mono_item,Lima - Callao,null,Power ilim 79.90 SD N,Power ilim 79.90 SD N,TELEFONICAPE,10:00 - 22:00,Cerrado,Resuelto,Desconocido,SAN MARTIN DE PORRES
Netcall,1 oct 2026,9,927234575,927234575,9283,Outbound,Portabilidad Postpago,EXPRESS,Logixtal,9001,CERRADAS,Entregado,Entregado,NET_JLIL,SIM,1 oct 2026,1 oct 2026,null,No,CERRADAS,2026-10-02 00:36:34,Monolínea,Mono_item,Lima - Callao,null,Power ilim 79.90 SD N,null,null,10:00 - 22:00,Cerrado,Resuelto,null,SAN MARTIN DE PORRES
Netcall,2 oct 2026,10,927713481,92771348189511710101081028539,9283,Outbound,Portabilidad Postpago,EXPRESS,Logixtal,9001,ABIERTAS,Entregado,Entregado,NET_VJAUREGUIM,SIM,2 oct 2026,null,null,No,ABIERTAS,null,Multilínea,Mono_item,Lima - Callao,null,null,null,null,10:00 - 22:00,En Progreso,Punto de No Retorno,null,null
Netcall,1 oct 2026,8,927214700,927214700,9283,Outbound,Portabilidad Postpago,EXPRESS,Logixtal,9001,CERRADAS,Entregado,Entregado,TLV_NET_DVALOI,SIM,1 oct 2026,1 oct 2026,null,No,CERRADAS,2026-10-02 00:24:25,Monolínea,Mono_item,Lima - Callao,null,Power ilim 69.90 N,null,null,10:00 - 22:00,Cerrado,Resuelto,null,SAN MARTIN DE PORRES
Netcall,1 oct 2026,11,927278698,9272786988285683079916,9271,Outbound,Portabilidad Postpago,EXPRESS,Logixtal,9001,CERRADAS,Entregado,Entregado,NET_KANGELESS,SIM,1 oct 2026,1 oct 2026,null,No,CERRADAS,2026-10-02 02:01:17,Multilínea,Mono_item,Lima - Callao,null,Power ilim 79.90 SD N,Power ilim 79.90 SD N,AmericaMovil,10:00 - 22:00,Cerrado,Resuelto,Desconocido,SAN MARTIN DE PORRES
Netcall,1 oct 2026,16,927373609,9273736098286625725231,9283,Outbound,Venta Regular / Alta,EXPRESS,Logixtal,9001,CERRADAS,Entregado,Entregado,NET_MARIOSV,SIM,1 oct 2026,1 oct 2026,null,No,CERRADAS,2026-10-01 19:55:28,Monolínea,Mono_item,Lima - Callao,null,Power 49.90 N,Power 49.90 N,Desconocido,10:00 - 22:00,Cerrado,Resuelto,Desconocido,SAN MARTIN DE PORRES
Netcall,1 oct 2026,10,927254296,9272542968285490430930,9283,Outbound,Portabilidad Postpago,EXPRESS,Logixtal,9001,ABIERTAS,Pendiente Entrega,Pendiente Entrega,NET_EMMENDIZF,SIM,1 oct 2026,null,null,No,ABIERTAS,null,Monolínea,Mono_item,Lima - Callao,null,null,Power ilim 79.90 SD N,TELEFONICAPE,10:00 - 22:00,En Progreso,Punto de No Retorno,Desconocido,SAN MARTIN DE PORRES
Netcall,1 oct 2026,10,927251852,9272518528285468194191,9271,Outbound,Portabilidad Postpago,EXPRESS,Logixtal,9001,CERRADAS,Entregado,Entregado,TLV_NET_MAYALAM,SIM,1 oct 2026,1 oct 2026,null,No,CERRADAS,2026-10-02 01:37:51,Monolínea,Mono_item,Lima - Callao,null,Power ilim 69.90 N,Power ilim 69.90 N,TELEFONICAPE,10:00 - 22:00,Cerrado,Resuelto,Desconocido,SAN MARTIN DE PORRES
Netcall,1 oct 2026,17,927382695,9273826958286713074577,5299,Outbound,Portabilidad Postpago,RETIRO EN TIENDA,Retiro en tienda,3042,CERRADAS,Entregado,Entregado,NET_SCHUMIOQUEP,SIM,1 oct 2026,1 oct 2026,null,No,CERRADAS,2026-10-02 01:20:20,Monolínea,Mono_item,San Martin,null,Power ilim 79.90 SD N,Power ilim 79.90 SD N,TELEFONICAPE,17:00 - 21:00,Cerrado,Resuelto,Desconocido,null
Netcall,1 oct 2026,11,927268945,9272689458285750197771,9283,Outbound,Portabilidad Postpago,RETIRO EN TIENDA,Retiro en tienda,3042,CERRADAS,Entregado,Entregado,NET_GSANTOSC,SIM,1 oct 2026,1 oct 2026,null,No,CERRADAS,2026-10-02 01:22:26,Monolínea,Mono_item,San Martin,null,Power ilim 79.90 SD N,Power ilim 79.90 SD N,AmericaMovil,17:00 - 21:00,Cerrado,Resuelto,Desconocido,null
Netcall,1 oct 2026,17,927391117,9273911178286792693545,9283,Outbound,Portabilidad Postpago,RETIRO EN TIENDA,Retiro en tienda,3042,CERRADAS,Entregado,Entregado,NET_LCAMPOSCABR,SIM,1 oct 2026,1 oct 2026,null,No,CERRADAS,2026-10-02 01:01:54,Monolínea,Mono_item,San Martin,null,Power ilim 69.90 N,Power ilim 69.90 N,AmericaMovil,17:00 - 21:00,Cerrado,Resuelto,Desconocido,null
Netcall,1 oct 2026,12,927301972,9273019728285914311992,9283,Outbound,Portabilidad Postpago,EXPRESS,Logixtal,9001,CERRADAS,Entregado,Entregado,NET_ZRAMIREZG,SIM,1 oct 2026,1 oct 2026,null,No,CERRADAS,2026-10-02 01:06:26,Multilínea,Multi_item,Lima - Callao,null,Power ilim 79.90 SD N,Power ilim 79.90 SD N,AmericaMovil,10:00 - 22:00,Cerrado,Resuelto,Desconocido,SAN LUIS
Netcall,1 oct 2026,11,927285234,9272852348285749041549,9283,Outbound,Portabilidad Postpago,EXPRESS,Logixtal,9001,CERRADAS,Entregado,Entregado,NET_JCHAVEZC,SIM,1 oct 2026,1 oct 2026,null,No,CERRADAS,2026-10-02 01:48:39,Monolínea,Mono_item,Lima - Callao,null,Power 59.90 N,Power 59.90 N,AmericaMovil,10:00 - 22:00,Cerrado,Resuelto,Desconocido,SAN LUIS
Netcall,1 oct 2026,13,927320352,927320352,9283,Outbound,Portabilidad Postpago,EXPRESS,Logixtal,9001,CERRADAS,Entregado,Entregado,NET_DVALVERDEM,SIM,1 oct 2026,1 oct 2026,null,No,CERRADAS,2026-10-02 00:26:43,Monolínea,Mono_item,Lima - Callao,null,Power 59.90 N,null,null,10:00 - 22:00,Cerrado,Resuelto,null,SAN LUIS
Netcall,1 oct 2026,12,927301972,9273019728285914311775,9283,Outbound,Portabilidad Postpago,EXPRESS,Logixtal,9001,CERRADAS,Entregado,Entregado,NET_ZRAMIREZG,SIM,1 oct 2026,1 oct 2026,null,No,CERRADAS,2026-10-02 01:06:26,Multilínea,Multi_item,Lima - Callao,null,Power ilim 79.90 SD N,Power ilim 79.90 SD N,AmericaMovil,10:00 - 22:00,Cerrado,Resuelto,Desconocido,SAN LUIS
Netcall,1 oct 2026,16,927369111,9273691118286563510722,9283,Outbound,Portabilidad Postpago,EXPRESS,Logixtal,9342,CERRADAS,Entregado,Entregado,NET_YCASTILLOO,SIM,1 oct 2026,1 oct 2026,null,No,CERRADAS,2026-10-02 01:25:14,Monolínea,Mono_item,Lima - Callao,null,Power ilim 69.90 N,Power ilim 69.90 N,AmericaMovil,10:00 - 22:00,Cerrado,Resuelto,Desconocido,SAN JUAN DE MIRAFLORES
Netcall,1 oct 2026,9,927232518,9272325188285305150657,9283,Outbound,Portabilidad Postpago,PROGRAMADO,Logixtal,9342,ABIERTAS,No bop,No bop,NET_JSANGAMA,SIM,3 oct 2026,null,null,No,ABIERTAS,null,Multilínea,Multi_item,Lima - Callao,null,null,Power ilim 79.90 SD N,TELEFONICAPE,13:01 - 22:00,En Progreso,En Progreso,Desconocido,SAN JUAN DE MIRAFLORES
Netcall,1 oct 2026,15,927351065,9273510658286391292125,9283,Outbound,Portabilidad Postpago,EXPRESS,Logixtal,9342,CANCELADAS,Anulado,DIRECCIÓN ERRADA,NET_CTRAVIM,SIM,1 oct 2026,null,null,No,CANCELADAS,2026-10-01 17:29:01,Monolínea,Mono_item,Lima - Callao,null,null,Power ilim 69.90 N,AmericaMovil,10:00 - 22:00,Cancelado,Rechazado,Desconocido,SAN JUAN DE MIRAFLORES
Netcall,1 oct 2026,17,927396461,9273964618286834793336,9283,Outbound,Portabilidad Postpago,EXPRESS,Logixtal,9342,CERRADAS,Entregado,Entregado,NET_OTACOM,SIM,1 oct 2026,1 oct 2026,null,No,CERRADAS,2026-10-02 01:54:20,Monolínea,Mono_item,Lima - Callao,null,Power ilim 69.90 N,Power ilim 69.90 N,TELEFONICAPE,10:00 - 22:00,Cerrado,Resuelto,Desconocido,SAN JUAN DE MIRAFLORES
Netcall,2 oct 2026,9,927703420,92770342089511710121083396387,9283,Outbound,Portabilidad Postpago,EXPRESS,Logixtal,9342,ABIERTAS,Entregado,Entregado,NET_AROJASF,SIM,2 oct 2026,null,null,No,ABIERTAS,null,Monolínea,Mono_item,Lima - Callao,null,null,null,null,10:00 - 22:00,En Progreso,Pago Recibido,null,null
Netcall,1 oct 2026,11,927271713,9272717138285631427772,9283,Outbound,Venta Regular / Alta,EXPRESS,Logixtal,9342,CERRADAS,Entregado,Entregado,NET_AARANAS,SIM,1 oct 2026,1 oct 2026,null,No,CERRADAS,2026-10-01 14:44:46,Multilínea,Mono_item,Lima - Callao,null,Power ilim 79.90 SD N,Power ilim 79.90 SD N,Desconocido,10:00 - 22:00,Cerrado,Resuelto,Desconocido,SAN JUAN DE MIRAFLORES
Netcall,2 oct 2026,10,927732017,92773201789511710111073983351,9283,Outbound,Portabilidad Postpago,EXPRESS,Logixtal,9342,ABIERTAS,Pendiente Entrega,Pendiente de Picking,NET_NCASTILLOF,SIM,2 oct 2026,null,null,No,ABIERTAS,null,Monolínea,Mono_item,Lima - Callao,null,null,null,null,10:00 - 22:00,En Progreso,Punto de No Retorno,null,null
Netcall,1 oct 2026,9,927232518,9272325188285305150223,9283,Outbound,Portabilidad Postpago,PROGRAMADO,Logixtal,9342,ABIERTAS,No bop,No bop,NET_JSANGAMA,SIM,3 oct 2026,null,null,No,ABIERTAS,null,Multilínea,Multi_item,Lima - Callao,null,null,Power ilim 79.90 SD N,TELEFONICAPE,13:01 - 22:00,En Progreso,En Progreso,Desconocido,SAN JUAN DE MIRAFLORES
Netcall,1 oct 2026,13,927320735,9273207358286096816360,9283,Outbound,Portabilidad Postpago,PROGRAMADO,Logixtal,9342,ABIERTAS,Pendiente Entrega,Pendiente Entrega,NET_MHUAPAYAQ,SIM,2 oct 2026,null,null,No,ABIERTAS,null,Monolínea,Mono_item,Lima - Callao,null,null,Power ilim 69.90 N,AmericaMovil,08:00 - 13:00,En Progreso,Punto de No Retorno,Desconocido,SAN JUAN DE MIRAFLORES
Netcall,1 oct 2026,14,927339263,9273392638286263944454,9283,Outbound,Portabilidad Postpago,EXPRESS,Logixtal,9342,CERRADAS,Entregado,Entregado,NET_AAPOLAYACAC,SIM,1 oct 2026,1 oct 2026,null,No,CERRADAS,2026-10-02 01:32:45,Monolínea,Mono_item,Lima - Callao,null,Power ilim 69.90 N,Power ilim 69.90 N,AmericaMovil,10:00 - 22:00,Cerrado,Resuelto,Desconocido,SAN JUAN DE MIRAFLORES
Netcall,2 oct 2026,9,927708184,92770818489511710121083474697,9283,Outbound,Portabilidad Postpago,EXPRESS,Logixtal,9342,ABIERTAS,Entregado,Entregado,NET_YSANTOSP,SIM,2 oct 2026,null,null,No,ABIERTAS,null,Monolínea,Mono_item,Lima - Callao,null,null,null,null,10:00 - 22:00,En Progreso,Pago Recibido,null,null
Netcall,1 oct 2026,12,927292585,927292585,9283,Outbound,Portabilidad Postpago,EXPRESS,Logixtal,9342,CERRADAS,Entregado,Entregado,NET_JCHAVEZPINT,SIM,1 oct 2026,1 oct 2026,null,No,CERRADAS,2026-10-02 00:35:13,Multilínea,Mono_item,Lima - Callao,null,Power ilim 79.90 SD N,null,null,10:00 - 22:00,Cerrado,Resuelto,null,SAN JUAN DE MIRAFLORES
Netcall,1 oct 2026,11,927274624,927274624,9283,Outbound,Portabilidad Postpago,EXPRESS,Logixtal,9342,CERRADAS,Entregado,Entregado,NET_AARANAS,SIM,1 oct 2026,1 oct 2026,null,No,CERRADAS,2026-10-02 00:18:18,Multilínea,Mono_item,Lima - Callao,null,Power ilim 79.90 SD N,null,null,10:00 - 22:00,Cerrado,Resuelto,null,SAN JUAN DE MIRAFLORES
Netcall,1 oct 2026,10,927258350,9272583508285526341134,9283,Outbound,Portabilidad Postpago,EXPRESS,Logixtal,9342,CANCELADAS,Anulado,DIRECCIÓN ERRADA,NET_TMUNOZCALDE,SIM,1 oct 2026,null,null,No,CANCELADAS,2026-10-01 12:04:00,Multilínea,Mono_item,Lima - Callao,null,null,Power ilim 79.90 SD N,TELEFONICAPE,10:00 - 22:00,Cancelado,Rechazado,Desconocido,SAN JUAN DE MIRAFLORES
Netcall,1 oct 2026,12,927291785,9272917858285821464971,9283,Outbound,Portabilidad Postpago,EXPRESS,Logixtal,9342,CERRADAS,Entregado,Entregado,NET_JCHAVEZPINT,SIM,1 oct 2026,1 oct 2026,null,No,CERRADAS,2026-10-02 01:03:55,Multilínea,Mono_item,Lima - Callao,null,Power ilim 79.90 SD N,Power ilim 79.90 SD N,TELEFONICAPE,10:00 - 22:00,Cerrado,Resuelto,Desconocido,SAN JUAN DE MIRAFLORES
Netcall,1 oct 2026,9,927232518,9272325188285305150440,9283,Outbound,Portabilidad Postpago,PROGRAMADO,Logixtal,9342,ABIERTAS,No bop,No bop,NET_JSANGAMA,SIM,3 oct 2026,null,null,No,ABIERTAS,null,Multilínea,Multi_item,Lima - Callao,null,null,Power ilim 79.90 SD N,TELEFONICAPE,13:01 - 22:00,En Progreso,En Progreso,Desconocido,SAN JUAN DE MIRAFLORES
Netcall,2 oct 2026,11,927742508,927742508Empty,5299,Outbound,Venta Regular / Alta,PROGRAMADO,Logixtal,9001,ABIERTAS,Pendiente Entrega,Pendiente de Picking,NET_LVIZCARRARO,SIM,3 oct 2026,null,null,No,ABIERTAS,null,Multilínea,Mono_item,Lima - Callao,null,null,null,null,08:00 - 13:00,En Progreso,En Progreso,null,null
Netcall,1 oct 2026,11,927282555,9272825558285724434482,9283,Outbound,Venta Regular / Alta,EXPRESS,Logixtal,9001,CERRADAS,Entregado,Entregado,NET_VSANTISTEBV,SIM,1 oct 2026,1 oct 2026,null,No,CERRADAS,2026-10-01 15:57:05,Multilínea,Mono_item,Lima - Callao,null,Power ilim 79.90 SD N,Power ilim 79.90 SD N,Desconocido,10:00 - 22:00,Cerrado,Resuelto,Desconocido,SAN JUAN DE LURIGANCHO
Netcall,2 oct 2026,10,927719224,92771922489511710101081511625,9283,Outbound,Portabilidad Postpago,EXPRESS,Logixtal,9001,ABIERTAS,Entregado,Entregado,NET_MARIOSV,SIM,2 oct 2026,null,null,No,ABIERTAS,null,Monolínea,Mono_item,Lima - Callao,null,null,null,null,10:00 - 22:00,En Progreso,Punto de No Retorno,null,null
Netcall,1 oct 2026,10,927250385,9272503858285460238518,9283,Outbound,Portabilidad Postpago,PROGRAMADO,Logixtal,9001,ABIERTAS,Pendiente Entrega,Pendiente Entrega,NET_JSANCHEZC,SIM,2 oct 2026,null,null,No,ABIERTAS,null,Monolínea,Mono_item,Lima - Callao,null,null,Power ilim 79.90 SD N,AmericaMovil,08:00 - 13:00,En Progreso,Punto de No Retorno,Desconocido,SAN JUAN DE LURIGANCHO
Netcall,1 oct 2026,6,927177780,9271777808285136082256,9283,Outbound,Portabilidad Postpago,EXPRESS,Logixtal,9001,CERRADAS,Entregado,Entregado,NET_RCARDENASH,SIM,1 oct 2026,1 oct 2026,null,No,CERRADAS,2026-10-02 00:53:25,Multilínea,Mono_item,Lima - Callao,null,Power ilim 79.90 SD N,Power ilim 79.90 SD N,Viettel Peru,10:00 - 22:00,Cerrado,Resuelto,Desconocido,SAN JUAN DE LURIGANCHO
Netcall,1 oct 2026,9,927231969,9272319698285298567737,9283,Outbound,Portabilidad Postpago,EXPRESS,Logixtal,9001,CANCELADAS,Anulado,ZONA INACCESIBLE,NET_LTAMAYOD,SIM,1 oct 2026,null,null,No,CANCELADAS,2026-10-01 16:47:01,Multilínea,Mono_item,Lima - Callao,null,null,Power ilim 69.90 N,TELEFONICAPE,10:00 - 22:00,Cancelado,Rechazado,Desconocido,SAN JUAN DE LURIGANCHO
Netcall,1 oct 2026,17,927386575,9273865758286742918112,9283,Outbound,Portabilidad Postpago,EXPRESS,Logixtal,9001,ABIERTAS,Pendiente Entrega,Pendiente Entrega,NET_TREATEGUIV,SIM,1 oct 2026,null,null,No,ABIERTAS,null,Monolínea,Mono_item,Lima - Callao,null,null,Power ilim 69.90 N,AmericaMovil,10:00 - 22:00,En Progreso,Punto de No Retorno,Desconocido,SAN JUAN DE LURIGANCHO
Netcall,1 oct 2026,9,927235111,9272351118285324156225,9283,Outbound,Portabilidad Postpago,EXPRESS,Logixtal,9001,CERRADAS,Entregado,Entregado,NET_VMEJIAC,SIM,1 oct 2026,1 oct 2026,null,No,CERRADAS,2026-10-02 03:58:57,Monolínea,Mono_item,Lima - Callao,null,Power ilim 79.90 SD N,Power ilim 79.90 SD N,TELEFONICAPE,10:00 - 22:00,Cerrado,Resuelto,Desconocido,SAN JUAN DE LURIGANCHO
Netcall,1 oct 2026,16,927374594,927374594,9283,Outbound,Portabilidad Postpago,EXPRESS,Logixtal,9001,CERRADAS,Entregado,Entregado,NET_SPEREZR,SIM,1 oct 2026,1 oct 2026,null,No,CERRADAS,2026-10-02 00:37:39,Monolínea,Mono_item,Lima - Callao,null,Power ilim 69.90 N,null,null,10:00 - 22:00,Cerrado,Resuelto,null,SAN JUAN DE LURIGANCHO
Netcall,2 oct 2026,9,927704201,927704201Empty,9283,Outbound,Portabilidad Postpago,PROGRAMADO,Logixtal,9001,ABIERTAS,Pendiente Entrega,Pendiente de Picking,NET_KCHAVEZF,SIM,3 oct 2026,null,null,No,ABIERTAS,null,Monolínea,Mono_item,Lima - Callao,null,null,null,null,08:00 - 13:00,En Progreso,En Progreso,null,null
Netcall,1 oct 2026,11,927273244,9272732448285643677350,9271,Outbound,Venta Regular / Alta,EXPRESS,Logixtal,9001,CERRADAS,Entregado,Entregado,NET_CSANTIAGOQ,SIM,1 oct 2026,1 oct 2026,null,No,CERRADAS,2026-10-01 14:14:02,Multilínea,Mono_item,Lima - Callao,null,Power ilim 79.90 SD N,Power ilim 79.90 SD N,Desconocido,10:00 - 22:00,Cerrado,Resuelto,Desconocido,SAN JUAN DE LURIGANCHO
Netcall,1 oct 2026,13,927319947,9273199478286083645669,9283,Outbound,Portabilidad Postpago,EXPRESS,Logixtal,9001,CANCELADAS,Anulado,PIN PORTA_NO VALIDO,NET_BROMANS,SIM,1 oct 2026,null,null,No,CANCELADAS,2026-10-01 15:03:34,Monolínea,Mono_item,Lima - Callao,null,null,Power ilim 69.90 N,TELEFONICAPE,10:00 - 22:00,Cancelado,Pedido Cancelación,Portabilidad Rechazada. REC01PRT09: El abonado tiene deuda exigible | paymentDueDate=2026-09-01|portabilityOperDateActive=2025-10-30|amount=29.6|units=01,SAN JUAN DE LURIGANCHO
Netcall,2 oct 2026,9,927704024,92770402489511710111087001679,9283,Outbound,Portabilidad Postpago,EXPRESS,Logixtal,9001,ABIERTAS,Pendiente Entrega,Pendiente de Picking,NET_LTAMAYOD,SIM,2 oct 2026,null,null,No,ABIERTAS,null,Monolínea,Mono_item,Lima - Callao,null,null,null,null,10:00 - 22:00,En Progreso,Punto de No Retorno,null,null
Netcall,1 oct 2026,11,927271964,9272719648285638026853,9271,Outbound,Venta Regular / Alta,EXPRESS,Logixtal,9001,CERRADAS,Entregado,Entregado,NET_CSANTIAGOQ,SIM,1 oct 2026,1 oct 2026,null,No,CERRADAS,2026-10-01 14:09:13,Multilínea,Mono_item,Lima - Callao,null,Power ilim 79.90 SD N,Power ilim 79.90 SD N,Desconocido,10:00 - 22:00,Cerrado,Resuelto,Desconocido,SAN JUAN DE LURIGANCHO
Netcall,2 oct 2026,9,927694059,92769405989511710111068505334,9283,Outbound,Portabilidad Postpago,PROGRAMADO,Logixtal,9001,ABIERTAS,Pendiente Entrega,Pendiente de Picking,NET_LCAMPOSCABR,SIM,4 oct 2026,null,null,No,ABIERTAS,null,Monolínea,Mono_item,Lima - Callao,null,null,null,null,08:00 - 22:00,En Progreso,Punto de No Retorno,null,null
Netcall,1 oct 2026,18,927405973,9274059738286918902106,9283,Outbound,Venta Regular / Alta,PROGRAMADO,Logixtal,9001,ABIERTAS,Pendiente Entrega,Pendiente Entrega,TLV_NET_RSORIAH,SIM,2 oct 2026,null,null,No,ABIERTAS,null,Multilínea,Mono_item,Lima - Callao,null,null,Power ilim 79.90 SD N,Desconocido,08:00 - 13:00,En Progreso,Punto de No Retorno,Desconocido,SAN JUAN DE LURIGANCHO
Netcall,1 oct 2026,9,927241289,927241289,9283,Outbound,Portabilidad Postpago,EXPRESS,Logixtal,9001,CERRADAS,Entregado,Entregado,TLV_NET_CACEVED,SIM,1 oct 2026,1 oct 2026,null,No,CERRADAS,2026-10-02 00:26:24,Monolínea,Mono_item,Lima - Callao,null,Power ilim 79.90 SD N,null,null,10:00 - 22:00,Cerrado,Resuelto,null,SAN JUAN DE LURIGANCHO
Netcall,1 oct 2026,10,927254774,9272547748285496086140,9283,Outbound,Portabilidad Postpago,EXPRESS,Logixtal,9001,CERRADAS,Entregado,Entregado,NET_EBOZA,SIM,1 oct 2026,1 oct 2026,null,No,CERRADAS,2026-10-02 00:50:52,Monolínea,Mono_item,Lima - Callao,null,Power 59.90 N,Power 59.90 N,AmericaMovil,10:00 - 22:00,Cerrado,Resuelto,Desconocido,SAN JUAN DE LURIGANCHO
Netcall,2 oct 2026,10,927725035,927725035Empty,9283,Outbound,Venta Regular / Alta,EXPRESS,Logixtal,9001,ABIERTAS,Pendiente Entrega,Pendiente de Picking,NET_SDIAZO,SIM,2 oct 2026,null,null,No,ABIERTAS,null,Monolínea,Mono_item,Lima - Callao,null,null,null,null,10:00 - 22:00,En Progreso,En Progreso,null,null
Netcall,1 oct 2026,6,927177594,9271775948285130458399,9283,Outbound,Portabilidad Postpago,EXPRESS,Logixtal,9001,CERRADAS,Entregado,Entregado,NET_RCARDENASH,SIM,1 oct 2026,1 oct 2026,null,No,CERRADAS,2026-10-02 03:31:00,Multilínea,Mono_item,Lima - Callao,null,Power ilim 79.90 SD N,Power ilim 79.90 SD N,Viettel Peru,10:00 - 22:00,Cerrado,Resuelto,Desconocido,SAN JUAN DE LURIGANCHO
Netcall,1 oct 2026,9,927232003,9272320038285298143922,9271,Outbound,Portabilidad Postpago,EXPRESS,Logixtal,9001,CANCELADAS,Anulado,Cliente sin equipo Pin Porta,NET_KTORRESP,SIM,1 oct 2026,null,null,No,CANCELADAS,2026-10-01 10:46:32,Multilínea,Multi_item,Lima - Callao,null,null,Power ilim 79.90 SD N,AmericaMovil,10:00 - 22:00,Cancelado,Rechazado,Desconocido,SAN JUAN DE LURIGANCHO
Netcall,1 oct 2026,11,927282176,9272821768285717619161,9283,Outbound,Portabilidad Postpago,EXPRESS,Logixtal,9001,CERRADAS,Entregado,Entregado,NET_LLOBATONV,SIM,1 oct 2026,1 oct 2026,null,No,CERRADAS,2026-10-02 03:31:05,Monolínea,Mono_item,Lima - Callao,null,Power ilim 69.90 N,Power ilim 69.90 N,TELEFONICAPE,10:00 - 22:00,Cerrado,Resuelto,Desconocido,SAN JUAN DE LURIGANCHO
Netcall,1 oct 2026,15,927349703,9273497038286372246841,9283,Outbound,Portabilidad Postpago,EXPRESS,Logixtal,9001,ABIERTAS,Entregado,Entregado,TLV_NET_SFERNAN,SIM,1 oct 2026,1 oct 2026,null,No,ABIERTAS,null,Monolínea,Mono_item,Lima - Callao,null,null,Power ilim 79.90 SD N,AmericaMovil,10:00 - 22:00,En Progreso,Punto de No Retorno,Desconocido,SAN JUAN DE LURIGANCHO
Netcall,1 oct 2026,9,927232003,9272320038285298143705,9271,Outbound,Portabilidad Postpago,EXPRESS,Logixtal,9001,CANCELADAS,Anulado,Cliente sin equipo Pin Porta,NET_KTORRESP,SIM,1 oct 2026,null,null,No,CANCELADAS,2026-10-01 10:46:32,Multilínea,Multi_item,Lima - Callao,null,null,Power ilim 79.90 SD N,AmericaMovil,10:00 - 22:00,Cancelado,Rechazado,Desconocido,SAN JUAN DE LURIGANCHO
Netcall,1 oct 2026,17,927382270,9273822708286701073042,9283,Outbound,Portabilidad Postpago,EXPRESS,Logixtal,9001,CERRADAS,Entregado,Entregado,TLV_NET_JMORO,SIM,1 oct 2026,1 oct 2026,null,No,CERRADAS,2026-10-02 01:49:08,Multilínea,Mono_item,Lima - Callao,null,Power ilim 79.90 SD N,Power ilim 79.90 SD N,Viettel Peru,10:00 - 22:00,Cerrado,Resuelto,Desconocido,SAN JUAN DE LURIGANCHO
Netcall,1 oct 2026,11,927280521,9272805218285704748900,9283,Outbound,Portabilidad Postpago,EXPRESS,Logixtal,9001,CERRADAS,Entregado,Entregado,NET_VAYALA,SIM,1 oct 2026,1 oct 2026,null,No,CERRADAS,2026-10-02 01:36:34,Monolínea,Mono_item,Lima - Callao,null,Power 39.90 N,Power 39.90 N,TELEFONICAPE,10:00 - 22:00,Cerrado,Resuelto,Desconocido,SAN JUAN DE LURIGANCHO
Netcall,1 oct 2026,11,927281481,9272814818285714201820,9283,Outbound,Portabilidad Postpago,EXPRESS,Logixtal,9001,CERRADAS,Entregado,Entregado,NET_VSANTISTEBV,SIM,1 oct 2026,1 oct 2026,null,No,CERRADAS,2026-10-02 01:39:11,Multilínea,Mono_item,Lima - Callao,null,Power ilim 79.90 SD N,Power ilim 79.90 SD N,AmericaMovil,10:00 - 22:00,Cerrado,Resuelto,Desconocido,SAN JUAN DE LURIGANCHO
Netcall,1 oct 2026,18,927404210,9274042108286910409062,9283,Outbound,Portabilidad Postpago,PROGRAMADO,Logixtal,9001,ABIERTAS,Pendiente Entrega,Pendiente Entrega,TLV_NET_RSORIAH,SIM,2 oct 2026,null,null,No,ABIERTAS,null,Multilínea,Mono_item,Lima - Callao,null,null,Power ilim 79.90 SD N,Viettel Peru,08:00 - 13:00,En Progreso,Punto de No Retorno,Desconocido,SAN JUAN DE LURIGANCHO
Netcall,1 oct 2026,12,927305569,9273055698285951454478,9283,Outbound,Portabilidad Postpago,EXPRESS,Logixtal,9001,CERRADAS,Entregado,Entregado,NET_EVALDIVIEZO,SIM,1 oct 2026,1 oct 2026,null,No,CERRADAS,2026-10-02 02:02:42,Monolínea,Mono_item,Lima - Callao,null,Power ilim 69.90 N,Power ilim 69.90 N,AmericaMovil,10:00 - 22:00,Cerrado,Resuelto,Desconocido,SAN JUAN DE LURIGANCHO
Netcall,1 oct 2026,17,927381911,9273819118286696289506,9283,Outbound,Portabilidad Postpago,EXPRESS,Logixtal,9001,CANCELADAS,Anulado,ZONA INACCESIBLE,NET_LTAMAYOD,SIM,1 oct 2026,null,null,No,CANCELADAS,2026-10-01 18:04:34,Multilínea,Mono_item,Lima - Callao,null,null,Power ilim 69.90 N,TELEFONICAPE,10:00 - 22:00,Cancelado,Rechazado,Desconocido,SAN JUAN DE LURIGANCHO
Netcall,1 oct 2026,9,927236283,9272362838285332268423,9283,Outbound,Portabilidad Postpago,PROGRAMADO,Logixtal,9001,ABIERTAS,Pendiente Entrega,Pendiente Entrega,NET_MMREVILLA,SIM,2 oct 2026,null,null,No,ABIERTAS,null,Monolínea,Mono_item,Lima - Callao,null,null,Power ilim 69.90 N,Viettel Peru,08:00 - 13:00,En Progreso,Punto de No Retorno,Desconocido,SAN JUAN DE LURIGANCHO
Netcall,2 oct 2026,9,927709446,92770944689511710121083438783,9283,Outbound,Portabilidad Postpago,EXPRESS,Logixtal,9001,ABIERTAS,Entregado,Entregado,NET_JLUCIANOT,SIM,2 oct 2026,null,null,No,ABIERTAS,null,Monolínea,Mono_item,Lima - Callao,null,null,null,null,10:00 - 22:00,En Progreso,Punto de No Retorno,null,null
Netcall,1 oct 2026,9,927231427,9272314278285292452912,9283,Outbound,Portabilidad Postpago,EXPRESS,Logixtal,9001,CERRADAS,Entregado,Entregado,TLV_NET_YAQUINO,SIM,1 oct 2026,1 oct 2026,null,No,CERRADAS,2026-10-02 01:39:40,Monolínea,Mono_item,Lima - Callao,null,Power ilim 69.90 N,Power ilim 69.90 N,TELEFONICAPE,10:00 - 22:00,Cerrado,Resuelto,Desconocido,SAN JUAN DE LURIGANCHO
Netcall,1 oct 2026,17,927388553,927388553,9283,Outbound,Portabilidad Postpago,EXPRESS,Logixtal,9001,CERRADAS,Entregado,Entregado,NET_VJAUREGUIM,SIM,1 oct 2026,1 oct 2026,null,No,CERRADAS,2026-10-02 00:23:49,Monolínea,Mono_item,Lima - Callao,null,Power ilim 69.90 N,null,null,10:00 - 22:00,Cerrado,Resuelto,null,SAN JUAN DE LURIGANCHO
Netcall,2 oct 2026,9,927710941,92771094189511710121083429998,9283,Outbound,Portabilidad Postpago,EXPRESS,Logixtal,9001,ABIERTAS,Pendiente Entrega,Pendiente de Picking,NET_VSANTISTEBV,SIM,2 oct 2026,null,null,No,ABIERTAS,null,Monolínea,Mono_item,Lima - Callao,null,null,null,null,10:00 - 22:00,En Progreso,Punto de No Retorno,null,null
Netcall,2 oct 2026,9,927707211,927707211Empty,9271,Outbound,Portabilidad Postpago,PROGRAMADO,Logixtal,9001,ABIERTAS,Pendiente Entrega,Pendiente de Picking,NET_HDOMINGUEZC,SIM,3 oct 2026,null,null,No,ABIERTAS,null,Monolínea,Mono_item,Lima - Callao,null,null,null,null,08:00 - 13:00,En Progreso,En Progreso,null,null
Netcall,1 oct 2026,15,927350045,9273500458286374310766,9283,Outbound,Portabilidad Postpago,EXPRESS,Logixtal,9001,CERRADAS,Entregado,Entregado,NET_ATRIVINOS,SIM,1 oct 2026,1 oct 2026,null,No,CERRADAS,2026-10-02 01:21:21,Monolínea,Mono_item,Lima - Callao,null,Power ilim 69.90 N,Power ilim 69.90 N,Viettel Peru,10:00 - 22:00,Cerrado,Resuelto,Desconocido,SAN JUAN DE LURIGANCHO
Netcall,1 oct 2026,17,927383327,9273833278286709893880,9283,Outbound,Portabilidad Postpago,EXPRESS,Logixtal,9001,CERRADAS,Entregado,Entregado,TLV_NET_JMORO,SIM,1 oct 2026,1 oct 2026,null,No,CERRADAS,2026-10-02 01:32:41,Multilínea,Mono_item,Lima - Callao,null,Power ilim 79.90 SD N,Power ilim 79.90 SD N,Viettel Peru,10:00 - 22:00,Cerrado,Resuelto,Desconocido,SAN JUAN DE LURIGANCHO
Netcall,1 oct 2026,11,927283780,9272837808285733175294,9283,Outbound,Portabilidad Postpago,EXPRESS,Logixtal,9001,CERRADAS,Entregado,Entregado,TLV_NET_BCHAVEZ,SIM,1 oct 2026,1 oct 2026,null,No,CERRADAS,2026-10-02 01:38:10,Monolínea,Mono_item,Lima - Callao,null,Power ilim 69.90 N,Power ilim 69.90 N,TELEFONICAPE,10:00 - 22:00,Cerrado,Resuelto,Desconocido,SAN JUAN DE LURIGANCHO
Netcall,2 oct 2026,11,927757216,927757216Empty,9283,Outbound,Portabilidad Postpago,EXPRESS,Logixtal,9001,ABIERTAS,Pendiente Entrega,Pendiente de Picking,NET_RMPEREZC,SIM,2 oct 2026,null,null,No,ABIERTAS,null,Monolínea,Mono_item,Lima - Callao,null,null,null,null,10:00 - 22:00,En Progreso,En Progreso,null,null
Netcall,2 oct 2026,11,927748502,92774850289511710121083438759,9283,Outbound,Portabilidad Postpago,EXPRESS,Logixtal,9001,ABIERTAS,Pendiente Entrega,Pendiente de Picking,NET_GSANCHEZO,SIM,2 oct 2026,null,null,No,ABIERTAS,null,Monolínea,Mono_item,Lima - Callao,null,null,null,null,10:00 - 22:00,En Progreso,Punto de No Retorno,null,null
Netcall,1 oct 2026,14,927332292,9273322928286205403710,9283,Outbound,Portabilidad Postpago,EXPRESS,Logixtal,9001,CERRADAS,Entregado,Entregado,NET_JVELASQUEZS,SIM,1 oct 2026,1 oct 2026,null,No,CERRADAS,2026-10-02 01:00:42,Monolínea,Mono_item,Lima - Callao,null,Power ilim 79.90 SD N,Power ilim 79.90 SD N,Viettel Peru,10:00 - 22:00,Cerrado,Resuelto,Desconocido,SAN JUAN DE LURIGANCHO
Netcall,1 oct 2026,17,927390150,9273901508286775919227,9283,Outbound,Portabilidad Postpago,EXPRESS,Logixtal,9001,CANCELADAS,Anulado,CLIENTE DESISTE - NO BRINDA MOTIVOS,TLV_NET_ACUBASS,SIM,1 oct 2026,null,null,No,CANCELADAS,2026-10-01 19:36:38,Monolínea,Mono_item,Lima - Callao,null,null,Power ilim 69.90 N,Viettel Peru,10:00 - 22:00,Cancelado,Rechazado,Desconocido,SAN JUAN DE LURIGANCHO
Netcall,1 oct 2026,17,927391370,9273913708286784927068,9283,Outbound,Portabilidad Postpago,EXPRESS,Logixtal,9001,CANCELADAS,Anulado,CLIENTE DESISTE - NO BRINDA MOTIVOS,NET_PYGARCIAG,SIM,1 oct 2026,null,null,No,CANCELADAS,2026-10-01 19:12:01,Monolínea,Mono_item,Lima - Callao,null,null,Power ilim 79.90 SD N,Viettel Peru,10:00 - 22:00,Cancelado,Rechazado,Desconocido,SAN JUAN DE LURIGANCHO
Netcall,2 oct 2026,11,927744134,927744134Empty,5299,Outbound,Portabilidad Postpago,PROGRAMADO,Logixtal,9001,ABIERTAS,Pendiente Entrega,Pendiente de Picking,NET_LVIZCARRARO,SIM,3 oct 2026,null,null,No,ABIERTAS,null,Multilínea,Mono_item,Lima - Callao,null,null,null,null,08:00 - 13:00,En Progreso,En Progreso,null,null
Netcall,2 oct 2026,11,927749818,92774981889511710101081511641,9283,Outbound,Venta Regular / Alta,EXPRESS,Logixtal,9001,CANCELADAS,Pendiente Entrega,Pendiente de Picking,NET_DNIEVESNIMA,SIM,2 oct 2026,null,null,No,CANCELADAS,2026-10-02 12:16:41,Monolínea,Mono_item,Lima - Callao,null,null,null,null,10:00 - 22:00,En Progreso,Punto de No Retorno,null,null
Netcall,1 oct 2026,14,927334841,9273348418286230109963,9283,Outbound,Portabilidad Postpago,PROGRAMADO,Logixtal,9001,ABIERTAS,No bop,No bop,NET_CMENESESV,SIM,3 oct 2026,null,null,No,ABIERTAS,null,Monolínea,Mono_item,Lima - Callao,null,null,Power ilim 69.90 N,TELEFONICAPE,08:00 - 13:00,En Progreso,En Progreso,Desconocido,SAN JUAN DE LURIGANCHO
Netcall,1 oct 2026,10,927258629,9272586298285527643889,9283,Outbound,Portabilidad Postpago,EXPRESS,Logixtal,9001,CERRADAS,Entregado,Entregado,NET_ECHEROS,SIM,1 oct 2026,1 oct 2026,null,No,CERRADAS,2026-10-02 01:33:23,Monolínea,Mono_item,Lima - Callao,null,Power ilim 69.90 N,Power ilim 69.90 N,AmericaMovil,10:00 - 22:00,Cerrado,Resuelto,Desconocido,SAN JUAN DE LURIGANCHO
Netcall,1 oct 2026,13,927316618,9273166188286060104727,9283,Outbound,Portabilidad Postpago,EXPRESS,Logixtal,9001,ABIERTAS,Pendiente Entrega,Pendiente Entrega,TLV_NET_MFARFAN,SIM,1 oct 2026,null,null,No,ABIERTAS,null,Monolínea,Mono_item,Lima - Callao,null,null,Power ilim 69.90 N,TELEFONICAPE,10:00 - 22:00,En Progreso,Punto de No Retorno,Desconocido,SAN JUAN DE LURIGANCHO
Netcall,2 oct 2026,11,927758287,927758287Empty,9283,Outbound,Portabilidad Postpago,EXPRESS,Logixtal,9001,ABIERTAS,Pendiente Entrega,Pendiente de Picking,NET_YRUEDAMONDR,SIM,2 oct 2026,null,null,No,ABIERTAS,null,Monolínea,Mono_item,Lima - Callao,null,null,null,null,10:00 - 22:00,En Progreso,En Progreso,null,null
Netcall,1 oct 2026,15,927345994,927345994,9283,Outbound,Portabilidad Postpago,EXPRESS,Logixtal,9001,CERRADAS,Entregado,Entregado,NET_SRUIZS,SIM,1 oct 2026,1 oct 2026,null,No,CERRADAS,2026-10-02 00:10:56,Multilínea,Mono_item,Lima - Callao,null,Power ilim 79.90 SD N,null,null,10:00 - 22:00,Cerrado,Resuelto,null,SAN JUAN DE LURIGANCHO
Netcall,1 oct 2026,13,927318638,9273186388286077569440,9283,Outbound,Portabilidad Postpago,EXPRESS,Logixtal,9001,CERRADAS,Entregado,Entregado,NET_KORTIZD,SIM,1 oct 2026,1 oct 2026,null,No,CERRADAS,2026-10-02 01:05:52,Monolínea,Mono_item,Lima - Callao,null,Power ilim 69.90 N,Power ilim 69.90 N,AmericaMovil,10:00 - 22:00,Cerrado,Resuelto,Desconocido,SAN JUAN DE LURIGANCHO
Netcall,1 oct 2026,15,927344633,9273446338286323326945,9283,Outbound,Portabilidad Postpago,EXPRESS,Logixtal,9001,CERRADAS,Entregado,Entregado,NET_SRUIZS,SIM,1 oct 2026,1 oct 2026,null,No,CERRADAS,2026-10-02 01:41:04,Multilínea,Mono_item,Lima - Callao,null,Power ilim 79.90 SD N,Power ilim 79.90 SD N,AmericaMovil,10:00 - 22:00,Cerrado,Resuelto,Desconocido,SAN JUAN DE LURIGANCHO
Netcall,1 oct 2026,14,927329496,9273294968286179957171,9283,Outbound,Portabilidad Postpago,EXPRESS,Logixtal,9001,CERRADAS,Entregado,Entregado,NET_GGALLARDAYA,SIM,1 oct 2026,1 oct 2026,null,No,CERRADAS,2026-10-02 01:07:08,Monolínea,Mono_item,Lima - Callao,null,Power ilim 69.90 N,Power ilim 69.90 N,TELEFONICAPE,10:00 - 22:00,Cerrado,Resuelto,Desconocido,SAN JUAN DE LURIGANCHO
Netcall,1 oct 2026,12,927308826,9273088268285985543301,9283,Outbound,Venta Regular / Alta,EXPRESS,Logixtal,9345,ABIERTAS,Anulado,NO DAN RAZÓN DEL CLIENTE,NET_CALVANC,SIM,1 oct 2026,null,null,No,ABIERTAS,null,Multilínea,Mono_item,Ica,null,null,Power ilim 79.90 SD N,Desconocido,10:00 - 20:00,En Progreso,Punto de No Retorno,Desconocido,SAN JUAN BAUTISTA
Netcall,2 oct 2026,8,927683692,92768369289511710101030211293,9283,Outbound,Portabilidad Postpago,EXPRESS,Retiro en tienda,9345,ABIERTAS,Pendiente Entrega,Pendiente Entrega,NET_GVELASQUEZA,SIM,2 oct 2026,null,null,No,ABIERTAS,null,Multilínea,Mono_item,Ica,null,null,null,null,10:00 - 20:00,En Progreso,Punto de No Retorno,null,null
Netcall,1 oct 2026,11,927281504,9272815048285713169907,9283,Outbound,Portabilidad Postpago,EXPRESS,Logixtal,9345,CANCELADAS,Anulado,PIN-PORTA NO LLEGA SMS,NET_GVELASQUEZA,SIM,1 oct 2026,null,null,No,CANCELADAS,2026-10-01 13:04:59,Multilínea,Mono_item,Ica,null,null,Power ilim 79.90 SD N,AmericaMovil,10:00 - 20:00,Cancelado,Rechazado,Desconocido,SAN JUAN BAUTISTA
Netcall,1 oct 2026,10,927247702,9272477028285431742628,9283,Outbound,Portabilidad Postpago,EXPRESS,Logixtal,9355,CERRADAS,Entregado,Entregado,NET_SCAVEROC,SIM,1 oct 2026,1 oct 2026,null,No,CERRADAS,2026-10-02 01:30:24,Monolínea,Mono_item,Loreto,null,Power ilim 69.90 N,Power ilim 69.90 N,TELEFONICAPE,10:00 - 20:00,Cerrado,Resuelto,Desconocido,SAN JUAN BAUTISTA
Netcall,1 oct 2026,11,927279814,9272798148285693982460,9283,Outbound,Portabilidad Postpago,EXPRESS,Logixtal,9345,CANCELADAS,Anulado,PIN-PORTA NO LLEGA SMS,NET_GVELASQUEZA,SIM,1 oct 2026,null,null,No,CANCELADAS,2026-10-01 13:06:26,Multilínea,Mono_item,Ica,null,null,Power ilim 79.90 SD N,AmericaMovil,10:00 - 20:00,Cancelado,Rechazado,Desconocido,SAN JUAN BAUTISTA
Netcall,1 oct 2026,9,927244948,927244948,5299,Outbound,Portabilidad Postpago,EXPRESS,Logixtal,9354,CERRADAS,Entregado,Entregado,NET_AEREYES,SIM,1 oct 2026,1 oct 2026,null,No,CERRADAS,2026-10-02 00:14:25,Monolínea,Mono_item,Ayacucho,null,Power ilim 69.90 N,null,null,10:00 - 20:00,Cerrado,Resuelto,null,SAN JUAN BAUTISTA
Netcall,2 oct 2026,11,927751095,927751095Empty,5299,Outbound,Portabilidad Postpago,PROGRAMADO,Retiro en tienda,9345,ABIERTAS,Pendiente Entrega,Pendiente Entrega,NET_RCANDIOTTIA,SIM,3 oct 2026,null,null,No,ABIERTAS,null,Monolínea,Mono_item,Ica,null,null,null,null,09:00 - 13:00,En Progreso,En Progreso,null,null
Netcall,2 oct 2026,10,927730955,927730955Empty,9283,Outbound,Portabilidad Postpago,PROGRAMADO,Retiro en tienda,9354,ABIERTAS,Pendiente Entrega,Pendiente Entrega,NET_MHUARCAYAA,SIM,3 oct 2026,null,null,No,ABIERTAS,null,Monolínea,Mono_item,Ayacucho,null,null,null,null,13:01 - 19:00,En Progreso,En Progreso,null,null
Netcall,1 oct 2026,12,927309136,9273091368285983316517,9283,Outbound,Portabilidad Postpago,PROGRAMADO,Logixtal,9354,ABIERTAS,Pendiente Entrega,Pendiente Entrega,NET_MHUAPAYAQ,SIM,2 oct 2026,null,null,No,ABIERTAS,null,Monolínea,Mono_item,Ayacucho,null,null,Power ilim 69.90 N,AmericaMovil,09:00 - 13:00,En Progreso,En Progreso,Desconocido,SAN JUAN BAUTISTA
Netcall,2 oct 2026,8,927682551,92768255189511710101030211285,9283,Outbound,Portabilidad Postpago,EXPRESS,Retiro en tienda,9345,ABIERTAS,Pendiente Entrega,Pendiente Entrega,NET_GVELASQUEZA,SIM,2 oct 2026,null,null,No,ABIERTAS,null,Multilínea,Mono_item,Ica,null,null,null,null,10:00 - 20:00,En Progreso,Punto de No Retorno,null,null
Netcall,1 oct 2026,11,927278552,9272785528285709925932,9283,Outbound,Portabilidad Postpago,EXPRESS,Logixtal,9355,CERRADAS,Entregado,Entregado,TLV_NET_BRAMIRE,SIM,1 oct 2026,1 oct 2026,null,No,CERRADAS,2026-10-02 01:02:07,Monolínea,Mono_item,Loreto,null,Power 39.90 N,Power 39.90 N,TELEFONICAPE,10:00 - 20:00,Cerrado,Resuelto,Desconocido,SAN JUAN BAUTISTA
Netcall,1 oct 2026,12,927307787,9273077878285968044405,9283,Outbound,Portabilidad Postpago,EXPRESS,Logixtal,9345,ABIERTAS,Anulado,NO DAN RAZÓN DEL CLIENTE,NET_CALVANC,SIM,1 oct 2026,null,null,No,ABIERTAS,null,Multilínea,Mono_item,Ica,null,null,Power ilim 79.90 SD N,TELEFONICAPE,10:00 - 20:00,En Progreso,Punto de No Retorno,Desconocido,SAN JUAN BAUTISTA
Netcall,1 oct 2026,16,927369046,9273690468286613656438,9283,Outbound,Portabilidad Postpago,EXPRESS,Logixtal,9354,ABIERTAS,Pendiente Entrega,Pendiente Entrega,NET_JORTIZV,SIM,1 oct 2026,null,null,No,ABIERTAS,null,Monolínea,Mono_item,Ayacucho,null,null,Power ilim 69.90 N,TELEFONICAPE,10:00 - 20:00,En Progreso,Punto de No Retorno,Desconocido,SAN JUAN BAUTISTA
Netcall,2 oct 2026,9,927696073,92769607389511710101030174525,9283,Outbound,Portabilidad Postpago,EXPRESS,Retiro en tienda,9343,CANCELADAS,Cancelado,Cancelado,NET_DEGALLARDOA,SIM,2 oct 2026,null,null,No,CANCELADAS,2026-10-02 12:21:42,Monolínea,Mono_item,Cusco,null,null,null,null,10:00 - 20:00,En Progreso,Punto de No Retorno,null,null
Netcall,1 oct 2026,15,927349620,9273496208286368443148,9283,Outbound,Portabilidad Postpago,EXPRESS,Logixtal,9001,CERRADAS,Entregado,Entregado,NET_WBENITESA,SIM,1 oct 2026,1 oct 2026,null,No,CERRADAS,2026-10-02 01:03:18,Monolínea,Mono_item,Lima - Callao,null,Power 59.90 N,Power 59.90 N,TELEFONICAPE,10:00 - 22:00,Cerrado,Resuelto,Desconocido,SAN ISIDRO
Netcall,1 oct 2026,13,927311151,9273111518286006515039,9283,Outbound,Portabilidad Postpago,EXPRESS,Logixtal,9001,CANCELADAS,Anulado,PIN PORTA_NO VALIDO,NET_JBAYONAC,SIM,1 oct 2026,null,null,No,CANCELADAS,2026-10-01 13:34:40,Multilínea,Mono_item,Lima - Callao,null,null,Power ilim 79.90 SD N,TelefonicaPr,10:00 - 22:00,Cancelado,Pedido Cancelación,Portabilidad Rechazada. REC01ABD15: El Código NIP es invalido | REC01ABD15,SAN ISIDRO
Netcall,1 oct 2026,13,927315725,9273157258286043418325,9283,Outbound,Portabilidad Postpago,EXPRESS,Logixtal,9001,CANCELADAS,Anulado,PEDIDO MAL GENERADO,NET_EBOZA,SIM,1 oct 2026,null,null,No,CANCELADAS,2026-10-01 15:07:32,Monolínea,Mono_item,Lima - Callao,null,null,Power ilim 79.90 SD N,Viettel Peru,10:00 - 22:00,Cancelado,Rechazado,Desconocido,SAN ISIDRO
Netcall,1 oct 2026,17,927377637,9273776378286652455672,9283,Outbound,Portabilidad Postpago,EXPRESS,Logixtal,9001,ABIERTAS,Pendiente Entrega,Pendiente Entrega,NET_EBOZA,SIM,1 oct 2026,null,null,No,ABIERTAS,null,Monolínea,Mono_item,Lima - Callao,null,null,Power ilim 69.90 N,Viettel Peru,08:00 - 20:00,En Progreso,Punto de No Retorno,Desconocido,SAN ISIDRO
Netcall,1 oct 2026,16,927365876,9273658768286532710360,9283,Outbound,Portabilidad Postpago,PROGRAMADO,Logixtal,9001,ABIERTAS,Pendiente Entrega,Pendiente Entrega,NET_MORIHUELAQ,SIM,2 oct 2026,null,null,No,ABIERTAS,null,Multilínea,Mono_item,Lima - Callao,null,null,Power ilim 79.90 SD N,AmericaMovil,08:00 - 13:00,En Progreso,Punto de No Retorno,Desconocido,SAN ISIDRO
Netcall,1 oct 2026,16,927367135,9273671358286543599174,9283,Outbound,Portabilidad Postpago,PROGRAMADO,Logixtal,9001,ABIERTAS,Pendiente Entrega,Pendiente Entrega,NET_MORIHUELAQ,SIM,2 oct 2026,null,null,No,ABIERTAS,null,Multilínea,Mono_item,Lima - Callao,null,null,Power ilim 79.90 SD N,AmericaMovil,08:00 - 13:00,En Progreso,Punto de No Retorno,Desconocido,SAN ISIDRO
Netcall,1 oct 2026,10,927253691,9272536918285487596726,9283,Outbound,Portabilidad Postpago,EXPRESS,Logixtal,9001,CERRADAS,Entregado,Entregado,NET_VMEJIAC,SIM,1 oct 2026,1 oct 2026,null,No,CERRADAS,2026-10-02 00:42:17,Monolínea,Mono_item,Lima - Callao,null,Power ilim 79.90 SD N,Power ilim 79.90 SD N,Viettel Peru,10:00 - 22:00,Cerrado,Resuelto,Desconocido,SAN ISIDRO
Netcall,1 oct 2026,13,927312471,9273124718286020033585,9283,Outbound,Venta Regular / Alta,EXPRESS,Logixtal,9001,CANCELADAS,Anulado,CLIENTE YA NO DESEA PRODUCTO,NET_JBAYONAC,SIM,1 oct 2026,null,null,No,CANCELADAS,2026-10-01 13:48:33,Multilínea,Mono_item,Lima - Callao,null,null,Power ilim 79.90 SD N,Desconocido,10:00 - 22:00,Cancelado,Rechazado,Desconocido,SAN ISIDRO
Netcall,1 oct 2026,16,927362399,9273623998286496943232,9283,Outbound,Venta Regular / Alta,EXPRESS,Logixtal,9001,CERRADAS,Entregado,Entregado,NET_JBAYONAC,SIM,1 oct 2026,1 oct 2026,null,No,CERRADAS,2026-10-01 17:54:53,Multilínea,Mono_item,Lima - Callao,null,Power ilim 79.90 SD N,Power ilim 79.90 SD N,Desconocido,10:00 - 22:00,Cerrado,Resuelto,Desconocido,SAN ISIDRO
Netcall,1 oct 2026,11,927270771,9272707718285623370945,9283,Outbound,Portabilidad Postpago,EXPRESS,Logixtal,9001,CERRADAS,Entregado,Entregado,NET_FLABANM,SIM,1 oct 2026,1 oct 2026,null,No,CERRADAS,2026-10-02 00:46:35,Monolínea,Mono_item,Lima - Callao,null,Power ilim 69.90 N,Power ilim 69.90 N,TELEFONICAPE,10:00 - 22:00,Cerrado,Resuelto,Desconocido,SAN ISIDRO
Netcall,1 oct 2026,11,927267306,9272673068285598225826,9283,Outbound,Portabilidad Postpago,EXPRESS,Logixtal,9001,CERRADAS,Entregado,Entregado,TLV_NET_DGARCIA,SIM,1 oct 2026,1 oct 2026,null,No,CERRADAS,2026-10-02 00:52:10,Monolínea,Mono_item,Lima - Callao,null,Power ilim 69.90 N,Power ilim 69.90 N,AmericaMovil,10:00 - 22:00,Cerrado,Resuelto,Desconocido,SAN ISIDRO
Netcall,1 oct 2026,15,927342320,9273423208286297433542,9283,Outbound,Portabilidad Postpago,EXPRESS,Logixtal,9001,CERRADAS,Entregado,Entregado,NET_CPINELLAC,SIM,1 oct 2026,1 oct 2026,null,No,CERRADAS,2026-10-02 01:15:32,Monolínea,Mono_item,Lima - Callao,null,Power ilim 79.90 SD N,Power ilim 79.90 SD N,AmericaMovil,10:00 - 22:00,Cerrado,Resuelto,Desconocido,SAN ISIDRO
Netcall,1 oct 2026,16,927361439,9273614398286491770939,9283,Outbound,Portabilidad Postpago,EXPRESS,Logixtal,9001,CERRADAS,Entregado,Entregado,NET_JBAYONAC,SIM,1 oct 2026,1 oct 2026,null,No,CERRADAS,2026-10-02 03:29:44,Multilínea,Mono_item,Lima - Callao,null,Power ilim 79.90 SD N,Power ilim 79.90 SD N,TELEFONICAPE,10:00 - 22:00,Cerrado,Resuelto,Desconocido,SAN ISIDRO
Netcall,1 oct 2026,17,927393111,9273931118286804914320,9283,Outbound,Portabilidad Postpago,PROGRAMADO,Logixtal,9001,ABIERTAS,Pendiente Entrega,Pendiente Entrega,NET_JCORONADOC,SIM,2 oct 2026,null,null,No,ABIERTAS,null,Multilínea,Mono_item,Lima - Callao,null,null,Power ilim 79.90 SD N,TELEFONICAPE,08:00 - 13:00,En Progreso,Punto de No Retorno,Desconocido,SAN ISIDRO
Netcall,1 oct 2026,17,927394038,9273940388286810597859,9283,Outbound,Portabilidad Postpago,PROGRAMADO,Logixtal,9001,ABIERTAS,Pendiente Entrega,Pendiente Entrega,NET_JCORONADOC,SIM,2 oct 2026,null,null,No,ABIERTAS,null,Multilínea,Mono_item,Lima - Callao,null,null,Power ilim 79.90 SD N,TELEFONICAPE,08:00 - 13:00,En Progreso,Punto de No Retorno,Desconocido,SAN ISIDRO
Netcall,1 oct 2026,16,927371245,927371245,9283,Outbound,Portabilidad Postpago,EXPRESS,Logixtal,9001,CERRADAS,Entregado,Entregado,TLV_NET_KARANDA,SIM,1 oct 2026,1 oct 2026,null,No,CERRADAS,2026-10-02 00:29:59,Monolínea,Mono_item,Lima - Callao,null,Power ilim 79.90 SD N,null,null,10:00 - 22:00,Cerrado,Resuelto,null,SAN ISIDRO
Netcall,1 oct 2026,18,927405248,9274052488286917255582,9283,Outbound,Portabilidad Postpago,PROGRAMADO,Logixtal,9345,ABIERTAS,Pendiente Entrega,Pendiente Entrega,NET_JSANGAMA,SIM,2 oct 2026,null,null,No,ABIERTAS,null,Monolínea,Mono_item,Ica,null,null,Power ilim 79.90 SD N,AmericaMovil,13:01 - 19:00,En Progreso,En Progreso,Desconocido,SAN CLEMENTE
Netcall,1 oct 2026,16,927372608,9273726088286605386396,9283,Outbound,Portabilidad Postpago,EXPRESS,Logixtal,9345,ABIERTAS,Pendiente Entrega,Pendiente Entrega,NET_YVEGASA,SIM,1 oct 2026,null,null,No,ABIERTAS,null,Monolínea,Mono_item,Ica,null,null,Power ilim 69.90 N,AmericaMovil,10:00 - 20:00,En Progreso,En Progreso,Desconocido,SAN CLEMENTE
Netcall,1 oct 2026,11,927289345,9272893458285784063637,5299,Outbound,Venta Regular / Alta,EXPRESS,Logixtal,9001,CERRADAS,Entregado,Entregado,NET_MCORDOVACRU,SIM,1 oct 2026,1 oct 2026,null,No,CERRADAS,2026-10-01 15:34:48,Monolínea,Mono_item,Lima - Callao,null,Power ilim 79.90 SD N,Power ilim 79.90 SD N,Desconocido,10:00 - 22:00,Cerrado,Resuelto,Desconocido,SAN BORJA
Netcall,1 oct 2026,13,927324094,9273240948286129349303,9283,Outbound,Portabilidad Postpago,EXPRESS,Logixtal,9001,CERRADAS,Entregado,Entregado,TLV_NET_RSORIAH,SIM,1 oct 2026,1 oct 2026,null,No,CERRADAS,2026-10-02 04:16:33,Monolínea,Mono_item,Lima - Callao,null,Power ilim 69.90 N,Power ilim 69.90 N,TELEFONICAPE,10:00 - 22:00,Cerrado,Resuelto,Desconocido,SAN BORJA
Netcall,1 oct 2026,13,927321435,927321435,9283,Outbound,Portabilidad Postpago,EXPRESS,Logixtal,9001,CERRADAS,Entregado,Entregado,NET_LBAUTISTAS,SIM,1 oct 2026,1 oct 2026,null,No,CERRADAS,2026-10-02 00:24:11,Monolínea,Mono_item,Lima - Callao,null,Power ilim 79.90 SD N,null,null,10:00 - 22:00,Cerrado,Resuelto,null,SAN BORJA
Netcall,1 oct 2026,12,927302512,9273025128285916110892,9283,Outbound,Portabilidad Postpago,EXPRESS,Logixtal,9001,ABIERTAS,Pendiente Entrega,Pendiente Entrega,NET_MFLORESD,SIM,1 oct 2026,null,null,No,ABIERTAS,null,Monolínea,Mono_item,Lima - Callao,null,null,Power ilim 79.90 SD N,AmericaMovil,10:00 - 22:00,En Progreso,Punto de No Retorno,Desconocido,SAN BORJA
Netcall,2 oct 2026,11,927742934,92774293489511710111071057216,9271,Outbound,Portabilidad Postpago,EXPRESS,Logixtal,9001,ABIERTAS,Entregado,Entregado,NET_MSUAREZG,SIM,2 oct 2026,null,null,No,ABIERTAS,null,Monolínea,Mono_item,Lima - Callao,null,null,null,null,10:00 - 22:00,En Progreso,Punto de No Retorno,null,null
Netcall,2 oct 2026,10,927720953,92772095389511710111087036147,9283,Outbound,Portabilidad Postpago,EXPRESS,Logixtal,9001,ABIERTAS,Pendiente Entrega,Pendiente de Picking,TLV_NET_GJQUISP,SIM,2 oct 2026,null,null,No,ABIERTAS,null,Monolínea,Mono_item,Lima - Callao,null,null,null,null,10:00 - 22:00,En Progreso,Punto de No Retorno,null,null
Netcall,1 oct 2026,10,927248527,9272485278285443026854,9283,Outbound,Portabilidad Postpago,EXPRESS,Logixtal,9001,CERRADAS,Entregado,Entregado,NET_LTVENTURAG,SIM,1 oct 2026,1 oct 2026,null,No,CERRADAS,2026-10-02 01:13:07,Monolínea,Mono_item,Lima - Callao,null,Power ilim 69.90 N,Power ilim 69.90 N,TELEFONICAPE,10:00 - 22:00,Cerrado,Resuelto,Desconocido,SAN BORJA
Netcall,1 oct 2026,11,927278133,9272781338285681265754,9283,Outbound,Portabilidad Postpago,EXPRESS,Logixtal,9001,CANCELADAS,Anulado,PIN PORTA_NO VALIDO,NET_KCHUNAP,SIM,1 oct 2026,null,null,No,CANCELADAS,2026-10-01 11:47:38,Monolínea,Mono_item,Lima - Callao,null,null,Power ilim 69.90 N,TELEFONICAPE,10:00 - 22:00,Cancelado,Pedido Cancelación,Portabilidad Rechazada. REC01ABD05: Numeración dentro del plazo mínimo de contratación | REC01ABD05,SAN BORJA
Netcall,2 oct 2026,10,927713389,927713389Empty,9283,Outbound,Portabilidad Postpago,PROGRAMADO,Retiro en tienda,9345,ABIERTAS,Pendiente Entrega,Pendiente Entrega,NET_INAVARROI,SIM,5 oct 2026,null,null,No,ABIERTAS,null,Monolínea,Mono_item,Ica,null,null,null,null,09:00 - 13:00,En Progreso,En Progreso,null,null
Netcall,1 oct 2026,17,927382434,9273824348286709013190,9283,Outbound,Portabilidad Postpago,PROGRAMADO,Logixtal,5022,ABIERTAS,Pendiente Entrega,Pendiente Entrega,NET_GLOPEZF,SIM,2 oct 2026,null,null,No,ABIERTAS,null,Multilínea,Mono_item,Arequipa,null,null,Power ilim 79.90 SD N,AmericaMovil,09:00 - 13:00,En Progreso,Punto de No Retorno,Desconocido,SACHACA
Netcall,1 oct 2026,17,927384228,9273842288286720071227,9283,Outbound,Portabilidad Postpago,PROGRAMADO,Logixtal,5022,ABIERTAS,Pendiente Entrega,Pendiente Entrega,NET_GLOPEZF,SIM,2 oct 2026,null,null,No,ABIERTAS,null,Multilínea,Mono_item,Arequipa,null,null,Power ilim 79.90 SD N,AmericaMovil,09:00 - 13:00,En Progreso,Punto de No Retorno,Desconocido,SACHACA
Netcall,1 oct 2026,16,927362674,9273626748286503945763,9283,Outbound,Portabilidad Postpago,PROGRAMADO,Logixtal,5022,ABIERTAS,Pendiente Entrega,Pendiente Entrega,NET_RGUTIERREZS,SIM,2 oct 2026,null,null,No,ABIERTAS,null,Monolínea,Mono_item,Arequipa,null,null,Power ilim 69.90 N,Viettel Peru,09:00 - 13:00,En Progreso,Punto de No Retorno,Desconocido,SACHACA
Netcall,2 oct 2026,9,927707171,92770717189511710101030024647,9283,Outbound,Portabilidad Postpago,EXPRESS,Retiro en tienda,9353,ABIERTAS,Entregado,Entregado,NET_SGONZALESF,SIM,2 oct 2026,null,null,No,ABIERTAS,null,Monolínea,Mono_item,Huanuco,null,null,null,null,10:00 - 20:00,En Progreso,Pago Recibido,null,null
Netcall,1 oct 2026,13,927320243,9273202438286091096539,9283,Outbound,Portabilidad Postpago,EXPRESS,Logixtal,9353,CERRADAS,Entregado,Entregado,NET_JVELASQUEZS,SIM,1 oct 2026,1 oct 2026,null,No,CERRADAS,2026-10-02 01:33:14,Monolínea,Mono_item,Huanuco,null,Power ilim 69.90 N,Power ilim 69.90 N,AmericaMovil,10:00 - 20:00,Cerrado,Resuelto,Desconocido,RUPA-RUPA
Netcall,1 oct 2026,12,927291777,927291777,9283,Outbound,Portabilidad Postpago,EXPRESS,Logixtal,9001,CERRADAS,Entregado,Entregado,NET_PHUAMANM,SIM,1 oct 2026,1 oct 2026,null,No,CERRADAS,2026-10-02 00:13:05,Monolínea,Mono_item,Lima - Callao,null,Power ilim 79.90 SD N,null,null,10:00 - 22:00,Cerrado,Resuelto,null,RIMAC
Netcall,1 oct 2026,10,927265411,9272654118285586652225,9283,Outbound,Portabilidad Postpago,EXPRESS,Logixtal,9001,ABIERTAS,Pendiente Entrega,Pendiente Entrega,NET_SRAMOSC,SIM,1 oct 2026,null,null,No,ABIERTAS,null,Monolínea,Mono_item,Lima - Callao,null,null,Power ilim 69.90 N,AmericaMovil,10:00 - 22:00,En Progreso,Punto de No Retorno,Desconocido,RIMAC
Netcall,2 oct 2026,9,927704102,92770410289511710101081045350,9283,Outbound,Portabilidad Postpago,EXPRESS,Logixtal,9001,ABIERTAS,Entregado,Entregado,NET_EVALDIVIEZO,SIM,2 oct 2026,null,null,No,ABIERTAS,null,Monolínea,Mono_item,Lima - Callao,null,null,null,null,10:00 - 22:00,En Progreso,Punto de No Retorno,null,null
Netcall,1 oct 2026,9,927236623,9272366238285333800953,9283,Outbound,Portabilidad Postpago,PROGRAMADO,Logixtal,5024,ABIERTAS,Pendiente Entrega,Pendiente Entrega,NET_JAMASIFUENT,SIM,3 oct 2026,null,null,No,ABIERTAS,null,Monolínea,Mono_item,Lambayeque,null,null,Power ilim 69.90 N,Viettel Peru,09:00 - 19:00,En Progreso,Punto de No Retorno,Desconocido,REQUE
Netcall,2 oct 2026,10,927729423,92772942389511710101030340324,9283,Outbound,Portabilidad Postpago,EXPRESS,Retiro en tienda,9351,ABIERTAS,Entregado,Entregado,NET_CULLOAC,SIM,2 oct 2026,null,null,No,ABIERTAS,null,Monolínea,Mono_item,Puno,null,null,null,null,10:00 - 20:00,En Progreso,Punto de No Retorno,null,null
Netcall,1 oct 2026,17,927384780,9273847808286730602968,9283,Outbound,Portabilidad Postpago,PROGRAMADO,Logixtal,9351,ABIERTAS,Pendiente Entrega,Pendiente Entrega,NET_ASANTIAGOT,SIM,2 oct 2026,null,null,No,ABIERTAS,null,Monolínea,Mono_item,Puno,null,null,Power ilim 69.90 N,TELEFONICAPE,09:00 - 13:00,En Progreso,Punto de No Retorno,Desconocido,PUNO
Netcall,2 oct 2026,9,927698245,92769824589511710101030345794,9283,Outbound,Portabilidad Postpago,EXPRESS,Retiro en tienda,9351,ABIERTAS,Pendiente Entrega,Pendiente Entrega,TLV_NET_BRAMIRE,SIM,2 oct 2026,null,null,No,ABIERTAS,null,Monolínea,Mono_item,Puno,null,null,null,null,10:00 - 20:00,En Progreso,Punto de No Retorno,null,null
Netcall,1 oct 2026,9,927242028,9272420288285387610189,9283,Outbound,Portabilidad Postpago,PROGRAMADO,Logixtal,9351,ABIERTAS,Pendiente Entrega,Pendiente Entrega,NET_GHERRERAG,SIM,3 oct 2026,null,null,No,ABIERTAS,null,Monolínea,Mono_item,Puno,null,null,Power ilim 69.90 N,TELEFONICAPE,09:00 - 13:00,En Progreso,En Progreso,Desconocido,PUNO
Netcall,2 oct 2026,11,927739763,92773976389511710101030343468,9283,Outbound,Portabilidad Postpago,EXPRESS,Retiro en tienda,9351,ABIERTAS,Entregado,Entregado,NET_IVARGASI,SIM,2 oct 2026,null,null,No,ABIERTAS,null,Monolínea,Mono_item,Puno,null,null,null,null,10:00 - 20:00,En Progreso,Punto de No Retorno,null,null
Netcall,2 oct 2026,9,927710364,92771036489511710101030340084,9283,Outbound,Portabilidad Postpago,EXPRESS,Retiro en tienda,9351,ABIERTAS,Entregado,Entregado,NET_CCONDEM,SIM,2 oct 2026,null,null,No,ABIERTAS,null,Monolínea,Mono_item,Puno,null,null,null,null,10:00 - 20:00,En Progreso,Punto de No Retorno,null,null
Netcall,1 oct 2026,10,927254076,9272540768285490155964,9283,Outbound,Portabilidad Postpago,EXPRESS,Logixtal,9351,CERRADAS,Entregado,Entregado,NET_MCHAVEZV,SIM,1 oct 2026,1 oct 2026,null,No,CERRADAS,2026-10-02 01:07:23,Monolínea,Mono_item,Puno,null,Power ilim 79.90 SD N,Power ilim 79.90 SD N,Viettel Peru,10:00 - 20:00,Cerrado,Resuelto,Desconocido,PUNO
Netcall,1 oct 2026,18,927401471,9274014718286884975273,9283,Outbound,Portabilidad Postpago,PROGRAMADO,Logixtal,9351,ABIERTAS,Pendiente Entrega,Pendiente Entrega,NET_LYAIPENARRO,SIM,2 oct 2026,null,null,No,ABIERTAS,null,Monolínea,Mono_item,Puno,null,null,Power ilim 69.90 N,AmericaMovil,13:01 - 19:00,En Progreso,En Progreso,Desconocido,PUNO
Netcall,2 oct 2026,9,927698533,92769853389511710101030340225,9271,Outbound,Portabilidad Postpago,EXPRESS,Retiro en tienda,9351,ABIERTAS,Entregado,Entregado,NET_JAREVALOC,SIM,2 oct 2026,null,null,No,ABIERTAS,null,Monolínea,Mono_item,Puno,null,null,null,null,10:00 - 20:00,En Progreso,Punto de No Retorno,null,null
Netcall,1 oct 2026,17,927394384,9273943848286817203714,9283,Outbound,Portabilidad Postpago,PROGRAMADO,Logixtal,9351,ABIERTAS,Pendiente Entrega,Pendiente Entrega,TLV_NET_JMORO,SIM,2 oct 2026,null,null,No,ABIERTAS,null,Monolínea,Mono_item,Puno,null,null,Power ilim 69.90 N,AmericaMovil,13:01 - 19:00,En Progreso,En Progreso,Desconocido,PUNO
Netcall,1 oct 2026,12,927290665,927290665,9283,Outbound,Portabilidad Postpago,EXPRESS,Logixtal,9351,CERRADAS,Entregado,Entregado,TLV_NET_MFARFAN,SIM,1 oct 2026,1 oct 2026,null,No,CERRADAS,2026-10-02 00:05:53,Monolínea,Mono_item,Puno,null,Power ilim 79.90 SD N,null,null,10:00 - 20:00,Cerrado,Resuelto,null,PUNO
Netcall,1 oct 2026,9,927242808,9272428088285391215389,9283,Outbound,Portabilidad Postpago,EXPRESS,Logixtal,9351,CERRADAS,Entregado,Entregado,NET_VSANTISTEBV,SIM,1 oct 2026,1 oct 2026,null,No,CERRADAS,2026-10-02 01:12:41,Monolínea,Mono_item,Puno,null,Power ilim 69.90 N,Power ilim 69.90 N,AmericaMovil,10:00 - 20:00,Cerrado,Resuelto,Desconocido,PUNO
Netcall,1 oct 2026,17,927383924,9273839248286712138097,9259,Outbound,Portabilidad Postpago,EXPRESS,Logixtal,9001,CERRADAS,Entregado,Entregado,NET_CBIELICHR,SIM,1 oct 2026,1 oct 2026,null,No,CERRADAS,2026-10-02 01:03:10,Multilínea,Mono_item,Lima - Callao,null,Power ilim 79.90 SD N,Power ilim 79.90 SD N,AmericaMovil,10:00 - 22:00,Cerrado,Resuelto,Desconocido,PUENTE PIEDRA
Netcall,2 oct 2026,10,927716293,92771629389511710111087049355,9283,Outbound,Portabilidad Postpago,EXPRESS,Logixtal,9001,ABIERTAS,Entregado,Entregado,NET_ECARRETEROH,SIM,2 oct 2026,null,null,No,ABIERTAS,null,Monolínea,Mono_item,Lima - Callao,null,null,null,null,10:00 - 22:00,En Progreso,Punto de No Retorno,null,null
Netcall,1 oct 2026,9,927237868,9272378688285350373240,9283,Outbound,Portabilidad Postpago,EXPRESS,Logixtal,9001,CERRADAS,Entregado,Entregado,NET_JORTIZV,SIM,1 oct 2026,1 oct 2026,null,No,CERRADAS,2026-10-02 01:00:10,Monolínea,Mono_item,Lima - Callao,null,Power ilim 79.90 SD N,Power ilim 79.90 SD N,AmericaMovil,10:00 - 22:00,Cerrado,Resuelto,Desconocido,PUENTE PIEDRA
Netcall,2 oct 2026,10,927713197,92771319789511710111087011397,9283,Outbound,Portabilidad Postpago,EXPRESS,Logixtal,9001,ABIERTAS,Entregado,Entregado,NET_STAVARALIVI,SIM,2 oct 2026,null,null,No,ABIERTAS,null,Monolínea,Mono_item,Lima - Callao,null,null,null,null,10:00 - 22:00,En Progreso,Punto de No Retorno,null,null
Netcall,1 oct 2026,17,927379493,9273794938286674657511,9283,Outbound,Portabilidad Postpago,EXPRESS,Logixtal,9001,CANCELADAS,Anulado,DIRECCIÓN ERRADA,TLV_NET_DVALOI,SIM,1 oct 2026,null,null,No,CANCELADAS,2026-10-01 18:44:59,Monolínea,Mono_item,Lima - Callao,null,null,Power ilim 69.90 N,Viettel Peru,10:00 - 22:00,Cancelado,Rechazado,Desconocido,PUENTE PIEDRA
Netcall,1 oct 2026,17,927381262,9273812628286692041696,9259,Outbound,Portabilidad Postpago,EXPRESS,Logixtal,9001,CERRADAS,Entregado,Entregado,NET_CBIELICHR,SIM,1 oct 2026,1 oct 2026,null,No,CERRADAS,2026-10-02 01:15:58,Multilínea,Mono_item,Lima - Callao,null,Power ilim 79.90 SD N,Power ilim 79.90 SD N,AmericaMovil,10:00 - 22:00,Cerrado,Resuelto,Desconocido,PUENTE PIEDRA
Netcall,1 oct 2026,11,927272743,9272727438285641142208,9283,Outbound,Portabilidad Postpago,EXPRESS,Logixtal,9001,CANCELADAS,Anulado,DIRECCIÓN ERRADA,NET_JROMEROC,SIM,1 oct 2026,null,null,No,CANCELADAS,2026-10-01 12:45:29,Multilínea,Mono_item,Lima - Callao,null,null,Power ilim 79.90 SD N,AmericaMovil,10:00 - 22:00,Cancelado,Rechazado,Desconocido,PUENTE PIEDRA
Netcall,2 oct 2026,11,927745067,927745067Empty,9283,Outbound,Portabilidad Postpago,EXPRESS,Logixtal,9001,ABIERTAS,Pendiente Entrega,Pendiente de Picking,TLV_NET_CSILVAP,SIM,2 oct 2026,null,null,No,ABIERTAS,null,Multilínea,Mono_item,Lima - Callao,null,null,null,null,10:00 - 22:00,En Progreso,Documentación Generada,null,null
Netcall,2 oct 2026,11,927743414,927743414Empty,9283,Outbound,Portabilidad Postpago,EXPRESS,Logixtal,9001,ABIERTAS,Pendiente Entrega,Pendiente de Picking,TLV_NET_CSILVAP,SIM,2 oct 2026,null,null,No,ABIERTAS,null,Multilínea,Mono_item,Lima - Callao,null,null,null,null,10:00 - 22:00,En Progreso,En Progreso,null,null
Netcall,1 oct 2026,13,927322635,9273226358286108414365,9283,Outbound,Portabilidad Postpago,EXPRESS,Logixtal,9001,ABIERTAS,Pendiente Entrega,Pendiente Entrega,NET_RDULANTORO,SIM,1 oct 2026,null,null,No,ABIERTAS,null,Monolínea,Mono_item,Lima - Callao,null,null,Power ilim 79.90 SD N,AmericaMovil,10:00 - 22:00,En Progreso,Punto de No Retorno,Desconocido,PUENTE PIEDRA
Netcall,2 oct 2026,8,927688352,92768835289511710111087011025,9283,Outbound,Venta Regular / Alta,EXPRESS,Logixtal,9001,ABIERTAS,Pendiente Entrega,Pendiente de Picking,NET_EMONZONP,SIM,2 oct 2026,null,null,No,ABIERTAS,null,Monolínea,Mono_item,Lima - Callao,null,null,null,null,10:00 - 22:00,En Progreso,Punto de No Retorno,null,null
Netcall,2 oct 2026,8,927690468,92769046889511710101081017011,9283,Outbound,Portabilidad Postpago,EXPRESS,Logixtal,9001,ABIERTAS,Entregado,Entregado,TLV_NET_JSILVAT,SIM,2 oct 2026,null,null,No,ABIERTAS,null,Monolínea,Mono_item,Lima - Callao,null,null,null,null,10:00 - 22:00,En Progreso,Pago Recibido,null,null
Netcall,1 oct 2026,17,927382714,9273827148286702079612,9259,Outbound,Portabilidad Postpago,EXPRESS,Logixtal,9001,CANCELADAS,Anulado,CLIENTE DESISTE - INFORMACIÓN INCORRECTA,NET_CBIELICHR,SIM,1 oct 2026,null,null,No,CANCELADAS,2026-10-01 19:50:03,Multilínea,Mono_item,Lima - Callao,null,null,Power ilim 79.90 SD N,AmericaMovil,10:00 - 22:00,Cancelado,Rechazado,Desconocido,PUENTE PIEDRA
Netcall,2 oct 2026,9,927694813,92769481389511710101081018787,9283,Outbound,Portabilidad Postpago,EXPRESS,Logixtal,9001,ABIERTAS,Entregado,Entregado,NET_RURBINAG,SIM,2 oct 2026,null,null,No,ABIERTAS,null,Monolínea,Mono_item,Lima - Callao,null,null,null,null,10:00 - 22:00,En Progreso,Punto de No Retorno,null,null
Netcall,1 oct 2026,17,927385593,9273855938286728586374,9283,Outbound,Portabilidad Postpago,EXPRESS,Logixtal,9001,ABIERTAS,Pendiente Entrega,Pendiente Entrega,NET_PCHAVESTAY,SIM,1 oct 2026,null,null,No,ABIERTAS,null,Monolínea,Mono_item,Lima - Callao,null,null,Power ilim 79.90 SD N,AmericaMovil,08:00 - 20:00,En Progreso,Punto de No Retorno,Desconocido,PUENTE PIEDRA
Netcall,1 oct 2026,9,927233021,927233021,9283,Outbound,Portabilidad Postpago,EXPRESS,Logixtal,9001,CERRADAS,Entregado,Entregado,NET_ECARRETEROH,SIM,1 oct 2026,1 oct 2026,null,No,CERRADAS,2026-10-02 00:15:42,Multilínea,Mono_item,Lima - Callao,null,Power ilim 79.90 SD N,null,null,10:00 - 22:00,Cerrado,Resuelto,null,PUENTE PIEDRA
Netcall,1 oct 2026,12,927294423,9272944238285839892480,9283,Outbound,Portabilidad Postpago,EXPRESS,Logixtal,9001,CERRADAS,Entregado,Entregado,NET_DESPINOZAM,SIM,1 oct 2026,1 oct 2026,null,No,CERRADAS,2026-10-02 02:25:15,Monolínea,Mono_item,Lima - Callao,null,Power ilim 69.90 N,Power ilim 69.90 N,TELEFONICAPE,10:00 - 22:00,Cerrado,Resuelto,Desconocido,PUENTE PIEDRA
Netcall,1 oct 2026,16,927375851,9273758518286635653950,9283,Outbound,Portabilidad Postpago,EXPRESS,Logixtal,9001,CERRADAS,Entregado,Entregado,NET_TVASQUEZANG,SIM,1 oct 2026,1 oct 2026,null,No,CERRADAS,2026-10-02 02:04:36,Monolínea,Mono_item,Lima - Callao,null,Power ilim 69.90 N,Power ilim 69.90 N,TELEFONICAPE,10:00 - 22:00,Cerrado,Resuelto,Desconocido,PUENTE PIEDRA
Netcall,1 oct 2026,16,927366957,9273669578286546681497,9283,Outbound,Portabilidad Postpago,EXPRESS,Logixtal,9001,CERRADAS,Entregado,Entregado,NET_RCORDOVAC,SIM,1 oct 2026,1 oct 2026,null,No,CERRADAS,2026-10-02 01:32:50,Monolínea,Mono_item,Lima - Callao,null,Power ilim 79.90 SD N,Power ilim 79.90 SD N,AmericaMovil,10:00 - 22:00,Cerrado,Resuelto,Desconocido,PUENTE PIEDRA
Netcall,1 oct 2026,14,927337351,9273373518286251278109,9271,Outbound,Portabilidad Postpago,EXPRESS,Logixtal,9001,ABIERTAS,Pendiente Entrega,Pendiente Entrega,NET_CREYESJ,SIM,1 oct 2026,null,null,No,ABIERTAS,null,Monolínea,Mono_item,Lima - Callao,null,null,Power ilim 69.90 N,Viettel Peru,10:00 - 22:00,En Progreso,Punto de No Retorno,Desconocido,PUENTE PIEDRA
Netcall,1 oct 2026,11,927274168,9272741688285653144861,9283,Outbound,Portabilidad Postpago,EXPRESS,Logixtal,9001,CANCELADAS,Anulado,DIRECCIÓN ERRADA,NET_JROMEROC,SIM,1 oct 2026,null,null,No,CANCELADAS,2026-10-01 12:45:28,Multilínea,Mono_item,Lima - Callao,null,null,Power ilim 79.90 SD N,AmericaMovil,10:00 - 22:00,Cancelado,Rechazado,Desconocido,PUENTE PIEDRA
Netcall,1 oct 2026,9,927231808,9272318088285294266072,9283,Outbound,Portabilidad Postpago,EXPRESS,Logixtal,9001,CERRADAS,Entregado,Entregado,NET_ECARRETEROH,SIM,1 oct 2026,1 oct 2026,null,No,CERRADAS,2026-10-02 01:27:04,Multilínea,Mono_item,Lima - Callao,null,Power ilim 79.90 SD N,Power ilim 79.90 SD N,AmericaMovil,10:00 - 22:00,Cerrado,Resuelto,Desconocido,PUENTE PIEDRA
Netcall,1 oct 2026,9,927232359,927232359,9283,Outbound,Portabilidad Postpago,EXPRESS,Logixtal,9001,CERRADAS,Entregado,Entregado,NET_ECARRETEROH,SIM,1 oct 2026,1 oct 2026,null,No,CERRADAS,2026-10-02 00:40:20,Multilínea,Mono_item,Lima - Callao,null,Power ilim 79.90 SD N,null,null,10:00 - 22:00,Cerrado,Resuelto,null,PUENTE PIEDRA
Netcall,1 oct 2026,11,927269374,9272693748285614849457,9283,Outbound,Portabilidad Postpago,EXPRESS,Logixtal,9001,CANCELADAS,Anulado,DIRECCIÓN ERRADA,NET_JROMEROC,SIM,1 oct 2026,null,null,No,CANCELADAS,2026-10-01 12:44:59,Multilínea,Mono_item,Lima - Callao,null,null,Power ilim 79.90 SD N,AmericaMovil,10:00 - 22:00,Cancelado,Rechazado,Desconocido,PUENTE PIEDRA
Netcall,1 oct 2026,14,927336916,9273369168286243939312,9283,Outbound,Portabilidad Postpago,EXPRESS,Logixtal,9001,ABIERTAS,Pendiente Entrega,Pendiente Entrega,NET_JCAVEROC,SIM,1 oct 2026,null,null,No,ABIERTAS,null,Monolínea,Mono_item,Lima - Callao,null,null,Power ilim 69.90 N,AmericaMovil,10:00 - 22:00,En Progreso,Punto de No Retorno,Desconocido,PUENTE PIEDRA
Netcall,2 oct 2026,11,927746754,92774675489511710101030225996,9283,Outbound,Portabilidad Postpago,EXPRESS,Retiro en tienda,9345,ABIERTAS,Entregado,Entregado,NET_JCALDASB,SIM,2 oct 2026,null,null,No,ABIERTAS,null,Monolínea,Mono_item,Ica,null,null,null,null,10:00 - 20:00,En Progreso,Punto de No Retorno,null,null
Netcall,1 oct 2026,9,927238834,9272388348285360335161,9283,Outbound,Portabilidad Postpago,PROGRAMADO,Logixtal,5024,CANCELADAS,Cancelado,CANCELADA EN OMNIX,NET_ATORRESP,SIM,6 oct 2026,null,null,No,CANCELADAS,2026-10-01 10:29:48,Monolínea,Mono_item,Lambayeque,null,null,Power ilim 69.90 N,AmericaMovil,09:00 - 19:00,Cancelado,Rechazado,Desconocido,PUEBLO NUEVO
Netcall,2 oct 2026,10,927731056,92773105689511710101030225798,9283,Outbound,Portabilidad Postpago,EXPRESS,Retiro en tienda,9345,ABIERTAS,Pendiente Entrega,Pendiente Entrega,NET_SBENITOV,SIM,2 oct 2026,null,null,No,ABIERTAS,null,Monolínea,Mono_item,Ica,null,null,null,null,10:00 - 20:00,En Progreso,Punto de No Retorno,null,null
Netcall,2 oct 2026,11,927744531,92774453189511710101081015700,9283,Outbound,Portabilidad Postpago,EXPRESS,Logixtal,9001,ABIERTAS,Entregado,Entregado,NET_VZEGARRAAGU,SIM,2 oct 2026,null,null,No,ABIERTAS,null,Monolínea,Mono_item,Lima - Callao,null,null,null,null,10:00 - 22:00,En Progreso,Punto de No Retorno,null,null
Netcall,2 oct 2026,11,927742233,92774223389511710101081049303,9283,Outbound,Venta Regular / Alta,EXPRESS,Logixtal,9001,ABIERTAS,Pendiente Entrega,Pendiente de Picking,NET_GCABALLEROB,SIM,2 oct 2026,null,null,No,ABIERTAS,null,Multilínea,Mono_item,Lima - Callao,null,null,null,null,10:00 - 22:00,En Progreso,Punto de No Retorno,null,null
Netcall,1 oct 2026,15,927347381,927347381,9283,Outbound,Portabilidad Postpago,EXPRESS,Logixtal,9001,CERRADAS,Entregado,Entregado,NET_MCASTILLOC,SIM,1 oct 2026,1 oct 2026,null,No,CERRADAS,2026-10-02 00:08:28,Monolínea,Mono_item,Lima - Callao,null,Power ilim 79.90 SD N,null,null,10:00 - 22:00,Cerrado,Resuelto,null,PUEBLO LIBRE
Netcall,2 oct 2026,11,927741027,92774102789511710101081049295,9283,Outbound,Portabilidad Postpago,EXPRESS,Logixtal,9001,ABIERTAS,Pendiente Entrega,Pendiente de Picking,NET_GCABALLEROB,SIM,2 oct 2026,null,null,No,ABIERTAS,null,Multilínea,Mono_item,Lima - Callao,null,null,null,null,10:00 - 22:00,En Progreso,Punto de No Retorno,null,null
Netcall,1 oct 2026,16,927369367,9273693678286569944365,9283,Outbound,Portabilidad Postpago,PROGRAMADO,Logixtal,5024,ABIERTAS,Pendiente Entrega,Pendiente Entrega,NET_EYDAVILAC,SIM,7 oct 2026,null,null,No,ABIERTAS,null,Monolínea,Mono_item,Lambayeque,null,null,Power ilim 69.90 N,TELEFONICAPE,09:00 - 19:00,En Progreso,Punto de No Retorno,Desconocido,POMALCA
Netcall,1 oct 2026,14,927328540,9273285408286166932890,9283,Outbound,Portabilidad Postpago,EXPRESS,Logixtal,5021,ABIERTAS,Pendiente Entrega,Pendiente Entrega,NET_SBENITESL,SIM,1 oct 2026,null,null,No,ABIERTAS,null,Monolínea,Mono_item,Piura,null,null,Power ilim 69.90 N,AmericaMovil,08:00 - 20:00,En Progreso,Punto de No Retorno,Desconocido,PIURA
Netcall,2 oct 2026,11,927746407,927746407Empty,9283,Outbound,Portabilidad Postpago,RETIRO EN TIENDA,Retiro en tienda,3120,ABIERTAS,Pendiente Entrega,Pendiente Entrega,NET_KORTIZD,SIM,2 oct 2026,null,null,No,ABIERTAS,null,Monolínea,Mono_item,Piura,null,null,null,null,09:00 - 21:00,En Progreso,En Progreso,null,null
Netcall,1 oct 2026,14,927329603,927329603,9283,Outbound,Portabilidad Postpago,EXPRESS,Logixtal,5021,CERRADAS,Entregado,Entregado,TLV_NET_LMONTED,SIM,1 oct 2026,1 oct 2026,null,No,CERRADAS,2026-10-02 00:25:45,Multilínea,Mono_item,Piura,null,Power ilim 79.90 SD N,null,null,10:00 - 20:00,Cerrado,Resuelto,null,PIURA
Netcall,1 oct 2026,11,927290106,9272901068285797981915,9283,Outbound,Portabilidad Postpago,RETIRO EN TIENDA,Retiro en tienda,3027,ABIERTAS,Pendiente Entrega,Pendiente Entrega,NET_CGARCIAC,SIM,1 oct 2026,null,null,No,ABIERTAS,null,Monolínea,Mono_item,Piura,null,null,Power ilim 69.90 N,TELEFONICAPE,09:00 - 21:00,En Progreso,En Progreso,Desconocido,null
Netcall,1 oct 2026,12,927304498,9273044988285939441270,9259,Outbound,Portabilidad Postpago,EXPRESS,Logixtal,5021,CERRADAS,Entregado,Entregado,NET_CBIELICHR,SIM,1 oct 2026,1 oct 2026,null,No,CERRADAS,2026-10-02 01:20:38,Monolínea,Mono_item,Piura,null,Power ilim 69.90 N,Power ilim 69.90 N,TELEFONICAPE,10:00 - 20:00,Cerrado,Resuelto,Desconocido,PIURA
Netcall,2 oct 2026,11,927737722,927737722Empty,9283,Outbound,Portabilidad Postpago,RETIRO EN TIENDA,Retiro en tienda,3120,ABIERTAS,Pendiente Entrega,Pendiente Entrega,NET_CIOLAYAR,SIM,2 oct 2026,null,null,No,ABIERTAS,null,Monolínea,Mono_item,Piura,null,null,null,null,09:00 - 21:00,En Progreso,En Progreso,null,null
Netcall,1 oct 2026,10,927256266,927256266,9259,Outbound,Portabilidad Postpago,EXPRESS,Logixtal,5021,CERRADAS,Entregado,Entregado,NET_MDIAZJ,SIM,1 oct 2026,1 oct 2026,null,No,CERRADAS,2026-10-02 00:32:43,Multilínea,Mono_item,Piura,null,Power ilim 79.90 SD N,null,null,10:00 - 20:00,Cerrado,Resuelto,null,PIURA
Netcall,1 oct 2026,14,927336853,9273368538286246824667,9283,Outbound,Portabilidad Postpago,EXPRESS,Logixtal,5021,CERRADAS,Entregado,Entregado,NET_RMPEREZC,SIM,1 oct 2026,1 oct 2026,null,No,CERRADAS,2026-10-02 00:59:38,Multilínea,Mono_item,Piura,null,Power ilim 79.90 SD N,Power ilim 79.90 SD N,Viettel Peru,10:00 - 20:00,Cerrado,Resuelto,Desconocido,PIURA
Netcall,1 oct 2026,16,927370918,927370918,9283,Outbound,Portabilidad Postpago,EXPRESS,Logixtal,5021,CERRADAS,Entregado,Entregado,NET_VZEGARRAAGU,SIM,1 oct 2026,1 oct 2026,null,No,CERRADAS,2026-10-02 00:19:32,Multilínea,Mono_item,Piura,null,Power ilim 79.90 SD N,null,null,10:00 - 20:00,Cerrado,Resuelto,null,PIURA
Netcall,1 oct 2026,16,927367913,9273679138286552763852,9283,Outbound,Portabilidad Postpago,EXPRESS,Logixtal,5021,CERRADAS,Entregado,Entregado,NET_VZEGARRAAGU,SIM,1 oct 2026,1 oct 2026,null,No,CERRADAS,2026-10-02 01:40:12,Multilínea,Mono_item,Piura,null,Power ilim 79.90 SD N,Power ilim 79.90 SD N,TELEFONICAPE,10:00 - 20:00,Cerrado,Resuelto,Desconocido,PIURA
Netcall,1 oct 2026,11,927267034,9272670348285596363367,9283,Outbound,Portabilidad Postpago,EXPRESS,Logixtal,5021,ABIERTAS,Pendiente Entrega,Pendiente Entrega,NET_LMORAO,SIM,1 oct 2026,null,null,No,ABIERTAS,null,Monolínea,Mono_item,Piura,null,null,Power ilim 69.90 N,TELEFONICAPE,10:00 - 20:00,En Progreso,Punto de No Retorno,Desconocido,PIURA
Netcall,1 oct 2026,14,927336108,9273361088286240511358,9283,Outbound,Venta Regular / Alta,EXPRESS,Logixtal,5021,CERRADAS,Entregado,Entregado,NET_RMPEREZC,SIM,1 oct 2026,1 oct 2026,null,No,CERRADAS,2026-10-01 16:32:31,Multilínea,Mono_item,Piura,null,Power ilim 79.90 SD N,Power ilim 79.90 SD N,Desconocido,10:00 - 20:00,Cerrado,Resuelto,Desconocido,PIURA
Netcall,1 oct 2026,10,927254981,9272549818285493675772,9259,Outbound,Portabilidad Postpago,EXPRESS,Logixtal,5021,CERRADAS,Entregado,Entregado,NET_MDIAZJ,SIM,1 oct 2026,1 oct 2026,null,No,CERRADAS,2026-10-02 00:53:22,Multilínea,Mono_item,Piura,null,Power ilim 79.90 SD N,Power ilim 79.90 SD N,TELEFONICAPE,10:00 - 20:00,Cerrado,Resuelto,Desconocido,PIURA
Netcall,1 oct 2026,14,927328989,9273289898286168044257,9283,Outbound,Portabilidad Postpago,EXPRESS,Logixtal,5021,CERRADAS,Entregado,Entregado,TLV_NET_LMONTED,SIM,1 oct 2026,1 oct 2026,null,No,CERRADAS,2026-10-02 01:48:52,Multilínea,Mono_item,Piura,null,Power ilim 79.90 SD N,Power ilim 79.90 SD N,AmericaMovil,10:00 - 20:00,Cerrado,Resuelto,Desconocido,PIURA
Netcall,1 oct 2026,12,927305626,9273056268285950538977,9283,Outbound,Portabilidad Postpago,EXPRESS,Logixtal,5021,CERRADAS,Entregado,Entregado,NET_GCABALLEROB,SIM,1 oct 2026,1 oct 2026,null,No,CERRADAS,2026-10-02 01:51:27,Monolínea,Mono_item,Piura,null,Power ilim 79.90 SD N,Power ilim 79.90 SD N,Viettel Peru,10:00 - 20:00,Cerrado,Resuelto,Desconocido,PIURA
Netcall,1 oct 2026,14,927328397,9273283978286165813611,9283,Outbound,Portabilidad Postpago,EXPRESS,Logixtal,5021,CERRADAS,Entregado,Entregado,TLV_NET_LMONTED,SIM,1 oct 2026,1 oct 2026,null,No,CERRADAS,2026-10-02 01:17:43,Multilínea,Mono_item,Piura,null,Power ilim 79.90 SD N,Power ilim 79.90 SD N,TELEFONICAPE,10:00 - 20:00,Cerrado,Resuelto,Desconocido,PIURA
Netcall,1 oct 2026,18,927410357,9274103578286968631102,9265,Outbound,Portabilidad Postpago,PROGRAMADO,Logixtal,5021,ABIERTAS,Pendiente Entrega,Pendiente Entrega,NET_IRODRIGUEZS,SIM,2 oct 2026,null,null,No,ABIERTAS,null,Monolínea,Mono_item,Piura,null,null,Power ilim 69.90 N,AmericaMovil,13:01 - 20:00,En Progreso,Punto de No Retorno,Desconocido,PIURA
Netcall,1 oct 2026,9,927232026,9272320268285300341740,9283,Outbound,Portabilidad Postpago,EXPRESS,Logixtal,9345,ABIERTAS,Anulado,NO UBICA DIRECCION,NET_LMUSAYONS,SIM,1 oct 2026,null,null,No,ABIERTAS,null,Multilínea,Mono_item,Ica,null,null,Power ilim 79.90 SD N,TELEFONICAPE,10:00 - 20:00,En Progreso,Punto de No Retorno,Desconocido,PISCO
Netcall,1 oct 2026,11,927283965,9272839658285734045297,9283,Outbound,Portabilidad Postpago,EXPRESS,Logixtal,9345,CERRADAS,Entregado,Entregado,NET_RGUTIERREZS,SIM,1 oct 2026,1 oct 2026,null,No,CERRADAS,2026-10-02 01:59:33,Monolínea,Mono_item,Ica,null,Power ilim 69.90 N,Power ilim 69.90 N,TELEFONICAPE,10:00 - 20:00,Cerrado,Resuelto,Desconocido,PISCO
Netcall,2 oct 2026,10,927719498,92771949889511710111069282214,9283,Outbound,Venta Regular / Alta,EXPRESS,Retiro en tienda,9345,CERRADAS,Entregado,Entregado,NET_ATRIVINOS,SIM,2 oct 2026,2 oct 2026,null,No,CERRADAS,2026-10-02 12:16:43,Monolínea,Mono_item,Ica,null,null,null,null,10:00 - 20:00,En Progreso,Punto de No Retorno,null,null
Netcall,1 oct 2026,9,927229789,9272297898285281896365,9283,Outbound,Portabilidad Postpago,EXPRESS,Logixtal,9345,ABIERTAS,Anulado,NO UBICA DIRECCION,NET_LMUSAYONS,SIM,1 oct 2026,null,null,No,ABIERTAS,null,Multilínea,Mono_item,Ica,null,null,Power ilim 79.90 SD N,TELEFONICAPE,10:00 - 20:00,En Progreso,Punto de No Retorno,Desconocido,PISCO
Netcall,1 oct 2026,18,927410360,9274103608286968740045,9283,Outbound,Portabilidad Postpago,PROGRAMADO,Logixtal,9345,ABIERTAS,Pendiente Entrega,Pendiente Entrega,NET_GHERRERAG,SIM,3 oct 2026,null,null,No,ABIERTAS,null,Monolínea,Mono_item,Ica,null,null,Power ilim 79.90 SD N,AmericaMovil,09:00 - 13:00,En Progreso,En Progreso,Desconocido,PISCO
Netcall,1 oct 2026,16,927365341,9273653418286530086755,9283,Outbound,Portabilidad Postpago,PROGRAMADO,Logixtal,9345,ABIERTAS,Pendiente Entrega,Pendiente Entrega,NET_JSANGAMA,SIM,2 oct 2026,null,null,No,ABIERTAS,null,Monolínea,Mono_item,Ica,null,null,Power ilim 79.90 SD N,TELEFONICAPE,13:01 - 19:00,En Progreso,En Progreso,Desconocido,PISCO
Netcall,2 oct 2026,11,927746692,927746692Empty,9283,Outbound,Portabilidad Postpago,EXPRESS,Retiro en tienda,9345,ABIERTAS,Pendiente Entrega,Pendiente Entrega,NET_STAVARALIVI,SIM,2 oct 2026,null,null,No,ABIERTAS,null,Monolínea,Mono_item,Ica,null,null,null,null,10:00 - 20:00,En Progreso,En Progreso,null,null
Netcall,1 oct 2026,12,927307317,9273073178285966204702,9283,Outbound,Portabilidad Postpago,PROGRAMADO,Logixtal,9345,ABIERTAS,Pendiente Entrega,Pendiente Entrega,NET_DREVILLAN,SIM,2 oct 2026,null,null,No,ABIERTAS,null,Monolínea,Mono_item,Ica,null,null,Power ilim 79.90 SD N,AmericaMovil,13:01 - 19:00,En Progreso,En Progreso,Desconocido,PISCO
Netcall,1 oct 2026,12,927294164,9272941648285837763669,9283,Outbound,Portabilidad Postpago,EXPRESS,Logixtal,9345,ABIERTAS,Pendiente Entrega,Pendiente Entrega,NET_TMUNOZCALDE,SIM,1 oct 2026,null,null,No,ABIERTAS,null,Monolínea,Mono_item,Ica,null,null,Power ilim 69.90 N,AmericaMovil,10:00 - 20:00,En Progreso,En Progreso,Desconocido,PISCO
Netcall,2 oct 2026,11,927736755,927736755Empty,9283,Outbound,Portabilidad Postpago,EXPRESS,Retiro en tienda,9345,ABIERTAS,Pendiente Entrega,Pendiente Entrega,NET_ARIOST,SIM,2 oct 2026,null,null,No,ABIERTAS,null,Monolínea,Mono_item,Ica,null,null,null,null,10:00 - 20:00,En Progreso,En Progreso,null,null
Netcall,2 oct 2026,9,927701423,927701423Empty,9283,Outbound,Portabilidad Postpago,EXPRESS,Retiro en tienda,9345,ABIERTAS,Pendiente Entrega,Pendiente Entrega,NET_SLAZOB,SIM,2 oct 2026,null,null,No,ABIERTAS,null,Monolínea,Mono_item,Ica,null,null,null,null,10:00 - 20:00,En Progreso,En Progreso,null,null
Netcall,2 oct 2026,9,927700791,92770079189511710111068653969,9283,Outbound,Portabilidad Postpago,PROGRAMADO,Logixtal,5024,ABIERTAS,Pendiente Entrega,Pendiente de Picking,NET_JCHAVEZC,SIM,9 oct 2026,null,null,No,ABIERTAS,null,Monolínea,Mono_item,Lambayeque,null,null,null,null,09:00 - 19:00,En Progreso,Punto de No Retorno,null,null
Netcall,1 oct 2026,15,927350007,9273500078286374678980,9283,Outbound,Portabilidad Postpago,PROGRAMADO,Logixtal,5024,ABIERTAS,Pendiente Entrega,Pendiente Entrega,NET_ARIOST,SIM,2 oct 2026,null,null,No,ABIERTAS,null,Monolínea,Mono_item,Lambayeque,null,null,Power ilim 69.90 N,TELEFONICAPE,09:00 - 19:00,En Progreso,Punto de No Retorno,Desconocido,PIMENTEL
Netcall,1 oct 2026,16,927375735,9273757358286634590891,9283,Outbound,Portabilidad Postpago,RETIRO EN TIENDA,Retiro en tienda,3057,ABIERTAS,Pendiente Entrega,Pendiente Entrega,NET_DGHERRERA,SIM,1 oct 2026,null,null,No,ABIERTAS,null,Monolínea,Mono_item,Arequipa,null,null,Power ilim 79.90 SD N,Viettel Peru,16:45 - 21:00,En Progreso,Documentación Generada,Desconocido,null
Netcall,1 oct 2026,17,927383483,9273834838286715773387,9283,Outbound,Portabilidad Postpago,RETIRO EN TIENDA,Retiro en tienda,3057,ABIERTAS,Pendiente Entrega,Pendiente Entrega,NET_GAVILCHEZC,SIM,1 oct 2026,null,null,No,ABIERTAS,null,Monolínea,Mono_item,Arequipa,null,null,Power ilim 79.90 SD N,AmericaMovil,16:45 - 21:00,En Progreso,Documentación Generada,Desconocido,null
Netcall,1 oct 2026,12,927303751,9273037518285934522852,9283,Outbound,Portabilidad Postpago,EXPRESS,Logixtal,5022,CANCELADAS,Anulado,PIN PORTA_NO VALIDO,NET_ARIVERA,SIM,1 oct 2026,null,null,No,CANCELADAS,2026-10-01 13:37:14,Monolínea,Mono_item,Arequipa,null,null,Power ilim 79.90 SD N,TELEFONICAPE,10:00 - 20:00,Cancelado,Pedido Cancelación,Portabilidad Rechazada. REC01PRT10: El número telefónico no se ha portado previamente y no estuvo en servicio por lo menos 30 días calendario en la red del Concesionario Cedente | portabilityOperDateActive=2026-09-30,PAUCARPATA
Netcall,1 oct 2026,10,927253024,9272530248285479688676,9271,Outbound,Venta Regular / Alta,EXPRESS,Logixtal,5022,CERRADAS,Entregado,Entregado,NET_CREYESJ,SIM,1 oct 2026,1 oct 2026,null,No,CERRADAS,2026-10-01 16:13:12,Monolínea,Mono_item,Arequipa,null,Power ilim 79.90 SD N,Power ilim 79.90 SD N,Desconocido,10:00 - 20:00,Cerrado,Resuelto,Desconocido,PAUCARPATA
Netcall,1 oct 2026,16,927363409,9273634098286508886767,9283,Outbound,Portabilidad Postpago,EXPRESS,Logixtal,5022,CERRADAS,Entregado,Entregado,NET_JORTIZV,SIM,1 oct 2026,1 oct 2026,null,No,CERRADAS,2026-10-02 01:02:34,Monolínea,Mono_item,Arequipa,null,Power ilim 69.90 N,Power ilim 69.90 N,AmericaMovil,10:00 - 20:00,Cerrado,Resuelto,Desconocido,PAUCARPATA
Netcall,1 oct 2026,16,927362537,9273625378286507787209,9283,Outbound,Portabilidad Postpago,RETIRO EN TIENDA,Retiro en tienda,3115,ABIERTAS,Pendiente Entrega,Pendiente Entrega,NET_AAYAURIO,SIM,1 oct 2026,null,null,No,ABIERTAS,null,Monolínea,Mono_item,Pasco,null,null,Power ilim 69.90 N,TELEFONICAPE,11:00 - 21:00,En Progreso,En Progreso,Desconocido,null
Netcall,1 oct 2026,11,927277584,9272775848285679634466,9283,Outbound,Portabilidad Postpago,PROGRAMADO,Logixtal,5021,ABIERTAS,Pendiente Entrega,Pendiente Entrega,TLV_NET_DSANC,SIM,2 oct 2026,null,null,No,ABIERTAS,null,Monolínea,Mono_item,Piura,null,null,Power ilim 69.90 N,AmericaMovil,09:00 - 19:00,En Progreso,Punto de No Retorno,Desconocido,PARIÑAS
Netcall,1 oct 2026,12,927305714,9273057148285944116116,9283,Outbound,Portabilidad Postpago,PROGRAMADO,Logixtal,5021,ABIERTAS,Pendiente Entrega,Pendiente Entrega,NET_MORIHUELAQ,SIM,6 oct 2026,null,null,No,ABIERTAS,null,Monolínea,Mono_item,Piura,null,null,Power ilim 69.90 N,TELEFONICAPE,09:00 - 19:00,En Progreso,Punto de No Retorno,Desconocido,PARIÑAS
Netcall,1 oct 2026,9,927244735,9272447358285411481747,9283,Outbound,Portabilidad Postpago,PROGRAMADO,Logixtal,5021,ABIERTAS,Pendiente Entrega,Pendiente Entrega,NET_YMILLA,SIM,2 oct 2026,null,null,No,ABIERTAS,null,Monolínea,Mono_item,Piura,null,null,Power ilim 69.90 N,AmericaMovil,09:00 - 19:00,En Progreso,Punto de No Retorno,Desconocido,PARIÑAS
Netcall,1 oct 2026,17,927391895,9273918958286786672608,9283,Outbound,Portabilidad Postpago,PROGRAMADO,Logixtal,9345,ABIERTAS,Pendiente Entrega,Pendiente Entrega,NET_JCHINGAA,SIM,2 oct 2026,null,null,No,ABIERTAS,null,Monolínea,Mono_item,Ica,null,null,Power ilim 69.90 N,AmericaMovil,09:00 - 13:00,En Progreso,En Progreso,Desconocido,PARCONA
Netcall,1 oct 2026,9,927244234,9272442348285399282957,9283,Outbound,Portabilidad Postpago,EXPRESS,Logixtal,9345,ABIERTAS,Pendiente Entrega,Pendiente Entrega,NET_CSALAZARP,SIM,1 oct 2026,null,null,No,ABIERTAS,null,Monolínea,Mono_item,Ica,null,null,Power 59.90 N,TELEFONICAPE,08:00 - 20:00,En Progreso,Punto de No Retorno,Desconocido,PARCONA
Netcall,1 oct 2026,18,927399697,9273996978286866916043,9271,Outbound,Portabilidad Postpago,PROGRAMADO,Logixtal,9345,ABIERTAS,Pendiente Entrega,Pendiente Entrega,NET_LGOMEZA,SIM,2 oct 2026,null,null,No,ABIERTAS,null,Monolínea,Mono_item,Ica,null,null,Power ilim 69.90 N,TELEFONICAPE,09:00 - 13:00,En Progreso,En Progreso,Desconocido,PARCONA
Netcall,1 oct 2026,18,927405760,9274057608286924806699,9283,Outbound,Portabilidad Postpago,PROGRAMADO,Logixtal,9345,ABIERTAS,Pendiente Entrega,Pendiente Entrega,NET_SSUAREZG,SIM,3 oct 2026,null,null,No,ABIERTAS,null,Monolínea,Mono_item,Ica,null,null,Power ilim 89.90 SD N,TELEFONICAPE,09:00 - 13:00,En Progreso,En Progreso,Desconocido,PARCONA
Netcall,2 oct 2026,11,927745315,92774531589511710101030214008,9283,Outbound,Portabilidad Postpago,EXPRESS,Retiro en tienda,9345,ABIERTAS,Pendiente Entrega,Pendiente Entrega,TLV_NET_LVILLLA,SIM,2 oct 2026,null,null,No,ABIERTAS,null,Monolínea,Mono_item,Ica,null,null,null,null,10:00 - 20:00,En Progreso,Punto de No Retorno,null,null
Netcall,1 oct 2026,14,927338234,9273382348286259945810,9283,Outbound,Portabilidad Postpago,EXPRESS,Logixtal,9345,ABIERTAS,Pendiente Entrega,Pendiente Entrega,NET_LHUAPAYAO,SIM,1 oct 2026,null,null,No,ABIERTAS,null,Monolínea,Mono_item,Ica,null,null,Power ilim 79.90 SD N,TELEFONICAPE,08:00 - 20:00,En Progreso,Punto de No Retorno,Desconocido,PARCONA
Netcall,1 oct 2026,10,927255311,9272553118285500476610,9283,Outbound,Portabilidad Postpago,PROGRAMADO,Logixtal,9001,ABIERTAS,Pendiente Entrega,Pendiente Entrega,NET_YHUAMAN,SIM,5 oct 2026,null,null,No,ABIERTAS,null,Monolínea,Mono_item,Lima - Callao,null,null,Power ilim 69.90 N,Viettel Peru,09:00 - 20:00,En Progreso,En Progreso,Desconocido,PARAMONGA
Netcall,2 oct 2026,11,927756821,927756821Empty,9283,Outbound,Portabilidad Postpago,RETIRO EN TIENDA,Retiro en tienda,3161,ABIERTAS,Pendiente Entrega,Pendiente Entrega,TLV_NET_KARANDA,SIM,2 oct 2026,null,null,No,ABIERTAS,null,Monolínea,Mono_item,Piura,null,null,null,null,09:00 - 21:00,En Progreso,En Progreso,null,null
Netcall,1 oct 2026,18,927370384,927370384,9283,Outbound,Portabilidad Postpago,RETIRO EN TIENDA,Retiro en tienda,3161,CERRADAS,Entregado,Entregado,NET_RCASTANEDAR,SIM,1 oct 2026,1 oct 2026,null,No,CERRADAS,2026-10-02 00:06:31,Monolínea,Mono_item,Piura,null,Power ilim 79.90 SD N,null,null,09:00 - 21:00,Cerrado,Resuelto,null,null
Netcall,2 oct 2026,10,927712745,92771274589511710111071775213,9271,Outbound,Portabilidad Postpago,PROGRAMADO,Logixtal,5023,ABIERTAS,Pendiente Entrega,Pendiente de Picking,NET_MVALIENTES,SIM,7 oct 2026,null,null,No,ABIERTAS,null,Multilínea,Mono_item,La Libertad,null,null,null,null,09:00 - 19:00,En Progreso,Punto de No Retorno,null,null
Netcall,2 oct 2026,10,927719934,92771993489511710111071775478,9271,Outbound,Portabilidad Postpago,PROGRAMADO,Logixtal,5023,ABIERTAS,Pendiente Entrega,Pendiente de Picking,NET_MVALIENTES,SIM,7 oct 2026,null,null,No,ABIERTAS,null,Multilínea,Mono_item,La Libertad,null,null,null,null,09:00 - 19:00,En Progreso,Punto de No Retorno,null,null
Netcall,1 oct 2026,14,927327724,9273277248286158213485,9283,Outbound,Portabilidad Postpago,PROGRAMADO,Logixtal,9001,ABIERTAS,No bop,No bop,NET_EVELASQUEZB,SIM,3 oct 2026,null,null,No,ABIERTAS,null,Monolínea,Mono_item,Lima - Callao,null,null,Power ilim 69.90 N,AmericaMovil,09:00 - 20:00,En Progreso,En Progreso,Desconocido,PACHACAMAC
Netcall,1 oct 2026,18,927396434,9273964348286867594586,9271,Outbound,Venta Regular / Alta,PROGRAMADO,Logixtal,9001,ABIERTAS,No bop,No bop,NET_KESCORZAC,SIM,3 oct 2026,null,null,No,ABIERTAS,null,Monolínea,Mono_item,Lima - Callao,null,null,Power 39.90 N,Desconocido,09:00 - 20:00,En Progreso,En Progreso,Desconocido,PACHACAMAC
Netcall,1 oct 2026,10,927264841,9272648418285584773709,9271,Outbound,Portabilidad Postpago,PROGRAMADO,Logixtal,9001,ABIERTAS,No bop,No bop,NET_RCEVERINOL,SIM,3 oct 2026,null,null,No,ABIERTAS,null,Monolínea,Mono_item,Lima - Callao,null,null,Power ilim 69.90 N,TELEFONICAPE,09:00 - 20:00,En Progreso,Documentación Generada,Desconocido,PACHACAMAC
Netcall,1 oct 2026,18,927397811,9273978118286850585126,9283,Outbound,Portabilidad Postpago,PROGRAMADO,Logixtal,5023,ABIERTAS,Pendiente Entrega,Pendiente Entrega,NET_SDEDIOSO,SIM,2 oct 2026,null,null,No,ABIERTAS,null,Monolínea,Mono_item,La Libertad,null,null,Power ilim 79.90 SD N,TELEFONICAPE,09:00 - 19:00,En Progreso,Punto de No Retorno,Desconocido,PACASMAYO
Netcall,1 oct 2026,6,927177147,927177147,9283,Outbound,Portabilidad Postpago,RETIRO EN TIENDA,Retiro en tienda,3113,CERRADAS,Entregado,Entregado,NET_LVASQUEZT,SIM,1 oct 2026,1 oct 2026,null,No,CERRADAS,2026-10-02 00:32:10,Multilínea,Mono_item,La Libertad,null,Power ilim 79.90 SD N,null,null,09:00 - 21:00,Cerrado,Resuelto,null,null
Netcall,1 oct 2026,12,927293604,9272936048285831240644,9283,Outbound,Venta Regular / Alta,PROGRAMADO,Logixtal,5023,ABIERTAS,Pendiente Entrega,Pendiente Entrega,NET_GFLORESS,SIM,2 oct 2026,null,null,No,ABIERTAS,null,Multilínea,Mono_item,La Libertad,null,null,Power ilim 79.90 SD N,Desconocido,09:00 - 19:00,En Progreso,Punto de No Retorno,Desconocido,PACASMAYO
Netcall,1 oct 2026,12,927291490,9272914908285811557190,9283,Outbound,Portabilidad Postpago,PROGRAMADO,Logixtal,5023,ABIERTAS,Pendiente Entrega,Pendiente Entrega,NET_GFLORESS,SIM,2 oct 2026,null,null,No,ABIERTAS,null,Multilínea,Mono_item,La Libertad,null,null,Power ilim 79.90 SD N,TELEFONICAPE,09:00 - 19:00,En Progreso,Punto de No Retorno,Desconocido,PACASMAYO
Netcall,1 oct 2026,6,927177098,9271770988285123217475,9283,Outbound,Portabilidad Postpago,RETIRO EN TIENDA,Retiro en tienda,3113,CERRADAS,Entregado,Entregado,NET_LVASQUEZT,SIM,1 oct 2026,1 oct 2026,null,No,CERRADAS,2026-10-02 02:16:37,Multilínea,Mono_item,La Libertad,null,Power ilim 79.90 SD N,Power ilim 79.90 SD N,AmericaMovil,09:00 - 21:00,Cerrado,Resuelto,Desconocido,null
Netcall,2 oct 2026,10,927716792,92771679289511710111070999657,9283,Outbound,Portabilidad Postpago,EXPRESS,Retiro en tienda,9344,ABIERTAS,Entregado,Entregado,NET_PCHAVESTAY,SIM,2 oct 2026,null,null,No,ABIERTAS,null,Monolínea,Mono_item,Ancash,null,null,null,null,10:00 - 20:00,En Progreso,Punto de No Retorno,null,null
Netcall,1 oct 2026,17,927387851,9273878518286754492134,9283,Outbound,Venta Regular / Alta,PROGRAMADO,Logixtal,9344,ABIERTAS,Pendiente Entrega,Pendiente Entrega,NET_CALVANC,SIM,2 oct 2026,null,null,No,ABIERTAS,null,Multilínea,Mono_item,Ancash,null,null,Power ilim 79.90 SD N,Desconocido,09:00 - 13:00,En Progreso,En Progreso,Desconocido,NUEVO CHIMBOTE
Netcall,1 oct 2026,12,927301927,9273019278285908825206,9283,Outbound,Portabilidad Postpago,EXPRESS,Logixtal,9344,ABIERTAS,Anulado,FALTA DE REFERENCIA DIRECCION,NET_SMENDOZAV,SIM,1 oct 2026,null,null,No,ABIERTAS,null,Monolínea,Mono_item,Ancash,null,null,Power ilim 69.90 N,TELEFONICAPE,10:00 - 20:00,En Progreso,Punto de No Retorno,Desconocido,NUEVO CHIMBOTE
Netcall,1 oct 2026,17,927383808,9273838088286721987857,9283,Outbound,Portabilidad Postpago,PROGRAMADO,Logixtal,9344,ABIERTAS,Pendiente Entrega,Pendiente Entrega,NET_CALVANC,SIM,2 oct 2026,null,null,No,ABIERTAS,null,Multilínea,Mono_item,Ancash,null,null,Power ilim 79.90 SD N,AmericaMovil,09:00 - 13:00,En Progreso,En Progreso,Desconocido,NUEVO CHIMBOTE
Netcall,1 oct 2026,15,927345092,9273450928286330069726,9283,Outbound,Portabilidad Postpago,PROGRAMADO,Logixtal,9344,ABIERTAS,Pendiente Entrega,Pendiente Entrega,NET_LFLORESY,SIM,2 oct 2026,null,null,No,ABIERTAS,null,Monolínea,Mono_item,Ancash,null,null,Power ilim 69.90 N,TELEFONICAPE,09:00 - 13:00,En Progreso,En Progreso,Desconocido,NUEVO CHIMBOTE
Netcall,1 oct 2026,12,927308831,9273088318285982071281,5299,Outbound,Venta Regular / Alta,EXPRESS,Logixtal,9344,CERRADAS,Entregado,Entregado,NET_MMENDOZAV,SIM,1 oct 2026,1 oct 2026,null,No,CERRADAS,2026-10-01 17:06:15,Monolínea,Mono_item,Ancash,null,Power 39.90 N,Power 39.90 N,Desconocido,10:00 - 20:00,Cerrado,Resuelto,Desconocido,NUEVO CHIMBOTE
Netcall,1 oct 2026,11,927281439,9272814398285713999262,9283,Outbound,Portabilidad Postpago,EXPRESS,Logixtal,9344,CERRADAS,Entregado,Entregado,NET_VJAUREGUIM,SIM,1 oct 2026,1 oct 2026,null,No,CERRADAS,2026-10-02 01:05:25,Monolínea,Mono_item,Ancash,null,Power ilim 69.90 N,Power ilim 69.90 N,TELEFONICAPE,10:00 - 20:00,Cerrado,Resuelto,Desconocido,NUEVO CHIMBOTE
Netcall,2 oct 2026,4,927594533,92759453389511710101030190703,9283,Outbound,Venta Regular / Alta,EXPRESS,Logixtal,9344,CANCELADAS,Pendiente Entrega,Pendiente Entrega,NET_JMENDOZAN,SIM,2 oct 2026,null,null,No,CANCELADAS,2026-10-02 12:02:06,Monolínea,Mono_item,Ancash,null,null,null,null,10:00 - 20:00,En Progreso,Punto de No Retorno,null,NUEVO CHIMBOTE
Netcall,1 oct 2026,10,927263313,927263313,9283,Outbound,Portabilidad Postpago,EXPRESS,Logixtal,9344,CERRADAS,Entregado,Entregado,TLV_NET_LSANCHA,SIM,1 oct 2026,1 oct 2026,null,No,CERRADAS,2026-10-02 00:11:33,Monolínea,Mono_item,Ancash,null,Power ilim 69.90 N,null,null,10:00 - 20:00,Cerrado,Resuelto,null,NUEVO CHIMBOTE
Netcall,1 oct 2026,10,927248802,9272488028285442914508,9283,Outbound,Portabilidad Postpago,PROGRAMADO,Logixtal,9344,ABIERTAS,Pendiente Entrega,Pendiente Entrega,NET_EGOMEZB,SIM,2 oct 2026,null,null,No,ABIERTAS,null,Monolínea,Mono_item,Ancash,null,null,Power ilim 69.90 N,Viettel Peru,09:00 - 13:00,En Progreso,En Progreso,Desconocido,NUEVO CHIMBOTE
Netcall,1 oct 2026,15,927355008,9273550088286423080581,9283,Outbound,Portabilidad Postpago,EXPRESS,Logixtal,5022,CERRADAS,Entregado,Entregado,NET_RCORDOVAC,SIM,1 oct 2026,1 oct 2026,null,No,CERRADAS,2026-10-02 01:41:54,Monolínea,Mono_item,Arequipa,null,Power ilim 69.90 N,Power ilim 69.90 N,AmericaMovil,10:00 - 20:00,Cerrado,Resuelto,Desconocido,NICOLAS DE PIEROLA
Netcall,1 oct 2026,15,927345981,927345981,9283,Outbound,Portabilidad Postpago,RETIRO EN TIENDA,Retiro en tienda,3025,CERRADAS,Entregado,Entregado,NET_JGUIOP,SIM,1 oct 2026,1 oct 2026,null,No,CERRADAS,2026-10-02 00:25:32,Monolínea,Mono_item,San Martin,null,Power ilim 79.90 SD N,null,null,09:00 - 21:00,Cerrado,Resuelto,null,null
Netcall,2 oct 2026,11,927738160,927738160Empty,9283,Outbound,Portabilidad Postpago,RETIRO EN TIENDA,Retiro en tienda,3025,ABIERTAS,Pendiente Entrega,Pendiente Entrega,NET_FCARRIONM,SIM,2 oct 2026,null,null,No,ABIERTAS,null,Monolínea,Mono_item,San Martin,null,null,null,null,09:00 - 21:00,En Progreso,Pago Recibido,null,null
Netcall,1 oct 2026,18,927396821,927396821,9283,Outbound,Portabilidad Postpago,RETIRO EN TIENDA,Retiro en tienda,3025,CERRADAS,Entregado,Entregado,NET_LCALDERONC,SIM,1 oct 2026,1 oct 2026,null,No,CERRADAS,2026-10-02 00:25:49,Monolínea,Mono_item,San Martin,null,Power ilim 69.90 N,null,null,09:00 - 21:00,Cerrado,Resuelto,null,null
Netcall,1 oct 2026,16,927357768,9273577688286452680188,9271,Outbound,Portabilidad Postpago,RETIRO EN TIENDA,Retiro en tienda,3025,ABIERTAS,Pendiente Entrega,Pendiente Entrega,NET_KESCORZAC,SIM,1 oct 2026,null,null,No,ABIERTAS,null,Monolínea,Mono_item,San Martin,null,null,Power ilim 69.90 N,AmericaMovil,09:00 - 21:00,En Progreso,En Progreso,Desconocido,null
Netcall,1 oct 2026,16,927362474,9273624748286502731437,9283,Outbound,Portabilidad Postpago,RETIRO EN TIENDA,Retiro en tienda,3025,CERRADAS,Entregado,Entregado,NET_BROMANS,SIM,1 oct 2026,1 oct 2026,null,No,CERRADAS,2026-10-02 01:13:52,Monolínea,Mono_item,San Martin,null,Power ilim 69.90 N,Power ilim 69.90 N,AmericaMovil,09:00 - 21:00,Cerrado,Resuelto,Desconocido,null
Netcall,2 oct 2026,11,927745124,927745124Empty,9271,Outbound,Portabilidad Postpago,RETIRO EN TIENDA,Retiro en tienda,3025,ABIERTAS,Pendiente Entrega,Pendiente Entrega,NET_BATOP,SIM,2 oct 2026,null,null,No,ABIERTAS,null,Monolínea,Mono_item,San Martin,null,null,null,null,09:00 - 21:00,En Progreso,En Progreso,null,null
Netcall,1 oct 2026,15,927344576,9273445768286323225688,9283,Outbound,Portabilidad Postpago,RETIRO EN TIENDA,Retiro en tienda,3025,CANCELADAS,Cancelado,Cancelado,NET_LMUSAYONS,SIM,1 oct 2026,null,null,No,CANCELADAS,2026-10-01 15:32:11,Multilínea,Mono_item,San Martin,null,null,Power ilim 69.90 N,Viettel Peru,09:00 - 21:00,Cancelado,Pedido Cancelación,Portabilidad Rechazada. REC01PRT10: El número telefónico no se ha portado previamente y no estuvo en servicio por lo menos 30 días calendario en la red del Concesionario Cedente | portabilityOperDateActive=2026-09-01,null
Netcall,1 oct 2026,15,927348419,9273484198286360751264,9283,Outbound,Portabilidad Postpago,RETIRO EN TIENDA,Retiro en tienda,3025,CANCELADAS,Cancelado,Cancelado,NET_LMUSAYONS,SIM,1 oct 2026,null,null,No,CANCELADAS,2026-10-01 15:37:10,Multilínea,Mono_item,San Martin,null,null,Power ilim 69.90 N,Viettel Peru,09:00 - 21:00,Cancelado,Documentación Generada,Portabilidad Rechazada. REC01PRT10: El número telefónico no se ha portado previamente y no estuvo en servicio por lo menos 30 días calendario en la red del Concesionario Cedente | portabilityOperDateActive=2026-09-01,null
Netcall,1 oct 2026,10,927262659,9272626598285564855931,9283,Outbound,Venta Regular / Alta,PROGRAMADO,Logixtal,5024,ABIERTAS,Pendiente Entrega,Pendiente Entrega,NET_JYPEREZV,SIM,5 oct 2026,null,null,No,ABIERTAS,null,Monolínea,Mono_item,Lambayeque,null,null,Power 39.90 N,Desconocido,09:00 - 19:00,En Progreso,Punto de No Retorno,Desconocido,MOTUPE
Netcall,1 oct 2026,14,927340376,9273403768286284476661,9283,Outbound,Portabilidad Postpago,PROGRAMADO,Logixtal,5024,ABIERTAS,Pendiente Entrega,Pendiente Entrega,NET_SLIZARDOPER,SIM,8 oct 2026,null,null,No,ABIERTAS,null,Multilínea,Mono_item,Lambayeque,null,null,Power ilim 79.90 SD N,TELEFONICAPE,09:00 - 19:00,En Progreso,Punto de No Retorno,Desconocido,MORROPE
Netcall,1 oct 2026,14,927339537,9273395378286275431963,9283,Outbound,Portabilidad Postpago,PROGRAMADO,Logixtal,5024,ABIERTAS,Pendiente Entrega,Pendiente Entrega,NET_SLIZARDOPER,SIM,8 oct 2026,null,null,No,ABIERTAS,null,Multilínea,Mono_item,Lambayeque,null,null,Power ilim 79.90 SD N,TELEFONICAPE,09:00 - 19:00,En Progreso,Punto de No Retorno,Desconocido,MORROPE
Netcall,1 oct 2026,13,927314623,9273146238286038502236,9283,Outbound,Portabilidad Postpago,EXPRESS,Logixtal,9356,CERRADAS,Entregado,Entregado,TLV_NET_CACEVED,SIM,1 oct 2026,1 oct 2026,null,No,CERRADAS,2026-10-02 01:59:36,Monolínea,Mono_item,Moquegua,null,Power ilim 69.90 N,Power ilim 69.90 N,AmericaMovil,10:00 - 20:00,Cerrado,Resuelto,Desconocido,MOQUEGUA
Netcall,2 oct 2026,11,927757566,927757566Empty,9283,Outbound,Portabilidad Postpago,PROGRAMADO,Logixtal,5024,ABIERTAS,Pendiente Entrega,Pendiente de Picking,NET_ASALASF,SIM,3 oct 2026,null,null,No,ABIERTAS,null,Monolínea,Mono_item,Lambayeque,null,null,null,null,09:00 - 19:00,En Progreso,En Progreso,null,null
Netcall,1 oct 2026,17,927384250,9273842508286719128312,9283,Outbound,Portabilidad Postpago,PROGRAMADO,Logixtal,5024,ABIERTAS,Pendiente Entrega,Pendiente Entrega,NET_SGONZALESF,SIM,3 oct 2026,null,null,No,ABIERTAS,null,Monolínea,Mono_item,Lambayeque,null,null,Power ilim 79.90 SD N,TELEFONICAPE,09:00 - 19:00,En Progreso,Punto de No Retorno,Desconocido,MONSEFU
Netcall,1 oct 2026,14,927327192,9273271928286156239269,9283,Outbound,Portabilidad Postpago,PROGRAMADO,Logixtal,5023,ABIERTAS,Pendiente Entrega,Pendiente Entrega,NET_BTRUJILLOT,SIM,3 oct 2026,null,null,No,ABIERTAS,null,Multilínea,Mono_item,La Libertad,null,null,Power ilim 79.90 SD N,AmericaMovil,09:00 - 19:00,En Progreso,Punto de No Retorno,Desconocido,MOCHE
Netcall,1 oct 2026,14,927326306,9273263068286149596822,9283,Outbound,Portabilidad Postpago,PROGRAMADO,Logixtal,5023,ABIERTAS,Pendiente Entrega,Pendiente Entrega,NET_BTRUJILLOT,SIM,3 oct 2026,null,null,No,ABIERTAS,null,Multilínea,Mono_item,La Libertad,null,null,Power ilim 79.90 SD N,TELEFONICAPE,09:00 - 19:00,En Progreso,Punto de No Retorno,Desconocido,MOCHE
Netcall,1 oct 2026,12,927293580,9272935808285831187323,9271,Outbound,Portabilidad Postpago,EXPRESS,Logixtal,9001,CERRADAS,Entregado,Entregado,NET_BATOP,SIM,1 oct 2026,1 oct 2026,null,No,CERRADAS,2026-10-02 00:59:41,Multilínea,Mono_item,Lima - Callao,null,Power ilim 69.90 N,Power ilim 69.90 N,AmericaMovil,10:00 - 22:00,Cerrado,Resuelto,Desconocido,MIRAFLORES
Netcall,1 oct 2026,10,927260825,9272608258285549734648,9271,Outbound,Portabilidad Postpago,EXPRESS,Logixtal,5022,CERRADAS,Entregado,Entregado,NET_KANGELESS,SIM,1 oct 2026,1 oct 2026,null,No,CERRADAS,2026-10-02 01:48:41,Multilínea,Mono_item,Arequipa,null,Power ilim 79.90 SD N,Power ilim 79.90 SD N,TELEFONICAPE,10:00 - 20:00,Cerrado,Resuelto,Desconocido,MIRAFLORES
Netcall,1 oct 2026,7,927193628,9271936288285166599167,9283,Outbound,Portabilidad Postpago,EXPRESS,Logixtal,9001,CERRADAS,Entregado,Entregado,TLV_NET_DVALOI,SIM,1 oct 2026,1 oct 2026,null,No,CERRADAS,2026-10-02 02:01:18,Monolínea,Mono_item,Lima - Callao,null,Power ilim 69.90 N,Power ilim 69.90 N,TELEFONICAPE,10:00 - 22:00,Cerrado,Resuelto,Desconocido,MIRAFLORES
Netcall,1 oct 2026,17,927390659,9273906598286777816989,9283,Outbound,Portabilidad Postpago,EXPRESS,Logixtal,9001,CERRADAS,Entregado,Entregado,NET_TANCHANTEG,SIM,1 oct 2026,1 oct 2026,null,No,CERRADAS,2026-10-02 01:28:53,Monolínea,Mono_item,Lima - Callao,null,Power ilim 79.90 SD N,Power ilim 79.90 SD N,AmericaMovil,10:00 - 22:00,Cerrado,Resuelto,Desconocido,MIRAFLORES
Netcall,1 oct 2026,10,927259482,9272594828285531847382,9271,Outbound,Portabilidad Postpago,EXPRESS,Logixtal,5022,CERRADAS,Entregado,Entregado,NET_KANGELESS,SIM,1 oct 2026,1 oct 2026,null,No,CERRADAS,2026-10-02 00:55:43,Multilínea,Mono_item,Arequipa,null,Power ilim 79.90 SD N,Power ilim 79.90 SD N,AmericaMovil,10:00 - 20:00,Cerrado,Resuelto,Desconocido,MIRAFLORES
Netcall,1 oct 2026,11,927281838,9272818388285715209890,9283,Outbound,Portabilidad Postpago,EXPRESS,Logixtal,9001,CERRADAS,Entregado,Entregado,NET_CCONDEM,SIM,1 oct 2026,1 oct 2026,null,No,CERRADAS,2026-10-02 01:28:51,Monolínea,Mono_item,Lima - Callao,null,Power ilim 69.90 N,Power ilim 69.90 N,TELEFONICAPE,10:00 - 22:00,Cerrado,Resuelto,Desconocido,MIRAFLORES
Netcall,1 oct 2026,12,927292636,9272926368285821666733,9283,Outbound,Portabilidad Postpago,EXPRESS,Logixtal,9001,ABIERTAS,Pendiente Entrega,Pendiente Entrega,NET_LHUAPAYAO,SIM,1 oct 2026,null,null,No,ABIERTAS,null,Monolínea,Mono_item,Lima - Callao,null,null,Power ilim 69.90 N,AmericaMovil,10:00 - 22:00,En Progreso,Punto de No Retorno,Desconocido,MIRAFLORES
Netcall,1 oct 2026,14,927333688,9273336888286220332788,9283,Outbound,Portabilidad Postpago,EXPRESS,Logixtal,9001,CERRADAS,Entregado,Entregado,NET_HEULOGIO,SIM,1 oct 2026,1 oct 2026,null,No,CERRADAS,2026-10-02 03:28:57,Multilínea,Mono_item,Lima - Callao,null,Power ilim 79.90 SD N,Power ilim 79.90 SD N,AmericaMovil,10:00 - 22:00,Cerrado,Resuelto,Desconocido,MIRAFLORES
Netcall,1 oct 2026,12,927291432,927291432,9271,Outbound,Portabilidad Postpago,EXPRESS,Logixtal,9001,CERRADAS,Entregado,Entregado,NET_BATOP,SIM,1 oct 2026,1 oct 2026,null,No,CERRADAS,2026-10-02 00:13:40,Multilínea,Mono_item,Lima - Callao,null,Power ilim 69.90 N,null,null,10:00 - 22:00,Cerrado,Resuelto,null,MIRAFLORES
Netcall,1 oct 2026,17,927382615,9273826158286704472253,9283,Outbound,Portabilidad Postpago,PROGRAMADO,Logixtal,5022,ABIERTAS,Pendiente Entrega,Pendiente Entrega,NET_ACQUISPE,SIM,2 oct 2026,null,null,No,ABIERTAS,null,Monolínea,Mono_item,Arequipa,null,null,Power ilim 79.90 SD N,AmericaMovil,13:01 - 20:00,En Progreso,Punto de No Retorno,Desconocido,MIRAFLORES
Netcall,1 oct 2026,14,927334624,9273346248286230348348,9283,Outbound,Portabilidad Postpago,EXPRESS,Logixtal,9001,CERRADAS,Entregado,Entregado,NET_HEULOGIO,SIM,1 oct 2026,1 oct 2026,null,No,CERRADAS,2026-10-02 01:40:22,Multilínea,Mono_item,Lima - Callao,null,Power ilim 79.90 SD N,Power ilim 79.90 SD N,AmericaMovil,10:00 - 22:00,Cerrado,Resuelto,Desconocido,MIRAFLORES
Netcall,1 oct 2026,10,927257179,9272571798285515407683,9283,Outbound,Portabilidad Postpago,PROGRAMADO,Logixtal,9001,ABIERTAS,Pendiente Entrega,Pendiente Entrega,NET_YRAYMUNDOTA,SIM,2 oct 2026,null,null,No,ABIERTAS,null,Monolínea,Mono_item,Lima - Callao,null,null,Power ilim 79.90 SD N,Viettel Peru,08:00 - 13:00,En Progreso,Punto de No Retorno,Desconocido,MI PERU
Netcall,1 oct 2026,16,927360335,9273603358286478205375,9283,Outbound,Portabilidad Postpago,PROGRAMADO,Logixtal,9001,ABIERTAS,Pendiente Entrega,Pendiente Entrega,NET_VCARMENG,SIM,2 oct 2026,null,null,No,ABIERTAS,null,Monolínea,Mono_item,Lima - Callao,null,null,Power ilim 79.90 SD N,Viettel Peru,08:00 - 13:00,En Progreso,Punto de No Retorno,Desconocido,MI PERU
Netcall,1 oct 2026,13,927320887,9273208878286097291155,9283,Outbound,Portabilidad Postpago,PROGRAMADO,Logixtal,9001,ABIERTAS,Pendiente Entrega,Pendiente Entrega,NET_CCONDEM,SIM,2 oct 2026,null,null,No,ABIERTAS,null,Monolínea,Mono_item,Lima - Callao,null,null,Power ilim 69.90 N,AmericaMovil,13:01 - 22:00,En Progreso,Punto de No Retorno,Desconocido,MI PERU
Netcall,1 oct 2026,13,927325644,9273256448286140654972,9283,Outbound,Portabilidad Postpago,RETIRO EN TIENDA,Retiro en tienda,2103,ABIERTAS,Pendiente Entrega,Pendiente Entrega,NET_VCHIRIA,SIM,1 oct 2026,null,null,No,ABIERTAS,null,Monolínea,Mono_item,Loreto,null,null,Power ilim 69.90 N,TELEFONICAPE,09:00 - 21:00,En Progreso,En Progreso,Desconocido,null
Netcall,1 oct 2026,9,927231657,9272316578285296496707,9283,Outbound,Portabilidad Postpago,RETIRO EN TIENDA,Retiro en tienda,2103,CERRADAS,Entregado,Entregado,NET_JLUCIANOT,SIM,1 oct 2026,1 oct 2026,null,No,CERRADAS,2026-10-02 01:13:36,Monolínea,Mono_item,Loreto,null,Power ilim 79.90 SD N,Power ilim 79.90 SD N,AmericaMovil,09:00 - 21:00,Cerrado,Resuelto,Desconocido,null
Netcall,1 oct 2026,13,927324679,9273246798286135239967,9271,Outbound,Portabilidad Postpago,RETIRO EN TIENDA,Retiro en tienda,2103,CERRADAS,Entregado,Entregado,NET_KGUTIERREZV,SIM,1 oct 2026,1 oct 2026,null,No,CERRADAS,2026-10-02 01:45:06,Monolínea,Mono_item,Loreto,null,Power 49.90 N,Power 49.90 N,AmericaMovil,09:00 - 21:00,Cerrado,Resuelto,Desconocido,null
Netcall,1 oct 2026,17,927379482,9273794828286673561215,9283,Outbound,Portabilidad Postpago,RETIRO EN TIENDA,Retiro en tienda,7379,ABIERTAS,Pendiente Entrega,Pendiente Entrega,NET_BTRUJILLOT,SIM,1 oct 2026,null,null,No,ABIERTAS,null,Monolínea,Mono_item,Moquegua,null,null,Power ilim 69.90 N,AmericaMovil,08:00 - 22:00,En Progreso,En Progreso,Desconocido,null
Netcall,1 oct 2026,18,927402320,9274023208286889083341,9283,Outbound,Portabilidad Postpago,PROGRAMADO,Logixtal,5022,ABIERTAS,Pendiente Entrega,Pendiente Entrega,NET_GVILELAR,SIM,2 oct 2026,null,null,No,ABIERTAS,null,Multilínea,Mono_item,Arequipa,null,null,Power ilim 79.90 SD N,TELEFONICAPE,13:01 - 20:00,En Progreso,Punto de No Retorno,Desconocido,MARIANO MELGAR
Netcall,1 oct 2026,12,927299364,9272993648285888640625,9283,Outbound,Venta Regular / Alta,EXPRESS,Logixtal,5022,CERRADAS,Entregado,Entregado,NET_GFLORESS,SIM,1 oct 2026,1 oct 2026,null,No,CERRADAS,2026-10-01 16:48:57,Monolínea,Mono_item,Arequipa,null,Power ilim 79.90 SD N,Power ilim 79.90 SD N,Desconocido,10:00 - 20:00,Cerrado,Resuelto,Desconocido,MARIANO MELGAR
Netcall,1 oct 2026,10,927260752,9272607528285546435597,9283,Outbound,Portabilidad Postpago,EXPRESS,Logixtal,5022,CERRADAS,Entregado,Entregado,NET_SPEREZR,SIM,1 oct 2026,1 oct 2026,null,No,CERRADAS,2026-10-02 00:51:58,Monolínea,Mono_item,Arequipa,null,Power ilim 69.90 N,Power ilim 69.90 N,Viettel Peru,10:00 - 20:00,Cerrado,Resuelto,Desconocido,MARIANO MELGAR
Netcall,1 oct 2026,8,927209602,9272096028285216367163,9283,Outbound,Portabilidad Postpago,PROGRAMADO,Logixtal,5021,ABIERTAS,Pendiente Entrega,Pendiente Entrega,TLV_NET_LVILLLA,SIM,2 oct 2026,null,null,No,ABIERTAS,null,Monolínea,Mono_item,Piura,null,null,Power ilim 69.90 N,TELEFONICAPE,09:00 - 13:00,En Progreso,Punto de No Retorno,Desconocido,MARCAVELICA
Netcall,1 oct 2026,9,927234832,9272348328285323105730,9283,Outbound,Portabilidad Postpago,PROGRAMADO,Logixtal,5021,ABIERTAS,Pendiente Entrega,Pendiente Entrega,NET_JMENDOZAN,SIM,2 oct 2026,null,null,No,ABIERTAS,null,Monolínea,Mono_item,Piura,null,null,Power ilim 69.90 N,Viettel Peru,09:00 - 19:00,En Progreso,Punto de No Retorno,Desconocido,MANCORA
Netcall,1 oct 2026,11,927280558,9272805588285704819806,9283,Outbound,Portabilidad Postpago,PROGRAMADO,Logixtal,5021,ABIERTAS,Pendiente Entrega,Pendiente Entrega,NET_MSILVAP,SIM,2 oct 2026,null,null,No,ABIERTAS,null,Monolínea,Mono_item,Piura,null,null,Power ilim 69.90 N,TELEFONICAPE,09:00 - 19:00,En Progreso,Punto de No Retorno,Desconocido,MANCORA
Netcall,1 oct 2026,17,927391789,9273917898286786310707,9283,Outbound,Portabilidad Postpago,PROGRAMADO,Logixtal,9349,ABIERTAS,Pendiente Entrega,Pendiente Entrega,TLV_NET_GANACLE,SIM,2 oct 2026,null,null,No,ABIERTAS,null,Monolínea,Mono_item,Ucayali,null,null,Power ilim 69.90 N,TELEFONICAPE,13:01 - 19:00,En Progreso,En Progreso,Desconocido,MANANTAY
Netcall,1 oct 2026,16,927359159,9273591598286464009094,9283,Outbound,Portabilidad Postpago,PROGRAMADO,Logixtal,9349,ABIERTAS,Pendiente Entrega,Pendiente Entrega,NET_JMENDOZAN,SIM,2 oct 2026,null,null,No,ABIERTAS,null,Monolínea,Mono_item,Ucayali,null,null,Power ilim 69.90 N,TELEFONICAPE,13:01 - 19:00,En Progreso,En Progreso,Desconocido,MANANTAY
Netcall,1 oct 2026,13,927319625,9273196258286086763693,9283,Outbound,Portabilidad Postpago,PROGRAMADO,Logixtal,9349,ABIERTAS,Pendiente Entrega,Pendiente Entrega,NET_JSILVERAG,SIM,2 oct 2026,null,null,No,ABIERTAS,null,Monolínea,Mono_item,Ucayali,null,null,Power ilim 69.90 N,TELEFONICAPE,13:01 - 19:00,En Progreso,En Progreso,Desconocido,MANANTAY
Netcall,2 oct 2026,9,927697115,92769711589511710101029540066,9283,Outbound,Portabilidad Postpago,EXPRESS,Logixtal,5022,ABIERTAS,Entregado,Entregado,TLV_NET_BRAMIRE,SIM,2 oct 2026,null,null,No,ABIERTAS,null,Monolínea,Mono_item,Arequipa,null,null,null,null,10:00 - 20:00,En Progreso,Punto de No Retorno,null,null
Netcall,1 oct 2026,9,927234388,9272343888285322160931,9283,Outbound,Portabilidad Postpago,EXPRESS,Logixtal,5022,CERRADAS,Entregado,Entregado,NET_YCHAVEZ,SIM,1 oct 2026,1 oct 2026,null,No,CERRADAS,2026-10-02 00:57:58,Multilínea,Multi_item,Arequipa,null,Power ilim 79.90 SD N,Power ilim 79.90 SD N,AmericaMovil,10:00 - 20:00,Cerrado,Resuelto,Desconocido,MAJES
Netcall,1 oct 2026,9,927234388,9272343888285322160714,9283,Outbound,Portabilidad Postpago,EXPRESS,Logixtal,5022,CERRADAS,Entregado,Entregado,NET_YCHAVEZ,SIM,1 oct 2026,1 oct 2026,null,No,CERRADAS,2026-10-02 00:57:58,Multilínea,Multi_item,Arequipa,null,Power ilim 79.90 SD N,Power ilim 79.90 SD N,AmericaMovil,10:00 - 20:00,Cerrado,Resuelto,Desconocido,MAJES
Netcall,1 oct 2026,14,927329437,9273294378286179753799,9265,Outbound,Portabilidad Postpago,EXPRESS,Logixtal,9001,CERRADAS,Entregado,Entregado,NET_IRODRIGUEZS,SIM,1 oct 2026,1 oct 2026,null,No,CERRADAS,2026-10-02 00:48:11,Multilínea,Mono_item,Lima - Callao,null,Power ilim 79.90 SD N,Power ilim 79.90 SD N,AmericaMovil,10:00 - 22:00,Cerrado,Resuelto,Desconocido,MAGDALENA DEL MAR
Netcall,1 oct 2026,8,927222213,927222213,9283,Outbound,Portabilidad Postpago,EXPRESS,Logixtal,9001,CERRADAS,Entregado,Entregado,NET_JROMEROC,SIM,1 oct 2026,1 oct 2026,null,No,CERRADAS,2026-10-02 00:28:27,Monolínea,Mono_item,Lima - Callao,null,Power ilim 69.90 N,null,null,10:00 - 22:00,Cerrado,Resuelto,null,MAGDALENA DEL MAR
Netcall,2 oct 2026,11,927746469,927746469Empty,9283,Outbound,Portabilidad Postpago,EXPRESS,Logixtal,9001,ABIERTAS,Pendiente Entrega,Pendiente de Picking,TLV_NET_APINTAD,SIM,2 oct 2026,null,null,No,ABIERTAS,null,Monolínea,Mono_item,Lima - Callao,null,null,null,null,10:00 - 22:00,En Progreso,En Progreso,null,null
Netcall,2 oct 2026,11,927756539,927756539Empty,9283,Outbound,Portabilidad Postpago,EXPRESS,Logixtal,9001,ABIERTAS,Pendiente Entrega,Pendiente de Picking,NET_AAYAURIO,SIM,2 oct 2026,null,null,No,ABIERTAS,null,Multilínea,Mono_item,Lima - Callao,null,null,null,null,10:00 - 22:00,En Progreso,En Progreso,null,null
Netcall,1 oct 2026,14,927330366,9273303668286186353797,9265,Outbound,Portabilidad Postpago,EXPRESS,Logixtal,9001,CERRADAS,Entregado,Entregado,NET_IRODRIGUEZS,SIM,1 oct 2026,1 oct 2026,null,No,CERRADAS,2026-10-02 01:59:02,Multilínea,Mono_item,Lima - Callao,null,Power ilim 79.90 SD N,Power ilim 79.90 SD N,AmericaMovil,10:00 - 22:00,Cerrado,Resuelto,Desconocido,MAGDALENA DEL MAR
Netcall,1 oct 2026,10,927256859,927256859,9283,Outbound,Portabilidad Postpago,EXPRESS,Logixtal,9001,CERRADAS,Entregado,Entregado,NET_TMUNOZCALDE,SIM,1 oct 2026,1 oct 2026,null,No,CERRADAS,2026-10-02 00:07:26,Multilínea,Mono_item,Lima - Callao,null,Power ilim 79.90 SD N,null,null,10:00 - 22:00,Cerrado,Resuelto,null,MAGDALENA DEL MAR
Netcall,2 oct 2026,10,927729860,927729860Empty,9283,Outbound,Portabilidad Postpago,PROGRAMADO,Logixtal,9001,ABIERTAS,Pendiente Entrega,Pendiente de Picking,NET_BCUSQUISIVA,SIM,3 oct 2026,null,null,No,ABIERTAS,null,Multilínea,Mono_item,Lima - Callao,null,null,null,null,08:00 - 13:00,En Progreso,En Progreso,null,null
Netcall,2 oct 2026,10,927733300,927733300Empty,9283,Outbound,Portabilidad Postpago,PROGRAMADO,Logixtal,9001,ABIERTAS,Pendiente Entrega,Pendiente de Picking,NET_BCUSQUISIVA,SIM,3 oct 2026,null,null,No,ABIERTAS,null,Multilínea,Mono_item,Lima - Callao,null,null,null,null,08:00 - 13:00,En Progreso,En Progreso,null,null
Netcall,2 oct 2026,11,927755686,927755686Empty,9283,Outbound,Portabilidad Postpago,EXPRESS,Logixtal,9001,ABIERTAS,Pendiente Entrega,Pendiente de Picking,NET_AAYAURIO,SIM,2 oct 2026,null,null,No,ABIERTAS,null,Multilínea,Mono_item,Lima - Callao,null,null,null,null,10:00 - 22:00,En Progreso,En Progreso,null,null
Netcall,1 oct 2026,14,927339000,9273390008286263175856,9283,Outbound,Portabilidad Postpago,PROGRAMADO,Logixtal,9342,ABIERTAS,No bop,No bop,NET_RALVAREZV,SIM,3 oct 2026,null,null,No,ABIERTAS,null,Monolínea,Mono_item,Lima - Callao,null,null,Power ilim 69.90 N,TELEFONICAPE,08:00 - 13:00,En Progreso,En Progreso,Desconocido,LURIN
Netcall,1 oct 2026,11,927266575,9272665758285594150459,5299,Outbound,Portabilidad Postpago,PROGRAMADO,Logixtal,9342,ABIERTAS,Pendiente Entrega,Pendiente Entrega,NET_AEREYES,SIM,2 oct 2026,null,null,No,ABIERTAS,null,Multilínea,Mono_item,Lima - Callao,null,null,Power ilim 79.90 SD N,AmericaMovil,08:00 - 13:00,En Progreso,Punto de No Retorno,Desconocido,LURIN
Netcall,1 oct 2026,11,927266605,9272666058285595184196,5299,Outbound,Portabilidad Postpago,PROGRAMADO,Logixtal,9342,ABIERTAS,Pendiente Entrega,Pendiente Entrega,NET_AEREYES,SIM,2 oct 2026,null,null,No,ABIERTAS,null,Multilínea,Mono_item,Lima - Callao,null,null,Power ilim 79.90 SD N,AmericaMovil,08:00 - 13:00,En Progreso,Punto de No Retorno,Desconocido,LURIN
Netcall,2 oct 2026,10,927712975,927712975Empty,9283,Outbound,Portabilidad Postpago,PROGRAMADO,Logixtal,9342,ABIERTAS,Pendiente Entrega,Pendiente de Picking,NET_VAYALA,SIM,3 oct 2026,null,null,No,ABIERTAS,null,Monolínea,Mono_item,Lima - Callao,null,null,null,null,08:00 - 13:00,En Progreso,En Progreso,null,null
Netcall,1 oct 2026,13,927324382,9273243828286128755328,9283,Outbound,Portabilidad Postpago,PROGRAMADO,Logixtal,9342,ABIERTAS,Pendiente Entrega,Pendiente Entrega,NET_AARANAS,SIM,2 oct 2026,null,null,No,ABIERTAS,null,Monolínea,Mono_item,Lima - Callao,null,null,Power ilim 79.90 SD N,TELEFONICAPE,08:00 - 13:00,En Progreso,Punto de No Retorno,Desconocido,LURIN
Netcall,1 oct 2026,14,927338471,9273384718286260863228,9283,Outbound,Portabilidad Postpago,PROGRAMADO,Logixtal,9342,ABIERTAS,Pendiente Entrega,Pendiente Entrega,NET_IVARGASI,SIM,2 oct 2026,null,null,No,ABIERTAS,null,Monolínea,Mono_item,Lima - Callao,null,null,Power ilim 79.90 SD N,TELEFONICAPE,08:00 - 13:00,En Progreso,Punto de No Retorno,Desconocido,LURIN
Netcall,1 oct 2026,9,927235981,9272359818285337121184,9283,Outbound,Portabilidad Postpago,PROGRAMADO,Logixtal,9342,ABIERTAS,Pendiente Entrega,Pendiente Entrega,NET_SLIZARDOPER,SIM,2 oct 2026,null,null,No,ABIERTAS,null,Monolínea,Mono_item,Lima - Callao,null,null,Power ilim 79.90 SD N,AmericaMovil,08:00 - 13:00,En Progreso,Punto de No Retorno,Desconocido,LURIN
Netcall,1 oct 2026,12,927303844,9273038448285935482481,9283,Outbound,Portabilidad Postpago,PROGRAMADO,Logixtal,9342,ABIERTAS,No bop,No bop,NET_ARAMOSR,SIM,3 oct 2026,null,null,No,ABIERTAS,null,Monolínea,Mono_item,Lima - Callao,null,null,Power ilim 69.90 N,AmericaMovil,08:00 - 13:00,En Progreso,En Progreso,Desconocido,LURIN
Netcall,1 oct 2026,18,927412877,9274128778286994669645,9283,Outbound,Portabilidad Postpago,PROGRAMADO,Logixtal,9342,ABIERTAS,Pendiente Entrega,Pendiente Entrega,TLV_NET_MLANDAR,SIM,2 oct 2026,null,null,No,ABIERTAS,null,Monolínea,Mono_item,Lima - Callao,null,null,Power ilim 69.90 N,TELEFONICAPE,08:00 - 13:00,En Progreso,Punto de No Retorno,Desconocido,LURIN
Netcall,1 oct 2026,12,927305315,9273053158285942922830,9283,Outbound,Portabilidad Postpago,PROGRAMADO,Logixtal,9001,ABIERTAS,Pendiente Entrega,Pendiente Entrega,TLV_NET_YQUITOV,SIM,2 oct 2026,null,null,No,ABIERTAS,null,Monolínea,Mono_item,Lima - Callao,null,null,Power ilim 69.90 N,TELEFONICAPE,08:00 - 13:00,En Progreso,Punto de No Retorno,Desconocido,LURIGANCHO
Netcall,1 oct 2026,17,927378829,9273788298286662404396,9283,Outbound,Portabilidad Postpago,PROGRAMADO,Logixtal,9001,ABIERTAS,Pendiente Entrega,Pendiente Entrega,NET_LMUSAYONS,SIM,2 oct 2026,null,null,No,ABIERTAS,null,Multilínea,Mono_item,Lima - Callao,null,null,Power ilim 79.90 SD N,Viettel Peru,13:01 - 22:00,En Progreso,Punto de No Retorno,Desconocido,LURIGANCHO
Netcall,2 oct 2026,9,927698677,927698677Empty,9283,Outbound,Portabilidad Postpago,PROGRAMADO,Logixtal,9001,ABIERTAS,Pendiente Entrega,Pendiente de Picking,NET_NRUBIOMARCO,SIM,3 oct 2026,null,null,No,ABIERTAS,null,Monolínea,Mono_item,Lima - Callao,null,null,null,null,08:00 - 13:00,En Progreso,En Progreso,null,null
Netcall,2 oct 2026,11,927742592,927742592Empty,9283,Outbound,Portabilidad Postpago,PROGRAMADO,Logixtal,9001,ABIERTAS,Pendiente Entrega,Pendiente de Picking,NET_ECHEROS,SIM,3 oct 2026,null,null,No,ABIERTAS,null,Monolínea,Mono_item,Lima - Callao,null,null,null,null,08:00 - 13:00,En Progreso,En Progreso,null,null
Netcall,1 oct 2026,13,927312164,9273121648286019393920,9283,Outbound,Portabilidad Postpago,PROGRAMADO,Logixtal,9001,ABIERTAS,Pendiente Entrega,Pendiente Entrega,TLV_NET_EBULNES,SIM,2 oct 2026,null,null,No,ABIERTAS,null,Monolínea,Mono_item,Lima - Callao,null,null,Power ilim 79.90 SD N,AmericaMovil,13:01 - 22:00,En Progreso,Punto de No Retorno,Desconocido,LURIGANCHO
Netcall,1 oct 2026,15,927346870,9273468708286342225061,9283,Outbound,Portabilidad Postpago,PROGRAMADO,Logixtal,9001,ABIERTAS,Pendiente Entrega,Pendiente Entrega,NET_GMENDIGUETE,SIM,2 oct 2026,null,null,No,ABIERTAS,null,Monolínea,Mono_item,Lima - Callao,null,null,Power ilim 69.90 N,Viettel Peru,08:00 - 13:00,En Progreso,Punto de No Retorno,Desconocido,LURIGANCHO
Netcall,2 oct 2026,9,927700077,92770007789511710111068220066,9283,Outbound,Portabilidad Postpago,PROGRAMADO,Logixtal,9001,ABIERTAS,Pendiente Entrega,Pendiente de Picking,NET_EALBORNOZR,SIM,4 oct 2026,null,null,No,ABIERTAS,null,Multilínea,Mono_item,Lima - Callao,null,null,null,null,08:00 - 22:00,En Progreso,Punto de No Retorno,null,null
Netcall,1 oct 2026,17,927376702,9273767028286649803539,9283,Outbound,Portabilidad Postpago,PROGRAMADO,Logixtal,9001,ABIERTAS,Pendiente Entrega,Pendiente Entrega,NET_LMUSAYONS,SIM,2 oct 2026,null,null,No,ABIERTAS,null,Multilínea,Mono_item,Lima - Callao,null,null,Power ilim 79.90 SD N,AmericaMovil,13:01 - 22:00,En Progreso,Punto de No Retorno,Desconocido,LURIGANCHO
Netcall,1 oct 2026,18,927398615,9273986158286853184352,9283,Outbound,Portabilidad Postpago,PROGRAMADO,Logixtal,9001,ABIERTAS,Pendiente Entrega,Pendiente Entrega,NET_CQUISPITONO,SIM,2 oct 2026,null,null,No,ABIERTAS,null,Monolínea,Mono_item,Lima - Callao,null,null,Power ilim 69.90 N,Viettel Peru,13:01 - 22:00,En Progreso,Punto de No Retorno,Desconocido,LURIGANCHO
Netcall,2 oct 2026,9,927699305,92769930589511710121083416607,9283,Outbound,Portabilidad Postpago,PROGRAMADO,Logixtal,9001,ABIERTAS,Pendiente Entrega,Pendiente de Picking,NET_EALBORNOZR,SIM,4 oct 2026,null,null,No,ABIERTAS,null,Multilínea,Mono_item,Lima - Callao,null,null,null,null,08:00 - 22:00,En Progreso,Punto de No Retorno,null,null
Netcall,1 oct 2026,10,927257914,9272579148285518814228,9283,Outbound,Portabilidad Postpago,EXPRESS,Logixtal,9001,CERRADAS,Entregado,Entregado,NET_SRUIZS,SIM,1 oct 2026,1 oct 2026,null,No,CERRADAS,2026-10-02 01:30:06,Monolínea,Mono_item,Lima - Callao,null,Power ilim 69.90 N,Power ilim 69.90 N,TELEFONICAPE,10:00 - 22:00,Cerrado,Resuelto,Desconocido,LOS OLIVOS
Netcall,2 oct 2026,11,927754590,927754590Empty,9283,Outbound,Venta Regular / Alta,EXPRESS,Logixtal,9001,ABIERTAS,Pendiente Entrega,Pendiente de Picking,NET_SDIAZO,SIM,2 oct 2026,null,null,No,ABIERTAS,null,Monolínea,Mono_item,Lima - Callao,null,null,null,null,10:00 - 22:00,En Progreso,En Progreso,null,null
Netcall,1 oct 2026,15,927354264,9273542648286412854692,9283,Outbound,Portabilidad Postpago,PROGRAMADO,Logixtal,9001,ABIERTAS,Pendiente Entrega,Pendiente Entrega,NET_VRUIZG,SIM,2 oct 2026,null,null,No,ABIERTAS,null,Monolínea,Mono_item,Lima - Callao,null,null,Power ilim 69.90 N,TELEFONICAPE,08:00 - 13:00,En Progreso,Punto de No Retorno,Desconocido,LOS OLIVOS
Netcall,1 oct 2026,17,927382672,9273826728286704974382,9283,Outbound,Portabilidad Postpago,PROGRAMADO,Logixtal,9001,ABIERTAS,Pendiente Entrega,Pendiente Entrega,NET_EMMENDIZF,SIM,2 oct 2026,null,null,No,ABIERTAS,null,Monolínea,Mono_item,Lima - Callao,null,null,Power ilim 69.90 N,AmericaMovil,08:00 - 13:00,En Progreso,Punto de No Retorno,Desconocido,LOS OLIVOS
Netcall,1 oct 2026,7,927190166,9271901668285163166769,9283,Outbound,Portabilidad Postpago,EXPRESS,Logixtal,9001,CERRADAS,Entregado,Entregado,TLV_NET_DVALOI,SIM,1 oct 2026,1 oct 2026,null,No,CERRADAS,2026-10-02 00:56:39,Monolínea,Mono_item,Lima - Callao,null,Power ilim 79.90 SD N,Power ilim 79.90 SD N,AmericaMovil,10:00 - 22:00,Cerrado,Resuelto,Desconocido,LINCE
Netcall,1 oct 2026,7,927189526,9271895268285157855433,9283,Outbound,Portabilidad Postpago,EXPRESS,Logixtal,9001,CERRADAS,Entregado,Entregado,NET_LFLORESY,SIM,1 oct 2026,1 oct 2026,null,No,CERRADAS,2026-10-02 01:40:40,Multilínea,Mono_item,Lima - Callao,null,Power ilim 79.90 SD N,Power ilim 79.90 SD N,AmericaMovil,10:00 - 22:00,Cerrado,Resuelto,Desconocido,LINCE
Netcall,1 oct 2026,7,927190543,9271905438285158883141,9283,Outbound,Portabilidad Postpago,EXPRESS,Logixtal,9001,CERRADAS,Entregado,Entregado,NET_LFLORESY,SIM,1 oct 2026,1 oct 2026,null,No,CERRADAS,2026-10-02 01:24:36,Multilínea,Mono_item,Lima - Callao,null,Power ilim 79.90 SD N,Power ilim 79.90 SD N,AmericaMovil,10:00 - 22:00,Cerrado,Resuelto,Desconocido,LINCE
Netcall,1 oct 2026,11,927276484,9272764848285668543721,9271,Outbound,Portabilidad Postpago,EXPRESS,Logixtal,9001,CERRADAS,Entregado,Entregado,NET_FCASTILLOG,SIM,1 oct 2026,1 oct 2026,null,No,CERRADAS,2026-10-02 00:57:54,Monolínea,Mono_item,Lima - Callao,null,Power ilim 69.90 N,Power ilim 69.90 N,TELEFONICAPE,10:00 - 22:00,Cerrado,Resuelto,Desconocido,LINCE
Netcall,1 oct 2026,9,927231378,9272313788285295614456,9283,Outbound,Portabilidad Postpago,EXPRESS,Logixtal,9001,CERRADAS,Entregado,Entregado,NET_MMATORELAS,SIM,1 oct 2026,1 oct 2026,null,No,CERRADAS,2026-10-02 00:55:59,Monolínea,Mono_item,Lima - Callao,null,Power ilim 79.90 SD N,Power ilim 79.90 SD N,TELEFONICAPE,10:00 - 22:00,Cerrado,Resuelto,Desconocido,LINCE
Netcall,2 oct 2026,10,927725336,92772533689511710101080560920,9283,Outbound,Portabilidad Postpago,EXPRESS,Logixtal,9001,ABIERTAS,Pendiente Entrega,Pendiente de Picking,NET_CGARCIAC,SIM,2 oct 2026,null,null,No,ABIERTAS,null,Monolínea,Mono_item,Lima - Callao,null,null,null,null,10:00 - 22:00,En Progreso,Punto de No Retorno,null,null
Netcall,1 oct 2026,15,927344188,9273441888286321732826,9271,Outbound,Portabilidad Postpago,RETIRO EN TIENDA,Retiro en tienda,3220,ABIERTAS,Pendiente Entrega,Pendiente Entrega,NET_MRUIZSANCHC,SIM,1 oct 2026,null,null,No,ABIERTAS,null,Multilínea,Multi_item,Lima - Callao,null,null,Power ilim 79.90 SD N,TELEFONICAPE,09:00 - 21:00,En Progreso,En Progreso,Desconocido,null
Netcall,1 oct 2026,15,927352852,927352852,9283,Outbound,Portabilidad Postpago,RETIRO EN TIENDA,Retiro en tienda,3006,CERRADAS,Entregado,Entregado,NET_CSALAZARP,SIM,1 oct 2026,1 oct 2026,null,No,CERRADAS,2026-10-02 00:26:23,Monolínea,Mono_item,Lima - Callao,null,Power ilim 69.90 N,null,null,09:00 - 21:00,Cerrado,Resuelto,null,null
Netcall,1 oct 2026,17,927381730,927381730,9283,Outbound,Portabilidad Postpago,RETIRO EN TIENDA,Retiro en tienda,2113,CERRADAS,Entregado,Entregado,NET_ARAMOSR,SIM,1 oct 2026,1 oct 2026,null,No,CERRADAS,2026-10-02 00:28:28,Monolínea,Mono_item,Lima - Callao,null,Power ilim 69.90 N,null,null,09:00 - 21:00,Cerrado,Resuelto,null,null
Netcall,1 oct 2026,9,927237897,9272378978285348113820,9283,Outbound,Portabilidad Postpago,EXPRESS,Logixtal,9001,CERRADAS,Entregado,Entregado,NET_GGALLARDAYA,SIM,1 oct 2026,1 oct 2026,null,No,CERRADAS,2026-10-02 01:41:03,Multilínea,Multi_item,Lima - Callao,null,Power ilim 79.90 SD N,Power ilim 79.90 SD N,AmericaMovil,10:00 - 22:00,Cerrado,Resuelto,Desconocido,CALLAO
Netcall,1 oct 2026,12,927304449,9273044498285938185101,9283,Outbound,Portabilidad Postpago,RETIRO EN TIENDA,Retiro en tienda,3220,ABIERTAS,Pendiente Entrega,Pendiente Entrega,NET_MMREVILLA,SIM,1 oct 2026,null,null,No,ABIERTAS,null,Monolínea,Mono_item,Lima - Callao,null,null,Power ilim 79.90 SD N,AmericaMovil,09:00 - 21:00,En Progreso,En Progreso,Desconocido,null
Netcall,1 oct 2026,10,927263030,9272630308285583568505,9283,Outbound,Portabilidad Postpago,EXPRESS,Logixtal,9001,CERRADAS,Entregado,Entregado,TLV_NET_JMORO,SIM,1 oct 2026,1 oct 2026,null,No,CERRADAS,2026-10-02 01:57:11,Monolínea,Mono_item,Lima - Callao,null,Power ilim 69.90 N,Power ilim 69.90 N,AmericaMovil,10:00 - 22:00,Cerrado,Resuelto,Desconocido,LIMA
Netcall,1 oct 2026,10,927247106,9272471068285434583802,9283,Outbound,Portabilidad Postpago,EXPRESS,Logixtal,9001,CERRADAS,Entregado,Entregado,TLV_NET_SVALDEZ,SIM,1 oct 2026,1 oct 2026,null,No,CERRADAS,2026-10-02 03:30:01,Monolínea,Mono_item,Lima - Callao,null,Power ilim 69.90 N,Power ilim 69.90 N,TELEFONICAPE,10:00 - 22:00,Cerrado,Resuelto,Desconocido,LIMA
Netcall,1 oct 2026,15,927343957,9273439578286319967941,9283,Outbound,Portabilidad Postpago,EXPRESS,Logixtal,9001,CANCELADAS,Anulado,CLIENTE DESISTE - INFORMACIÓN INCORRECTA,NET_AARNAIZA,SIM,1 oct 2026,null,null,No,CANCELADAS,2026-10-01 18:38:58,Monolínea,Mono_item,Lima - Callao,null,null,Power ilim 69.90 N,TELEFONICAPE,10:00 - 22:00,Cancelado,Rechazado,Desconocido,CALLAO
Netcall,1 oct 2026,9,927242275,927242275,9283,Outbound,Portabilidad Postpago,EXPRESS,Logixtal,9001,CERRADAS,Entregado,Entregado,TLV_NET_OCCONA,SIM,1 oct 2026,1 oct 2026,null,No,CERRADAS,2026-10-02 00:27:52,Monolínea,Mono_item,Lima - Callao,null,Power ilim 69.90 N,null,null,10:00 - 22:00,Cerrado,Resuelto,null,LIMA
Netcall,1 oct 2026,11,927286372,9272863728285757370444,9283,Outbound,Portabilidad Postpago,EXPRESS,Logixtal,9001,CERRADAS,Entregado,Entregado,NET_RCASTANEDAR,SIM,1 oct 2026,1 oct 2026,null,No,CERRADAS,2026-10-02 04:16:49,Monolínea,Mono_item,Lima - Callao,null,Power ilim 69.90 N,Power ilim 69.90 N,TELEFONICAPE,10:00 - 22:00,Cerrado,Resuelto,Desconocido,CALLAO
Netcall,1 oct 2026,6,927177743,927177743,9283,Outbound,Portabilidad Postpago,EXPRESS,Logixtal,9001,CERRADAS,Entregado,Entregado,NET_SRAMOSC,SIM,1 oct 2026,1 oct 2026,null,No,CERRADAS,2026-10-02 00:05:59,Multilínea,Mono_item,Lima - Callao,null,Power ilim 79.90 SD N,null,null,10:00 - 22:00,Cerrado,Resuelto,null,CALLAO
Netcall,1 oct 2026,9,927243684,9272436848285397665622,9283,Outbound,Portabilidad Postpago,EXPRESS,Logixtal,9001,ABIERTAS,Pendiente Entrega,Pendiente Entrega,NET_CTRAVIM,SIM,1 oct 2026,null,null,No,ABIERTAS,null,Monolínea,Mono_item,Lima - Callao,null,null,Power ilim 69.90 N,AmericaMovil,10:00 - 22:00,En Progreso,Punto de No Retorno,Desconocido,LIMA
Netcall,1 oct 2026,9,927233141,9272331418285311988749,9283,Outbound,Portabilidad Postpago,RETIRO EN TIENDA,Retiro en tienda,3032,CERRADAS,Entregado,Entregado,NET_ARIVERA,SIM,1 oct 2026,1 oct 2026,null,No,CERRADAS,2026-10-02 01:36:39,Monolínea,Mono_item,Lima - Callao,null,Power 59.90 N,Power 59.90 N,Viettel Peru,09:00 - 21:00,Cerrado,Resuelto,Portabilidad Rechazada. REC01ABD15: El Código NIP es invalido | REC01ABD15,null
Netcall,1 oct 2026,6,927177568,927177568,9283,Outbound,Portabilidad Postpago,EXPRESS,Logixtal,9001,CERRADAS,Entregado,Entregado,NET_SRAMOSC,SIM,1 oct 2026,1 oct 2026,null,No,CERRADAS,2026-10-02 00:22:49,Multilínea,Mono_item,Lima - Callao,null,Power ilim 79.90 SD N,null,null,10:00 - 22:00,Cerrado,Resuelto,null,CALLAO
Netcall,1 oct 2026,13,927316955,927316955,9223,Fidelización,Renovación,RETIRO EN TIENDA,Retiro en tienda,3158,CERRADAS,Entregado,Entregado,NET_AZAVALAE,Equipo,1 oct 2026,1 oct 2026,null,No,CERRADAS,2026-10-01 19:36:19,Multilínea,Mono_item,Lima - Callao,null,null,null,null,09:00 - 21:00,Cerrado,Resuelto,null,null
Netcall,2 oct 2026,10,927732503,927732503Empty,9283,Outbound,Portabilidad Postpago,PROGRAMADO,Logixtal,9001,ABIERTAS,Pendiente Entrega,Pendiente de Picking,TLV_NET_LSANCHA,SIM,3 oct 2026,null,null,No,ABIERTAS,null,Monolínea,Mono_item,Lima - Callao,null,null,null,null,08:00 - 13:00,En Progreso,En Progreso,null,null
Netcall,1 oct 2026,11,927270470,9272704708285625375078,9283,Outbound,Portabilidad Postpago,EXPRESS,Logixtal,9001,CERRADAS,Entregado,Entregado,NET_YRUEDAMONDR,SIM,1 oct 2026,1 oct 2026,null,No,CERRADAS,2026-10-02 01:43:35,Monolínea,Mono_item,Lima - Callao,null,Power ilim 69.90 N,Power ilim 69.90 N,AmericaMovil,10:00 - 22:00,Cerrado,Resuelto,Desconocido,CALLAO
Netcall,1 oct 2026,12,927294454,927294454,9223,Fidelización,Renovación,RETIRO EN TIENDA,Retiro en tienda,3006,CERRADAS,Entregado,Entregado,NET_PJORDINOLAG,Equipo,1 oct 2026,1 oct 2026,null,No,CERRADAS,2026-10-01 14:45:36,Multilínea,Mono_item,Lima - Callao,null,null,null,null,09:00 - 21:00,Cerrado,Resuelto,null,null
Netcall,1 oct 2026,12,927305781,9273057818285957274981,9283,Outbound,Portabilidad Postpago,RETIRO EN TIENDA,Retiro en tienda,8037,CERRADAS,Entregado,Entregado,NET_KROJASNAUPA,SIM,1 oct 2026,1 oct 2026,null,No,CERRADAS,2026-10-02 01:56:19,Monolínea,Mono_item,Lima - Callao,null,Power ilim 69.90 N,Power ilim 69.90 N,TELEFONICAPE,09:00 - 21:00,Cerrado,Resuelto,Desconocido,null
Netcall,1 oct 2026,16,927376226,927376226,9283,Outbound,Portabilidad Postpago,EXPRESS,Logixtal,9001,CERRADAS,Entregado,Entregado,NET_LTVENTURAG,SIM,1 oct 2026,1 oct 2026,null,No,CERRADAS,2026-10-02 00:26:54,Monolínea,Mono_item,Lima - Callao,null,Power ilim 69.90 N,null,null,10:00 - 22:00,Cerrado,Resuelto,null,LIMA
Netcall,1 oct 2026,14,927329855,9273298558286185408812,9283,Outbound,Portabilidad Postpago,EXPRESS,Logixtal,9001,CERRADAS,Entregado,Entregado,NET_KDIAZPISCOY,SIM,1 oct 2026,1 oct 2026,null,No,CERRADAS,2026-10-02 00:46:04,Monolínea,Mono_item,Lima - Callao,null,Power ilim 69.90 N,Power ilim 69.90 N,AmericaMovil,10:00 - 22:00,Cerrado,Resuelto,Desconocido,LIMA
Netcall,1 oct 2026,12,927298439,9272984398285877607672,9283,Outbound,Portabilidad Postpago,EXPRESS,Logixtal,9001,CERRADAS,Entregado,Entregado,NET_YRUEDAMONDR,SIM,1 oct 2026,1 oct 2026,null,No,CERRADAS,2026-10-02 01:59:36,Monolínea,Mono_item,Lima - Callao,null,Power ilim 69.90 N,Power ilim 69.90 N,TELEFONICAPE,10:00 - 22:00,Cerrado,Resuelto,Desconocido,CALLAO
Netcall,1 oct 2026,14,927340304,927340304,9283,Outbound,Portabilidad Postpago,EXPRESS,Logixtal,9001,CERRADAS,Entregado,Entregado,NET_DNIEVESNIMA,SIM,1 oct 2026,1 oct 2026,null,No,CERRADAS,2026-10-02 00:16:37,Monolínea,Mono_item,Lima - Callao,null,Power ilim 69.90 N,null,null,10:00 - 22:00,Cerrado,Resuelto,null,CALLAO
Netcall,1 oct 2026,10,927248510,927248510,9283,Outbound,Portabilidad Postpago,EXPRESS,Logixtal,9001,CERRADAS,Entregado,Entregado,NET_CALVANC,SIM,1 oct 2026,1 oct 2026,null,No,CERRADAS,2026-10-02 00:24:05,Multilínea,Mono_item,Lima - Callao,null,Power ilim 79.90 SD N,null,null,10:00 - 22:00,Cerrado,Resuelto,null,LIMA
Netcall,1 oct 2026,6,927177605,9271776058285130393864,9283,Outbound,Portabilidad Postpago,EXPRESS,Logixtal,9001,CERRADAS,Entregado,Entregado,NET_SRAMOSC,SIM,1 oct 2026,1 oct 2026,null,No,CERRADAS,2026-10-02 01:45:11,Multilínea,Mono_item,Lima - Callao,null,Power ilim 79.90 SD N,Power ilim 79.90 SD N,AmericaMovil,10:00 - 22:00,Cerrado,Resuelto,Desconocido,CALLAO
Netcall,1 oct 2026,9,927238913,9272389138285359947947,9283,Outbound,Portabilidad Postpago,EXPRESS,Logixtal,9001,CERRADAS,Entregado,Entregado,NET_GGALLARDAYA,SIM,1 oct 2026,1 oct 2026,null,No,CERRADAS,2026-10-02 00:59:25,Multilínea,Mono_item,Lima - Callao,null,Power ilim 79.90 SD N,Power ilim 79.90 SD N,AmericaMovil,10:00 - 22:00,Cerrado,Resuelto,Desconocido,CALLAO
Netcall,1 oct 2026,9,927237897,9272378978285348113603,9283,Outbound,Portabilidad Postpago,EXPRESS,Logixtal,9001,CERRADAS,Entregado,Entregado,NET_GGALLARDAYA,SIM,1 oct 2026,1 oct 2026,null,No,CERRADAS,2026-10-02 01:41:03,Multilínea,Multi_item,Lima - Callao,null,Power ilim 79.90 SD N,Power ilim 79.90 SD N,AmericaMovil,10:00 - 22:00,Cerrado,Resuelto,Desconocido,CALLAO
Netcall,1 oct 2026,13,927321097,9273210978286098052283,9283,Outbound,Portabilidad Postpago,RETIRO EN TIENDA,Retiro en tienda,7199,CANCELADAS,Cancelado,Cancelado,NET_AARNAIZA,SIM,1 oct 2026,null,null,No,CANCELADAS,2026-10-01 14:05:52,Multilínea,Mono_item,Lima - Callao,null,null,Power ilim 79.90 SD N,AmericaMovil,09:00 - 21:00,Cancelado,Rechazado,Desconocido,null
Netcall,1 oct 2026,13,927323167,9273231678286120508660,9283,Outbound,Portabilidad Postpago,EXPRESS,Logixtal,9001,CERRADAS,Entregado,Entregado,TLV_NET_LSANCHA,SIM,1 oct 2026,1 oct 2026,null,No,CERRADAS,2026-10-02 03:29:58,Monolínea,Mono_item,Lima - Callao,null,Power ilim 69.90 N,Power ilim 69.90 N,TELEFONICAPE,10:00 - 22:00,Cerrado,Resuelto,Desconocido,LIMA
Netcall,1 oct 2026,11,927276131,9272761318285670105039,9283,Outbound,Portabilidad Postpago,EXPRESS,Logixtal,9001,CANCELADAS,Entregado,Entregado,NET_YRUEDAMONDR,SIM,1 oct 2026,1 oct 2026,null,No,CANCELADAS,2026-10-01 22:00:24,Monolínea,Mono_item,Lima - Callao,null,null,Power ilim 69.90 N,TELEFONICAPE,10:00 - 22:00,Cancelado,Pedido Cancelación,Portabilidad Rechazada. REC01PRT09: El abonado tiene deuda exigible | paymentDueDate=2026-09-18|portabilityOperDateActive=2021-03-18|amount=29.9|units=01,CALLAO
Netcall,1 oct 2026,16,927367771,9273677718286553376961,9283,Outbound,Portabilidad Postpago,EXPRESS,Logixtal,9001,CERRADAS,Entregado,Entregado,NET_NBURGAR,SIM,1 oct 2026,1 oct 2026,null,No,CERRADAS,2026-10-02 01:29:38,Multilínea,Multi_item,Lima - Callao,null,Power ilim 79.90 SD N,Power ilim 79.90 SD N,AmericaMovil,10:00 - 22:00,Cerrado,Resuelto,Desconocido,LIMA
Netcall,1 oct 2026,10,927247108,9272471088285429641588,9283,Outbound,Portabilidad Postpago,EXPRESS,Logixtal,9001,CERRADAS,Entregado,Entregado,NET_CALVANC,SIM,1 oct 2026,1 oct 2026,null,No,CERRADAS,2026-10-02 01:32:38,Multilínea,Mono_item,Lima - Callao,null,Power ilim 79.90 SD N,Power ilim 79.90 SD N,AmericaMovil,10:00 - 22:00,Cerrado,Resuelto,Desconocido,LIMA
Netcall,1 oct 2026,13,927321227,9273212278286098623148,9283,Outbound,Portabilidad Postpago,RETIRO EN TIENDA,Retiro en tienda,3160,CERRADAS,Entregado,Entregado,NET_ARIVERA,SIM,1 oct 2026,1 oct 2026,null,No,CERRADAS,2026-10-02 01:48:24,Monolínea,Mono_item,Lima - Callao,null,Power ilim 79.90 SD N,Power ilim 79.90 SD N,AmericaMovil,09:00 - 21:00,Cerrado,Resuelto,Desconocido,null
Netcall,2 oct 2026,7,927642605,92764260589511710101080513218,9271,Outbound,Venta Regular / Alta,EXPRESS,Logixtal,9001,CERRADAS,Entregado,Entregado,NET_LNECIOSUPC,SIM,2 oct 2026,2 oct 2026,null,No,CERRADAS,2026-10-02 10:12:54,Multilínea,Mono_item,Lima - Callao,null,Power ilim 79.90 SD N,null,null,10:00 - 22:00,Cerrado,Resuelto,null,null
Netcall,2 oct 2026,7,927641519,92764151989511710101080513226,9271,Outbound,Venta Regular / Alta,EXPRESS,Logixtal,9001,CERRADAS,Entregado,Entregado,NET_LNECIOSUPC,SIM,2 oct 2026,2 oct 2026,null,No,CERRADAS,2026-10-02 10:02:10,Multilínea,Mono_item,Lima - Callao,null,Power ilim 79.90 SD N,null,null,10:00 - 22:00,Cerrado,Resuelto,null,null
Netcall,2 oct 2026,8,927686305,92768630589511710101081002385,9271,Outbound,Portabilidad Postpago,EXPRESS,Logixtal,9001,ABIERTAS,Entregado,Entregado,TLV_NET_MAYALAM,SIM,2 oct 2026,null,null,No,ABIERTAS,null,Monolínea,Mono_item,Lima - Callao,null,null,null,null,10:00 - 22:00,En Progreso,Punto de No Retorno,null,null
Netcall,2 oct 2026,7,927639894,92763989489511710101080513119,9271,Outbound,Portabilidad Postpago,EXPRESS,Logixtal,9001,ABIERTAS,Entregado,Entregado,NET_LNECIOSUPC,SIM,2 oct 2026,null,null,No,ABIERTAS,null,Multilínea,Mono_item,Lima - Callao,null,null,null,null,10:00 - 22:00,En Progreso,Pago Recibido,null,null
Netcall,1 oct 2026,10,927261754,9272617548285559863462,9283,Outbound,Portabilidad Postpago,EXPRESS,Logixtal,9001,CANCELADAS,Anulado,DIRECCIÓN ERRADA,NET_BBELLIDOP,SIM,1 oct 2026,null,null,No,CANCELADAS,2026-10-01 19:43:02,Monolínea,Mono_item,Lima - Callao,null,null,Power ilim 69.90 N,TELEFONICAPE,10:00 - 22:00,Cancelado,Rechazado,Desconocido,LIMA
Netcall,1 oct 2026,8,927226321,9272263218285269265873,9283,Outbound,Venta Regular / Alta,EXPRESS,Logixtal,9001,CANCELADAS,Anulado,CLIENTE DESISTE - INFORMACIÓN INCORRECTA,NET_MFERRER,SIM,1 oct 2026,null,null,No,CANCELADAS,2026-10-01 10:28:31,Multilínea,Mono_item,Lima - Callao,null,null,Power ilim 79.90 SD N,Desconocido,10:00 - 22:00,Cancelado,Rechazado,Desconocido,LIMA
Netcall,2 oct 2026,9,927708893,927708893Empty,9223,Fidelización,Renovación,RETIRO EN TIENDA,Retiro en tienda,3160,ABIERTAS,Pendiente Entrega,Pendiente Entrega,NET_JBRICENOS,Equipo,2 oct 2026,null,null,No,ABIERTAS,null,Multilínea,Mono_item,Lima - Callao,null,null,null,null,09:00 - 21:00,En Progreso,En Progreso,null,null
Netcall,1 oct 2026,9,927234665,9272346658285324710375,9283,Outbound,Portabilidad Postpago,EXPRESS,Logixtal,9001,CERRADAS,Entregado,Entregado,NET_CCONDEM,SIM,1 oct 2026,1 oct 2026,null,No,CERRADAS,2026-10-02 01:01:40,Multilínea,Mono_item,Lima - Callao,null,Power ilim 79.90 SD N,Power ilim 79.90 SD N,AmericaMovil,10:00 - 22:00,Cerrado,Resuelto,Desconocido,CALLAO
Netcall,2 oct 2026,11,927738238,927738238Empty,9223,Fidelización,Renovación,RETIRO EN TIENDA,Retiro en tienda,3158,ABIERTAS,Pendiente Entrega,Pendiente Entrega,NET_JBRICENOS,Equipo,2 oct 2026,null,null,No,ABIERTAS,null,Multilínea,Mono_item,Lima - Callao,null,null,null,null,09:00 - 21:00,En Progreso,En Progreso,null,null
Netcall,2 oct 2026,10,927710213,927710213Empty,9223,Fidelización,Renovación,RETIRO EN TIENDA,Retiro en tienda,3160,CERRADAS,Entregado,Entregado,NET_ICAHUAC,Equipo,2 oct 2026,2 oct 2026,null,No,CERRADAS,2026-10-02 11:32:35,Multilínea,Mono_item,Lima - Callao,null,null,null,null,09:00 - 21:00,Cerrado,Resuelto,null,null
Netcall,2 oct 2026,9,927698468,927698468Empty,9283,Outbound,Portabilidad Postpago,RETIRO EN TIENDA,Retiro en tienda,2106,ABIERTAS,Pendiente Entrega,Pendiente Entrega,NET_MDONAYRE,SIM,2 oct 2026,null,null,No,ABIERTAS,null,Monolínea,Mono_item,Lima - Callao,null,null,null,null,09:00 - 21:00,En Progreso,En Progreso,null,null
Netcall,1 oct 2026,16,927367771,9273677718286553376527,9283,Outbound,Portabilidad Postpago,EXPRESS,Logixtal,9001,CERRADAS,Entregado,Entregado,NET_NBURGAR,SIM,1 oct 2026,1 oct 2026,null,No,CERRADAS,2026-10-02 01:29:38,Multilínea,Multi_item,Lima - Callao,null,Power ilim 79.90 SD N,Power ilim 79.90 SD N,AmericaMovil,10:00 - 22:00,Cerrado,Resuelto,Desconocido,LIMA
Netcall,2 oct 2026,11,927741692,927741692Empty,9283,Outbound,Portabilidad Postpago,RETIRO EN TIENDA,Retiro en tienda,2113,ABIERTAS,Pendiente Entrega,Pendiente Entrega,NET_CIOLAYAR,SIM,2 oct 2026,null,null,No,ABIERTAS,null,Multilínea,Mono_item,Lima - Callao,null,null,null,null,09:00 - 21:00,En Progreso,En Progreso,null,null
Netcall,1 oct 2026,10,927252808,9272528088285474116480,9271,Outbound,Portabilidad Postpago,EXPRESS,Logixtal,9001,CERRADAS,Entregado,Entregado,NET_MSUAREZG,SIM,1 oct 2026,1 oct 2026,null,No,CERRADAS,2026-10-02 01:39:38,Monolínea,Mono_item,Lima - Callao,null,Power ilim 79.90 SD N,Power ilim 79.90 SD N,AmericaMovil,10:00 - 22:00,Cerrado,Resuelto,Desconocido,LIMA
Netcall,2 oct 2026,7,927625323,927625323Empty,9283,Outbound,Portabilidad Postpago,RETIRO EN TIENDA,Retiro en tienda,3162,ABIERTAS,Pendiente Entrega,Pendiente Entrega,NET_CIOLAYAR,SIM,2 oct 2026,null,null,No,ABIERTAS,null,Multilínea,Mono_item,Lima - Callao,null,null,null,null,09:00 - 21:00,En Progreso,En Progreso,null,null
Netcall,1 oct 2026,14,927329094,9273290948286251756892,5299,Outbound,Portabilidad Postpago,EXPRESS,Logixtal,9001,CERRADAS,Entregado,Entregado,NET_SCHUMIOQUEP,SIM,1 oct 2026,1 oct 2026,null,No,CERRADAS,2026-10-02 01:46:40,Monolínea,Mono_item,Lima - Callao,null,Power ilim 79.90 SD N,Power ilim 79.90 SD N,Viettel Peru,10:00 - 22:00,Cerrado,Resuelto,Desconocido,LIMA
Netcall,2 oct 2026,7,927633651,927633651Empty,9283,Outbound,Portabilidad Postpago,RETIRO EN TIENDA,Retiro en tienda,3162,ABIERTAS,Pendiente Entrega,Pendiente Entrega,NET_CIOLAYAR,SIM,2 oct 2026,null,null,No,ABIERTAS,null,Multilínea,Mono_item,Lima - Callao,null,null,null,null,09:00 - 21:00,En Progreso,En Progreso,null,null
Netcall,2 oct 2026,11,927738549,92773854989511710121083401781,9283,Outbound,Portabilidad Postpago,EXPRESS,Logixtal,9001,ABIERTAS,Entregado,Entregado,NET_MGONZALESR,SIM,2 oct 2026,null,null,No,ABIERTAS,null,Monolínea,Mono_item,Lima - Callao,null,null,null,null,10:00 - 22:00,En Progreso,Punto de No Retorno,null,null
Netcall,1 oct 2026,10,927246865,9272468658285429310676,9283,Outbound,Portabilidad Postpago,EXPRESS,Logixtal,9001,CERRADAS,Entregado,Entregado,NET_CRAMOSC,SIM,1 oct 2026,1 oct 2026,null,No,CERRADAS,2026-10-02 01:52:36,Monolínea,Mono_item,Lima - Callao,null,Power ilim 69.90 N,Power ilim 69.90 N,TELEFONICAPE,10:00 - 22:00,Cerrado,Resuelto,Desconocido,CALLAO
Netcall,2 oct 2026,10,927713558,92771355889511710121083402037,9283,Outbound,Portabilidad Postpago,EXPRESS,Logixtal,9001,ABIERTAS,Entregado,Entregado,NET_MORIHUELAQ,SIM,2 oct 2026,null,null,No,ABIERTAS,null,Monolínea,Mono_item,Lima - Callao,null,null,null,null,10:00 - 22:00,En Progreso,Punto de No Retorno,null,null
Netcall,2 oct 2026,9,927699080,92769908089511710101081002351,9283,Outbound,Portabilidad Postpago,EXPRESS,Logixtal,9001,ABIERTAS,Pendiente Entrega,Pendiente de Picking,NET_AARNAIZA,SIM,2 oct 2026,null,null,No,ABIERTAS,null,Monolínea,Mono_item,Lima - Callao,null,null,null,null,10:00 - 22:00,En Progreso,Punto de No Retorno,null,null
Netcall,1 oct 2026,16,927376826,9273768268286645914620,9283,Outbound,Portabilidad Postpago,PROGRAMADO,Logixtal,9001,ABIERTAS,Pendiente Entrega,Pendiente Entrega,NET_CLARIOSJ,SIM,2 oct 2026,null,null,No,ABIERTAS,null,Multilínea,Mono_item,Lima - Callao,null,null,Power ilim 79.90 SD N,AmericaMovil,08:00 - 13:00,En Progreso,Punto de No Retorno,Desconocido,LIMA
Netcall,1 oct 2026,9,927232999,9272329998285310634269,9283,Outbound,Portabilidad Postpago,EXPRESS,Logixtal,9001,CERRADAS,Entregado,Entregado,NET_CCONDEM,SIM,1 oct 2026,1 oct 2026,null,No,CERRADAS,2026-10-02 01:06:47,Multilínea,Mono_item,Lima - Callao,null,Power ilim 79.90 SD N,Power ilim 79.90 SD N,AmericaMovil,10:00 - 22:00,Cerrado,Resuelto,Desconocido,CALLAO
Netcall,2 oct 2026,9,927699300,92769930089511710101081002070,9283,Outbound,Portabilidad Postpago,EXPRESS,Logixtal,9001,ABIERTAS,Entregado,Entregado,NET_YRUEDAMONDR,SIM,2 oct 2026,null,null,No,ABIERTAS,null,Monolínea,Mono_item,Lima - Callao,null,null,null,null,10:00 - 22:00,En Progreso,Pago Recibido,null,null
Netcall,2 oct 2026,7,927647283,92764728389511710121083402300,9283,Outbound,Portabilidad Postpago,EXPRESS,Logixtal,9001,CANCELADAS,Pendiente Entrega,Pendiente de Picking,NET_JLUCIANOT,SIM,2 oct 2026,null,null,No,CANCELADAS,2026-10-02 09:24:47,Monolínea,Mono_item,Lima - Callao,null,null,null,null,10:00 - 22:00,Cancelado,Pedido Cancelación,null,null
Netcall,2 oct 2026,9,927709324,92770932489511710101081532126,9283,Outbound,Portabilidad Postpago,EXPRESS,Logixtal,9001,CANCELADAS,Pendiente Entrega,Pendiente de Picking,NET_MORIHUELAQ,SIM,2 oct 2026,null,null,No,CANCELADAS,2026-10-02 11:32:48,Monolínea,Mono_item,Lima - Callao,null,null,null,null,10:00 - 22:00,Cancelado,Rechazado,null,null
Netcall,2 oct 2026,6,927622583,92762258389511710101081002369,9283,Outbound,Portabilidad Postpago,EXPRESS,Logixtal,9001,ABIERTAS,Pendiente Entrega,Pendiente Entrega,NET_SLAZOB,SIM,2 oct 2026,null,null,No,ABIERTAS,null,Monolínea,Mono_item,Lima - Callao,null,null,null,null,10:00 - 22:00,En Progreso,Punto de No Retorno,null,CALLAO
Netcall,2 oct 2026,11,927741945,92774194589511710101081532092,9283,Outbound,Portabilidad Postpago,EXPRESS,Logixtal,9001,ABIERTAS,Pendiente Entrega,Pendiente de Picking,TLV_NET_MMURGAF,SIM,2 oct 2026,null,null,No,ABIERTAS,null,Monolínea,Mono_item,Lima - Callao,null,null,null,null,10:00 - 22:00,En Progreso,Punto de No Retorno,null,null
Netcall,2 oct 2026,10,927733947,927733947Empty,9283,Outbound,Portabilidad Postpago,EXPRESS,Logixtal,9001,ABIERTAS,Pendiente Entrega,Pendiente de Picking,NET_BTRUJILLOT,SIM,2 oct 2026,null,null,No,ABIERTAS,null,Monolínea,Mono_item,Lima - Callao,null,null,null,null,10:00 - 22:00,En Progreso,En Progreso,null,null
Netcall,2 oct 2026,10,927717609,927717609Empty,9283,Outbound,Portabilidad Postpago,RETIRO EN TIENDA,Retiro en tienda,3220,ABIERTAS,Pendiente Entrega,Pendiente Entrega,TLV_NET_FVALQUI,SIM,2 oct 2026,null,null,No,ABIERTAS,null,Multilínea,Mono_item,Lima - Callao,null,null,null,null,09:00 - 21:00,En Progreso,Documentación Generada,null,null
Netcall,2 oct 2026,9,927697597,927697597Empty,9283,Outbound,Portabilidad Postpago,RETIRO EN TIENDA,Retiro en tienda,5055,ABIERTAS,Pendiente Entrega,Pendiente Entrega,NET_MMREVILLA,SIM,2 oct 2026,null,null,No,ABIERTAS,null,Monolínea,Mono_item,Lima - Callao,null,null,null,null,09:00 - 21:00,En Progreso,En Progreso,null,null
Netcall,1 oct 2026,10,927261778,927261778,9223,Fidelización,Renovación,RETIRO EN TIENDA,Retiro en tienda,3129,ABIERTAS,Pendiente Entrega,Pendiente Entrega,NET_JBRICENOS,Equipo,1 oct 2026,null,null,No,ABIERTAS,null,Multilínea,Mono_item,Lima - Callao,null,null,null,null,09:00 - 21:00,En Progreso,En Progreso,null,null
Netcall,1 oct 2026,17,927379040,9273790408286670212414,9283,Outbound,Venta Regular / Alta,PROGRAMADO,Logixtal,9001,ABIERTAS,Pendiente Entrega,Pendiente Entrega,NET_CLARIOSJ,SIM,2 oct 2026,null,null,No,ABIERTAS,null,Multilínea,Mono_item,Lima - Callao,null,null,Power ilim 79.90 SD N,Desconocido,08:00 - 13:00,En Progreso,Punto de No Retorno,Desconocido,LIMA
Netcall,1 oct 2026,11,927266657,9272666578285597684142,9259,Outbound,Portabilidad Postpago,EXPRESS,Logixtal,9001,CERRADAS,Entregado,Entregado,NET_CBIELICHR,SIM,1 oct 2026,1 oct 2026,null,No,CERRADAS,2026-10-02 01:26:02,Monolínea,Mono_item,Lima - Callao,null,Power ilim 79.90 SD N,Power ilim 79.90 SD N,AmericaMovil,10:00 - 22:00,Cerrado,Resuelto,Desconocido,LIMA
Netcall,1 oct 2026,19,927419463,9274194638287056486403,9283,Outbound,Portabilidad Postpago,RETIRO EN TIENDA,Retiro en tienda,5055,CERRADAS,Entregado,Entregado,NET_GMENDIGUETE,SIM,1 oct 2026,1 oct 2026,null,No,CERRADAS,2026-10-02 00:47:39,Monolínea,Mono_item,Lima - Callao,null,Power ilim 79.90 SD N,Power ilim 79.90 SD N,AmericaMovil,09:00 - 21:00,Cerrado,Resuelto,Desconocido,null
Netcall,2 oct 2026,9,927691208,927691208Empty,9283,Outbound,Portabilidad Postpago,RETIRO EN TIENDA,Retiro en tienda,7105,ABIERTAS,Pendiente Entrega,Pendiente Entrega,TLV_NET_MFARFAN,SIM,2 oct 2026,null,null,No,ABIERTAS,null,Monolínea,Mono_item,Lima - Callao,null,null,null,null,09:00 - 21:00,En Progreso,En Progreso,null,null
Netcall,1 oct 2026,9,927245301,927245301,9283,Outbound,Portabilidad Postpago,RETIRO EN TIENDA,Retiro en tienda,3006,CERRADAS,Entregado,Entregado,NET_STAVARALIVI,SIM,1 oct 2026,1 oct 2026,null,No,CERRADAS,2026-10-02 00:26:06,Monolínea,Mono_item,Lima - Callao,null,Power ilim 69.90 N,null,null,09:00 - 21:00,Cerrado,Resuelto,null,null
Netcall,2 oct 2026,10,927717503,927717503Empty,9283,Outbound,Portabilidad Postpago,RETIRO EN TIENDA,Retiro en tienda,1013,ABIERTAS,Pendiente Entrega,Pendiente Entrega,TLV_NET_DGARCIA,SIM,2 oct 2026,null,null,No,ABIERTAS,null,Monolínea,Mono_item,Lima - Callao,null,null,null,null,09:00 - 21:00,En Progreso,Pago Recibido,null,null
Netcall,2 oct 2026,11,927740531,927740531Empty,9283,Outbound,Portabilidad Postpago,RETIRO EN TIENDA,Retiro en tienda,2113,ABIERTAS,Pendiente Entrega,Pendiente Entrega,NET_CIOLAYAR,SIM,2 oct 2026,null,null,No,ABIERTAS,null,Multilínea,Mono_item,Lima - Callao,null,null,null,null,09:00 - 21:00,En Progreso,En Progreso,null,null
Netcall,1 oct 2026,15,927343804,9273438048286316595693,9283,Outbound,Portabilidad Postpago,EXPRESS,Logixtal,9001,CERRADAS,Entregado,Entregado,NET_PCHAVESTAY,SIM,1 oct 2026,1 oct 2026,null,No,CERRADAS,2026-10-02 01:02:33,Monolínea,Mono_item,Lima - Callao,null,Power ilim 79.90 SD N,Power ilim 79.90 SD N,TELEFONICAPE,10:00 - 22:00,Cerrado,Resuelto,Desconocido,LIMA
Netcall,1 oct 2026,15,927354487,927354487,9223,Fidelización,Renovación,RETIRO EN TIENDA,Retiro en tienda,3160,ABIERTAS,Pendiente Entrega,Pendiente Entrega,NET_JBRICENOS,Equipo,1 oct 2026,null,null,No,ABIERTAS,null,Multilínea,Mono_item,Lima - Callao,null,null,null,null,09:00 - 21:00,En Progreso,En Progreso,null,null
Netcall,1 oct 2026,14,927334426,9273344268286218585646,9283,Outbound,Portabilidad Postpago,EXPRESS,Logixtal,9001,CERRADAS,Entregado,Entregado,NET_MSILVAP,SIM,1 oct 2026,1 oct 2026,null,No,CERRADAS,2026-10-02 01:44:53,Monolínea,Mono_item,Lima - Callao,null,Power ilim 69.90 N,Power ilim 69.90 N,Viettel Peru,10:00 - 22:00,Cerrado,Resuelto,Desconocido,LIMA
Netcall,1 oct 2026,9,927238282,9272382828285352532840,9283,Outbound,Portabilidad Postpago,RETIRO EN TIENDA,Retiro en tienda,2101,CERRADAS,Entregado,Entregado,NET_HEULOGIO,SIM,1 oct 2026,1 oct 2026,null,No,CERRADAS,2026-10-02 01:58:36,Monolínea,Mono_item,Lima - Callao,null,Power ilim 69.90 N,Power ilim 69.90 N,AmericaMovil,09:00 - 21:00,Cerrado,Resuelto,Desconocido,null
Netcall,1 oct 2026,9,927227415,9272274158285273308728,9283,Outbound,Venta Regular / Alta,EXPRESS,Logixtal,9001,CANCELADAS,Anulado,CLIENTE DESISTE - INFORMACIÓN INCORRECTA,NET_MFERRER,SIM,1 oct 2026,null,null,No,CANCELADAS,2026-10-01 10:28:01,Multilínea,Mono_item,Lima - Callao,null,null,Power ilim 79.90 SD N,Desconocido,10:00 - 22:00,Cancelado,Rechazado,Desconocido,LIMA
Netcall,2 oct 2026,10,927716535,927716535Empty,9283,Outbound,Portabilidad Postpago,RETIRO EN TIENDA,Retiro en tienda,3220,ABIERTAS,Pendiente Entrega,Pendiente Entrega,TLV_NET_FVALQUI,SIM,2 oct 2026,null,null,No,ABIERTAS,null,Multilínea,Mono_item,Lima - Callao,null,null,null,null,09:00 - 21:00,En Progreso,En Progreso,null,null
Netcall,1 oct 2026,12,927297274,9272972748285874672632,9283,Outbound,Portabilidad Postpago,EXPRESS,Logixtal,9001,CERRADAS,Entregado,Entregado,TLV_NET_MLANDAR,SIM,1 oct 2026,1 oct 2026,null,No,CERRADAS,2026-10-02 00:47:18,Monolínea,Mono_item,Lima - Callao,null,Power ilim 69.90 N,Power ilim 69.90 N,AmericaMovil,10:00 - 22:00,Cerrado,Resuelto,Desconocido,LIMA
Netcall,1 oct 2026,19,927418668,9274186688287047421371,9283,Outbound,Portabilidad Postpago,RETIRO EN TIENDA,Retiro en tienda,7199,CANCELADAS,Cancelado,Cancelado,NET_AARNAIZA,SIM,1 oct 2026,null,null,No,CANCELADAS,2026-10-01 19:44:33,Multilínea,Mono_item,Lima - Callao,null,null,Power ilim 79.90 SD N,AmericaMovil,09:00 - 21:00,Cancelado,Documentación Generada,Portabilidad Rechazada. REC01ABD15: El Código NIP es invalido | REC01ABD15,null
Netcall,2 oct 2026,11,927749049,927749049Empty,9283,Outbound,Portabilidad Postpago,RETIRO EN TIENDA,Retiro en tienda,8037,ABIERTAS,Pendiente Entrega,Pendiente Entrega,NET_RTORRESB,SIM,2 oct 2026,null,null,No,ABIERTAS,null,Monolínea,Mono_item,Lima - Callao,null,null,null,null,09:00 - 21:00,En Progreso,En Progreso,null,null
Netcall,1 oct 2026,10,927263921,9272639218285575447801,9271,Outbound,Venta Regular / Alta,RETIRO EN TIENDA,Retiro en tienda,7105,ABIERTAS,Pendiente Entrega,Pendiente Entrega,NET_JAREVALOC,SIM,1 oct 2026,null,null,No,ABIERTAS,null,Monolínea,Mono_item,Lima - Callao,null,null,Power ilim 69.90 N,Desconocido,09:00 - 21:00,En Progreso,En Progreso,Desconocido,null
Netcall,1 oct 2026,16,927367771,9273677718286553376744,9283,Outbound,Portabilidad Postpago,EXPRESS,Logixtal,9001,CERRADAS,Entregado,Entregado,NET_NBURGAR,SIM,1 oct 2026,1 oct 2026,null,No,CERRADAS,2026-10-02 01:29:38,Multilínea,Multi_item,Lima - Callao,null,Power ilim 79.90 SD N,Power ilim 79.90 SD N,AmericaMovil,10:00 - 22:00,Cerrado,Resuelto,Desconocido,LIMA
Netcall,2 oct 2026,11,927743292,927743292Empty,9283,Outbound,Portabilidad Postpago,RETIRO EN TIENDA,Retiro en tienda,2113,ABIERTAS,Pendiente Entrega,Pendiente Entrega,NET_CIOLAYAR,SIM,2 oct 2026,null,null,No,ABIERTAS,null,Multilínea,Mono_item,Lima - Callao,null,null,null,null,09:00 - 21:00,En Progreso,En Progreso,null,null
Netcall,1 oct 2026,9,927229648,9272296488285281622669,9283,Outbound,Venta Regular / Alta,EXPRESS,Logixtal,9001,CANCELADAS,Anulado,CLIENTE DESISTE - INFORMACIÓN INCORRECTA,NET_MFERRER,SIM,1 oct 2026,null,null,No,CANCELADAS,2026-10-01 10:26:28,Multilínea,Mono_item,Lima - Callao,null,null,Power ilim 79.90 SD N,Desconocido,10:00 - 22:00,Cancelado,Rechazado,Desconocido,LIMA
Netcall,1 oct 2026,15,927342451,9273424518286305036042,9271,Outbound,Portabilidad Postpago,RETIRO EN TIENDA,Retiro en tienda,3220,ABIERTAS,Pendiente Entrega,Pendiente Entrega,NET_SBACAD,SIM,1 oct 2026,null,null,No,ABIERTAS,null,Monolínea,Mono_item,Lima - Callao,null,null,Power ilim 69.90 N,TELEFONICAPE,09:00 - 21:00,En Progreso,En Progreso,Desconocido,null
Netcall,1 oct 2026,12,927292637,9272926378285823866197,9271,Outbound,Portabilidad Postpago,RETIRO EN TIENDA,Retiro en tienda,3158,ABIERTAS,Pendiente Entrega,Pendiente Entrega,NET_KTORRESP,SIM,1 oct 2026,null,null,No,ABIERTAS,null,Monolínea,Mono_item,Lima - Callao,null,null,Power ilim 79.90 SD N,TELEFONICAPE,09:00 - 21:00,En Progreso,En Progreso,Desconocido,null
Netcall,1 oct 2026,15,927344188,9273441888286321732609,9271,Outbound,Portabilidad Postpago,RETIRO EN TIENDA,Retiro en tienda,3220,ABIERTAS,Pendiente Entrega,Pendiente Entrega,NET_MRUIZSANCHC,SIM,1 oct 2026,null,null,No,ABIERTAS,null,Multilínea,Multi_item,Lima - Callao,null,null,Power ilim 79.90 SD N,TELEFONICAPE,09:00 - 21:00,En Progreso,En Progreso,Desconocido,null
Netcall,2 oct 2026,7,927630826,927630826Empty,9283,Outbound,Portabilidad Postpago,RETIRO EN TIENDA,Retiro en tienda,3162,ABIERTAS,Pendiente Entrega,Pendiente Entrega,NET_CIOLAYAR,SIM,2 oct 2026,null,null,No,ABIERTAS,null,Multilínea,Mono_item,Lima - Callao,null,null,null,null,09:00 - 21:00,En Progreso,En Progreso,null,null
Netcall,1 oct 2026,10,927265443,9272654438285581342033,9283,Outbound,Portabilidad Postpago,PROGRAMADO,Logixtal,5021,ABIERTAS,Pendiente Entrega,Pendiente Entrega,NET_FRIVERAO,SIM,5 oct 2026,null,null,No,ABIERTAS,null,Monolínea,Mono_item,Piura,null,null,Power ilim 69.90 N,TELEFONICAPE,09:00 - 19:00,En Progreso,Punto de No Retorno,Desconocido,LAS LOMAS
Netcall,2 oct 2026,10,927716212,927716212Empty,9283,Outbound,Portabilidad Postpago,RETIRO EN TIENDA,Retiro en tienda,7126,ABIERTAS,Pendiente Entrega,Pendiente Entrega,TLV_NET_CSILVAP,SIM,2 oct 2026,null,null,No,ABIERTAS,null,Monolínea,Mono_item,Lambayeque,null,null,null,null,09:00 - 21:00,En Progreso,En Progreso,null,null
Netcall,2 oct 2026,9,927696415,927696415Empty,9283,Outbound,Portabilidad Postpago,RETIRO EN TIENDA,Retiro en tienda,1003,ABIERTAS,Pendiente Entrega,Pendiente Entrega,NET_EMMENDIZF,SIM,2 oct 2026,null,null,No,ABIERTAS,null,Monolínea,Mono_item,Lambayeque,null,null,null,null,09:00 - 21:00,En Progreso,En Progreso,null,null
Netcall,1 oct 2026,12,927297488,9272974888285866971688,9271,Outbound,Portabilidad Postpago,PROGRAMADO,Logixtal,5024,ABIERTAS,Pendiente Entrega,Pendiente Entrega,NET_CGRANADOSC,SIM,8 oct 2026,null,null,No,ABIERTAS,null,Monolínea,Mono_item,Lambayeque,null,null,Power ilim 69.90 N,Viettel Peru,09:00 - 19:00,En Progreso,Punto de No Retorno,Desconocido,LAMBAYEQUE
Netcall,1 oct 2026,9,927237923,9272379238285349862177,9283,Outbound,Portabilidad Postpago,RETIRO EN TIENDA,Retiro en tienda,7126,CERRADAS,Entregado,Entregado,NET_SLAZOB,SIM,1 oct 2026,1 oct 2026,null,No,CERRADAS,2026-10-02 01:12:01,Monolínea,Mono_item,Lambayeque,null,Power ilim 79.90 SD N,Power ilim 79.90 SD N,Viettel Peru,09:00 - 21:00,Cerrado,Resuelto,Desconocido,null
Netcall,2 oct 2026,11,927747802,927747802Empty,9283,Outbound,Venta Regular / Alta,RETIRO EN TIENDA,Retiro en tienda,7126,ABIERTAS,Pendiente Entrega,Pendiente Entrega,NET_KDIAZPISCOY,SIM,2 oct 2026,null,null,No,ABIERTAS,null,Monolínea,Mono_item,Lambayeque,null,null,null,null,09:00 - 21:00,En Progreso,En Progreso,null,null
Netcall,1 oct 2026,9,927222859,9272228598285273962658,9283,Outbound,Portabilidad Postpago,RETIRO EN TIENDA,Retiro en tienda,1003,CANCELADAS,Cancelado,Cancelado,NET_EMMENDIZF,SIM,1 oct 2026,null,null,No,CANCELADAS,2026-10-01 10:04:10,Monolínea,Mono_item,Lambayeque,null,null,Power ilim 79.90 SD N,Viettel Peru,09:00 - 21:00,Cancelado,Pedido Cancelación,Portabilidad Rechazada. REC01PRT10: El número telefónico no se ha portado previamente y no estuvo en servicio por lo menos 30 días calendario en la red del Concesionario Cedente | portabilityOperDateActive=2026-09-01,null
Netcall,1 oct 2026,10,927258497,9272584978285537669044,9283,Outbound,Portabilidad Postpago,EXPRESS,Logixtal,9001,CANCELADAS,Anulado,DIRECCIÓN ERRADA,NET_IVARGASI,SIM,1 oct 2026,null,null,No,CANCELADAS,2026-10-01 11:10:31,Monolínea,Mono_item,Lima - Callao,null,null,Power ilim 69.90 N,TELEFONICAPE,10:00 - 22:00,Cancelado,Rechazado,Desconocido,LA VICTORIA
Netcall,2 oct 2026,11,927741035,92774103589511710111087040149,9283,Outbound,Portabilidad Postpago,EXPRESS,Logixtal,9001,ABIERTAS,Pendiente Entrega,Pendiente de Picking,NET_MFERRER,SIM,2 oct 2026,null,null,No,ABIERTAS,null,Monolínea,Mono_item,Lima - Callao,null,null,null,null,10:00 - 22:00,En Progreso,Punto de No Retorno,null,null
Netcall,1 oct 2026,16,927376391,9273763918286642642385,9283,Outbound,Portabilidad Postpago,PROGRAMADO,Logixtal,9001,ABIERTAS,Pendiente Entrega,Pendiente Entrega,NET_AROJASF,SIM,2 oct 2026,null,null,No,ABIERTAS,null,Monolínea,Mono_item,Lima - Callao,null,null,Power ilim 69.90 N,TELEFONICAPE,08:00 - 13:00,En Progreso,Punto de No Retorno,Desconocido,LA VICTORIA
Netcall,1 oct 2026,15,927343757,927343757,5299,Outbound,Portabilidad Postpago,EXPRESS,Logixtal,9001,CERRADAS,Entregado,Entregado,NET_MCORDOVACRU,SIM,2 oct 2026,1 oct 2026,null,No,CERRADAS,2026-10-02 00:38:48,Multilínea,Mono_item,Lima - Callao,null,Power ilim 79.90 SD N,null,null,10:00 - 22:00,Cerrado,Resuelto,null,LA VICTORIA
Netcall,1 oct 2026,12,927301141,927301141,9283,Outbound,Portabilidad Postpago,EXPRESS,Logixtal,9001,CERRADAS,Entregado,Entregado,NET_SFARIASR,SIM,1 oct 2026,1 oct 2026,null,No,CERRADAS,2026-10-02 00:40:10,Multilínea,Mono_item,Lima - Callao,null,Power ilim 79.90 SD N,null,null,10:00 - 22:00,Cerrado,Resuelto,null,LA VICTORIA
Netcall,1 oct 2026,10,927255197,9272551978285499822925,9283,Outbound,Portabilidad Postpago,EXPRESS,Logixtal,9001,CERRADAS,Entregado,Entregado,NET_SSUAREZG,SIM,1 oct 2026,1 oct 2026,null,No,CERRADAS,2026-10-02 00:44:05,Monolínea,Mono_item,Lima - Callao,null,Power ilim 79.90 SD N,Power ilim 79.90 SD N,TELEFONICAPE,10:00 - 22:00,Cerrado,Resuelto,Desconocido,LA VICTORIA
Netcall,1 oct 2026,12,927292224,9272922248285819379132,9271,Outbound,Venta Regular / Alta,EXPRESS,Logixtal,9001,CERRADAS,Entregado,Entregado,NET_LNECIOSUPC,SIM,1 oct 2026,1 oct 2026,null,No,CERRADAS,2026-10-01 16:00:01,Multilínea,Mono_item,Lima - Callao,null,Power ilim 79.90 SD N,Power ilim 79.90 SD N,Desconocido,10:00 - 22:00,Cerrado,Resuelto,Desconocido,LA VICTORIA
Netcall,1 oct 2026,12,927304171,927304171,9283,Outbound,Portabilidad Postpago,EXPRESS,Logixtal,9001,CERRADAS,Entregado,Entregado,NET_SFARIASR,SIM,1 oct 2026,1 oct 2026,null,No,CERRADAS,2026-10-02 00:24:19,Multilínea,Mono_item,Lima - Callao,null,Power ilim 79.90 SD N,null,null,10:00 - 22:00,Cerrado,Resuelto,null,LA VICTORIA
Netcall,1 oct 2026,10,927264388,9272643888285573747941,9283,Outbound,Portabilidad Postpago,EXPRESS,Logixtal,9001,CANCELADAS,Anulado,DIRECCIÓN ERRADA,NET_TMUNOZCALDE,SIM,1 oct 2026,null,null,No,CANCELADAS,2026-10-01 11:49:47,Monolínea,Mono_item,Lima - Callao,null,null,Power ilim 69.90 N,TELEFONICAPE,10:00 - 22:00,Cancelado,Rechazado,Desconocido,LA VICTORIA
Netcall,2 oct 2026,10,927714920,92771492089511710111087040107,5299,Outbound,Portabilidad Postpago,EXPRESS,Logixtal,9001,ABIERTAS,Entregado,Entregado,NET_JBOZAC,SIM,2 oct 2026,null,null,No,ABIERTAS,null,Monolínea,Mono_item,Lima - Callao,null,null,null,null,10:00 - 22:00,En Progreso,Punto de No Retorno,null,null
Netcall,1 oct 2026,12,927292389,9272923898285820481290,9283,Outbound,Portabilidad Postpago,EXPRESS,Logixtal,9001,CANCELADAS,Anulado,DIRECCIÓN ERRADA,NET_TMUNOZCALDE,SIM,1 oct 2026,null,null,No,CANCELADAS,2026-10-01 13:45:59,Monolínea,Mono_item,Lima - Callao,null,null,Power ilim 69.90 N,TELEFONICAPE,10:00 - 22:00,Cancelado,Rechazado,Desconocido,LA VICTORIA
Netcall,1 oct 2026,9,927241790,9272417908285384456013,9271,Outbound,Portabilidad Postpago,EXPRESS,Logixtal,5024,CERRADAS,Entregado,Entregado,NET_KLGARCIAA,SIM,1 oct 2026,1 oct 2026,null,No,CERRADAS,2026-10-02 01:17:51,Multilínea,Mono_item,Lambayeque,null,Power ilim 79.90 SD N,Power ilim 79.90 SD N,Viettel Peru,10:00 - 20:00,Cerrado,Resuelto,Desconocido,LA VICTORIA
Netcall,1 oct 2026,9,927240668,9272406688285368412627,9271,Outbound,Venta Regular / Alta,EXPRESS,Logixtal,5024,CERRADAS,Entregado,Entregado,NET_KLGARCIAA,SIM,1 oct 2026,1 oct 2026,null,No,CERRADAS,2026-10-01 12:51:01,Multilínea,Mono_item,Lambayeque,null,Power ilim 79.90 SD N,Power ilim 79.90 SD N,Desconocido,10:00 - 20:00,Cerrado,Resuelto,Desconocido,LA VICTORIA
Netcall,1 oct 2026,9,927238239,9272382398285348808047,9271,Outbound,Venta Regular / Alta,EXPRESS,Logixtal,5024,CERRADAS,Entregado,Entregado,NET_KLGARCIAA,SIM,1 oct 2026,1 oct 2026,null,No,CERRADAS,2026-10-01 13:06:50,Multilínea,Mono_item,Lambayeque,null,Power ilim 79.90 SD N,Power ilim 79.90 SD N,Desconocido,10:00 - 20:00,Cerrado,Resuelto,Desconocido,LA VICTORIA
Netcall,1 oct 2026,16,927361169,9273611698286491808426,9283,Outbound,Portabilidad Postpago,PROGRAMADO,Logixtal,9001,ABIERTAS,Pendiente Entrega,Pendiente Entrega,NET_EBOZA,SIM,2 oct 2026,null,null,No,ABIERTAS,null,Multilínea,Mono_item,Lima - Callao,null,null,Power ilim 69.90 N,AmericaMovil,08:00 - 13:00,En Progreso,Punto de No Retorno,Desconocido,LA VICTORIA
Netcall,1 oct 2026,11,927273491,9272734918285649850350,9283,Outbound,Portabilidad Postpago,EXPRESS,Logixtal,9001,CANCELADAS,Anulado,DIRECCIÓN ERRADA,NET_EBOZA,SIM,1 oct 2026,null,null,No,CANCELADAS,2026-10-01 11:51:01,Multilínea,Mono_item,Lima - Callao,null,null,Power 59.90 N,AmericaMovil,10:00 - 22:00,Cancelado,Rechazado,Desconocido,LA VICTORIA
Netcall,1 oct 2026,15,927342775,9273427758286305297149,5299,Outbound,Portabilidad Postpago,EXPRESS,Logixtal,9001,CERRADAS,Entregado,Entregado,NET_MCORDOVACRU,SIM,1 oct 2026,1 oct 2026,null,No,CERRADAS,2026-10-02 01:32:48,Multilínea,Mono_item,Lima - Callao,null,Power ilim 79.90 SD N,Power ilim 79.90 SD N,Viettel Peru,10:00 - 22:00,Cerrado,Resuelto,Desconocido,LA VICTORIA
Netcall,1 oct 2026,12,927303081,927303081,9283,Outbound,Portabilidad Postpago,EXPRESS,Logixtal,9001,CERRADAS,Entregado,Entregado,NET_SFARIASR,SIM,1 oct 2026,1 oct 2026,null,No,CERRADAS,2026-10-02 00:39:31,Multilínea,Mono_item,Lima - Callao,null,Power ilim 79.90 SD N,null,null,10:00 - 22:00,Cerrado,Resuelto,null,LA VICTORIA
Netcall,1 oct 2026,14,927330062,9273300628286181620066,9283,Outbound,Portabilidad Postpago,PROGRAMADO,Logixtal,5024,ABIERTAS,Pendiente Entrega,Pendiente Entrega,TLV_NET_LVILLLA,SIM,2 oct 2026,null,null,No,ABIERTAS,null,Monolínea,Mono_item,Lambayeque,null,null,Power ilim 79.90 SD N,Viettel Peru,13:01 - 20:00,En Progreso,Punto de No Retorno,Desconocido,LA VICTORIA
Netcall,1 oct 2026,9,927242402,927242402,9283,Outbound,Portabilidad Postpago,EXPRESS,Logixtal,9001,CERRADAS,Entregado,Entregado,NET_SLIZARDOPER,SIM,1 oct 2026,1 oct 2026,null,No,CERRADAS,2026-10-02 00:31:48,Monolínea,Mono_item,Lima - Callao,null,Power ilim 69.90 N,null,null,10:00 - 22:00,Cerrado,Resuelto,null,LA VICTORIA
Netcall,2 oct 2026,11,927734170,927734170Empty,9283,Outbound,Portabilidad Postpago,PROGRAMADO,Logixtal,9001,ABIERTAS,Pendiente Entrega,Pendiente de Picking,NET_DEGALLARDOA,SIM,4 oct 2026,null,null,No,ABIERTAS,null,Monolínea,Mono_item,Lima - Callao,null,null,null,null,08:00 - 22:00,En Progreso,En Progreso,null,null
Netcall,2 oct 2026,11,927734737,92773473789511710101081531045,9283,Outbound,Portabilidad Postpago,EXPRESS,Logixtal,9001,ABIERTAS,Entregado,Entregado,NET_ARIVERA,SIM,2 oct 2026,null,null,No,ABIERTAS,null,Monolínea,Mono_item,Lima - Callao,null,null,null,null,10:00 - 22:00,En Progreso,Punto de No Retorno,null,null
Netcall,1 oct 2026,13,927321534,9273215348286105238161,9283,Outbound,Portabilidad Postpago,EXPRESS,Logixtal,9001,CERRADAS,Entregado,Entregado,NET_MCRUZE,SIM,1 oct 2026,1 oct 2026,null,No,CERRADAS,2026-10-02 01:51:11,Monolínea,Mono_item,Lima - Callao,null,Power ilim 69.90 N,Power ilim 69.90 N,Viettel Peru,10:00 - 22:00,Cerrado,Resuelto,Desconocido,LA VICTORIA
Netcall,1 oct 2026,15,927342131,927342131,5299,Outbound,Portabilidad Postpago,EXPRESS,Logixtal,9001,CERRADAS,Entregado,Entregado,NET_MCORDOVACRU,SIM,1 oct 2026,1 oct 2026,null,No,CERRADAS,2026-10-02 00:21:23,Multilínea,Mono_item,Lima - Callao,null,Power ilim 79.90 SD N,null,null,10:00 - 22:00,Cerrado,Resuelto,null,LA VICTORIA
Netcall,1 oct 2026,9,927239366,927239366,9271,Outbound,Portabilidad Postpago,EXPRESS,Logixtal,5024,CERRADAS,Entregado,Entregado,NET_KLGARCIAA,SIM,1 oct 2026,1 oct 2026,null,No,CERRADAS,2026-10-02 00:29:09,Multilínea,Mono_item,Lambayeque,null,Power ilim 79.90 SD N,null,null,10:00 - 20:00,Cerrado,Resuelto,null,LA VICTORIA
Netcall,1 oct 2026,12,927290863,9272908638285805467876,9271,Outbound,Portabilidad Postpago,EXPRESS,Logixtal,9001,CERRADAS,Entregado,Entregado,NET_LNECIOSUPC,SIM,1 oct 2026,1 oct 2026,null,No,CERRADAS,2026-10-02 00:59:08,Multilínea,Mono_item,Lima - Callao,null,Power ilim 79.90 SD N,Power ilim 79.90 SD N,AmericaMovil,10:00 - 22:00,Cerrado,Resuelto,Desconocido,LA VICTORIA
Netcall,1 oct 2026,12,927305323,9273053238285948417071,9283,Outbound,Portabilidad Postpago,EXPRESS,Logixtal,9001,CERRADAS,Entregado,Entregado,NET_SFARIASR,SIM,1 oct 2026,1 oct 2026,null,No,CERRADAS,2026-10-02 00:51:52,Multilínea,Mono_item,Lima - Callao,null,Power ilim 79.90 SD N,Power ilim 79.90 SD N,AmericaMovil,10:00 - 22:00,Cerrado,Resuelto,Desconocido,LA VICTORIA
Netcall,2 oct 2026,9,927705933,92770593389511710101081534049,9283,Outbound,Portabilidad Postpago,EXPRESS,Logixtal,9001,ABIERTAS,Entregado,Entregado,NET_ADOMINGUEZF,SIM,2 oct 2026,null,null,No,ABIERTAS,null,Monolínea,Mono_item,Lima - Callao,null,null,null,null,10:00 - 22:00,En Progreso,Punto de No Retorno,null,null
Netcall,1 oct 2026,11,927289522,9272895228285790061033,9271,Outbound,Portabilidad Postpago,EXPRESS,Logixtal,9001,CERRADAS,Entregado,Entregado,NET_LNECIOSUPC,SIM,1 oct 2026,1 oct 2026,null,No,CERRADAS,2026-10-02 01:19:09,Multilínea,Mono_item,Lima - Callao,null,Power ilim 79.90 SD N,Power ilim 79.90 SD N,AmericaMovil,10:00 - 22:00,Cerrado,Resuelto,Desconocido,LA VICTORIA
Netcall,1 oct 2026,9,927232230,9272322308285301229838,9271,Outbound,Portabilidad Postpago,EXPRESS,Logixtal,9001,ABIERTAS,Pendiente Entrega,Pendiente Entrega,NET_FCASTILLOG,SIM,1 oct 2026,null,null,No,ABIERTAS,null,Monolínea,Mono_item,Lima - Callao,null,null,Power ilim 69.90 N,AmericaMovil,10:00 - 22:00,En Progreso,Punto de No Retorno,Desconocido,LA VICTORIA
Netcall,2 oct 2026,9,927699553,92769955389511710111087008401,9283,Outbound,Portabilidad Postpago,EXPRESS,Logixtal,9001,ABIERTAS,Entregado,Entregado,TLV_NET_BCHAVEZ,SIM,2 oct 2026,null,null,No,ABIERTAS,null,Monolínea,Mono_item,Lima - Callao,null,null,null,null,10:00 - 22:00,En Progreso,Pago Recibido,null,null
Netcall,1 oct 2026,17,927385784,927385784,9223,Fidelización,Renovación,PROGRAMADO,Logixtal,5021,ABIERTAS,Pendiente Entrega,Pendiente Entrega,NET_ICAHUAC,Equipo,7 oct 2026,null,null,No,ABIERTAS,null,Multilínea,Mono_item,Piura,null,null,null,null,09:00 - 19:00,En Progreso,Punto de No Retorno,null,LA UNION
Netcall,1 oct 2026,9,927240629,9272406298285371612603,9283,Outbound,Portabilidad Postpago,PROGRAMADO,Logixtal,5021,ABIERTAS,Pendiente Entrega,Pendiente Entrega,TLV_NET_GJQUISP,SIM,7 oct 2026,null,null,No,ABIERTAS,null,Multilínea,Mono_item,Piura,null,null,Power ilim 79.90 SD N,AmericaMovil,09:00 - 19:00,En Progreso,Punto de No Retorno,Desconocido,LA UNION
Netcall,1 oct 2026,14,927335345,9273353458286232299959,9283,Outbound,Portabilidad Postpago,PROGRAMADO,Logixtal,5021,ABIERTAS,Pendiente Entrega,Pendiente Entrega,NET_BYAUYOD,SIM,7 oct 2026,null,null,No,ABIERTAS,null,Monolínea,Mono_item,Piura,null,null,Power ilim 79.90 SD N,AmericaMovil,09:00 - 19:00,En Progreso,Punto de No Retorno,Desconocido,LA UNION
Netcall,1 oct 2026,13,927310145,9273101458285992414349,9283,Outbound,Portabilidad Postpago,PROGRAMADO,Logixtal,5021,ABIERTAS,Pendiente Entrega,Pendiente Entrega,NET_INAVARROI,SIM,7 oct 2026,null,null,No,ABIERTAS,null,Monolínea,Mono_item,Piura,null,null,Power ilim 69.90 N,Viettel Peru,09:00 - 19:00,En Progreso,Punto de No Retorno,Desconocido,LA UNION
Netcall,1 oct 2026,9,927241914,9272419148285385560042,9283,Outbound,Portabilidad Postpago,PROGRAMADO,Logixtal,5021,ABIERTAS,Pendiente Entrega,Pendiente Entrega,TLV_NET_GJQUISP,SIM,7 oct 2026,null,null,No,ABIERTAS,null,Multilínea,Mono_item,Piura,null,null,Power ilim 79.90 SD N,AmericaMovil,09:00 - 19:00,En Progreso,Punto de No Retorno,Desconocido,LA UNION
Netcall,2 oct 2026,11,927753906,927753906Empty,9271,Outbound,Portabilidad Postpago,EXPRESS,Retiro en tienda,9345,ABIERTAS,Pendiente Entrega,Pendiente Entrega,NET_CREYESJ,SIM,2 oct 2026,null,null,No,ABIERTAS,null,Monolínea,Mono_item,Ica,null,null,null,null,10:00 - 20:00,En Progreso,En Progreso,null,null
Netcall,1 oct 2026,11,927281226,9272812268285707645901,9283,Outbound,Portabilidad Postpago,EXPRESS,Logixtal,9001,CERRADAS,Entregado,Entregado,TLV_NET_OCCONA,SIM,1 oct 2026,1 oct 2026,null,No,CERRADAS,2026-10-02 01:19:18,Monolínea,Mono_item,Lima - Callao,null,Power ilim 69.90 N,Power ilim 69.90 N,TELEFONICAPE,10:00 - 22:00,Cerrado,Resuelto,Desconocido,LA PERLA
Netcall,1 oct 2026,15,927344288,9273442888286321917235,9283,Outbound,Portabilidad Postpago,EXPRESS,Logixtal,9001,CERRADAS,Entregado,Entregado,NET_EVALDIVIEZO,SIM,1 oct 2026,1 oct 2026,null,No,CERRADAS,2026-10-02 01:01:45,Multilínea,Mono_item,Lima - Callao,null,Power ilim 79.90 SD N,Power ilim 79.90 SD N,TELEFONICAPE,10:00 - 22:00,Cerrado,Resuelto,Desconocido,LA MOLINA
Netcall,1 oct 2026,12,927292154,927292154,9283,Outbound,Portabilidad Postpago,EXPRESS,Logixtal,9001,CERRADAS,Entregado,Entregado,NET_MMREVILLA,SIM,1 oct 2026,1 oct 2026,null,No,CERRADAS,2026-10-02 00:38:59,Monolínea,Mono_item,Lima - Callao,null,Power 39.90 N,null,null,10:00 - 22:00,Cerrado,Resuelto,null,LA MOLINA
Netcall,1 oct 2026,9,927234068,9272340688285316047273,9283,Outbound,Portabilidad Postpago,EXPRESS,Logixtal,9001,CERRADAS,Entregado,Entregado,NET_MORIHUELAQ,SIM,1 oct 2026,1 oct 2026,null,No,CERRADAS,2026-10-02 01:04:08,Multilínea,Mono_item,Lima - Callao,null,Power ilim 79.90 SD N,Power ilim 79.90 SD N,AmericaMovil,10:00 - 22:00,Cerrado,Resuelto,Desconocido,LA MOLINA
Netcall,1 oct 2026,11,927289173,927289173,9283,Outbound,Portabilidad Postpago,EXPRESS,Logixtal,9001,CERRADAS,Entregado,Entregado,NET_MDIAZP,SIM,1 oct 2026,1 oct 2026,null,No,CERRADAS,2026-10-02 00:08:19,Monolínea,Mono_item,Lima - Callao,null,Power ilim 69.90 N,null,null,10:00 - 22:00,Cerrado,Resuelto,null,LA MOLINA
Netcall,1 oct 2026,8,927220219,9272202198285250487497,9283,Outbound,Portabilidad Postpago,EXPRESS,Logixtal,9001,CANCELADAS,Anulado,Cliente sin equipo Pin Porta,TLV_NET_LVILLLA,SIM,1 oct 2026,null,null,No,CANCELADAS,2026-10-01 11:43:02,Monolínea,Mono_item,Lima - Callao,null,null,Power ilim 79.90 SD N,AmericaMovil,10:00 - 22:00,Cancelado,Rechazado,Desconocido,LA MOLINA
Netcall,1 oct 2026,16,927368636,9273686368286560649852,9283,Outbound,Venta Regular / Alta,EXPRESS,Logixtal,9001,CERRADAS,Entregado,Entregado,NET_BCUSQUISIVA,SIM,1 oct 2026,1 oct 2026,null,No,CERRADAS,2026-10-01 19:54:23,Multilínea,Mono_item,Lima - Callao,null,Power ilim 79.90 SD N,Power ilim 79.90 SD N,Desconocido,10:00 - 22:00,Cerrado,Resuelto,Desconocido,LA MOLINA
Netcall,1 oct 2026,16,927364777,9273647778286522932926,9283,Outbound,Portabilidad Postpago,EXPRESS,Logixtal,9001,CERRADAS,Entregado,Entregado,NET_BCUSQUISIVA,SIM,1 oct 2026,1 oct 2026,null,No,CERRADAS,2026-10-02 00:48:47,Multilínea,Mono_item,Lima - Callao,null,Power ilim 79.90 SD N,Power ilim 79.90 SD N,TELEFONICAPE,10:00 - 22:00,Cerrado,Resuelto,Desconocido,LA MOLINA
Netcall,1 oct 2026,15,927343412,9273434128286312695963,9283,Outbound,Portabilidad Postpago,EXPRESS,Logixtal,9001,CERRADAS,Entregado,Entregado,NET_EVALDIVIEZO,SIM,1 oct 2026,1 oct 2026,null,No,CERRADAS,2026-10-02 00:46:51,Multilínea,Mono_item,Lima - Callao,null,Power ilim 79.90 SD N,Power ilim 79.90 SD N,TELEFONICAPE,10:00 - 22:00,Cerrado,Resuelto,Desconocido,LA MOLINA
Netcall,1 oct 2026,9,927232927,9272329278285306595269,9283,Outbound,Portabilidad Postpago,EXPRESS,Logixtal,9001,CERRADAS,Entregado,Entregado,NET_MORIHUELAQ,SIM,1 oct 2026,1 oct 2026,null,No,CERRADAS,2026-10-02 02:46:03,Multilínea,Mono_item,Lima - Callao,null,Power ilim 79.90 SD N,Power ilim 79.90 SD N,AmericaMovil,10:00 - 22:00,Cerrado,Resuelto,Desconocido,LA MOLINA
Netcall,2 oct 2026,10,927712362,92771236289511710101081048727,9283,Outbound,Portabilidad Postpago,EXPRESS,Logixtal,9001,ABIERTAS,Pendiente Entrega,Pendiente de Picking,NET_MOQUISPITON,SIM,2 oct 2026,null,null,No,ABIERTAS,null,Monolínea,Mono_item,Lima - Callao,null,null,null,null,10:00 - 22:00,En Progreso,Punto de No Retorno,null,null
Netcall,1 oct 2026,15,927350718,9273507188286377377521,9259,Outbound,Portabilidad Postpago,EXPRESS,Logixtal,9001,ABIERTAS,Pendiente Entrega,Pendiente Entrega,NET_CBIELICHR,SIM,1 oct 2026,null,null,No,ABIERTAS,null,Monolínea,Mono_item,Lima - Callao,null,null,Power ilim 69.90 N,AmericaMovil,08:00 - 20:00,En Progreso,Punto de No Retorno,Desconocido,PACHACAMAC
Netcall,2 oct 2026,9,927701379,92770137989511710111087045668,9283,Outbound,Portabilidad Postpago,EXPRESS,Logixtal,9001,ABIERTAS,Entregado,Entregado,NET_JVALVERDEV,SIM,2 oct 2026,null,null,No,ABIERTAS,null,Monolínea,Mono_item,Lima - Callao,null,null,null,null,10:00 - 22:00,En Progreso,Punto de No Retorno,null,null
Netcall,1 oct 2026,8,927226310,9272263108285269165720,9283,Outbound,Portabilidad Postpago,PROGRAMADO,Logixtal,5021,ABIERTAS,Pendiente Entrega,Pendiente Entrega,TLV_NET_DVALOI,SIM,5 oct 2026,null,null,No,ABIERTAS,null,Monolínea,Mono_item,Piura,null,null,Power ilim 69.90 N,AmericaMovil,09:00 - 19:00,En Progreso,Punto de No Retorno,Desconocido,LA MATANZA
Netcall,1 oct 2026,15,927349900,9273499008286369265794,9271,Outbound,Portabilidad Postpago,EXPRESS,Logixtal,5023,CERRADAS,Entregado,Entregado,NET_CDIAZG,SIM,1 oct 2026,1 oct 2026,null,No,CERRADAS,2026-10-02 00:41:28,Multilínea,Multi_item,La Libertad,null,Power ilim 79.90 SD N,Power ilim 79.90 SD N,AmericaMovil,10:00 - 20:00,Cerrado,Resuelto,Desconocido,LA ESPERANZA
Netcall,1 oct 2026,10,927246050,9272460508285420888556,9283,Outbound,Portabilidad Postpago,EXPRESS,Logixtal,5023,CERRADAS,Entregado,Entregado,TLV_NET_MMURGAF,SIM,1 oct 2026,1 oct 2026,null,No,CERRADAS,2026-10-02 01:35:29,Monolínea,Mono_item,La Libertad,null,Power ilim 69.90 N,Power ilim 69.90 N,TELEFONICAPE,10:00 - 20:00,Cerrado,Resuelto,Desconocido,LA ESPERANZA
Netcall,1 oct 2026,11,927284112,9272841128285737319012,9283,Outbound,Portabilidad Postpago,EXPRESS,Logixtal,5023,CERRADAS,Entregado,Entregado,NET_YMILLA,SIM,1 oct 2026,1 oct 2026,null,No,CERRADAS,2026-10-02 02:11:04,Multilínea,Mono_item,La Libertad,null,Power ilim 79.90 SD N,Power ilim 79.90 SD N,Viettel Peru,10:00 - 20:00,Cerrado,Resuelto,Desconocido,LA ESPERANZA
Netcall,1 oct 2026,10,927249889,927249889,9283,Outbound,Portabilidad Postpago,EXPRESS,Logixtal,5023,CERRADAS,Entregado,Entregado,NET_JCALDASB,SIM,1 oct 2026,1 oct 2026,null,No,CERRADAS,2026-10-02 00:30:48,Monolínea,Mono_item,La Libertad,null,Power ilim 79.90 SD N,null,null,10:00 - 20:00,Cerrado,Resuelto,null,LA ESPERANZA
Netcall,2 oct 2026,10,927719035,92771903589511710111087134801,9283,Outbound,Portabilidad Postpago,EXPRESS,Logixtal,5023,ABIERTAS,Entregado,Entregado,NET_LLOPEZM,SIM,2 oct 2026,null,null,No,ABIERTAS,null,Multilínea,Mono_item,La Libertad,null,null,null,null,10:00 - 20:00,En Progreso,Punto de No Retorno,null,null
Netcall,2 oct 2026,9,927707538,92770753889511710111087134777,9283,Outbound,Portabilidad Postpago,EXPRESS,Logixtal,5023,ABIERTAS,Entregado,Entregado,TLV_NET_BCHAVEZ,SIM,2 oct 2026,null,null,No,ABIERTAS,null,Monolínea,Mono_item,La Libertad,null,null,null,null,10:00 - 20:00,En Progreso,Punto de No Retorno,null,null
Netcall,1 oct 2026,15,927349900,9273499008286369265577,9271,Outbound,Portabilidad Postpago,EXPRESS,Logixtal,5023,CERRADAS,Entregado,Entregado,NET_CDIAZG,SIM,1 oct 2026,1 oct 2026,null,No,CERRADAS,2026-10-02 00:41:28,Multilínea,Multi_item,La Libertad,null,Power ilim 79.90 SD N,Power ilim 79.90 SD N,AmericaMovil,10:00 - 20:00,Cerrado,Resuelto,Desconocido,LA ESPERANZA
Netcall,2 oct 2026,10,927724736,92772473689511710111087134827,9283,Outbound,Portabilidad Postpago,EXPRESS,Logixtal,5023,ABIERTAS,Pendiente Entrega,Pendiente de Picking,NET_ECARRETEROH,SIM,2 oct 2026,null,null,No,ABIERTAS,null,Monolínea,Mono_item,La Libertad,null,null,null,null,10:00 - 20:00,En Progreso,Punto de No Retorno,null,null
Netcall,1 oct 2026,13,927318899,9273188998286078023210,5299,Outbound,Portabilidad Postpago,EXPRESS,Logixtal,5023,ABIERTAS,Pendiente Entrega,Pendiente Entrega,NET_SCHUMIOQUEP,SIM,1 oct 2026,null,null,No,ABIERTAS,null,Monolínea,Mono_item,La Libertad,null,null,Power ilim 69.90 N,Viettel Peru,08:00 - 20:00,En Progreso,Punto de No Retorno,Desconocido,LA ESPERANZA
Netcall,1 oct 2026,12,927297106,9272971068285870666403,9283,Outbound,Portabilidad Postpago,EXPRESS,Logixtal,5023,CERRADAS,Entregado,Entregado,NET_JTITOM,SIM,1 oct 2026,1 oct 2026,null,No,CERRADAS,2026-10-02 01:12:20,Monolínea,Mono_item,La Libertad,null,Power ilim 69.90 N,Power ilim 69.90 N,TELEFONICAPE,10:00 - 20:00,Cerrado,Resuelto,Desconocido,LA ESPERANZA
Netcall,2 oct 2026,9,927698955,92769895589511710111087242257,9283,Outbound,Portabilidad Postpago,EXPRESS,Logixtal,5023,ABIERTAS,Entregado,Entregado,NET_JSANGAMA,SIM,2 oct 2026,null,null,No,ABIERTAS,null,Monolínea,Mono_item,La Libertad,null,null,null,null,10:00 - 20:00,En Progreso,Punto de No Retorno,null,null
Netcall,2 oct 2026,10,927721586,92772158689511710111087134819,9283,Outbound,Portabilidad Postpago,EXPRESS,Logixtal,5023,ABIERTAS,Pendiente Entrega,Pendiente de Picking,NET_LLOPEZM,SIM,2 oct 2026,null,null,No,ABIERTAS,null,Multilínea,Mono_item,La Libertad,null,null,null,null,10:00 - 20:00,En Progreso,Punto de No Retorno,null,null
Netcall,1 oct 2026,9,927239774,9272397748285369783870,5299,Outbound,Portabilidad Postpago,EXPRESS,Logixtal,5023,ABIERTAS,Anulado,CLIENTE AUSENTE,NET_SCHUMIOQUEP,SIM,1 oct 2026,null,null,No,ABIERTAS,null,Monolínea,Mono_item,La Libertad,null,null,Power ilim 79.90 SD N,TELEFONICAPE,10:00 - 20:00,En Progreso,Punto de No Retorno,Desconocido,LA ESPERANZA
Netcall,1 oct 2026,11,927283017,9272830178285730087561,9283,Outbound,Portabilidad Postpago,EXPRESS,Logixtal,5023,CERRADAS,Entregado,Entregado,NET_YMILLA,SIM,1 oct 2026,1 oct 2026,null,No,CERRADAS,2026-10-02 03:06:02,Multilínea,Mono_item,La Libertad,null,Power ilim 79.90 SD N,Power ilim 79.90 SD N,TELEFONICAPE,10:00 - 20:00,Cerrado,Resuelto,Desconocido,LA ESPERANZA
Netcall,1 oct 2026,10,927255023,9272550238285496857554,9283,Outbound,Portabilidad Postpago,PROGRAMADO,Logixtal,9352,ABIERTAS,Pendiente Entrega,Pendiente Entrega,TLV_NET_YQUITOV,SIM,3 oct 2026,null,null,No,ABIERTAS,null,Monolínea,Mono_item,San Martin,null,null,Power ilim 69.90 N,AmericaMovil,09:00 - 13:00,En Progreso,En Progreso,Desconocido,LA BANDA DE SHILCAYO
Netcall,2 oct 2026,11,927753507,92775350789511710101051105838,9271,Outbound,Portabilidad Postpago,EXPRESS,Retiro en tienda,9352,ABIERTAS,Pendiente Entrega,Pendiente Entrega,NET_GHUANCASS,SIM,2 oct 2026,null,null,No,ABIERTAS,null,Monolínea,Mono_item,San Martin,null,null,null,null,10:00 - 20:00,En Progreso,Punto de No Retorno,null,null
Netcall,2 oct 2026,10,927718288,92771828889511710101051105796,9283,Outbound,Portabilidad Postpago,EXPRESS,Retiro en tienda,9352,ABIERTAS,Entregado,Entregado,NET_KCHAVEZF,SIM,2 oct 2026,null,null,No,ABIERTAS,null,Monolínea,Mono_item,San Martin,null,null,null,null,10:00 - 20:00,En Progreso,Punto de No Retorno,null,null
Netcall,1 oct 2026,12,927291217,9272912178285806860652,9283,Outbound,Portabilidad Postpago,RETIRO EN TIENDA,Retiro en tienda,8028,ABIERTAS,Pendiente Entrega,Pendiente Entrega,NET_AARANAS,SIM,1 oct 2026,null,null,No,ABIERTAS,null,Monolínea,Mono_item,Junin,null,null,Power ilim 69.90 N,Viettel Peru,09:00 - 21:00,En Progreso,En Progreso,Desconocido,null
Netcall,1 oct 2026,14,927340350,927340350,9283,Outbound,Portabilidad Postpago,RETIRO EN TIENDA,Retiro en tienda,3013,CERRADAS,Entregado,Entregado,TLV_NET_BCHAVEZ,SIM,1 oct 2026,1 oct 2026,null,No,CERRADAS,2026-10-02 00:27:26,Monolínea,Mono_item,Junin,null,Power ilim 69.90 N,null,null,17:00 - 21:00,Cerrado,Resuelto,null,null
Netcall,1 oct 2026,13,927312895,9273128958286023406320,5299,Outbound,Portabilidad Postpago,EXPRESS,Logixtal,9351,CERRADAS,Entregado,Entregado,NET_RCANDIOTTIA,SIM,1 oct 2026,1 oct 2026,null,No,CERRADAS,2026-10-02 01:29:27,Monolínea,Mono_item,Puno,null,Power ilim 69.90 N,Power ilim 69.90 N,TELEFONICAPE,10:00 - 20:00,Cerrado,Resuelto,Desconocido,JULIACA
Netcall,1 oct 2026,11,927273513,9272735138285646924169,9283,Outbound,Portabilidad Postpago,PROGRAMADO,Logixtal,9351,ABIERTAS,Pendiente Entrega,Pendiente Entrega,NET_JPRADOP,SIM,3 oct 2026,null,null,No,ABIERTAS,null,Monolínea,Mono_item,Puno,null,null,Power ilim 69.90 N,AmericaMovil,09:00 - 13:00,En Progreso,En Progreso,Desconocido,JULIACA
Netcall,2 oct 2026,10,927722012,92772201289511710101030349671,9283,Outbound,Portabilidad Postpago,EXPRESS,Retiro en tienda,9351,ABIERTAS,Entregado,Entregado,NET_NBURGAR,SIM,2 oct 2026,null,null,No,ABIERTAS,null,Multilínea,Mono_item,Puno,null,null,null,null,10:00 - 20:00,En Progreso,Error Validación Biométrica,null,null
Netcall,2 oct 2026,10,927730031,92773003189511710101030163957,9283,Outbound,Portabilidad Postpago,EXPRESS,Retiro en tienda,9351,ABIERTAS,Pendiente Entrega,Pendiente Entrega,NET_ASALASF,SIM,2 oct 2026,null,null,No,ABIERTAS,null,Monolínea,Mono_item,Puno,null,null,null,null,10:00 - 20:00,En Progreso,Punto de No Retorno,null,null
Netcall,2 oct 2026,10,927720162,92772016289511710101030163023,9283,Outbound,Portabilidad Postpago,EXPRESS,Retiro en tienda,9351,ABIERTAS,Entregado,Entregado,TLV_NET_MLANDAR,SIM,2 oct 2026,null,null,No,ABIERTAS,null,Monolínea,Mono_item,Puno,null,null,null,null,10:00 - 20:00,En Progreso,Punto de No Retorno,null,null
Netcall,2 oct 2026,9,927702799,92770279989511710101030163809,9283,Outbound,Portabilidad Postpago,EXPRESS,Retiro en tienda,9351,ABIERTAS,Pendiente Entrega,Pendiente Entrega,NET_MCGARCIAG,SIM,2 oct 2026,null,null,No,ABIERTAS,null,Multilínea,Mono_item,Puno,null,null,null,null,10:00 - 20:00,En Progreso,Punto de No Retorno,null,null
Netcall,2 oct 2026,10,927714571,92771457189511710101030162272,9283,Outbound,Portabilidad Postpago,EXPRESS,Retiro en tienda,9351,ABIERTAS,Entregado,Entregado,NET_LCHAFLOQUEA,SIM,2 oct 2026,null,null,No,ABIERTAS,null,Monolínea,Mono_item,Puno,null,null,null,null,10:00 - 20:00,En Progreso,Punto de No Retorno,null,null
Netcall,1 oct 2026,17,927376959,9273769598286650136406,9283,Outbound,Portabilidad Postpago,EXPRESS,Logixtal,9351,ABIERTAS,Pendiente Entrega,Pendiente Entrega,NET_YSANTOSP,SIM,1 oct 2026,null,null,No,ABIERTAS,null,Monolínea,Mono_item,Puno,null,null,Power ilim 69.90 N,Viettel Peru,10:00 - 20:00,En Progreso,En Progreso,Desconocido,JULIACA
Netcall,1 oct 2026,11,927287320,9272873208285770949215,9283,Outbound,Portabilidad Postpago,EXPRESS,Logixtal,9351,CERRADAS,Entregado,Entregado,NET_RDULANTORO,SIM,1 oct 2026,1 oct 2026,null,No,CERRADAS,2026-10-02 01:43:19,Multilínea,Mono_item,Puno,null,Power ilim 79.90 SD N,Power ilim 79.90 SD N,TELEFONICAPE,10:00 - 20:00,Cerrado,Resuelto,Desconocido,JULIACA
Netcall,1 oct 2026,7,927178373,927178373,9283,Outbound,Portabilidad Postpago,EXPRESS,Logixtal,9351,CERRADAS,Entregado,Entregado,NET_GSANCHEZO,SIM,1 oct 2026,1 oct 2026,null,No,CERRADAS,2026-10-02 00:10:09,Monolínea,Mono_item,Puno,null,Power ilim 69.90 N,null,null,10:00 - 20:00,Cerrado,Resuelto,null,JULIACA
Netcall,2 oct 2026,11,927735988,927735988Empty,9283,Outbound,Portabilidad Postpago,PROGRAMADO,Retiro en tienda,9351,ABIERTAS,Pendiente Entrega,Pendiente Entrega,NET_SLIZARDOPER,SIM,3 oct 2026,null,null,No,ABIERTAS,null,Monolínea,Mono_item,Puno,null,null,null,null,09:00 - 13:00,En Progreso,En Progreso,null,null
Netcall,2 oct 2026,9,927703940,92770394089511710101030163791,9283,Outbound,Venta Regular / Alta,EXPRESS,Retiro en tienda,9351,ABIERTAS,Pendiente Entrega,Pendiente Entrega,NET_MCGARCIAG,SIM,2 oct 2026,null,null,No,ABIERTAS,null,Multilínea,Mono_item,Puno,null,null,null,null,10:00 - 20:00,En Progreso,Punto de No Retorno,null,null
Netcall,1 oct 2026,11,927286554,9272865548285758198382,9283,Outbound,Portabilidad Postpago,EXPRESS,Logixtal,9351,CERRADAS,Entregado,Entregado,NET_RDULANTORO,SIM,1 oct 2026,1 oct 2026,null,No,CERRADAS,2026-10-02 00:50:45,Multilínea,Mono_item,Puno,null,Power ilim 79.90 SD N,Power ilim 79.90 SD N,TELEFONICAPE,10:00 - 20:00,Cerrado,Resuelto,Desconocido,JULIACA
Netcall,1 oct 2026,12,927308919,9273089198285982485307,9283,Outbound,Portabilidad Postpago,EXPRESS,Logixtal,9351,CERRADAS,Entregado,Entregado,NET_VCARMENG,SIM,1 oct 2026,1 oct 2026,null,No,CERRADAS,2026-10-02 02:00:13,Monolínea,Mono_item,Puno,null,Power ilim 79.90 SD N,Power ilim 79.90 SD N,TELEFONICAPE,10:00 - 20:00,Cerrado,Resuelto,Desconocido,JULIACA
Netcall,1 oct 2026,11,927266695,927266695,9283,Outbound,Portabilidad Postpago,EXPRESS,Logixtal,9351,CERRADAS,Entregado,Entregado,NET_CALCAB,SIM,1 oct 2026,1 oct 2026,null,No,CERRADAS,2026-10-02 00:22:51,Monolínea,Mono_item,Puno,null,Power ilim 69.90 N,null,null,10:00 - 20:00,Cerrado,Resuelto,null,JULIACA
Netcall,2 oct 2026,10,927719455,92771945589511710101030348368,9283,Outbound,Portabilidad Postpago,EXPRESS,Retiro en tienda,9351,ABIERTAS,Entregado,Entregado,TLV_NET_LMONTED,SIM,2 oct 2026,null,null,No,ABIERTAS,null,Monolínea,Mono_item,Puno,null,null,null,null,10:00 - 20:00,En Progreso,Punto de No Retorno,null,null
Netcall,1 oct 2026,11,927287930,9272879308285768988269,9283,Outbound,Portabilidad Postpago,EXPRESS,Logixtal,9351,CERRADAS,Entregado,Entregado,TLV_NET_KCHAVEZ,SIM,1 oct 2026,1 oct 2026,null,No,CERRADAS,2026-10-02 00:43:28,Monolínea,Mono_item,Puno,null,Power ilim 79.90 SD N,Power ilim 79.90 SD N,TELEFONICAPE,10:00 - 20:00,Cerrado,Resuelto,Desconocido,JULIACA
Netcall,2 oct 2026,11,927752377,927752377Empty,9283,Outbound,Portabilidad Postpago,PROGRAMADO,Retiro en tienda,9351,ABIERTAS,Pendiente Entrega,Pendiente Entrega,NET_THUAMANIP,SIM,3 oct 2026,null,null,No,ABIERTAS,null,Monolínea,Mono_item,Puno,null,null,null,null,13:01 - 19:00,En Progreso,En Progreso,null,null
Netcall,1 oct 2026,8,927211394,9272113948285223039030,9283,Outbound,Portabilidad Postpago,PROGRAMADO,Logixtal,9351,ABIERTAS,Pendiente Entrega,Pendiente Entrega,NET_FLABANM,SIM,2 oct 2026,null,null,No,ABIERTAS,null,Monolínea,Mono_item,Puno,null,null,Power ilim 69.90 N,Viettel Peru,09:00 - 13:00,En Progreso,En Progreso,Desconocido,JULIACA
Netcall,2 oct 2026,10,927724786,92772478689511710101030349663,9283,Outbound,Portabilidad Postpago,EXPRESS,Retiro en tienda,9351,ABIERTAS,Pendiente Entrega,Pendiente Entrega,NET_NBURGAR,SIM,2 oct 2026,null,null,No,ABIERTAS,null,Multilínea,Mono_item,Puno,null,null,null,null,10:00 - 20:00,En Progreso,Punto de No Retorno,null,null
Netcall,1 oct 2026,9,927245230,9272452308285413625323,9283,Outbound,Portabilidad Postpago,PROGRAMADO,Logixtal,9351,ABIERTAS,Pendiente Entrega,Pendiente Entrega,NET_MDONAYRE,SIM,2 oct 2026,null,null,No,ABIERTAS,null,Monolínea,Mono_item,Puno,null,null,Power ilim 69.90 N,Viettel Peru,09:00 - 13:00,En Progreso,En Progreso,Desconocido,JULIACA
Netcall,1 oct 2026,13,927314988,9273149888286040957632,9283,Outbound,Portabilidad Postpago,PROGRAMADO,Logixtal,9351,ABIERTAS,Pendiente Entrega,Pendiente Entrega,NET_MVASQUEZV,SIM,2 oct 2026,null,null,No,ABIERTAS,null,Monolínea,Mono_item,Puno,null,null,Power ilim 79.90 SD N,AmericaMovil,13:01 - 19:00,En Progreso,En Progreso,Desconocido,JULIACA
Netcall,2 oct 2026,9,927705872,92770587289511710101030348350,9283,Outbound,Portabilidad Postpago,EXPRESS,Retiro en tienda,9351,ABIERTAS,Entregado,Entregado,TLV_NET_MFARFAN,SIM,2 oct 2026,null,null,No,ABIERTAS,null,Monolínea,Mono_item,Puno,null,null,null,null,10:00 - 20:00,En Progreso,Punto de No Retorno,null,null
Netcall,1 oct 2026,14,927333771,927333771,9283,Outbound,Portabilidad Postpago,EXPRESS,Logixtal,9351,CERRADAS,Entregado,Entregado,NET_IVARGASI,SIM,1 oct 2026,1 oct 2026,null,No,CERRADAS,2026-10-02 00:25:40,Monolínea,Mono_item,Puno,null,Power ilim 79.90 SD N,null,null,10:00 - 20:00,Cerrado,Resuelto,null,JULIACA
Netcall,2 oct 2026,10,927727886,927727886Empty,9283,Outbound,Portabilidad Postpago,PROGRAMADO,Retiro en tienda,9351,ABIERTAS,Pendiente Entrega,Pendiente Entrega,NET_ADOROTEOSAL,SIM,3 oct 2026,null,null,No,ABIERTAS,null,Monolínea,Mono_item,Puno,null,null,null,null,09:00 - 13:00,En Progreso,En Progreso,null,null
Netcall,2 oct 2026,9,927708185,92770818589511710101030162306,9283,Outbound,Portabilidad Postpago,EXPRESS,Retiro en tienda,9351,ABIERTAS,Entregado,Entregado,NET_SSALAZARV,SIM,2 oct 2026,null,null,No,ABIERTAS,null,Monolínea,Mono_item,Puno,null,null,null,null,10:00 - 20:00,En Progreso,Punto de No Retorno,null,null
Netcall,1 oct 2026,9,927242901,927242901,9283,Outbound,Portabilidad Postpago,EXPRESS,Logixtal,9351,CERRADAS,Entregado,Entregado,NET_SLAZOB,SIM,1 oct 2026,1 oct 2026,null,No,CERRADAS,2026-10-02 00:27:51,Monolínea,Mono_item,Puno,null,Power ilim 69.90 N,null,null,10:00 - 20:00,Cerrado,Resuelto,null,JULIACA
Netcall,1 oct 2026,10,927257454,9272574548285520146237,9283,Outbound,Portabilidad Postpago,EXPRESS,Logixtal,9351,CERRADAS,Entregado,Entregado,NET_DREVILLAN,SIM,1 oct 2026,1 oct 2026,null,No,CERRADAS,2026-10-02 01:06:04,Monolínea,Mono_item,Puno,null,Power ilim 69.90 N,Power ilim 69.90 N,AmericaMovil,10:00 - 20:00,Cerrado,Resuelto,Portabilidad Rechazada. REC01ABD15: El Código NIP es invalido | REC01ABD15,JULIACA
Netcall,1 oct 2026,15,927352007,9273520078286392878920,9283,Outbound,Portabilidad Postpago,EXPRESS,Logixtal,9351,CANCELADAS,Cancelado,CANCELADA EN OMNIX,NET_ACHOQUEB,SIM,1 oct 2026,null,null,No,CANCELADAS,2026-10-01 16:06:31,Monolínea,Mono_item,Puno,null,null,Power ilim 69.90 N,TELEFONICAPE,10:00 - 20:00,Cancelado,Rechazado,Desconocido,JULIACA
Netcall,2 oct 2026,9,927703484,92770348489511710101030162298,9283,Outbound,Portabilidad Postpago,EXPRESS,Retiro en tienda,9351,ABIERTAS,Entregado,Entregado,NET_JBARRAGANH,SIM,2 oct 2026,null,null,No,ABIERTAS,null,Monolínea,Mono_item,Puno,null,null,null,null,10:00 - 20:00,En Progreso,Punto de No Retorno,null,null
Netcall,2 oct 2026,9,927698964,92769896489511710101030163817,5299,Outbound,Portabilidad Postpago,EXPRESS,Retiro en tienda,9351,ABIERTAS,Entregado,Entregado,NET_RCANDIOTTIA,SIM,2 oct 2026,null,null,No,ABIERTAS,null,Monolínea,Mono_item,Puno,null,null,null,null,10:00 - 20:00,En Progreso,Punto de No Retorno,null,null
Netcall,2 oct 2026,10,927726259,92772625989511710101030162264,9283,Outbound,Portabilidad Postpago,EXPRESS,Retiro en tienda,9351,ABIERTAS,Entregado,Entregado,NET_GGALLARDAYA,SIM,2 oct 2026,null,null,No,ABIERTAS,null,Monolínea,Mono_item,Puno,null,null,null,null,10:00 - 20:00,En Progreso,Punto de No Retorno,null,null
Netcall,1 oct 2026,9,927241365,927241365,9283,Outbound,Portabilidad Postpago,EXPRESS,Logixtal,9351,CERRADAS,Entregado,Entregado,TLV_NET_BCHAVEZ,SIM,1 oct 2026,1 oct 2026,null,No,CERRADAS,2026-10-02 00:40:24,Monolínea,Mono_item,Puno,null,Power ilim 69.90 N,null,null,10:00 - 20:00,Cerrado,Resuelto,null,JULIACA
Netcall,2 oct 2026,11,927754352,927754352Empty,9283,Outbound,Portabilidad Postpago,EXPRESS,Retiro en tienda,9351,ABIERTAS,Pendiente Entrega,Pendiente Entrega,TLV_NET_MFARFAN,SIM,2 oct 2026,null,null,No,ABIERTAS,null,Monolínea,Mono_item,Puno,null,null,null,null,10:00 - 20:00,En Progreso,En Progreso,null,null
Netcall,1 oct 2026,13,927315001,9273150018286040991039,9283,Outbound,Portabilidad Postpago,EXPRESS,Logixtal,9351,CERRADAS,Entregado,Entregado,NET_LDIAZM,SIM,1 oct 2026,1 oct 2026,null,No,CERRADAS,2026-10-02 01:49:08,Monolínea,Mono_item,Puno,null,Power ilim 79.90 SD N,Power ilim 79.90 SD N,AmericaMovil,10:00 - 20:00,Cerrado,Resuelto,Desconocido,JULIACA
Netcall,2 oct 2026,9,927709602,92770960289511710101029543797,9283,Outbound,Portabilidad Postpago,EXPRESS,Logixtal,5022,ABIERTAS,Pendiente Entrega,Pendiente de Picking,NET_PREJASD,SIM,2 oct 2026,null,null,No,ABIERTAS,null,Multilínea,Mono_item,Arequipa,null,null,null,null,10:00 - 20:00,En Progreso,Punto de No Retorno,null,null
Netcall,2 oct 2026,9,927697334,92769733489511710101029543755,9283,Outbound,Portabilidad Postpago,EXPRESS,Logixtal,5022,ABIERTAS,Entregado,Entregado,NET_KCHAVEZF,SIM,2 oct 2026,null,null,No,ABIERTAS,null,Multilínea,Mono_item,Arequipa,null,null,null,null,10:00 - 20:00,En Progreso,Punto de No Retorno,null,null
Netcall,2 oct 2026,10,927716280,92771628089511710101029543805,9283,Outbound,Portabilidad Postpago,EXPRESS,Logixtal,5022,ABIERTAS,Entregado,Entregado,NET_PREJASD,SIM,2 oct 2026,null,null,No,ABIERTAS,null,Multilínea,Mono_item,Arequipa,null,null,null,null,10:00 - 20:00,En Progreso,Punto de No Retorno,null,null
Netcall,1 oct 2026,14,927331325,9273313258286199089256,9283,Outbound,Portabilidad Postpago,EXPRESS,Logixtal,5022,CERRADAS,Entregado,Entregado,TLV_NET_APINTAD,SIM,1 oct 2026,1 oct 2026,null,No,CERRADAS,2026-10-02 01:19:12,Monolínea,Mono_item,Arequipa,null,Power ilim 69.90 N,Power ilim 69.90 N,AmericaMovil,10:00 - 20:00,Cerrado,Resuelto,Desconocido,JOSE LUIS BUSTAMANTE Y RIVERO
Netcall,2 oct 2026,9,927707906,92770790689511710101029543789,9283,Outbound,Portabilidad Postpago,EXPRESS,Logixtal,5022,ABIERTAS,Entregado,Entregado,NET_PREJASD,SIM,2 oct 2026,null,null,No,ABIERTAS,null,Multilínea,Mono_item,Arequipa,null,null,null,null,10:00 - 20:00,En Progreso,Punto de No Retorno,null,null
Netcall,2 oct 2026,9,927696285,92769628589511710101029537856,9283,Outbound,Portabilidad Postpago,EXPRESS,Logixtal,5022,ABIERTAS,Entregado,Entregado,NET_KCHAVEZF,SIM,2 oct 2026,null,null,No,ABIERTAS,null,Multilínea,Mono_item,Arequipa,null,null,null,null,10:00 - 20:00,En Progreso,Punto de No Retorno,null,null
Netcall,1 oct 2026,10,927247169,9272471698285431544437,9283,Outbound,Portabilidad Postpago,EXPRESS,Logixtal,5024,CERRADAS,Entregado,Entregado,NET_SBENITOV,SIM,1 oct 2026,1 oct 2026,null,No,CERRADAS,2026-10-02 03:05:52,Multilínea,Mono_item,Lambayeque,null,Power ilim 69.90 N,Power ilim 69.90 N,TELEFONICAPE,10:00 - 20:00,Cerrado,Resuelto,Desconocido,JOSE LEONARDO ORTIZ
Netcall,1 oct 2026,10,927258605,9272586058285528695089,9283,Outbound,Portabilidad Postpago,EXPRESS,Logixtal,5024,CERRADAS,Entregado,Entregado,NET_GBUITRONL,SIM,1 oct 2026,1 oct 2026,null,No,CERRADAS,2026-10-02 01:29:28,Monolínea,Mono_item,Lambayeque,null,Power ilim 79.90 SD N,Power ilim 79.90 SD N,TELEFONICAPE,10:00 - 20:00,Cerrado,Resuelto,Desconocido,JOSE LEONARDO ORTIZ
Netcall,2 oct 2026,9,927709388,92770938889511710101029500748,9283,Outbound,Portabilidad Postpago,EXPRESS,Logixtal,5024,ABIERTAS,Entregado,Entregado,NET_EYDAVILAC,SIM,2 oct 2026,null,null,No,ABIERTAS,null,Monolínea,Mono_item,Lambayeque,null,null,null,null,10:00 - 20:00,En Progreso,Punto de No Retorno,null,null
Netcall,1 oct 2026,9,927243100,927243100,9283,Outbound,Portabilidad Postpago,EXPRESS,Logixtal,5024,CERRADAS,Entregado,Entregado,NET_AYROJASS,SIM,1 oct 2026,1 oct 2026,null,No,CERRADAS,2026-10-02 00:40:07,Multilínea,Mono_item,Lambayeque,null,Power ilim 79.90 SD N,null,null,10:00 - 20:00,Cerrado,Resuelto,null,JOSE LEONARDO ORTIZ
Netcall,1 oct 2026,11,927277662,927277662,9283,Outbound,Portabilidad Postpago,EXPRESS,Logixtal,5024,CERRADAS,Entregado,Entregado,NET_TMUNOZCALDE,SIM,1 oct 2026,1 oct 2026,null,No,CERRADAS,2026-10-02 00:31:38,Monolínea,Mono_item,Lambayeque,null,Power ilim 69.90 N,null,null,10:00 - 20:00,Cerrado,Resuelto,null,JOSE LEONARDO ORTIZ
Netcall,2 oct 2026,10,927724334,92772433489511710101029460653,9271,Outbound,Portabilidad Postpago,EXPRESS,Logixtal,5024,ABIERTAS,Pendiente Entrega,Pendiente de Picking,NET_EPARDOG,SIM,2 oct 2026,null,null,No,ABIERTAS,null,Monolínea,Mono_item,Lambayeque,null,null,null,null,10:00 - 20:00,En Progreso,Punto de No Retorno,null,null
Netcall,1 oct 2026,12,927307809,9273078098285967847776,9301,Outbound,Portabilidad Postpago,EXPRESS,Logixtal,5024,CERRADAS,Entregado,Entregado,NET_ADIAZCAJO,SIM,1 oct 2026,1 oct 2026,null,No,CERRADAS,2026-10-02 01:52:19,Monolínea,Mono_item,Lambayeque,null,Power ilim 69.90 N,Power ilim 69.90 N,AmericaMovil,10:00 - 20:00,Cerrado,Resuelto,Desconocido,JOSE LEONARDO ORTIZ
Netcall,2 oct 2026,9,927706233,92770623389511710121058097499,9283,Outbound,Portabilidad Postpago,PROGRAMADO,Logixtal,5024,ABIERTAS,Pendiente Entrega,Pendiente de Picking,NET_JSANGAMA,SIM,5 oct 2026,null,null,No,ABIERTAS,null,Monolínea,Mono_item,Lambayeque,null,null,null,null,09:00 - 13:00,En Progreso,Punto de No Retorno,null,null
Netcall,2 oct 2026,11,927755176,927755176Empty,9283,Outbound,Portabilidad Postpago,EXPRESS,Logixtal,5024,ABIERTAS,Pendiente Entrega,Pendiente de Picking,TLV_NET_OCCONA,SIM,2 oct 2026,null,null,No,ABIERTAS,null,Monolínea,Mono_item,Lambayeque,null,null,null,null,10:00 - 20:00,En Progreso,En Progreso,null,null
Netcall,1 oct 2026,10,927252085,9272520858285476078766,9283,Outbound,Venta Regular / Alta,EXPRESS,Logixtal,5024,CERRADAS,Entregado,Entregado,NET_SBENITOV,SIM,1 oct 2026,1 oct 2026,null,No,CERRADAS,2026-10-01 17:17:36,Multilínea,Mono_item,Lambayeque,null,Power ilim 69.90 N,Power ilim 69.90 N,Desconocido,10:00 - 20:00,Cerrado,Resuelto,Desconocido,JOSE LEONARDO ORTIZ
Netcall,1 oct 2026,17,927386544,9273865448286742190985,9283,Outbound,Portabilidad Postpago,PROGRAMADO,Logixtal,5024,ABIERTAS,Pendiente Entrega,Pendiente Entrega,NET_RGUTIERREZS,SIM,2 oct 2026,null,null,No,ABIERTAS,null,Monolínea,Mono_item,Lambayeque,null,null,Power ilim 69.90 N,AmericaMovil,09:00 - 13:00,En Progreso,Punto de No Retorno,Desconocido,JOSE LEONARDO ORTIZ
Netcall,1 oct 2026,19,927418618,9274186188287047041032,9283,Outbound,Venta Regular / Alta,PROGRAMADO,Logixtal,5024,ABIERTAS,Pendiente Entrega,Pendiente Entrega,NET_EMONZONP,SIM,2 oct 2026,null,null,No,ABIERTAS,null,Monolínea,Mono_item,Lambayeque,null,null,Power ilim 79.90 SD N,Desconocido,09:00 - 13:00,En Progreso,Punto de No Retorno,Desconocido,JOSE LEONARDO ORTIZ
Netcall,1 oct 2026,9,927244174,9272441748285399130569,9283,Outbound,Portabilidad Postpago,EXPRESS,Logixtal,5024,CERRADAS,Entregado,Entregado,NET_AYROJASS,SIM,1 oct 2026,1 oct 2026,null,No,CERRADAS,2026-10-02 03:09:46,Multilínea,Mono_item,Lambayeque,null,Power ilim 79.90 SD N,Power ilim 79.90 SD N,Viettel Peru,10:00 - 20:00,Cerrado,Resuelto,Desconocido,JOSE LEONARDO ORTIZ
Netcall,1 oct 2026,18,927402687,9274026878286897537512,9283,Outbound,Portabilidad Postpago,PROGRAMADO,Logixtal,9354,ABIERTAS,Pendiente Entrega,Pendiente Entrega,NET_ELAURAQ,SIM,2 oct 2026,null,null,No,ABIERTAS,null,Monolínea,Mono_item,Ayacucho,null,null,Power ilim 69.90 N,Viettel Peru,09:00 - 13:00,En Progreso,En Progreso,Desconocido,JESUS NAZARENO
Netcall,1 oct 2026,11,927281607,9272816078285714151651,9283,Outbound,Portabilidad Postpago,EXPRESS,Logixtal,9001,ABIERTAS,Pendiente Entrega,Pendiente Entrega,NET_MGONZALESPE,SIM,1 oct 2026,null,null,No,ABIERTAS,null,Monolínea,Mono_item,Lima - Callao,null,null,Power ilim 69.90 N,TELEFONICAPE,10:00 - 22:00,En Progreso,Punto de No Retorno,Desconocido,JESUS MARIA
Netcall,1 oct 2026,10,927256928,927256928,9283,Outbound,Portabilidad Postpago,EXPRESS,Logixtal,9001,CERRADAS,Entregado,Entregado,NET_PSANCHEZE,SIM,1 oct 2026,1 oct 2026,null,No,CERRADAS,2026-10-02 00:33:37,Monolínea,Mono_item,Lima - Callao,null,Power ilim 69.90 N,null,null,10:00 - 22:00,Cerrado,Resuelto,null,JESUS MARIA
Netcall,1 oct 2026,10,927250221,9272502218285454686507,9283,Outbound,Portabilidad Postpago,EXPRESS,Logixtal,9001,CERRADAS,Entregado,Entregado,NET_ELAURAQ,SIM,1 oct 2026,1 oct 2026,null,No,CERRADAS,2026-10-02 01:40:28,Monolínea,Mono_item,Lima - Callao,null,Power ilim 69.90 N,Power ilim 69.90 N,TELEFONICAPE,10:00 - 22:00,Cerrado,Resuelto,Desconocido,JESUS MARIA
Netcall,1 oct 2026,7,927192694,9271926948285167458808,9283,Outbound,Portabilidad Postpago,PROGRAMADO,Logixtal,5023,ABIERTAS,Pendiente Entrega,Pendiente Entrega,NET_SBENITESL,SIM,2 oct 2026,null,null,No,ABIERTAS,null,Monolínea,Mono_item,La Libertad,null,null,Power ilim 69.90 N,AmericaMovil,09:00 - 19:00,En Progreso,Punto de No Retorno,Desconocido,JEQUETEPEQUE
Netcall,1 oct 2026,15,927350499,9273504998286376315236,9283,Outbound,Portabilidad Postpago,RETIRO EN TIENDA,Retiro en tienda,3157,CERRADAS,Entregado,Entregado,NET_MORIHUELAQ,SIM,1 oct 2026,1 oct 2026,null,No,CERRADAS,2026-10-02 01:14:23,Monolínea,Mono_item,Junin,null,Power ilim 79.90 SD N,Power ilim 79.90 SD N,TELEFONICAPE,09:00 - 21:00,Cerrado,Resuelto,Desconocido,null
Netcall,1 oct 2026,9,927233819,927233819,9283,Outbound,Portabilidad Postpago,RETIRO EN TIENDA,Retiro en tienda,3101,CERRADAS,Entregado,Entregado,NET_DMORENOL,SIM,1 oct 2026,1 oct 2026,null,No,CERRADAS,2026-10-02 00:32:55,Multilínea,Mono_item,Cajamarca,null,Power ilim 79.90 SD N,null,null,09:00 - 21:00,Cerrado,Resuelto,null,null
Netcall,1 oct 2026,10,927255634,9272556348285498747134,9283,Outbound,Portabilidad Postpago,RETIRO EN TIENDA,Retiro en tienda,3101,CERRADAS,Entregado,Entregado,NET_TVASQUEZANG,SIM,1 oct 2026,1 oct 2026,null,No,CERRADAS,2026-10-02 01:50:10,Monolínea,Mono_item,Cajamarca,null,Power ilim 79.90 SD N,Power ilim 79.90 SD N,TELEFONICAPE,09:00 - 21:00,Cerrado,Resuelto,Desconocido,null
Netcall,2 oct 2026,10,927714283,927714283Empty,9283,Outbound,Portabilidad Postpago,RETIRO EN TIENDA,Retiro en tienda,3101,ABIERTAS,Pendiente Entrega,Pendiente Entrega,NET_JTITOM,SIM,2 oct 2026,null,null,No,ABIERTAS,null,Multilínea,Mono_item,Cajamarca,null,null,null,null,09:00 - 21:00,En Progreso,En Progreso,null,null
Netcall,2 oct 2026,10,927716500,927716500Empty,9283,Outbound,Venta Regular / Alta,RETIRO EN TIENDA,Retiro en tienda,3101,ABIERTAS,Pendiente Entrega,Pendiente Entrega,NET_JTITOM,SIM,2 oct 2026,null,null,No,ABIERTAS,null,Multilínea,Mono_item,Cajamarca,null,null,null,null,09:00 - 21:00,En Progreso,En Progreso,null,null
Netcall,1 oct 2026,17,927380919,9273809198286690419628,9283,Outbound,Portabilidad Postpago,RETIRO EN TIENDA,Retiro en tienda,3101,ABIERTAS,Pendiente Entrega,Pendiente Entrega,NET_YFLORESR,SIM,1 oct 2026,null,null,No,ABIERTAS,null,Monolínea,Mono_item,Cajamarca,null,null,Power ilim 69.90 N,AmericaMovil,09:00 - 21:00,En Progreso,En Progreso,Desconocido,null
Netcall,1 oct 2026,15,927346793,9273467938286349056079,9283,Outbound,Portabilidad Postpago,RETIRO EN TIENDA,Retiro en tienda,3101,ABIERTAS,Pendiente Entrega,Pendiente Entrega,NET_VJAUREGUIM,SIM,1 oct 2026,null,null,No,ABIERTAS,null,Multilínea,Mono_item,Cajamarca,null,null,Power ilim 79.90 SD N,Viettel Peru,09:00 - 21:00,En Progreso,En Progreso,Desconocido,null
Netcall,2 oct 2026,11,927757676,927757676Empty,9283,Outbound,Portabilidad Postpago,RETIRO EN TIENDA,Retiro en tienda,3101,ABIERTAS,Pendiente Entrega,Pendiente Entrega,NET_WMAYLLEM,SIM,2 oct 2026,null,null,No,ABIERTAS,null,Monolínea,Mono_item,Cajamarca,null,null,null,null,09:00 - 21:00,En Progreso,Documentación Generada,null,null
Netcall,1 oct 2026,9,927232542,9272325428285303139162,9283,Outbound,Portabilidad Postpago,RETIRO EN TIENDA,Retiro en tienda,3101,CERRADAS,Entregado,Entregado,NET_DMORENOL,SIM,1 oct 2026,1 oct 2026,null,No,CERRADAS,2026-10-02 01:12:10,Multilínea,Mono_item,Cajamarca,null,Power ilim 79.90 SD N,Power ilim 79.90 SD N,AmericaMovil,09:00 - 21:00,Cerrado,Resuelto,Desconocido,null
Netcall,1 oct 2026,11,927279802,9272798028285697425224,9271,Outbound,Portabilidad Postpago,RETIRO EN TIENDA,Retiro en tienda,3101,ABIERTAS,Pendiente Entrega,Pendiente Entrega,NET_KPARRAGUEZG,SIM,1 oct 2026,null,null,No,ABIERTAS,null,Monolínea,Mono_item,Cajamarca,null,null,Power ilim 69.90 N,Viettel Peru,09:00 - 21:00,En Progreso,En Progreso,Desconocido,null
Netcall,1 oct 2026,15,927348243,9273482438286357550492,9283,Outbound,Portabilidad Postpago,RETIRO EN TIENDA,Retiro en tienda,3101,ABIERTAS,Pendiente Entrega,Pendiente Entrega,NET_VJAUREGUIM,SIM,1 oct 2026,null,null,No,ABIERTAS,null,Multilínea,Mono_item,Cajamarca,null,null,Power ilim 79.90 SD N,Viettel Peru,09:00 - 21:00,En Progreso,En Progreso,Desconocido,null
Netcall,2 oct 2026,9,927707821,92770782189511710101029486773,9283,Outbound,Portabilidad Postpago,EXPRESS,Logixtal,5022,ABIERTAS,Pendiente Entrega,Pendiente de Picking,TLV_NET_KARANDA,SIM,2 oct 2026,null,null,No,ABIERTAS,null,Monolínea,Mono_item,Arequipa,null,null,null,null,10:00 - 20:00,En Progreso,Punto de No Retorno,null,null
Netcall,2 oct 2026,10,927712310,92771231089511710101029486807,9283,Outbound,Portabilidad Postpago,EXPRESS,Logixtal,5022,ABIERTAS,Entregado,Entregado,NET_SPEREZR,SIM,2 oct 2026,null,null,No,ABIERTAS,null,Monolínea,Mono_item,Arequipa,null,null,null,null,10:00 - 20:00,En Progreso,Punto de No Retorno,null,null
Netcall,2 oct 2026,6,927623622,92762362289511710101029860126,9283,Outbound,Venta Regular / Alta,EXPRESS,Logixtal,9355,ABIERTAS,Entregado,Entregado,TLV_NET_MFARFAN,SIM,2 oct 2026,null,null,No,ABIERTAS,null,Monolínea,Mono_item,Loreto,null,null,null,null,10:00 - 20:00,En Progreso,Punto de No Retorno,null,IQUITOS
Netcall,1 oct 2026,15,927353845,927353845,9283,Outbound,Portabilidad Postpago,EXPRESS,Logixtal,9355,CERRADAS,Entregado,Entregado,TLV_NET_RSORIAH,SIM,1 oct 2026,1 oct 2026,null,No,CERRADAS,2026-10-02 00:07:00,Monolínea,Mono_item,Loreto,null,Power ilim 69.90 N,null,null,10:00 - 20:00,Cerrado,Resuelto,null,IQUITOS
Netcall,1 oct 2026,15,927345452,9273454528286331733711,9283,Outbound,Portabilidad Postpago,EXPRESS,Logixtal,9355,CANCELADAS,Anulado,CLIENTE DESISTE - NO BRINDA MOTIVOS,NET_MMORANM,SIM,1 oct 2026,null,null,No,CANCELADAS,2026-10-01 16:27:01,Monolínea,Mono_item,Loreto,null,null,Power ilim 79.90 SD N,AmericaMovil,10:00 - 20:00,Cancelado,Rechazado,Desconocido,IQUITOS
Netcall,2 oct 2026,10,927711219,92771121989511710101029860910,9283,Outbound,Portabilidad Postpago,EXPRESS,Retiro en tienda,9355,CANCELADAS,Cancelado,Cancelado,TLV_NET_DSANC,SIM,2 oct 2026,null,null,No,CANCELADAS,2026-10-02 11:26:07,Multilínea,Mono_item,Loreto,null,null,null,null,10:00 - 20:00,Cancelado,Pedido Cancelación,null,null
Netcall,1 oct 2026,14,927336187,9273361878286240835446,9283,Outbound,Portabilidad Postpago,PROGRAMADO,Logixtal,9355,ABIERTAS,Pendiente Entrega,Pendiente Entrega,NET_MOQUISPITON,SIM,2 oct 2026,null,null,No,ABIERTAS,null,Monolínea,Mono_item,Loreto,null,null,Power ilim 69.90 N,Viettel Peru,09:00 - 13:00,En Progreso,En Progreso,Desconocido,IQUITOS
Netcall,2 oct 2026,9,927709156,92770915689511710101029860928,9283,Outbound,Portabilidad Postpago,EXPRESS,Retiro en tienda,9355,ABIERTAS,Entregado,Entregado,TLV_NET_DSANC,SIM,2 oct 2026,null,null,No,ABIERTAS,null,Multilínea,Mono_item,Loreto,null,null,null,null,10:00 - 20:00,En Progreso,Punto de No Retorno,null,null
Netcall,1 oct 2026,9,927231214,9272312148285291819827,9283,Outbound,Portabilidad Postpago,EXPRESS,Logixtal,9355,CERRADAS,Entregado,Entregado,TLV_NET_DBARTET,SIM,1 oct 2026,1 oct 2026,null,No,CERRADAS,2026-10-02 01:44:29,Monolínea,Mono_item,Loreto,null,Power ilim 79.90 SD N,Power ilim 79.90 SD N,AmericaMovil,10:00 - 20:00,Cerrado,Resuelto,Desconocido,IQUITOS
Netcall,2 oct 2026,10,927715530,92771553089511710101029860902,9283,Outbound,Portabilidad Postpago,EXPRESS,Retiro en tienda,9355,ABIERTAS,Pendiente Entrega,Pendiente Entrega,NET_MRIOSA,SIM,2 oct 2026,null,null,No,ABIERTAS,null,Monolínea,Mono_item,Loreto,null,null,null,null,10:00 - 20:00,En Progreso,Punto de No Retorno,null,null
Netcall,1 oct 2026,9,927240707,927240707,9283,Outbound,Portabilidad Postpago,EXPRESS,Logixtal,9344,CERRADAS,Entregado,Entregado,TLV_NET_LPULIDO,SIM,1 oct 2026,1 oct 2026,null,No,CERRADAS,2026-10-02 00:06:10,Monolínea,Mono_item,Ancash,null,Power ilim 69.90 N,null,null,10:00 - 20:00,Cerrado,Resuelto,null,INDEPENDENCIA
Netcall,2 oct 2026,9,927703972,92770397289511710111070972803,9283,Outbound,Portabilidad Postpago,EXPRESS,Retiro en tienda,9344,CANCELADAS,Cancelado,Cancelado,NET_MFLORESD,SIM,2 oct 2026,null,null,No,CANCELADAS,2026-10-02 10:11:06,Monolínea,Mono_item,Ancash,null,null,null,null,10:00 - 20:00,Cancelado,Rechazado,null,null
Netcall,1 oct 2026,15,927356040,927356040,9271,Outbound,Portabilidad Postpago,EXPRESS,Logixtal,9001,CERRADAS,Entregado,Entregado,NET_LNECIOSUPC,SIM,1 oct 2026,1 oct 2026,null,No,CERRADAS,2026-10-02 00:40:36,Monolínea,Mono_item,Lima - Callao,null,Power ilim 79.90 SD N,null,null,10:00 - 22:00,Cerrado,Resuelto,null,INDEPENDENCIA
Netcall,1 oct 2026,15,927341251,9273412518286289278910,9283,Outbound,Portabilidad Postpago,EXPRESS,Logixtal,9001,CERRADAS,Entregado,Entregado,TLV_NET_ECODARL,SIM,1 oct 2026,1 oct 2026,null,No,CERRADAS,2026-10-02 01:49:14,Monolínea,Mono_item,Lima - Callao,null,Power ilim 79.90 SD N,Power ilim 79.90 SD N,TELEFONICAPE,10:00 - 22:00,Cerrado,Resuelto,Desconocido,INDEPENDENCIA
Netcall,1 oct 2026,12,927307416,927307416,9283,Outbound,Portabilidad Postpago,EXPRESS,Logixtal,9001,CERRADAS,Entregado,Entregado,NET_JSANCHEZC,SIM,1 oct 2026,1 oct 2026,null,No,CERRADAS,2026-10-02 00:13:20,Monolínea,Mono_item,Lima - Callao,null,Power ilim 79.90 SD N,null,null,10:00 - 22:00,Cerrado,Resuelto,null,INDEPENDENCIA
Netcall,1 oct 2026,9,927243561,9272435618285396771057,9283,Outbound,Portabilidad Postpago,EXPRESS,Logixtal,9001,CERRADAS,Entregado,Entregado,NET_MDIAZP,SIM,1 oct 2026,1 oct 2026,null,No,CERRADAS,2026-10-02 01:16:22,Multilínea,Mono_item,Lima - Callao,null,Power ilim 79.90 SD N,Power ilim 79.90 SD N,AmericaMovil,10:00 - 22:00,Cerrado,Resuelto,Desconocido,INDEPENDENCIA
Netcall,1 oct 2026,12,927302186,9273021868285914763188,9283,Outbound,Portabilidad Postpago,EXPRESS,Logixtal,9344,CERRADAS,Entregado,Entregado,NET_GMENDIGUETE,SIM,1 oct 2026,1 oct 2026,null,No,CERRADAS,2026-10-02 03:29:20,Monolínea,Mono_item,Ancash,null,Power ilim 79.90 SD N,Power ilim 79.90 SD N,AmericaMovil,10:00 - 20:00,Cerrado,Resuelto,Portabilidad Rechazada. REC01ABD15: El Código NIP es invalido | REC01ABD15,INDEPENDENCIA
Netcall,1 oct 2026,9,927238053,9272380538285350458553,9283,Outbound,Portabilidad Postpago,EXPRESS,Logixtal,9344,CANCELADAS,Anulado,PIN PORTA_NO VALIDO,NET_MFLORESD,SIM,1 oct 2026,null,null,No,CANCELADAS,2026-10-01 11:42:52,Monolínea,Mono_item,Ancash,null,null,Power 59.90 N,Viettel Peru,10:00 - 20:00,Cancelado,Rechazado,Desconocido,INDEPENDENCIA
Netcall,1 oct 2026,14,927329489,9273294898286177048965,9283,Outbound,Portabilidad Postpago,PROGRAMADO,Logixtal,9001,ABIERTAS,No bop,No bop,NET_NSANTAMARIA,SIM,3 oct 2026,null,null,No,ABIERTAS,null,Multilínea,Mono_item,Lima - Callao,null,null,Power ilim 79.90 SD N,AmericaMovil,08:00 - 13:00,En Progreso,En Progreso,Desconocido,INDEPENDENCIA
Netcall,1 oct 2026,12,927307852,9273078528285974779882,9283,Outbound,Venta Regular / Alta,EXPRESS,Logixtal,9344,CERRADAS,Entregado,Entregado,NET_GFLORESS,SIM,1 oct 2026,1 oct 2026,null,No,CERRADAS,2026-10-01 17:01:40,Multilínea,Mono_item,Ancash,null,Power ilim 79.90 SD N,Power ilim 79.90 SD N,Desconocido,10:00 - 20:00,Cerrado,Resuelto,Desconocido,INDEPENDENCIA
Netcall,1 oct 2026,15,927344181,9273441818286321785363,9283,Outbound,Portabilidad Postpago,EXPRESS,Logixtal,9001,ABIERTAS,Pendiente Entrega,Pendiente Entrega,TLV_NET_ECODARL,SIM,1 oct 2026,null,null,No,ABIERTAS,null,Monolínea,Mono_item,Lima - Callao,null,null,Power ilim 79.90 SD N,AmericaMovil,08:00 - 20:00,En Progreso,Punto de No Retorno,Desconocido,INDEPENDENCIA
Netcall,1 oct 2026,13,927324753,9273247538286132342323,9283,Outbound,Portabilidad Postpago,PROGRAMADO,Logixtal,9001,ABIERTAS,No bop,No bop,NET_NSANTAMARIA,SIM,3 oct 2026,null,null,No,ABIERTAS,null,Multilínea,Mono_item,Lima - Callao,null,null,Power ilim 79.90 SD N,AmericaMovil,08:00 - 13:00,En Progreso,En Progreso,Desconocido,INDEPENDENCIA
Netcall,1 oct 2026,12,927307011,9273070118285964786690,9283,Outbound,Portabilidad Postpago,EXPRESS,Logixtal,9344,CERRADAS,Entregado,Entregado,NET_GFLORESS,SIM,1 oct 2026,1 oct 2026,null,No,CERRADAS,2026-10-02 04:25:23,Multilínea,Mono_item,Ancash,null,Power ilim 79.90 SD N,Power ilim 79.90 SD N,TELEFONICAPE,10:00 - 20:00,Cerrado,Resuelto,Desconocido,INDEPENDENCIA
Netcall,1 oct 2026,9,927244200,9272442008285403211286,9283,Outbound,Portabilidad Postpago,EXPRESS,Logixtal,9001,CERRADAS,Entregado,Entregado,NET_MDIAZP,SIM,1 oct 2026,1 oct 2026,null,No,CERRADAS,2026-10-02 01:07:16,Multilínea,Mono_item,Lima - Callao,null,Power ilim 79.90 SD N,Power ilim 79.90 SD N,AmericaMovil,10:00 - 22:00,Cerrado,Resuelto,Desconocido,INDEPENDENCIA
Netcall,1 oct 2026,18,927403911,9274039118286903733070,9283,Outbound,Venta Regular / Alta,PROGRAMADO,Logixtal,9001,ABIERTAS,Pendiente Entrega,Pendiente Entrega,NET_RMPEREZC,SIM,5 oct 2026,null,null,No,ABIERTAS,null,Multilínea,Mono_item,Lima - Callao,null,null,Power ilim 79.90 SD N,Desconocido,09:00 - 20:00,En Progreso,En Progreso,Desconocido,IMPERIAL
Netcall,1 oct 2026,11,927287316,9272873168285772190891,9283,Outbound,Portabilidad Postpago,PROGRAMADO,Logixtal,9001,ABIERTAS,Pendiente Entrega,Pendiente Entrega,NET_TMUNOZCALDE,SIM,2 oct 2026,null,null,No,ABIERTAS,null,Monolínea,Mono_item,Lima - Callao,null,null,Power ilim 69.90 N,TELEFONICAPE,09:00 - 20:00,En Progreso,En Progreso,Desconocido,IMPERIAL
Netcall,2 oct 2026,11,927756680,927756680Empty,9283,Outbound,Portabilidad Postpago,PROGRAMADO,Logixtal,9001,ABIERTAS,Pendiente Entrega,Pendiente de Picking,NET_VAYALA,SIM,5 oct 2026,null,null,No,ABIERTAS,null,Monolínea,Mono_item,Lima - Callao,null,null,null,null,09:00 - 20:00,En Progreso,En Progreso,null,null
Netcall,1 oct 2026,18,927405142,9274051428286916026381,9283,Outbound,Portabilidad Postpago,PROGRAMADO,Logixtal,9001,ABIERTAS,Pendiente Entrega,Pendiente Entrega,NET_RMPEREZC,SIM,5 oct 2026,null,null,No,ABIERTAS,null,Multilínea,Mono_item,Lima - Callao,null,null,Power ilim 79.90 SD N,AmericaMovil,09:00 - 20:00,En Progreso,En Progreso,Desconocido,IMPERIAL
Netcall,1 oct 2026,12,927306602,9273066028285962878391,9283,Outbound,Portabilidad Postpago,PROGRAMADO,Logixtal,9001,ABIERTAS,Pendiente Entrega,Pendiente Entrega,NET_JCALDASB,SIM,2 oct 2026,null,null,No,ABIERTAS,null,Monolínea,Mono_item,Lima - Callao,null,null,Power ilim 69.90 N,TELEFONICAPE,09:00 - 20:00,En Progreso,En Progreso,Desconocido,IMPERIAL
Netcall,1 oct 2026,17,927387711,9273877118286753238605,5299,Outbound,Portabilidad Postpago,RETIRO EN TIENDA,Retiro en tienda,7254,ABIERTAS,Pendiente Entrega,Pendiente Entrega,NET_JBOZAC,SIM,1 oct 2026,null,null,No,ABIERTAS,null,Monolínea,Mono_item,Moquegua,null,null,Power ilim 79.90 SD N,AmericaMovil,17:00 - 21:00,En Progreso,En Progreso,Desconocido,null
Netcall,2 oct 2026,10,927727318,92772731889511710101030214180,9283,Outbound,Portabilidad Postpago,EXPRESS,Retiro en tienda,9345,ABIERTAS,Pendiente Entrega,Pendiente Entrega,NET_MVASQUEZV,SIM,2 oct 2026,null,null,No,ABIERTAS,null,Multilínea,Mono_item,Ica,null,null,null,null,10:00 - 20:00,En Progreso,Punto de No Retorno,null,null
Netcall,2 oct 2026,11,927753806,927753806Empty,9283,Outbound,Portabilidad Postpago,PROGRAMADO,Retiro en tienda,9345,ABIERTAS,Pendiente Entrega,Pendiente Entrega,NET_INAVARROI,SIM,3 oct 2026,null,null,No,ABIERTAS,null,Monolínea,Mono_item,Ica,null,null,null,null,09:00 - 13:00,En Progreso,En Progreso,null,null
Netcall,2 oct 2026,10,927715052,92771505289511710101081704048,9283,Outbound,Portabilidad Postpago,RETIRO EN TIENDA,Retiro en tienda,1009,ABIERTAS,Pendiente Entrega,Pendiente Entrega,NET_NRUBIOMARCO,SIM,2 oct 2026,null,null,No,ABIERTAS,null,Multilínea,Mono_item,Ica,null,null,null,null,09:00 - 21:00,En Progreso,Pago Recibido,null,null
Netcall,1 oct 2026,12,927291022,927291022,9283,Outbound,Portabilidad Postpago,RETIRO EN TIENDA,Retiro en tienda,1009,CERRADAS,Entregado,Entregado,NET_CMDELACRUZV,SIM,1 oct 2026,1 oct 2026,null,No,CERRADAS,2026-10-02 00:15:04,Multilínea,Mono_item,Ica,null,Power ilim 79.90 SD N,null,null,09:00 - 21:00,Cerrado,Resuelto,null,null
Netcall,2 oct 2026,9,927700061,927700061Empty,9283,Outbound,Portabilidad Postpago,RETIRO EN TIENDA,Retiro en tienda,1009,ABIERTAS,Pendiente Entrega,Pendiente Entrega,NET_JTITOM,SIM,2 oct 2026,null,null,No,ABIERTAS,null,Multilínea,Mono_item,Ica,null,null,null,null,09:00 - 21:00,En Progreso,En Progreso,null,null
Netcall,2 oct 2026,10,927712509,92771250989511710101030214271,9283,Outbound,Portabilidad Postpago,EXPRESS,Retiro en tienda,9345,ABIERTAS,Entregado,Entregado,NET_DEGALLARDOA,SIM,2 oct 2026,null,null,No,ABIERTAS,null,Monolínea,Mono_item,Ica,null,null,null,null,10:00 - 20:00,En Progreso,Punto de No Retorno,null,null
Netcall,1 oct 2026,8,927225749,9272257498285267648784,9283,Outbound,Portabilidad Postpago,EXPRESS,Logixtal,9345,ABIERTAS,Anulado,NO UBICA DIRECCION,NET_AARNAIZA,SIM,1 oct 2026,null,null,No,ABIERTAS,null,Monolínea,Mono_item,Ica,null,null,Power ilim 79.90 SD N,TELEFONICAPE,10:00 - 20:00,En Progreso,Punto de No Retorno,Desconocido,ICA
Netcall,2 oct 2026,9,927702572,927702572Empty,9283,Outbound,Portabilidad Postpago,RETIRO EN TIENDA,Retiro en tienda,1009,ABIERTAS,Pendiente Entrega,Pendiente Entrega,NET_JTITOM,SIM,2 oct 2026,null,null,No,ABIERTAS,null,Multilínea,Mono_item,Ica,null,null,null,null,09:00 - 21:00,En Progreso,Documentación Generada,null,null
Netcall,1 oct 2026,16,927366714,9273667148286542531755,9283,Outbound,Portabilidad Postpago,PROGRAMADO,Logixtal,9345,ABIERTAS,Pendiente Entrega,Pendiente Entrega,NET_YGARCIAP,SIM,2 oct 2026,null,null,No,ABIERTAS,null,Monolínea,Mono_item,Ica,null,null,Power ilim 69.90 N,TELEFONICAPE,13:01 - 19:00,En Progreso,En Progreso,Desconocido,ICA
Netcall,1 oct 2026,17,927379935,9273799358286676553609,9283,Outbound,Portabilidad Postpago,PROGRAMADO,Logixtal,9345,CANCELADAS,Anulado,SOLICITADO POR CANAL,NET_ATRIVINOS,SIM,2 oct 2026,null,null,No,CANCELADAS,2026-10-01 18:48:01,Multilínea,Mono_item,Ica,null,null,Power ilim 79.90 SD N,Viettel Peru,13:01 - 19:00,Cancelado,Rechazado,Desconocido,ICA
Netcall,1 oct 2026,17,927382745,9273827458286705091544,9283,Outbound,Portabilidad Postpago,PROGRAMADO,Logixtal,9345,ABIERTAS,Pendiente Entrega,Pendiente Entrega,NET_JMINIANOR,SIM,2 oct 2026,null,null,No,ABIERTAS,null,Monolínea,Mono_item,Ica,null,null,Power ilim 69.90 N,TELEFONICAPE,13:01 - 19:00,En Progreso,En Progreso,Desconocido,ICA
Netcall,2 oct 2026,10,927713122,92771312289511710101081704055,9283,Outbound,Portabilidad Postpago,RETIRO EN TIENDA,Retiro en tienda,1009,ABIERTAS,Pendiente Entrega,Pendiente Entrega,NET_NRUBIOMARCO,SIM,2 oct 2026,null,null,No,ABIERTAS,null,Multilínea,Mono_item,Ica,null,null,null,null,09:00 - 21:00,En Progreso,Pago Recibido,null,null
Netcall,2 oct 2026,10,927729492,92772949289511710101030212689,9283,Outbound,Portabilidad Postpago,EXPRESS,Retiro en tienda,9345,ABIERTAS,Pendiente Entrega,Pendiente Entrega,NET_LRUIZH,SIM,2 oct 2026,null,null,No,ABIERTAS,null,Multilínea,Mono_item,Ica,null,null,null,null,10:00 - 20:00,En Progreso,Punto de No Retorno,null,null
Netcall,2 oct 2026,9,927704551,927704551Empty,9283,Outbound,Portabilidad Postpago,RETIRO EN TIENDA,Retiro en tienda,7161,ABIERTAS,Pendiente Entrega,Pendiente Entrega,NET_JCHEROO,SIM,2 oct 2026,null,null,No,ABIERTAS,null,Monolínea,Mono_item,Ica,null,null,null,null,09:00 - 21:00,En Progreso,En Progreso,null,null
Netcall,2 oct 2026,10,927719955,92771995589511710101030214164,9283,Outbound,Portabilidad Postpago,EXPRESS,Retiro en tienda,9345,ABIERTAS,Pendiente Entrega,Pendiente Entrega,NET_MVASQUEZV,SIM,2 oct 2026,null,null,No,ABIERTAS,null,Multilínea,Mono_item,Ica,null,null,null,null,10:00 - 20:00,En Progreso,Punto de No Retorno,null,null
Netcall,1 oct 2026,16,927357611,9273576118286451567266,9283,Outbound,Portabilidad Postpago,RETIRO EN TIENDA,Retiro en tienda,1009,CERRADAS,Entregado,Entregado,NET_EBOZA,SIM,1 oct 2026,1 oct 2026,null,No,CERRADAS,2026-10-02 03:44:07,Monolínea,Mono_item,Ica,null,Power ilim 69.90 N,Power ilim 69.90 N,AmericaMovil,09:00 - 21:00,Cerrado,Resuelto,Desconocido,null
Netcall,1 oct 2026,11,927276121,9272761218285666530729,9283,Outbound,Portabilidad Postpago,RETIRO EN TIENDA,Retiro en tienda,1009,CERRADAS,Entregado,Entregado,NET_JTITOM,SIM,1 oct 2026,1 oct 2026,null,No,CERRADAS,2026-10-02 01:32:20,Multilínea,Multi_item,Ica,null,Power ilim 79.90 SD N,Power ilim 79.90 SD N,AmericaMovil,09:00 - 21:00,Cerrado,Resuelto,Desconocido,null
Netcall,2 oct 2026,9,927708829,927708829Empty,9283,Outbound,Portabilidad Postpago,RETIRO EN TIENDA,Retiro en tienda,1009,ABIERTAS,Pendiente Entrega,Pendiente Entrega,NET_CGARCIAC,SIM,2 oct 2026,null,null,No,ABIERTAS,null,Multilínea,Mono_item,Ica,null,null,null,null,09:00 - 21:00,En Progreso,En Progreso,null,null
Netcall,1 oct 2026,12,927292814,9272928148285817976223,9283,Outbound,Portabilidad Postpago,RETIRO EN TIENDA,Retiro en tienda,1009,CERRADAS,Entregado,Entregado,NET_CMDELACRUZV,SIM,1 oct 2026,1 oct 2026,null,No,CERRADAS,2026-10-02 01:21:28,Multilínea,Mono_item,Ica,null,Power ilim 79.90 SD N,Power ilim 79.90 SD N,TELEFONICAPE,09:00 - 21:00,Cerrado,Resuelto,Desconocido,null
Netcall,1 oct 2026,15,927346555,9273465558286346045794,9283,Outbound,Portabilidad Postpago,PROGRAMADO,Logixtal,9345,ABIERTAS,Pendiente Entrega,Pendiente Entrega,NET_JAMASIFUENT,SIM,2 oct 2026,null,null,No,ABIERTAS,null,Monolínea,Mono_item,Ica,null,null,Power ilim 69.90 N,TELEFONICAPE,09:00 - 13:00,En Progreso,Documentación Generada,Desconocido,ICA
Netcall,1 oct 2026,17,927378777,9273787778286667980508,9283,Outbound,Venta Regular / Alta,PROGRAMADO,Logixtal,9345,CANCELADAS,Anulado,SOLICITADO POR CANAL,NET_ATRIVINOS,SIM,2 oct 2026,null,null,No,CANCELADAS,2026-10-01 18:48:31,Multilínea,Mono_item,Ica,null,null,Power ilim 79.90 SD N,Desconocido,13:01 - 19:00,Cancelado,Rechazado,Desconocido,ICA
Netcall,1 oct 2026,11,927288903,9272889038285786129990,9283,Outbound,Portabilidad Postpago,RETIRO EN TIENDA,Retiro en tienda,1009,CERRADAS,Entregado,Entregado,NET_CMDELACRUZV,SIM,1 oct 2026,1 oct 2026,null,No,CERRADAS,2026-10-02 03:43:49,Multilínea,Mono_item,Ica,null,Power ilim 79.90 SD N,Power ilim 79.90 SD N,TELEFONICAPE,09:00 - 21:00,Cerrado,Resuelto,Desconocido,null
Netcall,2 oct 2026,10,927723907,92772390789511710101030211111,9283,Outbound,Portabilidad Postpago,EXPRESS,Retiro en tienda,9345,ABIERTAS,Entregado,Entregado,NET_EJARANAA,SIM,2 oct 2026,null,null,No,ABIERTAS,null,Monolínea,Mono_item,Ica,null,null,null,null,10:00 - 20:00,En Progreso,Punto de No Retorno,null,null
Netcall,1 oct 2026,11,927273863,9272738638285648249138,9283,Outbound,Portabilidad Postpago,RETIRO EN TIENDA,Retiro en tienda,1009,CERRADAS,Entregado,Entregado,NET_JTITOM,SIM,1 oct 2026,1 oct 2026,null,No,CERRADAS,2026-10-02 01:23:58,Multilínea,Multi_item,Ica,null,Power ilim 79.90 SD N,Power ilim 79.90 SD N,AmericaMovil,09:00 - 21:00,Cerrado,Resuelto,Portabilidad Rechazada. REC01ABD15: El Código NIP es invalido | REC01ABD15,null
Netcall,1 oct 2026,14,927328270,9273282708286165504221,9283,Outbound,Portabilidad Postpago,RETIRO EN TIENDA,Retiro en tienda,7161,ABIERTAS,Pendiente Entrega,Pendiente Entrega,TLV_NET_FVALQUI,SIM,1 oct 2026,null,null,No,ABIERTAS,null,Monolínea,Mono_item,Ica,null,null,Power ilim 69.90 N,AmericaMovil,09:00 - 21:00,En Progreso,En Progreso,Desconocido,null
Netcall,1 oct 2026,10,927264855,9272648558285580459607,9283,Outbound,Portabilidad Postpago,RETIRO EN TIENDA,Retiro en tienda,1009,ABIERTAS,Pendiente Entrega,Pendiente Entrega,NET_MORIHUELAQ,SIM,1 oct 2026,null,null,No,ABIERTAS,null,Monolínea,Mono_item,Ica,null,null,Power ilim 69.90 N,Viettel Peru,09:00 - 21:00,En Progreso,En Progreso,Desconocido,null
Netcall,2 oct 2026,9,927707585,927707585Empty,9283,Outbound,Portabilidad Postpago,RETIRO EN TIENDA,Retiro en tienda,1009,ABIERTAS,Pendiente Entrega,Pendiente Entrega,NET_CGARCIAC,SIM,2 oct 2026,null,null,No,ABIERTAS,null,Multilínea,Mono_item,Ica,null,null,null,null,09:00 - 21:00,En Progreso,En Progreso,null,null
Netcall,2 oct 2026,10,927717350,927717350Empty,9283,Outbound,Portabilidad Postpago,RETIRO EN TIENDA,Retiro en tienda,1009,ABIERTAS,Pendiente Entrega,Pendiente Entrega,NET_DMORENOL,SIM,2 oct 2026,null,null,No,ABIERTAS,null,Monolínea,Mono_item,Ica,null,null,null,null,09:00 - 21:00,En Progreso,Documentación Generada,null,null
Netcall,1 oct 2026,16,927365276,9273652768286530181773,9283,Outbound,Venta Regular / Alta,PROGRAMADO,Logixtal,9345,ABIERTAS,Pendiente Entrega,Pendiente Entrega,NET_ATELLOY,SIM,2 oct 2026,null,null,No,ABIERTAS,null,Multilínea,Mono_item,Ica,null,null,Power ilim 79.90 SD N,Desconocido,09:00 - 13:00,En Progreso,En Progreso,Desconocido,ICA
Netcall,1 oct 2026,18,927398402,9273984028286852641627,9265,Outbound,Portabilidad Postpago,RETIRO EN TIENDA,Retiro en tienda,1009,ABIERTAS,Pendiente Entrega,Pendiente Entrega,NET_IRODRIGUEZS,SIM,1 oct 2026,null,null,No,ABIERTAS,null,Monolínea,Mono_item,Ica,null,null,Power ilim 69.90 N,AmericaMovil,09:00 - 21:00,En Progreso,En Progreso,Desconocido,null
Netcall,2 oct 2026,10,927728831,92772883189511710101030210592,9283,Outbound,Portabilidad Postpago,EXPRESS,Retiro en tienda,9345,ABIERTAS,Pendiente Entrega,Pendiente Entrega,NET_MOQUISPITON,SIM,2 oct 2026,null,null,No,ABIERTAS,null,Monolínea,Mono_item,Ica,null,null,null,null,10:00 - 20:00,En Progreso,Punto de No Retorno,null,null
Netcall,2 oct 2026,10,927724523,92772452389511710101030214172,9283,Outbound,Portabilidad Postpago,EXPRESS,Retiro en tienda,9345,ABIERTAS,Pendiente Entrega,Pendiente Entrega,NET_MVASQUEZV,SIM,2 oct 2026,null,null,No,ABIERTAS,null,Multilínea,Mono_item,Ica,null,null,null,null,10:00 - 20:00,En Progreso,Punto de No Retorno,null,null
Netcall,1 oct 2026,10,927255537,927255537,9283,Outbound,Portabilidad Postpago,EXPRESS,Logixtal,9345,CERRADAS,Entregado,Entregado,NET_KDIAZPISCOY,SIM,1 oct 2026,1 oct 2026,null,No,CERRADAS,2026-10-02 00:17:33,Multilínea,Mono_item,Ica,null,Power ilim 79.90 SD N,null,null,10:00 - 20:00,Cerrado,Resuelto,null,ICA
Netcall,2 oct 2026,11,927757656,927757656Empty,9283,Outbound,Venta Regular / Alta,RETIRO EN TIENDA,Retiro en tienda,1009,ABIERTAS,Pendiente Entrega,Pendiente Entrega,NET_ATRIVINOS,SIM,2 oct 2026,null,null,No,ABIERTAS,null,Monolínea,Mono_item,Ica,null,null,null,null,09:00 - 21:00,En Progreso,En Progreso,null,null
Netcall,1 oct 2026,10,927256953,9272569538285508473900,9283,Outbound,Portabilidad Postpago,EXPRESS,Logixtal,9345,CERRADAS,Entregado,Entregado,NET_KDIAZPISCOY,SIM,1 oct 2026,1 oct 2026,null,No,CERRADAS,2026-10-02 01:52:14,Multilínea,Mono_item,Ica,null,Power ilim 79.90 SD N,Power ilim 79.90 SD N,Viettel Peru,10:00 - 20:00,Cerrado,Resuelto,Desconocido,ICA
Netcall,2 oct 2026,10,927727993,92772799389511710121058251286,9283,Outbound,Portabilidad Postpago,EXPRESS,Retiro en tienda,9345,ABIERTAS,Pendiente Entrega,Pendiente Entrega,NET_LRUIZH,SIM,2 oct 2026,null,null,No,ABIERTAS,null,Multilínea,Mono_item,Ica,null,null,null,null,10:00 - 20:00,En Progreso,Punto de No Retorno,null,null
Netcall,1 oct 2026,11,927273863,9272738638285648249355,9283,Outbound,Portabilidad Postpago,RETIRO EN TIENDA,Retiro en tienda,1009,CERRADAS,Entregado,Entregado,NET_JTITOM,SIM,1 oct 2026,1 oct 2026,null,No,CERRADAS,2026-10-02 01:23:58,Multilínea,Multi_item,Ica,null,Power ilim 79.90 SD N,Power ilim 79.90 SD N,AmericaMovil,09:00 - 21:00,Cerrado,Resuelto,Portabilidad Rechazada. REC01ABD15: El Código NIP es invalido | REC01ABD15,null
Netcall,1 oct 2026,11,927276121,9272761218285666530512,9283,Outbound,Portabilidad Postpago,RETIRO EN TIENDA,Retiro en tienda,1009,CERRADAS,Entregado,Entregado,NET_JTITOM,SIM,1 oct 2026,1 oct 2026,null,No,CERRADAS,2026-10-02 01:32:20,Multilínea,Multi_item,Ica,null,Power ilim 79.90 SD N,Power ilim 79.90 SD N,AmericaMovil,09:00 - 21:00,Cerrado,Resuelto,Desconocido,null
Netcall,1 oct 2026,16,927367485,9273674858286554945913,9283,Outbound,Portabilidad Postpago,PROGRAMADO,Logixtal,9345,ABIERTAS,Pendiente Entrega,Pendiente Entrega,NET_ATELLOY,SIM,2 oct 2026,null,null,No,ABIERTAS,null,Multilínea,Mono_item,Ica,null,null,Power ilim 79.90 SD N,AmericaMovil,13:01 - 19:00,En Progreso,En Progreso,Desconocido,ICA
Netcall,1 oct 2026,16,927358562,9273585628286476963376,9283,Outbound,Portabilidad Postpago,RETIRO EN TIENDA,Retiro en tienda,7169,CERRADAS,Entregado,Entregado,NET_RNUNEZH,SIM,1 oct 2026,1 oct 2026,null,No,CERRADAS,2026-10-02 01:17:09,Monolínea,Mono_item,Ancash,null,Power ilim 79.90 SD N,Power ilim 79.90 SD N,TELEFONICAPE,09:00 - 21:00,Cerrado,Resuelto,Desconocido,null
Netcall,2 oct 2026,10,927728422,927728422Empty,9283,Outbound,Portabilidad Postpago,PROGRAMADO,Retiro en tienda,9344,ABIERTAS,Pendiente Entrega,Pendiente Entrega,NET_NSANTAMARIA,SIM,3 oct 2026,null,null,No,ABIERTAS,null,Multilínea,Mono_item,Ancash,null,null,null,null,09:00 - 13:00,En Progreso,En Progreso,null,null
Netcall,2 oct 2026,10,927719476,927719476Empty,9283,Outbound,Portabilidad Postpago,RETIRO EN TIENDA,Retiro en tienda,3016,ABIERTAS,Pendiente Entrega,Pendiente Entrega,NET_LDIAZM,SIM,2 oct 2026,null,null,No,ABIERTAS,null,Multilínea,Mono_item,Ancash,null,null,null,null,09:00 - 21:00,En Progreso,Pago Recibido,null,null
Netcall,1 oct 2026,10,927265310,927265310,9283,Outbound,Portabilidad Postpago,EXPRESS,Logixtal,9344,CERRADAS,Entregado,Entregado,NET_JSANGAMA,SIM,1 oct 2026,1 oct 2026,null,No,CERRADAS,2026-10-02 00:34:58,Monolínea,Mono_item,Ancash,null,Power ilim 69.90 N,null,null,10:00 - 20:00,Cerrado,Resuelto,null,HUARAZ
Netcall,1 oct 2026,17,927378818,9273788188286668399022,9283,Outbound,Portabilidad Postpago,PROGRAMADO,Logixtal,9344,ABIERTAS,Pendiente Entrega,Pendiente Entrega,NET_EYDAVILAC,SIM,2 oct 2026,null,null,No,ABIERTAS,null,Monolínea,Mono_item,Ancash,null,null,Power ilim 69.90 N,AmericaMovil,09:00 - 13:00,En Progreso,En Progreso,Desconocido,HUARAZ
Netcall,1 oct 2026,18,927375221,9273752218286960567009,9283,Outbound,Portabilidad Postpago,RETIRO EN TIENDA,Retiro en tienda,3016,CERRADAS,Entregado,Entregado,NET_JVMORENO,SIM,1 oct 2026,1 oct 2026,null,No,CERRADAS,2026-10-02 01:09:20,Monolínea,Mono_item,Ancash,null,Power ilim 69.90 N,Power ilim 69.90 N,AmericaMovil,09:00 - 21:00,Cerrado,Resuelto,Desconocido,null
Netcall,1 oct 2026,13,927314315,927314315,9283,Outbound,Portabilidad Postpago,EXPRESS,Logixtal,9344,CERRADAS,Entregado,Entregado,NET_EZEVALLOSZ,SIM,1 oct 2026,1 oct 2026,null,No,CERRADAS,2026-10-02 00:34:22,Monolínea,Mono_item,Ancash,null,Power ilim 79.90 SD N,null,null,10:00 - 20:00,Cerrado,Resuelto,null,HUARAZ
Netcall,2 oct 2026,10,927726837,927726837Empty,9283,Outbound,Portabilidad Postpago,PROGRAMADO,Retiro en tienda,9344,ABIERTAS,Pendiente Entrega,Pendiente Entrega,NET_NSANTAMARIA,SIM,3 oct 2026,null,null,No,ABIERTAS,null,Multilínea,Mono_item,Ancash,null,null,null,null,09:00 - 13:00,En Progreso,En Progreso,null,null
Netcall,1 oct 2026,9,927227908,9272279088285274097394,9271,Outbound,Portabilidad Postpago,PROGRAMADO,Logixtal,9344,ABIERTAS,Pendiente Entrega,Pendiente Entrega,NET_PTORRESR,SIM,3 oct 2026,null,null,No,ABIERTAS,null,Monolínea,Mono_item,Ancash,null,null,Power ilim 69.90 N,Viettel Peru,13:01 - 19:00,En Progreso,En Progreso,Desconocido,HUARAZ
Netcall,1 oct 2026,15,927347066,9273470668286348752475,9283,Outbound,Portabilidad Postpago,RETIRO EN TIENDA,Retiro en tienda,3016,CERRADAS,Entregado,Entregado,NET_LDIAZM,SIM,1 oct 2026,1 oct 2026,null,No,CERRADAS,2026-10-02 00:41:56,Monolínea,Mono_item,Ancash,null,Power ilim 79.90 SD N,Power ilim 79.90 SD N,AmericaMovil,09:00 - 21:00,Cerrado,Resuelto,Desconocido,null
Netcall,1 oct 2026,16,927373728,927373728,9283,Outbound,Portabilidad Postpago,EXPRESS,Logixtal,9344,CERRADAS,Entregado,Entregado,TLV_NET_MLANDAR,SIM,1 oct 2026,1 oct 2026,null,No,CERRADAS,2026-10-02 00:25:16,Monolínea,Mono_item,Ancash,null,Power ilim 69.90 N,null,null,10:00 - 20:00,Cerrado,Resuelto,null,HUARAZ
Netcall,2 oct 2026,11,927740596,92774059689511710111070971730,5299,Outbound,Portabilidad Postpago,EXPRESS,Retiro en tienda,9344,CANCELADAS,Cancelado,Cancelado,NET_AMENDOZAM,SIM,2 oct 2026,null,null,No,CANCELADAS,2026-10-02 12:21:18,Monolínea,Mono_item,Ancash,null,null,null,null,10:00 - 20:00,En Progreso,Punto de No Retorno,null,null
Netcall,2 oct 2026,10,927716968,927716968Empty,9283,Outbound,Portabilidad Postpago,RETIRO EN TIENDA,Retiro en tienda,3016,ABIERTAS,Pendiente Entrega,Pendiente Entrega,NET_LDIAZM,SIM,2 oct 2026,null,null,No,ABIERTAS,null,Multilínea,Mono_item,Ancash,null,null,null,null,09:00 - 21:00,En Progreso,Pago Recibido,null,null
Netcall,1 oct 2026,11,927282210,9272822108285722274774,9283,Outbound,Portabilidad Postpago,PROGRAMADO,Logixtal,9001,ABIERTAS,Pendiente Entrega,Pendiente Entrega,NET_LRAMIREZV,SIM,2 oct 2026,null,null,No,ABIERTAS,null,Monolínea,Mono_item,Lima - Callao,null,null,Power ilim 79.90 SD N,TELEFONICAPE,09:00 - 20:00,En Progreso,En Progreso,Desconocido,HUARAL
Netcall,1 oct 2026,16,927374071,9273740718286613926671,9283,Outbound,Portabilidad Postpago,EXPRESS,Logixtal,9353,CERRADAS,Entregado,Entregado,NET_RMRAMIREZ,SIM,1 oct 2026,1 oct 2026,null,No,CERRADAS,2026-10-02 00:42:01,Monolínea,Mono_item,Huanuco,null,Power ilim 69.90 N,Power ilim 69.90 N,AmericaMovil,10:00 - 20:00,Cerrado,Resuelto,Desconocido,HUANUCO
Netcall,1 oct 2026,9,927235283,9272352838285329571531,9283,Outbound,Portabilidad Postpago,PROGRAMADO,Logixtal,9353,ABIERTAS,Pendiente Entrega,Pendiente Entrega,TLV_NET_MFARFAN,SIM,3 oct 2026,null,null,No,ABIERTAS,null,Monolínea,Mono_item,Huanuco,null,null,Power ilim 69.90 N,TELEFONICAPE,09:00 - 13:00,En Progreso,En Progreso,Desconocido,HUANUCO
Netcall,2 oct 2026,9,927709951,92770995189511710101030039405,9283,Outbound,Venta Regular / Alta,EXPRESS,Retiro en tienda,9353,CERRADAS,Entregado,Entregado,NET_RMRAMIREZ,SIM,2 oct 2026,2 oct 2026,null,No,CERRADAS,2026-10-02 11:23:01,Multilínea,Mono_item,Huanuco,null,Power ilim 79.90 SD N,null,null,10:00 - 20:00,Cerrado,Resuelto,null,null
Netcall,1 oct 2026,10,927246238,9272462388285425840588,5299,Outbound,Portabilidad Postpago,EXPRESS,Logixtal,9353,CERRADAS,Entregado,Entregado,NET_AREYNOSAC,SIM,1 oct 2026,1 oct 2026,null,No,CERRADAS,2026-10-02 00:42:00,Monolínea,Mono_item,Huanuco,null,Power ilim 79.90 SD N,Power ilim 79.90 SD N,TELEFONICAPE,10:00 - 20:00,Cerrado,Resuelto,Desconocido,HUANUCO
Netcall,2 oct 2026,9,927705613,92770561389511710101030037532,9283,Outbound,Portabilidad Postpago,EXPRESS,Retiro en tienda,9353,ABIERTAS,Entregado,Entregado,NET_OTACOM,SIM,2 oct 2026,null,null,No,ABIERTAS,null,Monolínea,Mono_item,Huanuco,null,null,null,null,10:00 - 20:00,En Progreso,Pago Recibido,null,null
Netcall,1 oct 2026,11,927276590,9272765908285668462438,9283,Outbound,Portabilidad Postpago,EXPRESS,Logixtal,9353,CERRADAS,Entregado,Entregado,NET_LHUAPAYAO,SIM,1 oct 2026,1 oct 2026,null,No,CERRADAS,2026-10-02 01:46:53,Monolínea,Mono_item,Huanuco,null,Power ilim 69.90 N,Power ilim 69.90 N,AmericaMovil,10:00 - 20:00,Cerrado,Resuelto,Desconocido,HUANUCO
Netcall,1 oct 2026,11,927289243,9272892438285789418599,9283,Outbound,Portabilidad Postpago,EXPRESS,Logixtal,9353,CERRADAS,Entregado,Entregado,NET_ATORRESP,SIM,1 oct 2026,1 oct 2026,null,No,CERRADAS,2026-10-02 01:48:46,Monolínea,Mono_item,Huanuco,null,Power ilim 79.90 SD N,Power ilim 79.90 SD N,TELEFONICAPE,10:00 - 20:00,Cerrado,Resuelto,Desconocido,HUANUCO
Netcall,2 oct 2026,10,927711079,92771107989511710101030039397,9283,Outbound,Portabilidad Postpago,EXPRESS,Retiro en tienda,9353,ABIERTAS,Entregado,Entregado,NET_RMRAMIREZ,SIM,2 oct 2026,null,null,No,ABIERTAS,null,Multilínea,Mono_item,Huanuco,null,null,null,null,10:00 - 20:00,En Progreso,Pago Recibido,null,null
Netcall,2 oct 2026,10,927713213,927713213Empty,9283,Outbound,Portabilidad Postpago,RETIRO EN TIENDA,Retiro en tienda,3015,ABIERTAS,Pendiente Entrega,Pendiente Entrega,NET_RTORRESB,SIM,2 oct 2026,null,null,No,ABIERTAS,null,Monolínea,Mono_item,Huanuco,null,null,null,null,09:00 - 21:00,En Progreso,En Progreso,null,null
Netcall,1 oct 2026,7,927198928,9271989288285188031553,9283,Outbound,Venta Regular / Alta,EXPRESS,Logixtal,9353,CERRADAS,Entregado,Entregado,NET_MFERRER,SIM,1 oct 2026,1 oct 2026,null,No,CERRADAS,2026-10-01 11:35:32,Monolínea,Mono_item,Huanuco,null,Power 39.90 N,Power 39.90 N,Desconocido,10:00 - 20:00,Cerrado,Resuelto,Desconocido,HUANUCO
Netcall,1 oct 2026,10,927248589,9272485898285444511147,9283,Outbound,Portabilidad Postpago,RETIRO EN TIENDA,Retiro en tienda,3015,ABIERTAS,Pendiente Entrega,Pendiente Entrega,NET_MGONZALESPE,SIM,1 oct 2026,null,null,No,ABIERTAS,null,Multilínea,Mono_item,Huanuco,null,null,Power ilim 79.90 SD N,Viettel Peru,09:00 - 21:00,En Progreso,En Progreso,Desconocido,null
Netcall,1 oct 2026,10,927253625,9272536258285499823610,9283,Outbound,Portabilidad Postpago,RETIRO EN TIENDA,Retiro en tienda,3015,CERRADAS,Entregado,Entregado,TLV_NET_KARANDA,SIM,1 oct 2026,1 oct 2026,null,No,CERRADAS,2026-10-02 01:21:24,Monolínea,Mono_item,Huanuco,null,Power ilim 79.90 SD N,Power ilim 79.90 SD N,Viettel Peru,09:00 - 21:00,Cerrado,Resuelto,Desconocido,null
Netcall,1 oct 2026,10,927250484,9272504848285460513708,9283,Outbound,Portabilidad Postpago,RETIRO EN TIENDA,Retiro en tienda,3015,ABIERTAS,Pendiente Entrega,Pendiente Entrega,NET_MGONZALESPE,SIM,1 oct 2026,null,null,No,ABIERTAS,null,Multilínea,Mono_item,Huanuco,null,null,Power ilim 79.90 SD N,TELEFONICAPE,09:00 - 21:00,En Progreso,En Progreso,Desconocido,null
Netcall,1 oct 2026,10,927256585,9272565858285517489425,9283,Outbound,Portabilidad Postpago,EXPRESS,Logixtal,9346,ABIERTAS,Pendiente Entrega,Pendiente Entrega,NET_LLEONAN,SIM,1 oct 2026,null,null,No,ABIERTAS,null,Monolínea,Mono_item,Junin,null,null,Power ilim 79.90 SD N,TELEFONICAPE,08:00 - 20:00,En Progreso,Punto de No Retorno,Desconocido,HUANCAYO
Netcall,2 oct 2026,9,927695367,92769536789511710121058293577,9283,Outbound,Portabilidad Postpago,EXPRESS,Retiro en tienda,9346,ABIERTAS,Pendiente Entrega,Pendiente Entrega,TLV_NET_BCHAVEZ,SIM,2 oct 2026,null,null,No,ABIERTAS,null,Multilínea,Mono_item,Junin,null,null,null,null,10:00 - 20:00,En Progreso,Punto de No Retorno,null,null
Netcall,2 oct 2026,8,927691087,92769108789511710101046817570,9283,Outbound,Portabilidad Postpago,EXPRESS,Retiro en tienda,9346,ABIERTAS,Pendiente Entrega,Pendiente Entrega,TLV_NET_BCHAVEZ,SIM,2 oct 2026,null,null,No,ABIERTAS,null,Multilínea,Mono_item,Junin,null,null,null,null,10:00 - 20:00,En Progreso,Punto de No Retorno,null,null
Netcall,2 oct 2026,11,927748074,927748074Empty,9283,Outbound,Portabilidad Postpago,EXPRESS,Retiro en tienda,9346,ABIERTAS,Pendiente Entrega,Pendiente Entrega,TLV_NET_BRAMIRE,SIM,2 oct 2026,null,null,No,ABIERTAS,null,Monolínea,Mono_item,Junin,null,null,null,null,10:00 - 20:00,En Progreso,En Progreso,null,null
Netcall,1 oct 2026,15,927343393,9273433938286312166207,9271,Outbound,Portabilidad Postpago,EXPRESS,Logixtal,9346,CANCELADAS,Anulado,DESISTE POR PENALIDAD DE PROVEEDOR ACTUAL,NET_KTORRESP,SIM,1 oct 2026,null,null,No,CANCELADAS,2026-10-01 17:08:01,Multilínea,Multi_item,Junin,null,null,Power ilim 79.90 SD N,Viettel Peru,10:00 - 20:00,Cancelado,Rechazado,Desconocido,HUANCAYO
Netcall,2 oct 2026,8,927665324,92766532489511710101029889596,9283,Outbound,Portabilidad Postpago,EXPRESS,Retiro en tienda,9346,ABIERTAS,Entregado,Entregado,NET_RCORDOVAC,SIM,2 oct 2026,null,null,No,ABIERTAS,null,Monolínea,Mono_item,Junin,null,null,null,null,10:00 - 20:00,En Progreso,Punto de No Retorno,null,null
Netcall,1 oct 2026,10,927246590,9272465908285423266342,9271,Outbound,Portabilidad Postpago,EXPRESS,Logixtal,9346,CANCELADAS,Anulado,PIN-PORTA NO LLEGA SMS,NET_KTORRESP,SIM,1 oct 2026,null,null,No,CANCELADAS,2026-10-01 13:45:33,Multilínea,Multi_item,Junin,null,null,Power ilim 79.90 SD N,Viettel Peru,10:00 - 20:00,Cancelado,Rechazado,Desconocido,HUANCAYO
Netcall,2 oct 2026,9,927693000,92769300089511710101029891170,9283,Outbound,Portabilidad Postpago,EXPRESS,Retiro en tienda,9346,ABIERTAS,Pendiente Entrega,Pendiente Entrega,TLV_NET_BCHAVEZ,SIM,2 oct 2026,null,null,No,ABIERTAS,null,Multilínea,Mono_item,Junin,null,null,null,null,10:00 - 20:00,En Progreso,Punto de No Retorno,null,null
Netcall,1 oct 2026,15,927343393,9273433938286312166424,9271,Outbound,Portabilidad Postpago,EXPRESS,Logixtal,9346,CANCELADAS,Anulado,DESISTE POR PENALIDAD DE PROVEEDOR ACTUAL,NET_KTORRESP,SIM,1 oct 2026,null,null,No,CANCELADAS,2026-10-01 17:08:01,Multilínea,Multi_item,Junin,null,null,Power ilim 79.90 SD N,Viettel Peru,10:00 - 20:00,Cancelado,Rechazado,Desconocido,HUANCAYO
Netcall,2 oct 2026,9,927691842,92769184289511710111070943994,9283,Outbound,Portabilidad Postpago,EXPRESS,Retiro en tienda,9346,ABIERTAS,Pendiente Entrega,Pendiente Entrega,NET_BBELLIDOP,SIM,3 oct 2026,null,null,No,ABIERTAS,null,Monolínea,Mono_item,Junin,null,null,null,null,08:00 - 20:00,En Progreso,Punto de No Retorno,null,null
Netcall,1 oct 2026,10,927246590,9272465908285423266125,9271,Outbound,Portabilidad Postpago,EXPRESS,Logixtal,9346,CANCELADAS,Anulado,PIN-PORTA NO LLEGA SMS,NET_KTORRESP,SIM,1 oct 2026,null,null,No,CANCELADAS,2026-10-01 13:45:33,Multilínea,Multi_item,Junin,null,null,Power ilim 79.90 SD N,Viettel Peru,10:00 - 20:00,Cancelado,Rechazado,Desconocido,HUANCAYO
Netcall,2 oct 2026,8,927677191,927677191Empty,9283,Outbound,Portabilidad Postpago,PROGRAMADO,Retiro en tienda,9346,ABIERTAS,Pendiente Entrega,Pendiente Entrega,TLV_NET_MLANDAR,SIM,3 oct 2026,null,null,No,ABIERTAS,null,Monolínea,Mono_item,Junin,null,null,null,null,09:00 - 13:00,En Progreso,En Progreso,null,null
Netcall,1 oct 2026,12,927297652,9272976528285872803887,9283,Outbound,Portabilidad Postpago,EXPRESS,Logixtal,9346,CERRADAS,Entregado,Entregado,NET_TVASQUEZANG,SIM,1 oct 2026,1 oct 2026,null,No,CERRADAS,2026-10-02 02:01:28,Monolínea,Mono_item,Junin,null,Power ilim 79.90 SD N,Power ilim 79.90 SD N,TELEFONICAPE,10:00 - 20:00,Cerrado,Resuelto,Desconocido,HUANCAYO
Netcall,1 oct 2026,10,927259060,9272590608285530221238,9283,Outbound,Portabilidad Postpago,EXPRESS,Logixtal,9346,ABIERTAS,Pendiente Entrega,Pendiente Entrega,NET_DDEPINHOZ,SIM,1 oct 2026,null,null,No,ABIERTAS,null,Monolínea,Mono_item,Junin,null,null,Power ilim 79.90 SD N,TELEFONICAPE,08:00 - 20:00,En Progreso,Punto de No Retorno,Desconocido,HUANCAYO
Netcall,2 oct 2026,9,927703338,92770333889511710101029883722,9271,Outbound,Portabilidad Postpago,EXPRESS,Retiro en tienda,9346,ABIERTAS,Pendiente Entrega,Pendiente Entrega,NET_MVALIENTES,SIM,2 oct 2026,null,null,No,ABIERTAS,null,Monolínea,Mono_item,Junin,null,null,null,null,10:00 - 20:00,En Progreso,Punto de No Retorno,null,null
Netcall,1 oct 2026,11,927279151,9272791518285689929511,9283,Outbound,Portabilidad Postpago,RETIRO EN TIENDA,Retiro en tienda,1008,ABIERTAS,Pendiente Entrega,Pendiente Entrega,TLV_NET_ARICRAD,SIM,1 oct 2026,null,null,No,ABIERTAS,null,Monolínea,Mono_item,Junin,null,null,Power ilim 69.90 N,AmericaMovil,17:00 - 21:00,En Progreso,Documentación Generada,Desconocido,null
Netcall,1 oct 2026,13,927313103,9273131038286025602619,9283,Outbound,Portabilidad Postpago,RETIRO EN TIENDA,Retiro en tienda,1008,CERRADAS,Entregado,Entregado,NET_KAGRAMONTEM,SIM,1 oct 2026,1 oct 2026,null,No,CERRADAS,2026-10-02 01:23:20,Monolínea,Mono_item,Junin,null,Power ilim 79.90 SD N,Power ilim 79.90 SD N,TELEFONICAPE,17:00 - 21:00,Cerrado,Resuelto,Desconocido,null
Netcall,1 oct 2026,9,927239487,9272394878285357902980,9283,Outbound,Portabilidad Postpago,EXPRESS,Logixtal,9346,CERRADAS,Entregado,Entregado,NET_DREVILLAN,SIM,1 oct 2026,1 oct 2026,null,No,CERRADAS,2026-10-02 02:00:38,Monolínea,Mono_item,Junin,null,Power ilim 69.90 N,Power ilim 69.90 N,TELEFONICAPE,10:00 - 20:00,Cerrado,Resuelto,Desconocido,HUANCAYO
Netcall,2 oct 2026,11,927745171,927745171Empty,9283,Outbound,Portabilidad Postpago,EXPRESS,Retiro en tienda,9346,ABIERTAS,Pendiente Entrega,Pendiente Entrega,NET_ACONTRERASG,SIM,2 oct 2026,null,null,No,ABIERTAS,null,Monolínea,Mono_item,Junin,null,null,null,null,10:00 - 20:00,En Progreso,En Progreso,null,null
Netcall,1 oct 2026,14,927336062,9273360628286240422180,9283,Outbound,Portabilidad Postpago,EXPRESS,Logixtal,9346,CERRADAS,Entregado,Entregado,NET_NRUBIOMARCO,SIM,1 oct 2026,1 oct 2026,null,No,CERRADAS,2026-10-02 01:52:15,Monolínea,Mono_item,Junin,null,Power ilim 79.90 SD N,Power ilim 79.90 SD N,Viettel Peru,10:00 - 20:00,Cerrado,Resuelto,Desconocido,HUANCAYO
Netcall,1 oct 2026,17,927391355,9273913558286784073702,9283,Outbound,Portabilidad Postpago,RETIRO EN TIENDA,Retiro en tienda,3217,CERRADAS,Entregado,Entregado,NET_KAGRAMONTEM,SIM,1 oct 2026,1 oct 2026,null,No,CERRADAS,2026-10-02 01:48:45,Multilínea,Mono_item,Huancavelica,null,Power ilim 79.90 SD N,Power ilim 79.90 SD N,TELEFONICAPE,17:00 - 21:00,Cerrado,Resuelto,Desconocido,null
Netcall,1 oct 2026,11,927287933,9272879338285768802675,9283,Outbound,Portabilidad Postpago,EXPRESS,Logixtal,3217,CERRADAS,Entregado,Entregado,NET_SGONZALESF,SIM,1 oct 2026,1 oct 2026,null,No,CERRADAS,2026-10-02 01:02:55,Monolínea,Mono_item,Huancavelica,null,Power ilim 79.90 SD N,Power ilim 79.90 SD N,TELEFONICAPE,10:00 - 20:00,Cerrado,Resuelto,Desconocido,HUANCAVELICA
Netcall,1 oct 2026,10,927248061,9272480618285432483757,9283,Outbound,Portabilidad Postpago,EXPRESS,Logixtal,3217,CERRADAS,Entregado,Entregado,NET_MMACHACAM,SIM,1 oct 2026,1 oct 2026,null,No,CERRADAS,2026-10-02 01:48:30,Multilínea,Mono_item,Huancavelica,null,Power ilim 79.90 SD N,Power ilim 79.90 SD N,AmericaMovil,10:00 - 20:00,Cerrado,Resuelto,Portabilidad Rechazada. REC01ABD15: El Código NIP es invalido | REC01ABD15,HUANCAVELICA
Netcall,1 oct 2026,17,927392633,9273926338286799602046,9283,Outbound,Portabilidad Postpago,RETIRO EN TIENDA,Retiro en tienda,3217,CERRADAS,Entregado,Entregado,NET_KAGRAMONTEM,SIM,1 oct 2026,1 oct 2026,null,No,CERRADAS,2026-10-02 01:31:58,Multilínea,Mono_item,Huancavelica,null,Power ilim 79.90 SD N,Power ilim 79.90 SD N,TELEFONICAPE,17:00 - 21:00,Cerrado,Resuelto,Desconocido,null
Netcall,1 oct 2026,11,927271674,9272716748285631742204,9271,Outbound,Portabilidad Postpago,EXPRESS,Logixtal,3217,CERRADAS,Entregado,Entregado,NET_BATOP,SIM,1 oct 2026,1 oct 2026,null,No,CERRADAS,2026-10-02 01:06:30,Monolínea,Mono_item,Huancavelica,null,Power 59.90 N,Power 59.90 N,TELEFONICAPE,10:00 - 20:00,Cerrado,Resuelto,Desconocido,HUANCAVELICA
Netcall,1 oct 2026,10,927249019,9272490198285445620249,9283,Outbound,Portabilidad Postpago,EXPRESS,Logixtal,3217,CERRADAS,Entregado,Entregado,NET_MMACHACAM,SIM,1 oct 2026,1 oct 2026,null,No,CERRADAS,2026-10-02 01:24:40,Multilínea,Mono_item,Huancavelica,null,Power ilim 79.90 SD N,Power ilim 79.90 SD N,AmericaMovil,10:00 - 20:00,Cerrado,Resuelto,Desconocido,HUANCAVELICA
Netcall,2 oct 2026,9,927698322,92769832289511710111068952692,9283,Outbound,Portabilidad Postpago,EXPRESS,Retiro en tienda,3217,ABIERTAS,Pendiente Entrega,Pendiente Entrega,NET_RFIGUEROAR,SIM,2 oct 2026,null,null,No,ABIERTAS,null,Monolínea,Mono_item,Huancavelica,null,null,null,null,10:00 - 20:00,En Progreso,Punto de No Retorno,null,null
Netcall,1 oct 2026,10,927249165,927249165,9283,Outbound,Portabilidad Postpago,EXPRESS,Logixtal,3217,CERRADAS,Entregado,Entregado,NET_EHUANCAH,SIM,1 oct 2026,1 oct 2026,null,No,CERRADAS,2026-10-02 00:26:38,Monolínea,Mono_item,Huancavelica,null,Power ilim 79.90 SD N,null,null,10:00 - 20:00,Cerrado,Resuelto,null,HUANCAVELICA
Netcall,1 oct 2026,15,927356066,9273560668286435261227,9283,Outbound,Portabilidad Postpago,RETIRO EN TIENDA,Retiro en tienda,3065,CANCELADAS,Cancelado,Cancelado,TLV_NET_MLANDAR,SIM,1 oct 2026,null,null,No,CANCELADAS,2026-10-01 16:22:50,Multilínea,Mono_item,Ayacucho,null,null,Power ilim 79.90 SD N,AmericaMovil,09:00 - 21:00,Cancelado,Rechazado,Desconocido,null
Netcall,1 oct 2026,15,927342630,9273426308286304920964,9301,Outbound,Portabilidad Postpago,RETIRO EN TIENDA,Retiro en tienda,3208,CANCELADAS,Cancelado,Cancelado,NET_FBARTET,SIM,1 oct 2026,null,null,No,CANCELADAS,2026-10-01 18:19:35,Monolínea,Mono_item,Ayacucho,null,null,Power ilim 79.90 SD N,Viettel Peru,09:00 - 21:00,Cancelado,Rechazado,Desconocido,null
Netcall,1 oct 2026,16,927365222,9273652228286530122564,9283,Outbound,Portabilidad Postpago,RETIRO EN TIENDA,Retiro en tienda,3065,CERRADAS,Entregado,Entregado,TLV_NET_MLANDAR,SIM,1 oct 2026,1 oct 2026,null,No,CERRADAS,2026-10-02 01:35:36,Multilínea,Mono_item,Ayacucho,null,Power ilim 79.90 SD N,Power ilim 79.90 SD N,AmericaMovil,09:00 - 21:00,Cerrado,Resuelto,Desconocido,null
Netcall,2 oct 2026,9,927707275,92770727589511710101081002773,9283,Outbound,Portabilidad Postpago,EXPRESS,Logixtal,9001,ABIERTAS,Pendiente Entrega,Pendiente de Picking,NET_SLAZOB,SIM,2 oct 2026,null,null,No,ABIERTAS,null,Monolínea,Mono_item,Lima - Callao,null,null,null,null,10:00 - 20:00,En Progreso,Punto de No Retorno,null,null
Netcall,2 oct 2026,10,927728523,927728523Empty,9283,Outbound,Venta Regular / Alta,EXPRESS,Logixtal,9001,ABIERTAS,Pendiente Entrega,Pendiente de Picking,NET_LFIESTASG,SIM,2 oct 2026,null,null,No,ABIERTAS,null,Multilínea,Mono_item,Lima - Callao,null,null,null,null,10:00 - 20:00,En Progreso,Documentación Generada,null,null
Netcall,2 oct 2026,9,927698544,92769854489511710101081002757,9283,Outbound,Portabilidad Postpago,EXPRESS,Logixtal,9001,CANCELADAS,Pendiente Entrega,Pendiente de Picking,NET_ARAMOSR,SIM,2 oct 2026,null,null,No,CANCELADAS,2026-10-02 11:36:44,Monolínea,Mono_item,Lima - Callao,null,null,null,null,10:00 - 20:00,Cancelado,Rechazado,null,null
Netcall,2 oct 2026,10,927725134,927725134Empty,9283,Outbound,Venta Regular / Alta,EXPRESS,Logixtal,9001,ABIERTAS,Pendiente Entrega,Pendiente de Picking,NET_LFIESTASG,SIM,2 oct 2026,null,null,No,ABIERTAS,null,Multilínea,Mono_item,Lima - Callao,null,null,null,null,10:00 - 20:00,En Progreso,En Progreso,null,null
Netcall,1 oct 2026,10,927258535,9272585358285535582691,9283,Outbound,Portabilidad Postpago,PROGRAMADO,Logixtal,9001,ABIERTAS,Pendiente Entrega,Pendiente Entrega,NET_LTORRESP,SIM,2 oct 2026,null,null,No,ABIERTAS,null,Multilínea,Mono_item,Lima - Callao,null,null,Power ilim 79.90 SD N,AmericaMovil,09:00 - 20:00,En Progreso,En Progreso,Desconocido,HUACHO
Netcall,1 oct 2026,14,927326129,9273261298286142716862,9283,Outbound,Portabilidad Postpago,PROGRAMADO,Logixtal,9001,ABIERTAS,Pendiente Entrega,Pendiente Entrega,NET_VOBESOS,SIM,2 oct 2026,null,null,No,ABIERTAS,null,Monolínea,Mono_item,Lima - Callao,null,null,Power ilim 69.90 N,TELEFONICAPE,09:00 - 20:00,En Progreso,En Progreso,Desconocido,HUACHO
Netcall,1 oct 2026,10,927259262,9272592628285535127016,9283,Outbound,Portabilidad Postpago,PROGRAMADO,Logixtal,9001,ABIERTAS,Pendiente Entrega,Pendiente Entrega,NET_LTORRESP,SIM,2 oct 2026,null,null,No,ABIERTAS,null,Multilínea,Mono_item,Lima - Callao,null,null,Power ilim 79.90 SD N,Viettel Peru,09:00 - 20:00,En Progreso,En Progreso,Desconocido,HUACHO
Netcall,2 oct 2026,10,927733386,92773338689511710111071767244,9283,Outbound,Portabilidad Postpago,PROGRAMADO,Logixtal,5023,ABIERTAS,Pendiente Entrega,Pendiente de Picking,NET_AAPOLAYACAC,SIM,8 oct 2026,null,null,No,ABIERTAS,null,Monolínea,Mono_item,La Libertad,null,null,null,null,09:00 - 19:00,En Progreso,Punto de No Retorno,null,null
Netcall,1 oct 2026,10,927263365,9272633658285570237529,5299,Outbound,Portabilidad Postpago,EXPRESS,Logixtal,5023,CANCELADAS,Anulado,CLIENTE YA NO DESEA PRODUCTO,NET_AREYNOSAC,SIM,1 oct 2026,null,null,No,CANCELADAS,2026-10-01 12:15:02,Monolínea,Mono_item,La Libertad,null,null,Power ilim 79.90 SD N,AmericaMovil,10:00 - 20:00,Cancelado,Rechazado,Desconocido,FLORENCIA DE MORA
Netcall,2 oct 2026,6,927623489,92762348989511710111068574215,9283,Outbound,Portabilidad Postpago,EXPRESS,Logixtal,5023,CANCELADAS,Pendiente Entrega,Pendiente Entrega,NET_KCHAVEZF,SIM,2 oct 2026,null,null,No,CANCELADAS,2026-10-02 12:03:06,Multilínea,Mono_item,La Libertad,null,null,null,null,10:00 - 20:00,En Progreso,Punto de No Retorno,null,FLORENCIA DE MORA
Netcall,1 oct 2026,13,927315320,927315320,9283,Outbound,Portabilidad Postpago,EXPRESS,Logixtal,5023,CERRADAS,Entregado,Entregado,NET_KROJASNAUPA,SIM,1 oct 2026,1 oct 2026,null,No,CERRADAS,2026-10-02 00:24:35,Monolínea,Mono_item,La Libertad,null,Power ilim 69.90 N,null,null,10:00 - 20:00,Cerrado,Resuelto,null,FLORENCIA DE MORA
Netcall,1 oct 2026,17,927394230,9273942308286815715863,9283,Outbound,Portabilidad Postpago,PROGRAMADO,Logixtal,5023,ABIERTAS,Pendiente Entrega,Pendiente Entrega,NET_LCORNEJOL,SIM,2 oct 2026,null,null,No,ABIERTAS,null,Monolínea,Mono_item,La Libertad,null,null,Power ilim 79.90 SD N,Viettel Peru,13:01 - 20:00,En Progreso,Punto de No Retorno,Desconocido,FLORENCIA DE MORA
Netcall,1 oct 2026,6,927177958,927177958,9283,Outbound,Portabilidad Postpago,EXPRESS,Logixtal,5023,CERRADAS,Entregado,Entregado,NET_MFERRER,SIM,1 oct 2026,1 oct 2026,null,No,CERRADAS,2026-10-02 00:38:12,Monolínea,Mono_item,La Libertad,null,Power ilim 69.90 N,null,null,10:00 - 20:00,Cerrado,Resuelto,null,FLORENCIA DE MORA
Netcall,2 oct 2026,6,927623365,92762336589511710111071775502,9283,Outbound,Portabilidad Postpago,EXPRESS,Logixtal,5023,CANCELADAS,Pendiente Entrega,Pendiente Entrega,NET_KCHAVEZF,SIM,2 oct 2026,null,null,No,CANCELADAS,2026-10-02 12:02:09,Multilínea,Mono_item,La Libertad,null,null,null,null,10:00 - 20:00,En Progreso,Punto de No Retorno,null,FLORENCIA DE MORA
Netcall,2 oct 2026,6,927623365,92762336589511710111071775510,9283,Outbound,Portabilidad Postpago,EXPRESS,Logixtal,5023,CANCELADAS,Pendiente Entrega,Pendiente Entrega,NET_KCHAVEZF,SIM,2 oct 2026,null,null,No,CANCELADAS,2026-10-02 12:02:09,Multilínea,Mono_item,La Libertad,null,null,null,null,10:00 - 20:00,En Progreso,Punto de No Retorno,null,FLORENCIA DE MORA
Netcall,2 oct 2026,6,927623489,92762348989511710111071775528,9283,Outbound,Portabilidad Postpago,EXPRESS,Logixtal,5023,CANCELADAS,Pendiente Entrega,Pendiente Entrega,NET_KCHAVEZF,SIM,2 oct 2026,null,null,No,CANCELADAS,2026-10-02 12:03:06,Multilínea,Mono_item,La Libertad,null,null,null,null,10:00 - 20:00,En Progreso,Punto de No Retorno,null,FLORENCIA DE MORA
Netcall,1 oct 2026,9,927234848,9272348488285325699999,9271,Outbound,Portabilidad Postpago,EXPRESS,Logixtal,5023,CERRADAS,Entregado,Entregado,NET_KESCORZAC,SIM,1 oct 2026,1 oct 2026,null,No,CERRADAS,2026-10-02 00:42:47,Monolínea,Mono_item,La Libertad,null,Power ilim 69.90 N,Power ilim 69.90 N,AmericaMovil,10:00 - 20:00,Cerrado,Resuelto,Desconocido,FLORENCIA DE MORA
Netcall,2 oct 2026,9,927707413,927707413Empty,9283,Outbound,Portabilidad Postpago,RETIRO EN TIENDA,Retiro en tienda,7137,ABIERTAS,Pendiente Entrega,Pendiente Entrega,NET_ACUEVAC,SIM,2 oct 2026,null,null,No,ABIERTAS,null,Monolínea,Mono_item,Cusco,null,null,null,null,09:00 - 21:00,En Progreso,Documentación Generada,null,null
Netcall,1 oct 2026,15,927354619,9273546198286414247149,9283,Outbound,Portabilidad Postpago,RETIRO EN TIENDA,Retiro en tienda,7137,CERRADAS,Entregado,Entregado,NET_BZUASNABARF,SIM,1 oct 2026,1 oct 2026,null,No,CERRADAS,2026-10-02 01:18:52,Monolínea,Mono_item,Cusco,null,Power ilim 69.90 N,Power ilim 69.90 N,Viettel Peru,09:00 - 21:00,Cerrado,Resuelto,Desconocido,null
Netcall,1 oct 2026,12,927300023,927300023,9283,Outbound,Portabilidad Postpago,EXPRESS,Logixtal,9346,CERRADAS,Entregado,Entregado,NET_ANCASTROR,SIM,1 oct 2026,1 oct 2026,null,No,CERRADAS,2026-10-02 00:20:36,Multilínea,Mono_item,Junin,null,Power ilim 79.90 SD N,null,null,10:00 - 20:00,Cerrado,Resuelto,null,EL TAMBO
Netcall,1 oct 2026,15,927343296,9273432968286311823204,9283,Outbound,Portabilidad Postpago,PROGRAMADO,Logixtal,9346,ABIERTAS,Pendiente Entrega,Pendiente Entrega,NET_BAYALAR,SIM,2 oct 2026,null,null,No,ABIERTAS,null,Multilínea,Mono_item,Junin,null,null,Power ilim 79.90 SD N,Viettel Peru,09:00 - 13:00,En Progreso,En Progreso,Desconocido,EL TAMBO
Netcall,1 oct 2026,12,927303895,927303895,9283,Outbound,Portabilidad Postpago,EXPRESS,Logixtal,9346,CERRADAS,Entregado,Entregado,NET_ANCASTROR,SIM,1 oct 2026,1 oct 2026,null,No,CERRADAS,2026-10-02 00:35:15,Multilínea,Mono_item,Junin,null,Power ilim 79.90 SD N,null,null,10:00 - 20:00,Cerrado,Resuelto,null,EL TAMBO
Netcall,1 oct 2026,10,927248225,9272482258285440255091,9283,Outbound,Portabilidad Postpago,EXPRESS,Logixtal,9346,CERRADAS,Entregado,Entregado,NET_GSANTOSC,SIM,1 oct 2026,1 oct 2026,null,No,CERRADAS,2026-10-02 01:08:11,Monolínea,Mono_item,Junin,null,Power ilim 79.90 SD N,Power ilim 79.90 SD N,AmericaMovil,10:00 - 20:00,Cerrado,Resuelto,Desconocido,EL TAMBO
Netcall,1 oct 2026,16,927375585,9273755858286632917319,9283,Outbound,Portabilidad Postpago,PROGRAMADO,Logixtal,9346,ABIERTAS,Pendiente Entrega,Pendiente Entrega,NET_LVASQUEZT,SIM,2 oct 2026,null,null,No,ABIERTAS,null,Monolínea,Mono_item,Junin,null,null,Power ilim 69.90 N,Viettel Peru,13:01 - 19:00,En Progreso,En Progreso,Desconocido,EL TAMBO
Netcall,1 oct 2026,13,927318145,9273181458286067202234,9283,Outbound,Portabilidad Postpago,EXPRESS,Logixtal,9346,CANCELADAS,Anulado,PIN-PORTA NO LLEGA SMS,NET_SMENDOZAV,SIM,1 oct 2026,null,null,No,CANCELADAS,2026-10-01 16:31:01,Monolínea,Mono_item,Junin,null,null,Power ilim 69.90 N,TELEFONICAPE,10:00 - 20:00,Cancelado,Rechazado,Desconocido,EL TAMBO
Netcall,1 oct 2026,15,927352443,9273524438286405411511,9283,Outbound,Portabilidad Postpago,PROGRAMADO,Logixtal,9346,ABIERTAS,Pendiente Entrega,Pendiente Entrega,NET_ARIVERA,SIM,2 oct 2026,null,null,No,ABIERTAS,null,Monolínea,Mono_item,Junin,null,null,Power ilim 79.90 SD N,TELEFONICAPE,09:00 - 13:00,En Progreso,En Progreso,Desconocido,EL TAMBO
Netcall,1 oct 2026,12,927301767,927301767,9283,Outbound,Portabilidad Postpago,EXPRESS,Logixtal,9346,CERRADAS,Entregado,Entregado,NET_ANCASTROR,SIM,1 oct 2026,1 oct 2026,null,No,CERRADAS,2026-10-02 00:23:52,Multilínea,Mono_item,Junin,null,Power ilim 79.90 SD N,null,null,10:00 - 20:00,Cerrado,Resuelto,null,EL TAMBO
Netcall,1 oct 2026,11,927275796,927275796,9283,Outbound,Portabilidad Postpago,EXPRESS,Logixtal,9346,CERRADAS,Entregado,Entregado,NET_WBENITESA,SIM,1 oct 2026,1 oct 2026,null,No,CERRADAS,2026-10-02 00:08:23,Monolínea,Mono_item,Junin,null,Power ilim 69.90 N,null,null,10:00 - 20:00,Cerrado,Resuelto,null,EL TAMBO
Netcall,1 oct 2026,17,927387929,9273879298286751946415,9283,Outbound,Portabilidad Postpago,PROGRAMADO,Logixtal,9346,ABIERTAS,Pendiente Entrega,Pendiente Entrega,NET_JSREQUENA,SIM,2 oct 2026,null,null,No,ABIERTAS,null,Monolínea,Mono_item,Junin,null,null,Power ilim 69.90 N,AmericaMovil,13:01 - 19:00,En Progreso,En Progreso,Desconocido,EL TAMBO
Netcall,1 oct 2026,13,927314998,9273149988286040850065,9283,Outbound,Portabilidad Postpago,EXPRESS,Logixtal,9346,CERRADAS,Entregado,Entregado,NET_GFLORESS,SIM,1 oct 2026,1 oct 2026,null,No,CERRADAS,2026-10-02 01:06:43,Monolínea,Mono_item,Junin,null,Power ilim 79.90 SD N,Power ilim 79.90 SD N,Viettel Peru,10:00 - 20:00,Cerrado,Resuelto,Desconocido,EL TAMBO
Netcall,1 oct 2026,16,927372010,9273720108286596053238,9283,Outbound,Portabilidad Postpago,PROGRAMADO,Logixtal,9346,ABIERTAS,Pendiente Entrega,Pendiente Entrega,NET_RDULANTORO,SIM,3 oct 2026,null,null,No,ABIERTAS,null,Monolínea,Mono_item,Junin,null,null,Power ilim 69.90 N,TELEFONICAPE,09:00 - 13:00,En Progreso,En Progreso,Desconocido,EL TAMBO
Netcall,2 oct 2026,10,927716989,92771698989511710101029888051,9283,Outbound,Portabilidad Postpago,EXPRESS,Retiro en tienda,9346,ABIERTAS,Pendiente Entrega,Pendiente Entrega,NET_DGHERRERA,SIM,2 oct 2026,null,null,No,ABIERTAS,null,Monolínea,Mono_item,Junin,null,null,null,null,10:00 - 20:00,En Progreso,Punto de No Retorno,null,null
Netcall,1 oct 2026,13,927324030,927324030,9283,Outbound,Portabilidad Postpago,EXPRESS,Logixtal,9346,CERRADAS,Entregado,Entregado,NET_BAYALAR,SIM,1 oct 2026,1 oct 2026,null,No,CERRADAS,2026-10-02 00:11:18,Multilínea,Mono_item,Junin,null,Power ilim 79.90 SD N,null,null,10:00 - 20:00,Cerrado,Resuelto,null,EL TAMBO
Netcall,1 oct 2026,14,927329760,9273297608286178232686,9283,Outbound,Portabilidad Postpago,EXPRESS,Logixtal,9346,CERRADAS,Entregado,Entregado,NET_BAYALAR,SIM,1 oct 2026,1 oct 2026,null,No,CERRADAS,2026-10-02 01:05:09,Multilínea,Mono_item,Junin,null,Power ilim 79.90 SD N,Power ilim 79.90 SD N,Viettel Peru,10:00 - 20:00,Cerrado,Resuelto,Desconocido,EL TAMBO
Netcall,1 oct 2026,10,927261454,9272614548285549242718,9283,Outbound,Portabilidad Postpago,EXPRESS,Logixtal,9346,CERRADAS,Entregado,Entregado,NET_JVELASQUEZS,SIM,1 oct 2026,1 oct 2026,null,No,CERRADAS,2026-10-02 00:50:29,Monolínea,Mono_item,Junin,null,Power ilim 69.90 N,Power ilim 69.90 N,TELEFONICAPE,10:00 - 20:00,Cerrado,Resuelto,Desconocido,EL TAMBO
Netcall,1 oct 2026,8,927218367,927218367,9283,Outbound,Portabilidad Postpago,EXPRESS,Logixtal,5023,CERRADAS,Entregado,Entregado,NET_YMILLA,SIM,1 oct 2026,1 oct 2026,null,No,CERRADAS,2026-10-02 00:13:38,Multilínea,Mono_item,La Libertad,null,Power ilim 79.90 SD N,null,null,10:00 - 20:00,Cerrado,Resuelto,null,EL PORVENIR
Netcall,2 oct 2026,9,927702819,92770281989511710111071844563,9271,Outbound,Portabilidad Postpago,EXPRESS,Logixtal,5023,ABIERTAS,Entregado,Entregado,NET_FRIVERAO,SIM,2 oct 2026,null,null,No,ABIERTAS,null,Monolínea,Mono_item,La Libertad,null,null,null,null,10:00 - 20:00,En Progreso,Punto de No Retorno,null,null
Netcall,2 oct 2026,9,927702357,92770235789511710111071844571,9283,Outbound,Portabilidad Postpago,EXPRESS,Logixtal,5023,ABIERTAS,Entregado,Entregado,NET_DFRANCIAH,SIM,2 oct 2026,null,null,No,ABIERTAS,null,Monolínea,Mono_item,La Libertad,null,null,null,null,10:00 - 20:00,En Progreso,Punto de No Retorno,null,null
Netcall,1 oct 2026,10,927262546,9272625468285570275597,9283,Outbound,Portabilidad Postpago,EXPRESS,Logixtal,5023,CERRADAS,Entregado,Entregado,NET_KSOLORZANOV,SIM,1 oct 2026,1 oct 2026,null,No,CERRADAS,2026-10-02 01:58:28,Monolínea,Mono_item,La Libertad,null,Power ilim 69.90 N,Power ilim 69.90 N,TELEFONICAPE,10:00 - 20:00,Cerrado,Resuelto,Desconocido,EL PORVENIR
Netcall,1 oct 2026,10,927248837,9272488378285442672957,9283,Outbound,Portabilidad Postpago,EXPRESS,Logixtal,5023,CERRADAS,Entregado,Entregado,NET_KEMENDOZAJ,SIM,1 oct 2026,1 oct 2026,null,No,CERRADAS,2026-10-02 00:43:20,Monolínea,Mono_item,La Libertad,null,Power ilim 69.90 N,Power ilim 69.90 N,AmericaMovil,10:00 - 20:00,Cerrado,Resuelto,Desconocido,EL PORVENIR
Netcall,1 oct 2026,12,927293920,9272939208285835078326,9283,Outbound,Portabilidad Postpago,EXPRESS,Logixtal,5023,CERRADAS,Entregado,Entregado,NET_PSANCHEZE,SIM,1 oct 2026,1 oct 2026,null,No,CERRADAS,2026-10-02 00:53:20,Monolínea,Mono_item,La Libertad,null,Power ilim 79.90 SD N,Power ilim 79.90 SD N,AmericaMovil,10:00 - 20:00,Cerrado,Resuelto,Desconocido,EL PORVENIR
Netcall,1 oct 2026,17,927382967,9273829678286706800626,9283,Outbound,Portabilidad Postpago,PROGRAMADO,Logixtal,5023,ABIERTAS,Pendiente Entrega,Pendiente Entrega,NET_GMENDIGUETE,SIM,2 oct 2026,null,null,No,ABIERTAS,null,Monolínea,Mono_item,La Libertad,null,null,Power ilim 79.90 SD N,AmericaMovil,09:00 - 13:00,En Progreso,Punto de No Retorno,Desconocido,EL PORVENIR
Netcall,2 oct 2026,11,927755801,927755801Empty,9283,Outbound,Portabilidad Postpago,EXPRESS,Logixtal,5023,ABIERTAS,Pendiente Entrega,Pendiente de Picking,NET_MCVASQUEZ,SIM,2 oct 2026,null,null,No,ABIERTAS,null,Monolínea,Mono_item,La Libertad,null,null,null,null,10:00 - 20:00,En Progreso,En Progreso,null,null
Netcall,2 oct 2026,10,927733699,92773369989511710111071775577,9283,Outbound,Portabilidad Postpago,EXPRESS,Logixtal,5023,ABIERTAS,Entregado,Entregado,NET_YRAYMUNDOTA,SIM,2 oct 2026,null,null,No,ABIERTAS,null,Monolínea,Mono_item,La Libertad,null,null,null,null,10:00 - 20:00,En Progreso,Punto de No Retorno,null,null
Netcall,1 oct 2026,8,927220404,927220404,9283,Outbound,Portabilidad Postpago,EXPRESS,Logixtal,5023,CERRADAS,Entregado,Entregado,NET_YMILLA,SIM,1 oct 2026,1 oct 2026,null,No,CERRADAS,2026-10-02 00:10:31,Multilínea,Mono_item,La Libertad,null,Power ilim 79.90 SD N,null,null,10:00 - 20:00,Cerrado,Resuelto,null,EL PORVENIR
Netcall,1 oct 2026,16,927372231,9273722318286599041674,9283,Outbound,Portabilidad Postpago,EXPRESS,Logixtal,5023,CERRADAS,Entregado,Entregado,NET_SCAVEROC,SIM,1 oct 2026,1 oct 2026,null,No,CERRADAS,2026-10-02 00:53:40,Monolínea,Mono_item,La Libertad,null,Power ilim 69.90 N,Power ilim 69.90 N,TELEFONICAPE,10:00 - 20:00,Cerrado,Resuelto,Desconocido,EL PORVENIR
Netcall,1 oct 2026,14,927327737,9273277378286162706072,9283,Outbound,Portabilidad Postpago,EXPRESS,Logixtal,9001,CERRADAS,Entregado,Entregado,NET_YVEGASA,SIM,1 oct 2026,1 oct 2026,null,No,CERRADAS,2026-10-02 00:55:24,Monolínea,Mono_item,Lima - Callao,null,Power ilim 79.90 SD N,Power ilim 79.90 SD N,AmericaMovil,10:00 - 22:00,Cerrado,Resuelto,Desconocido,EL AGUSTINO
Netcall,2 oct 2026,7,927623777,92762377789511710101029371777,9283,Outbound,Portabilidad Postpago,EXPRESS,Logixtal,9001,ABIERTAS,Pendiente Entrega,Pendiente Entrega,NET_MMREVILLA,SIM,2 oct 2026,null,null,No,ABIERTAS,null,Monolínea,Mono_item,Lima - Callao,null,null,null,null,10:00 - 22:00,En Progreso,Punto de No Retorno,null,EL AGUSTINO
Netcall,1 oct 2026,16,927366447,9273664478286543265458,9283,Outbound,Venta Regular / Alta,EXPRESS,Logixtal,9001,ABIERTAS,Pendiente Entrega,Pendiente Entrega,NET_LCAMPOSCABR,SIM,1 oct 2026,null,null,No,ABIERTAS,null,Monolínea,Mono_item,Lima - Callao,null,null,Power ilim 69.90 N,Desconocido,08:00 - 20:00,En Progreso,Punto de No Retorno,Desconocido,EL AGUSTINO
Netcall,1 oct 2026,17,927389856,9273898568286770686010,9283,Outbound,Portabilidad Postpago,EXPRESS,Logixtal,9001,CANCELADAS,Anulado,CLIENTE DESISTE - INFORMACIÓN INCORRECTA,NET_MDONAYRE,SIM,1 oct 2026,null,null,No,CANCELADAS,2026-10-01 18:24:02,Monolínea,Mono_item,Lima - Callao,null,null,Power ilim 79.90 SD N,AmericaMovil,10:00 - 22:00,Cancelado,Rechazado,Desconocido,EL AGUSTINO
Netcall,1 oct 2026,17,927382693,9273826938286705421743,9283,Outbound,Portabilidad Postpago,PROGRAMADO,Logixtal,9001,ABIERTAS,Pendiente Entrega,Pendiente Entrega,NET_GHERRERAG,SIM,2 oct 2026,null,null,No,ABIERTAS,null,Monolínea,Mono_item,Lima - Callao,null,null,Power ilim 69.90 N,TELEFONICAPE,08:00 - 13:00,En Progreso,Punto de No Retorno,Desconocido,EL AGUSTINO
Netcall,1 oct 2026,16,927359579,9273595798286474751389,9283,Outbound,Portabilidad Postpago,EXPRESS,Logixtal,9001,ABIERTAS,Pendiente Entrega,Pendiente Entrega,NET_RCASTANEDAR,SIM,1 oct 2026,null,null,No,ABIERTAS,null,Monolínea,Mono_item,Lima - Callao,null,null,Power ilim 79.90 SD N,AmericaMovil,08:00 - 20:00,En Progreso,Punto de No Retorno,Desconocido,EL AGUSTINO
Netcall,1 oct 2026,11,927286301,9272863018285760090646,9283,Outbound,Portabilidad Postpago,EXPRESS,Logixtal,9001,ABIERTAS,Pendiente Entrega,Pendiente Entrega,NET_TDILAST,SIM,1 oct 2026,null,null,No,ABIERTAS,null,Monolínea,Mono_item,Lima - Callao,null,null,Power ilim 69.90 N,TELEFONICAPE,10:00 - 22:00,En Progreso,Punto de No Retorno,Desconocido,EL AGUSTINO
Netcall,1 oct 2026,7,927182346,9271823468285146927523,9283,Outbound,Portabilidad Postpago,EXPRESS,Logixtal,9001,CERRADAS,Entregado,Entregado,TLV_NET_MFARFAN,SIM,1 oct 2026,1 oct 2026,null,No,CERRADAS,2026-10-02 00:55:16,Monolínea,Mono_item,Lima - Callao,null,Power ilim 79.90 SD N,Power ilim 79.90 SD N,Viettel Peru,10:00 - 22:00,Cerrado,Resuelto,Desconocido,EL AGUSTINO
Netcall,1 oct 2026,10,927263919,9272639198285577215371,9271,Outbound,Portabilidad Postpago,RETIRO EN TIENDA,Retiro en tienda,7162,ABIERTAS,Pendiente Entrega,Pendiente Entrega,NET_SBACAD,SIM,1 oct 2026,null,null,No,ABIERTAS,null,Monolínea,Mono_item,Cusco,null,null,Power ilim 69.90 N,Viettel Peru,09:00 - 21:00,En Progreso,En Progreso,Desconocido,null
Netcall,2 oct 2026,10,927711456,92771145689511710101030209388,9283,Outbound,Portabilidad Postpago,EXPRESS,Retiro en tienda,9343,ABIERTAS,Entregado,Entregado,NET_EVELASQUEZB,SIM,2 oct 2026,null,null,No,ABIERTAS,null,Monolínea,Mono_item,Cusco,null,null,null,null,10:00 - 20:00,En Progreso,Punto de No Retorno,null,null
Netcall,1 oct 2026,11,927271576,9272715768285636301665,9283,Outbound,Portabilidad Postpago,RETIRO EN TIENDA,Retiro en tienda,1006,CERRADAS,Entregado,Entregado,NET_SAVILAC,SIM,1 oct 2026,1 oct 2026,null,No,CERRADAS,2026-10-02 01:35:20,Monolínea,Mono_item,Cusco,null,Power ilim 69.90 N,Power ilim 69.90 N,TELEFONICAPE,09:00 - 21:00,Cerrado,Resuelto,Desconocido,null
Netcall,1 oct 2026,16,927360505,9273605058286485193087,9271,Outbound,Portabilidad Postpago,PROGRAMADO,Logixtal,9343,ABIERTAS,Pendiente Entrega,Pendiente Entrega,NET_SBACAD,SIM,2 oct 2026,null,null,No,ABIERTAS,null,Monolínea,Mono_item,Cusco,null,null,Power ilim 69.90 N,Viettel Peru,13:01 - 19:00,En Progreso,En Progreso,Desconocido,CUSCO
Netcall,1 oct 2026,13,927325522,9273255228286144753875,9283,Outbound,Portabilidad Postpago,EXPRESS,Logixtal,9343,CERRADAS,Entregado,Entregado,NET_AAPOLAYACAC,SIM,1 oct 2026,1 oct 2026,null,No,CERRADAS,2026-10-02 00:51:06,Multilínea,Mono_item,Cusco,null,Power ilim 79.90 SD N,Power ilim 79.90 SD N,AmericaMovil,10:00 - 20:00,Cerrado,Resuelto,Desconocido,CUSCO
Netcall,1 oct 2026,13,927278679,9272786798286131823717,9283,Outbound,Portabilidad Postpago,EXPRESS,Logixtal,9343,CERRADAS,Entregado,Entregado,NET_AAPOLAYACAC,SIM,1 oct 2026,1 oct 2026,null,No,CERRADAS,2026-10-02 02:13:06,Multilínea,Mono_item,Cusco,null,Power ilim 79.90 SD N,Power ilim 79.90 SD N,AmericaMovil,10:00 - 20:00,Cerrado,Resuelto,Desconocido,CUSCO
Netcall,1 oct 2026,18,927403004,9274030048286902855710,9283,Outbound,Portabilidad Postpago,RETIRO EN TIENDA,Retiro en tienda,7162,CANCELADAS,Cancelado,Cancelado,NET_SDIAZO,SIM,1 oct 2026,null,null,No,CANCELADAS,2026-10-01 19:44:23,Monolínea,Mono_item,Cusco,null,null,Power ilim 79.90 SD N,AmericaMovil,09:00 - 21:00,Cancelado,Rechazado,Desconocido,null
Netcall,2 oct 2026,10,927716946,92771694689511710101030176595,9283,Outbound,Portabilidad Postpago,EXPRESS,Retiro en tienda,9343,ABIERTAS,Entregado,Entregado,NET_KROJASNAUPA,SIM,2 oct 2026,null,null,No,ABIERTAS,null,Monolínea,Mono_item,Cusco,null,null,null,null,10:00 - 20:00,En Progreso,Punto de No Retorno,null,null
Netcall,2 oct 2026,10,927714033,92771403389511710101030173337,9283,Outbound,Portabilidad Postpago,EXPRESS,Retiro en tienda,9343,ABIERTAS,Entregado,Entregado,NET_AAPOLAYACAC,SIM,2 oct 2026,null,null,No,ABIERTAS,null,Monolínea,Mono_item,Cusco,null,null,null,null,10:00 - 20:00,En Progreso,Punto de No Retorno,null,null
Netcall,1 oct 2026,10,927253894,9272538948285483391190,9283,Outbound,Portabilidad Postpago,PROGRAMADO,Logixtal,9343,ABIERTAS,Pendiente Entrega,Pendiente Entrega,NET_MMIRANDAM,SIM,2 oct 2026,null,null,No,ABIERTAS,null,Monolínea,Mono_item,Cusco,null,null,Power ilim 69.90 N,TELEFONICAPE,09:00 - 13:00,En Progreso,En Progreso,Desconocido,CUSCO
Netcall,1 oct 2026,16,927365554,9273655548286531298491,9283,Outbound,Portabilidad Postpago,PROGRAMADO,Logixtal,5021,ABIERTAS,Pendiente Entrega,Pendiente Entrega,NET_EVELASQUEZB,SIM,7 oct 2026,null,null,No,ABIERTAS,null,Monolínea,Mono_item,Piura,null,null,Power ilim 69.90 N,AmericaMovil,09:00 - 19:00,En Progreso,Punto de No Retorno,Desconocido,CURA MORI
Netcall,2 oct 2026,10,927713891,927713891Empty,9283,Outbound,Portabilidad Postpago,RETIRO EN TIENDA,Retiro en tienda,3031,ABIERTAS,Pendiente Entrega,Pendiente Entrega,TLV_NET_DVALOI,SIM,2 oct 2026,null,null,No,ABIERTAS,null,Monolínea,Mono_item,Ucayali,null,null,null,null,09:00 - 21:00,En Progreso,Pago Recibido,null,null
Netcall,2 oct 2026,11,927741085,927741085Empty,9283,Outbound,Venta Regular / Alta,RETIRO EN TIENDA,Retiro en tienda,3149,ABIERTAS,Pendiente Entrega,Pendiente Entrega,NET_MDONAYRE,SIM,2 oct 2026,null,null,No,ABIERTAS,null,Multilínea,Mono_item,Ucayali,null,null,null,null,09:00 - 21:00,En Progreso,En Progreso,null,null
Netcall,1 oct 2026,11,927271193,9272711938285635898090,9283,Outbound,Portabilidad Postpago,RETIRO EN TIENDA,Retiro en tienda,3031,ABIERTAS,Pendiente Entrega,Pendiente Entrega,NET_MDIAZP,SIM,1 oct 2026,null,null,No,ABIERTAS,null,Monolínea,Mono_item,Ucayali,null,null,Power ilim 79.90 SD N,AmericaMovil,09:00 - 21:00,En Progreso,En Progreso,Desconocido,null
Netcall,1 oct 2026,16,927357228,9273572288286447710286,9283,Outbound,Portabilidad Postpago,RETIRO EN TIENDA,Retiro en tienda,3031,CERRADAS,Entregado,Entregado,NET_ATELLOY,SIM,1 oct 2026,1 oct 2026,null,No,CERRADAS,2026-10-02 00:56:44,Monolínea,Mono_item,Ucayali,null,Power ilim 69.90 N,Power ilim 69.90 N,AmericaMovil,09:00 - 21:00,Cerrado,Resuelto,Desconocido,null
Netcall,2 oct 2026,11,927742334,927742334Empty,9283,Outbound,Portabilidad Postpago,RETIRO EN TIENDA,Retiro en tienda,3149,ABIERTAS,Pendiente Entrega,Pendiente Entrega,NET_MDONAYRE,SIM,2 oct 2026,null,null,No,ABIERTAS,null,Multilínea,Mono_item,Ucayali,null,null,null,null,09:00 - 21:00,En Progreso,En Progreso,null,null
Netcall,1 oct 2026,13,927309353,9273093538285995708528,9283,Outbound,Portabilidad Postpago,RETIRO EN TIENDA,Retiro en tienda,3031,CERRADAS,Entregado,Entregado,TLV_NET_JMORO,SIM,1 oct 2026,1 oct 2026,null,No,CERRADAS,2026-10-02 00:59:39,Monolínea,Mono_item,Ucayali,null,Power ilim 79.90 SD N,Power ilim 79.90 SD N,TELEFONICAPE,09:00 - 21:00,Cerrado,Resuelto,Desconocido,null
Netcall,2 oct 2026,11,927743193,927743193Empty,9283,Outbound,Venta Regular / Alta,RETIRO EN TIENDA,Retiro en tienda,3149,ABIERTAS,Pendiente Entrega,Pendiente Entrega,NET_MDONAYRE,SIM,2 oct 2026,null,null,No,ABIERTAS,null,Multilínea,Mono_item,Ucayali,null,null,null,null,09:00 - 21:00,En Progreso,Documentación Generada,null,null
Netcall,2 oct 2026,11,927744631,927744631Empty,9283,Outbound,Portabilidad Postpago,RETIRO EN TIENDA,Retiro en tienda,3149,ABIERTAS,Pendiente Entrega,Pendiente Entrega,NET_MDONAYRE,SIM,2 oct 2026,null,null,No,ABIERTAS,null,Multilínea,Mono_item,Ucayali,null,null,null,null,09:00 - 21:00,En Progreso,En Progreso,null,null
Netcall,1 oct 2026,12,927307549,9273075498285967328690,9283,Outbound,Venta Regular / Alta,EXPRESS,Logixtal,9348,CERRADAS,Entregado,Entregado,NET_MGONZALESR,SIM,1 oct 2026,1 oct 2026,null,No,CERRADAS,2026-10-01 18:50:53,Monolínea,Mono_item,Tacna,null,Power 39.90 N,Power 39.90 N,Desconocido,10:00 - 20:00,Cerrado,Resuelto,Desconocido,CORONEL GREGORIO ALBARRACIN L.
Netcall,1 oct 2026,16,927374048,9273740488286613856342,9283,Outbound,Portabilidad Postpago,EXPRESS,Logixtal,9348,ABIERTAS,Pendiente Entrega,Pendiente Entrega,NET_CPINELLAC,SIM,1 oct 2026,null,null,No,ABIERTAS,null,Multilínea,Mono_item,Tacna,null,null,Power ilim 79.90 SD N,AmericaMovil,08:00 - 20:00,En Progreso,Punto de No Retorno,Desconocido,CORONEL GREGORIO ALBARRACIN L.
Netcall,1 oct 2026,12,927301105,9273011058285906072575,9283,Outbound,Portabilidad Postpago,EXPRESS,Logixtal,9348,CERRADAS,Entregado,Entregado,NET_MAZCARATED,SIM,1 oct 2026,1 oct 2026,null,No,CERRADAS,2026-10-02 04:25:16,Monolínea,Mono_item,Tacna,null,Power ilim 79.90 SD N,Power ilim 79.90 SD N,AmericaMovil,10:00 - 20:00,Cerrado,Resuelto,Desconocido,CORONEL GREGORIO ALBARRACIN L.
Netcall,1 oct 2026,15,927343442,9273434428286314611911,9283,Outbound,Portabilidad Postpago,PROGRAMADO,Logixtal,9348,ABIERTAS,Pendiente Entrega,Pendiente Entrega,NET_KARAUJOC,SIM,2 oct 2026,null,null,No,ABIERTAS,null,Monolínea,Mono_item,Tacna,null,null,Power ilim 69.90 N,Viettel Peru,09:00 - 13:00,En Progreso,En Progreso,Desconocido,CORONEL GREGORIO ALBARRACIN L.
Netcall,2 oct 2026,11,927737256,927737256Empty,9283,Outbound,Portabilidad Postpago,EXPRESS,Retiro en tienda,9348,ABIERTAS,Pendiente Entrega,Pendiente Entrega,NET_CGARCIAC,SIM,2 oct 2026,null,null,No,ABIERTAS,null,Monolínea,Mono_item,Tacna,null,null,null,null,10:00 - 20:00,En Progreso,En Progreso,null,null
Netcall,1 oct 2026,16,927372721,9273727218286605912679,9283,Outbound,Portabilidad Postpago,PROGRAMADO,Logixtal,9348,ABIERTAS,Pendiente Entrega,Pendiente Entrega,NET_CPINELLAC,SIM,2 oct 2026,null,null,No,ABIERTAS,null,Multilínea,Mono_item,Tacna,null,null,Power ilim 79.90 SD N,AmericaMovil,13:01 - 19:00,En Progreso,En Progreso,Desconocido,CORONEL GREGORIO ALBARRACIN L.
Netcall,1 oct 2026,18,927399120,9273991208286860604019,9283,Outbound,Portabilidad Postpago,PROGRAMADO,Logixtal,9001,ABIERTAS,Pendiente Entrega,Pendiente Entrega,NET_SPEREZM,SIM,2 oct 2026,null,null,No,ABIERTAS,null,Monolínea,Mono_item,Lima - Callao,null,null,Power ilim 69.90 N,Viettel Peru,13:01 - 22:00,En Progreso,Punto de No Retorno,Desconocido,COMAS
Netcall,1 oct 2026,11,927271501,9272715018285635383140,9283,Outbound,Portabilidad Postpago,EXPRESS,Logixtal,9001,CERRADAS,Entregado,Entregado,NET_MPHERNANDEH,SIM,1 oct 2026,1 oct 2026,null,No,CERRADAS,2026-10-02 03:31:07,Monolínea,Mono_item,Lima - Callao,null,Power ilim 79.90 SD N,Power ilim 79.90 SD N,TELEFONICAPE,10:00 - 22:00,Cerrado,Resuelto,Desconocido,COMAS
Netcall,1 oct 2026,18,927400576,9274005768286873684719,9271,Outbound,Portabilidad Postpago,EXPRESS,Logixtal,9001,CANCELADAS,Entregado,Entregado,NET_YPAREDESG,SIM,1 oct 2026,1 oct 2026,null,No,CANCELADAS,2026-10-01 22:00:36,Monolínea,Mono_item,Lima - Callao,null,null,Power ilim 79.90 SD N,AmericaMovil,10:00 - 22:00,Cancelado,Pedido Cancelación,Portabilidad Rechazada. REC01PRT09: El abonado tiene deuda exigible | paymentDueDate=2026-09-28|portabilityOperDateActive=2025-07-08,COMAS
Netcall,1 oct 2026,13,927322674,9273226748286109201009,9283,Outbound,Portabilidad Postpago,EXPRESS,Logixtal,9001,CERRADAS,Entregado,Entregado,NET_YCHAVEZ,SIM,1 oct 2026,1 oct 2026,null,No,CERRADAS,2026-10-02 02:06:04,Multilínea,Multi_item,Lima - Callao,null,Power ilim 79.90 SD N,Power ilim 79.90 SD N,AmericaMovil,10:00 - 22:00,Cerrado,Resuelto,Desconocido,COMAS
Netcall,1 oct 2026,16,927372544,9273725448286605117206,9283,Outbound,Portabilidad Postpago,PROGRAMADO,Logixtal,9001,ABIERTAS,Pendiente Entrega,Pendiente Entrega,NET_LLOBATONV,SIM,2 oct 2026,null,null,No,ABIERTAS,null,Monolínea,Mono_item,Lima - Callao,null,null,Power 39.90 N,TELEFONICAPE,08:00 - 13:00,En Progreso,Punto de No Retorno,Desconocido,COMAS
Netcall,1 oct 2026,12,927296990,9272969908285864280748,9283,Outbound,Portabilidad Postpago,EXPRESS,Logixtal,9001,CERRADAS,Entregado,Entregado,NET_BAYALAR,SIM,1 oct 2026,1 oct 2026,null,No,CERRADAS,2026-10-02 00:53:56,Monolínea,Mono_item,Lima - Callao,null,Power ilim 69.90 N,Power ilim 69.90 N,AmericaMovil,10:00 - 22:00,Cerrado,Resuelto,Desconocido,COMAS
Netcall,1 oct 2026,9,927232811,9272328118285306205446,9271,Outbound,Portabilidad Postpago,EXPRESS,Logixtal,9001,CANCELADAS,Anulado,CLIENTE DESISTE - INFORMACIÓN INCORRECTA,NET_LGOMEZA,SIM,1 oct 2026,null,null,No,CANCELADAS,2026-10-01 10:38:29,Multilínea,Mono_item,Lima - Callao,null,null,Power ilim 69.90 N,AmericaMovil,10:00 - 22:00,Cancelado,Rechazado,Desconocido,COMAS
Netcall,1 oct 2026,13,927320811,927320811,9283,Outbound,Portabilidad Postpago,EXPRESS,Logixtal,9001,CERRADAS,Entregado,Entregado,NET_YCHAVEZ,SIM,1 oct 2026,1 oct 2026,null,No,CERRADAS,2026-10-02 00:31:56,Multilínea,Mono_item,Lima - Callao,null,Power ilim 79.90 SD N,null,null,10:00 - 22:00,Cerrado,Resuelto,null,COMAS
Netcall,1 oct 2026,12,927306812,9273068128285959258544,9283,Outbound,Venta Regular / Alta,EXPRESS,Logixtal,9001,CERRADAS,Entregado,Entregado,NET_ALOPEZD,SIM,1 oct 2026,1 oct 2026,null,No,CERRADAS,2026-10-01 18:20:10,Multilínea,Mono_item,Lima - Callao,null,Power ilim 79.90 SD N,Power ilim 79.90 SD N,Desconocido,10:00 - 22:00,Cerrado,Resuelto,Desconocido,COMAS
Netcall,1 oct 2026,13,927322674,9273226748286109197792,9283,Outbound,Portabilidad Postpago,EXPRESS,Logixtal,9001,CERRADAS,Entregado,Entregado,NET_YCHAVEZ,SIM,1 oct 2026,1 oct 2026,null,No,CERRADAS,2026-10-02 02:06:04,Multilínea,Multi_item,Lima - Callao,null,Power ilim 79.90 SD N,Power ilim 79.90 SD N,AmericaMovil,10:00 - 22:00,Cerrado,Resuelto,Desconocido,COMAS
Netcall,1 oct 2026,11,927289175,9272891758285794068207,9271,Outbound,Portabilidad Postpago,EXPRESS,Logixtal,9001,CERRADAS,Entregado,Entregado,NET_AYZAGUIRREH,SIM,1 oct 2026,1 oct 2026,null,No,CERRADAS,2026-10-02 01:07:52,Monolínea,Mono_item,Lima - Callao,null,Power ilim 69.90 N,Power ilim 69.90 N,AmericaMovil,10:00 - 22:00,Cerrado,Resuelto,Desconocido,COMAS
Netcall,1 oct 2026,12,927296567,9272965678285858504744,9283,Outbound,Portabilidad Postpago,EXPRESS,Logixtal,9001,CANCELADAS,Anulado,PIN PORTA_NO VALIDO,NET_KALMEYDAS,SIM,1 oct 2026,null,null,No,CANCELADAS,2026-10-01 13:06:44,Monolínea,Mono_item,Lima - Callao,null,null,Power ilim 69.90 N,AmericaMovil,10:00 - 22:00,Cancelado,Pedido Cancelación,Portabilidad Rechazada. REC01PRT01: El abonado ha suspendido el servicio | portabilityOperDateActive=2025-03-31,COMAS
Netcall,1 oct 2026,15,927344477,9273444778286322451295,9283,Outbound,Portabilidad Postpago,PROGRAMADO,Logixtal,9001,ABIERTAS,Pendiente Entrega,Pendiente Entrega,NET_GCABALLEROC,SIM,2 oct 2026,null,null,No,ABIERTAS,null,Multilínea,Mono_item,Lima - Callao,null,null,Power ilim 79.90 SD N,Viettel Peru,08:00 - 13:00,En Progreso,Punto de No Retorno,Desconocido,COMAS
Netcall,2 oct 2026,11,927750793,92775079389511710101081438498,9283,Outbound,Portabilidad Postpago,EXPRESS,Logixtal,9001,ABIERTAS,Pendiente Entrega,Pendiente de Picking,NET_RDULANTORO,SIM,2 oct 2026,null,null,No,ABIERTAS,null,Monolínea,Mono_item,Lima - Callao,null,null,null,null,10:00 - 22:00,En Progreso,En Progreso,null,null
Netcall,1 oct 2026,10,927250894,9272508948285456977064,9283,Outbound,Portabilidad Postpago,EXPRESS,Logixtal,9001,CERRADAS,Entregado,Entregado,NET_SDIAZO,SIM,1 oct 2026,1 oct 2026,null,No,CERRADAS,2026-10-02 01:12:32,Monolínea,Mono_item,Lima - Callao,null,Power ilim 79.90 SD N,Power ilim 79.90 SD N,AmericaMovil,10:00 - 22:00,Cerrado,Resuelto,Desconocido,COMAS
Netcall,1 oct 2026,11,927274384,927274384,9283,Outbound,Portabilidad Postpago,EXPRESS,Logixtal,9001,CERRADAS,Entregado,Entregado,NET_GCABALLEROC,SIM,1 oct 2026,1 oct 2026,null,No,CERRADAS,2026-10-02 00:13:33,Multilínea,Mono_item,Lima - Callao,null,Power ilim 79.90 SD N,null,null,10:00 - 22:00,Cerrado,Resuelto,null,COMAS
Netcall,1 oct 2026,12,927308130,9273081308285979430272,9283,Outbound,Portabilidad Postpago,EXPRESS,Logixtal,9001,CERRADAS,Entregado,Entregado,NET_ALOPEZD,SIM,1 oct 2026,1 oct 2026,null,No,CERRADAS,2026-10-02 01:21:19,Multilínea,Mono_item,Lima - Callao,null,Power ilim 79.90 SD N,Power ilim 79.90 SD N,AmericaMovil,10:00 - 22:00,Cerrado,Resuelto,Desconocido,COMAS
Netcall,2 oct 2026,8,927676469,92767646989511710101081437110,9283,Outbound,Portabilidad Postpago,EXPRESS,Logixtal,9001,ABIERTAS,Entregado,Entregado,TLV_NET_DVALOI,SIM,2 oct 2026,null,null,No,ABIERTAS,null,Monolínea,Mono_item,Lima - Callao,null,null,null,null,10:00 - 22:00,En Progreso,Punto de No Retorno,null,null
Netcall,1 oct 2026,17,927395275,9273952758286835644483,9283,Outbound,Portabilidad Postpago,PROGRAMADO,Logixtal,9001,ABIERTAS,Pendiente Entrega,Pendiente Entrega,NET_GARROYOR,SIM,2 oct 2026,null,null,No,ABIERTAS,null,Monolínea,Mono_item,Lima - Callao,null,null,Power ilim 79.90 SD N,AmericaMovil,08:00 - 13:00,En Progreso,Punto de No Retorno,Desconocido,COMAS
Netcall,1 oct 2026,15,927346185,9273461858286341878798,9283,Outbound,Venta Regular / Alta,EXPRESS,Logixtal,9001,ABIERTAS,Pendiente Entrega,Pendiente Entrega,NET_ASANTIAGOT,SIM,1 oct 2026,null,null,No,ABIERTAS,null,Monolínea,Mono_item,Lima - Callao,null,null,Power 39.90 N,Desconocido,08:00 - 20:00,En Progreso,Punto de No Retorno,Desconocido,COMAS
Netcall,1 oct 2026,15,927343100,9273431008286314849714,9283,Outbound,Portabilidad Postpago,PROGRAMADO,Logixtal,9001,ABIERTAS,Pendiente Entrega,Pendiente Entrega,NET_GCABALLEROC,SIM,2 oct 2026,null,null,No,ABIERTAS,null,Multilínea,Mono_item,Lima - Callao,null,null,Power ilim 79.90 SD N,Viettel Peru,08:00 - 13:00,En Progreso,Punto de No Retorno,Desconocido,COMAS
Netcall,1 oct 2026,15,927350195,9273501958286379435206,9283,Outbound,Venta Regular / Alta,EXPRESS,Logixtal,9001,CANCELADAS,Anulado,CLIENTE DESISTE - NO BRINDA MOTIVOS,NET_GHERRERAG,SIM,1 oct 2026,null,null,No,CANCELADAS,2026-10-01 16:14:19,Multilínea,Mono_item,Lima - Callao,null,null,Power ilim 79.90 SD N,Desconocido,10:00 - 22:00,Cancelado,Rechazado,Desconocido,COMAS
Netcall,2 oct 2026,10,927719651,92771965189511710111087218000,9283,Outbound,Portabilidad Postpago,EXPRESS,Logixtal,9001,ABIERTAS,Entregado,Entregado,NET_VCARMENG,SIM,2 oct 2026,null,null,No,ABIERTAS,null,Monolínea,Mono_item,Lima - Callao,null,null,null,null,10:00 - 22:00,En Progreso,Punto de No Retorno,null,null
Netcall,1 oct 2026,11,927288100,9272881008285775464079,9271,Outbound,Portabilidad Postpago,PROGRAMADO,Logixtal,9001,ABIERTAS,No bop,No bop,NET_LGOMEZA,SIM,3 oct 2026,null,null,No,ABIERTAS,null,Multilínea,Mono_item,Lima - Callao,null,null,Power ilim 69.90 N,AmericaMovil,08:00 - 13:00,En Progreso,En Progreso,Desconocido,COMAS
Netcall,1 oct 2026,10,927249343,927249343,9283,Outbound,Portabilidad Postpago,EXPRESS,Logixtal,9001,CERRADAS,Entregado,Entregado,NET_CTRAVIM,SIM,1 oct 2026,1 oct 2026,null,No,CERRADAS,2026-10-02 00:25:27,Monolínea,Mono_item,Lima - Callao,null,Power ilim 69.90 N,null,null,10:00 - 22:00,Cerrado,Resuelto,null,COMAS
Netcall,1 oct 2026,11,927272795,927272795,9283,Outbound,Portabilidad Postpago,EXPRESS,Logixtal,9001,CERRADAS,Entregado,Entregado,NET_GCABALLEROC,SIM,1 oct 2026,1 oct 2026,null,No,CERRADAS,2026-10-02 00:25:15,Multilínea,Mono_item,Lima - Callao,null,Power ilim 79.90 SD N,null,null,10:00 - 22:00,Cerrado,Resuelto,null,COMAS
Netcall,1 oct 2026,12,927302390,9273023908285920878046,9283,Outbound,Portabilidad Postpago,EXPRESS,Logixtal,9001,CERRADAS,Entregado,Entregado,TLV_NET_LSANCHA,SIM,1 oct 2026,1 oct 2026,null,No,CERRADAS,2026-10-02 01:02:14,Monolínea,Mono_item,Lima - Callao,null,Power ilim 69.90 N,Power ilim 69.90 N,AmericaMovil,10:00 - 22:00,Cerrado,Resuelto,Desconocido,COMAS
Netcall,1 oct 2026,13,927310820,9273108208286007178923,9283,Outbound,Portabilidad Postpago,EXPRESS,Logixtal,9001,CERRADAS,Entregado,Entregado,NET_MCVASQUEZ,SIM,1 oct 2026,1 oct 2026,null,No,CERRADAS,2026-10-02 01:11:17,Monolínea,Mono_item,Lima - Callao,null,Power ilim 69.90 N,Power ilim 69.90 N,AmericaMovil,10:00 - 22:00,Cerrado,Resuelto,Desconocido,COMAS
Netcall,1 oct 2026,15,927350860,9273508608286378014024,9283,Outbound,Venta Regular / Alta,EXPRESS,Logixtal,9001,CANCELADAS,Anulado,CLIENTE DESISTE - NO BRINDA MOTIVOS,NET_GHERRERAG,SIM,1 oct 2026,null,null,No,CANCELADAS,2026-10-01 16:14:04,Multilínea,Mono_item,Lima - Callao,null,null,Power ilim 79.90 SD N,Desconocido,10:00 - 22:00,Cancelado,Rechazado,Desconocido,COMAS
Netcall,1 oct 2026,9,927231947,9272319478285297758470,9283,Outbound,Portabilidad Postpago,EXPRESS,Logixtal,9348,CERRADAS,Entregado,Entregado,NET_ADOROTEOSAL,SIM,1 oct 2026,1 oct 2026,null,No,CERRADAS,2026-10-02 01:30:36,Monolínea,Mono_item,Tacna,null,Power ilim 69.90 N,Power ilim 69.90 N,Viettel Peru,10:00 - 20:00,Cerrado,Resuelto,Desconocido,CIUDAD NUEVA
Netcall,1 oct 2026,10,927262015,9272620158285556530321,9283,Outbound,Portabilidad Postpago,PROGRAMADO,Logixtal,9001,ABIERTAS,No bop,No bop,NET_CLOPEZA,SIM,3 oct 2026,null,null,No,ABIERTAS,null,Monolínea,Mono_item,Lima - Callao,null,null,Power ilim 79.90 SD N,TELEFONICAPE,09:00 - 20:00,En Progreso,En Progreso,Desconocido,CIENEGUILLA
Netcall,2 oct 2026,11,927734595,927734595Empty,9283,Outbound,Portabilidad Postpago,PROGRAMADO,Logixtal,9001,ABIERTAS,Pendiente Entrega,Pendiente de Picking,NET_ELAURAQ,SIM,3 oct 2026,null,null,No,ABIERTAS,null,Multilínea,Mono_item,Lima - Callao,null,null,null,null,09:00 - 20:00,En Progreso,En Progreso,null,null
Netcall,2 oct 2026,11,927738613,927738613Empty,9283,Outbound,Portabilidad Postpago,PROGRAMADO,Logixtal,9001,ABIERTAS,Pendiente Entrega,Pendiente de Picking,NET_ELAURAQ,SIM,3 oct 2026,null,null,No,ABIERTAS,null,Multilínea,Mono_item,Lima - Callao,null,null,null,null,09:00 - 20:00,En Progreso,En Progreso,null,null
Netcall,1 oct 2026,17,927392893,9273928938286801229561,9283,Outbound,Portabilidad Postpago,EXPRESS,Logixtal,9342,ABIERTAS,Pendiente Entrega,Pendiente Entrega,NET_STAVARALIVI,SIM,1 oct 2026,null,null,No,ABIERTAS,null,Multilínea,Multi_item,Lima - Callao,null,null,Power ilim 79.90 SD N,TELEFONICAPE,08:00 - 20:00,En Progreso,Punto de No Retorno,Desconocido,CHORRILLOS
Netcall,1 oct 2026,15,927342331,9273423318286302887775,9283,Outbound,Portabilidad Postpago,EXPRESS,Logixtal,9342,CERRADAS,Entregado,Entregado,TLV_NET_YQUITOV,SIM,1 oct 2026,1 oct 2026,null,No,CERRADAS,2026-10-02 01:53:57,Monolínea,Mono_item,Lima - Callao,null,Power ilim 69.90 N,Power ilim 69.90 N,TELEFONICAPE,10:00 - 22:00,Cerrado,Resuelto,Desconocido,CHORRILLOS
Netcall,2 oct 2026,11,927747925,927747925Empty,9283,Outbound,Portabilidad Postpago,EXPRESS,Logixtal,9342,ABIERTAS,Pendiente Entrega,Pendiente de Picking,NET_PBCGOMEZ,SIM,2 oct 2026,null,null,No,ABIERTAS,null,Multilínea,Mono_item,Lima - Callao,null,null,null,null,10:00 - 22:00,En Progreso,En Progreso,null,null
Netcall,2 oct 2026,11,927751376,927751376Empty,9283,Outbound,Portabilidad Postpago,EXPRESS,Logixtal,9342,ABIERTAS,Pendiente Entrega,Pendiente de Picking,NET_YHUAMAN,SIM,2 oct 2026,null,null,No,ABIERTAS,null,Monolínea,Mono_item,Lima - Callao,null,null,null,null,10:00 - 22:00,En Progreso,En Progreso,null,null
Netcall,2 oct 2026,11,927749030,927749030Empty,9283,Outbound,Portabilidad Postpago,EXPRESS,Logixtal,9342,ABIERTAS,Pendiente Entrega,Pendiente de Picking,NET_PBCGOMEZ,SIM,2 oct 2026,null,null,No,ABIERTAS,null,Multilínea,Mono_item,Lima - Callao,null,null,null,null,10:00 - 22:00,En Progreso,En Progreso,null,null
Netcall,1 oct 2026,17,927392893,9273928938286801229127,9283,Outbound,Portabilidad Postpago,EXPRESS,Logixtal,9342,ABIERTAS,Pendiente Entrega,Pendiente Entrega,NET_STAVARALIVI,SIM,1 oct 2026,null,null,No,ABIERTAS,null,Multilínea,Multi_item,Lima - Callao,null,null,Power ilim 79.90 SD N,TELEFONICAPE,08:00 - 20:00,En Progreso,Punto de No Retorno,Desconocido,CHORRILLOS
Netcall,1 oct 2026,11,927285714,9272857148285755805497,9283,Outbound,Portabilidad Postpago,EXPRESS,Logixtal,9342,CERRADAS,Entregado,Entregado,NET_CMDELACRUZV,SIM,1 oct 2026,1 oct 2026,null,No,CERRADAS,2026-10-02 01:38:39,Monolínea,Mono_item,Lima - Callao,null,Power ilim 69.90 N,Power ilim 69.90 N,AmericaMovil,10:00 - 22:00,Cerrado,Resuelto,Desconocido,CHORRILLOS
Netcall,1 oct 2026,12,927293203,927293203,9283,Outbound,Portabilidad Postpago,EXPRESS,Logixtal,9342,CERRADAS,Entregado,Entregado,NET_AMORALEST,SIM,1 oct 2026,1 oct 2026,null,No,CERRADAS,2026-10-02 00:32:44,Monolínea,Mono_item,Lima - Callao,null,Power ilim 79.90 SD N,null,null,10:00 - 22:00,Cerrado,Resuelto,null,CHORRILLOS
Netcall,1 oct 2026,9,927238244,9272382448285351400320,9283,Outbound,Portabilidad Postpago,EXPRESS,Logixtal,9342,CERRADAS,Entregado,Entregado,NET_BZUASNABARF,SIM,1 oct 2026,1 oct 2026,null,No,CERRADAS,2026-10-02 01:45:45,Multilínea,Mono_item,Lima - Callao,null,Power ilim 79.90 SD N,Power ilim 79.90 SD N,AmericaMovil,10:00 - 22:00,Cerrado,Resuelto,Desconocido,CHORRILLOS
Netcall,1 oct 2026,12,927292603,9272926038285822018028,9283,Outbound,Portabilidad Postpago,EXPRESS,Logixtal,9342,CERRADAS,Entregado,Entregado,NET_AARANAS,SIM,1 oct 2026,1 oct 2026,null,No,CERRADAS,2026-10-02 02:03:32,Monolínea,Mono_item,Lima - Callao,null,Power ilim 69.90 N,Power ilim 69.90 N,TELEFONICAPE,10:00 - 22:00,Cerrado,Resuelto,Desconocido,CHORRILLOS
Netcall,1 oct 2026,9,927228344,9272283448285279814522,9271,Outbound,Portabilidad Postpago,PROGRAMADO,Logixtal,9342,ABIERTAS,No bop,No bop,NET_LGOMEZA,SIM,3 oct 2026,null,null,No,ABIERTAS,null,Monolínea,Mono_item,Lima - Callao,null,null,Power ilim 79.90 SD N,AmericaMovil,08:00 - 13:00,En Progreso,En Progreso,Desconocido,CHORRILLOS
Netcall,1 oct 2026,9,927235413,9272354138285330922560,9283,Outbound,Portabilidad Postpago,EXPRESS,Logixtal,9342,CERRADAS,Entregado,Entregado,NET_BZUASNABARF,SIM,1 oct 2026,1 oct 2026,null,No,CERRADAS,2026-10-02 02:53:14,Multilínea,Mono_item,Lima - Callao,null,Power ilim 79.90 SD N,Power ilim 79.90 SD N,AmericaMovil,10:00 - 22:00,Cerrado,Resuelto,Desconocido,CHORRILLOS
Netcall,1 oct 2026,9,927241849,9272418498285380349752,9283,Outbound,Portabilidad Postpago,EXPRESS,Logixtal,9342,CERRADAS,Entregado,Entregado,NET_LTORRESP,SIM,1 oct 2026,1 oct 2026,null,No,CERRADAS,2026-10-02 01:43:42,Multilínea,Mono_item,Lima - Callao,null,Power ilim 79.90 SD N,Power ilim 79.90 SD N,AmericaMovil,10:00 - 22:00,Cerrado,Resuelto,Desconocido,CHORRILLOS
Netcall,1 oct 2026,14,927327321,927327321,9283,Outbound,Portabilidad Postpago,EXPRESS,Logixtal,9342,CERRADAS,Entregado,Entregado,NET_JBAYONAC,SIM,1 oct 2026,1 oct 2026,null,No,CERRADAS,2026-10-02 00:39:46,Multilínea,Mono_item,Lima - Callao,null,Power ilim 79.90 SD N,null,null,10:00 - 22:00,Cerrado,Resuelto,null,CHORRILLOS
Netcall,1 oct 2026,12,927290634,9272906348285800636452,9283,Outbound,Portabilidad Postpago,EXPRESS,Logixtal,9342,CERRADAS,Entregado,Entregado,NET_ACUEVAC,SIM,1 oct 2026,1 oct 2026,null,No,CERRADAS,2026-10-02 01:35:46,Monolínea,Mono_item,Lima - Callao,null,Power ilim 69.90 N,Power ilim 69.90 N,Viettel Peru,10:00 - 22:00,Cerrado,Resuelto,Desconocido,CHORRILLOS
Netcall,1 oct 2026,14,927328600,9273286008286166740981,9283,Outbound,Venta Regular / Alta,EXPRESS,Logixtal,9342,CERRADAS,Entregado,Entregado,NET_JBAYONAC,SIM,1 oct 2026,1 oct 2026,null,No,CERRADAS,2026-10-01 16:43:28,Multilínea,Mono_item,Lima - Callao,null,Power ilim 79.90 SD N,Power ilim 79.90 SD N,Desconocido,10:00 - 22:00,Cerrado,Resuelto,Desconocido,CHORRILLOS
Netcall,2 oct 2026,10,927722640,927722640Empty,9283,Outbound,Portabilidad Postpago,PROGRAMADO,Logixtal,9342,ABIERTAS,Pendiente Entrega,Pendiente de Picking,NET_WBENITESA,SIM,3 oct 2026,null,null,No,ABIERTAS,null,Monolínea,Mono_item,Lima - Callao,null,null,null,null,08:00 - 13:00,En Progreso,En Progreso,null,null
Netcall,1 oct 2026,13,927311997,9273119978286012094783,9271,Outbound,Portabilidad Postpago,EXPRESS,Logixtal,9342,CERRADAS,Entregado,Entregado,NET_SCOVENASC,SIM,1 oct 2026,1 oct 2026,null,No,CERRADAS,2026-10-02 01:48:55,Monolínea,Mono_item,Lima - Callao,null,Power ilim 79.90 SD N,Power ilim 79.90 SD N,AmericaMovil,10:00 - 22:00,Cerrado,Resuelto,Desconocido,CHORRILLOS
Netcall,1 oct 2026,11,927272984,9272729848285645487657,9259,Outbound,Portabilidad Postpago,EXPRESS,Logixtal,9342,CERRADAS,Entregado,Entregado,NET_CBIELICHR,SIM,1 oct 2026,1 oct 2026,null,No,CERRADAS,2026-10-02 00:59:36,Monolínea,Mono_item,Lima - Callao,null,Power ilim 69.90 N,Power ilim 69.90 N,AmericaMovil,10:00 - 22:00,Cerrado,Resuelto,Desconocido,CHORRILLOS
Netcall,1 oct 2026,17,927392893,9273928938286801229344,9283,Outbound,Portabilidad Postpago,EXPRESS,Logixtal,9342,ABIERTAS,Pendiente Entrega,Pendiente Entrega,NET_STAVARALIVI,SIM,1 oct 2026,null,null,No,ABIERTAS,null,Multilínea,Multi_item,Lima - Callao,null,null,Power ilim 79.90 SD N,TELEFONICAPE,08:00 - 20:00,En Progreso,Punto de No Retorno,Desconocido,CHORRILLOS
Netcall,1 oct 2026,13,927317753,9273177538286065576887,9283,Outbound,Portabilidad Postpago,EXPRESS,Logixtal,9342,CERRADAS,Entregado,Entregado,NET_KCHAVEZF,SIM,1 oct 2026,1 oct 2026,null,No,CERRADAS,2026-10-02 01:46:53,Monolínea,Mono_item,Lima - Callao,null,Power 59.90 N,Power 59.90 N,TELEFONICAPE,10:00 - 22:00,Cerrado,Resuelto,Desconocido,CHORRILLOS
Netcall,1 oct 2026,9,927241802,9272418028285380240207,9283,Outbound,Portabilidad Postpago,EXPRESS,Logixtal,9342,CERRADAS,Entregado,Entregado,NET_LTORRESP,SIM,1 oct 2026,1 oct 2026,null,No,CERRADAS,2026-10-02 03:43:53,Multilínea,Mono_item,Lima - Callao,null,Power ilim 79.90 SD N,Power ilim 79.90 SD N,AmericaMovil,10:00 - 22:00,Cerrado,Resuelto,Desconocido,CHORRILLOS
Netcall,1 oct 2026,10,927257815,9272578158285519103829,9283,Outbound,Portabilidad Postpago,EXPRESS,Logixtal,9345,CERRADAS,Entregado,Entregado,TLV_NET_SVALDEZ,SIM,1 oct 2026,1 oct 2026,null,No,CERRADAS,2026-10-02 01:22:19,Multilínea,Mono_item,Ica,null,Power ilim 79.90 SD N,Power ilim 79.90 SD N,TELEFONICAPE,10:00 - 20:00,Cerrado,Resuelto,Desconocido,CHINCHA ALTA
Netcall,1 oct 2026,14,927337422,9273374228286256792102,9283,Outbound,Portabilidad Postpago,PROGRAMADO,Logixtal,9345,ABIERTAS,Pendiente Entrega,Pendiente Entrega,NET_JSANGAMA,SIM,3 oct 2026,null,null,No,ABIERTAS,null,Monolínea,Mono_item,Ica,null,null,Power ilim 69.90 N,AmericaMovil,13:01 - 19:00,En Progreso,En Progreso,Desconocido,CHINCHA ALTA
Netcall,2 oct 2026,11,927753124,927753124Empty,9271,Outbound,Portabilidad Postpago,EXPRESS,Retiro en tienda,9345,ABIERTAS,Pendiente Entrega,Pendiente Entrega,NET_STANANTAM,SIM,2 oct 2026,null,null,No,ABIERTAS,null,Monolínea,Mono_item,Ica,null,null,null,null,10:00 - 20:00,En Progreso,En Progreso,null,null
Netcall,1 oct 2026,10,927256494,9272564948285513131543,9283,Outbound,Portabilidad Postpago,EXPRESS,Logixtal,9345,CERRADAS,Entregado,Entregado,TLV_NET_SVALDEZ,SIM,1 oct 2026,1 oct 2026,null,No,CERRADAS,2026-10-02 01:00:19,Multilínea,Mono_item,Ica,null,Power ilim 79.90 SD N,Power ilim 79.90 SD N,TELEFONICAPE,10:00 - 20:00,Cerrado,Resuelto,Desconocido,CHINCHA ALTA
Netcall,1 oct 2026,11,927278946,9272789468285692717878,9283,Outbound,Portabilidad Postpago,PROGRAMADO,Logixtal,9345,ABIERTAS,Pendiente Entrega,Pendiente Entrega,NET_GBUITRONL,SIM,2 oct 2026,null,null,No,ABIERTAS,null,Monolínea,Mono_item,Ica,null,null,Power ilim 79.90 SD N,TELEFONICAPE,13:01 - 19:00,En Progreso,En Progreso,Desconocido,CHINCHA ALTA
Netcall,2 oct 2026,10,927718912,927718912Empty,9283,Outbound,Portabilidad Postpago,EXPRESS,Retiro en tienda,9345,ABIERTAS,Pendiente Entrega,Pendiente Entrega,NET_JORTIZV,SIM,2 oct 2026,null,null,No,ABIERTAS,null,Monolínea,Mono_item,Ica,null,null,null,null,10:00 - 20:00,En Progreso,En Progreso,null,null
Netcall,1 oct 2026,15,927341760,9273417608286294047235,9283,Outbound,Portabilidad Postpago,PROGRAMADO,Logixtal,9345,ABIERTAS,Pendiente Entrega,Pendiente Entrega,NET_AROJASF,SIM,3 oct 2026,null,null,No,ABIERTAS,null,Monolínea,Mono_item,Ica,null,null,Power ilim 69.90 N,TELEFONICAPE,13:01 - 19:00,En Progreso,En Progreso,Desconocido,CHINCHA ALTA
Netcall,1 oct 2026,14,927331724,9273317248286204500588,9283,Outbound,Portabilidad Postpago,EXPRESS,Logixtal,9345,CANCELADAS,Anulado,PUNTO DE ENCUENTRO CAMUFLADO,NET_MMIRANDAM,SIM,1 oct 2026,null,null,No,CANCELADAS,2026-10-01 16:46:01,Monolínea,Mono_item,Ica,null,null,Power ilim 79.90 SD N,TelefonicaPr,10:00 - 20:00,Cancelado,Rechazado,Desconocido,CHINCHA ALTA
Netcall,1 oct 2026,11,927283059,9272830598285726623716,9283,Outbound,Portabilidad Postpago,EXPRESS,Logixtal,9344,CANCELADAS,Anulado,Cliente sin equipo Pin Porta,NET_GGALLARDAYA,SIM,1 oct 2026,null,null,No,CANCELADAS,2026-10-01 12:55:02,Multilínea,Multi_item,Ancash,null,null,Power ilim 79.90 SD N,AmericaMovil,10:00 - 20:00,Cancelado,Rechazado,Desconocido,CHIMBOTE
Netcall,1 oct 2026,9,927240659,9272406598285369000274,9283,Outbound,Portabilidad Postpago,EXPRESS,Logixtal,9344,CERRADAS,Entregado,Entregado,NET_KCHAVEZF,SIM,1 oct 2026,1 oct 2026,null,No,CERRADAS,2026-10-02 02:02:33,Monolínea,Mono_item,Ancash,null,Power ilim 79.90 SD N,Power ilim 79.90 SD N,TELEFONICAPE,10:00 - 20:00,Cerrado,Resuelto,Desconocido,CHIMBOTE
Netcall,1 oct 2026,16,927367932,9273679328286557130299,9283,Outbound,Portabilidad Postpago,EXPRESS,Logixtal,9344,CANCELADAS,Anulado,Cliente sin equipo Pin Porta,NET_GGALLARDAYA,SIM,1 oct 2026,null,null,No,CANCELADAS,2026-10-01 17:11:02,Multilínea,Multi_item,Ancash,null,null,Power ilim 79.90 SD N,AmericaMovil,10:00 - 20:00,Cancelado,Rechazado,Desconocido,CHIMBOTE
Netcall,1 oct 2026,9,927229214,9272292148285284994172,9283,Outbound,Portabilidad Postpago,EXPRESS,Logixtal,9344,CERRADAS,Entregado,Entregado,NET_GCABALLEROB,SIM,1 oct 2026,1 oct 2026,null,No,CERRADAS,2026-10-02 00:47:06,Monolínea,Mono_item,Ancash,null,Power ilim 69.90 N,Power ilim 69.90 N,Viettel Peru,10:00 - 20:00,Cerrado,Resuelto,Portabilidad Rechazada. REC01ABD15: El Código NIP es invalido | REC01ABD15,CHIMBOTE
Netcall,1 oct 2026,15,927342996,9273429968286310625414,9283,Outbound,Portabilidad Postpago,EXPRESS,Logixtal,9344,ABIERTAS,Pendiente Entrega,Pendiente Entrega,NET_MHUAPAYAQ,SIM,1 oct 2026,null,null,No,ABIERTAS,null,Monolínea,Mono_item,Ancash,null,null,Power ilim 79.90 SD N,Viettel Peru,10:00 - 20:00,En Progreso,Punto de No Retorno,Desconocido,CHIMBOTE
Netcall,1 oct 2026,9,927234263,9272342638285321551044,9271,Outbound,Portabilidad Postpago,PROGRAMADO,Logixtal,9344,ABIERTAS,Pendiente Entrega,Pendiente Entrega,NET_RCEVERINOL,SIM,2 oct 2026,null,null,No,ABIERTAS,null,Monolínea,Mono_item,Ancash,null,null,Power ilim 69.90 N,Viettel Peru,09:00 - 13:00,En Progreso,En Progreso,Desconocido,CHIMBOTE
Netcall,2 oct 2026,10,927712360,92771236089511710101030167388,9283,Outbound,Portabilidad Postpago,EXPRESS,Retiro en tienda,9344,ABIERTAS,Entregado,Entregado,NET_GSANTOSC,SIM,2 oct 2026,null,null,No,ABIERTAS,null,Monolínea,Mono_item,Ancash,null,null,null,null,10:00 - 20:00,En Progreso,Punto de No Retorno,null,null
Netcall,1 oct 2026,10,927254445,9272544458285491245834,9283,Outbound,Portabilidad Postpago,PROGRAMADO,Logixtal,9344,ABIERTAS,Pendiente Entrega,Pendiente Entrega,NET_RCASTANEDAR,SIM,3 oct 2026,null,null,No,ABIERTAS,null,Multilínea,Mono_item,Ancash,null,null,Power ilim 79.90 SD N,TELEFONICAPE,09:00 - 13:00,En Progreso,En Progreso,Desconocido,CHIMBOTE
Netcall,2 oct 2026,10,927728797,92772879789511710101030168626,9283,Outbound,Portabilidad Postpago,EXPRESS,Retiro en tienda,9344,ABIERTAS,Entregado,Entregado,NET_AYROJASS,SIM,2 oct 2026,null,null,No,ABIERTAS,null,Monolínea,Mono_item,Ancash,null,null,null,null,10:00 - 20:00,En Progreso,Punto de No Retorno,null,null
Netcall,1 oct 2026,12,927292711,927292711,9283,Outbound,Portabilidad Postpago,EXPRESS,Logixtal,9344,CERRADAS,Entregado,Entregado,NET_SGONZALESP,SIM,1 oct 2026,1 oct 2026,null,No,CERRADAS,2026-10-02 00:26:02,Multilínea,Mono_item,Ancash,null,Power ilim 79.90 SD N,null,null,10:00 - 20:00,Cerrado,Resuelto,null,CHIMBOTE
Netcall,2 oct 2026,10,927722488,92772248889511710101030167362,9283,Outbound,Portabilidad Postpago,EXPRESS,Retiro en tienda,9344,ABIERTAS,Entregado,Entregado,NET_STAVARALIVI,SIM,2 oct 2026,null,null,No,ABIERTAS,null,Monolínea,Mono_item,Ancash,null,null,null,null,10:00 - 20:00,En Progreso,Punto de No Retorno,null,null
Netcall,1 oct 2026,16,927367932,9273679328286557130082,9283,Outbound,Portabilidad Postpago,EXPRESS,Logixtal,9344,CANCELADAS,Anulado,Cliente sin equipo Pin Porta,NET_GGALLARDAYA,SIM,1 oct 2026,null,null,No,CANCELADAS,2026-10-01 17:11:02,Multilínea,Multi_item,Ancash,null,null,Power ilim 79.90 SD N,AmericaMovil,10:00 - 20:00,Cancelado,Rechazado,Desconocido,CHIMBOTE
Netcall,1 oct 2026,11,927283059,9272830598285726623933,9283,Outbound,Portabilidad Postpago,EXPRESS,Logixtal,9344,CANCELADAS,Anulado,Cliente sin equipo Pin Porta,NET_GGALLARDAYA,SIM,1 oct 2026,null,null,No,CANCELADAS,2026-10-01 12:55:02,Multilínea,Multi_item,Ancash,null,null,Power ilim 79.90 SD N,AmericaMovil,10:00 - 20:00,Cancelado,Rechazado,Desconocido,CHIMBOTE
Netcall,1 oct 2026,12,927293626,9272936268285827801612,9283,Outbound,Venta Regular / Alta,EXPRESS,Logixtal,9344,CERRADAS,Entregado,Entregado,NET_SGONZALESP,SIM,1 oct 2026,1 oct 2026,null,No,CERRADAS,2026-10-01 16:58:07,Multilínea,Mono_item,Ancash,null,Power ilim 79.90 SD N,Power ilim 79.90 SD N,Desconocido,10:00 - 20:00,Cerrado,Resuelto,Desconocido,CHIMBOTE
Netcall,1 oct 2026,18,927408189,9274081898286952164349,9283,Outbound,Portabilidad Postpago,PROGRAMADO,Logixtal,9346,ABIERTAS,Pendiente Entrega,Pendiente Entrega,TLV_NET_DGARCIA,SIM,3 oct 2026,null,null,No,ABIERTAS,null,Monolínea,Mono_item,Junin,null,null,Power ilim 69.90 N,AmericaMovil,13:01 - 19:00,En Progreso,En Progreso,Desconocido,CHILCA
Netcall,2 oct 2026,9,927706195,927706195Empty,9283,Outbound,Portabilidad Postpago,PROGRAMADO,Retiro en tienda,9346,ABIERTAS,Pendiente Entrega,Pendiente Entrega,TLV_NET_JSOTOZ,SIM,5 oct 2026,null,null,No,ABIERTAS,null,Monolínea,Mono_item,Junin,null,null,null,null,09:00 - 13:00,En Progreso,En Progreso,null,null
Netcall,1 oct 2026,13,927325255,9273252558286138765756,9283,Outbound,Portabilidad Postpago,EXPRESS,Logixtal,9346,CERRADAS,Entregado,Entregado,NET_ECHEROS,SIM,1 oct 2026,1 oct 2026,null,No,CERRADAS,2026-10-02 01:20:20,Multilínea,Mono_item,Junin,null,Power ilim 79.90 SD N,Power ilim 79.90 SD N,Viettel Peru,10:00 - 20:00,Cerrado,Resuelto,Desconocido,CHILCA
Netcall,1 oct 2026,13,927323677,9273236778286122897121,9283,Outbound,Portabilidad Postpago,EXPRESS,Logixtal,9346,CERRADAS,Entregado,Entregado,NET_ECHEROS,SIM,1 oct 2026,1 oct 2026,null,No,CERRADAS,2026-10-02 01:12:58,Multilínea,Mono_item,Junin,null,Power ilim 79.90 SD N,Power ilim 79.90 SD N,Viettel Peru,10:00 - 20:00,Cerrado,Resuelto,Desconocido,CHILCA
Netcall,1 oct 2026,11,927287544,9272875448285787126675,9283,Outbound,Portabilidad Postpago,PROGRAMADO,Logixtal,9001,ABIERTAS,Pendiente Entrega,Pendiente Entrega,NET_BTRUJILLOT,SIM,3 oct 2026,null,null,No,ABIERTAS,null,Monolínea,Mono_item,Lima - Callao,null,null,Power ilim 69.90 N,Viettel Peru,09:00 - 20:00,En Progreso,En Progreso,Desconocido,CHILCA
Netcall,2 oct 2026,9,927698430,92769843089511710101029894505,9283,Outbound,Portabilidad Postpago,EXPRESS,Retiro en tienda,9346,ABIERTAS,Entregado,Entregado,NET_KCHAVEZF,SIM,2 oct 2026,null,null,No,ABIERTAS,null,Monolínea,Mono_item,Junin,null,null,null,null,10:00 - 20:00,En Progreso,Punto de No Retorno,null,null
Netcall,2 oct 2026,11,927745047,927745047Empty,9283,Outbound,Portabilidad Postpago,PROGRAMADO,Logixtal,9001,ABIERTAS,Pendiente Entrega,Pendiente de Picking,NET_NSANTAMARIA,SIM,3 oct 2026,null,null,No,ABIERTAS,null,Multilínea,Mono_item,Lima - Callao,null,null,null,null,09:00 - 20:00,En Progreso,En Progreso,null,null
Netcall,2 oct 2026,11,927742853,927742853Empty,9283,Outbound,Portabilidad Postpago,PROGRAMADO,Logixtal,9001,ABIERTAS,Pendiente Entrega,Pendiente de Picking,NET_NSANTAMARIA,SIM,3 oct 2026,null,null,No,ABIERTAS,null,Multilínea,Mono_item,Lima - Callao,null,null,null,null,09:00 - 20:00,En Progreso,En Progreso,null,null
Netcall,1 oct 2026,14,927335342,9273353428286232318893,9283,Outbound,Portabilidad Postpago,EXPRESS,Logixtal,9346,CERRADAS,Entregado,Entregado,NET_LCAMPOSCABR,SIM,1 oct 2026,1 oct 2026,null,No,CERRADAS,2026-10-02 01:32:53,Monolínea,Mono_item,Junin,null,Power ilim 69.90 N,Power ilim 69.90 N,AmericaMovil,10:00 - 20:00,Cerrado,Resuelto,Desconocido,CHILCA
Netcall,1 oct 2026,13,927317262,9273172628286064005910,9271,Outbound,Portabilidad Postpago,EXPRESS,Logixtal,9346,CERRADAS,Entregado,Entregado,NET_LGOMEZA,SIM,1 oct 2026,1 oct 2026,null,No,CERRADAS,2026-10-02 00:54:06,Monolínea,Mono_item,Junin,null,Power ilim 69.90 N,Power ilim 69.90 N,TELEFONICAPE,10:00 - 20:00,Cerrado,Resuelto,Desconocido,CHILCA
Netcall,1 oct 2026,14,927333090,9273330908286208163422,9283,Outbound,Portabilidad Postpago,PROGRAMADO,Logixtal,9001,ABIERTAS,Pendiente Entrega,Pendiente Entrega,NET_MORIHUELAQ,SIM,3 oct 2026,null,null,No,ABIERTAS,null,Monolínea,Mono_item,Lima - Callao,null,null,Power ilim 79.90 SD N,AmericaMovil,09:00 - 20:00,En Progreso,En Progreso,Desconocido,CHILCA
Netcall,1 oct 2026,22,927481480,9274814808287572061265,9283,Outbound,Portabilidad Postpago,PROGRAMADO,Logixtal,9346,ABIERTAS,Pendiente Entrega,Pendiente Entrega,NET_JBARRAGANH,SIM,2 oct 2026,null,null,No,ABIERTAS,null,Monolínea,Mono_item,Junin,null,null,Power ilim 69.90 N,TELEFONICAPE,13:01 - 19:00,En Progreso,En Progreso,Desconocido,CHILCA
Netcall,1 oct 2026,12,927291793,9272917938285815312917,9283,Outbound,Portabilidad Postpago,PROGRAMADO,Logixtal,5024,ABIERTAS,Pendiente Entrega,Pendiente Entrega,NET_RCARDENASH,SIM,2 oct 2026,null,null,No,ABIERTAS,null,Monolínea,Mono_item,Lambayeque,null,null,Power ilim 69.90 N,AmericaMovil,09:00 - 13:00,En Progreso,Punto de No Retorno,Desconocido,CHICLAYO
Netcall,1 oct 2026,10,927257670,9272576708285520783240,9271,Outbound,Portabilidad Postpago,EXPRESS,Logixtal,5024,CERRADAS,Entregado,Entregado,NET_GHUANCASS,SIM,1 oct 2026,1 oct 2026,null,No,CERRADAS,2026-10-02 01:12:13,Multilínea,Mono_item,Lambayeque,null,Power ilim 79.90 SD N,Power ilim 79.90 SD N,TELEFONICAPE,10:00 - 20:00,Cerrado,Resuelto,Desconocido,CHICLAYO
Netcall,1 oct 2026,10,927250073,9272500738285454942076,9271,Outbound,Portabilidad Postpago,EXPRESS,Logixtal,5024,CERRADAS,Entregado,Entregado,NET_CREYESJ,SIM,1 oct 2026,1 oct 2026,null,No,CERRADAS,2026-10-02 03:30:17,Monolínea,Mono_item,Lambayeque,null,Power ilim 69.90 N,Power ilim 69.90 N,Viettel Peru,10:00 - 20:00,Cerrado,Resuelto,Desconocido,CHICLAYO
Netcall,2 oct 2026,11,927736712,927736712Empty,9283,Outbound,Venta Regular / Alta,RETIRO EN TIENDA,Retiro en tienda,3036,ABIERTAS,Pendiente Entrega,Pendiente Entrega,TLV_NET_DVALOI,SIM,2 oct 2026,null,null,No,ABIERTAS,null,Multilínea,Mono_item,Lambayeque,null,null,null,null,09:00 - 21:00,En Progreso,En Progreso,null,null
Netcall,1 oct 2026,18,927398871,9273988718286859864901,9283,Outbound,Portabilidad Postpago,RETIRO EN TIENDA,Retiro en tienda,3036,ABIERTAS,Pendiente Entrega,Pendiente Entrega,NET_JVASQUEZMEN,SIM,1 oct 2026,null,null,No,ABIERTAS,null,Monolínea,Mono_item,Lambayeque,null,null,Power ilim 79.90 SD N,AmericaMovil,09:00 - 21:00,En Progreso,En Progreso,Desconocido,null
Netcall,1 oct 2026,12,927296838,9272968388285869659024,9283,Outbound,Portabilidad Postpago,RETIRO EN TIENDA,Retiro en tienda,3036,ABIERTAS,Pendiente Entrega,Pendiente Entrega,NET_NBURGAR,SIM,1 oct 2026,null,null,No,ABIERTAS,null,Monolínea,Mono_item,Lambayeque,null,null,Power ilim 69.90 N,TELEFONICAPE,09:00 - 21:00,En Progreso,En Progreso,Desconocido,null
Netcall,1 oct 2026,10,927254993,9272549938285496458846,9271,Outbound,Portabilidad Postpago,EXPRESS,Logixtal,5024,CERRADAS,Entregado,Entregado,NET_GHUANCASS,SIM,1 oct 2026,1 oct 2026,null,No,CERRADAS,2026-10-02 00:50:18,Multilínea,Mono_item,Lambayeque,null,Power ilim 79.90 SD N,Power ilim 79.90 SD N,TELEFONICAPE,10:00 - 20:00,Cerrado,Resuelto,Desconocido,CHICLAYO
Netcall,1 oct 2026,10,927248586,9272485868285441533895,9283,Outbound,Portabilidad Postpago,EXPRESS,Logixtal,5024,CERRADAS,Entregado,Entregado,NET_FRIVERAO,SIM,1 oct 2026,1 oct 2026,null,No,CERRADAS,2026-10-02 01:54:38,Monolínea,Mono_item,Lambayeque,null,Power ilim 69.90 N,Power ilim 69.90 N,TELEFONICAPE,10:00 - 20:00,Cerrado,Resuelto,Desconocido,CHICLAYO
Netcall,1 oct 2026,10,927259986,9272599868285533416006,9283,Outbound,Venta Regular / Alta,EXPRESS,Logixtal,5024,ABIERTAS,Anulado,FALTA DE REFERENCIA DIRECCION,NET_FCARRIONM,SIM,1 oct 2026,null,null,No,ABIERTAS,null,Monolínea,Mono_item,Lambayeque,null,null,Power 39.90 N,Desconocido,10:00 - 20:00,En Progreso,Punto de No Retorno,Desconocido,CHICLAYO
Netcall,1 oct 2026,9,927237241,9272372418285342367149,9283,Outbound,Portabilidad Postpago,EXPRESS,Logixtal,5024,CERRADAS,Entregado,Entregado,TLV_NET_DSANC,SIM,1 oct 2026,1 oct 2026,null,No,CERRADAS,2026-10-02 01:49:28,Monolínea,Mono_item,Lambayeque,null,Power ilim 79.90 SD N,Power ilim 79.90 SD N,TELEFONICAPE,10:00 - 20:00,Cerrado,Resuelto,Desconocido,CHICLAYO
Netcall,2 oct 2026,11,927735282,927735282Empty,9283,Outbound,Venta Regular / Alta,RETIRO EN TIENDA,Retiro en tienda,3036,ABIERTAS,Pendiente Entrega,Pendiente Entrega,TLV_NET_DVALOI,SIM,2 oct 2026,null,null,No,ABIERTAS,null,Multilínea,Mono_item,Lambayeque,null,null,null,null,09:00 - 21:00,En Progreso,En Progreso,null,null
Netcall,2 oct 2026,11,927757347,927757347Empty,9283,Outbound,Portabilidad Postpago,PROGRAMADO,Logixtal,5024,ABIERTAS,Pendiente Entrega,Pendiente de Picking,NET_ACUEVAC,SIM,3 oct 2026,null,null,No,ABIERTAS,null,Multilínea,Mono_item,Lambayeque,null,null,null,null,13:01 - 20:00,En Progreso,En Progreso,null,null
Netcall,1 oct 2026,11,927275708,9272757088285665583881,9283,Outbound,Portabilidad Postpago,PROGRAMADO,Logixtal,5024,ABIERTAS,Pendiente Entrega,Pendiente Entrega,NET_GHERRERAG,SIM,3 oct 2026,null,null,No,ABIERTAS,null,Monolínea,Mono_item,Lambayeque,null,null,Power ilim 79.90 SD N,AmericaMovil,09:00 - 13:00,En Progreso,Punto de No Retorno,Desconocido,CHICLAYO
Netcall,2 oct 2026,9,927703145,92770314589511710101029491625,9283,Outbound,Portabilidad Postpago,EXPRESS,Logixtal,5024,ABIERTAS,Pendiente Entrega,Pendiente de Picking,TLV_NET_YAQUINO,SIM,2 oct 2026,null,null,No,ABIERTAS,null,Monolínea,Mono_item,Lambayeque,null,null,null,null,10:00 - 20:00,En Progreso,Punto de No Retorno,null,null
Netcall,1 oct 2026,10,927249633,9272496338285447529252,9283,Outbound,Portabilidad Postpago,EXPRESS,Logixtal,5024,CANCELADAS,Entregado,Entregado,NET_RMRAMIREZ,SIM,1 oct 2026,1 oct 2026,null,No,CANCELADAS,2026-10-01 22:00:32,Multilínea,Mono_item,Lambayeque,null,null,Power ilim 69.90 N,TELEFONICAPE,10:00 - 20:00,Cancelado,Pedido Cancelación,Portabilidad Rechazada. REC01PRT09: El abonado tiene deuda exigible | paymentDueDate=2026-09-23|portabilityOperDateActive=2025-09-20|amount=47.5|units=01,CHICLAYO
Netcall,1 oct 2026,9,927231696,9272316968285296736240,9283,Outbound,Portabilidad Postpago,EXPRESS,Logixtal,5024,CERRADAS,Entregado,Entregado,TLV_NET_DSANC,SIM,1 oct 2026,1 oct 2026,null,No,CERRADAS,2026-10-02 00:52:17,Multilínea,Mono_item,Lambayeque,null,Power ilim 79.90 SD N,Power ilim 79.90 SD N,AmericaMovil,10:00 - 20:00,Cerrado,Resuelto,Desconocido,CHICLAYO
Netcall,2 oct 2026,9,927706152,92770615289511710101029491633,9283,Outbound,Portabilidad Postpago,EXPRESS,Logixtal,5024,ABIERTAS,Entregado,Entregado,NET_FCARRIONM,SIM,2 oct 2026,null,null,No,ABIERTAS,null,Monolínea,Mono_item,Lambayeque,null,null,null,null,10:00 - 20:00,En Progreso,Punto de No Retorno,null,null
Netcall,1 oct 2026,9,927230136,927230136,9283,Outbound,Portabilidad Postpago,EXPRESS,Logixtal,5024,CERRADAS,Entregado,Entregado,TLV_NET_FVALQUI,SIM,1 oct 2026,1 oct 2026,null,No,CERRADAS,2026-10-02 00:34:50,Multilínea,Mono_item,Lambayeque,null,Power ilim 79.90 SD N,null,null,10:00 - 20:00,Cerrado,Resuelto,null,CHICLAYO
Netcall,1 oct 2026,11,927270189,9272701898285621722694,5299,Outbound,Venta Regular / Alta,EXPRESS,Logixtal,5024,CANCELADAS,Anulado,RESULTADO NEGATIVO BIOMETRICO,NET_MCORDOVACRU,SIM,1 oct 2026,null,null,No,CANCELADAS,2026-10-01 11:48:28,Monolínea,Mono_item,Lambayeque,null,null,Power ilim 69.90 N,Desconocido,10:00 - 20:00,Cancelado,Rechazado,Desconocido,CHICLAYO
Netcall,2 oct 2026,10,927719280,92771928089511710101029492318,9283,Outbound,Portabilidad Postpago,EXPRESS,Logixtal,5024,ABIERTAS,Entregado,Entregado,NET_DESPINOZAM,SIM,2 oct 2026,null,null,No,ABIERTAS,null,Monolínea,Mono_item,Lambayeque,null,null,null,null,10:00 - 20:00,En Progreso,Punto de No Retorno,null,null
Netcall,2 oct 2026,10,927715957,92771595789511710101029491021,9283,Outbound,Portabilidad Postpago,EXPRESS,Logixtal,5024,ABIERTAS,Entregado,Entregado,NET_GBUITRONL,SIM,2 oct 2026,null,null,No,ABIERTAS,null,Multilínea,Mono_item,Lambayeque,null,null,null,null,10:00 - 20:00,En Progreso,Punto de No Retorno,null,null
Netcall,1 oct 2026,9,927232331,927232331,9283,Outbound,Portabilidad Postpago,EXPRESS,Logixtal,5024,CERRADAS,Entregado,Entregado,TLV_NET_DSANC,SIM,1 oct 2026,1 oct 2026,null,No,CERRADAS,2026-10-02 00:32:05,Multilínea,Mono_item,Lambayeque,null,Power ilim 79.90 SD N,null,null,10:00 - 20:00,Cerrado,Resuelto,null,CHICLAYO
Netcall,1 oct 2026,13,927322542,9273225428286108135026,9283,Outbound,Portabilidad Postpago,PROGRAMADO,Logixtal,5024,ABIERTAS,Pendiente Entrega,Pendiente Entrega,NET_GVELASQUEZA,SIM,2 oct 2026,null,null,No,ABIERTAS,null,Monolínea,Mono_item,Lambayeque,null,null,Power ilim 79.90 SD N,Viettel Peru,13:01 - 20:00,En Progreso,Punto de No Retorno,Desconocido,CHICLAYO
Netcall,1 oct 2026,19,927416651,9274166518287027407091,9283,Outbound,Portabilidad Postpago,RETIRO EN TIENDA,Retiro en tienda,3213,ABIERTAS,Pendiente Entrega,Pendiente Entrega,TLV_NET_JPENAM,SIM,1 oct 2026,null,null,No,ABIERTAS,null,Monolínea,Mono_item,Lambayeque,null,null,Power ilim 69.90 N,Viettel Peru,09:00 - 21:00,En Progreso,En Progreso,Desconocido,null
Netcall,2 oct 2026,11,927758342,927758342Empty,9283,Outbound,Portabilidad Postpago,EXPRESS,Logixtal,5024,ABIERTAS,Pendiente Entrega,Pendiente de Picking,NET_AAYAURIO,SIM,2 oct 2026,null,null,No,ABIERTAS,null,Monolínea,Mono_item,Lambayeque,null,null,null,null,10:00 - 20:00,En Progreso,En Progreso,null,null
Netcall,2 oct 2026,10,927711501,92771150189511710101029494082,9283,Outbound,Portabilidad Postpago,EXPRESS,Logixtal,5024,ABIERTAS,Entregado,Entregado,NET_YHUAMAN,SIM,2 oct 2026,null,null,No,ABIERTAS,null,Monolínea,Mono_item,Lambayeque,null,null,null,null,10:00 - 20:00,En Progreso,Punto de No Retorno,null,null
Netcall,1 oct 2026,16,927368487,9273684878286559903294,9259,Outbound,Portabilidad Postpago,RETIRO EN TIENDA,Retiro en tienda,3036,CERRADAS,Entregado,Entregado,NET_CBIELICHR,SIM,1 oct 2026,1 oct 2026,null,No,CERRADAS,2026-10-02 03:01:41,Monolínea,Mono_item,Lambayeque,null,Power ilim 79.90 SD N,Power ilim 79.90 SD N,AmericaMovil,09:00 - 21:00,Cerrado,Resuelto,Desconocido,null
Netcall,2 oct 2026,11,927755954,927755954Empty,9283,Outbound,Portabilidad Postpago,PROGRAMADO,Logixtal,5024,ABIERTAS,Pendiente Entrega,Pendiente de Picking,NET_ACUEVAC,SIM,3 oct 2026,null,null,No,ABIERTAS,null,Multilínea,Mono_item,Lambayeque,null,null,null,null,13:01 - 20:00,En Progreso,En Progreso,null,null
Netcall,1 oct 2026,10,927254081,927254081,9283,Outbound,Portabilidad Postpago,EXPRESS,Logixtal,5024,CERRADAS,Entregado,Entregado,NET_BCUSQUISIVA,SIM,1 oct 2026,1 oct 2026,null,No,CERRADAS,2026-10-02 00:37:19,Monolínea,Mono_item,Lambayeque,null,Power ilim 69.90 N,null,null,10:00 - 20:00,Cerrado,Resuelto,null,CHICLAYO
Netcall,1 oct 2026,14,927340595,9273405958286285434223,9283,Outbound,Portabilidad Postpago,PROGRAMADO,Logixtal,5024,ABIERTAS,Pendiente Entrega,Pendiente Entrega,NET_PBCGOMEZ,SIM,2 oct 2026,null,null,No,ABIERTAS,null,Monolínea,Mono_item,Lambayeque,null,null,Power ilim 69.90 N,Viettel Peru,09:00 - 13:00,En Progreso,Punto de No Retorno,Desconocido,CHICLAYO
Netcall,1 oct 2026,11,927283543,9272835438285731866100,9259,Outbound,Portabilidad Postpago,EXPRESS,Logixtal,5024,CERRADAS,Entregado,Entregado,NET_CBIELICHR,SIM,1 oct 2026,1 oct 2026,null,No,CERRADAS,2026-10-02 01:01:27,Monolínea,Mono_item,Lambayeque,null,Power ilim 79.90 SD N,Power ilim 79.90 SD N,AmericaMovil,10:00 - 20:00,Cerrado,Resuelto,Desconocido,CHICLAYO
Netcall,1 oct 2026,18,927400594,9274005948286873983528,9271,Outbound,Portabilidad Postpago,RETIRO EN TIENDA,Retiro en tienda,3036,ABIERTAS,Pendiente Entrega,Pendiente Entrega,NET_MGSGRADOS,SIM,1 oct 2026,null,null,No,ABIERTAS,null,Monolínea,Mono_item,Lambayeque,null,null,Power ilim 69.90 N,AmericaMovil,09:00 - 21:00,En Progreso,En Progreso,Desconocido,null
Netcall,1 oct 2026,16,927366837,9273668378286542629992,9283,Outbound,Venta Regular / Alta,PROGRAMADO,Logixtal,5024,ABIERTAS,Pendiente Entrega,Pendiente Entrega,TLV_NET_ACUBASS,SIM,2 oct 2026,null,null,No,ABIERTAS,null,Monolínea,Mono_item,Lambayeque,null,null,Power ilim 79.90 SD N,Desconocido,09:00 - 13:00,En Progreso,Punto de No Retorno,Desconocido,CHICLAYO
Netcall,1 oct 2026,10,927247755,9272477558285431590683,9283,Outbound,Venta Regular / Alta,EXPRESS,Logixtal,5024,CERRADAS,Entregado,Entregado,NET_RMRAMIREZ,SIM,1 oct 2026,1 oct 2026,null,No,CERRADAS,2026-10-01 13:29:48,Multilínea,Mono_item,Lambayeque,null,Power ilim 69.90 N,Power ilim 69.90 N,Desconocido,10:00 - 20:00,Cerrado,Resuelto,Desconocido,CHICLAYO
Netcall,1 oct 2026,13,927324854,9273248548286132640580,9271,Outbound,Portabilidad Postpago,PROGRAMADO,Logixtal,5024,ABIERTAS,Pendiente Entrega,Pendiente Entrega,NET_KANGELESS,SIM,2 oct 2026,null,null,No,ABIERTAS,null,Monolínea,Mono_item,Lambayeque,null,null,Power ilim 69.90 N,TELEFONICAPE,09:00 - 13:00,En Progreso,Punto de No Retorno,Desconocido,CHICLAYO
Netcall,1 oct 2026,16,927373599,9273735998286636962197,9271,Outbound,Portabilidad Postpago,PROGRAMADO,Logixtal,5024,ABIERTAS,Pendiente Entrega,Pendiente Entrega,NET_HDOMINGUEZC,SIM,2 oct 2026,null,null,No,ABIERTAS,null,Multilínea,Multi_item,Lambayeque,null,null,Power ilim 79.90 SD N,AmericaMovil,09:00 - 13:00,En Progreso,Punto de No Retorno,Desconocido,CHICLAYO
Netcall,1 oct 2026,9,927234642,9272346428285324653520,9283,Outbound,Portabilidad Postpago,EXPRESS,Logixtal,5024,CERRADAS,Entregado,Entregado,TLV_NET_DSANC,SIM,1 oct 2026,1 oct 2026,null,No,CERRADAS,2026-10-02 03:43:55,Monolínea,Mono_item,Lambayeque,null,Power ilim 79.90 SD N,Power ilim 79.90 SD N,Viettel Peru,10:00 - 20:00,Cerrado,Resuelto,Desconocido,CHICLAYO
Netcall,1 oct 2026,14,927335279,9273352798286231977060,9283,Outbound,Portabilidad Postpago,PROGRAMADO,Logixtal,5024,ABIERTAS,Pendiente Entrega,Pendiente Entrega,TLV_NET_MMURGAF,SIM,2 oct 2026,null,null,No,ABIERTAS,null,Multilínea,Mono_item,Lambayeque,null,null,Power ilim 69.90 N,TELEFONICAPE,13:01 - 20:00,En Progreso,Punto de No Retorno,Desconocido,CHICLAYO
Netcall,1 oct 2026,10,927256087,9272560878285505217773,9271,Outbound,Portabilidad Postpago,EXPRESS,Logixtal,5024,CERRADAS,Entregado,Entregado,NET_GHUANCASS,SIM,1 oct 2026,1 oct 2026,null,No,CERRADAS,2026-10-02 00:56:05,Multilínea,Mono_item,Lambayeque,null,Power ilim 79.90 SD N,Power ilim 79.90 SD N,TELEFONICAPE,10:00 - 20:00,Cerrado,Resuelto,Desconocido,CHICLAYO
Netcall,2 oct 2026,10,927717946,92771794689511710101029491013,9283,Outbound,Portabilidad Postpago,EXPRESS,Logixtal,5024,ABIERTAS,Entregado,Entregado,NET_GBUITRONL,SIM,2 oct 2026,null,null,No,ABIERTAS,null,Multilínea,Mono_item,Lambayeque,null,null,null,null,10:00 - 20:00,En Progreso,Punto de No Retorno,null,null
Netcall,1 oct 2026,16,927373599,9273735998286636962416,9271,Outbound,Portabilidad Postpago,PROGRAMADO,Logixtal,5024,ABIERTAS,Pendiente Entrega,Pendiente Entrega,NET_HDOMINGUEZC,SIM,2 oct 2026,null,null,No,ABIERTAS,null,Multilínea,Multi_item,Lambayeque,null,null,Power ilim 79.90 SD N,AmericaMovil,09:00 - 13:00,En Progreso,Punto de No Retorno,Desconocido,CHICLAYO
Netcall,2 oct 2026,11,927754417,927754417Empty,9283,Outbound,Portabilidad Postpago,PROGRAMADO,Logixtal,5024,ABIERTAS,Pendiente Entrega,Pendiente de Picking,NET_ACUEVAC,SIM,3 oct 2026,null,null,No,ABIERTAS,null,Multilínea,Mono_item,Lambayeque,null,null,null,null,13:01 - 20:00,En Progreso,En Progreso,null,null
Netcall,1 oct 2026,9,927230988,9272309888285290481694,9283,Outbound,Venta Regular / Alta,EXPRESS,Logixtal,5024,CERRADAS,Entregado,Entregado,TLV_NET_FVALQUI,SIM,1 oct 2026,1 oct 2026,null,No,CERRADAS,2026-10-01 13:23:35,Multilínea,Mono_item,Lambayeque,null,Power ilim 79.90 SD N,Power ilim 79.90 SD N,Desconocido,10:00 - 20:00,Cerrado,Resuelto,Desconocido,CHICLAYO
Netcall,1 oct 2026,16,927376755,9273767558286649294713,9283,Outbound,Portabilidad Postpago,PROGRAMADO,Logixtal,5024,ABIERTAS,Pendiente Entrega,Pendiente Entrega,NET_MFERRER,SIM,2 oct 2026,null,null,No,ABIERTAS,null,Monolínea,Mono_item,Lambayeque,null,null,Power ilim 69.90 N,Viettel Peru,09:00 - 13:00,En Progreso,Punto de No Retorno,Desconocido,CHICLAYO
Netcall,2 oct 2026,12,927758695,927758695Empty,9283,Outbound,Portabilidad Postpago,EXPRESS,Retiro en tienda,3115,ABIERTAS,Pendiente Entrega,Pendiente Entrega,NET_GCABALLEROC,SIM,2 oct 2026,null,null,No,ABIERTAS,null,Monolínea,Mono_item,Pasco,null,null,null,null,10:00 - 20:00,null,null,null,null
Netcall,2 oct 2026,10,927718766,92771876689511710121005200857,9283,Outbound,Portabilidad Postpago,EXPRESS,Retiro en tienda,3115,ABIERTAS,Pendiente Entrega,Pendiente Entrega,NET_KYUPANQUIC,SIM,2 oct 2026,null,null,No,ABIERTAS,null,Monolínea,Mono_item,Pasco,null,null,null,null,10:00 - 20:00,En Progreso,Punto de No Retorno,null,null
Netcall,1 oct 2026,16,927371938,9273719388286595619496,9283,Outbound,Portabilidad Postpago,PROGRAMADO,Logixtal,5023,ABIERTAS,Pendiente Entrega,Pendiente Entrega,TLV_NET_LMONTED,SIM,2 oct 2026,null,null,No,ABIERTAS,null,Monolínea,Mono_item,La Libertad,null,null,Power ilim 69.90 N,AmericaMovil,09:00 - 19:00,En Progreso,Punto de No Retorno,Desconocido,CHAO
Netcall,2 oct 2026,10,927724461,92772446189511710111071750448,9283,Outbound,Portabilidad Postpago,EXPRESS,Logixtal,5023,CANCELADAS,Pendiente Entrega,Pendiente de Picking,TLV_NET_KARANDA,SIM,2 oct 2026,null,null,No,CANCELADAS,2026-10-02 11:33:44,Monolínea,Mono_item,La Libertad,null,null,null,null,10:00 - 20:00,Cancelado,Rechazado,null,null
Netcall,2 oct 2026,10,927717213,92771721389511710111071754697,9283,Outbound,Portabilidad Postpago,EXPRESS,Logixtal,5023,ABIERTAS,Pendiente Entrega,Pendiente de Picking,NET_MCASTILLOC,SIM,2 oct 2026,null,null,No,ABIERTAS,null,Monolínea,Mono_item,La Libertad,null,null,null,null,10:00 - 20:00,En Progreso,Punto de No Retorno,null,null
Netcall,1 oct 2026,10,927265712,9272657128285582127789,9283,Outbound,Portabilidad Postpago,PROGRAMADO,Logixtal,5023,ABIERTAS,Pendiente Entrega,Pendiente Entrega,NET_GGALLARDAYA,SIM,2 oct 2026,null,null,No,ABIERTAS,null,Monolínea,Mono_item,La Libertad,null,null,Power ilim 69.90 N,TELEFONICAPE,09:00 - 19:00,En Progreso,Punto de No Retorno,Desconocido,CHAO
Netcall,1 oct 2026,19,927416791,9274167918287027444975,9283,Outbound,Portabilidad Postpago,RETIRO EN TIENDA,Retiro en tienda,7271,ABIERTAS,Pendiente Entrega,Pendiente Entrega,NET_SRUIZS,SIM,2 oct 2026,null,null,No,ABIERTAS,null,Multilínea,Mono_item,Junin,null,null,Power ilim 69.90 N,AmericaMovil,09:00 - 21:00,En Progreso,En Progreso,Desconocido,null
Netcall,1 oct 2026,17,927387135,9273871358286739209668,9283,Outbound,Portabilidad Postpago,RETIRO EN TIENDA,Retiro en tienda,7271,ABIERTAS,Pendiente Entrega,Pendiente Entrega,NET_DNIEVESNIMA,SIM,1 oct 2026,null,null,No,ABIERTAS,null,Monolínea,Mono_item,Junin,null,null,Power ilim 69.90 N,AmericaMovil,09:00 - 21:00,En Progreso,En Progreso,Desconocido,null
Netcall,2 oct 2026,8,927683484,927683484Empty,9283,Outbound,Portabilidad Postpago,RETIRO EN TIENDA,Retiro en tienda,7315,ABIERTAS,Pendiente Entrega,Pendiente Entrega,NET_PBCGOMEZ,SIM,2 oct 2026,null,null,No,ABIERTAS,null,Monolínea,Mono_item,Empty,null,null,null,null,09:00 - 21:00,En Progreso,Documentación Generada,null,null
Netcall,2 oct 2026,10,927722363,927722363Empty,9271,Outbound,Portabilidad Postpago,RETIRO EN TIENDA,Retiro en tienda,3106,ABIERTAS,Pendiente Entrega,Pendiente Entrega,NET_LGOMEZA,SIM,2 oct 2026,null,null,No,ABIERTAS,null,Monolínea,Mono_item,Junin,null,null,null,null,09:00 - 21:00,En Progreso,En Progreso,null,null
Netcall,2 oct 2026,9,927699341,927699341Empty,5299,Outbound,Portabilidad Postpago,RETIRO EN TIENDA,Retiro en tienda,7315,ABIERTAS,Pendiente Entrega,Pendiente Entrega,NET_JBOZAC,SIM,2 oct 2026,null,null,No,ABIERTAS,null,Monolínea,Mono_item,Empty,null,null,null,null,09:00 - 21:00,En Progreso,En Progreso,null,null
Netcall,1 oct 2026,17,927388448,9273884488286753920335,9283,Outbound,Portabilidad Postpago,RETIRO EN TIENDA,Retiro en tienda,7271,CANCELADAS,Cancelado,Cancelado,NET_SRUIZS,SIM,1 oct 2026,null,null,No,CANCELADAS,2026-10-01 18:55:39,Multilínea,Mono_item,Junin,null,null,Power ilim 69.90 N,AmericaMovil,09:00 - 21:00,Cancelado,Rechazado,Desconocido,null
Netcall,1 oct 2026,12,927306417,9273064178285958968778,9283,Outbound,Portabilidad Postpago,PROGRAMADO,Logixtal,9001,ABIERTAS,Pendiente Entrega,Pendiente Entrega,NET_RCARDENASH,SIM,2 oct 2026,null,null,No,ABIERTAS,null,Monolínea,Mono_item,Lima - Callao,null,null,Power ilim 69.90 N,AmericaMovil,09:00 - 20:00,En Progreso,En Progreso,Desconocido,CHANCAY
Netcall,2 oct 2026,9,927700547,92770054789511710101081003227,9283,Outbound,Portabilidad Postpago,EXPRESS,Logixtal,9001,ABIERTAS,Pendiente Entrega,Pendiente de Picking,NET_IQUEREVALUL,SIM,2 oct 2026,null,null,No,ABIERTAS,null,Monolínea,Mono_item,Lima - Callao,null,null,null,null,10:00 - 20:00,En Progreso,Punto de No Retorno,null,null
Netcall,1 oct 2026,18,927408395,9274083958286952158192,9283,Outbound,Portabilidad Postpago,PROGRAMADO,Logixtal,9001,ABIERTAS,Pendiente Entrega,Pendiente Entrega,NET_KYUPANQUIC,SIM,5 oct 2026,null,null,No,ABIERTAS,null,Monolínea,Mono_item,Lima - Callao,null,null,Power ilim 79.90 SD N,AmericaMovil,09:00 - 20:00,En Progreso,En Progreso,Desconocido,CHANCAY
Netcall,1 oct 2026,12,927295297,9272952978285842799209,9283,Outbound,Portabilidad Postpago,EXPRESS,Logixtal,9357,ABIERTAS,Pendiente Entrega,Pendiente Entrega,NET_MRIOSP,SIM,1 oct 2026,null,null,No,ABIERTAS,null,Monolínea,Mono_item,Amazonas,null,null,Power ilim 79.90 SD N,TELEFONICAPE,08:00 - 20:00,En Progreso,Punto de No Retorno,Desconocido,CHACHAPOYAS
Netcall,2 oct 2026,9,927700841,92770084189511710101045278683,9283,Outbound,Portabilidad Postpago,EXPRESS,Retiro en tienda,9357,ABIERTAS,Entregado,Entregado,NET_ACUEVAC,SIM,2 oct 2026,null,null,No,ABIERTAS,null,Monolínea,Mono_item,Amazonas,null,null,null,null,10:00 - 20:00,En Progreso,Pago Recibido,null,null
Netcall,2 oct 2026,10,927716536,92771653689511710101045278709,9283,Outbound,Portabilidad Postpago,EXPRESS,Retiro en tienda,9357,ABIERTAS,Entregado,Entregado,NET_SLAZOB,SIM,2 oct 2026,null,null,No,ABIERTAS,null,Monolínea,Mono_item,Amazonas,null,null,null,null,10:00 - 20:00,En Progreso,Punto de No Retorno,null,null
Netcall,1 oct 2026,9,927242779,9272427798285390150417,9283,Outbound,Portabilidad Postpago,PROGRAMADO,Logixtal,9357,ABIERTAS,Pendiente Entrega,Pendiente Entrega,NET_JSANGAMA,SIM,2 oct 2026,null,null,No,ABIERTAS,null,Monolínea,Mono_item,Amazonas,null,null,Power ilim 69.90 N,TELEFONICAPE,13:01 - 19:00,En Progreso,En Progreso,Desconocido,CHACHAPOYAS
Netcall,1 oct 2026,16,927362654,9273626548286498221383,9283,Outbound,Portabilidad Postpago,EXPRESS,Logixtal,5022,CERRADAS,Entregado,Entregado,NET_TDILAST,SIM,1 oct 2026,1 oct 2026,null,No,CERRADAS,2026-10-02 01:27:15,Monolínea,Mono_item,Arequipa,null,Power ilim 69.90 N,Power ilim 69.90 N,TELEFONICAPE,10:00 - 20:00,Cerrado,Resuelto,Desconocido,CERRO COLORADO
Netcall,1 oct 2026,18,927399871,9273998718286869509877,9283,Outbound,Portabilidad Postpago,PROGRAMADO,Logixtal,5022,ABIERTAS,Pendiente Entrega,Pendiente Entrega,NET_ACQUISPE,SIM,2 oct 2026,null,null,No,ABIERTAS,null,Monolínea,Mono_item,Arequipa,null,null,Power ilim 69.90 N,Viettel Peru,09:00 - 13:00,En Progreso,Punto de No Retorno,Desconocido,CERRO COLORADO
Netcall,2 oct 2026,12,927758590,927758590Empty,9283,Outbound,Portabilidad Postpago,EXPRESS,Logixtal,5022,ABIERTAS,Pendiente Entrega,Pendiente de Picking,NET_LMORAO,SIM,2 oct 2026,null,null,No,ABIERTAS,null,Monolínea,Mono_item,Arequipa,null,null,null,null,10:00 - 20:00,null,null,null,null
Netcall,1 oct 2026,8,927202997,9272029978285200027014,9283,Outbound,Portabilidad Postpago,EXPRESS,Logixtal,5022,CERRADAS,Entregado,Entregado,NET_SBENITESL,SIM,1 oct 2026,1 oct 2026,null,No,CERRADAS,2026-10-02 01:37:52,Monolínea,Mono_item,Arequipa,null,Power ilim 79.90 SD N,Power ilim 79.90 SD N,AmericaMovil,10:00 - 20:00,Cerrado,Resuelto,Desconocido,CERRO COLORADO
Netcall,1 oct 2026,17,927395512,9273955128286826379879,9271,Outbound,Portabilidad Postpago,PROGRAMADO,Logixtal,5022,ABIERTAS,No bop,No bop,NET_SBACAD,SIM,3 oct 2026,null,null,No,ABIERTAS,null,Multilínea,Mono_item,Arequipa,null,null,Power ilim 79.90 SD N,AmericaMovil,13:01 - 20:00,En Progreso,En Progreso,Desconocido,CERRO COLORADO
Netcall,2 oct 2026,9,927695581,92769558189511710101029543581,9283,Outbound,Portabilidad Postpago,EXPRESS,Logixtal,5022,ABIERTAS,Entregado,Entregado,NET_MFERRER,SIM,2 oct 2026,null,null,No,ABIERTAS,null,Monolínea,Mono_item,Arequipa,null,null,null,null,10:00 - 20:00,En Progreso,Punto de No Retorno,null,null
Netcall,1 oct 2026,17,927392409,9273924098286800431856,9271,Outbound,Portabilidad Postpago,PROGRAMADO,Logixtal,5022,ABIERTAS,No bop,No bop,NET_SBACAD,SIM,3 oct 2026,null,null,No,ABIERTAS,null,Multilínea,Mono_item,Arequipa,null,null,Power ilim 79.90 SD N,TELEFONICAPE,13:01 - 20:00,En Progreso,En Progreso,Desconocido,CERRO COLORADO
Netcall,2 oct 2026,9,927695581,92769558189511710101029532592,9283,Outbound,Portabilidad Postpago,EXPRESS,Logixtal,5022,ABIERTAS,Entregado,Entregado,NET_MFERRER,SIM,2 oct 2026,null,null,No,ABIERTAS,null,Monolínea,Mono_item,Arequipa,null,null,null,null,10:00 - 20:00,En Progreso,Punto de No Retorno,null,null
Netcall,2 oct 2026,9,927703617,92770361789511710101029523906,9283,Outbound,Portabilidad Postpago,EXPRESS,Logixtal,5022,ABIERTAS,Entregado,Entregado,NET_SLIZARDOPER,SIM,2 oct 2026,null,null,No,ABIERTAS,null,Monolínea,Mono_item,Arequipa,null,null,null,null,10:00 - 20:00,En Progreso,Punto de No Retorno,null,null
Netcall,1 oct 2026,12,927291250,9272912508285807042161,9283,Outbound,Portabilidad Postpago,EXPRESS,Logixtal,5022,ABIERTAS,Anulado,CLIENTE AUSENTE,NET_MOQUISPITON,SIM,1 oct 2026,null,null,No,ABIERTAS,null,Monolínea,Mono_item,Arequipa,null,null,Power ilim 79.90 SD N,Viettel Peru,10:00 - 20:00,En Progreso,Punto de No Retorno,Desconocido,CERRO COLORADO
Netcall,1 oct 2026,12,927291689,9272916898285808803546,9283,Outbound,Portabilidad Postpago,EXPRESS,Logixtal,5022,CERRADAS,Entregado,Entregado,NET_JSANGAMA,SIM,1 oct 2026,1 oct 2026,null,No,CERRADAS,2026-10-02 01:05:16,Multilínea,Mono_item,Arequipa,null,Power ilim 79.90 SD N,Power ilim 79.90 SD N,AmericaMovil,10:00 - 20:00,Cerrado,Resuelto,Desconocido,CERRO COLORADO
Netcall,1 oct 2026,13,927318745,9273187458286079713082,5299,Outbound,Portabilidad Postpago,EXPRESS,Logixtal,5022,ABIERTAS,Anulado,CLIENTE AUSENTE,NET_JBOZAC,SIM,1 oct 2026,null,null,No,ABIERTAS,null,Multilínea,Mono_item,Arequipa,null,null,Power ilim 79.90 SD N,AmericaMovil,10:00 - 20:00,En Progreso,Punto de No Retorno,Desconocido,CERRO COLORADO
Netcall,1 oct 2026,9,927236584,9272365848285340151085,9283,Outbound,Portabilidad Postpago,EXPRESS,Logixtal,5022,CERRADAS,Entregado,Entregado,TLV_NET_GJQUISP,SIM,1 oct 2026,1 oct 2026,null,No,CERRADAS,2026-10-02 01:04:17,Monolínea,Mono_item,Arequipa,null,Power ilim 69.90 N,Power ilim 69.90 N,TELEFONICAPE,10:00 - 20:00,Cerrado,Resuelto,Desconocido,CERRO COLORADO
Netcall,1 oct 2026,7,927191641,9271916418285165210987,9283,Outbound,Portabilidad Postpago,EXPRESS,Logixtal,5022,ABIERTAS,Anulado,CLIENTE AUSENTE,NET_FLABANM,SIM,1 oct 2026,null,null,No,ABIERTAS,null,Monolínea,Mono_item,Arequipa,null,null,Power ilim 69.90 N,Viettel Peru,10:00 - 20:00,En Progreso,Punto de No Retorno,Desconocido,CERRO COLORADO
Netcall,1 oct 2026,16,927368046,9273680468286565164970,9283,Outbound,Portabilidad Postpago,EXPRESS,Logixtal,5022,CANCELADAS,Anulado,CLIENTE YA NO DESEA PRODUCTO,TLV_NET_CURCIAR,SIM,1 oct 2026,null,null,No,CANCELADAS,2026-10-01 17:42:01,Multilínea,Mono_item,Arequipa,null,null,Power ilim 69.90 N,TELEFONICAPE,10:00 - 20:00,Cancelado,Rechazado,Desconocido,CERRO COLORADO
Netcall,1 oct 2026,12,927293902,9272939028285841415173,9283,Outbound,Portabilidad Postpago,EXPRESS,Logixtal,5022,ABIERTAS,Pendiente Entrega,Pendiente Entrega,NET_NCANCHOP,SIM,1 oct 2026,null,null,No,ABIERTAS,null,Monolínea,Mono_item,Arequipa,null,null,Power ilim 69.90 N,TELEFONICAPE,08:00 - 20:00,En Progreso,Punto de No Retorno,Desconocido,CERRO COLORADO
Netcall,1 oct 2026,13,927320164,9273201648286089780704,5299,Outbound,Venta Regular / Alta,EXPRESS,Logixtal,5022,ABIERTAS,Anulado,CLIENTE AUSENTE,NET_JBOZAC,SIM,1 oct 2026,null,null,No,ABIERTAS,null,Multilínea,Mono_item,Arequipa,null,null,Power ilim 79.90 SD N,Desconocido,10:00 - 20:00,En Progreso,Punto de No Retorno,Desconocido,CERRO COLORADO
Netcall,1 oct 2026,10,927263382,9272633828285570194277,9283,Outbound,Portabilidad Postpago,EXPRESS,Logixtal,5022,CERRADAS,Entregado,Entregado,NET_ATRIVINOS,SIM,1 oct 2026,1 oct 2026,null,No,CERRADAS,2026-10-02 04:16:50,Monolínea,Mono_item,Arequipa,null,Power ilim 79.90 SD N,Power ilim 79.90 SD N,AmericaMovil,10:00 - 20:00,Cerrado,Resuelto,Desconocido,CERRO COLORADO
Netcall,1 oct 2026,17,927384439,9273844398286724504109,9283,Outbound,Portabilidad Postpago,PROGRAMADO,Logixtal,5022,ABIERTAS,Pendiente Entrega,Pendiente Entrega,TLV_NET_CURCIAR,SIM,2 oct 2026,null,null,No,ABIERTAS,null,Multilínea,Mono_item,Arequipa,null,null,Power ilim 69.90 N,TELEFONICAPE,09:00 - 13:00,En Progreso,Punto de No Retorno,Desconocido,CERRO COLORADO
Netcall,1 oct 2026,12,927290643,927290643,9283,Outbound,Portabilidad Postpago,EXPRESS,Logixtal,5022,CERRADAS,Entregado,Entregado,NET_JSANGAMA,SIM,1 oct 2026,1 oct 2026,null,No,CERRADAS,2026-10-02 00:20:14,Multilínea,Mono_item,Arequipa,null,Power ilim 79.90 SD N,null,null,10:00 - 20:00,Cerrado,Resuelto,null,CERRO COLORADO
Netcall,1 oct 2026,11,927283867,9272838678285735968734,9283,Outbound,Portabilidad Postpago,EXPRESS,Logixtal,5022,CERRADAS,Entregado,Entregado,NET_LVASQUEZT,SIM,1 oct 2026,1 oct 2026,null,No,CERRADAS,2026-10-02 01:05:52,Monolínea,Mono_item,Arequipa,null,Power ilim 69.90 N,Power ilim 69.90 N,TELEFONICAPE,10:00 - 20:00,Cerrado,Resuelto,Desconocido,CERRO COLORADO
Netcall,1 oct 2026,13,927321371,9273213718286101947729,5299,Outbound,Venta Regular / Alta,EXPRESS,Logixtal,5022,ABIERTAS,Anulado,CLIENTE AUSENTE,NET_JBOZAC,SIM,1 oct 2026,null,null,No,ABIERTAS,null,Multilínea,Mono_item,Arequipa,null,null,Power ilim 79.90 SD N,Desconocido,10:00 - 20:00,En Progreso,Punto de No Retorno,Desconocido,CERRO COLORADO
Netcall,1 oct 2026,13,927320029,9273200298286089027866,9283,Outbound,Portabilidad Postpago,EXPRESS,Logixtal,5022,ABIERTAS,Anulado,CLIENTE AUSENTE,NET_GFLORESS,SIM,1 oct 2026,null,null,No,ABIERTAS,null,Monolínea,Mono_item,Arequipa,null,null,Power ilim 69.90 N,AmericaMovil,10:00 - 20:00,En Progreso,Punto de No Retorno,Desconocido,CERRO COLORADO
Netcall,1 oct 2026,0,927129893,9271298938284335552041,9283,Outbound,Portabilidad Postpago,RETIRO EN TIENDA,Retiro en tienda,3096,CANCELADAS,Cancelado,Cancelado,NET_SLAZOB,SIM,1 oct 2026,null,null,No,CANCELADAS,2026-10-01 19:17:10,Monolínea,Mono_item,Ica,null,null,Power ilim 79.90 SD N,AmericaMovil,09:00 - 21:00,Cancelado,Rechazado,Desconocido,null
Netcall,2 oct 2026,9,927708235,927708235Empty,9283,Outbound,Portabilidad Postpago,RETIRO EN TIENDA,Retiro en tienda,3096,ABIERTAS,Pendiente Entrega,Pendiente Entrega,NET_LCAMPOSCABR,SIM,2 oct 2026,null,null,No,ABIERTAS,null,Monolínea,Mono_item,Ica,null,null,null,null,09:00 - 21:00,En Progreso,En Progreso,null,null
Netcall,1 oct 2026,11,927267477,9272674778285602367662,9283,Outbound,Portabilidad Postpago,RETIRO EN TIENDA,Retiro en tienda,3096,ABIERTAS,Pendiente Entrega,Pendiente Entrega,NET_NRUBIOMARCO,SIM,1 oct 2026,null,null,No,ABIERTAS,null,Monolínea,Mono_item,Ica,null,null,Power ilim 69.90 N,AmericaMovil,09:00 - 21:00,En Progreso,En Progreso,Desconocido,null
Netcall,2 oct 2026,11,927743922,92774392289511710101029543722,9283,Outbound,Portabilidad Postpago,EXPRESS,Logixtal,5022,ABIERTAS,Pendiente Entrega,Pendiente de Picking,NET_WBENITESA,SIM,2 oct 2026,null,null,No,ABIERTAS,null,Monolínea,Mono_item,Arequipa,null,null,null,null,10:00 - 20:00,En Progreso,Punto de No Retorno,null,null
Netcall,2 oct 2026,11,927755368,927755368Empty,9283,Outbound,Portabilidad Postpago,EXPRESS,Logixtal,5022,ABIERTAS,Pendiente Entrega,Pendiente de Picking,NET_VZEGARRAAGU,SIM,2 oct 2026,null,null,No,ABIERTAS,null,Monolínea,Mono_item,Arequipa,null,null,null,null,10:00 - 20:00,En Progreso,En Progreso,null,null
Netcall,2 oct 2026,10,927716141,92771614189511710101029543680,9283,Outbound,Portabilidad Postpago,EXPRESS,Logixtal,5022,ABIERTAS,Entregado,Entregado,NET_ATISNADOA,SIM,2 oct 2026,null,null,No,ABIERTAS,null,Monolínea,Mono_item,Arequipa,null,null,null,null,10:00 - 20:00,En Progreso,Punto de No Retorno,null,null
Netcall,2 oct 2026,10,927711912,92771191289511710111087100455,9283,Outbound,Portabilidad Postpago,PROGRAMADO,Logixtal,5021,ABIERTAS,Pendiente Entrega,Pendiente de Picking,NET_LHUAPAYAO,SIM,3 oct 2026,null,null,No,ABIERTAS,null,Monolínea,Mono_item,Piura,null,null,null,null,09:00 - 13:00,En Progreso,Punto de No Retorno,null,null
Netcall,2 oct 2026,9,927707086,92770708689511710111087136079,9283,Outbound,Portabilidad Postpago,EXPRESS,Logixtal,5021,ABIERTAS,Entregado,Entregado,NET_LFLORESY,SIM,2 oct 2026,null,null,No,ABIERTAS,null,Monolínea,Mono_item,Piura,null,null,null,null,10:00 - 20:00,En Progreso,Pago Recibido,null,null
Netcall,1 oct 2026,10,927257695,9272576958285521006964,9283,Outbound,Portabilidad Postpago,EXPRESS,Logixtal,5021,ABIERTAS,Pendiente Entrega,Pendiente Entrega,NET_MFERRER,SIM,1 oct 2026,null,null,No,ABIERTAS,null,Monolínea,Mono_item,Piura,null,null,Power ilim 69.90 N,AmericaMovil,10:00 - 20:00,En Progreso,Punto de No Retorno,Desconocido,CASTILLA
Netcall,1 oct 2026,11,927281349,927281349,9283,Outbound,Portabilidad Postpago,EXPRESS,Logixtal,5021,CERRADAS,Entregado,Entregado,NET_YRAYMUNDOTA,SIM,1 oct 2026,1 oct 2026,null,No,CERRADAS,2026-10-02 00:04:42,Monolínea,Mono_item,Piura,null,Power ilim 69.90 N,null,null,10:00 - 20:00,Cerrado,Resuelto,null,CASTILLA
Netcall,1 oct 2026,9,927234115,927234115,9283,Outbound,Portabilidad Postpago,EXPRESS,Logixtal,5021,CERRADAS,Entregado,Entregado,NET_MGONZALESPE,SIM,1 oct 2026,1 oct 2026,null,No,CERRADAS,2026-10-02 00:15:50,Monolínea,Mono_item,Piura,null,Power ilim 69.90 N,null,null,10:00 - 20:00,Cerrado,Resuelto,null,CASTILLA
Netcall,1 oct 2026,15,927347838,9273478388286355801477,9283,Outbound,Portabilidad Postpago,PROGRAMADO,Logixtal,5021,ABIERTAS,Pendiente Entrega,Pendiente Entrega,NET_FLABANM,SIM,3 oct 2026,null,null,No,ABIERTAS,null,Monolínea,Mono_item,Piura,null,null,Power ilim 69.90 N,Viettel Peru,09:00 - 13:00,En Progreso,Punto de No Retorno,Desconocido,CASTILLA
Netcall,1 oct 2026,16,927365428,9273654288286530534445,9283,Outbound,Portabilidad Postpago,EXPRESS,Logixtal,5021,CERRADAS,Entregado,Entregado,NET_JGUIOP,SIM,1 oct 2026,1 oct 2026,null,No,CERRADAS,2026-10-02 01:21:46,Monolínea,Mono_item,Piura,null,Power ilim 79.90 SD N,Power ilim 79.90 SD N,TELEFONICAPE,10:00 - 20:00,Cerrado,Resuelto,Desconocido,CASTILLA
Netcall,1 oct 2026,10,927251430,9272514308285465358688,9283,Outbound,Portabilidad Postpago,PROGRAMADO,Logixtal,9344,ABIERTAS,Pendiente Entrega,Pendiente Entrega,NET_RCASTANEDAR,SIM,5 oct 2026,null,null,No,ABIERTAS,null,Multilínea,Mono_item,Ancash,null,null,Power ilim 79.90 SD N,TELEFONICAPE,09:00 - 19:00,En Progreso,En Progreso,Desconocido,CASMA
Netcall,1 oct 2026,9,927236219,9272362198285346738414,9283,Outbound,Portabilidad Postpago,PROGRAMADO,Logixtal,5023,ABIERTAS,Pendiente Entrega,Pendiente Entrega,NET_ANCASTROR,SIM,6 oct 2026,null,null,No,ABIERTAS,null,Monolínea,Mono_item,La Libertad,null,null,Power ilim 69.90 N,AmericaMovil,09:00 - 19:00,En Progreso,Punto de No Retorno,Desconocido,CASA GRANDE
Netcall,2 oct 2026,5,927620117,92762011789511710101081514181,9283,Outbound,Venta Regular / Alta,EXPRESS,Logixtal,9001,ABIERTAS,Pendiente Entrega,Pendiente Entrega,NET_LFLORESY,SIM,2 oct 2026,null,null,No,ABIERTAS,null,Multilínea,Mono_item,Lima - Callao,null,null,null,null,10:00 - 22:00,En Progreso,Punto de No Retorno,null,CARMEN DE LA LEGUA-REYNOSO
Netcall,1 oct 2026,12,927303075,927303075,9283,Outbound,Portabilidad Postpago,EXPRESS,Logixtal,9001,CERRADAS,Entregado,Entregado,NET_PYGARCIAG,SIM,1 oct 2026,1 oct 2026,null,No,CERRADAS,2026-10-02 00:34:58,Monolínea,Mono_item,Lima - Callao,null,Power ilim 69.90 N,null,null,10:00 - 22:00,Cerrado,Resuelto,null,CARMEN DE LA LEGUA-REYNOSO
Netcall,2 oct 2026,5,927619615,92761961589511710101081514173,9283,Outbound,Portabilidad Postpago,EXPRESS,Logixtal,9001,ABIERTAS,Pendiente Entrega,Pendiente Entrega,NET_LFLORESY,SIM,2 oct 2026,null,null,No,ABIERTAS,null,Multilínea,Mono_item,Lima - Callao,null,null,null,null,10:00 - 22:00,En Progreso,Punto de No Retorno,null,CARMEN DE LA LEGUA-REYNOSO
Netcall,1 oct 2026,11,927287169,9272871698285783311715,9271,Outbound,Portabilidad Postpago,EXPRESS,Logixtal,9001,CERRADAS,Entregado,Entregado,NET_JAREVALOC,SIM,1 oct 2026,1 oct 2026,null,No,CERRADAS,2026-10-02 01:32:17,Monolínea,Mono_item,Lima - Callao,null,Power ilim 69.90 N,Power ilim 69.90 N,AmericaMovil,10:00 - 22:00,Cerrado,Resuelto,Desconocido,CARMEN DE LA LEGUA-REYNOSO
Netcall,1 oct 2026,8,927207647,927207647,9283,Outbound,Portabilidad Postpago,EXPRESS,Logixtal,9001,CERRADAS,Entregado,Entregado,NET_JLUCIANOT,SIM,1 oct 2026,1 oct 2026,null,No,CERRADAS,2026-10-02 00:36:20,Monolínea,Mono_item,Lima - Callao,null,Power ilim 79.90 SD N,null,null,10:00 - 22:00,Cerrado,Resuelto,null,CARABAYLLO
Netcall,1 oct 2026,19,927421867,9274218678287076310362,9283,Outbound,Venta Regular / Alta,PROGRAMADO,Logixtal,9001,ABIERTAS,Pendiente Entrega,Pendiente Entrega,NET_GMENDIGUETE,SIM,2 oct 2026,null,null,No,ABIERTAS,null,Multilínea,Mono_item,Lima - Callao,null,null,Power ilim 79.90 SD N,Desconocido,08:00 - 13:00,En Progreso,Punto de No Retorno,Desconocido,CARABAYLLO
Netcall,2 oct 2026,9,927699846,92769984689511710121083414834,9283,Outbound,Portabilidad Postpago,EXPRESS,Logixtal,9001,ABIERTAS,Pendiente Entrega,Pendiente de Picking,NET_GHERRERAG,SIM,2 oct 2026,null,null,No,ABIERTAS,null,Monolínea,Mono_item,Lima - Callao,null,null,null,null,10:00 - 22:00,En Progreso,Punto de No Retorno,null,null
Netcall,1 oct 2026,16,927375013,927375013,9283,Outbound,Portabilidad Postpago,EXPRESS,Logixtal,9001,CERRADAS,Entregado,Entregado,NET_NCANCHOP,SIM,1 oct 2026,1 oct 2026,null,No,CERRADAS,2026-10-02 00:36:47,Monolínea,Mono_item,Lima - Callao,null,Power ilim 79.90 SD N,null,null,10:00 - 22:00,Cerrado,Resuelto,null,CARABAYLLO
Netcall,1 oct 2026,17,927392318,9273923188286796027415,9283,Outbound,Portabilidad Postpago,EXPRESS,Logixtal,9001,CERRADAS,Entregado,Entregado,NET_GMENDIGUETE,SIM,1 oct 2026,1 oct 2026,null,No,CERRADAS,2026-10-02 01:57:21,Multilínea,Mono_item,Lima - Callao,null,Power ilim 79.90 SD N,Power ilim 79.90 SD N,AmericaMovil,10:00 - 22:00,Cerrado,Resuelto,Desconocido,CARABAYLLO
Netcall,1 oct 2026,14,927333110,927333110,9283,Outbound,Portabilidad Postpago,EXPRESS,Logixtal,9001,CERRADAS,Entregado,Entregado,NET_GZUNIGAO,SIM,1 oct 2026,1 oct 2026,null,No,CERRADAS,2026-10-02 00:32:44,Multilínea,Mono_item,Lima - Callao,null,Power ilim 79.90 SD N,null,null,10:00 - 22:00,Cerrado,Resuelto,null,CARABAYLLO
Netcall,2 oct 2026,8,927676102,92767610289511710101080661595,9283,Outbound,Portabilidad Postpago,EXPRESS,Logixtal,9001,ABIERTAS,Entregado,Entregado,NET_KROJASNAUPA,SIM,2 oct 2026,null,null,No,ABIERTAS,null,Multilínea,Mono_item,Lima - Callao,null,null,null,null,10:00 - 22:00,En Progreso,Pago Recibido,null,null
Netcall,2 oct 2026,11,927751204,92775120489511710101081841576,9283,Outbound,Portabilidad Postpago,EXPRESS,Logixtal,9001,ABIERTAS,Pendiente Entrega,Pendiente de Picking,NET_GVELASQUEZA,SIM,2 oct 2026,null,null,No,ABIERTAS,null,Monolínea,Mono_item,Lima - Callao,null,null,null,null,10:00 - 22:00,En Progreso,Punto de No Retorno,null,null
Netcall,1 oct 2026,10,927249102,927249102,9283,Outbound,Portabilidad Postpago,EXPRESS,Logixtal,9001,CERRADAS,Entregado,Entregado,NET_TBECERRAC,SIM,1 oct 2026,1 oct 2026,null,No,CERRADAS,2026-10-02 00:19:08,Monolínea,Mono_item,Lima - Callao,null,Power ilim 69.90 N,null,null,10:00 - 22:00,Cerrado,Resuelto,null,CARABAYLLO
Netcall,1 oct 2026,14,927331770,927331770,9283,Outbound,Portabilidad Postpago,EXPRESS,Logixtal,9001,CERRADAS,Entregado,Entregado,NET_GZUNIGAO,SIM,1 oct 2026,1 oct 2026,null,No,CERRADAS,2026-10-02 00:37:19,Multilínea,Mono_item,Lima - Callao,null,Power ilim 79.90 SD N,null,null,10:00 - 22:00,Cerrado,Resuelto,null,CARABAYLLO
Netcall,2 oct 2026,8,927673397,92767339789511710121083414768,9283,Outbound,Portabilidad Postpago,EXPRESS,Logixtal,9001,CANCELADAS,Pendiente Entrega,Pendiente de Picking,NET_KROJASNAUPA,SIM,2 oct 2026,null,null,No,CANCELADAS,2026-10-02 09:37:45,Multilínea,Mono_item,Lima - Callao,null,null,null,null,10:00 - 22:00,Cancelado,Rechazado,null,null
Netcall,2 oct 2026,10,927725565,92772556589511710101080661959,9283,Outbound,Portabilidad Postpago,EXPRESS,Logixtal,9001,ABIERTAS,Entregado,Entregado,NET_KROJASNAUPA,SIM,2 oct 2026,null,null,No,ABIERTAS,null,Multilínea,Mono_item,Lima - Callao,null,null,null,null,10:00 - 22:00,En Progreso,Punto de No Retorno,null,null
Netcall,1 oct 2026,13,927316443,9273164438286053162521,9283,Outbound,Portabilidad Postpago,EXPRESS,Logixtal,9001,CERRADAS,Entregado,Entregado,NET_SRUIZS,SIM,1 oct 2026,1 oct 2026,null,No,CERRADAS,2026-10-02 01:11:02,Monolínea,Mono_item,Lima - Callao,null,Power ilim 69.90 N,Power ilim 69.90 N,Viettel Peru,10:00 - 22:00,Cerrado,Resuelto,Desconocido,CARABAYLLO
Netcall,2 oct 2026,11,927737090,92773709089511710121083414669,9283,Outbound,Portabilidad Postpago,EXPRESS,Logixtal,9001,ABIERTAS,Entregado,Entregado,NET_GMENDIGUETE,SIM,2 oct 2026,null,null,No,ABIERTAS,null,Multilínea,Mono_item,Lima - Callao,null,null,null,null,10:00 - 22:00,En Progreso,Punto de No Retorno,null,null
Netcall,2 oct 2026,11,927740164,92774016489511710101081841790,9283,Outbound,Portabilidad Postpago,EXPRESS,Logixtal,9001,ABIERTAS,Entregado,Entregado,NET_YMILLA,SIM,2 oct 2026,null,null,No,ABIERTAS,null,Monolínea,Mono_item,Lima - Callao,null,null,null,null,10:00 - 22:00,En Progreso,Punto de No Retorno,null,null
Netcall,1 oct 2026,10,927260080,9272600808285540573633,9283,Outbound,Portabilidad Postpago,EXPRESS,Logixtal,9001,CANCELADAS,Anulado,CLIENTE DESISTE - CONTRAOFERTA,TLV_NET_MMURGAF,SIM,1 oct 2026,null,null,No,CANCELADAS,2026-10-01 12:07:28,Multilínea,Mono_item,Lima - Callao,null,null,Power ilim 69.90 N,TELEFONICAPE,10:00 - 22:00,Cancelado,Rechazado,Desconocido,CARABAYLLO
Netcall,2 oct 2026,11,927738357,92773835789511710121083414768,9283,Outbound,Venta Regular / Alta,EXPRESS,Logixtal,9001,ABIERTAS,Entregado,Entregado,NET_GMENDIGUETE,SIM,2 oct 2026,null,null,No,ABIERTAS,null,Multilínea,Mono_item,Lima - Callao,null,null,null,null,10:00 - 22:00,En Progreso,Punto de No Retorno,null,null
Netcall,1 oct 2026,14,927327948,9273279488286163954426,9283,Outbound,Portabilidad Postpago,EXPRESS,Logixtal,9001,ABIERTAS,Pendiente Entrega,Pendiente Entrega,NET_SCAVEROC,SIM,1 oct 2026,null,null,No,ABIERTAS,null,Monolínea,Mono_item,Lima - Callao,null,null,Power ilim 69.90 N,TELEFONICAPE,08:00 - 20:00,En Progreso,Punto de No Retorno,Desconocido,CARABAYLLO
Netcall,1 oct 2026,17,927385519,9273855198286731776215,9283,Outbound,Portabilidad Postpago,EXPRESS,Logixtal,9001,ABIERTAS,Pendiente Entrega,Pendiente Entrega,NET_LMALCAM,SIM,1 oct 2026,null,null,No,ABIERTAS,null,Monolínea,Mono_item,Lima - Callao,null,null,Power ilim 69.90 N,Viettel Peru,08:00 - 20:00,En Progreso,Punto de No Retorno,Desconocido,CARABAYLLO
Netcall,2 oct 2026,9,927695838,92769583889511710111087047714,9271,Outbound,Portabilidad Postpago,EXPRESS,Logixtal,9001,ABIERTAS,Pendiente Entrega,Pendiente de Picking,NET_FRIVERAO,SIM,2 oct 2026,null,null,No,ABIERTAS,null,Monolínea,Mono_item,Lima - Callao,null,null,null,null,10:00 - 22:00,En Progreso,Punto de No Retorno,null,null
Netcall,2 oct 2026,10,927718229,927718229Empty,9283,Outbound,Portabilidad Postpago,PROGRAMADO,Logixtal,9001,ABIERTAS,Pendiente Entrega,Pendiente de Picking,NET_ETORRE,SIM,4 oct 2026,null,null,No,ABIERTAS,null,Monolínea,Mono_item,Lima - Callao,null,null,null,null,08:00 - 22:00,En Progreso,En Progreso,null,null
Netcall,1 oct 2026,14,927336355,9273363558286241770312,9283,Outbound,Portabilidad Postpago,EXPRESS,Logixtal,9001,CERRADAS,Entregado,Entregado,NET_GHERRERAG,SIM,1 oct 2026,1 oct 2026,null,No,CERRADAS,2026-10-02 01:56:35,Monolínea,Mono_item,Lima - Callao,null,Power ilim 69.90 N,Power ilim 69.90 N,AmericaMovil,10:00 - 22:00,Cerrado,Resuelto,Desconocido,CARABAYLLO
Netcall,1 oct 2026,8,927211661,927211661,9283,Outbound,Portabilidad Postpago,EXPRESS,Logixtal,9001,CERRADAS,Entregado,Entregado,TLV_NET_BCHAVEZ,SIM,1 oct 2026,1 oct 2026,null,No,CERRADAS,2026-10-02 00:26:48,Monolínea,Mono_item,Lima - Callao,null,Power ilim 69.90 N,null,null,10:00 - 22:00,Cerrado,Resuelto,null,CARABAYLLO
Netcall,1 oct 2026,17,927393226,9273932268286803474841,9283,Outbound,Portabilidad Postpago,EXPRESS,Logixtal,9001,CANCELADAS,Anulado,PIN PORTA_NO VALIDO,NET_GMENDIGUETE,SIM,1 oct 2026,null,null,No,CANCELADAS,2026-10-01 18:35:20,Multilínea,Mono_item,Lima - Callao,null,null,Power ilim 79.90 SD N,Viettel Peru,10:00 - 22:00,Cancelado,Pedido Cancelación,Portabilidad Rechazada. REC01PRT10: El número telefónico no se ha portado previamente y no estuvo en servicio por lo menos 30 días calendario en la red del Concesionario Cedente | portabilityOperDateActive=2026-09-30,CARABAYLLO
Netcall,2 oct 2026,8,927681381,92768138189511710101080655878,9283,Outbound,Portabilidad Postpago,EXPRESS,Logixtal,9001,ABIERTAS,Entregado,Entregado,NET_KROJASNAUPA,SIM,2 oct 2026,null,null,No,ABIERTAS,null,Multilínea,Mono_item,Lima - Callao,null,null,null,null,10:00 - 22:00,En Progreso,Pago Recibido,null,null
Netcall,1 oct 2026,14,927338802,9273388028286262068718,9283,Outbound,Portabilidad Postpago,EXPRESS,Logixtal,9001,CERRADAS,Entregado,Entregado,NET_DREVILLAN,SIM,1 oct 2026,1 oct 2026,null,No,CERRADAS,2026-10-02 01:44:51,Monolínea,Mono_item,Lima - Callao,null,Power ilim 69.90 N,Power ilim 69.90 N,TELEFONICAPE,10:00 - 22:00,Cerrado,Resuelto,Desconocido,CARABAYLLO
Netcall,1 oct 2026,16,927368481,9273684818286554030823,9283,Outbound,Portabilidad Postpago,EXPRESS,Logixtal,9001,ABIERTAS,Pendiente Entrega,Pendiente Entrega,NET_MPHERNANDEH,SIM,1 oct 2026,null,null,No,ABIERTAS,null,Monolínea,Mono_item,Lima - Callao,null,null,Power ilim 69.90 N,Viettel Peru,08:00 - 20:00,En Progreso,Punto de No Retorno,Desconocido,CARABAYLLO
Netcall,1 oct 2026,10,927255931,9272559318285504741746,9283,Outbound,Venta Regular / Alta,EXPRESS,Logixtal,5022,CERRADAS,Entregado,Entregado,NET_SBENITESL,SIM,1 oct 2026,1 oct 2026,null,No,CERRADAS,2026-10-01 13:30:33,Multilínea,Mono_item,Arequipa,null,Power ilim 79.90 SD N,Power ilim 79.90 SD N,Desconocido,10:00 - 20:00,Cerrado,Resuelto,Desconocido,CAMANA
Netcall,1 oct 2026,10,927254757,9272547578285492982688,9283,Outbound,Portabilidad Postpago,EXPRESS,Logixtal,5022,CERRADAS,Entregado,Entregado,NET_SBENITESL,SIM,1 oct 2026,1 oct 2026,null,No,CERRADAS,2026-10-02 02:03:59,Multilínea,Mono_item,Arequipa,null,Power ilim 79.90 SD N,Power ilim 79.90 SD N,AmericaMovil,10:00 - 20:00,Cerrado,Resuelto,Desconocido,CAMANA
Netcall,2 oct 2026,10,927726014,927726014Empty,9283,Outbound,Portabilidad Postpago,PROGRAMADO,Retiro en tienda,9349,ABIERTAS,Pendiente Entrega,Pendiente Entrega,NET_GHERRERAG,SIM,5 oct 2026,null,null,No,ABIERTAS,null,Monolínea,Mono_item,Ucayali,null,null,null,null,09:00 - 13:00,En Progreso,En Progreso,null,null
Netcall,1 oct 2026,11,927275178,927275178,9283,Outbound,Portabilidad Postpago,EXPRESS,Logixtal,9349,CERRADAS,Entregado,Entregado,NET_CPINELLAC,SIM,1 oct 2026,1 oct 2026,null,No,CERRADAS,2026-10-02 00:38:56,Monolínea,Mono_item,Ucayali,null,Power ilim 79.90 SD N,null,null,10:00 - 20:00,Cerrado,Resuelto,null,CALLERIA
Netcall,2 oct 2026,9,927705507,92770550789511710101030233396,9283,Outbound,Portabilidad Postpago,EXPRESS,Retiro en tienda,9349,ABIERTAS,Entregado,Entregado,TLV_NET_LPULIDO,SIM,2 oct 2026,null,null,No,ABIERTAS,null,Monolínea,Mono_item,Ucayali,null,null,null,null,10:00 - 20:00,En Progreso,Punto de No Retorno,null,null
Netcall,1 oct 2026,12,927290830,9272908308285802086169,9283,Outbound,Portabilidad Postpago,EXPRESS,Logixtal,9349,CERRADAS,Entregado,Entregado,NET_GDIAZS,SIM,1 oct 2026,1 oct 2026,null,No,CERRADAS,2026-10-02 02:18:56,Monolínea,Mono_item,Ucayali,null,Power ilim 79.90 SD N,Power ilim 79.90 SD N,AmericaMovil,10:00 - 20:00,Cerrado,Resuelto,Desconocido,CALLERIA
Netcall,2 oct 2026,10,927712629,927712629Empty,9283,Outbound,Portabilidad Postpago,PROGRAMADO,Retiro en tienda,9349,ABIERTAS,Pendiente Entrega,Pendiente Entrega,NET_SDIAZO,SIM,3 oct 2026,null,null,No,ABIERTAS,null,Monolínea,Mono_item,Ucayali,null,null,null,null,13:01 - 19:00,En Progreso,En Progreso,null,null
Netcall,2 oct 2026,9,927703153,927703153Empty,9283,Outbound,Portabilidad Postpago,PROGRAMADO,Retiro en tienda,9349,ABIERTAS,Pendiente Entrega,Pendiente Entrega,NET_JVELASQUEZS,SIM,5 oct 2026,null,null,No,ABIERTAS,null,Monolínea,Mono_item,Ucayali,null,null,null,null,13:01 - 19:00,En Progreso,En Progreso,null,null
Netcall,1 oct 2026,13,927311583,9273115838286019378422,9283,Outbound,Portabilidad Postpago,EXPRESS,Logixtal,9349,CANCELADAS,Anulado,SIN DOCUMENTO DE IDENTIDAD / PERDIDA,NET_LCALDERONC,SIM,1 oct 2026,null,null,No,CANCELADAS,2026-10-01 14:49:59,Monolínea,Mono_item,Ucayali,null,null,Power ilim 79.90 SD N,AmericaMovil,10:00 - 20:00,Cancelado,Rechazado,Desconocido,CALLERIA
Netcall,2 oct 2026,8,927688737,92768873789511710101030233362,9283,Outbound,Portabilidad Postpago,EXPRESS,Retiro en tienda,9349,ABIERTAS,Entregado,Entregado,NET_GVELASQUEZA,SIM,2 oct 2026,null,null,No,ABIERTAS,null,Monolínea,Mono_item,Ucayali,null,null,null,null,10:00 - 20:00,En Progreso,Pago Recibido,null,null
Netcall,2 oct 2026,9,927708266,92770826689511710101030237058,9283,Outbound,Portabilidad Postpago,EXPRESS,Retiro en tienda,9349,ABIERTAS,Entregado,Entregado,NET_YUCEDAB,SIM,2 oct 2026,null,null,No,ABIERTAS,null,Monolínea,Mono_item,Ucayali,null,null,null,null,10:00 - 20:00,En Progreso,Punto de No Retorno,null,null
Netcall,1 oct 2026,12,927291780,927291780,9283,Outbound,Portabilidad Postpago,EXPRESS,Logixtal,9349,CERRADAS,Entregado,Entregado,NET_ECHEROS,SIM,1 oct 2026,1 oct 2026,null,No,CERRADAS,2026-10-02 00:24:57,Monolínea,Mono_item,Ucayali,null,Power ilim 69.90 N,null,null,10:00 - 20:00,Cerrado,Resuelto,null,CALLERIA
Netcall,2 oct 2026,11,927736939,927736939Empty,9283,Outbound,Venta Regular / Alta,EXPRESS,Retiro en tienda,9349,ABIERTAS,Pendiente Entrega,Pendiente Entrega,TLV_NET_FVALQUI,SIM,2 oct 2026,null,null,No,ABIERTAS,null,Multilínea,Mono_item,Ucayali,null,null,null,null,10:00 - 20:00,En Progreso,En Progreso,null,null
Netcall,2 oct 2026,11,927735795,927735795Empty,9283,Outbound,Portabilidad Postpago,EXPRESS,Retiro en tienda,9349,ABIERTAS,Pendiente Entrega,Pendiente Entrega,TLV_NET_FVALQUI,SIM,2 oct 2026,null,null,No,ABIERTAS,null,Multilínea,Mono_item,Ucayali,null,null,null,null,10:00 - 20:00,En Progreso,En Progreso,null,null
Netcall,1 oct 2026,14,927340974,9273409748286290567926,9283,Outbound,Portabilidad Postpago,PROGRAMADO,Logixtal,9349,ABIERTAS,Pendiente Entrega,Pendiente Entrega,TLV_NET_JSOTOZ,SIM,2 oct 2026,null,null,No,ABIERTAS,null,Monolínea,Mono_item,Ucayali,null,null,Power ilim 69.90 N,AmericaMovil,09:00 - 13:00,En Progreso,En Progreso,Desconocido,CALLERIA
Netcall,1 oct 2026,14,927328743,9273287438286167985124,9283,Outbound,Venta Regular / Alta,EXPRESS,Logixtal,9349,ABIERTAS,Anulado,CLIENTE AUSENTE,NET_JLUCIANOT,SIM,1 oct 2026,null,null,No,ABIERTAS,null,Monolínea,Mono_item,Ucayali,null,null,Power 39.90 N,Desconocido,10:00 - 20:00,En Progreso,Punto de No Retorno,Desconocido,CALLERIA
Netcall,1 oct 2026,12,927285784,9272857848285824150848,9283,Outbound,Portabilidad Postpago,RETIRO EN TIENDA,Retiro en tienda,7147,CERRADAS,Entregado,Entregado,NET_PBCGOMEZ,SIM,1 oct 2026,1 oct 2026,null,No,CERRADAS,2026-10-02 00:53:20,Monolínea,Mono_item,Cajamarca,null,Power ilim 69.90 N,Power ilim 69.90 N,AmericaMovil,09:00 - 21:00,Cerrado,Resuelto,Portabilidad Rechazada. REC01ABD15: El Código NIP es invalido | REC01ABD15,null
Netcall,1 oct 2026,9,927235817,927235817,9283,Outbound,Portabilidad Postpago,EXPRESS,Logixtal,9350,CERRADAS,Entregado,Entregado,NET_MGONZALESPE,SIM,1 oct 2026,1 oct 2026,null,No,CERRADAS,2026-10-02 00:10:08,Monolínea,Mono_item,Cajamarca,null,Power ilim 69.90 N,null,null,10:00 - 20:00,Cerrado,Resuelto,null,CAJAMARCA
Netcall,1 oct 2026,11,927280985,9272809858285709991446,9283,Outbound,Portabilidad Postpago,EXPRESS,Logixtal,9350,ABIERTAS,Pendiente Entrega,Pendiente Entrega,NET_MQUISPEH,SIM,1 oct 2026,null,null,No,ABIERTAS,null,Multilínea,Mono_item,Cajamarca,null,null,Power ilim 79.90 SD N,AmericaMovil,10:00 - 20:00,En Progreso,Punto de No Retorno,Desconocido,CAJAMARCA
Netcall,1 oct 2026,15,927345982,9273459828286339338698,9283,Outbound,Portabilidad Postpago,EXPRESS,Logixtal,9350,CERRADAS,Entregado,Entregado,NET_KDIAZPISCOY,SIM,1 oct 2026,1 oct 2026,null,No,CERRADAS,2026-10-02 01:40:28,Monolínea,Mono_item,Cajamarca,null,Power ilim 69.90 N,Power ilim 69.90 N,TELEFONICAPE,10:00 - 20:00,Cerrado,Resuelto,Desconocido,CAJAMARCA
Netcall,1 oct 2026,11,927279927,9272799278285693943552,9283,Outbound,Portabilidad Postpago,EXPRESS,Logixtal,9350,ABIERTAS,Pendiente Entrega,Pendiente Entrega,NET_MQUISPEH,SIM,1 oct 2026,null,null,No,ABIERTAS,null,Multilínea,Mono_item,Cajamarca,null,null,Power ilim 79.90 SD N,Viettel Peru,10:00 - 20:00,En Progreso,Punto de No Retorno,Desconocido,CAJAMARCA
Netcall,2 oct 2026,10,927731827,927731827Empty,9283,Outbound,Portabilidad Postpago,PROGRAMADO,Retiro en tienda,9350,ABIERTAS,Pendiente Entrega,Pendiente Entrega,NET_LMALCAM,SIM,3 oct 2026,null,null,No,ABIERTAS,null,Monolínea,Mono_item,Cajamarca,null,null,null,null,09:00 - 13:00,En Progreso,En Progreso,null,null
Netcall,1 oct 2026,13,927310739,927310739,9283,Outbound,Portabilidad Postpago,EXPRESS,Logixtal,9350,CERRADAS,Entregado,Entregado,NET_YACHOM,SIM,1 oct 2026,1 oct 2026,null,No,CERRADAS,2026-10-02 00:21:27,Monolínea,Mono_item,Cajamarca,null,Power ilim 69.90 N,null,null,10:00 - 20:00,Cerrado,Resuelto,null,CAJAMARCA
Netcall,2 oct 2026,9,927709873,92770987389511710101030289893,9283,Outbound,Venta Regular / Alta,EXPRESS,Retiro en tienda,9350,ABIERTAS,Entregado,Entregado,NET_KAGRAMONTEM,SIM,2 oct 2026,null,null,No,ABIERTAS,null,Monolínea,Mono_item,Cajamarca,null,null,null,null,10:00 - 20:00,En Progreso,Punto de No Retorno,null,null
Netcall,2 oct 2026,8,927663036,927663036Empty,9283,Outbound,Portabilidad Postpago,PROGRAMADO,Retiro en tienda,9350,ABIERTAS,Pendiente Entrega,Pendiente Entrega,NET_SBENITESL,SIM,5 oct 2026,null,null,No,ABIERTAS,null,Monolínea,Mono_item,Cajamarca,null,null,null,null,09:00 - 13:00,En Progreso,En Progreso,null,null
Netcall,2 oct 2026,7,927638714,92763871489511710101030289901,9283,Outbound,Portabilidad Postpago,EXPRESS,Retiro en tienda,9350,ABIERTAS,Pendiente Entrega,Pendiente Entrega,NET_GSANCHEZO,SIM,3 oct 2026,null,null,No,ABIERTAS,null,Monolínea,Mono_item,Cajamarca,null,null,null,null,08:00 - 20:00,En Progreso,Punto de No Retorno,null,null
Netcall,1 oct 2026,15,927352309,9273523098286394285765,9283,Outbound,Portabilidad Postpago,EXPRESS,Logixtal,9350,CERRADAS,Entregado,Entregado,NET_EMMENDIZF,SIM,1 oct 2026,1 oct 2026,null,No,CERRADAS,2026-10-02 03:31:11,Monolínea,Mono_item,Cajamarca,null,Power ilim 69.90 N,Power ilim 69.90 N,TELEFONICAPE,10:00 - 20:00,Cerrado,Resuelto,Desconocido,CAJAMARCA
Netcall,1 oct 2026,12,927300960,9273009608285903706120,9271,Outbound,Portabilidad Postpago,RETIRO EN TIENDA,Retiro en tienda,3007,ABIERTAS,Pendiente Entrega,Pendiente Entrega,NET_SVELASQUEZL,SIM,1 oct 2026,null,null,No,ABIERTAS,null,Multilínea,Mono_item,Cajamarca,null,null,Power ilim 79.90 SD N,Viettel Peru,09:00 - 21:00,En Progreso,En Progreso,Desconocido,null
Netcall,2 oct 2026,9,927706498,92770649889511710101030289919,9283,Outbound,Portabilidad Postpago,EXPRESS,Retiro en tienda,9350,ABIERTAS,Entregado,Entregado,NET_MORIHUELAQ,SIM,2 oct 2026,null,null,No,ABIERTAS,null,Monolínea,Mono_item,Cajamarca,null,null,null,null,10:00 - 20:00,En Progreso,Punto de No Retorno,null,null
Netcall,1 oct 2026,11,927282784,9272827848285725077271,9271,Outbound,Portabilidad Postpago,PROGRAMADO,Logixtal,9350,ABIERTAS,Pendiente Entrega,Pendiente Entrega,NET_STITOP,SIM,2 oct 2026,null,null,No,ABIERTAS,null,Monolínea,Mono_item,Cajamarca,null,null,Power ilim 69.90 N,AmericaMovil,09:00 - 13:00,En Progreso,En Progreso,Desconocido,CAJAMARCA
Netcall,2 oct 2026,9,927699826,927699826Empty,9283,Outbound,Portabilidad Postpago,RETIRO EN TIENDA,Retiro en tienda,7147,ABIERTAS,Pendiente Entrega,Pendiente Entrega,NET_JPRADOP,SIM,2 oct 2026,null,null,No,ABIERTAS,null,Monolínea,Mono_item,Cajamarca,null,null,null,null,09:00 - 21:00,En Progreso,En Progreso,null,null
Netcall,1 oct 2026,12,927302522,9273025228285921600766,9271,Outbound,Portabilidad Postpago,RETIRO EN TIENDA,Retiro en tienda,3007,ABIERTAS,Pendiente Entrega,Pendiente Entrega,NET_SVELASQUEZL,SIM,1 oct 2026,null,null,No,ABIERTAS,null,Multilínea,Mono_item,Cajamarca,null,null,Power ilim 79.90 SD N,AmericaMovil,09:00 - 21:00,En Progreso,En Progreso,Desconocido,null
Netcall,2 oct 2026,11,927738840,927738840Empty,9283,Outbound,Portabilidad Postpago,EXPRESS,Retiro en tienda,9350,ABIERTAS,Pendiente Entrega,Pendiente Entrega,NET_GCABALLEROB,SIM,2 oct 2026,null,null,No,ABIERTAS,null,Monolínea,Mono_item,Cajamarca,null,null,null,null,10:00 - 20:00,En Progreso,En Progreso,null,null
Netcall,2 oct 2026,9,927698838,92769883889511710101081049287,5299,Outbound,Portabilidad Postpago,EXPRESS,Logixtal,9001,ABIERTAS,Pendiente Entrega,Pendiente de Picking,NET_CPORRASP,SIM,2 oct 2026,null,null,No,ABIERTAS,null,Monolínea,Mono_item,Lima - Callao,null,null,null,null,10:00 - 22:00,En Progreso,Punto de No Retorno,null,null
Netcall,1 oct 2026,11,927289403,9272894038285798580909,9283,Outbound,Portabilidad Postpago,EXPRESS,Logixtal,9001,CERRADAS,Entregado,Entregado,NET_MORIHUELAQ,SIM,1 oct 2026,1 oct 2026,null,No,CERRADAS,2026-10-02 01:00:34,Monolínea,Mono_item,Lima - Callao,null,Power ilim 69.90 N,Power ilim 69.90 N,Viettel Peru,10:00 - 22:00,Cerrado,Resuelto,Desconocido,BREÑA
Netcall,1 oct 2026,13,927322126,9273221268286106979121,9283,Outbound,Venta Regular / Alta,PROGRAMADO,Logixtal,9001,ABIERTAS,Pendiente Entrega,Pendiente Entrega,NET_JCHEROO,SIM,2 oct 2026,null,null,No,ABIERTAS,null,Multilínea,Mono_item,Lima - Callao,null,null,Power ilim 79.90 SD N,Desconocido,08:00 - 13:00,En Progreso,Punto de No Retorno,Desconocido,BREÑA
Netcall,1 oct 2026,13,927322930,9273229308286119633243,9283,Outbound,Portabilidad Postpago,PROGRAMADO,Logixtal,9001,ABIERTAS,Pendiente Entrega,Pendiente Entrega,NET_JCHEROO,SIM,2 oct 2026,null,null,No,ABIERTAS,null,Multilínea,Mono_item,Lima - Callao,null,null,Power ilim 79.90 SD N,AmericaMovil,08:00 - 13:00,En Progreso,Punto de No Retorno,Desconocido,BREÑA
Netcall,1 oct 2026,16,927370735,9273707358286578377136,9283,Outbound,Portabilidad Postpago,EXPRESS,Logixtal,9001,ABIERTAS,Pendiente Entrega,Pendiente Entrega,NET_PCHAVESTAY,SIM,1 oct 2026,null,null,No,ABIERTAS,null,Monolínea,Mono_item,Lima - Callao,null,null,Power ilim 79.90 SD N,TELEFONICAPE,08:00 - 20:00,En Progreso,Punto de No Retorno,Desconocido,CALLAO
Netcall,1 oct 2026,11,927275427,9272754278285665186620,9283,Outbound,Portabilidad Postpago,PROGRAMADO,Logixtal,5021,ABIERTAS,Pendiente Entrega,Pendiente Entrega,NET_EVALDIVIEZO,SIM,2 oct 2026,null,null,No,ABIERTAS,null,Monolínea,Mono_item,Piura,null,null,Power ilim 69.90 N,TELEFONICAPE,09:00 - 13:00,En Progreso,Punto de No Retorno,Desconocido,BELLAVISTA
Netcall,2 oct 2026,11,927747693,92774769389511710101081013317,9271,Outbound,Portabilidad Postpago,EXPRESS,Logixtal,9001,ABIERTAS,Pendiente Entrega,Pendiente de Picking,NET_SNIMAG,SIM,2 oct 2026,null,null,No,ABIERTAS,null,Monolínea,Mono_item,Lima - Callao,null,null,null,null,10:00 - 22:00,En Progreso,Punto de No Retorno,null,null
Netcall,1 oct 2026,18,927409206,9274092068286961093159,9283,Outbound,Venta Regular / Alta,PROGRAMADO,Logixtal,9001,ABIERTAS,Pendiente Entrega,Pendiente Entrega,NET_ATISNADOA,SIM,2 oct 2026,null,null,No,ABIERTAS,null,Monolínea,Mono_item,Lima - Callao,null,null,Power 39.90 N,Desconocido,08:00 - 13:00,En Progreso,Punto de No Retorno,Desconocido,BELLAVISTA
Netcall,1 oct 2026,13,927324366,9273243668286130513279,9283,Outbound,Portabilidad Postpago,EXPRESS,Logixtal,9001,CERRADAS,Entregado,Entregado,NET_JCAVEROC,SIM,1 oct 2026,1 oct 2026,null,No,CERRADAS,2026-10-02 01:35:12,Monolínea,Mono_item,Lima - Callao,null,Power ilim 69.90 N,Power ilim 69.90 N,AmericaMovil,10:00 - 22:00,Cerrado,Resuelto,Desconocido,BELLAVISTA
Netcall,2 oct 2026,10,927725317,92772531789511710101081514926,9283,Outbound,Portabilidad Postpago,EXPRESS,Logixtal,9001,ABIERTAS,Pendiente Entrega,Pendiente de Picking,NET_SLAZOB,SIM,2 oct 2026,null,null,No,ABIERTAS,null,Monolínea,Mono_item,Lima - Callao,null,null,null,null,10:00 - 22:00,En Progreso,Punto de No Retorno,null,null
Netcall,1 oct 2026,9,927240770,9272407708285372645443,9283,Outbound,Portabilidad Postpago,EXPRESS,Logixtal,9342,CERRADAS,Entregado,Entregado,NET_JCHAVEZC,SIM,1 oct 2026,1 oct 2026,null,No,CERRADAS,2026-10-02 03:29:18,Monolínea,Mono_item,Lima - Callao,null,Power ilim 69.90 N,Power ilim 69.90 N,Viettel Peru,10:00 - 22:00,Cerrado,Resuelto,Desconocido,BARRANCO
Netcall,2 oct 2026,11,927757985,927757985Empty,9283,Outbound,Portabilidad Postpago,EXPRESS,Logixtal,9342,ABIERTAS,Pendiente Entrega,Pendiente de Picking,NET_JSANGAMA,SIM,2 oct 2026,null,null,No,ABIERTAS,null,Monolínea,Mono_item,Lima - Callao,null,null,null,null,10:00 - 22:00,En Progreso,En Progreso,null,null
Netcall,1 oct 2026,10,927251905,9272519058285470768682,9283,Outbound,Portabilidad Postpago,EXPRESS,Logixtal,9001,CERRADAS,Entregado,Entregado,TLV_NET_EBULNES,SIM,1 oct 2026,1 oct 2026,null,No,CERRADAS,2026-10-02 01:45:10,Multilínea,Multi_item,Lima - Callao,null,Power ilim 79.90 SD N,Power ilim 79.90 SD N,AmericaMovil,10:00 - 20:00,Cerrado,Resuelto,Desconocido,BARRANCA
Netcall,1 oct 2026,10,927253306,9272533068285485395608,9283,Outbound,Portabilidad Postpago,EXPRESS,Logixtal,9001,CERRADAS,Entregado,Entregado,TLV_NET_EBULNES,SIM,1 oct 2026,1 oct 2026,null,No,CERRADAS,2026-10-02 04:40:56,Multilínea,Multi_item,Lima - Callao,null,Power ilim 79.90 SD N,Power ilim 79.90 SD N,AmericaMovil,10:00 - 20:00,Cerrado,Resuelto,Desconocido,BARRANCA
Netcall,1 oct 2026,10,927251905,9272519058285470768899,9283,Outbound,Portabilidad Postpago,EXPRESS,Logixtal,9001,CERRADAS,Entregado,Entregado,TLV_NET_EBULNES,SIM,1 oct 2026,1 oct 2026,null,No,CERRADAS,2026-10-02 01:45:10,Multilínea,Multi_item,Lima - Callao,null,Power ilim 79.90 SD N,Power ilim 79.90 SD N,AmericaMovil,10:00 - 20:00,Cerrado,Resuelto,Desconocido,BARRANCA
Netcall,1 oct 2026,10,927251905,9272519058285470768465,9283,Outbound,Portabilidad Postpago,EXPRESS,Logixtal,9001,CERRADAS,Entregado,Entregado,TLV_NET_EBULNES,SIM,1 oct 2026,1 oct 2026,null,No,CERRADAS,2026-10-02 01:45:10,Multilínea,Multi_item,Lima - Callao,null,Power ilim 79.90 SD N,Power ilim 79.90 SD N,AmericaMovil,10:00 - 20:00,Cerrado,Resuelto,Desconocido,BARRANCA
Netcall,1 oct 2026,10,927253306,9272533068285485395371,9283,Outbound,Portabilidad Postpago,EXPRESS,Logixtal,9001,CERRADAS,Entregado,Entregado,TLV_NET_EBULNES,SIM,1 oct 2026,1 oct 2026,null,No,CERRADAS,2026-10-02 04:40:56,Multilínea,Multi_item,Lima - Callao,null,Power ilim 79.90 SD N,Power ilim 79.90 SD N,AmericaMovil,10:00 - 20:00,Cerrado,Resuelto,Portabilidad Rechazada. REC01ABD15: El Código NIP es invalido | REC01ABD15,BARRANCA
Netcall,1 oct 2026,10,927249424,9272494248285450613771,9283,Outbound,Portabilidad Postpago,EXPRESS,Logixtal,9001,CERRADAS,Entregado,Entregado,TLV_NET_EBULNES,SIM,1 oct 2026,1 oct 2026,null,No,CERRADAS,2026-10-02 01:22:56,Multilínea,Mono_item,Lima - Callao,null,Power ilim 79.90 SD N,Power ilim 79.90 SD N,AmericaMovil,10:00 - 20:00,Cerrado,Resuelto,Desconocido,BARRANCA
Netcall,1 oct 2026,17,927380134,9273801348286679031423,9283,Outbound,Portabilidad Postpago,PROGRAMADO,Logixtal,9001,ABIERTAS,Pendiente Entrega,Pendiente Entrega,NET_ANCASTROR,SIM,6 oct 2026,null,null,No,ABIERTAS,null,Monolínea,Mono_item,Lima - Callao,null,null,Power ilim 79.90 SD N,Viettel Peru,09:00 - 20:00,En Progreso,En Progreso,Desconocido,BARRANCA
Netcall,1 oct 2026,10,927261739,9272617398285580572324,9283,Outbound,Portabilidad Postpago,EXPRESS,Logixtal,9357,CERRADAS,Entregado,Entregado,NET_MZEVALLOSMA,SIM,1 oct 2026,1 oct 2026,null,No,CERRADAS,2026-10-02 02:03:45,Monolínea,Mono_item,Amazonas,null,Power ilim 69.90 N,Power ilim 69.90 N,AmericaMovil,10:00 - 20:00,Cerrado,Resuelto,Desconocido,BAGUA GRANDE
Netcall,1 oct 2026,12,927292825,9272928258285819033513,9283,Outbound,Portabilidad Postpago,EXPRESS,Logixtal,9354,CERRADAS,Entregado,Entregado,TLV_NET_GJQUISP,SIM,1 oct 2026,1 oct 2026,null,No,CERRADAS,2026-10-02 02:01:45,Multilínea,Mono_item,Ayacucho,null,Power ilim 79.90 SD N,Power ilim 79.90 SD N,AmericaMovil,10:00 - 20:00,Cerrado,Resuelto,Desconocido,AYACUCHO
Netcall,2 oct 2026,9,927709945,92770994589511710101030040221,9283,Outbound,Portabilidad Postpago,EXPRESS,Retiro en tienda,9354,ABIERTAS,Entregado,Entregado,NET_GHERRERAG,SIM,2 oct 2026,null,null,No,ABIERTAS,null,Monolínea,Mono_item,Ayacucho,null,null,null,null,10:00 - 20:00,En Progreso,Punto de No Retorno,null,null
Netcall,2 oct 2026,10,927714319,92771431989511710101030040015,9283,Outbound,Portabilidad Postpago,EXPRESS,Retiro en tienda,9354,ABIERTAS,Entregado,Entregado,NET_EVALDIVIEZO,SIM,2 oct 2026,null,null,No,ABIERTAS,null,Monolínea,Mono_item,Ayacucho,null,null,null,null,10:00 - 20:00,En Progreso,Punto de No Retorno,null,null
Netcall,1 oct 2026,16,927365490,9273654908286531639248,9283,Outbound,Portabilidad Postpago,PROGRAMADO,Logixtal,9354,ABIERTAS,Pendiente Entrega,Pendiente Entrega,NET_MDIAZP,SIM,3 oct 2026,null,null,No,ABIERTAS,null,Monolínea,Mono_item,Ayacucho,null,null,Power ilim 69.90 N,TELEFONICAPE,09:00 - 13:00,En Progreso,En Progreso,Desconocido,AYACUCHO
Netcall,1 oct 2026,11,927285942,927285942,9283,Outbound,Portabilidad Postpago,EXPRESS,Logixtal,9354,CERRADAS,Entregado,Entregado,NET_AARNAIZA,SIM,1 oct 2026,1 oct 2026,null,No,CERRADAS,2026-10-02 00:09:26,Monolínea,Mono_item,Ayacucho,null,Power ilim 69.90 N,null,null,10:00 - 20:00,Cerrado,Resuelto,null,AYACUCHO
Netcall,2 oct 2026,10,927711615,92771161589511710101030040189,9283,Outbound,Portabilidad Postpago,EXPRESS,Retiro en tienda,9354,ABIERTAS,Entregado,Entregado,NET_SBENITESL,SIM,2 oct 2026,null,null,No,ABIERTAS,null,Monolínea,Mono_item,Ayacucho,null,null,null,null,10:00 - 20:00,En Progreso,Punto de No Retorno,null,null
Netcall,1 oct 2026,12,927291382,9272913828285810595393,9283,Outbound,Portabilidad Postpago,EXPRESS,Logixtal,9354,CERRADAS,Entregado,Entregado,TLV_NET_GJQUISP,SIM,1 oct 2026,1 oct 2026,null,No,CERRADAS,2026-10-02 01:28:38,Multilínea,Mono_item,Ayacucho,null,Power ilim 79.90 SD N,Power ilim 79.90 SD N,AmericaMovil,10:00 - 20:00,Cerrado,Resuelto,Desconocido,AYACUCHO
Netcall,1 oct 2026,11,927277305,927277305,9283,Outbound,Portabilidad Postpago,EXPRESS,Logixtal,9354,CERRADAS,Entregado,Entregado,NET_DFRANCIAH,SIM,1 oct 2026,1 oct 2026,null,No,CERRADAS,2026-10-02 00:28:13,Monolínea,Mono_item,Ayacucho,null,Power ilim 79.90 SD N,null,null,10:00 - 20:00,Cerrado,Resuelto,null,AYACUCHO
Netcall,1 oct 2026,13,927322234,9273222348286107275116,9283,Outbound,Venta Regular / Alta,EXPRESS,Logixtal,9001,CANCELADAS,Anulado,DIRECCIÓN ERRADA,NET_DNIEVESNIMA,SIM,1 oct 2026,null,null,No,CANCELADAS,2026-10-01 14:48:31,Multilínea,Mono_item,Lima - Callao,null,null,Power ilim 79.90 SD N,Desconocido,10:00 - 22:00,Cancelado,Rechazado,Desconocido,ATE
Netcall,1 oct 2026,10,927260548,9272605488285546314164,9283,Outbound,Portabilidad Postpago,PROGRAMADO,Logixtal,9001,ABIERTAS,No bop,No bop,NET_SRAMOSC,SIM,3 oct 2026,null,null,No,ABIERTAS,null,Multilínea,Mono_item,Lima - Callao,null,null,Power ilim 79.90 SD N,TELEFONICAPE,08:00 - 13:00,En Progreso,En Progreso,Desconocido,ATE
Netcall,2 oct 2026,10,927720399,92772039989511710101081041862,9283,Outbound,Portabilidad Postpago,EXPRESS,Logixtal,9001,ABIERTAS,Pendiente Entrega,Pendiente de Picking,TLV_NET_CZEGARR,SIM,2 oct 2026,null,null,No,ABIERTAS,null,Multilínea,Mono_item,Lima - Callao,null,null,null,null,10:00 - 22:00,En Progreso,Punto de No Retorno,null,null
Netcall,1 oct 2026,11,927289109,9272891098285783327873,9283,Outbound,Portabilidad Postpago,EXPRESS,Logixtal,9001,CANCELADAS,Anulado,SOLICITADO POR CANAL,NET_VMEJIAC,SIM,1 oct 2026,null,null,No,CANCELADAS,2026-10-01 13:24:00,Multilínea,Mono_item,Lima - Callao,null,null,Power ilim 79.90 SD N,AmericaMovil,10:00 - 22:00,Cancelado,Rechazado,Desconocido,ATE
Netcall,2 oct 2026,7,927645409,92764540989511710111087013781,9283,Outbound,Portabilidad Postpago,EXPRESS,Logixtal,9001,ABIERTAS,Entregado,Entregado,NET_JROMEROC,SIM,2 oct 2026,null,null,No,ABIERTAS,null,Monolínea,Mono_item,Lima - Callao,null,null,null,null,10:00 - 22:00,En Progreso,Pago Recibido,null,null
Netcall,1 oct 2026,11,927290091,9272900918285798212662,9283,Outbound,Portabilidad Postpago,EXPRESS,Logixtal,9001,CANCELADAS,Anulado,SOLICITADO POR CANAL,NET_VMEJIAC,SIM,1 oct 2026,null,null,No,CANCELADAS,2026-10-01 13:23:03,Multilínea,Mono_item,Lima - Callao,null,null,Power ilim 79.90 SD N,AmericaMovil,10:00 - 22:00,Cancelado,Rechazado,Desconocido,ATE
Netcall,1 oct 2026,13,927319709,9273197098286107404669,9283,Outbound,Portabilidad Postpago,EXPRESS,Logixtal,9001,CANCELADAS,Anulado,DIRECCIÓN ERRADA,NET_DNIEVESNIMA,SIM,1 oct 2026,null,null,No,CANCELADAS,2026-10-01 14:48:59,Multilínea,Mono_item,Lima - Callao,null,null,Power ilim 79.90 SD N,TELEFONICAPE,10:00 - 22:00,Cancelado,Rechazado,Desconocido,ATE
Netcall,2 oct 2026,10,927730244,927730244Empty,9283,Outbound,Portabilidad Postpago,EXPRESS,Logixtal,9001,ABIERTAS,Pendiente Entrega,Pendiente de Picking,NET_ACORDOVAS,SIM,2 oct 2026,null,null,No,ABIERTAS,null,Monolínea,Mono_item,Lima - Callao,null,null,null,null,10:00 - 22:00,En Progreso,En Progreso,null,null
Netcall,1 oct 2026,17,927377986,9273779868286659642800,9283,Outbound,Portabilidad Postpago,PROGRAMADO,Logixtal,9001,ABIERTAS,Pendiente Entrega,Pendiente Entrega,NET_RCARDENASH,SIM,2 oct 2026,null,null,No,ABIERTAS,null,Monolínea,Mono_item,Lima - Callao,null,null,Power ilim 69.90 N,AmericaMovil,13:01 - 22:00,En Progreso,Punto de No Retorno,Desconocido,ATE
Netcall,2 oct 2026,10,927730481,92773048189511710101080556381,9283,Outbound,Portabilidad Postpago,EXPRESS,Logixtal,9001,ABIERTAS,Entregado,Entregado,TLV_NET_CACEVED,SIM,2 oct 2026,null,null,No,ABIERTAS,null,Monolínea,Mono_item,Lima - Callao,null,null,null,null,10:00 - 22:00,En Progreso,Punto de No Retorno,null,null
Netcall,1 oct 2026,13,927319598,9273195988286082626940,9283,Outbound,Portabilidad Postpago,EXPRESS,Logixtal,9001,CERRADAS,Entregado,Entregado,NET_VMEJIAC,SIM,1 oct 2026,1 oct 2026,null,No,CERRADAS,2026-10-02 01:57:57,Multilínea,Mono_item,Lima - Callao,null,Power ilim 79.90 SD N,Power ilim 79.90 SD N,AmericaMovil,10:00 - 22:00,Cerrado,Resuelto,Desconocido,ATE
Netcall,1 oct 2026,15,927343209,9273432098286311591072,9271,Outbound,Portabilidad Postpago,EXPRESS,Logixtal,9001,CERRADAS,Entregado,Entregado,NET_KLGARCIAA,SIM,1 oct 2026,1 oct 2026,null,No,CERRADAS,2026-10-02 01:47:56,Monolínea,Mono_item,Lima - Callao,null,Power ilim 69.90 N,Power ilim 69.90 N,AmericaMovil,10:00 - 22:00,Cerrado,Resuelto,Desconocido,ATE
Netcall,2 oct 2026,9,927707813,92770781389511710121083436886,9283,Outbound,Portabilidad Postpago,EXPRESS,Logixtal,9001,ABIERTAS,Entregado,Entregado,NET_VJAUREGUIM,SIM,2 oct 2026,null,null,No,ABIERTAS,null,Monolínea,Mono_item,Lima - Callao,null,null,null,null,10:00 - 22:00,En Progreso,Punto de No Retorno,null,null
Netcall,1 oct 2026,13,927314159,9273141598286035917725,9283,Outbound,Portabilidad Postpago,EXPRESS,Logixtal,9001,CERRADAS,Entregado,Entregado,TLV_NET_KARANDA,SIM,1 oct 2026,1 oct 2026,null,No,CERRADAS,2026-10-02 01:57:39,Multilínea,Mono_item,Lima - Callao,null,Power ilim 79.90 SD N,Power ilim 79.90 SD N,Viettel Peru,10:00 - 22:00,Cerrado,Resuelto,Portabilidad Rechazada. REC01ABD15: El Código NIP es invalido | REC01ABD15,ATE
Netcall,1 oct 2026,10,927266450,9272664508285592242686,9283,Outbound,Portabilidad Postpago,EXPRESS,Logixtal,9001,ABIERTAS,Pendiente Entrega,Pendiente Entrega,NET_LPASCUALH,SIM,1 oct 2026,null,null,No,ABIERTAS,null,Monolínea,Mono_item,Lima - Callao,null,null,Power ilim 69.90 N,AmericaMovil,08:00 - 20:00,En Progreso,Punto de No Retorno,Desconocido,ATE
Netcall,1 oct 2026,18,927408390,9274083908286948217701,9283,Outbound,Portabilidad Postpago,EXPRESS,Logixtal,9001,ABIERTAS,Pendiente Entrega,Pendiente Entrega,NET_EJARANAA,SIM,1 oct 2026,null,null,No,ABIERTAS,null,Multilínea,Multi_item,Lima - Callao,null,null,Power ilim 79.90 SD N,AmericaMovil,10:00 - 22:00,En Progreso,Punto de No Retorno,Desconocido,ATE
Netcall,1 oct 2026,17,927386073,9273860738286735825850,9283,Outbound,Portabilidad Postpago,EXPRESS,Logixtal,9001,CERRADAS,Entregado,Entregado,NET_NCASTILLOF,SIM,1 oct 2026,1 oct 2026,null,No,CERRADAS,2026-10-02 01:11:53,Monolínea,Mono_item,Lima - Callao,null,Power ilim 69.90 N,Power ilim 69.90 N,AmericaMovil,10:00 - 22:00,Cerrado,Resuelto,Desconocido,ATE
Netcall,1 oct 2026,10,927257509,9272575098285520221390,9283,Outbound,Portabilidad Postpago,EXPRESS,Logixtal,9001,CERRADAS,Entregado,Entregado,NET_AARNAIZA,SIM,1 oct 2026,1 oct 2026,null,No,CERRADAS,2026-10-02 02:22:53,Monolínea,Mono_item,Lima - Callao,null,Power ilim 79.90 SD N,Power ilim 79.90 SD N,TELEFONICAPE,10:00 - 22:00,Cerrado,Resuelto,Desconocido,ATE
Netcall,1 oct 2026,13,927311797,9273117978286018709644,9283,Outbound,Portabilidad Postpago,EXPRESS,Logixtal,9001,CERRADAS,Entregado,Entregado,TLV_NET_KARANDA,SIM,1 oct 2026,1 oct 2026,null,No,CERRADAS,2026-10-02 01:08:30,Multilínea,Mono_item,Lima - Callao,null,Power ilim 79.90 SD N,Power ilim 79.90 SD N,TELEFONICAPE,10:00 - 22:00,Cerrado,Resuelto,Desconocido,ATE
Netcall,1 oct 2026,15,927351928,9273519288286396315730,9283,Outbound,Portabilidad Postpago,EXPRESS,Logixtal,9001,CERRADAS,Entregado,Entregado,NET_GDELGADO,SIM,1 oct 2026,1 oct 2026,null,No,CERRADAS,2026-10-02 00:44:07,Monolínea,Mono_item,Lima - Callao,null,Power ilim 79.90 SD N,Power ilim 79.90 SD N,TELEFONICAPE,10:00 - 22:00,Cerrado,Resuelto,Desconocido,ATE
Netcall,1 oct 2026,10,927246626,9272466268285423025626,9283,Outbound,Portabilidad Postpago,EXPRESS,Logixtal,9001,ABIERTAS,Pendiente Entrega,Pendiente Entrega,NET_KSOLORZANOV,SIM,1 oct 2026,null,null,No,ABIERTAS,null,Monolínea,Mono_item,Lima - Callao,null,null,Power ilim 69.90 N,Viettel Peru,08:00 - 20:00,En Progreso,Punto de No Retorno,Desconocido,ATE
Netcall,1 oct 2026,14,927326526,927326526,9283,Outbound,Portabilidad Postpago,EXPRESS,Logixtal,9001,CERRADAS,Entregado,Entregado,NET_MOQUISPITON,SIM,1 oct 2026,1 oct 2026,null,No,CERRADAS,2026-10-02 00:39:30,Multilínea,Mono_item,Lima - Callao,null,Power ilim 79.90 SD N,null,null,10:00 - 22:00,Cerrado,Resuelto,null,ATE
Netcall,1 oct 2026,16,927374996,9273749968286629787103,9283,Outbound,Portabilidad Postpago,EXPRESS,Logixtal,9001,CERRADAS,Entregado,Entregado,TLV_NET_MLANDAR,SIM,1 oct 2026,1 oct 2026,null,No,CERRADAS,2026-10-02 01:50:38,Monolínea,Mono_item,Lima - Callao,null,Power ilim 79.90 SD N,Power ilim 79.90 SD N,AmericaMovil,10:00 - 22:00,Cerrado,Resuelto,Portabilidad Rechazada. REC01ABD15: El Código NIP es invalido | REC01ABD15,ATE
Netcall,2 oct 2026,10,927722022,92772202289511710101081041870,9283,Outbound,Portabilidad Postpago,EXPRESS,Logixtal,9001,ABIERTAS,Pendiente Entrega,Pendiente de Picking,TLV_NET_CZEGARR,SIM,2 oct 2026,null,null,No,ABIERTAS,null,Multilínea,Mono_item,Lima - Callao,null,null,null,null,10:00 - 22:00,En Progreso,Punto de No Retorno,null,null
Netcall,1 oct 2026,14,927327829,9273278298286158528115,9283,Outbound,Portabilidad Postpago,EXPRESS,Logixtal,9001,CERRADAS,Entregado,Entregado,NET_MOQUISPITON,SIM,1 oct 2026,1 oct 2026,null,No,CERRADAS,2026-10-02 03:43:57,Multilínea,Mono_item,Lima - Callao,null,Power ilim 79.90 SD N,Power ilim 79.90 SD N,AmericaMovil,10:00 - 22:00,Cerrado,Resuelto,Desconocido,ATE
Netcall,1 oct 2026,18,927406672,9274066728286935159130,9283,Outbound,Portabilidad Postpago,EXPRESS,Logixtal,9001,CERRADAS,Entregado,Entregado,NET_AQUISPET,SIM,1 oct 2026,1 oct 2026,null,No,CERRADAS,2026-10-02 01:30:28,Monolínea,Mono_item,Lima - Callao,null,Power ilim 79.90 SD N,Power ilim 79.90 SD N,AmericaMovil,10:00 - 22:00,Cerrado,Resuelto,Desconocido,ATE
Netcall,1 oct 2026,18,927408390,9274083908286948217918,9283,Outbound,Portabilidad Postpago,EXPRESS,Logixtal,9001,ABIERTAS,Pendiente Entrega,Pendiente Entrega,NET_EJARANAA,SIM,1 oct 2026,null,null,No,ABIERTAS,null,Multilínea,Multi_item,Lima - Callao,null,null,Power ilim 79.90 SD N,AmericaMovil,10:00 - 22:00,En Progreso,Punto de No Retorno,Desconocido,ATE
Netcall,1 oct 2026,13,927319051,9273190518286078600748,9283,Outbound,Portabilidad Postpago,EXPRESS,Logixtal,9001,CERRADAS,Entregado,Entregado,NET_SGONZALESF,SIM,1 oct 2026,1 oct 2026,null,No,CERRADAS,2026-10-02 00:44:01,Monolínea,Mono_item,Lima - Callao,null,Power ilim 69.90 N,Power ilim 69.90 N,TELEFONICAPE,10:00 - 22:00,Cerrado,Resuelto,Desconocido,ATE
Netcall,1 oct 2026,17,927386857,9273868578286737942601,9283,Outbound,Portabilidad Postpago,PROGRAMADO,Logixtal,9001,ABIERTAS,Pendiente Entrega,Pendiente Entrega,NET_EMEDINAU,SIM,2 oct 2026,null,null,No,ABIERTAS,null,Monolínea,Mono_item,Lima - Callao,null,null,Power ilim 69.90 N,AmericaMovil,08:00 - 13:00,En Progreso,Punto de No Retorno,Desconocido,ATE
Netcall,1 oct 2026,13,927317539,9273175398286064759511,9283,Outbound,Portabilidad Postpago,EXPRESS,Logixtal,9001,CANCELADAS,Anulado,DIRECCIÓN ERRADA,NET_JAMASIFUENT,SIM,1 oct 2026,null,null,No,CANCELADAS,2026-10-01 14:25:31,Monolínea,Mono_item,Lima - Callao,null,null,Power ilim 69.90 N,TELEFONICAPE,10:00 - 22:00,Cancelado,Rechazado,Desconocido,ATE
Netcall,1 oct 2026,10,927256825,9272568258285513717319,9283,Outbound,Portabilidad Postpago,EXPRESS,Logixtal,9001,CERRADAS,Entregado,Entregado,NET_SRAMOSC,SIM,1 oct 2026,1 oct 2026,null,No,CERRADAS,2026-10-02 03:07:12,Multilínea,Mono_item,Lima - Callao,null,Power ilim 79.90 SD N,Power ilim 79.90 SD N,TELEFONICAPE,10:00 - 22:00,Cerrado,Resuelto,Desconocido,ATE
Netcall,1 oct 2026,13,927318577,927318577,9283,Outbound,Portabilidad Postpago,EXPRESS,Logixtal,9001,CERRADAS,Entregado,Entregado,NET_VMEJIAC,SIM,1 oct 2026,1 oct 2026,null,No,CERRADAS,2026-10-02 00:17:07,Multilínea,Mono_item,Lima - Callao,null,Power ilim 79.90 SD N,null,null,10:00 - 22:00,Cerrado,Resuelto,null,ATE
Netcall,2 oct 2026,7,927654533,92765453389511710111087031783,9283,Outbound,Portabilidad Postpago,PROGRAMADO,Logixtal,9001,ABIERTAS,Pendiente Entrega,Pendiente de Picking,NET_JLUCIANOT,SIM,4 oct 2026,null,null,No,ABIERTAS,null,Monolínea,Mono_item,Lima - Callao,null,null,null,null,08:00 - 22:00,En Progreso,Punto de No Retorno,null,null
Netcall,2 oct 2026,10,927723281,927723281Empty,9283,Outbound,Portabilidad Postpago,RETIRO EN TIENDA,Retiro en tienda,3114,ABIERTAS,Pendiente Entrega,Pendiente Entrega,NET_ATORRESP,SIM,2 oct 2026,null,null,No,ABIERTAS,null,Monolínea,Mono_item,La Libertad,null,null,null,null,09:00 - 21:00,En Progreso,Pago Recibido,null,null
Netcall,1 oct 2026,17,927377177,9273771778286648597168,9283,Outbound,Portabilidad Postpago,RETIRO EN TIENDA,Retiro en tienda,7128,CERRADAS,Entregado,Entregado,NET_JAMASIFUENT,SIM,1 oct 2026,1 oct 2026,null,No,CERRADAS,2026-10-02 01:29:07,Monolínea,Mono_item,Arequipa,null,Power ilim 69.90 N,Power ilim 69.90 N,AmericaMovil,09:00 - 21:00,Cerrado,Resuelto,Desconocido,null
Netcall,1 oct 2026,10,927261708,9272617088285554705869,9283,Outbound,Portabilidad Postpago,EXPRESS,Logixtal,5022,CERRADAS,Entregado,Entregado,NET_MVASQUEZV,SIM,1 oct 2026,1 oct 2026,null,No,CERRADAS,2026-10-02 02:00:02,Multilínea,Mono_item,Arequipa,null,Power ilim 79.90 SD N,Power ilim 79.90 SD N,AmericaMovil,10:00 - 20:00,Cerrado,Resuelto,Desconocido,AREQUIPA
Netcall,1 oct 2026,10,927264772,9272647728285579168098,9283,Outbound,Portabilidad Postpago,EXPRESS,Logixtal,5022,ABIERTAS,Anulado,Cliente sin equipo Pin Porta,NET_MVASQUEZV,SIM,1 oct 2026,null,null,No,ABIERTAS,null,Multilínea,Mono_item,Arequipa,null,null,Power ilim 79.90 SD N,AmericaMovil,10:00 - 20:00,En Progreso,Punto de No Retorno,Desconocido,AREQUIPA
Netcall,1 oct 2026,9,927233193,927233193,9283,Outbound,Portabilidad Postpago,RETIRO EN TIENDA,Retiro en tienda,3163,CERRADAS,Entregado,Entregado,NET_JVELASQUEZS,SIM,1 oct 2026,1 oct 2026,null,No,CERRADAS,2026-10-02 00:19:56,Monolínea,Mono_item,Arequipa,null,Power ilim 69.90 N,null,null,09:00 - 21:00,Cerrado,Resuelto,null,null
Netcall,1 oct 2026,18,927398675,9273986758286853302407,9271,Outbound,Portabilidad Postpago,RETIRO EN TIENDA,Retiro en tienda,5058,ABIERTAS,Pendiente Entrega,Pendiente Entrega,NET_EPARDOG,SIM,1 oct 2026,null,null,No,ABIERTAS,null,Monolínea,Mono_item,Arequipa,null,null,Power ilim 69.90 N,Viettel Peru,09:00 - 21:00,En Progreso,En Progreso,Desconocido,null
Netcall,1 oct 2026,15,927347643,9273476438286355809156,9283,Outbound,Portabilidad Postpago,RETIRO EN TIENDA,Retiro en tienda,7128,CERRADAS,Entregado,Entregado,NET_RURBINAG,SIM,1 oct 2026,1 oct 2026,null,No,CERRADAS,2026-10-02 03:44:15,Monolínea,Mono_item,Arequipa,null,Power ilim 79.90 SD N,Power ilim 79.90 SD N,TELEFONICAPE,09:00 - 21:00,Cerrado,Resuelto,Desconocido,null
Netcall,2 oct 2026,10,927715555,92771555589511710101029534077,9283,Outbound,Portabilidad Postpago,EXPRESS,Logixtal,5022,ABIERTAS,Entregado,Entregado,NET_TDILAST,SIM,2 oct 2026,null,null,No,ABIERTAS,null,Multilínea,Mono_item,Arequipa,null,null,null,null,10:00 - 20:00,En Progreso,Punto de No Retorno,null,null
Netcall,1 oct 2026,10,927255008,9272550088285496551328,9283,Outbound,Portabilidad Postpago,EXPRESS,Logixtal,5022,CERRADAS,Entregado,Entregado,NET_CIOLAYAR,SIM,1 oct 2026,1 oct 2026,null,No,CERRADAS,2026-10-02 01:27:06,Multilínea,Mono_item,Arequipa,null,Power ilim 79.90 SD N,Power ilim 79.90 SD N,AmericaMovil,10:00 - 20:00,Cerrado,Resuelto,Desconocido,AREQUIPA
Netcall,1 oct 2026,10,927259155,927259155,9283,Outbound,Portabilidad Postpago,EXPRESS,Logixtal,5022,CERRADAS,Entregado,Entregado,NET_MVASQUEZV,SIM,1 oct 2026,1 oct 2026,null,No,CERRADAS,2026-10-02 00:10:21,Multilínea,Mono_item,Arequipa,null,Power ilim 79.90 SD N,null,null,10:00 - 20:00,Cerrado,Resuelto,null,AREQUIPA
Netcall,2 oct 2026,10,927714433,92771443389511710101029534069,9283,Outbound,Portabilidad Postpago,EXPRESS,Logixtal,5022,ABIERTAS,Entregado,Entregado,NET_TDILAST,SIM,2 oct 2026,null,null,No,ABIERTAS,null,Multilínea,Mono_item,Arequipa,null,null,null,null,10:00 - 20:00,En Progreso,Punto de No Retorno,null,null
Netcall,2 oct 2026,8,927680586,92768058689511710101029528004,9283,Outbound,Portabilidad Postpago,EXPRESS,Logixtal,5022,ABIERTAS,Entregado,Entregado,TLV_NET_DVALOI,SIM,2 oct 2026,null,null,No,ABIERTAS,null,Monolínea,Mono_item,Arequipa,null,null,null,null,10:00 - 20:00,En Progreso,Punto de No Retorno,null,null
Netcall,1 oct 2026,10,927261741,9272617418285559942652,5299,Outbound,Portabilidad Postpago,EXPRESS,Logixtal,5022,CERRADAS,Entregado,Entregado,NET_RCANDIOTTIA,SIM,1 oct 2026,1 oct 2026,null,No,CERRADAS,2026-10-02 01:27:41,Multilínea,Mono_item,Arequipa,null,Power ilim 79.90 SD N,Power ilim 79.90 SD N,TELEFONICAPE,10:00 - 20:00,Cerrado,Resuelto,Desconocido,AREQUIPA
Netcall,1 oct 2026,10,927254142,9272541428285489373976,9283,Outbound,Portabilidad Postpago,EXPRESS,Logixtal,5022,CERRADAS,Entregado,Entregado,NET_CIOLAYAR,SIM,1 oct 2026,1 oct 2026,null,No,CERRADAS,2026-10-02 04:16:32,Multilínea,Mono_item,Arequipa,null,Power ilim 79.90 SD N,Power ilim 79.90 SD N,AmericaMovil,10:00 - 20:00,Cerrado,Resuelto,Desconocido,AREQUIPA
Netcall,1 oct 2026,11,927279634,9272796348285696763454,5299,Outbound,Portabilidad Postpago,EXPRESS,Logixtal,5022,CERRADAS,Entregado,Entregado,NET_RCANDIOTTIA,SIM,1 oct 2026,1 oct 2026,null,No,CERRADAS,2026-10-02 00:53:26,Monolínea,Mono_item,Arequipa,null,Power ilim 79.90 SD N,Power ilim 79.90 SD N,Viettel Peru,10:00 - 20:00,Cerrado,Resuelto,Desconocido,AREQUIPA
Netcall,1 oct 2026,10,927260606,9272606068285545666301,5299,Outbound,Portabilidad Postpago,EXPRESS,Logixtal,5022,CERRADAS,Entregado,Entregado,NET_RCANDIOTTIA,SIM,1 oct 2026,1 oct 2026,null,No,CERRADAS,2026-10-02 01:36:06,Multilínea,Mono_item,Arequipa,null,Power ilim 79.90 SD N,Power ilim 79.90 SD N,TELEFONICAPE,10:00 - 20:00,Cerrado,Resuelto,Desconocido,AREQUIPA
Netcall,1 oct 2026,10,927255943,9272559438285504807653,9283,Outbound,Portabilidad Postpago,EXPRESS,Logixtal,5022,CERRADAS,Entregado,Entregado,NET_CIOLAYAR,SIM,1 oct 2026,1 oct 2026,null,No,CERRADAS,2026-10-02 03:31:06,Multilínea,Mono_item,Arequipa,null,Power ilim 79.90 SD N,Power ilim 79.90 SD N,AmericaMovil,10:00 - 20:00,Cerrado,Resuelto,Desconocido,AREQUIPA
Netcall,2 oct 2026,10,927713024,92771302489511710101029534051,9283,Outbound,Portabilidad Postpago,EXPRESS,Logixtal,5022,ABIERTAS,Entregado,Entregado,NET_TDILAST,SIM,2 oct 2026,null,null,No,ABIERTAS,null,Multilínea,Mono_item,Arequipa,null,null,null,null,10:00 - 20:00,En Progreso,Punto de No Retorno,null,null
Netcall,2 oct 2026,10,927711124,92771112489511710101029534101,9271,Outbound,Portabilidad Postpago,EXPRESS,Logixtal,5022,ABIERTAS,Entregado,Entregado,NET_KESCORZAC,SIM,2 oct 2026,null,null,No,ABIERTAS,null,Monolínea,Mono_item,Arequipa,null,null,null,null,10:00 - 20:00,En Progreso,Punto de No Retorno,null,null
Netcall,1 oct 2026,17,927383065,9273830658286724725978,9283,Outbound,Portabilidad Postpago,RETIRO EN TIENDA,Retiro en tienda,3204,CERRADAS,Entregado,Entregado,NET_GSANTOSC,SIM,1 oct 2026,1 oct 2026,null,No,CERRADAS,2026-10-02 01:59:07,Monolínea,Mono_item,Apurimac,null,Power ilim 79.90 SD N,Power ilim 79.90 SD N,AmericaMovil,17:00 - 21:00,Cerrado,Resuelto,Desconocido,null
Netcall,1 oct 2026,15,927351912,927351912,9283,Outbound,Portabilidad Postpago,EXPRESS,Logixtal,9354,CERRADAS,Entregado,Entregado,NET_PSANCHEZE,SIM,1 oct 2026,1 oct 2026,null,No,CERRADAS,2026-10-02 00:12:15,Monolínea,Mono_item,Ayacucho,null,Power ilim 79.90 SD N,null,null,10:00 - 20:00,Cerrado,Resuelto,null,ANDRES AVELINO CACERES DORREGARAY
Netcall,2 oct 2026,11,927738133,92773813389511710101045303945,9283,Outbound,Portabilidad Postpago,EXPRESS,Retiro en tienda,9358,ABIERTAS,Entregado,Entregado,NET_CLOPEZA,SIM,2 oct 2026,null,null,No,ABIERTAS,null,Monolínea,Mono_item,Apurimac,null,null,null,null,10:00 - 20:00,En Progreso,Punto de No Retorno,null,null
Netcall,1 oct 2026,13,927310113,9273101138285992356996,9283,Outbound,Portabilidad Postpago,PROGRAMADO,Logixtal,9358,ABIERTAS,Pendiente Entrega,Pendiente Entrega,NET_CCURAYG,SIM,2 oct 2026,null,null,No,ABIERTAS,null,Monolínea,Mono_item,Apurimac,null,null,Power ilim 69.90 N,Viettel Peru,09:00 - 13:00,En Progreso,En Progreso,Desconocido,ANDAHUAYLAS
Netcall,2 oct 2026,11,927739945,92773994589511710101045303978,9283,Outbound,Portabilidad Postpago,EXPRESS,Retiro en tienda,9358,ABIERTAS,Pendiente Entrega,Pendiente Entrega,NET_KSOLORZANOV,SIM,2 oct 2026,null,null,No,ABIERTAS,null,Monolínea,Mono_item,Apurimac,null,null,null,null,10:00 - 20:00,En Progreso,Punto de No Retorno,null,null
Netcall,2 oct 2026,8,927692045,92769204589511710101047089609,9283,Outbound,Portabilidad Postpago,PROGRAMADO,Logixtal,9001,ABIERTAS,Pendiente Entrega,Pendiente de Picking,TLV_NET_DVALOI,SIM,5 oct 2026,null,null,No,ABIERTAS,null,Multilínea,Mono_item,Lima - Callao,null,null,null,null,09:00 - 20:00,En Progreso,Punto de No Retorno,null,null
Netcall,2 oct 2026,9,927700251,92770025189511710121083407259,5299,Outbound,Portabilidad Postpago,PROGRAMADO,Logixtal,9001,ABIERTAS,Pendiente Entrega,Pendiente de Picking,NET_JBOZAC,SIM,5 oct 2026,null,null,No,ABIERTAS,null,Multilínea,Mono_item,Lima - Callao,null,null,null,null,09:00 - 20:00,En Progreso,Punto de No Retorno,null,null
Netcall,2 oct 2026,9,927702775,92770277589511710101081003896,5299,Outbound,Venta Regular / Alta,PROGRAMADO,Logixtal,9001,ABIERTAS,Pendiente Entrega,Pendiente de Picking,NET_JBOZAC,SIM,5 oct 2026,null,null,No,ABIERTAS,null,Multilínea,Mono_item,Lima - Callao,null,null,null,null,09:00 - 20:00,En Progreso,Punto de No Retorno,null,null
Netcall,2 oct 2026,9,927701042,92770104289511710101081049337,5299,Outbound,Venta Regular / Alta,PROGRAMADO,Logixtal,9001,ABIERTAS,Pendiente Entrega,Pendiente de Picking,NET_JBOZAC,SIM,5 oct 2026,null,null,No,ABIERTAS,null,Multilínea,Mono_item,Lima - Callao,null,null,null,null,09:00 - 20:00,En Progreso,Punto de No Retorno,null,null
Netcall,2 oct 2026,8,927689798,92768979889511710101081015825,9283,Outbound,Portabilidad Postpago,PROGRAMADO,Logixtal,9001,ABIERTAS,Pendiente Entrega,Pendiente de Picking,TLV_NET_DVALOI,SIM,5 oct 2026,null,null,No,ABIERTAS,null,Multilínea,Mono_item,Lima - Callao,null,null,null,null,09:00 - 20:00,En Progreso,Punto de No Retorno,null,null
Netcall,1 oct 2026,17,927381923,9273819238286700328994,9283,Outbound,Portabilidad Postpago,PROGRAMADO,Logixtal,9001,ABIERTAS,Pendiente Entrega,Pendiente Entrega,NET_CMDELACRUZV,SIM,2 oct 2026,null,null,No,ABIERTAS,null,Monolínea,Mono_item,Lima - Callao,null,null,Power ilim 69.90 N,AmericaMovil,09:00 - 20:00,En Progreso,Punto de No Retorno,Desconocido,ANCON
Netcall,1 oct 2026,12,927308777,9273087778285985436438,9283,Outbound,Portabilidad Postpago,PROGRAMADO,Logixtal,9001,ABIERTAS,No bop,No bop,NET_ARIVERA,SIM,5 oct 2026,null,null,No,ABIERTAS,null,Monolínea,Mono_item,Lima - Callao,null,null,Power ilim 79.90 SD N,Viettel Peru,09:00 - 20:00,En Progreso,En Progreso,Desconocido,ANCON
Netcall,1 oct 2026,13,927315880,9273158808286050234005,9283,Outbound,Portabilidad Postpago,PROGRAMADO,Logixtal,9001,ABIERTAS,Pendiente Entrega,Pendiente Entrega,NET_JORELLANAS,SIM,2 oct 2026,null,null,No,ABIERTAS,null,Monolínea,Mono_item,Lima - Callao,null,null,Power ilim 69.90 N,AmericaMovil,09:00 - 20:00,En Progreso,Punto de No Retorno,Desconocido,ANCON
Netcall,1 oct 2026,12,927307624,9273076248285973914698,9283,Outbound,Portabilidad Postpago,EXPRESS,Logixtal,9353,CERRADAS,Entregado,Entregado,NET_LALVAREZD,SIM,1 oct 2026,1 oct 2026,null,No,CERRADAS,2026-10-02 01:07:26,Monolínea,Mono_item,Huanuco,null,Power ilim 69.90 N,Power ilim 69.90 N,AmericaMovil,10:00 - 20:00,Cerrado,Resuelto,Desconocido,AMARILIS
Netcall,1 oct 2026,10,927251070,9272510708285458411871,9283,Outbound,Portabilidad Postpago,EXPRESS,Logixtal,9353,CERRADAS,Entregado,Entregado,NET_JPALOMINOA,SIM,1 oct 2026,1 oct 2026,null,No,CERRADAS,2026-10-02 00:47:34,Monolínea,Mono_item,Huanuco,null,Power ilim 69.90 N,Power ilim 69.90 N,Viettel Peru,10:00 - 20:00,Cerrado,Resuelto,Desconocido,AMARILIS
Netcall,1 oct 2026,16,927372808,9273728088286626688133,9283,Outbound,Portabilidad Postpago,PROGRAMADO,Logixtal,9353,ABIERTAS,Pendiente Entrega,Pendiente Entrega,TLV_NET_BRAMIRE,SIM,2 oct 2026,null,null,No,ABIERTAS,null,Monolínea,Mono_item,Huanuco,null,null,Power ilim 69.90 N,AmericaMovil,09:00 - 13:00,En Progreso,En Progreso,Desconocido,AMARILIS
Netcall,1 oct 2026,11,927269698,9272696988285619986731,9271,Outbound,Portabilidad Postpago,EXPRESS,Logixtal,9353,ABIERTAS,Pendiente Entrega,Pendiente Entrega,TLV_NET_BREYESR,SIM,1 oct 2026,null,null,No,ABIERTAS,null,Monolínea,Mono_item,Huanuco,null,null,Power ilim 69.90 N,Viettel Peru,08:00 - 20:00,En Progreso,Punto de No Retorno,Desconocido,AMARILIS
Netcall,2 oct 2026,11,927751094,927751094Empty,9283,Outbound,Portabilidad Postpago,EXPRESS,Retiro en tienda,9353,ABIERTAS,Pendiente Entrega,Pendiente Entrega,NET_GBUITRONL,SIM,2 oct 2026,null,null,No,ABIERTAS,null,Monolínea,Mono_item,Huanuco,null,null,null,null,10:00 - 20:00,En Progreso,En Progreso,null,null
Netcall,2 oct 2026,10,927721553,92772155389511710101029534283,9283,Outbound,Portabilidad Postpago,EXPRESS,Logixtal,5022,ABIERTAS,Pendiente Entrega,Pendiente de Picking,NET_CIOLAYAR,SIM,2 oct 2026,null,null,No,ABIERTAS,null,Monolínea,Mono_item,Arequipa,null,null,null,null,10:00 - 20:00,En Progreso,En Progreso,null,null
Netcall,2 oct 2026,10,927734339,927734339Empty,9283,Outbound,Portabilidad Postpago,PROGRAMADO,Logixtal,5022,ABIERTAS,Pendiente Entrega,Pendiente de Picking,NET_CCONDEM,SIM,3 oct 2026,null,null,No,ABIERTAS,null,Monolínea,Mono_item,Arequipa,null,null,null,null,13:01 - 20:00,En Progreso,En Progreso,null,null
Netcall,1 oct 2026,11,927273389,9272733898285653744841,9271,Outbound,Portabilidad Postpago,EXPRESS,Logixtal,9345,CANCELADAS,Anulado,CLIENTE YA NO DESEA PRODUCTO,NET_KTORRESP,SIM,1 oct 2026,null,null,No,CANCELADAS,2026-10-01 14:50:59,Monolínea,Mono_item,Ica,null,null,Power ilim 79.90 SD N,AmericaMovil,10:00 - 20:00,Cancelado,Rechazado,Desconocido,ALTO LARAN
Netcall,1 oct 2026,10,927249930,9272499308285452875253,9283,Outbound,Portabilidad Postpago,EXPRESS,Logixtal,9348,ABIERTAS,Pendiente Entrega,Pendiente Entrega,TLV_NET_DSANC,SIM,1 oct 2026,null,null,No,ABIERTAS,null,Monolínea,Mono_item,Tacna,null,null,Power ilim 69.90 N,TELEFONICAPE,08:00 - 20:00,En Progreso,Punto de No Retorno,Desconocido,ALTO DE LA ALIANZA
Netcall,1 oct 2026,16,927374191,9273741918286620106800,9283,Outbound,Portabilidad Postpago,RETIRO EN TIENDA,Retiro en tienda,3212,ABIERTAS,Pendiente Entrega,Pendiente Entrega,NET_ARIVERA,SIM,1 oct 2026,null,null,No,ABIERTAS,null,Monolínea,Mono_item,Apurimac,null,null,Power ilim 79.90 SD N,Viettel Peru,17:00 - 21:00,En Progreso,Documentación no Almacenada,Portabilidad Rechazada. REC01ABD15: El Código NIP es invalido | REC01ABD15,null
Netcall,2 oct 2026,8,927688902,92768890289511710101045292411,9283,Outbound,Portabilidad Postpago,EXPRESS,Retiro en tienda,9358,ABIERTAS,Pendiente Entrega,Pendiente Entrega,NET_KCHAVEZF,SIM,2 oct 2026,null,null,No,ABIERTAS,null,Monolínea,Mono_item,Apurimac,null,null,null,null,10:00 - 20:00,En Progreso,Punto de No Retorno,null,null
Netcall,1 oct 2026,18,927405619,9274056198286917990126,9283,Outbound,Portabilidad Postpago,PROGRAMADO,Logixtal,9358,ABIERTAS,Pendiente Entrega,Pendiente Entrega,NET_LRODRIGUEZC,SIM,2 oct 2026,null,null,No,ABIERTAS,null,Multilínea,Mono_item,Apurimac,null,null,Power ilim 79.90 SD N,TELEFONICAPE,09:00 - 13:00,En Progreso,En Progreso,Desconocido,ABANCAY
Netcall,1 oct 2026,15,927354413,9273544138286413665667,9283,Outbound,Portabilidad Postpago,RETIRO EN TIENDA,Retiro en tienda,3212,ABIERTAS,Pendiente Entrega,Pendiente Entrega,NET_LRAMIREZV,SIM,1 oct 2026,null,null,No,ABIERTAS,null,Monolínea,Mono_item,Apurimac,null,null,Power ilim 69.90 N,Viettel Peru,17:00 - 21:00,En Progreso,En Progreso,Desconocido,null
Netcall,1 oct 2026,18,927404452,9274044528286912070376,9283,Outbound,Portabilidad Postpago,PROGRAMADO,Logixtal,9358,ABIERTAS,Pendiente Entrega,Pendiente Entrega,NET_LRODRIGUEZC,SIM,2 oct 2026,null,null,No,ABIERTAS,null,Multilínea,Mono_item,Apurimac,null,null,Power ilim 79.90 SD N,TELEFONICAPE,09:00 - 13:00,En Progreso,En Progreso,Desconocido,ABANCAY
Netcall,1 oct 2026,13,927316739,9273167398286060537035,9283,Outbound,Portabilidad Postpago,RETIRO EN TIENDA,Retiro en tienda,3212,ABIERTAS,Pendiente Entrega,Pendiente Entrega,NET_LCALDERONC,SIM,1 oct 2026,null,null,No,ABIERTAS,null,Monolínea,Mono_item,Apurimac,null,null,Power ilim 79.90 SD N,TELEFONICAPE,17:00 - 21:00,En Progreso,En Progreso,Desconocido,null
Netcall,2 oct 2026,12,927762614,927762614,9283,Outbound,Venta Regular / Alta,No bop,Logixtal,5023,ABIERTAS,No bop,No bop,NET_PYGARCIAG,(Sin datos Omnix),2 oct 2026,null,null,No,ABIERTAS,null,Monolínea,Mono_item,null,null,null,null,null,null,null,null,null,null
Netcall,2 oct 2026,12,927766520,927766520,5299,Outbound,Portabilidad Postpago,RETIRO EN TIENDA,Retiro en tienda,9351,ABIERTAS,Pendiente Entrega,Pendiente Entrega,NET_SCHUMIOQUEP,(Sin datos Omnix),2 oct 2026,null,null,No,ABIERTAS,null,Monolínea,Mono_item,null,null,null,null,null,null,null,null,null,null
Netcall,2 oct 2026,12,927760209,927760209,9283,Outbound,Portabilidad Postpago,No bop,Logixtal,5022,ABIERTAS,No bop,No bop,NET_NSANTAMARIA,(Sin datos Omnix),2 oct 2026,null,null,No,ABIERTAS,null,Multilínea,Mono_item,null,null,null,null,null,null,null,null,null,null
Netcall,1 oct 2026,17,927372194,9273721948286752705122,9283,Outbound,Portabilidad Postpago,No bop,Logixtal,5022,CANCELADAS,No bop,No bop,NET_GVILELAR,(Sin datos Omnix),1 oct 2026,null,null,No,CANCELADAS,2026-10-01 18:05:40,Multilínea,Mono_item,null,null,null,Power ilim 79.90 SD N,TELEFONICAPE,null,Cancelado,Rechazado,Desconocido,null
Netcall,2 oct 2026,12,927761612,927761612,9283,Outbound,Portabilidad Postpago,No bop,Logixtal,9001,ABIERTAS,No bop,No bop,NET_MORIHUELAQ,(Sin datos Omnix),2 oct 2026,null,null,No,ABIERTAS,null,Monolínea,Mono_item,null,null,null,null,null,null,null,null,null,null
Netcall,2 oct 2026,12,927761211,927761211,9283,Outbound,Portabilidad Postpago,RETIRO EN TIENDA,Retiro en tienda,9351,ABIERTAS,Pendiente Entrega,Pendiente Entrega,NET_JLIL,(Sin datos Omnix),2 oct 2026,null,null,No,ABIERTAS,null,Multilínea,Mono_item,null,null,null,null,null,null,null,null,null,null
Netcall,2 oct 2026,12,927761123,927761123,9283,Outbound,Venta Regular / Alta,No bop,Logixtal,9001,ABIERTAS,No bop,No bop,NET_PSANCHEZE,(Sin datos Omnix),2 oct 2026,null,null,No,ABIERTAS,null,Multilínea,Mono_item,null,null,null,null,null,null,null,null,null,null
Netcall,2 oct 2026,12,927763438,927763438,9283,Outbound,Portabilidad Postpago,No bop,Logixtal,9001,ABIERTAS,No bop,No bop,NET_PSANCHEZE,(Sin datos Omnix),2 oct 2026,null,null,No,ABIERTAS,null,Multilínea,Mono_item,null,null,null,null,null,null,null,null,null,null
Netcall,2 oct 2026,12,927766675,927766675,9283,Outbound,Portabilidad Postpago,RETIRO EN TIENDA,Retiro en tienda,3205,ABIERTAS,Pendiente Entrega,Pendiente Entrega,NET_ETORRE,(Sin datos Omnix),2 oct 2026,null,null,No,ABIERTAS,null,Multilínea,Mono_item,null,null,null,null,null,null,null,null,null,null
Netcall,2 oct 2026,12,927763126,927763126,9283,Outbound,Portabilidad Postpago,No bop,Logixtal,9001,ABIERTAS,No bop,No bop,NET_RPINZONN,(Sin datos Omnix),2 oct 2026,null,null,No,ABIERTAS,null,Monolínea,Mono_item,null,null,null,null,null,null,null,null,null,null
Netcall,1 oct 2026,16,927363938,9273639388286513837349,9283,Outbound,Portabilidad Postpago,RETIRO EN TIENDA,Retiro en tienda,8038,CANCELADAS,Cancelado,Cancelado,TLV_NET_GANACLE,(Sin datos Omnix),1 oct 2026,null,null,No,CANCELADAS,2026-10-01 16:46:12,Monolínea,Mono_item,Madre de Dios,null,null,Power ilim 79.90 SD N,Viettel Peru,null,Cancelado,Rechazado,Desconocido,null
Netcall,2 oct 2026,12,927768631,927768631,9283,Outbound,Portabilidad Postpago,No bop,Logixtal,9001,ABIERTAS,No bop,No bop,NET_KCHAVEZF,(Sin datos Omnix),2 oct 2026,null,null,No,ABIERTAS,null,Monolínea,Mono_item,null,null,null,null,null,null,null,null,null,null
Netcall,2 oct 2026,12,927762480,927762480,9283,Outbound,Portabilidad Postpago,RETIRO EN TIENDA,Retiro en tienda,9351,ABIERTAS,Pendiente Entrega,Pendiente Entrega,NET_JLIL,(Sin datos Omnix),2 oct 2026,null,null,No,ABIERTAS,null,Multilínea,Mono_item,null,null,null,null,null,null,null,null,null,null
Netcall,2 oct 2026,12,927763022,927763022,9283,Outbound,Portabilidad Postpago,No bop,Logixtal,9342,ABIERTAS,No bop,No bop,NET_GSANTOSC,(Sin datos Omnix),2 oct 2026,null,null,No,ABIERTAS,null,Multilínea,Mono_item,null,null,null,null,null,null,null,null,null,null
Netcall,2 oct 2026,12,927767336,927767336,9283,Outbound,Portabilidad Postpago,RETIRO EN TIENDA,Retiro en tienda,9345,ABIERTAS,Pendiente Entrega,Pendiente Entrega,NET_CLOPEZA,(Sin datos Omnix),2 oct 2026,null,null,No,ABIERTAS,null,Monolínea,Mono_item,Ica,null,null,null,null,null,null,null,null,null
Netcall,2 oct 2026,12,927768321,927768321,9283,Outbound,Portabilidad Postpago,No bop,Logixtal,9001,ABIERTAS,No bop,No bop,NET_BROMANS,(Sin datos Omnix),2 oct 2026,null,null,No,ABIERTAS,null,Monolínea,Mono_item,null,null,null,null,null,null,null,null,null,null
Netcall,2 oct 2026,12,927763487,927763487,9283,Outbound,Portabilidad Postpago,RETIRO EN TIENDA,Retiro en tienda,9353,ABIERTAS,Pendiente Entrega,Pendiente Entrega,TLV_NET_JPENAM,(Sin datos Omnix),2 oct 2026,null,null,No,ABIERTAS,null,Monolínea,Mono_item,null,null,null,null,null,null,null,null,null,null
Netcall,2 oct 2026,12,927761860,927761860,9283,Outbound,Portabilidad Postpago,RETIRO EN TIENDA,Retiro en tienda,9345,ABIERTAS,Pendiente Entrega,Pendiente Entrega,TLV_NET_DCABEZU,(Sin datos Omnix),2 oct 2026,null,null,No,ABIERTAS,null,Monolínea,Mono_item,Ica,null,null,null,null,null,null,null,null,null
Netcall,2 oct 2026,12,927762222,927762222,9283,Outbound,Portabilidad Postpago,No bop,Logixtal,5022,ABIERTAS,No bop,No bop,NET_DDEPINHOZ,(Sin datos Omnix),2 oct 2026,null,null,No,ABIERTAS,null,Monolínea,Mono_item,null,null,null,null,null,null,null,null,null,null
Netcall,2 oct 2026,12,927766203,927766203,9283,Outbound,Portabilidad Postpago,No bop,Logixtal,5021,ABIERTAS,No bop,No bop,TLV_NET_GANACLE,(Sin datos Omnix),2 oct 2026,null,null,No,ABIERTAS,null,Monolínea,Mono_item,null,null,null,null,null,null,null,null,null,null
Netcall,2 oct 2026,12,927758903,927758903,9283,Outbound,Portabilidad Postpago,RETIRO EN TIENDA,Retiro en tienda,9351,ABIERTAS,Pendiente Entrega,Pendiente Entrega,NET_MDONAYRE,(Sin datos Omnix),2 oct 2026,null,null,No,ABIERTAS,null,Monolínea,Mono_item,null,null,null,null,null,null,null,null,null,null
Netcall,2 oct 2026,12,927767269,927767269,9283,Outbound,Portabilidad Postpago,No bop,Logixtal,5021,ABIERTAS,No bop,No bop,NET_YVEGASA,(Sin datos Omnix),2 oct 2026,null,null,No,ABIERTAS,null,Monolínea,Mono_item,null,null,null,null,null,null,null,null,null,null
Netcall,2 oct 2026,12,927758911,927758911,9283,Outbound,Portabilidad Postpago,RETIRO EN TIENDA,Retiro en tienda,2104,ABIERTAS,Pendiente Entrega,Pendiente Entrega,TLV_NET_MFARFAN,(Sin datos Omnix),2 oct 2026,null,null,No,ABIERTAS,null,Monolínea,Mono_item,null,null,null,null,null,null,null,null,null,null
Netcall,2 oct 2026,12,927761439,927761439,9283,Outbound,Portabilidad Postpago,RETIRO EN TIENDA,Retiro en tienda,9344,ABIERTAS,Pendiente Entrega,Pendiente Entrega,NET_KORTIZD,(Sin datos Omnix),2 oct 2026,null,null,No,ABIERTAS,null,Monolínea,Mono_item,Ancash,null,null,null,null,null,null,null,null,null
Netcall,2 oct 2026,12,927764802,927764802,9283,Outbound,Portabilidad Postpago,No bop,Logixtal,9342,ABIERTAS,No bop,No bop,NET_BCUSQUISIVA,(Sin datos Omnix),2 oct 2026,null,null,No,ABIERTAS,null,Monolínea,Mono_item,null,null,null,null,null,null,null,null,null,null
Netcall,2 oct 2026,12,927759232,927759232,9283,Outbound,Portabilidad Postpago,RETIRO EN TIENDA,Retiro en tienda,1009,ABIERTAS,Pendiente Entrega,Pendiente Entrega,NET_ATRIVINOS,(Sin datos Omnix),2 oct 2026,null,null,No,ABIERTAS,null,Monolínea,Mono_item,null,null,null,null,null,null,null,null,null,null
Netcall,2 oct 2026,12,927760406,927760406,9283,Outbound,Portabilidad Postpago,RETIRO EN TIENDA,Retiro en tienda,9345,ABIERTAS,Pendiente Entrega,Pendiente Entrega,NET_EZAPATAC,(Sin datos Omnix),2 oct 2026,null,null,No,ABIERTAS,null,Monolínea,Mono_item,Ica,null,null,null,null,null,null,null,null,null
Netcall,2 oct 2026,12,927762194,927762194,9283,Outbound,Portabilidad Postpago,No bop,Logixtal,9342,ABIERTAS,No bop,No bop,NET_ECARRETEROH,(Sin datos Omnix),2 oct 2026,null,null,No,ABIERTAS,null,Monolínea,Mono_item,null,null,null,null,null,null,null,null,null,null
Netcall,2 oct 2026,12,927766731,927766731,9283,Outbound,Portabilidad Postpago,No bop,Logixtal,9001,ABIERTAS,No bop,No bop,NET_LBAUTISTAS,(Sin datos Omnix),2 oct 2026,null,null,No,ABIERTAS,null,Monolínea,Mono_item,null,null,null,null,null,null,null,null,null,null
Netcall,1 oct 2026,18,927408216,9274082168286951198239,9283,Outbound,Portabilidad Postpago,RETIRO EN TIENDA,Retiro en tienda,7128,CANCELADAS,Cancelado,Cancelado,TLV_NET_KARANDA,(Sin datos Omnix),1 oct 2026,null,null,No,CANCELADAS,2026-10-01 18:57:16,Monolínea,Mono_item,Arequipa,null,null,Power ilim 79.90 SD N,AmericaMovil,null,Cancelado,Rechazado,Desconocido,null
Netcall,2 oct 2026,12,927762239,927762239,9283,Outbound,Portabilidad Postpago,No bop,Logixtal,5023,ABIERTAS,No bop,No bop,NET_KBRACOV,(Sin datos Omnix),2 oct 2026,null,null,No,ABIERTAS,null,Monolínea,Mono_item,null,null,null,null,null,null,null,null,null,null
Netcall,2 oct 2026,12,927768195,927768195,9283,Outbound,Portabilidad Postpago,RETIRO EN TIENDA,Retiro en tienda,3205,ABIERTAS,Pendiente Entrega,Pendiente Entrega,NET_ETORRE,(Sin datos Omnix),2 oct 2026,null,null,No,ABIERTAS,null,Multilínea,Mono_item,null,null,null,null,null,null,null,null,null,null
Netcall,2 oct 2026,12,927764456,927764456,9283,Outbound,Portabilidad Postpago,No bop,Logixtal,5022,ABIERTAS,No bop,No bop,NET_DEGALLARDOA,(Sin datos Omnix),2 oct 2026,null,null,No,ABIERTAS,null,Monolínea,Mono_item,null,null,null,null,null,null,null,null,null,null
Netcall,2 oct 2026,12,927763326,927763326,9271,Outbound,Portabilidad Postpago,RETIRO EN TIENDA,Retiro en tienda,3215,ABIERTAS,Pendiente Entrega,Pendiente Entrega,NET_LGOMEZA,(Sin datos Omnix),2 oct 2026,null,null,No,ABIERTAS,null,Multilínea,Mono_item,null,null,null,null,null,null,null,null,null,null
Netcall,2 oct 2026,12,927763639,927763639,9283,Outbound,Portabilidad Postpago,No bop,Logixtal,9001,ABIERTAS,No bop,No bop,TLV_NET_CACEVED,(Sin datos Omnix),2 oct 2026,null,null,No,ABIERTAS,null,Monolínea,Mono_item,null,null,null,null,null,null,null,null,null,null
Netcall,2 oct 2026,12,927761634,927761634,9283,Outbound,Portabilidad Postpago,No bop,Logixtal,5022,ABIERTAS,No bop,No bop,NET_NSANTAMARIA,(Sin datos Omnix),2 oct 2026,null,null,No,ABIERTAS,null,Multilínea,Mono_item,null,null,null,null,null,null,null,null,null,null
Netcall,2 oct 2026,12,927766298,927766298,9271,Outbound,Portabilidad Postpago,No bop,Logixtal,5022,ABIERTAS,No bop,No bop,NET_KANGELESS,(Sin datos Omnix),2 oct 2026,null,null,No,ABIERTAS,null,Monolínea,Mono_item,null,null,null,null,null,null,null,null,null,null
Netcall,2 oct 2026,12,927767022,927767022,9283,Outbound,Portabilidad Postpago,No bop,Logixtal,9001,ABIERTAS,No bop,No bop,NET_YCASTILLOO,(Sin datos Omnix),2 oct 2026,null,null,No,ABIERTAS,null,Monolínea,Mono_item,null,null,null,null,null,null,null,null,null,null
Netcall,2 oct 2026,12,927761467,927761467,9271,Outbound,Portabilidad Postpago,RETIRO EN TIENDA,Retiro en tienda,3016,ABIERTAS,Pendiente Entrega,Pendiente Entrega,NET_MRUIZSANCHC,(Sin datos Omnix),2 oct 2026,null,null,No,ABIERTAS,null,Multilínea,Mono_item,null,null,null,null,null,null,null,null,null,null
Netcall,2 oct 2026,12,927763054,927763054,9271,Outbound,Portabilidad Postpago,RETIRO EN TIENDA,Retiro en tienda,3016,ABIERTAS,Pendiente Entrega,Pendiente Entrega,NET_MRUIZSANCHC,(Sin datos Omnix),2 oct 2026,null,null,No,ABIERTAS,null,Multilínea,Mono_item,null,null,null,null,null,null,null,null,null,null
Netcall,2 oct 2026,12,927764370,927764370,9283,Outbound,Portabilidad Postpago,RETIRO EN TIENDA,Retiro en tienda,9348,ABIERTAS,Pendiente Entrega,Pendiente Entrega,NET_SINGAC,(Sin datos Omnix),2 oct 2026,null,null,No,ABIERTAS,null,Monolínea,Mono_item,null,null,null,null,null,null,null,null,null,null
Netcall,2 oct 2026,12,927767768,927767768,9271,Outbound,Portabilidad Postpago,RETIRO EN TIENDA,Retiro en tienda,9353,ABIERTAS,Pendiente Entrega,Pendiente Entrega,NET_JAREVALOC,(Sin datos Omnix),2 oct 2026,null,null,No,ABIERTAS,null,Monolínea,Mono_item,null,null,null,null,null,null,null,null,null,null
Netcall,2 oct 2026,12,927762089,927762089,9271,Outbound,Portabilidad Postpago,RETIRO EN TIENDA,Retiro en tienda,3215,ABIERTAS,Pendiente Entrega,Pendiente Entrega,NET_LGOMEZA,(Sin datos Omnix),2 oct 2026,null,null,No,ABIERTAS,null,Multilínea,Mono_item,null,null,null,null,null,null,null,null,null,null
Netcall,2 oct 2026,12,927764939,927764939,9283,Outbound,Portabilidad Postpago,No bop,Logixtal,9001,ABIERTAS,No bop,No bop,NET_SBENITOV,(Sin datos Omnix),2 oct 2026,null,null,No,ABIERTAS,null,Monolínea,Mono_item,null,null,null,null,null,null,null,null,null,null
Netcall,2 oct 2026,11,927753857,927753857,9259,Outbound,Portabilidad Postpago,RETIRO EN TIENDA,Retiro en tienda,0,ABIERTAS,Pendiente Entrega,Pendiente Entrega,NET_CBIELICHR,(Sin datos Omnix),2 oct 2026,null,null,No,ABIERTAS,null,Monolínea,Mono_item,null,null,null,null,null,null,En Progreso,En Progreso,null,null
Netcall,2 oct 2026,12,927761785,927761785,9283,Outbound,Portabilidad Postpago,No bop,Logixtal,9342,ABIERTAS,No bop,No bop,NET_GSANTOSC,(Sin datos Omnix),2 oct 2026,null,null,No,ABIERTAS,null,Multilínea,Mono_item,null,null,null,null,null,null,null,null,null,null
Netcall,2 oct 2026,12,927767972,927767972,5299,Outbound,Portabilidad Postpago,No bop,Logixtal,5021,ABIERTAS,No bop,No bop,NET_RCANDIOTTIA,(Sin datos Omnix),2 oct 2026,null,null,No,ABIERTAS,null,Multilínea,Mono_item,null,null,null,null,null,null,null,null,null,null
Netcall,2 oct 2026,12,927766641,927766641,5299,Outbound,Portabilidad Postpago,No bop,Logixtal,5021,ABIERTAS,No bop,No bop,NET_RCANDIOTTIA,(Sin datos Omnix),2 oct 2026,null,null,No,ABIERTAS,null,Multilínea,Mono_item,null,null,null,null,null,null,null,null,null,null
Netcall,2 oct 2026,12,927759205,927759205,9283,Outbound,Portabilidad Postpago,RETIRO EN TIENDA,Retiro en tienda,7105,ABIERTAS,Pendiente Entrega,Pendiente Entrega,NET_AMILTONL,(Sin datos Omnix),2 oct 2026,null,null,No,ABIERTAS,null,Monolínea,Mono_item,Lima - Callao,null,null,null,null,null,null,null,null,null