FRM_Distrito,Centro,Fecha_Creacion,Hora,FRM_Orden_Final,FRM_Orden_Item_Final,EOC_ID_TIENDA,Grupo_Canal,Tipo_de_Negocio,Tipo_Despacho_Detalle,Operador_Logistico_Old,EOC_DELIVERYSTOREID,EOC_Estado,Estado_T,Estado_T_Detalle,FRM_N_DNI_Asesor,FRM_Tipologia,Fecha_Entrega_Pactada,Fecha_Entrega_Real,INR_FechaActivacion,Cruce_INAR,EOC_Estado,EOC_Cierre,Multilinea_Asesor,Multi_item,FRM_Departamento_de_entrega,INR_NumRentaIGV_Neto
Yarinacocha,Netcall,1 ago 2026,10,902166796,9021667968040336923906,9283,Outbound,Portabilidad Postpago,EXPRESS,Logixtal,9349,CERRADAS,Entregado,Entregado,TLV_NET_GANACLE,SIM,1 ago 2026,1 ago 2026,02/08/2026,Sí,CERRADAS,2026-08-02 00:37:10,Monolínea,Mono_item,Ucayali,29.95
Yarinacocha,Netcall,4 ago 2026,6,903193022,903193022Empty,9283,Outbound,Portabilidad Postpago,EXPRESS,Logixtal,9349,ABIERTAS,Pendiente Entrega,Pendiente Entrega,TLV_NET_MFERRER,SIM,4 ago 2026,null,null,No,ABIERTAS,null,Multilínea,Mono_item,Ucayali,null
Yarinacocha,Netcall,1 ago 2026,12,902213671,9022136718040786172760,9283,Outbound,Portabilidad Postpago,PROGRAMADO,Logixtal,9349,ABIERTAS,Pendiente Entrega,Pendiente Entrega,NET_KDIAZPISCOY,SIM,3 ago 2026,null,null,No,ABIERTAS,null,Monolínea,Mono_item,Ucayali,null
Yarinacocha,Netcall,3 ago 2026,10,902802753,9028027538046263286651,9283,Outbound,Portabilidad Postpago,EXPRESS,Logixtal,9349,CERRADAS,Entregado,Entregado,NET_MGONZALESPE,SIM,3 ago 2026,3 ago 2026,null,No,CERRADAS,2026-08-04 01:49:05,Monolínea,Mono_item,Ucayali,null
Yarinacocha,Netcall,1 ago 2026,10,902167495,9021674958040345241315,9271,Outbound,Portabilidad Postpago,EXPRESS,Logixtal,9349,ABIERTAS,Pendiente Entrega,Pendiente Entrega,NET_KPARRAGUEZG,SIM,1 ago 2026,null,null,No,ABIERTAS,null,Monolínea,Mono_item,Ucayali,null
Yarinacocha,Netcall,3 ago 2026,18,902977793,9029777938047966336538,5299,Outbound,Portabilidad Postpago,PROGRAMADO,Logixtal,9349,ABIERTAS,Pendiente Entrega,Pendiente Entrega,NET_AEREYES,SIM,4 ago 2026,null,null,No,ABIERTAS,null,Monolínea,Mono_item,Ucayali,null
Yanahuara,Netcall,3 ago 2026,16,902920632,9029206328047411574209,9283,Outbound,Portabilidad Postpago,EXPRESS,Logixtal,5022,CERRADAS,Entregado,Entregado,TLV_NET_GANACLE,SIM,3 ago 2026,3 ago 2026,null,No,CERRADAS,2026-08-04 01:26:35,Monolínea,Mono_item,Arequipa,null
Yanahuara,Netcall,1 ago 2026,13,902224197,9022241978040886429675,9271,Outbound,Portabilidad Postpago,EXPRESS,Logixtal,5022,CERRADAS,Entregado,Entregado,NET_DFRANCIAH,SIM,1 ago 2026,1 ago 2026,02/08/2026,Sí,CERRADAS,2026-08-02 00:27:29,Monolínea,Mono_item,Arequipa,39.95
Yanahuara,Netcall,1 ago 2026,17,902300275,902300275,9283,Outbound,Portabilidad Postpago,PROGRAMADO,Logixtal,5022,CERRADAS,Entregado,Entregado,NET_MORIHUELAQ,SIM,3 ago 2026,3 ago 2026,null,No,CERRADAS,2026-08-04 00:18:48,Multilínea,Mono_item,Arequipa,null
Yanahuara,Netcall,1 ago 2026,17,902299124,9022991248041661205223,9283,Outbound,Portabilidad Postpago,PROGRAMADO,Logixtal,5022,CERRADAS,Entregado,Entregado,NET_MORIHUELAQ,SIM,3 ago 2026,3 ago 2026,null,No,CERRADAS,2026-08-04 01:35:57,Multilínea,Mono_item,Arequipa,null
Wanchaq,Netcall,1 ago 2026,8,902129900,9021299008040067037805,9283,Outbound,Portabilidad Postpago,EXPRESS,Logixtal,9343,CERRADAS,Entregado,Entregado,NET_ECARRETEROH,SIM,1 ago 2026,1 ago 2026,02/08/2026,Sí,CERRADAS,2026-08-02 01:00:46,Multilínea,Mono_item,Cusco,19.95
Wanchaq,Netcall,3 ago 2026,15,902900846,9029008468047208138522,9283,Outbound,Portabilidad Postpago,EXPRESS,Logixtal,9343,ABIERTAS,Pendiente Entrega,Pendiente Entrega,NET_SSALAZARV,SIM,3 ago 2026,null,null,No,ABIERTAS,null,Monolínea,Mono_item,Cusco,null
Wanchaq,Netcall,1 ago 2026,8,902128399,9021283998040059504400,9283,Outbound,Portabilidad Postpago,EXPRESS,Logixtal,9343,CERRADAS,Entregado,Entregado,NET_ECARRETEROH,SIM,1 ago 2026,1 ago 2026,02/08/2026,Sí,CERRADAS,2026-08-02 01:49:36,Multilínea,Mono_item,Cusco,39.95
Wanchaq,Netcall,3 ago 2026,11,902832694,9028326948046534530632,9271,Outbound,Portabilidad Postpago,EXPRESS,Logixtal,9343,ABIERTAS,Pendiente Entrega,Pendiente Entrega,NET_CMDELACRUZV,SIM,3 ago 2026,null,null,No,ABIERTAS,null,Monolínea,Mono_item,Cusco,null
Wanchaq,Netcall,1 ago 2026,8,902126604,9021266048040046111586,9283,Outbound,Portabilidad Postpago,EXPRESS,Logixtal,9343,CERRADAS,Entregado,Entregado,NET_ECARRETEROH,SIM,1 ago 2026,1 ago 2026,02/08/2026,Sí,CERRADAS,2026-08-02 01:55:07,Multilínea,Mono_item,Cusco,19.95
Wanchaq,Netcall,1 ago 2026,10,902170544,9021705448040367794459,9283,Outbound,Venta Regular / Alta,EXPRESS,Logixtal,9343,CERRADAS,Entregado,Entregado,TLV_NET_LSANCHA,SIM,1 ago 2026,1 ago 2026,01/08/2026,Sí,CERRADAS,2026-08-01 14:22:19,Multilínea,Mono_item,Cusco,39.95
Wanchaq,Netcall,1 ago 2026,10,902171520,9021715208040379753983,9283,Outbound,Portabilidad Postpago,EXPRESS,Logixtal,9343,CERRADAS,Entregado,Entregado,TLV_NET_LSANCHA,SIM,1 ago 2026,1 ago 2026,02/08/2026,Sí,CERRADAS,2026-08-02 01:32:28,Multilínea,Mono_item,Cusco,29.91303
Wanchaq,Netcall,1 ago 2026,9,902162250,9021622508040296386388,9283,Outbound,Portabilidad Postpago,EXPRESS,Logixtal,9343,CANCELADAS,Anulado,CLIENTE DESISTE - CONTRAOFERTA,NET_PSANCHEZE,SIM,1 ago 2026,null,null,No,CANCELADAS,2026-08-03 16:23:30,Monolínea,Mono_item,Cusco,null
Wanchaq,Netcall,3 ago 2026,15,902913600,9029136008047338028321,9283,Outbound,Portabilidad Postpago,EXPRESS,Logixtal,9343,CANCELADAS,Anulado,CLIENTE DESISTE - INFORMACIÓN INCORRECTA,NET_JCALDASB,SIM,3 ago 2026,null,null,No,CANCELADAS,2026-08-03 17:14:51,Monolínea,Mono_item,Cusco,null
Viru,Netcall,3 ago 2026,19,902994611,9029946118048136923428,9271,Outbound,Portabilidad Postpago,RETIRO EN TIENDA,Retiro en tienda,7206,CERRADAS,Entregado,Entregado,NET_SVELASQUEZL,SIM,3 ago 2026,3 ago 2026,null,No,CERRADAS,2026-08-04 01:05:05,Monolínea,Mono_item,La Libertad,null
Viru,Netcall,1 ago 2026,9,902151813,9021518138040193724832,9283,Outbound,Portabilidad Postpago,RETIRO EN TIENDA,Retiro en tienda,7206,ABIERTAS,Pendiente Entrega,Pendiente Entrega,TLV_NET_GANACLE,SIM,1 ago 2026,null,null,No,ABIERTAS,null,Monolínea,Mono_item,La Libertad,null
Viru,Netcall,3 ago 2026,13,902873646,9028736468046928452989,9283,Outbound,Portabilidad Postpago,RETIRO EN TIENDA,Retiro en tienda,7206,CANCELADAS,Cancelado,Cancelado,NET_AESCARATEP,SIM,3 ago 2026,null,null,No,CANCELADAS,2026-08-03 16:59:48,Monolínea,Mono_item,La Libertad,null
Viru,Netcall,1 ago 2026,12,902222987,9022229878040877838995,9283,Outbound,Portabilidad Postpago,RETIRO EN TIENDA,Retiro en tienda,7206,CERRADAS,Entregado,Entregado,NET_LTAMAYOD,SIM,1 ago 2026,1 ago 2026,02/08/2026,Sí,CERRADAS,2026-08-02 00:28:38,Monolínea,Mono_item,La Libertad,34.95
Viru,Netcall,3 ago 2026,21,903059194,9030591948048667138909,9283,Outbound,Portabilidad Postpago,RETIRO EN TIENDA,Retiro en tienda,7206,ABIERTAS,Pendiente Entrega,Pendiente Entrega,NET_SLAZOB,SIM,4 ago 2026,null,null,No,ABIERTAS,null,Monolínea,Mono_item,La Libertad,null
Villa Maria Del Triunfo,Netcall,3 ago 2026,16,902934981,9029349818047537551448,9283,Outbound,Portabilidad Postpago,PROGRAMADO,Logixtal,9342,ABIERTAS,Pendiente Entrega,Pendiente de Picking,NET_MLAZAROR,SIM,5 ago 2026,null,null,No,ABIERTAS,null,Monolínea,Mono_item,Lima - Callao,null
Villa Maria Del Triunfo,Netcall,3 ago 2026,15,902904461,9029044618047246544784,9283,Outbound,Portabilidad Postpago,EXPRESS,Logixtal,9342,CERRADAS,Entregado,Entregado,TLV_NET_JSILVAT,SIM,3 ago 2026,3 ago 2026,null,No,CERRADAS,2026-08-04 01:49:00,Multilínea,Mono_item,Lima - Callao,null
Villa Maria Del Triunfo,Netcall,3 ago 2026,12,902839086,9028390868046594214198,9283,Outbound,Portabilidad Postpago,PROGRAMADO,Logixtal,9342,ABIERTAS,Pendiente Entrega,Pendiente Entrega,NET_MTELLOG,SIM,4 ago 2026,null,null,No,ABIERTAS,null,Monolínea,Mono_item,Lima - Callao,null
Villa Maria Del Triunfo,Netcall,3 ago 2026,16,902919490,9029194908047389272079,9271,Outbound,Portabilidad Postpago,EXPRESS,Logixtal,9342,ABIERTAS,Pendiente Entrega,Pendiente Entrega,NET_EPARDOG,SIM,3 ago 2026,null,null,No,ABIERTAS,null,Monolínea,Mono_item,Lima - Callao,null
Villa Maria Del Triunfo,Netcall,3 ago 2026,18,902965731,9029657318047839002277,9283,Outbound,Portabilidad Postpago,PROGRAMADO,Logixtal,9342,ABIERTAS,Pendiente Entrega,Pendiente Entrega,NET_LBAUTISTAS,SIM,4 ago 2026,null,null,No,ABIERTAS,null,Multilínea,Mono_item,Lima - Callao,null
Villa Maria Del Triunfo,Netcall,1 ago 2026,16,902276530,9022765308041432421352,9283,Outbound,Portabilidad Postpago,PROGRAMADO,Logixtal,9342,CERRADAS,Entregado,Entregado,NET_JTORRESQ,SIM,2 ago 2026,2 ago 2026,03/08/2026,Sí,CERRADAS,2026-08-03 01:29:10,Multilínea,Multi_item,Lima - Callao,19.95
Villa Maria Del Triunfo,Netcall,1 ago 2026,17,902292576,9022925768041593703847,9283,Outbound,Portabilidad Postpago,EXPRESS,Logixtal,9342,CERRADAS,Entregado,Entregado,TLV_NET_DBARTET,SIM,1 ago 2026,1 ago 2026,02/08/2026,Sí,CERRADAS,2026-08-02 07:15:02,Monolínea,Mono_item,Lima - Callao,39.95
Villa Maria Del Triunfo,Netcall,3 ago 2026,18,902975951,9029759518047943596197,9283,Outbound,Portabilidad Postpago,PROGRAMADO,Logixtal,9342,ABIERTAS,Pendiente Entrega,Pendiente Entrega,TLV_NET_YQUITOV,SIM,4 ago 2026,null,null,No,ABIERTAS,null,Monolínea,Mono_item,Lima - Callao,null
Villa Maria Del Triunfo,Netcall,1 ago 2026,12,902219788,9022197888040845784992,9283,Outbound,Portabilidad Postpago,EXPRESS,Logixtal,9342,CERRADAS,Entregado,Entregado,NET_RCASTANEDAR,SIM,1 ago 2026,1 ago 2026,02/08/2026,Sí,CERRADAS,2026-08-02 00:46:37,Monolínea,Mono_item,Lima - Callao,34.95
Villa Maria Del Triunfo,Netcall,1 ago 2026,16,902276530,9022765308041432421571,9283,Outbound,Portabilidad Postpago,PROGRAMADO,Logixtal,9342,CERRADAS,Entregado,Entregado,NET_JTORRESQ,SIM,2 ago 2026,2 ago 2026,03/08/2026,Sí,CERRADAS,2026-08-03 01:29:10,Multilínea,Multi_item,Lima - Callao,39.95
Villa Maria Del Triunfo,Netcall,3 ago 2026,18,902966164,9029661648047850023560,9283,Outbound,Portabilidad Postpago,PROGRAMADO,Logixtal,9342,ABIERTAS,Pendiente Entrega,Pendiente Entrega,NET_AAYAURIO,SIM,4 ago 2026,null,null,No,ABIERTAS,null,Monolínea,Mono_item,Lima - Callao,null
Villa Maria Del Triunfo,Netcall,1 ago 2026,13,902228524,9022285248040931141236,9271,Outbound,Portabilidad Postpago,EXPRESS,Logixtal,9342,CERRADAS,Entregado,Entregado,NET_CMENESESV,SIM,1 ago 2026,1 ago 2026,02/08/2026,Sí,CERRADAS,2026-08-02 01:38:06,Monolínea,Mono_item,Lima - Callao,29.95
Villa Maria Del Triunfo,Netcall,1 ago 2026,6,902087982,9020879828039836537637,9283,Outbound,Portabilidad Postpago,EXPRESS,Logixtal,9342,CERRADAS,Entregado,Entregado,TLV_NET_CACEVED,SIM,1 ago 2026,1 ago 2026,02/08/2026,Sí,CERRADAS,2026-08-02 01:22:42,Monolínea,Mono_item,Lima - Callao,34.95
Villa Maria Del Triunfo,Netcall,3 ago 2026,15,902900976,9029009768047203667849,9271,Outbound,Portabilidad Postpago,EXPRESS,Logixtal,9342,ABIERTAS,Pendiente Entrega,Pendiente Entrega,NET_GGARCIAS,SIM,3 ago 2026,null,null,No,ABIERTAS,null,Monolínea,Mono_item,Lima - Callao,null
Villa Maria Del Triunfo,Netcall,3 ago 2026,12,902853430,9028534308046738983257,9283,Outbound,Portabilidad Postpago,PROGRAMADO,Logixtal,9342,ABIERTAS,Pendiente Entrega,Pendiente Entrega,NET_ABARRERAY,SIM,4 ago 2026,null,null,No,ABIERTAS,null,Monolínea,Mono_item,Lima - Callao,null
Villa Maria Del Triunfo,Netcall,2 ago 2026,7,902405105,9024051058043181202869,9283,Outbound,Portabilidad Postpago,EXPRESS,Logixtal,9342,CERRADAS,Entregado,Entregado,NET_EBOZA,SIM,2 ago 2026,2 ago 2026,03/08/2026,Sí,CERRADAS,2026-08-03 00:28:34,Monolínea,Mono_item,Lima - Callao,39.95
Villa Maria Del Triunfo,Netcall,3 ago 2026,17,902946232,9029462328047644084519,9271,Outbound,Portabilidad Postpago,EXPRESS,Logixtal,9342,CANCELADAS,Anulado,DIRECCIÓN ERRADA,NET_JVILLANUEVL,SIM,3 ago 2026,null,null,No,CANCELADAS,2026-08-03 19:24:26,Multilínea,Multi_item,Lima - Callao,null
Villa Maria Del Triunfo,Netcall,1 ago 2026,17,902291167,9022911678041578533211,9271,Outbound,Portabilidad Postpago,EXPRESS,Logixtal,9342,CERRADAS,Entregado,Entregado,NET_FCASTILLOG,SIM,1 ago 2026,1 ago 2026,02/08/2026,Sí,CERRADAS,2026-08-02 01:42:11,Monolínea,Mono_item,Lima - Callao,34.95
Villa Maria Del Triunfo,Netcall,1 ago 2026,9,902150675,9021506758040200157304,9283,Outbound,Portabilidad Postpago,EXPRESS,Logixtal,9342,CERRADAS,Entregado,Entregado,NET_YRAMOSA,SIM,1 ago 2026,1 ago 2026,02/08/2026,Sí,CERRADAS,2026-08-02 01:19:32,Monolínea,Mono_item,Lima - Callao,29.91303
Villa Maria Del Triunfo,Netcall,1 ago 2026,11,902191195,9021911958040569492967,9283,Outbound,Portabilidad Prepago,EXPRESS,Logixtal,9342,CERRADAS,Entregado,Entregado,TLV_NET_MFARFAN,SIM,1 ago 2026,1 ago 2026,02/08/2026,Sí,CERRADAS,2026-08-02 02:03:37,Multilínea,Mono_item,Lima - Callao,19.95
Villa Maria Del Triunfo,Netcall,1 ago 2026,16,902276530,9022765308041432421133,9283,Outbound,Portabilidad Postpago,PROGRAMADO,Logixtal,9342,CERRADAS,Entregado,Entregado,NET_JTORRESQ,SIM,2 ago 2026,2 ago 2026,03/08/2026,Sí,CERRADAS,2026-08-03 01:29:10,Multilínea,Multi_item,Lima - Callao,19.95
Villa Maria Del Triunfo,Netcall,3 ago 2026,16,902923380,9029233808047430546668,9283,Outbound,Portabilidad Postpago,PROGRAMADO,Logixtal,9342,ABIERTAS,Pendiente Entrega,Pendiente Entrega,TLV_NET_MFARFAN,SIM,4 ago 2026,null,null,No,ABIERTAS,null,Monolínea,Mono_item,Lima - Callao,null
Villa Maria Del Triunfo,Netcall,3 ago 2026,15,902905947,9029059478047265254268,9283,Outbound,Portabilidad Postpago,EXPRESS,Logixtal,9342,CERRADAS,Entregado,Entregado,TLV_NET_JSILVAT,SIM,3 ago 2026,3 ago 2026,null,No,CERRADAS,2026-08-04 00:52:33,Multilínea,Mono_item,Lima - Callao,null
Villa Maria Del Triunfo,Netcall,3 ago 2026,17,902951611,9029516118047706488669,9283,Outbound,Venta Regular / Alta,EXPRESS,Logixtal,9342,ABIERTAS,Pendiente Entrega,Pendiente Entrega,NET_MMREVILLA,SIM,3 ago 2026,null,null,No,ABIERTAS,null,Monolínea,Mono_item,Lima - Callao,null
Villa Maria Del Triunfo,Netcall,3 ago 2026,18,902967244,9029672448047860578112,9283,Outbound,Portabilidad Postpago,PROGRAMADO,Logixtal,9342,ABIERTAS,Pendiente Entrega,Pendiente Entrega,NET_LBAUTISTAS,SIM,4 ago 2026,null,null,No,ABIERTAS,null,Multilínea,Mono_item,Lima - Callao,null
Villa Maria Del Triunfo,Netcall,1 ago 2026,17,902303069,9023030698041704942862,9271,Outbound,Portabilidad Postpago,EXPRESS,Logixtal,9342,CANCELADAS,Anulado,PUNTO DE ENCUENTRO NO CONTACTADO,NET_MRIOSV,SIM,1 ago 2026,null,null,No,CANCELADAS,2026-08-03 14:01:49,Monolínea,Mono_item,Lima - Callao,null
Villa Maria Del Triunfo,Netcall,1 ago 2026,9,902159593,9021595938040272370372,9271,Outbound,Portabilidad Postpago,EXPRESS,Logixtal,9342,CERRADAS,Entregado,Entregado,NET_RCEVERINOL,SIM,1 ago 2026,1 ago 2026,02/08/2026,Sí,CERRADAS,2026-08-02 01:01:35,Monolínea,Mono_item,Lima - Callao,29.95
Villa Maria Del Triunfo,Netcall,1 ago 2026,11,902189985,9021899858040559729677,9283,Outbound,Portabilidad Postpago,EXPRESS,Logixtal,9342,CERRADAS,Entregado,Entregado,TLV_NET_MFARFAN,SIM,1 ago 2026,1 ago 2026,02/08/2026,Sí,CERRADAS,2026-08-02 00:21:43,Multilínea,Mono_item,Lima - Callao,39.95
Villa Maria Del Triunfo,Netcall,3 ago 2026,15,902907151,9029071518047272412611,9283,Outbound,Portabilidad Postpago,EXPRESS,Logixtal,9342,CERRADAS,Entregado,Entregado,TLV_NET_JSILVAT,SIM,3 ago 2026,3 ago 2026,null,No,CERRADAS,2026-08-04 02:04:27,Multilínea,Mono_item,Lima - Callao,null
Villa Maria Del Triunfo,Netcall,3 ago 2026,17,902946232,9029462328047644084738,9271,Outbound,Portabilidad Postpago,EXPRESS,Logixtal,9342,CANCELADAS,Anulado,DIRECCIÓN ERRADA,NET_JVILLANUEVL,SIM,3 ago 2026,null,null,No,CANCELADAS,2026-08-03 19:24:26,Multilínea,Multi_item,Lima - Callao,null
Villa Maria Del Triunfo,Netcall,3 ago 2026,10,902796058,9027960588046203951390,9283,Outbound,Portabilidad Postpago,EXPRESS,Logixtal,9342,CERRADAS,Entregado,Entregado,NET_JIYASHAMAR,SIM,3 ago 2026,3 ago 2026,null,No,CERRADAS,2026-08-04 01:19:50,Monolínea,Mono_item,Lima - Callao,null
Villa Maria Del Triunfo,Netcall,3 ago 2026,15,902901553,902901553,9283,Outbound,Portabilidad Postpago,EXPRESS,Logixtal,9342,CERRADAS,Entregado,Entregado,TLV_NET_JSILVAT,SIM,3 ago 2026,3 ago 2026,null,No,CERRADAS,2026-08-04 00:16:32,Multilínea,Mono_item,Lima - Callao,null
Villa Maria Del Triunfo,Netcall,4 ago 2026,7,903193888,90319388889511710111067950663,9283,Outbound,Portabilidad Postpago,EXPRESS,Logixtal,9342,ABIERTAS,Pendiente Entrega,Pendiente Entrega,NET_JIYASHAMAR,SIM,4 ago 2026,null,null,No,ABIERTAS,null,Multilínea,Mono_item,Lima - Callao,null
Villa Maria Del Triunfo,Netcall,1 ago 2026,13,902240021,9022400218041042705007,9283,Outbound,Portabilidad Postpago,EXPRESS,Logixtal,9342,CERRADAS,Entregado,Entregado,NET_LCALDERONC,SIM,1 ago 2026,1 ago 2026,02/08/2026,Sí,CERRADAS,2026-08-02 00:46:02,Multilínea,Mono_item,Lima - Callao,39.95
Villa Maria Del Triunfo,Netcall,3 ago 2026,15,902903169,9029031698047232750432,9283,Outbound,Portabilidad Postpago,EXPRESS,Logixtal,9342,CANCELADAS,Anulado,CLIENTE YA NO DESEA PRODUCTO,TLV_NET_JSILVAT,SIM,3 ago 2026,null,null,No,CANCELADAS,2026-08-03 17:55:47,Multilínea,Mono_item,Lima - Callao,null
Villa Maria Del Triunfo,Netcall,3 ago 2026,14,902882677,9028826778047019593682,9271,Outbound,Portabilidad Postpago,EXPRESS,Logixtal,9342,CANCELADAS,Anulado,SIN DOCUMENTO DE IDENTIDAD / PERDIDA,NET_GDJULCAT,SIM,3 ago 2026,null,null,No,CANCELADAS,2026-08-03 15:51:28,Monolínea,Mono_item,Lima - Callao,null
Villa Maria Del Triunfo,Netcall,3 ago 2026,11,902824501,9028245018046449751453,9283,Outbound,Portabilidad Postpago,PROGRAMADO,Logixtal,9342,ABIERTAS,Pendiente Entrega,Pendiente Entrega,NET_YCHAVEZ,SIM,4 ago 2026,null,null,No,ABIERTAS,null,Monolínea,Mono_item,Lima - Callao,null
Villa El Salvador,Netcall,1 ago 2026,15,902258266,9022582668041236056755,9283,Outbound,Portabilidad Postpago,EXPRESS,Logixtal,9342,CERRADAS,Entregado,Entregado,TLV_NET_FVALQUI,SIM,1 ago 2026,1 ago 2026,02/08/2026,Sí,CERRADAS,2026-08-02 00:19:41,Monolínea,Mono_item,Lima - Callao,34.95
Villa El Salvador,Netcall,1 ago 2026,16,902283768,9022837688041512515863,9283,Outbound,Venta Regular / Alta,EXPRESS,Logixtal,9342,CANCELADAS,Anulado,CLIENTE YA NO DESEA PRODUCTO,NET_LFIESTASG,SIM,1 ago 2026,null,null,No,CANCELADAS,2026-08-01 19:15:49,Multilínea,Mono_item,Lima - Callao,null
Villa El Salvador,Netcall,3 ago 2026,18,902975316,9029753168047945762459,9283,Outbound,Portabilidad Postpago,EXPRESS,Logixtal,9342,ABIERTAS,Pendiente Entrega,Pendiente Entrega,NET_AYZAGUIRREH,SIM,3 ago 2026,null,null,No,ABIERTAS,null,Multilínea,Mono_item,Lima - Callao,null
Villa El Salvador,Netcall,2 ago 2026,13,902534838,9025348388044004076216,9283,Outbound,Venta Regular / Alta,EXPRESS,Logixtal,9342,CERRADAS,Entregado,Entregado,NET_LFIESTASG,SIM,2 ago 2026,2 ago 2026,02/08/2026,Sí,CERRADAS,2026-08-02 15:04:49,Multilínea,Mono_item,Lima - Callao,19.95
Villa El Salvador,Netcall,1 ago 2026,11,902190314,9021903148040556187917,9283,Outbound,Portabilidad Postpago,EXPRESS,Logixtal,9342,CERRADAS,Entregado,Entregado,NET_ACREGALADO,SIM,1 ago 2026,1 ago 2026,02/08/2026,Sí,CERRADAS,2026-08-02 01:03:27,Monolínea,Mono_item,Lima - Callao,29.95
Villa El Salvador,Netcall,1 ago 2026,11,902182567,9021825678040494442550,9289,Outbound,Portabilidad Postpago,EXPRESS,Logixtal,9342,CERRADAS,Entregado,Entregado,TLV_NET_VCHNGO,SIM,1 ago 2026,1 ago 2026,02/08/2026,Sí,CERRADAS,2026-08-02 02:22:15,Monolínea,Mono_item,Lima - Callao,34.95
Villa El Salvador,Netcall,2 ago 2026,7,902407245,9024072458043189844227,9283,Outbound,Portabilidad Postpago,EXPRESS,Logixtal,9342,CERRADAS,Entregado,Entregado,NET_LFIESTASG,SIM,2 ago 2026,2 ago 2026,03/08/2026,Sí,CERRADAS,2026-08-03 01:08:07,Multilínea,Mono_item,Lima - Callao,19.95
Villa El Salvador,Netcall,3 ago 2026,14,902887738,9028877388047069743789,9283,Outbound,Portabilidad Postpago,EXPRESS,Logixtal,9342,CERRADAS,Entregado,Entregado,NET_EZAPATAC,SIM,3 ago 2026,3 ago 2026,null,No,CERRADAS,2026-08-04 01:04:41,Monolínea,Mono_item,Lima - Callao,null
Villa El Salvador,Netcall,3 ago 2026,10,902797072,9027970728046208594229,9283,Outbound,Portabilidad Postpago,PROGRAMADO,Logixtal,9342,ABIERTAS,Pendiente Entrega,Pendiente Entrega,NET_AROJASF,SIM,4 ago 2026,null,null,No,ABIERTAS,null,Monolínea,Mono_item,Lima - Callao,null
Villa El Salvador,Netcall,3 ago 2026,16,902919518,9029195188047396483085,9283,Outbound,Portabilidad Postpago,EXPRESS,Logixtal,9342,ABIERTAS,Entregado,Entregado,NET_LMUSAYONS,SIM,3 ago 2026,3 ago 2026,null,No,ABIERTAS,null,Multilínea,Multi_item,Lima - Callao,null
Villa El Salvador,Netcall,1 ago 2026,10,902167307,9021673078040344377592,9283,Outbound,Portabilidad Postpago,EXPRESS,Logixtal,9342,CERRADAS,Entregado,Entregado,NET_EZAPATAC,SIM,1 ago 2026,1 ago 2026,02/08/2026,Sí,CERRADAS,2026-08-02 01:01:50,Multilínea,Multi_item,Lima - Callao,19.95
Villa El Salvador,Netcall,1 ago 2026,7,902103719,9021037198039917112754,9283,Outbound,Portabilidad Postpago,EXPRESS,Logixtal,9342,CERRADAS,Entregado,Entregado,NET_GFLORESS,SIM,1 ago 2026,1 ago 2026,02/08/2026,Sí,CERRADAS,2026-08-02 01:18:33,Multilínea,Mono_item,Lima - Callao,19.95
Villa El Salvador,Netcall,2 ago 2026,7,902411350,9024113508043210168266,9283,Outbound,Portabilidad Postpago,EXPRESS,Logixtal,9342,CERRADAS,Entregado,Entregado,NET_LFIESTASG,SIM,2 ago 2026,2 ago 2026,03/08/2026,Sí,CERRADAS,2026-08-03 01:12:21,Multilínea,Mono_item,Lima - Callao,19.95
Villa El Salvador,Netcall,3 ago 2026,12,902855825,9028558258046758324502,9283,Outbound,Portabilidad Postpago,EXPRESS,Logixtal,9342,CERRADAS,Entregado,Entregado,TLV_NET_DCASTIA,SIM,3 ago 2026,3 ago 2026,null,No,CERRADAS,2026-08-04 03:12:39,Monolínea,Mono_item,Lima - Callao,null
Villa El Salvador,Netcall,1 ago 2026,16,902287111,9022871118041545976145,9283,Outbound,Portabilidad Postpago,EXPRESS,Logixtal,9342,CANCELADAS,Anulado,CLIENTE YA NO DESEA PRODUCTO,NET_LFIESTASG,SIM,1 ago 2026,null,null,No,CANCELADAS,2026-08-01 19:14:48,Multilínea,Mono_item,Lima - Callao,null
Villa El Salvador,Netcall,2 ago 2026,2,902401398,9024013988043121584801,9283,Outbound,Portabilidad Postpago,EXPRESS,Logixtal,9342,CERRADAS,Entregado,Entregado,NET_LFIESTASG,SIM,2 ago 2026,2 ago 2026,03/08/2026,Sí,CERRADAS,2026-08-03 00:06:05,Multilínea,Mono_item,Lima - Callao,19.95
Villa El Salvador,Netcall,3 ago 2026,18,902960941,9029609418047796943045,9271,Outbound,Portabilidad Postpago,PROGRAMADO,Logixtal,9342,ABIERTAS,Pendiente Entrega,Pendiente Entrega,NET_MVASQUEZV,SIM,4 ago 2026,null,null,No,ABIERTAS,null,Monolínea,Mono_item,Lima - Callao,null
Villa El Salvador,Netcall,1 ago 2026,7,902105520,9021055208039931766091,9283,Outbound,Portabilidad Postpago,EXPRESS,Logixtal,9342,CERRADAS,Entregado,Entregado,NET_GFLORESS,SIM,1 ago 2026,1 ago 2026,02/08/2026,Sí,CERRADAS,2026-08-02 01:24:50,Multilínea,Mono_item,Lima - Callao,39.95
Villa El Salvador,Netcall,3 ago 2026,18,902973000,9029730008047921608257,9283,Outbound,Portabilidad Postpago,EXPRESS,Logixtal,9342,ABIERTAS,Pendiente Entrega,Pendiente Entrega,NET_AYZAGUIRREH,SIM,3 ago 2026,null,null,No,ABIERTAS,null,Multilínea,Mono_item,Lima - Callao,null
Villa El Salvador,Netcall,3 ago 2026,18,902981075,9029810758047999782217,9283,Outbound,Portabilidad Postpago,EXPRESS,Logixtal,9342,ABIERTAS,Pendiente Entrega,Pendiente Entrega,NET_SDIAZO,SIM,3 ago 2026,null,null,No,ABIERTAS,null,Monolínea,Mono_item,Lima - Callao,null
Villa El Salvador,Netcall,3 ago 2026,12,902855964,9028559648046758766811,9283,Outbound,Portabilidad Postpago,EXPRESS,Logixtal,9342,CERRADAS,Entregado,Entregado,NET_YUCEDAB,SIM,3 ago 2026,3 ago 2026,null,No,CERRADAS,2026-08-04 01:49:06,Multilínea,Mono_item,Lima - Callao,null
Villa El Salvador,Netcall,2 ago 2026,13,902534009,9025340098044000348546,9283,Outbound,Venta Regular / Alta,EXPRESS,Logixtal,9342,CERRADAS,Entregado,Entregado,NET_LFIESTASG,SIM,2 ago 2026,2 ago 2026,02/08/2026,Sí,CERRADAS,2026-08-02 15:05:04,Multilínea,Mono_item,Lima - Callao,39.95
Villa El Salvador,Netcall,3 ago 2026,12,902858651,9028586518046783803475,9283,Outbound,Portabilidad Postpago,EXPRESS,Logixtal,9342,CERRADAS,Entregado,Entregado,NET_YUCEDAB,SIM,3 ago 2026,3 ago 2026,null,No,CERRADAS,2026-08-04 01:44:09,Multilínea,Mono_item,Lima - Callao,null
Villa El Salvador,Netcall,1 ago 2026,10,902167307,9021673078040344377365,9283,Outbound,Portabilidad Postpago,EXPRESS,Logixtal,9342,CERRADAS,Entregado,Entregado,NET_EZAPATAC,SIM,1 ago 2026,1 ago 2026,02/08/2026,Sí,CERRADAS,2026-08-02 01:01:50,Multilínea,Multi_item,Lima - Callao,39.95
Villa El Salvador,Netcall,3 ago 2026,16,902919518,9029195188047400823866,9283,Outbound,Portabilidad Postpago,EXPRESS,Logixtal,9342,ABIERTAS,Entregado,Entregado,NET_LMUSAYONS,SIM,3 ago 2026,3 ago 2026,null,No,ABIERTAS,null,Multilínea,Multi_item,Lima - Callao,null
Villa El Salvador,Netcall,1 ago 2026,10,902168609,9021686098040350000359,9271,Outbound,Portabilidad Postpago,EXPRESS,Logixtal,9342,CERRADAS,Entregado,Entregado,NET_HJUNCOT,SIM,1 ago 2026,1 ago 2026,02/08/2026,Sí,CERRADAS,2026-08-02 00:32:01,Monolínea,Mono_item,Lima - Callao,39.95
Villa El Salvador,Netcall,3 ago 2026,14,902884105,902884105,9283,Outbound,Portabilidad Postpago,EXPRESS,Logixtal,9342,CERRADAS,Entregado,Entregado,TLV_NET_LMONTED,SIM,3 ago 2026,3 ago 2026,null,No,CERRADAS,2026-08-04 00:24:20,Monolínea,Mono_item,Lima - Callao,null
Villa El Salvador,Netcall,1 ago 2026,10,902173285,9021732858040393586371,9283,Outbound,Venta Regular / Alta,PROGRAMADO,Logixtal,9342,CERRADAS,Entregado,Entregado,TLV_NET_KCHAVEZ,SIM,2 ago 2026,2 ago 2026,02/08/2026,Sí,CERRADAS,2026-08-02 11:57:33,Monolínea,Mono_item,Lima - Callao,29.91303
Villa El Salvador,Netcall,3 ago 2026,15,902905253,9029052538047253514794,9271,Outbound,Portabilidad Postpago,EXPRESS,Logixtal,9342,CERRADAS,Entregado,Entregado,NET_BATOP,SIM,3 ago 2026,3 ago 2026,null,No,CERRADAS,2026-08-04 02:01:21,Monolínea,Mono_item,Lima - Callao,null
Villa El Salvador,Netcall,1 ago 2026,17,902292994,9022929948041603272045,9283,Outbound,Portabilidad Postpago,EXPRESS,Logixtal,9342,CANCELADAS,Anulado,CLIENTE YA NO DESEA PRODUCTO,NET_LFIESTASG,SIM,1 ago 2026,null,null,No,CANCELADAS,2026-08-01 19:16:49,Monolínea,Mono_item,Lima - Callao,null
Villa El Salvador,Netcall,3 ago 2026,12,902847702,9028477028046681544310,9271,Outbound,Venta Regular / Alta,PROGRAMADO,Logixtal,9342,ABIERTAS,Pendiente Entrega,Pendiente Entrega,NET_FCARRIONM,SIM,4 ago 2026,null,null,No,ABIERTAS,null,Monolínea,Mono_item,Lima - Callao,null
Villa El Salvador,Netcall,3 ago 2026,13,902869282,902869282,9283,Outbound,Portabilidad Postpago,EXPRESS,Logixtal,9342,CERRADAS,Entregado,Entregado,TLV_NET_GJQUISP,SIM,3 ago 2026,3 ago 2026,null,No,CERRADAS,2026-08-04 00:12:09,Monolínea,Mono_item,Lima - Callao,null
Villa El Salvador,Netcall,1 ago 2026,17,902290365,9022903658041574074092,9283,Outbound,Portabilidad Postpago,EXPRESS,Logixtal,9342,CANCELADAS,Anulado,CLIENTE YA NO DESEA PRODUCTO,NET_LFIESTASG,SIM,1 ago 2026,null,null,No,CANCELADAS,2026-08-01 19:14:54,Multilínea,Mono_item,Lima - Callao,null
Victor Larco Herrera,Netcall,3 ago 2026,14,902882685,9028826858047016651417,9283,Outbound,Portabilidad Postpago,EXPRESS,Logixtal,5023,CERRADAS,Entregado,Entregado,NET_MFERRER,SIM,3 ago 2026,3 ago 2026,null,No,CERRADAS,2026-08-04 01:56:55,Multilínea,Mono_item,La Libertad,null
Victor Larco Herrera,Netcall,3 ago 2026,12,902847361,9028473618046685773071,9283,Outbound,Portabilidad Postpago,PROGRAMADO,Logixtal,5023,ABIERTAS,Pendiente Entrega,Pendiente Entrega,NET_MASANCHEZC,SIM,4 ago 2026,null,null,No,ABIERTAS,null,Monolínea,Mono_item,La Libertad,null
Victor Larco Herrera,Netcall,3 ago 2026,13,902872227,902872227,9283,Outbound,Portabilidad Postpago,EXPRESS,Logixtal,5023,CERRADAS,Entregado,Entregado,NET_JRAMIREZQ,SIM,3 ago 2026,3 ago 2026,null,No,CERRADAS,2026-08-04 00:10:40,Monolínea,Mono_item,La Libertad,null
Victor Larco Herrera,Netcall,3 ago 2026,14,902881688,9028816888047009489473,9283,Outbound,Venta Regular / Alta,EXPRESS,Logixtal,5023,CERRADAS,Entregado,Entregado,NET_MFERRER,SIM,3 ago 2026,3 ago 2026,03/08/2026,Sí,CERRADAS,2026-08-03 16:02:57,Multilínea,Mono_item,La Libertad,29.91303
Victor Larco Herrera,Netcall,3 ago 2026,16,902922731,9029227318047422164692,9283,Outbound,Portabilidad Postpago,EXPRESS,Logixtal,5023,CERRADAS,Entregado,Entregado,TLV_NET_DVALOI,SIM,3 ago 2026,3 ago 2026,null,No,CERRADAS,2026-08-04 00:57:59,Monolínea,Mono_item,La Libertad,null
Victor Larco Herrera,Netcall,3 ago 2026,16,902920959,902920959,9283,Outbound,Portabilidad Postpago,EXPRESS,Logixtal,5023,CERRADAS,Entregado,Entregado,TLV_NET_DVALOI,SIM,3 ago 2026,3 ago 2026,null,No,CERRADAS,2026-08-04 00:39:24,Monolínea,Mono_item,La Libertad,null
Victor Larco Herrera,Netcall,3 ago 2026,14,902879981,9028799818046988306876,9283,Outbound,Venta Regular / Alta,EXPRESS,Logixtal,5023,CERRADAS,Entregado,Entregado,NET_MFERRER,SIM,3 ago 2026,3 ago 2026,03/08/2026,Sí,CERRADAS,2026-08-03 16:01:30,Multilínea,Mono_item,La Libertad,39.95
Ventanilla,Netcall,2 ago 2026,12,902526808,9025268088043934876497,9283,Outbound,Portabilidad Postpago,EXPRESS,Logixtal,9001,CANCELADAS,Anulado,DIRECCIÓN ERRADA,NET_GFLORESS,SIM,2 ago 2026,null,null,No,CANCELADAS,2026-08-02 13:32:15,Monolínea,Mono_item,Lima - Callao,null
Ventanilla,Netcall,1 ago 2026,14,902247806,9022478068041117633164,9283,Outbound,Portabilidad Postpago,EXPRESS,Logixtal,9001,CERRADAS,Entregado,Entregado,TLV_NET_CZEGARR,SIM,2 ago 2026,2 ago 2026,03/08/2026,Sí,CERRADAS,2026-08-03 01:37:17,Monolínea,Mono_item,Lima - Callao,29.95
Ventanilla,Netcall,1 ago 2026,18,902309727,9023097278041772195097,9283,Outbound,Portabilidad Postpago,PROGRAMADO,Logixtal,9001,ABIERTAS,Pendiente Entrega,Pendiente Entrega,NET_JVMORENO,SIM,3 ago 2026,null,null,No,ABIERTAS,null,Multilínea,Multi_item,Lima - Callao,null
Ventanilla,Netcall,2 ago 2026,17,902583274,902583274,9283,Outbound,Portabilidad Postpago,PROGRAMADO,Logixtal,9001,CERRADAS,Entregado,Entregado,NET_LFLORESY,SIM,3 ago 2026,3 ago 2026,null,No,CERRADAS,2026-08-04 00:32:29,Monolínea,Mono_item,Lima - Callao,null
Ventanilla,Netcall,2 ago 2026,8,902468904,9024689048043506773222,9283,Outbound,Portabilidad Postpago,EXPRESS,Logixtal,9001,CANCELADAS,Anulado,CLIENTE YA NO DESEA PRODUCTO,NET_VZEGARRAAGU,SIM,2 ago 2026,null,null,No,CANCELADAS,2026-08-02 13:17:24,Monolínea,Mono_item,Lima - Callao,null
Ventanilla,Netcall,1 ago 2026,18,902309727,9023097278041772192840,9283,Outbound,Portabilidad Postpago,PROGRAMADO,Logixtal,9001,ABIERTAS,Pendiente Entrega,Pendiente Entrega,NET_JVMORENO,SIM,3 ago 2026,null,null,No,ABIERTAS,null,Multilínea,Multi_item,Lima - Callao,null
Ventanilla,Netcall,3 ago 2026,11,902826465,9028264658046486035064,9289,Outbound,Portabilidad Postpago,EXPRESS,Logixtal,9001,CANCELADAS,Anulado,CLIENTE DESISTE - INFORMACIÓN INCORRECTA,NET_JCAMPOS,SIM,3 ago 2026,null,null,No,CANCELADAS,2026-08-03 12:44:54,Monolínea,Mono_item,Lima - Callao,null
Ventanilla,Netcall,3 ago 2026,18,902971453,9029714538047902439432,9283,Outbound,Portabilidad Postpago,PROGRAMADO,Logixtal,9001,ABIERTAS,Pendiente Entrega,Pendiente Entrega,NET_MFERRER,SIM,4 ago 2026,null,null,No,ABIERTAS,null,Monolínea,Mono_item,Lima - Callao,null
Ventanilla,Netcall,3 ago 2026,10,902793308,9027933088046184842288,9283,Outbound,Portabilidad Postpago,EXPRESS,Logixtal,9001,CERRADAS,Entregado,Entregado,NET_EBOZA,SIM,3 ago 2026,3 ago 2026,null,No,CERRADAS,2026-08-04 03:41:06,Monolínea,Mono_item,Lima - Callao,null
Ventanilla,Netcall,2 ago 2026,12,902521688,9025216888043895191292,9283,Outbound,Portabilidad Postpago,EXPRESS,Logixtal,9001,CERRADAS,Entregado,Entregado,TLV_NET_MLANDAR,SIM,2 ago 2026,2 ago 2026,03/08/2026,Sí,CERRADAS,2026-08-03 00:11:29,Monolínea,Mono_item,Lima - Callao,29.95
Ventanilla,Netcall,1 ago 2026,8,902149610,9021496108040180551192,9283,Outbound,Portabilidad Postpago,EXPRESS,Logixtal,9001,CANCELADAS,Anulado,DIRECCIÓN ERRADA,NET_JIYASHAMAR,SIM,1 ago 2026,null,null,No,CANCELADAS,2026-08-03 14:43:55,Monolínea,Mono_item,Lima - Callao,null
Ventanilla,Netcall,3 ago 2026,12,902858500,9028585008046786000559,9283,Outbound,Portabilidad Postpago,PROGRAMADO,Logixtal,9001,ABIERTAS,Pendiente Entrega,Pendiente Entrega,NET_SMENDOZAV,SIM,4 ago 2026,null,null,No,ABIERTAS,null,Monolínea,Mono_item,Lima - Callao,null
Ventanilla,Netcall,1 ago 2026,13,902240403,9022404038041050368309,9283,Outbound,Portabilidad Postpago,EXPRESS,Logixtal,9001,CANCELADAS,Anulado,POSIBLE FRAUDE,NET_YUCEDAB,SIM,1 ago 2026,null,null,No,CANCELADAS,2026-08-01 15:37:23,Monolínea,Mono_item,Lima - Callao,null
Ventanilla,Netcall,1 ago 2026,9,902151670,9021516708040197998809,9283,Outbound,Portabilidad Postpago,EXPRESS,Logixtal,9001,CERRADAS,Entregado,Entregado,NET_ALOAYZAG,SIM,1 ago 2026,1 ago 2026,02/08/2026,Sí,CERRADAS,2026-08-02 07:09:03,Monolínea,Mono_item,Lima - Callao,29.95
Veintiseis De Octubre,Netcall,3 ago 2026,13,902869539,9028695398046889020754,9283,Outbound,Portabilidad Postpago,EXPRESS,Logixtal,5021,CERRADAS,Entregado,Entregado,NET_JSANCHEZC,SIM,3 ago 2026,3 ago 2026,null,No,CERRADAS,2026-08-04 01:46:52,Monolínea,Mono_item,Piura,null
Veintiseis De Octubre,Netcall,3 ago 2026,13,902864585,902864585,9283,Outbound,Portabilidad Postpago,EXPRESS,Logixtal,5021,CERRADAS,Entregado,Entregado,NET_LROSALESA,SIM,3 ago 2026,3 ago 2026,null,No,CERRADAS,2026-08-04 00:15:14,Multilínea,Mono_item,Piura,null
Veintiseis De Octubre,Netcall,4 ago 2026,8,903197908,903197908Empty,9271,Outbound,Portabilidad Postpago,EXPRESS,Logixtal,5021,ABIERTAS,Pendiente Entrega,Pendiente Entrega,NET_KANGELESS,SIM,4 ago 2026,null,null,No,ABIERTAS,null,Monolínea,Mono_item,Piura,null
Veintiseis De Octubre,Netcall,1 ago 2026,15,902264427,9022644278041296572063,9271,Outbound,Portabilidad Postpago,EXPRESS,Logixtal,5021,CERRADAS,Entregado,Entregado,NET_CDIAZG,SIM,1 ago 2026,1 ago 2026,02/08/2026,Sí,CERRADAS,2026-08-02 01:56:36,Monolínea,Mono_item,Piura,19.95
Veintiseis De Octubre,Netcall,4 ago 2026,8,903196925,903196925Empty,9283,Outbound,Portabilidad Postpago,EXPRESS,Logixtal,5021,ABIERTAS,Pendiente Entrega,Pendiente Entrega,TLV_NET_MFERRER,SIM,4 ago 2026,null,null,No,ABIERTAS,null,Multilínea,Mono_item,Piura,null
Veintiseis De Octubre,Netcall,1 ago 2026,10,902180363,9021803638040466210095,9283,Outbound,Portabilidad Postpago,EXPRESS,Logixtal,5021,CERRADAS,Entregado,Entregado,NET_LCALDERONC,SIM,1 ago 2026,1 ago 2026,02/08/2026,Sí,CERRADAS,2026-08-02 01:52:20,Monolínea,Mono_item,Piura,34.95
Veintiseis De Octubre,Netcall,3 ago 2026,14,902884132,9028841328047034894623,9283,Outbound,Venta Regular / Alta,EXPRESS,Logixtal,5021,CERRADAS,Entregado,Entregado,NET_LROSALESA,SIM,3 ago 2026,3 ago 2026,03/08/2026,Sí,CERRADAS,2026-08-03 17:44:05,Multilínea,Mono_item,Piura,29.91303
Veintiseis De Octubre,Netcall,3 ago 2026,13,902863067,9028630678046831596619,9283,Outbound,Venta Regular / Alta,EXPRESS,Logixtal,5021,CERRADAS,Entregado,Entregado,NET_LROSALESA,SIM,3 ago 2026,3 ago 2026,03/08/2026,Sí,CERRADAS,2026-08-03 17:38:06,Multilínea,Mono_item,Piura,34.95
Veintiseis De Octubre,Netcall,3 ago 2026,14,902890051,9028900518047095127689,5299,Outbound,Portabilidad Postpago,EXPRESS,Logixtal,5021,CERRADAS,Entregado,Entregado,NET_LVIZCARRARO,SIM,3 ago 2026,3 ago 2026,null,No,CERRADAS,2026-08-04 01:53:54,Monolínea,Mono_item,Piura,null
Utcubamba,Netcall,3 ago 2026,10,902806289,902806289,9283,Outbound,Portabilidad Postpago,RETIRO EN TIENDA,Retiro en tienda,3073,CERRADAS,Entregado,Entregado,NET_GCABALLEROC,SIM,3 ago 2026,3 ago 2026,null,No,CERRADAS,2026-08-04 00:35:38,Monolínea,Mono_item,Amazonas,null
Utcubamba,Netcall,3 ago 2026,18,902978970,9029789708047981358857,9271,Outbound,Portabilidad Postpago,RETIRO EN TIENDA,Retiro en tienda,3073,ABIERTAS,Pendiente Entrega,Pendiente Entrega,NET_SCOVENASC,SIM,3 ago 2026,null,null,No,ABIERTAS,null,Monolínea,Mono_item,Amazonas,null
Utcubamba,Netcall,1 ago 2026,11,902189796,9021897968040559363243,9283,Outbound,Portabilidad Postpago,RETIRO EN TIENDA,Retiro en tienda,3073,CERRADAS,Entregado,Entregado,NET_AITORRESC,SIM,1 ago 2026,1 ago 2026,02/08/2026,Sí,CERRADAS,2026-08-02 07:04:37,Monolínea,Mono_item,Amazonas,29.95
Utcubamba,Netcall,3 ago 2026,9,902790601,902790601,9283,Outbound,Portabilidad Postpago,RETIRO EN TIENDA,Retiro en tienda,3073,CERRADAS,Entregado,Entregado,NET_MDONAYRE,SIM,3 ago 2026,3 ago 2026,null,No,CERRADAS,2026-08-04 00:37:34,Monolínea,Mono_item,Amazonas,null
Ucayali,Netcall,1 ago 2026,17,902295585,9022955858041624571985,9283,Outbound,Portabilidad Postpago,RETIRO EN TIENDA,Retiro en tienda,7155,ABIERTAS,Pendiente Entrega,Pendiente Entrega,TLV_NET_EBULNES,SIM,1 ago 2026,null,null,No,ABIERTAS,null,Multilínea,Mono_item,Ucayali,null
Ucayali,Netcall,1 ago 2026,17,902294664,9022946648041614874859,9283,Outbound,Portabilidad Postpago,RETIRO EN TIENDA,Retiro en tienda,7155,ABIERTAS,Pendiente Entrega,Pendiente Entrega,TLV_NET_EBULNES,SIM,1 ago 2026,null,null,No,ABIERTAS,null,Multilínea,Mono_item,Ucayali,null
Tumbes,Netcall,3 ago 2026,13,902877685,9028776858046969890982,9271,Outbound,Portabilidad Postpago,EXPRESS,Logixtal,5302,CANCELADAS,Anulado,SOLICITADO POR CANAL,NET_RGALVEZC,SIM,3 ago 2026,null,null,No,CANCELADAS,2026-08-03 17:05:22,Monolínea,Mono_item,Tumbes,null
Tumbes,Netcall,1 ago 2026,17,902301182,9023011828041708823788,9283,Outbound,Portabilidad Postpago,PROGRAMADO,Logixtal,5302,CERRADAS,Entregado,Entregado,NET_CCOBENAM,SIM,3 ago 2026,3 ago 2026,null,No,CERRADAS,2026-08-04 00:56:08,Multilínea,Mono_item,Tumbes,null
Tumbes,Netcall,1 ago 2026,10,902172303,9021723038040384198478,9271,Outbound,Portabilidad Postpago,PROGRAMADO,Logixtal,5302,CANCELADAS,Cancelado,CANCELADA EN OMNIX,NET_RGALVEZC,SIM,3 ago 2026,null,null,No,CANCELADAS,2026-08-01 16:20:41,Multilínea,Mono_item,Tumbes,null
Tumbes,Netcall,1 ago 2026,10,902171224,9021712248040373725760,9271,Outbound,Portabilidad Postpago,EXPRESS,Logixtal,5302,CERRADAS,Entregado,Entregado,NET_RGALVEZC,SIM,1 ago 2026,1 ago 2026,02/08/2026,Sí,CERRADAS,2026-08-02 01:48:34,Multilínea,Mono_item,Tumbes,39.95
Tumbes,Netcall,3 ago 2026,11,902814224,902814224,9283,Outbound,Portabilidad Postpago,EXPRESS,Logixtal,5302,CERRADAS,Entregado,Entregado,NET_MCASTILLOC,SIM,3 ago 2026,3 ago 2026,null,No,CERRADAS,2026-08-04 00:24:13,Monolínea,Mono_item,Tumbes,null
Tumbes,Netcall,1 ago 2026,9,902161073,9021610738040285158060,9271,Outbound,Portabilidad Postpago,EXPRESS,Logixtal,5302,CERRADAS,Entregado,Entregado,NET_FCARRIONM,SIM,1 ago 2026,1 ago 2026,02/08/2026,Sí,CERRADAS,2026-08-02 01:34:02,Monolínea,Mono_item,Tumbes,34.95
Tumbes,Netcall,3 ago 2026,12,902847320,9028473208046704740593,9283,Outbound,Portabilidad Postpago,EXPRESS,Logixtal,5302,CERRADAS,Entregado,Entregado,NET_GLOPEZF,SIM,3 ago 2026,3 ago 2026,null,No,CERRADAS,2026-08-04 00:45:46,Monolínea,Mono_item,Tumbes,null
Tumbes,Netcall,1 ago 2026,17,902296697,9022966978041633500286,9283,Outbound,Portabilidad Postpago,PROGRAMADO,Logixtal,5302,CANCELADAS,Anulado,SOLICITADO POR CANAL,NET_CCOBENAM,SIM,3 ago 2026,null,null,No,CANCELADAS,2026-08-01 21:12:55,Multilínea,Mono_item,Tumbes,null
Trujillo,Netcall,3 ago 2026,11,902828424,9028284248046505778107,9283,Outbound,Portabilidad Postpago,RETIRO EN TIENDA,Retiro en tienda,1027,ABIERTAS,Pendiente Entrega,Pendiente Entrega,TLV_NET_GJQUISP,SIM,3 ago 2026,null,null,No,ABIERTAS,null,Multilínea,Multi_item,La Libertad,null
Trujillo,Netcall,1 ago 2026,16,902274587,9022745878041408535058,9283,Outbound,Portabilidad Postpago,RETIRO EN TIENDA,Retiro en tienda,3043,CERRADAS,Entregado,Entregado,NET_JCHUQUIPOMD,SIM,1 ago 2026,1 ago 2026,02/08/2026,Sí,CERRADAS,2026-08-02 01:44:33,Monolínea,Mono_item,La Libertad,39.95
Trujillo,Netcall,1 ago 2026,11,902187623,9021876238040534671593,9283,Outbound,Portabilidad Postpago,RETIRO EN TIENDA,Retiro en tienda,3221,CERRADAS,Entregado,Entregado,NET_EMEDINAU,SIM,1 ago 2026,1 ago 2026,02/08/2026,Sí,CERRADAS,2026-08-02 07:05:59,Monolínea,Mono_item,La Libertad,29.95
Trujillo,Netcall,1 ago 2026,17,902281078,9022810788041605569504,5299,Outbound,Portabilidad Postpago,RETIRO EN TIENDA,Retiro en tienda,3043,CERRADAS,Entregado,Entregado,NET_SCHUMIOQUEP,SIM,1 ago 2026,1 ago 2026,02/08/2026,Sí,CERRADAS,2026-08-02 07:21:09,Multilínea,Multi_item,La Libertad,39.95
Trujillo,Netcall,3 ago 2026,11,902828374,9028283748046489173195,9283,Outbound,Portabilidad Postpago,EXPRESS,Logixtal,5023,ABIERTAS,Pendiente Entrega,Pendiente Entrega,NET_JCHUQUIPOMD,SIM,3 ago 2026,null,null,No,ABIERTAS,null,Monolínea,Mono_item,La Libertad,null
Trujillo,Netcall,1 ago 2026,14,902253306,9022533068041181524511,9283,Outbound,Portabilidad Postpago,EXPRESS,Logixtal,5023,CANCELADAS,Anulado,CLIENTE DESISTE - INFORMACIÓN INCORRECTA,NET_JCHIRINOSP,SIM,1 ago 2026,null,null,No,CANCELADAS,2026-08-01 16:05:23,Multilínea,Multi_item,La Libertad,null
Trujillo,Netcall,1 ago 2026,12,902211283,9022112838040756077155,9283,Outbound,Portabilidad Postpago,RETIRO EN TIENDA,Retiro en tienda,3043,CERRADAS,Entregado,Entregado,NET_ARIVERA,SIM,1 ago 2026,3 ago 2026,null,No,CERRADAS,2026-08-04 01:27:13,Monolínea,Mono_item,La Libertad,null
Trujillo,Netcall,1 ago 2026,11,902182873,9021828738040489881394,9271,Outbound,Portabilidad Postpago,EXPRESS,Logixtal,5023,CERRADAS,Entregado,Entregado,NET_CCAVEROA,SIM,1 ago 2026,1 ago 2026,02/08/2026,Sí,CERRADAS,2026-08-02 00:11:09,Multilínea,Multi_item,La Libertad,19.95
Trujillo,Netcall,1 ago 2026,14,902253306,9022533068041181524949,9283,Outbound,Portabilidad Postpago,EXPRESS,Logixtal,5023,CANCELADAS,Anulado,CLIENTE DESISTE - INFORMACIÓN INCORRECTA,NET_JCHIRINOSP,SIM,1 ago 2026,null,null,No,CANCELADAS,2026-08-01 16:05:23,Multilínea,Multi_item,La Libertad,null
Trujillo,Netcall,1 ago 2026,18,902311393,9023113938041783189950,9271,Outbound,Portabilidad Postpago,PROGRAMADO,Logixtal,5023,CANCELADAS,Entregado,Entregado,NET_AARANAS,SIM,3 ago 2026,3 ago 2026,null,No,CANCELADAS,2026-08-03 22:00:32,Monolínea,Mono_item,La Libertad,null
Trujillo,Netcall,3 ago 2026,13,902859910,9028599108046793711738,9283,Outbound,Portabilidad Postpago,EXPRESS,Logixtal,5023,CERRADAS,Entregado,Entregado,NET_KDIAZPISCOY,SIM,3 ago 2026,3 ago 2026,null,No,CERRADAS,2026-08-04 02:25:51,Multilínea,Mono_item,La Libertad,null
Trujillo,Netcall,3 ago 2026,11,902836512,9028365128046575370636,9283,Outbound,Portabilidad Postpago,RETIRO EN TIENDA,Retiro en tienda,3221,ABIERTAS,Pendiente Entrega,Pendiente Entrega,NET_TBECERRAC,SIM,3 ago 2026,null,null,No,ABIERTAS,null,Monolínea,Mono_item,La Libertad,null
Trujillo,Netcall,1 ago 2026,11,902201709,9022017098040663776620,9283,Outbound,Portabilidad Postpago,EXPRESS,Logixtal,5023,CERRADAS,Entregado,Entregado,NET_NCASTILLOF,SIM,1 ago 2026,1 ago 2026,02/08/2026,Sí,CERRADAS,2026-08-02 00:56:24,Monolínea,Mono_item,La Libertad,29.95
Trujillo,Netcall,3 ago 2026,10,902811723,9028117238046360060325,9283,Outbound,Portabilidad Postpago,RETIRO EN TIENDA,Retiro en tienda,3145,ABIERTAS,Pendiente Entrega,Pendiente Entrega,NET_VMEJIAC,SIM,3 ago 2026,null,null,No,ABIERTAS,null,Monolínea,Mono_item,La Libertad,null
Trujillo,Netcall,3 ago 2026,11,902825251,9028252518046452070538,9283,Outbound,Venta Regular / Alta,EXPRESS,Logixtal,5023,CERRADAS,Entregado,Entregado,TLV_NET_ECUROS,SIM,3 ago 2026,3 ago 2026,03/08/2026,Sí,CERRADAS,2026-08-03 16:04:19,Multilínea,Mono_item,La Libertad,29.91303
Trujillo,Netcall,1 ago 2026,14,902245163,9022451638041093857985,9283,Outbound,Portabilidad Postpago,EXPRESS,Logixtal,5023,CANCELADAS,Cancelado,ORDEN NO VALIDO EN SIEBEL O ESTADO CANCELADO,NET_CCURAYG,SIM,1 ago 2026,null,null,No,CANCELADAS,2026-08-02 22:10:02,Multilínea,Mono_item,La Libertad,null
Trujillo,Netcall,3 ago 2026,16,902934418,9029344188047541042231,9283,Outbound,Portabilidad Postpago,RETIRO EN TIENDA,Retiro en tienda,3142,CERRADAS,Entregado,Entregado,TLV_NET_CACEVED,SIM,3 ago 2026,3 ago 2026,null,No,CERRADAS,2026-08-04 00:45:49,Multilínea,Mono_item,La Libertad,null
Trujillo,Netcall,1 ago 2026,11,902182873,9021828738040489881175,9271,Outbound,Portabilidad Postpago,EXPRESS,Logixtal,5023,CERRADAS,Entregado,Entregado,NET_CCAVEROA,SIM,1 ago 2026,1 ago 2026,02/08/2026,Sí,CERRADAS,2026-08-02 00:11:09,Multilínea,Multi_item,La Libertad,39.95
Trujillo,Netcall,3 ago 2026,16,902932828,902932828,9283,Outbound,Portabilidad Postpago,RETIRO EN TIENDA,Retiro en tienda,3142,CERRADAS,Entregado,Entregado,TLV_NET_CACEVED,SIM,3 ago 2026,3 ago 2026,null,No,CERRADAS,2026-08-04 00:44:18,Multilínea,Mono_item,La Libertad,null
Trujillo,Netcall,1 ago 2026,13,902237464,9022374648041013552477,9283,Outbound,Portabilidad Postpago,EXPRESS,Logixtal,5023,CERRADAS,Entregado,Entregado,NET_LRUIZH,SIM,1 ago 2026,1 ago 2026,02/08/2026,Sí,CERRADAS,2026-08-02 00:36:50,Monolínea,Mono_item,La Libertad,29.95
Trujillo,Netcall,3 ago 2026,13,902860071,9028600718046794244966,9283,Outbound,Portabilidad Postpago,EXPRESS,Logixtal,5023,CERRADAS,Entregado,Entregado,NET_RCASTANEDAR,SIM,3 ago 2026,3 ago 2026,null,No,CERRADAS,2026-08-04 01:19:20,Multilínea,Mono_item,La Libertad,null
Trujillo,Netcall,1 ago 2026,11,902194974,9021949748040598428522,9283,Outbound,Portabilidad Postpago,EXPRESS,Logixtal,5023,CERRADAS,Entregado,Entregado,NET_ADOMINGUEZF,SIM,1 ago 2026,1 ago 2026,02/08/2026,Sí,CERRADAS,2026-08-02 02:01:15,Monolínea,Mono_item,La Libertad,34.95
Trujillo,Netcall,1 ago 2026,14,902253619,9022536198041184402859,9283,Outbound,Portabilidad Postpago,RETIRO EN TIENDA,Retiro en tienda,3043,CERRADAS,Entregado,Entregado,NET_GGUTIERREZM,SIM,1 ago 2026,1 ago 2026,02/08/2026,Sí,CERRADAS,2026-08-02 01:12:40,Monolínea,Mono_item,La Libertad,29.95
Trujillo,Netcall,3 ago 2026,11,902823139,9028231398046437032061,9283,Outbound,Venta Regular / Alta,EXPRESS,Logixtal,5023,CERRADAS,Entregado,Entregado,TLV_NET_ECUROS,SIM,3 ago 2026,3 ago 2026,03/08/2026,Sí,CERRADAS,2026-08-03 16:03:40,Multilínea,Mono_item,La Libertad,39.95
Trujillo,Netcall,1 ago 2026,17,902281078,9022810788041605569285,5299,Outbound,Portabilidad Postpago,RETIRO EN TIENDA,Retiro en tienda,3043,CERRADAS,Entregado,Entregado,NET_SCHUMIOQUEP,SIM,1 ago 2026,1 ago 2026,02/08/2026,Sí,CERRADAS,2026-08-02 07:21:09,Multilínea,Multi_item,La Libertad,39.95
Trujillo,Netcall,3 ago 2026,10,902795475,9027954758046198308457,9271,Outbound,Portabilidad Postpago,EXPRESS,Logixtal,5023,CERRADAS,Entregado,Entregado,NET_LRODRIGUEZC,SIM,3 ago 2026,3 ago 2026,null,No,CERRADAS,2026-08-04 01:22:09,Multilínea,Multi_item,La Libertad,null
Trujillo,Netcall,3 ago 2026,12,902840496,9028404968046613257675,9283,Outbound,Portabilidad Postpago,EXPRESS,Logixtal,5023,CERRADAS,Entregado,Entregado,TLV_NET_GJQUISP,SIM,3 ago 2026,3 ago 2026,null,No,CERRADAS,2026-08-04 01:38:58,Multilínea,Multi_item,La Libertad,null
Trujillo,Netcall,1 ago 2026,17,902279253,9022792538041611129500,5299,Outbound,Portabilidad Postpago,RETIRO EN TIENDA,Retiro en tienda,3043,CERRADAS,Entregado,Entregado,NET_SCHUMIOQUEP,SIM,1 ago 2026,1 ago 2026,02/08/2026,Sí,CERRADAS,2026-08-02 00:16:51,Multilínea,Multi_item,La Libertad,39.95
Trujillo,Netcall,1 ago 2026,10,902166328,9021663288040329898288,9283,Outbound,Portabilidad Postpago,EXPRESS,Logixtal,5023,CERRADAS,Entregado,Entregado,NET_DVALVERDEM,SIM,1 ago 2026,1 ago 2026,02/08/2026,Sí,CERRADAS,2026-08-02 00:35:34,Monolínea,Mono_item,La Libertad,39.95
Trujillo,Netcall,1 ago 2026,17,902290835,9022908358041577136689,9283,Outbound,Portabilidad Postpago,PROGRAMADO,Logixtal,5023,CERRADAS,Entregado,Entregado,NET_JQUINECHEB,SIM,3 ago 2026,3 ago 2026,null,No,CERRADAS,2026-08-04 01:28:51,Monolínea,Mono_item,La Libertad,null
Trujillo,Netcall,1 ago 2026,17,902283788,9022837888041612170874,5299,Outbound,Portabilidad Postpago,RETIRO EN TIENDA,Retiro en tienda,3043,CERRADAS,Entregado,Entregado,NET_SCHUMIOQUEP,SIM,1 ago 2026,1 ago 2026,02/08/2026,Sí,CERRADAS,2026-08-02 00:13:53,Multilínea,Multi_item,La Libertad,19.95
Trujillo,Netcall,3 ago 2026,12,902840496,9028404968046613257894,9283,Outbound,Portabilidad Postpago,EXPRESS,Logixtal,5023,CERRADAS,Entregado,Entregado,TLV_NET_GJQUISP,SIM,3 ago 2026,3 ago 2026,null,No,CERRADAS,2026-08-04 01:38:58,Multilínea,Multi_item,La Libertad,null
Trujillo,Netcall,1 ago 2026,14,902253306,9022533068041181524730,9283,Outbound,Portabilidad Postpago,EXPRESS,Logixtal,5023,CANCELADAS,Anulado,CLIENTE DESISTE - INFORMACIÓN INCORRECTA,NET_JCHIRINOSP,SIM,1 ago 2026,null,null,No,CANCELADAS,2026-08-01 16:05:23,Multilínea,Multi_item,La Libertad,null
Trujillo,Netcall,3 ago 2026,14,902880983,9028809838047001479329,5299,Outbound,Venta Regular / Alta,PROGRAMADO,Logixtal,5023,ABIERTAS,Pendiente Entrega,Pendiente Entrega,NET_JNEYRAZ,SIM,4 ago 2026,null,null,No,ABIERTAS,null,Monolínea,Mono_item,La Libertad,null
Trujillo,Netcall,1 ago 2026,14,902246052,9022460528041104533084,9283,Outbound,Portabilidad Prepago,EXPRESS,Logixtal,5023,CERRADAS,Entregado,Entregado,NET_CCURAYG,SIM,1 ago 2026,1 ago 2026,02/08/2026,Sí,CERRADAS,2026-08-02 01:10:39,Multilínea,Mono_item,La Libertad,39.95
Trujillo,Netcall,3 ago 2026,11,902817829,9028178298046399748244,9283,Outbound,Portabilidad Postpago,RETIRO EN TIENDA,Retiro en tienda,1027,CERRADAS,Entregado,Entregado,NET_LALVAREZD,SIM,3 ago 2026,3 ago 2026,null,No,CERRADAS,2026-08-04 01:37:15,Monolínea,Mono_item,La Libertad,null
Trujillo,Netcall,2 ago 2026,11,902504538,902504538,9283,Outbound,Portabilidad Postpago,PROGRAMADO,Logixtal,5023,CERRADAS,Entregado,Entregado,NET_LRUIZH,SIM,3 ago 2026,3 ago 2026,null,No,CERRADAS,2026-08-04 00:04:47,Monolínea,Mono_item,La Libertad,null
Trujillo,Netcall,1 ago 2026,11,902195690,9021956908040603831217,9283,Outbound,Portabilidad Postpago,PROGRAMADO,Logixtal,5023,CERRADAS,Entregado,Entregado,TLV_NET_DBARTET,SIM,3 ago 2026,3 ago 2026,null,No,CERRADAS,2026-08-04 01:23:24,Monolínea,Mono_item,La Libertad,null
Trujillo,Netcall,1 ago 2026,17,902279253,9022792538041611129721,5299,Outbound,Portabilidad Postpago,RETIRO EN TIENDA,Retiro en tienda,3043,CERRADAS,Entregado,Entregado,NET_SCHUMIOQUEP,SIM,1 ago 2026,1 ago 2026,02/08/2026,Sí,CERRADAS,2026-08-02 00:16:51,Multilínea,Multi_item,La Libertad,39.95
Trujillo,Netcall,3 ago 2026,8,902777675,9027776758046030856764,9283,Outbound,Portabilidad Postpago,EXPRESS,Logixtal,5023,CANCELADAS,Anulado,CLIENTE DESISTE - NO BRINDA MOTIVOS,TLV_NET_DVALOI,SIM,3 ago 2026,null,null,No,CANCELADAS,2026-08-03 09:33:19,Multilínea,Mono_item,La Libertad,null
Trujillo,Netcall,1 ago 2026,10,902165659,9021656598040326130363,9283,Outbound,Portabilidad Postpago,EXPRESS,Logixtal,5023,CERRADAS,Entregado,Entregado,NET_RGUTIERREZS,SIM,1 ago 2026,1 ago 2026,02/08/2026,Sí,CERRADAS,2026-08-02 01:18:17,Monolínea,Mono_item,La Libertad,29.95
Trujillo,Netcall,3 ago 2026,10,902795475,9027954758046198308676,9271,Outbound,Portabilidad Postpago,EXPRESS,Logixtal,5023,CERRADAS,Entregado,Entregado,NET_LRODRIGUEZC,SIM,3 ago 2026,3 ago 2026,null,No,CERRADAS,2026-08-04 01:22:09,Multilínea,Multi_item,La Libertad,null
Trujillo,Netcall,3 ago 2026,11,902828424,9028284248046505778326,9283,Outbound,Portabilidad Postpago,RETIRO EN TIENDA,Retiro en tienda,1027,ABIERTAS,Pendiente Entrega,Pendiente Entrega,TLV_NET_GJQUISP,SIM,3 ago 2026,null,null,No,ABIERTAS,null,Multilínea,Multi_item,La Libertad,null
Trujillo,Netcall,3 ago 2026,20,903012037,9030120378048314987174,9283,Outbound,Portabilidad Postpago,RETIRO EN TIENDA,Retiro en tienda,3043,CERRADAS,Entregado,Entregado,NET_ANCASTROR,SIM,3 ago 2026,3 ago 2026,null,No,CERRADAS,2026-08-04 01:24:14,Monolínea,Mono_item,La Libertad,null
Trujillo,Netcall,1 ago 2026,10,902182085,9021820858040480501969,9283,Outbound,Portabilidad Postpago,EXPRESS,Logixtal,5023,CERRADAS,Entregado,Entregado,NET_JCHAVEZC,SIM,1 ago 2026,1 ago 2026,02/08/2026,Sí,CERRADAS,2026-08-02 00:39:56,Monolínea,Mono_item,La Libertad,29.95
Trujillo,Netcall,3 ago 2026,12,902857838,902857838,9283,Outbound,Portabilidad Postpago,EXPRESS,Logixtal,5023,CERRADAS,Entregado,Entregado,NET_KDIAZPISCOY,SIM,3 ago 2026,3 ago 2026,null,No,CERRADAS,2026-08-04 00:06:02,Multilínea,Mono_item,La Libertad,null
Trujillo,Netcall,3 ago 2026,9,902785852,9027858528046106916263,9283,Outbound,Venta Regular / Alta,EXPRESS,Logixtal,5023,CERRADAS,Entregado,Entregado,NET_LRUIZH,SIM,3 ago 2026,3 ago 2026,03/08/2026,Sí,CERRADAS,2026-08-03 17:49:54,Monolínea,Mono_item,La Libertad,39.9
Trujillo,Netcall,1 ago 2026,11,902201912,9022019128040664195686,9283,Outbound,Portabilidad Postpago,EXPRESS,Logixtal,5023,CERRADAS,Entregado,Entregado,NET_JCHAVEZPINT,SIM,1 ago 2026,1 ago 2026,02/08/2026,Sí,CERRADAS,2026-08-02 00:43:14,Monolínea,Mono_item,La Libertad,29.95
Trujillo,Netcall,1 ago 2026,11,902184384,9021843848040502558290,9283,Outbound,Portabilidad Postpago,EXPRESS,Logixtal,5023,CERRADAS,Entregado,Entregado,NET_DVILLALOBOS,SIM,1 ago 2026,1 ago 2026,02/08/2026,Sí,CERRADAS,2026-08-02 00:11:19,Monolínea,Mono_item,La Libertad,39.95
Trujillo,Netcall,3 ago 2026,12,902858377,902858377,9283,Outbound,Portabilidad Postpago,EXPRESS,Logixtal,5023,CERRADAS,Entregado,Entregado,TLV_NET_GCUEVAC,SIM,3 ago 2026,3 ago 2026,null,No,CERRADAS,2026-08-04 00:36:13,Monolínea,Mono_item,La Libertad,null
Trujillo,Netcall,1 ago 2026,10,902173790,9021737908040397501794,9271,Outbound,Portabilidad Postpago,EXPRESS,Logixtal,5023,CERRADAS,Entregado,Entregado,NET_LRODRIGUEZC,SIM,1 ago 2026,1 ago 2026,02/08/2026,Sí,CERRADAS,2026-08-02 00:06:02,Monolínea,Mono_item,La Libertad,34.95
Trujillo,Netcall,1 ago 2026,15,902262261,9022622618041279895733,9283,Outbound,Portabilidad Postpago,PROGRAMADO,Logixtal,5023,CERRADAS,Entregado,Entregado,NET_KZAVALETAZ,SIM,3 ago 2026,3 ago 2026,null,No,CERRADAS,2026-08-04 03:12:41,Monolínea,Mono_item,La Libertad,null
Trujillo,Netcall,3 ago 2026,15,902903940,9029039408047237114934,9271,Outbound,Portabilidad Postpago,PROGRAMADO,Logixtal,5023,ABIERTAS,Pendiente Entrega,Pendiente Entrega,NET_FQUISPEP,SIM,4 ago 2026,null,null,No,ABIERTAS,null,Monolínea,Mono_item,La Libertad,null
Trujillo,Netcall,3 ago 2026,13,902875622,9028756228046949194109,9283,Outbound,Portabilidad Postpago,RETIRO EN TIENDA,Retiro en tienda,3043,CERRADAS,Entregado,Entregado,NET_ANCASTROR,SIM,3 ago 2026,3 ago 2026,null,No,CERRADAS,2026-08-04 03:27:42,Monolínea,Mono_item,La Libertad,null
Trujillo,Netcall,3 ago 2026,8,902777482,9027774828046028842797,9283,Outbound,Portabilidad Postpago,EXPRESS,Logixtal,5023,CANCELADAS,Anulado,CLIENTE DESISTE - NO BRINDA MOTIVOS,TLV_NET_DVALOI,SIM,3 ago 2026,null,null,No,CANCELADAS,2026-08-03 09:33:58,Multilínea,Mono_item,La Libertad,null
Trujillo,Netcall,3 ago 2026,12,902851018,9028510188046715706922,9283,Outbound,Portabilidad Postpago,EXPRESS,Logixtal,5023,CERRADAS,Entregado,Entregado,NET_RCASTANEDAR,SIM,3 ago 2026,3 ago 2026,null,No,CERRADAS,2026-08-04 01:31:26,Multilínea,Mono_item,La Libertad,null
Trujillo,Netcall,3 ago 2026,12,902839116,902839116,9283,Outbound,Portabilidad Postpago,EXPRESS,Logixtal,5023,CERRADAS,Entregado,Entregado,NET_JCALDASB,SIM,3 ago 2026,3 ago 2026,null,No,CERRADAS,2026-08-04 00:04:03,Monolínea,Mono_item,La Libertad,null
Trujillo,Netcall,3 ago 2026,13,902861674,9028616748046813890536,9271,Outbound,Portabilidad Postpago,RETIRO EN TIENDA,Retiro en tienda,3043,ABIERTAS,Pendiente Entrega,Pendiente Entrega,NET_KTAYAB,SIM,3 ago 2026,null,null,No,ABIERTAS,null,Monolínea,Mono_item,La Libertad,null
Trujillo,Netcall,1 ago 2026,17,902283788,9022837888041612170655,5299,Outbound,Portabilidad Postpago,RETIRO EN TIENDA,Retiro en tienda,3043,CERRADAS,Entregado,Entregado,NET_SCHUMIOQUEP,SIM,1 ago 2026,1 ago 2026,02/08/2026,Sí,CERRADAS,2026-08-02 00:13:53,Multilínea,Multi_item,La Libertad,19.95
Tarma,Netcall,3 ago 2026,14,902891743,9028917438047115360110,9283,Outbound,Portabilidad Postpago,RETIRO EN TIENDA,Retiro en tienda,3138,ABIERTAS,Pendiente Entrega,Pendiente Entrega,NET_YMILLA,SIM,3 ago 2026,null,null,No,ABIERTAS,null,Monolínea,Mono_item,Junin,null
Tarma,Netcall,2 ago 2026,12,902525785,9025257858043930441876,9283,Outbound,Portabilidad Postpago,RETIRO EN TIENDA,Retiro en tienda,3138,ABIERTAS,Pendiente Entrega,Pendiente Entrega,NET_JCHIRINOSP,SIM,2 ago 2026,null,null,No,ABIERTAS,null,Monolínea,Mono_item,Junin,null
Tarma,Netcall,3 ago 2026,9,902780534,902780534,9283,Outbound,Portabilidad Postpago,RETIRO EN TIENDA,Retiro en tienda,3138,CERRADAS,Entregado,Entregado,TLV_NET_JPENAM,SIM,3 ago 2026,3 ago 2026,null,No,CERRADAS,2026-08-04 00:28:03,Monolínea,Mono_item,Junin,null
Tarma,Netcall,1 ago 2026,11,902185884,9021858848040519694006,9283,Outbound,Portabilidad Postpago,RETIRO EN TIENDA,Retiro en tienda,3138,CERRADAS,Entregado,Entregado,NET_AUCEDAENEQU,SIM,1 ago 2026,1 ago 2026,02/08/2026,Sí,CERRADAS,2026-08-02 01:42:28,Multilínea,Mono_item,Junin,39.95
Tarma,Netcall,1 ago 2026,11,902188171,9021881718040541395397,9283,Outbound,Portabilidad Postpago,RETIRO EN TIENDA,Retiro en tienda,3138,CERRADAS,Entregado,Entregado,NET_AUCEDAENEQU,SIM,1 ago 2026,1 ago 2026,02/08/2026,Sí,CERRADAS,2026-08-02 02:32:59,Multilínea,Mono_item,Junin,19.95
Tarma,Netcall,3 ago 2026,10,902805027,9028050278046287560362,9271,Outbound,Portabilidad Postpago,RETIRO EN TIENDA,Retiro en tienda,3138,ABIERTAS,Pendiente Entrega,Pendiente Entrega,NET_GVELASQUEZA,SIM,3 ago 2026,null,null,No,ABIERTAS,null,Monolínea,Mono_item,Junin,null
Tarma,Netcall,1 ago 2026,12,902219500,9022195008040844511242,9283,Outbound,Portabilidad Postpago,RETIRO EN TIENDA,Retiro en tienda,3138,CERRADAS,Entregado,Entregado,NET_JLIL,SIM,1 ago 2026,1 ago 2026,02/08/2026,Sí,CERRADAS,2026-08-02 01:10:46,Monolínea,Mono_item,Junin,29.95
Tarapoto,Netcall,1 ago 2026,11,902198394,9021983948040635921692,9283,Outbound,Portabilidad Prepago,EXPRESS,Logixtal,9352,CERRADAS,Entregado,Entregado,NET_SBENITOV,SIM,1 ago 2026,1 ago 2026,02/08/2026,Sí,CERRADAS,2026-08-02 07:20:39,Monolínea,Mono_item,San Martin,29.95
Tarapoto,Netcall,3 ago 2026,13,902878879,9028788798046980753388,9283,Outbound,Portabilidad Postpago,EXPRESS,Logixtal,9352,ABIERTAS,Entregado,Entregado,NET_EBOZA,SIM,3 ago 2026,3 ago 2026,null,No,ABIERTAS,null,Monolínea,Mono_item,San Martin,null
Tarapoto,Netcall,1 ago 2026,13,902240529,9022405298041056073361,9283,Outbound,Portabilidad Postpago,PROGRAMADO,Logixtal,9352,ABIERTAS,Pendiente Entrega,Pendiente Entrega,NET_JSANGAMA,SIM,4 ago 2026,null,null,No,ABIERTAS,null,Monolínea,Mono_item,San Martin,null
Tarapoto,Netcall,2 ago 2026,11,902506932,9025069328043766313010,9283,Outbound,Portabilidad Postpago,PROGRAMADO,Logixtal,9352,CANCELADAS,Anulado,SOLICITADO POR CANAL,TLV_NET_DCASTIA,SIM,4 ago 2026,null,null,No,CANCELADAS,2026-08-03 17:04:54,Monolínea,Mono_item,San Martin,null
Tarapoto,Netcall,1 ago 2026,9,902161927,9021619278040292800339,9283,Outbound,Portabilidad Postpago,EXPRESS,Logixtal,9352,CERRADAS,Entregado,Entregado,NET_RCASTANEDAR,SIM,1 ago 2026,1 ago 2026,02/08/2026,Sí,CERRADAS,2026-08-02 02:07:09,Monolínea,Mono_item,San Martin,29.95
Tambopata,Netcall,3 ago 2026,17,902938034,9029380348047563937608,9271,Outbound,Portabilidad Postpago,PROGRAMADO,Logixtal,9347,ABIERTAS,Pendiente Entrega,Pendiente Entrega,NET_ARALVAREZD,SIM,4 ago 2026,null,null,No,ABIERTAS,null,Monolínea,Mono_item,Madre De Dios,null
Tambopata,Netcall,1 ago 2026,11,902189754,9021897548040556442185,9289,Outbound,Portabilidad Postpago,EXPRESS,Logixtal,9347,CERRADAS,Entregado,Entregado,TLV_NET_VCHNGO,SIM,1 ago 2026,1 ago 2026,02/08/2026,Sí,CERRADAS,2026-08-02 01:06:30,Monolínea,Mono_item,Madre De Dios,39.95
Tambopata,Netcall,3 ago 2026,10,902808169,9028081698046327633761,9283,Outbound,Portabilidad Postpago,EXPRESS,Logixtal,9347,CERRADAS,Entregado,Entregado,NET_AGOMEZR,SIM,3 ago 2026,3 ago 2026,null,No,CERRADAS,2026-08-04 03:01:57,Monolínea,Mono_item,Madre De Dios,null
Tambopata,Netcall,3 ago 2026,10,902806993,9028069938046309061216,9283,Outbound,Portabilidad Postpago,EXPRESS,Logixtal,9347,CERRADAS,Entregado,Entregado,NET_ATISNADOA,SIM,3 ago 2026,3 ago 2026,null,No,CERRADAS,2026-08-04 01:41:35,Monolínea,Mono_item,Madre De Dios,null
Tambo Grande,Netcall,1 ago 2026,9,902157957,9021579578040254874635,9301,Outbound,Portabilidad Postpago,PROGRAMADO,Logixtal,5021,ABIERTAS,Pendiente Entrega,Pendiente Entrega,NET_FBARTET,SIM,3 ago 2026,null,null,No,ABIERTAS,null,Monolínea,Mono_item,Piura,null
Talara,Netcall,1 ago 2026,17,902305234,9023052348041731136411,9271,Outbound,Portabilidad Postpago,RETIRO EN TIENDA,Retiro en tienda,1026,CANCELADAS,Cancelado,Cancelado,NET_AREYNOSAC,SIM,1 ago 2026,null,null,No,CANCELADAS,2026-08-01 19:00:09,Multilínea,Mono_item,Piura,null
Talara,Netcall,1 ago 2026,17,902307184,9023071848041745172865,9271,Outbound,Venta Regular / Alta,RETIRO EN TIENDA,Retiro en tienda,1026,ABIERTAS,Pendiente Entrega,Pendiente Entrega,NET_AREYNOSAC,SIM,1 ago 2026,null,null,No,ABIERTAS,null,Multilínea,Mono_item,Piura,null
Tacna,Netcall,1 ago 2026,19,902332631,9023326318041997213030,9283,Outbound,Portabilidad Postpago,RETIRO EN TIENDA,Retiro en tienda,1025,CERRADAS,Entregado,Entregado,TLV_NET_DVALOI,SIM,1 ago 2026,1 ago 2026,02/08/2026,Sí,CERRADAS,2026-08-02 00:06:42,Monolínea,Mono_item,Tacna,39.95
Tacna,Netcall,1 ago 2026,19,902332028,9023320288041994652515,9283,Outbound,Portabilidad Postpago,RETIRO EN TIENDA,Retiro en tienda,1025,CERRADAS,Entregado,Entregado,TLV_NET_DVALOI,SIM,1 ago 2026,1 ago 2026,02/08/2026,Sí,CERRADAS,2026-08-02 00:53:46,Monolínea,Mono_item,Tacna,19.95
Tacna,Netcall,1 ago 2026,16,902289062,9022890628041560874272,9283,Outbound,Portabilidad Postpago,EXPRESS,Logixtal,9348,CERRADAS,Entregado,Entregado,TLV_NET_LMONTED,SIM,1 ago 2026,1 ago 2026,02/08/2026,Sí,CERRADAS,2026-08-02 00:54:03,Monolínea,Mono_item,Tacna,29.95
Tacna,Netcall,3 ago 2026,18,902966228,9029662288047869043461,9283,Outbound,Portabilidad Postpago,PROGRAMADO,Logixtal,9348,ABIERTAS,Pendiente Entrega,Pendiente Entrega,NET_DDEPINHOZ,SIM,4 ago 2026,null,null,No,ABIERTAS,null,Monolínea,Mono_item,Tacna,null
Tacna,Netcall,3 ago 2026,16,902924365,9029243658047444325818,9271,Outbound,Portabilidad Postpago,EXPRESS,Logixtal,9348,ABIERTAS,Pendiente Entrega,Pendiente Entrega,NET_GGARCIAS,SIM,3 ago 2026,null,null,No,ABIERTAS,null,Multilínea,Mono_item,Tacna,null
Tacna,Netcall,1 ago 2026,11,902186284,9021862848040525217012,9283,Outbound,Portabilidad Postpago,EXPRESS,Logixtal,9348,CERRADAS,Entregado,Entregado,NET_LOPEZDI,SIM,1 ago 2026,1 ago 2026,02/08/2026,Sí,CERRADAS,2026-08-02 01:15:35,Monolínea,Mono_item,Tacna,34.95
Tacna,Netcall,1 ago 2026,16,902288701,9022887018041557252674,9283,Outbound,Portabilidad Postpago,EXPRESS,Logixtal,9348,CANCELADAS,Anulado,CLIENTE YA NO DESEA PRODUCTO,NET_CCONDEM,SIM,1 ago 2026,null,null,No,CANCELADAS,2026-08-03 10:07:18,Monolínea,Mono_item,Tacna,null
Tacna,Netcall,1 ago 2026,15,902263916,9022639168041288863955,9283,Outbound,Portabilidad Postpago,EXPRESS,Logixtal,9348,ABIERTAS,Anulado,CLIENTE AUSENTE,NET_KCHUNAP,SIM,1 ago 2026,null,null,No,ABIERTAS,null,Monolínea,Mono_item,Tacna,null
Tacna,Netcall,1 ago 2026,10,902178086,9021780868040447368505,9271,Outbound,Portabilidad Postpago,EXPRESS,Logixtal,9348,ABIERTAS,Anulado,CLIENTE AUSENTE,NET_VCISNEROSG,SIM,1 ago 2026,null,null,No,ABIERTAS,null,Monolínea,Mono_item,Tacna,null
Tacna,Netcall,1 ago 2026,13,902235334,9022353348040994146472,9283,Outbound,Portabilidad Postpago,PROGRAMADO,Logixtal,9348,ABIERTAS,Anulado,CLIENTE AUSENTE,TLV_NET_LMONTED,SIM,3 ago 2026,null,null,No,ABIERTAS,null,Monolínea,Mono_item,Tacna,null
Tacna,Netcall,3 ago 2026,16,902922879,9029228798047427957699,9271,Outbound,Portabilidad Postpago,EXPRESS,Logixtal,9348,ABIERTAS,Pendiente Entrega,Pendiente Entrega,NET_GGARCIAS,SIM,3 ago 2026,null,null,No,ABIERTAS,null,Multilínea,Mono_item,Tacna,null
Tacna,Netcall,3 ago 2026,19,902987712,9029877128048062964389,9283,Outbound,Portabilidad Postpago,PROGRAMADO,Logixtal,9348,ABIERTAS,Pendiente Entrega,Pendiente Entrega,TLV_NET_MFARFAN,SIM,4 ago 2026,null,null,No,ABIERTAS,null,Monolínea,Mono_item,Tacna,null
Tacna,Netcall,1 ago 2026,13,902238124,9022381248041026002365,9283,Outbound,Portabilidad Postpago,EXPRESS,Logixtal,9348,CERRADAS,Entregado,Entregado,NET_LFLORESY,SIM,1 ago 2026,1 ago 2026,02/08/2026,Sí,CERRADAS,2026-08-02 00:27:36,Monolínea,Mono_item,Tacna,39.95
Tacna,Netcall,3 ago 2026,11,902828544,9028285448046491057467,9283,Outbound,Portabilidad Postpago,EXPRESS,Logixtal,9348,CERRADAS,Entregado,Entregado,NET_RCASTANEDAR,SIM,3 ago 2026,3 ago 2026,null,No,CERRADAS,2026-08-04 03:39:14,Monolínea,Mono_item,Tacna,null
Surquillo,Netcall,3 ago 2026,16,902928687,9029286878047481312637,9283,Outbound,Portabilidad Postpago,EXPRESS,Logixtal,9001,CERRADAS,Entregado,Entregado,NET_KAGRAMONTEM,SIM,3 ago 2026,3 ago 2026,null,No,CERRADAS,2026-08-04 01:25:46,Monolínea,Mono_item,Lima - Callao,null
Surquillo,Netcall,3 ago 2026,10,902806945,9028069458046311713472,9283,Outbound,Portabilidad Postpago,PROGRAMADO,Logixtal,9001,ABIERTAS,Pendiente Entrega,Pendiente Entrega,NET_MORIHUELAQ,SIM,4 ago 2026,null,null,No,ABIERTAS,null,Multilínea,Mono_item,Lima - Callao,null
Surquillo,Netcall,1 ago 2026,18,902316467,9023164678041831743478,9283,Outbound,Portabilidad Postpago,PROGRAMADO,Logixtal,9001,ABIERTAS,Pendiente Entrega,Pendiente Entrega,NET_MLAZAROR,SIM,2 ago 2026,null,null,No,ABIERTAS,null,Monolínea,Mono_item,Lima - Callao,null
Surquillo,Netcall,3 ago 2026,15,902899242,9028992428047189249528,9283,Outbound,Portabilidad Postpago,EXPRESS,Logixtal,9001,CERRADAS,Entregado,Entregado,NET_EZEVALLOSZ,SIM,3 ago 2026,3 ago 2026,null,No,CERRADAS,2026-08-04 01:30:48,Multilínea,Mono_item,Lima - Callao,null
Surquillo,Netcall,1 ago 2026,15,902258482,9022584828041255220498,5299,Outbound,Portabilidad Postpago,PROGRAMADO,Logixtal,9001,CANCELADAS,Anulado,CLIENTE DESISTE - INFORMACIÓN INCORRECTA,NET_DAYLASF,SIM,3 ago 2026,null,null,No,CANCELADAS,2026-08-03 11:56:26,Monolínea,Mono_item,Lima - Callao,null
Surquillo,Netcall,3 ago 2026,10,902804522,9028045228046291182700,9283,Outbound,Portabilidad Postpago,PROGRAMADO,Logixtal,9001,ABIERTAS,Pendiente Entrega,Pendiente Entrega,NET_MORIHUELAQ,SIM,4 ago 2026,null,null,No,ABIERTAS,null,Multilínea,Mono_item,Lima - Callao,null
Surquillo,Netcall,3 ago 2026,10,902806042,9028060428046302233129,9283,Outbound,Portabilidad Postpago,EXPRESS,Logixtal,9001,CERRADAS,Entregado,Entregado,TLV_NET_YAQUINO,SIM,3 ago 2026,3 ago 2026,null,No,CERRADAS,2026-08-04 02:33:40,Monolínea,Mono_item,Lima - Callao,null
Surquillo,Netcall,3 ago 2026,14,902892690,9028926908047126178986,9283,Outbound,Portabilidad Postpago,EXPRESS,Logixtal,9001,CERRADAS,Entregado,Entregado,NET_EZEVALLOSZ,SIM,3 ago 2026,3 ago 2026,null,No,CERRADAS,2026-08-04 01:03:38,Multilínea,Mono_item,Lima - Callao,null
Supe,Netcall,3 ago 2026,10,902802166,9028021668046265770797,9283,Outbound,Portabilidad Postpago,PROGRAMADO,Logixtal,9001,ABIERTAS,Pendiente Entrega,Pendiente Entrega,NET_LRUIZL,SIM,5 ago 2026,null,null,No,ABIERTAS,null,Monolínea,Mono_item,Lima - Callao,null
Sunampe,Netcall,1 ago 2026,9,902155561,9021555618040228204646,9271,Outbound,Portabilidad Postpago,EXPRESS,Logixtal,9345,CANCELADAS,Anulado,DIRECCIÓN ERRADA,NET_DRUIZR,SIM,1 ago 2026,null,null,No,CANCELADAS,2026-08-03 09:50:57,Multilínea,Multi_item,Ica,null
Sunampe,Netcall,1 ago 2026,8,902150500,9021505008040183674399,9271,Outbound,Portabilidad Postpago,EXPRESS,Logixtal,9345,CERRADAS,Entregado,Entregado,NET_DFRANCIAH,SIM,1 ago 2026,1 ago 2026,02/08/2026,Sí,CERRADAS,2026-08-02 00:22:33,Multilínea,Mono_item,Ica,39.95
Sunampe,Netcall,1 ago 2026,9,902155561,9021555618040228204427,9271,Outbound,Portabilidad Postpago,EXPRESS,Logixtal,9345,CANCELADAS,Anulado,DIRECCIÓN ERRADA,NET_DRUIZR,SIM,1 ago 2026,null,null,No,CANCELADAS,2026-08-03 09:50:57,Multilínea,Multi_item,Ica,null
Sunampe,Netcall,1 ago 2026,11,902184869,9021848698040511101640,9283,Outbound,Portabilidad Postpago,EXPRESS,Logixtal,9345,CERRADAS,Entregado,Entregado,NET_JRAMIREZQ,SIM,1 ago 2026,1 ago 2026,02/08/2026,Sí,CERRADAS,2026-08-02 00:37:48,Monolínea,Mono_item,Ica,39.95
Sunampe,Netcall,1 ago 2026,9,902150801,9021508018040190317938,9271,Outbound,Portabilidad Postpago,EXPRESS,Logixtal,9345,CERRADAS,Entregado,Entregado,NET_DFRANCIAH,SIM,1 ago 2026,1 ago 2026,02/08/2026,Sí,CERRADAS,2026-08-02 00:53:17,Multilínea,Mono_item,Ica,19.95
Sullana,Netcall,3 ago 2026,14,902895024,9028950248047147008903,9283,Outbound,Portabilidad Postpago,EXPRESS,Logixtal,5021,CERRADAS,Entregado,Entregado,NET_YUCEDAB,SIM,3 ago 2026,3 ago 2026,null,No,CERRADAS,2026-08-04 03:38:45,Monolínea,Mono_item,Piura,null
Sullana,Netcall,2 ago 2026,15,902566357,9025663578044303278078,9271,Outbound,Portabilidad Postpago,PROGRAMADO,Logixtal,5021,CANCELADAS,Anulado,PEDIDO MAL GENERADO,NET_AYACILAP,SIM,3 ago 2026,null,null,No,CANCELADAS,2026-08-03 07:37:57,Multilínea,Multi_item,Piura,null
Sullana,Netcall,3 ago 2026,14,902880616,9028806168047005651735,9283,Outbound,Portabilidad Postpago,EXPRESS,Logixtal,5021,ABIERTAS,Pendiente Entrega,Pendiente Entrega,NET_GDELGADO,SIM,3 ago 2026,null,null,No,ABIERTAS,null,Monolínea,Mono_item,Piura,null
Sullana,Netcall,3 ago 2026,14,902887297,9028872978047062698168,9283,Outbound,Portabilidad Postpago,EXPRESS,Logixtal,5021,CERRADAS,Entregado,Entregado,NET_NBURGAR,SIM,3 ago 2026,3 ago 2026,null,No,CERRADAS,2026-08-04 02:08:58,Monolínea,Mono_item,Piura,null
Sullana,Netcall,1 ago 2026,9,902160786,9021607868040290107402,9283,Outbound,Portabilidad Postpago,EXPRESS,Logixtal,5021,CERRADAS,Entregado,Entregado,NET_KZAVALETAZ,SIM,1 ago 2026,1 ago 2026,null,No,CERRADAS,2026-08-02 01:04:29,Monolínea,Mono_item,Piura,null
Sullana,Netcall,1 ago 2026,13,902235876,9022358768041004949490,9271,Outbound,Portabilidad Prepago,EXPRESS,Logixtal,5021,CERRADAS,Entregado,Entregado,NET_SRODRIGUEZP,SIM,1 ago 2026,1 ago 2026,02/08/2026,Sí,CERRADAS,2026-08-02 01:06:56,Monolínea,Mono_item,Piura,29.95
Sullana,Netcall,1 ago 2026,12,902223276,9022232768040877102298,9283,Outbound,Portabilidad Postpago,RETIRO EN TIENDA,Retiro en tienda,3132,CERRADAS,Entregado,Entregado,NET_YMILLA,SIM,1 ago 2026,1 ago 2026,02/08/2026,Sí,CERRADAS,2026-08-02 01:22:13,Monolínea,Mono_item,Piura,34.95
Sullana,Netcall,3 ago 2026,9,902785795,9027857958046117665115,9271,Outbound,Portabilidad Postpago,EXPRESS,Logixtal,5021,CERRADAS,Entregado,Entregado,NET_LGOMEZA,SIM,3 ago 2026,3 ago 2026,null,No,CERRADAS,2026-08-04 00:55:33,Monolínea,Mono_item,Piura,null
Sullana,Netcall,3 ago 2026,10,902793284,9027932848046186211062,9271,Outbound,Portabilidad Postpago,EXPRESS,Logixtal,5021,CANCELADAS,Anulado,PIN PORTA_CLIENTE RECHAZA,NET_AYACILAP,SIM,3 ago 2026,null,null,No,CANCELADAS,2026-08-03 15:04:45,Multilínea,Multi_item,Piura,null
Sullana,Netcall,1 ago 2026,9,902157399,9021573998040247133066,9283,Outbound,Portabilidad Postpago,EXPRESS,Logixtal,5021,CERRADAS,Entregado,Entregado,NET_EMACHEROT,SIM,1 ago 2026,1 ago 2026,02/08/2026,Sí,CERRADAS,2026-08-02 01:32:10,Monolínea,Mono_item,Piura,39.95
Sullana,Netcall,1 ago 2026,11,902191392,9021913928040568161611,9283,Outbound,Portabilidad Postpago,PROGRAMADO,Logixtal,5021,CERRADAS,Entregado,Entregado,TLV_NET_GJQUISP,SIM,3 ago 2026,3 ago 2026,null,No,CERRADAS,2026-08-04 00:50:59,Monolínea,Mono_item,Piura,null
Sullana,Netcall,3 ago 2026,10,902793284,9027932848046186211281,9271,Outbound,Portabilidad Postpago,EXPRESS,Logixtal,5021,CANCELADAS,Anulado,PIN PORTA_CLIENTE RECHAZA,NET_AYACILAP,SIM,3 ago 2026,null,null,No,CANCELADAS,2026-08-03 15:04:45,Multilínea,Multi_item,Piura,null
Sullana,Netcall,2 ago 2026,15,902566357,9025663578044303267859,9271,Outbound,Portabilidad Postpago,PROGRAMADO,Logixtal,5021,CANCELADAS,Anulado,PEDIDO MAL GENERADO,NET_AYACILAP,SIM,3 ago 2026,null,null,No,CANCELADAS,2026-08-03 07:37:57,Multilínea,Multi_item,Piura,null
Subtanjalla,Netcall,1 ago 2026,12,902205563,9022055638040698628892,9283,Outbound,Portabilidad Postpago,EXPRESS,Logixtal,9345,CERRADAS,Entregado,Entregado,NET_FRIVERAO,SIM,1 ago 2026,1 ago 2026,02/08/2026,Sí,CERRADAS,2026-08-02 01:12:35,Monolínea,Mono_item,Ica,34.95
Sechura,Netcall,3 ago 2026,18,902963487,9029634878047821222034,9283,Outbound,Portabilidad Postpago,PROGRAMADO,Logixtal,5021,ABIERTAS,Pendiente Entrega,Pendiente Entrega,NET_MGUZMANP,SIM,5 ago 2026,null,null,No,ABIERTAS,null,Monolínea,Mono_item,Piura,null
Sechura,Netcall,2 ago 2026,19,902602993,9026029938044640774495,9283,Outbound,Portabilidad Postpago,RETIRO EN TIENDA,Retiro en tienda,7152,CANCELADAS,Cancelado,Cancelado,NET_ADOROTEOSAL,SIM,2 ago 2026,null,null,No,CANCELADAS,2026-08-03 14:24:29,Monolínea,Mono_item,Piura,null
Sechura,Netcall,3 ago 2026,15,902897350,9028973508047169145766,9283,Outbound,Portabilidad Postpago,PROGRAMADO,Logixtal,5021,ABIERTAS,Pendiente Entrega,Pendiente Entrega,NET_JFAJARDOR,SIM,5 ago 2026,null,null,No,ABIERTAS,null,Monolínea,Mono_item,Piura,null
Sechura,Netcall,1 ago 2026,16,902289411,9022894118041565754864,9283,Outbound,Portabilidad Postpago,PROGRAMADO,Logixtal,5021,ABIERTAS,Pendiente Entrega,Pendiente Entrega,TLV_NET_DVALOI,SIM,5 ago 2026,null,null,No,ABIERTAS,null,Monolínea,Mono_item,Piura,null
Satipo,Netcall,3 ago 2026,15,902895702,9028957028047159947635,9283,Outbound,Portabilidad Postpago,RETIRO EN TIENDA,Retiro en tienda,3130,ABIERTAS,Pendiente Entrega,Pendiente Entrega,NET_YCORNEJOA,SIM,3 ago 2026,null,null,No,ABIERTAS,null,Monolínea,Mono_item,Junin,null
Satipo,Netcall,1 ago 2026,10,902180855,9021808558040470228180,9283,Outbound,Portabilidad Postpago,RETIRO EN TIENDA,Retiro en tienda,3130,CERRADAS,Entregado,Entregado,NET_ANCASTROR,SIM,1 ago 2026,1 ago 2026,02/08/2026,Sí,CERRADAS,2026-08-02 00:30:57,Multilínea,Mono_item,Junin,39.95
Satipo,Netcall,1 ago 2026,13,902229569,9022295698040938495809,9283,Outbound,Portabilidad Postpago,RETIRO EN TIENDA,Retiro en tienda,3130,ABIERTAS,Pendiente Entrega,Pendiente Entrega,TLV_NET_APINTAD,SIM,1 ago 2026,null,null,No,ABIERTAS,null,Monolínea,Mono_item,Junin,null
Satipo,Netcall,1 ago 2026,11,902183837,9021838378040498328775,9283,Outbound,Portabilidad Prepago,RETIRO EN TIENDA,Retiro en tienda,3130,CERRADAS,Entregado,Entregado,NET_ANCASTROR,SIM,1 ago 2026,1 ago 2026,02/08/2026,Sí,CERRADAS,2026-08-02 01:00:47,Multilínea,Mono_item,Junin,19.95
Santiago De Surco,Netcall,1 ago 2026,14,902241674,9022416748041066774780,9271,Outbound,Portabilidad Postpago,EXPRESS,Logixtal,9342,CERRADAS,Entregado,Entregado,NET_GGARCIAS,SIM,1 ago 2026,1 ago 2026,02/08/2026,Sí,CERRADAS,2026-08-02 00:26:28,Monolínea,Mono_item,Lima - Callao,39.95
Santiago De Surco,Netcall,3 ago 2026,10,902796306,9027963068046209983237,9283,Outbound,Portabilidad Postpago,EXPRESS,Logixtal,9342,CERRADAS,Entregado,Entregado,TLV_NET_OCCONA,SIM,3 ago 2026,3 ago 2026,null,No,CERRADAS,2026-08-04 01:59:28,Monolínea,Mono_item,Lima - Callao,null
Santiago De Surco,Netcall,3 ago 2026,10,902807456,9028074568046318905602,9283,Outbound,Portabilidad Postpago,EXPRESS,Logixtal,9342,CERRADAS,Entregado,Entregado,TLV_NET_JMORO,SIM,3 ago 2026,3 ago 2026,null,No,CERRADAS,2026-08-04 01:25:19,Monolínea,Mono_item,Lima - Callao,null
Santiago De Surco,Netcall,3 ago 2026,12,902839167,9028391678046604237887,9283,Outbound,Portabilidad Postpago,PROGRAMADO,Logixtal,9342,ABIERTAS,Pendiente Entrega,Pendiente Entrega,NET_SRAMOSC,SIM,4 ago 2026,null,null,No,ABIERTAS,null,Monolínea,Mono_item,Lima - Callao,null
Santiago De Surco,Netcall,1 ago 2026,17,902292321,9022923218041593309590,9271,Outbound,Portabilidad Postpago,EXPRESS,Logixtal,9342,CERRADAS,Entregado,Entregado,NET_JAREVALOC,SIM,1 ago 2026,1 ago 2026,02/08/2026,Sí,CERRADAS,2026-08-02 00:47:24,Monolínea,Mono_item,Lima - Callao,29.95
Santiago De Surco,Netcall,3 ago 2026,15,902911683,9029116838047317535433,9283,Outbound,Portabilidad Postpago,EXPRESS,Logixtal,9342,ABIERTAS,Pendiente Entrega,Pendiente Entrega,NET_GCABALLEROC,SIM,3 ago 2026,null,null,No,ABIERTAS,null,Monolínea,Mono_item,Lima - Callao,null
Santiago De Surco,Netcall,3 ago 2026,12,902853952,902853952,9271,Outbound,Portabilidad Postpago,EXPRESS,Logixtal,9342,CERRADAS,Entregado,Entregado,NET_SANTONM,SIM,3 ago 2026,3 ago 2026,null,No,CERRADAS,2026-08-04 00:31:10,Monolínea,Mono_item,Lima - Callao,null
Santiago De Surco,Netcall,1 ago 2026,15,902268868,9022688688041362982087,9283,Outbound,Portabilidad Postpago,EXPRESS,Logixtal,9342,CERRADAS,Entregado,Entregado,TLV_NET_BCHAVEZ,SIM,1 ago 2026,1 ago 2026,02/08/2026,Sí,CERRADAS,2026-08-02 01:50:19,Multilínea,Multi_item,Lima - Callao,39.95
Santiago De Surco,Netcall,1 ago 2026,12,902213957,9022139578040782248609,9283,Outbound,Portabilidad Postpago,EXPRESS,Logixtal,9342,CERRADAS,Entregado,Entregado,NET_CCOBENAM,SIM,1 ago 2026,1 ago 2026,02/08/2026,Sí,CERRADAS,2026-08-02 01:27:51,Monolínea,Mono_item,Lima - Callao,29.91303
Santiago De Surco,Netcall,1 ago 2026,15,902268868,9022688688041362982306,9283,Outbound,Portabilidad Postpago,EXPRESS,Logixtal,9342,CERRADAS,Entregado,Entregado,TLV_NET_BCHAVEZ,SIM,1 ago 2026,1 ago 2026,02/08/2026,Sí,CERRADAS,2026-08-02 01:50:19,Multilínea,Multi_item,Lima - Callao,19.95
Santiago De Surco,Netcall,3 ago 2026,16,902928284,902928284,9271,Outbound,Portabilidad Postpago,EXPRESS,Logixtal,9342,CERRADAS,Entregado,Entregado,NET_BATOP,SIM,3 ago 2026,3 ago 2026,null,No,CERRADAS,2026-08-04 00:07:47,Monolínea,Mono_item,Lima - Callao,null
Santiago De Surco,Netcall,1 ago 2026,12,902207210,9022072108040851627897,9271,Outbound,Portabilidad Postpago,EXPRESS,Logixtal,9342,CERRADAS,Entregado,Entregado,NET_AYACILAP,SIM,1 ago 2026,1 ago 2026,02/08/2026,Sí,CERRADAS,2026-08-02 01:12:37,Monolínea,Mono_item,Lima - Callao,34.95
Santiago De Surco,Netcall,3 ago 2026,9,902787114,9027871148046122553306,9283,Outbound,Portabilidad Postpago,EXPRESS,Logixtal,9342,CERRADAS,Entregado,Entregado,NET_YMILLA,SIM,3 ago 2026,3 ago 2026,null,No,CERRADAS,2026-08-04 01:06:35,Monolínea,Mono_item,Lima - Callao,null
Santiago De Surco,Netcall,1 ago 2026,9,902156189,9021561898040238887742,9283,Outbound,Portabilidad Postpago,EXPRESS,Logixtal,9342,CERRADAS,Entregado,Entregado,NET_WBENITESA,SIM,1 ago 2026,1 ago 2026,02/08/2026,Sí,CERRADAS,2026-08-02 01:48:37,Monolínea,Mono_item,Lima - Callao,34.95
Santiago De Surco,Netcall,1 ago 2026,16,902276281,9022762818041427370668,9283,Outbound,Portabilidad Postpago,EXPRESS,Logixtal,9342,CERRADAS,Entregado,Entregado,NET_SSANGAYL,SIM,1 ago 2026,1 ago 2026,02/08/2026,Sí,CERRADAS,2026-08-02 01:49:16,Monolínea,Mono_item,Lima - Callao,29.95
Santiago,Netcall,1 ago 2026,14,902245180,9022451808041094037216,9271,Outbound,Portabilidad Postpago,EXPRESS,Logixtal,9343,CERRADAS,Entregado,Entregado,NET_FGUEVARAA,SIM,1 ago 2026,1 ago 2026,02/08/2026,Sí,CERRADAS,2026-08-02 01:08:03,Multilínea,Mono_item,Cusco,19.95
Santiago,Netcall,1 ago 2026,14,902243645,9022436458041082211878,9271,Outbound,Portabilidad Postpago,EXPRESS,Logixtal,9343,CERRADAS,Entregado,Entregado,NET_FGUEVARAA,SIM,1 ago 2026,1 ago 2026,02/08/2026,Sí,CERRADAS,2026-08-02 00:42:45,Multilínea,Mono_item,Cusco,39.95
Santiago,Netcall,1 ago 2026,14,902246786,9022467868041108149293,9271,Outbound,Portabilidad Postpago,EXPRESS,Logixtal,9343,CERRADAS,Entregado,Entregado,NET_FGUEVARAA,SIM,1 ago 2026,1 ago 2026,02/08/2026,Sí,CERRADAS,2026-08-02 02:00:53,Multilínea,Mono_item,Cusco,19.95
Santa Rosa,Netcall,3 ago 2026,16,902914448,9029144488047348476729,9283,Outbound,Portabilidad Postpago,PROGRAMADO,Logixtal,9001,ABIERTAS,Pendiente Entrega,Pendiente de Picking,NET_BYAUYOD,SIM,5 ago 2026,null,null,No,ABIERTAS,null,Monolínea,Mono_item,Lima - Callao,null
Santa Rosa,Netcall,3 ago 2026,15,902900640,9029006408047206648504,9283,Outbound,Portabilidad Postpago,PROGRAMADO,Logixtal,9001,ABIERTAS,Pendiente Entrega,Pendiente de Picking,NET_CQUISPITONO,SIM,5 ago 2026,null,null,No,ABIERTAS,null,Monolínea,Mono_item,Lima - Callao,null
Santa Rosa,Netcall,1 ago 2026,14,902243954,9022439548041083616697,9283,Outbound,Portabilidad Postpago,PROGRAMADO,Logixtal,9001,ABIERTAS,Pendiente Entrega,Pendiente Entrega,NET_YRAYMUNDOTA,SIM,3 ago 2026,null,null,No,ABIERTAS,null,Monolínea,Mono_item,Lima - Callao,null
Santa Maria,Netcall,3 ago 2026,11,902835343,9028353438046569968668,9271,Outbound,Portabilidad Postpago,PROGRAMADO,Logixtal,9001,ABIERTAS,Pendiente Entrega,Pendiente Entrega,NET_MSUAREZG,SIM,4 ago 2026,null,null,No,ABIERTAS,null,Monolínea,Mono_item,Lima - Callao,null
Santa Eulalia,Netcall,3 ago 2026,15,902903175,9029031758047231648443,9283,Outbound,Portabilidad Postpago,PROGRAMADO,Logixtal,9001,ABIERTAS,Pendiente Entrega,Pendiente de Picking,NET_BOLAYAC,SIM,5 ago 2026,null,null,No,ABIERTAS,null,Monolínea,Mono_item,Lima - Callao,null
Santa Anita,Netcall,1 ago 2026,11,902198742,9021987428040638094477,9283,Outbound,Venta Regular / Alta,EXPRESS,Logixtal,9001,CERRADAS,Entregado,Entregado,NET_GBUITRONL,SIM,1 ago 2026,1 ago 2026,01/08/2026,Sí,CERRADAS,2026-08-01 15:31:12,Multilínea,Mono_item,Lima - Callao,19.95
Santa Anita,Netcall,1 ago 2026,17,902302397,9023023978041693721129,9283,Outbound,Portabilidad Postpago,EXPRESS,Logixtal,9001,CERRADAS,Entregado,Entregado,NET_GMENDIGUETE,SIM,1 ago 2026,1 ago 2026,02/08/2026,Sí,CERRADAS,2026-08-02 00:58:37,Monolínea,Mono_item,Lima - Callao,29.95
Santa Anita,Netcall,1 ago 2026,15,902270823,9022708238041362886666,9283,Outbound,Portabilidad Postpago,EXPRESS,Logixtal,9001,CERRADAS,Entregado,Entregado,NET_YFLORESR,SIM,1 ago 2026,1 ago 2026,02/08/2026,Sí,CERRADAS,2026-08-02 01:28:58,Multilínea,Mono_item,Lima - Callao,39.95
Santa Anita,Netcall,1 ago 2026,11,902189504,9021895048040552701700,9283,Outbound,Venta Regular / Alta,EXPRESS,Logixtal,9001,CERRADAS,Entregado,Entregado,NET_GBUITRONL,SIM,1 ago 2026,1 ago 2026,01/08/2026,Sí,CERRADAS,2026-08-01 15:33:23,Multilínea,Mono_item,Lima - Callao,59.90103
Santa Anita,Netcall,3 ago 2026,17,902932859,9029328598047578858159,9283,Outbound,Portabilidad Postpago,EXPRESS,Logixtal,9001,CERRADAS,Entregado,Entregado,NET_KROJASNAUPA,SIM,3 ago 2026,3 ago 2026,null,No,CERRADAS,2026-08-04 00:57:38,Monolínea,Mono_item,Lima - Callao,null
Santa Anita,Netcall,1 ago 2026,11,902194045,9021940458040591390821,9271,Outbound,Portabilidad Postpago,EXPRESS,Logixtal,9001,CERRADAS,Entregado,Entregado,NET_LNECIOSUPC,SIM,1 ago 2026,1 ago 2026,02/08/2026,Sí,CERRADAS,2026-08-02 00:24:26,Monolínea,Mono_item,Lima - Callao,39.95
Santa Anita,Netcall,4 ago 2026,8,903198198,90319819889511710111068545918,9283,Outbound,Portabilidad Postpago,EXPRESS,Logixtal,9001,ABIERTAS,Pendiente Entrega,Pendiente Entrega,NET_GFLORESS,SIM,4 ago 2026,null,null,No,ABIERTAS,null,Multilínea,Mono_item,Lima - Callao,null
Santa Anita,Netcall,1 ago 2026,11,902183838,9021838388040499312349,9271,Outbound,Portabilidad Postpago,EXPRESS,Logixtal,9001,CERRADAS,Entregado,Entregado,NET_KANGELESS,SIM,1 ago 2026,1 ago 2026,02/08/2026,Sí,CERRADAS,2026-08-02 01:39:53,Monolínea,Mono_item,Lima - Callao,34.95
Santa Anita,Netcall,3 ago 2026,12,902855192,9028551928046755632104,9283,Outbound,Portabilidad Postpago,EXPRESS,Logixtal,9001,CANCELADAS,Anulado,CLIENTE DESISTE - NO BRINDA MOTIVOS,NET_YCASTILLOO,SIM,3 ago 2026,null,null,No,CANCELADAS,2026-08-03 13:10:53,Monolínea,Mono_item,Lima - Callao,null
Santa Anita,Netcall,1 ago 2026,13,902227841,9022278418040918934060,9283,Outbound,Portabilidad Postpago,EXPRESS,Logixtal,9001,CERRADAS,Entregado,Entregado,NET_EMEDINAU,SIM,1 ago 2026,1 ago 2026,02/08/2026,Sí,CERRADAS,2026-08-02 01:01:13,Multilínea,Multi_item,Lima - Callao,19.95
Santa Anita,Netcall,1 ago 2026,11,902200648,9022006488040657274607,9283,Outbound,Portabilidad Postpago,EXPRESS,Logixtal,9001,CERRADAS,Entregado,Entregado,NET_GBUITRONL,SIM,1 ago 2026,1 ago 2026,02/08/2026,Sí,CERRADAS,2026-08-02 01:17:26,Multilínea,Mono_item,Lima - Callao,19.95
Santa Anita,Netcall,1 ago 2026,18,902322058,9023220588041885770147,9271,Outbound,Portabilidad Postpago,EXPRESS,Logixtal,9001,CERRADAS,Entregado,Entregado,NET_GHUAMANT,SIM,1 ago 2026,1 ago 2026,02/08/2026,Sí,CERRADAS,2026-08-02 01:20:46,Monolínea,Mono_item,Lima - Callao,29.95
Santa Anita,Netcall,3 ago 2026,15,902901778,9029017788047242520969,9283,Outbound,Portabilidad Postpago,EXPRESS,Logixtal,9001,CERRADAS,Entregado,Entregado,TLV_NET_KARANDA,SIM,3 ago 2026,3 ago 2026,null,No,CERRADAS,2026-08-04 00:50:05,Monolínea,Mono_item,Lima - Callao,null
Santa Anita,Netcall,1 ago 2026,11,902188299,9021882998040541828996,9283,Outbound,Portabilidad Postpago,EXPRESS,Logixtal,9001,CERRADAS,Entregado,Entregado,NET_GBUITRONL,SIM,1 ago 2026,1 ago 2026,02/08/2026,Sí,CERRADAS,2026-08-02 01:04:00,Multilínea,Mono_item,Lima - Callao,19.95
Santa Anita,Netcall,3 ago 2026,11,902816934,9028169348046390319056,9271,Outbound,Portabilidad Postpago,EXPRESS,Logixtal,9001,CERRADAS,Entregado,Entregado,NET_MVASQUEZV,SIM,3 ago 2026,3 ago 2026,null,No,CERRADAS,2026-08-04 01:07:33,Monolínea,Mono_item,Lima - Callao,null
Santa Anita,Netcall,1 ago 2026,11,902186629,9021866298040523983564,9283,Outbound,Venta Regular / Alta,EXPRESS,Logixtal,9001,CERRADAS,Entregado,Entregado,NET_GBUITRONL,SIM,1 ago 2026,1 ago 2026,01/08/2026,Sí,CERRADAS,2026-08-01 15:33:19,Multilínea,Mono_item,Lima - Callao,19.95
Santa Anita,Netcall,2 ago 2026,15,902559023,9025590238044235647428,9271,Outbound,Portabilidad Postpago,PROGRAMADO,Logixtal,9001,ABIERTAS,Pendiente Entrega,Pendiente Entrega,NET_DDELAGUILAA,SIM,3 ago 2026,null,null,No,ABIERTAS,null,Monolínea,Mono_item,Lima - Callao,null
Santa Anita,Netcall,1 ago 2026,15,902268267,9022682678041345037296,9271,Outbound,Portabilidad Postpago,EXPRESS,Logixtal,9001,CERRADAS,Entregado,Entregado,NET_KESCORZAC,SIM,1 ago 2026,1 ago 2026,02/08/2026,Sí,CERRADAS,2026-08-02 00:53:00,Monolínea,Mono_item,Lima - Callao,29.95
Santa Anita,Netcall,3 ago 2026,14,902880574,9028805748047009516565,9271,Outbound,Portabilidad Postpago,EXPRESS,Logixtal,9001,CERRADAS,Entregado,Entregado,NET_LLEIVAH,SIM,3 ago 2026,3 ago 2026,null,No,CERRADAS,2026-08-04 01:06:48,Monolínea,Mono_item,Lima - Callao,null
Santa Anita,Netcall,3 ago 2026,11,902821820,9028218208046423711617,9283,Outbound,Portabilidad Postpago,EXPRESS,Logixtal,9001,CERRADAS,Entregado,Entregado,NET_JPRADOP,SIM,3 ago 2026,3 ago 2026,null,No,CERRADAS,2026-08-04 00:54:23,Monolínea,Mono_item,Lima - Callao,null
Santa Anita,Netcall,1 ago 2026,17,902299906,9022999068041674514225,9283,Outbound,Portabilidad Prepago,EXPRESS,Logixtal,9001,CERRADAS,Entregado,Entregado,TLV_NET_DVALOI,SIM,1 ago 2026,1 ago 2026,02/08/2026,Sí,CERRADAS,2026-08-02 01:30:05,Monolínea,Mono_item,Lima - Callao,29.91303
Santa Anita,Netcall,3 ago 2026,17,902945630,9029456308047640611058,9283,Outbound,Portabilidad Postpago,EXPRESS,Logixtal,9001,CANCELADAS,Anulado,PIN-PORTA NO LLEGA SMS,NET_SPALACIOSA,SIM,3 ago 2026,null,null,No,CANCELADAS,2026-08-03 19:10:52,Monolínea,Mono_item,Lima - Callao,null
Santa Anita,Netcall,4 ago 2026,8,903198635,90319863589511710111068545900,9283,Outbound,Venta Regular / Alta,EXPRESS,Logixtal,9001,ABIERTAS,Pendiente Entrega,Pendiente Entrega,NET_GFLORESS,SIM,4 ago 2026,null,null,No,ABIERTAS,null,Multilínea,Mono_item,Lima - Callao,null
Santa Anita,Netcall,3 ago 2026,12,902849146,9028491468046688695561,9283,Outbound,Portabilidad Postpago,EXPRESS,Logixtal,9001,CERRADAS,Entregado,Entregado,NET_JBARRAGANH,SIM,3 ago 2026,3 ago 2026,null,No,CERRADAS,2026-08-04 01:57:53,Monolínea,Mono_item,Lima - Callao,null
Santa Anita,Netcall,3 ago 2026,10,902793400,9027934008046182074291,9271,Outbound,Portabilidad Postpago,EXPRESS,Logixtal,9001,CERRADAS,Entregado,Entregado,NET_MVASQUEZV,SIM,3 ago 2026,3 ago 2026,null,No,CERRADAS,2026-08-04 01:24:21,Monolínea,Mono_item,Lima - Callao,null
Santa Anita,Netcall,1 ago 2026,11,902202170,9022021708040668544231,9283,Outbound,Venta Regular / Alta,EXPRESS,Logixtal,9001,CERRADAS,Entregado,Entregado,NET_GBUITRONL,SIM,1 ago 2026,1 ago 2026,01/08/2026,Sí,CERRADAS,2026-08-01 15:06:18,Multilínea,Mono_item,Lima - Callao,59.90103
Santa Anita,Netcall,1 ago 2026,13,902227841,9022278418040918934279,9283,Outbound,Portabilidad Prepago,EXPRESS,Logixtal,9001,CERRADAS,Entregado,Entregado,NET_EMEDINAU,SIM,1 ago 2026,1 ago 2026,02/08/2026,Sí,CERRADAS,2026-08-02 01:01:13,Multilínea,Multi_item,Lima - Callao,39.95
Santa Anita,Netcall,1 ago 2026,9,902160536,9021605368040277266654,9283,Outbound,Portabilidad Postpago,EXPRESS,Logixtal,9001,CANCELADAS,Anulado,CLIENTE DESISTE - NO BRINDA MOTIVOS,NET_YRUEDAMONDR,SIM,1 ago 2026,null,null,No,CANCELADAS,2026-08-01 11:30:22,Monolínea,Mono_item,Lima - Callao,null
Santa Anita,Netcall,1 ago 2026,16,902272502,9022725028041387725372,9283,Outbound,Portabilidad Prepago,EXPRESS,Logixtal,9001,CERRADAS,Entregado,Entregado,NET_YFLORESR,SIM,1 ago 2026,1 ago 2026,02/08/2026,Sí,CERRADAS,2026-08-02 02:01:18,Multilínea,Mono_item,Lima - Callao,19.95
Santa,Netcall,1 ago 2026,15,902261388,9022613888041267476323,9283,Outbound,Portabilidad Postpago,RETIRO EN TIENDA,Retiro en tienda,1004,CERRADAS,Entregado,Entregado,TLV_NET_MMURGAF,SIM,1 ago 2026,1 ago 2026,02/08/2026,Sí,CERRADAS,2026-08-02 11:53:31,Multilínea,Multi_item,Ancash,19.95
Santa,Netcall,3 ago 2026,11,902820586,9028205868046414743124,9283,Outbound,Portabilidad Postpago,RETIRO EN TIENDA,Retiro en tienda,1004,CERRADAS,Entregado,Entregado,NET_MDONAYRE,SIM,3 ago 2026,3 ago 2026,null,No,CERRADAS,2026-08-04 01:54:27,Multilínea,Mono_item,Ancash,null
Santa,Netcall,3 ago 2026,16,902919231,9029192318047407776295,9283,Outbound,Portabilidad Postpago,RETIRO EN TIENDA,Retiro en tienda,1004,CERRADAS,Entregado,Entregado,NET_MORIHUELAQ,SIM,3 ago 2026,3 ago 2026,null,No,CERRADAS,2026-08-04 01:42:26,Monolínea,Mono_item,Ancash,null
Santa,Netcall,3 ago 2026,17,902945777,9029457778047645549632,9283,Outbound,Portabilidad Postpago,RETIRO EN TIENDA,Retiro en tienda,1004,ABIERTAS,Pendiente Entrega,Pendiente Entrega,NET_SLAZOB,SIM,3 ago 2026,null,null,No,ABIERTAS,null,Monolínea,Mono_item,Ancash,null
Santa,Netcall,3 ago 2026,9,902784921,9027849218046102598937,9283,Outbound,Portabilidad Postpago,RETIRO EN TIENDA,Retiro en tienda,3205,CERRADAS,Entregado,Entregado,NET_YFLORESR,SIM,3 ago 2026,3 ago 2026,null,No,CERRADAS,2026-08-04 01:35:00,Monolínea,Mono_item,Ancash,null
Santa,Netcall,1 ago 2026,18,902318494,9023184948041854310410,9283,Outbound,Portabilidad Postpago,RETIRO EN TIENDA,Retiro en tienda,3205,ABIERTAS,Pendiente Entrega,Pendiente Entrega,NET_MFERRER,SIM,1 ago 2026,null,null,No,ABIERTAS,null,Monolínea,Mono_item,Ancash,null
Santa,Netcall,1 ago 2026,10,902179731,9021797318040454154253,9283,Outbound,Portabilidad Postpago,RETIRO EN TIENDA,Retiro en tienda,1004,ABIERTAS,Pendiente Entrega,Pendiente Entrega,NET_ATRIVINOS,SIM,1 ago 2026,null,null,No,ABIERTAS,null,Monolínea,Mono_item,Ancash,null
Santa,Netcall,3 ago 2026,11,902818311,902818311,9283,Outbound,Portabilidad Postpago,RETIRO EN TIENDA,Retiro en tienda,1004,CERRADAS,Entregado,Entregado,NET_MDONAYRE,SIM,3 ago 2026,3 ago 2026,null,No,CERRADAS,2026-08-04 00:35:45,Multilínea,Mono_item,Ancash,null
Santa,Netcall,1 ago 2026,18,902320246,9023202468041871148566,9283,Outbound,Portabilidad Prepago,RETIRO EN TIENDA,Retiro en tienda,3205,CERRADAS,Entregado,Entregado,NET_MFERRER,SIM,1 ago 2026,1 ago 2026,02/08/2026,Sí,CERRADAS,2026-08-02 01:56:19,Monolínea,Mono_item,Ancash,29.95
Santa,Netcall,3 ago 2026,18,902979425,9029794258047983987134,9271,Outbound,Portabilidad Postpago,RETIRO EN TIENDA,Retiro en tienda,1004,ABIERTAS,Pendiente Entrega,Pendiente Entrega,NET_SNIMAG,SIM,3 ago 2026,null,null,No,ABIERTAS,null,Monolínea,Mono_item,Ancash,null
Santa,Netcall,3 ago 2026,11,902822435,9028224358046427216803,9283,Outbound,Portabilidad Postpago,RETIRO EN TIENDA,Retiro en tienda,1004,CERRADAS,Entregado,Entregado,NET_MDONAYRE,SIM,3 ago 2026,3 ago 2026,null,No,CERRADAS,2026-08-04 01:55:09,Multilínea,Mono_item,Ancash,null
Santa,Netcall,1 ago 2026,15,902261388,9022613888041267476542,9283,Outbound,Portabilidad Postpago,RETIRO EN TIENDA,Retiro en tienda,1004,CERRADAS,Entregado,Entregado,TLV_NET_MMURGAF,SIM,1 ago 2026,1 ago 2026,02/08/2026,Sí,CERRADAS,2026-08-02 11:53:31,Multilínea,Multi_item,Ancash,39.95
Santa,Netcall,1 ago 2026,14,902245788,9022457888041098611378,9271,Outbound,Portabilidad Postpago,RETIRO EN TIENDA,Retiro en tienda,1004,CERRADAS,Entregado,Entregado,NET_LGOMEZA,SIM,1 ago 2026,1 ago 2026,02/08/2026,Sí,CERRADAS,2026-08-02 01:57:38,Monolínea,Mono_item,Ancash,34.95
Santa,Netcall,1 ago 2026,9,902152904,9021529048040202799615,9283,Outbound,Portabilidad Postpago,RETIRO EN TIENDA,Retiro en tienda,1004,CERRADAS,Entregado,Entregado,TLV_NET_MLANDAR,SIM,1 ago 2026,1 ago 2026,02/08/2026,Sí,CERRADAS,2026-08-02 01:12:22,Monolínea,Mono_item,Ancash,34.95
Santa,Netcall,1 ago 2026,13,902237999,9022379998041025225799,9271,Outbound,Portabilidad Postpago,RETIRO EN TIENDA,Retiro en tienda,3205,CANCELADAS,Cancelado,Cancelado,NET_MVASQUEZV,SIM,1 ago 2026,null,null,No,CANCELADAS,2026-08-01 16:24:31,Monolínea,Mono_item,Ancash,null
Sanchez Carrion,Netcall,1 ago 2026,10,902170407,9021704078040368162972,9283,Outbound,Portabilidad Postpago,RETIRO EN TIENDA,Retiro en tienda,2112,CERRADAS,Entregado,Entregado,NET_LCALDERONC,SIM,1 ago 2026,1 ago 2026,02/08/2026,Sí,CERRADAS,2026-08-02 00:26:56,Monolínea,Mono_item,La Libertad,34.95
Sanchez Carrion,Netcall,3 ago 2026,17,902954180,9029541808047726384793,9283,Outbound,Portabilidad Postpago,RETIRO EN TIENDA,Retiro en tienda,2112,CERRADAS,Entregado,Entregado,NET_CRAMOSC,SIM,3 ago 2026,3 ago 2026,null,No,CERRADAS,2026-08-04 02:28:00,Monolínea,Mono_item,La Libertad,null
Sanchez Carrion,Netcall,3 ago 2026,19,902996111,9029961118048151760583,9283,Outbound,Portabilidad Postpago,RETIRO EN TIENDA,Retiro en tienda,2112,ABIERTAS,Pendiente Entrega,Pendiente Entrega,NET_GMENDIGUETE,SIM,3 ago 2026,null,null,No,ABIERTAS,null,Monolínea,Mono_item,La Libertad,null
Sanchez Carrion,Netcall,1 ago 2026,10,902169447,9021694478040360089384,9283,Outbound,Portabilidad Prepago,RETIRO EN TIENDA,Retiro en tienda,2112,CERRADAS,Entregado,Entregado,NET_NCANCHOP,SIM,1 ago 2026,1 ago 2026,02/08/2026,Sí,CERRADAS,2026-08-02 00:28:03,Monolínea,Mono_item,La Libertad,29.95
San Sebastian,Netcall,1 ago 2026,14,902244080,9022440808041086685571,9283,Outbound,Portabilidad Postpago,PROGRAMADO,Logixtal,9343,ABIERTAS,Pendiente Entrega,Pendiente Entrega,NET_LLOBATONV,SIM,3 ago 2026,null,null,No,ABIERTAS,null,Monolínea,Mono_item,Cusco,null
San Sebastian,Netcall,3 ago 2026,13,902871854,9028718548046913370992,9283,Outbound,Portabilidad Postpago,EXPRESS,Logixtal,9343,ABIERTAS,Pendiente Entrega,Pendiente Entrega,NET_PSANCHEZE,SIM,3 ago 2026,null,null,No,ABIERTAS,null,Monolínea,Mono_item,Cusco,null
San Sebastian,Netcall,3 ago 2026,14,902887887,902887887,9283,Outbound,Portabilidad Postpago,EXPRESS,Logixtal,9343,CERRADAS,Entregado,Entregado,NET_KCARRENOV,SIM,3 ago 2026,3 ago 2026,null,No,CERRADAS,2026-08-04 00:32:39,Monolínea,Mono_item,Cusco,null
San Sebastian,Netcall,3 ago 2026,11,902812649,9028126498046500384991,9271,Outbound,Portabilidad Postpago,EXPRESS,Logixtal,9343,ABIERTAS,Entregado,Entregado,NET_JLUCIANOT,SIM,3 ago 2026,3 ago 2026,null,No,ABIERTAS,null,Monolínea,Mono_item,Cusco,null
San Sebastian,Netcall,3 ago 2026,11,902820811,9028208118046413623187,9283,Outbound,Portabilidad Postpago,EXPRESS,Logixtal,9343,ABIERTAS,Entregado,Entregado,NET_IVARGASI,SIM,3 ago 2026,3 ago 2026,null,No,ABIERTAS,null,Monolínea,Mono_item,Cusco,null
San Sebastian,Netcall,1 ago 2026,12,902208326,9022083268040751260880,9283,Outbound,Portabilidad Postpago,EXPRESS,Logixtal,9343,CERRADAS,Entregado,Entregado,NET_DDEPINHOZ,SIM,1 ago 2026,1 ago 2026,02/08/2026,Sí,CERRADAS,2026-08-02 01:30:45,Monolínea,Mono_item,Cusco,29.91303
San Sebastian,Netcall,3 ago 2026,18,902964765,9029647658047832444274,9283,Outbound,Portabilidad Postpago,PROGRAMADO,Logixtal,9343,ABIERTAS,Pendiente Entrega,Pendiente Entrega,NET_RTORRESB,SIM,4 ago 2026,null,null,No,ABIERTAS,null,Monolínea,Mono_item,Cusco,null
San Roman,Netcall,3 ago 2026,14,902888938,9028889388047079050709,9283,Outbound,Portabilidad Postpago,RETIRO EN TIENDA,Retiro en tienda,2104,CERRADAS,Entregado,Entregado,NET_JSIADEN,SIM,3 ago 2026,3 ago 2026,null,No,CERRADAS,2026-08-04 00:50:58,Monolínea,Mono_item,Puno,null
San Roman,Netcall,3 ago 2026,11,902822471,9028224718046427624559,9271,Outbound,Portabilidad Postpago,RETIRO EN TIENDA,Retiro en tienda,2104,CANCELADAS,Cancelado,Cancelado,NET_YFALCONP,SIM,3 ago 2026,null,null,No,CANCELADAS,2026-08-03 12:37:59,Multilínea,Mono_item,Puno,null
San Roman,Netcall,3 ago 2026,17,902938004,9029380048047597991580,9283,Outbound,Portabilidad Postpago,RETIRO EN TIENDA,Retiro en tienda,2104,ABIERTAS,Pendiente Entrega,Pendiente Entrega,NET_JRAMIREZQ,SIM,3 ago 2026,null,null,No,ABIERTAS,null,Monolínea,Mono_item,Puno,null
San Roman,Netcall,1 ago 2026,10,902169559,9021695598040359378565,9283,Outbound,Portabilidad Postpago,RETIRO EN TIENDA,Retiro en tienda,2104,CERRADAS,Entregado,Entregado,TLV_NET_DVALOI,SIM,1 ago 2026,1 ago 2026,02/08/2026,Sí,CERRADAS,2026-08-02 00:14:07,Multilínea,Mono_item,Puno,39.95
San Roman,Netcall,4 ago 2026,8,903196076,903196076Empty,9283,Outbound,Portabilidad Postpago,RETIRO EN TIENDA,Retiro en tienda,2104,ABIERTAS,Pendiente Entrega,Pendiente Entrega,TLV_NET_CSILVAP,SIM,4 ago 2026,null,null,No,ABIERTAS,null,Multilínea,Mono_item,Puno,null
San Roman,Netcall,1 ago 2026,10,902170272,9021702728040366391228,9283,Outbound,Portabilidad Postpago,RETIRO EN TIENDA,Retiro en tienda,2104,CERRADAS,Entregado,Entregado,TLV_NET_DVALOI,SIM,1 ago 2026,1 ago 2026,02/08/2026,Sí,CERRADAS,2026-08-02 01:38:53,Multilínea,Mono_item,Puno,19.95
San Roman,Netcall,3 ago 2026,13,902865894,9028658948046856013259,9283,Outbound,Portabilidad Postpago,RETIRO EN TIENDA,Retiro en tienda,2104,CERRADAS,Entregado,Entregado,NET_ADOROTEOSAL,SIM,3 ago 2026,3 ago 2026,null,No,CERRADAS,2026-08-04 02:02:39,Monolínea,Mono_item,Puno,null
San Roman,Netcall,1 ago 2026,11,902190455,9021904558040556617791,9283,Outbound,Venta Regular / Alta,RETIRO EN TIENDA,Retiro en tienda,2104,CANCELADAS,Cancelado,Cancelado,NET_SAVILAC,SIM,1 ago 2026,null,null,No,CANCELADAS,2026-08-03 09:32:58,Multilínea,Mono_item,Puno,null
San Roman,Netcall,1 ago 2026,17,902298665,9022986658041660556827,9283,Outbound,Portabilidad Postpago,RETIRO EN TIENDA,Retiro en tienda,2104,CERRADAS,Entregado,Entregado,TLV_NET_MCHAMBI,SIM,1 ago 2026,1 ago 2026,02/08/2026,Sí,CERRADAS,2026-08-02 00:56:09,Monolínea,Mono_item,Puno,29.95
San Roman,Netcall,1 ago 2026,19,902335026,9023350268042025529383,9283,Outbound,Portabilidad Postpago,RETIRO EN TIENDA,Retiro en tienda,2104,CERRADAS,Entregado,Entregado,TLV_NET_MCHAMBI,SIM,1 ago 2026,1 ago 2026,02/08/2026,Sí,CERRADAS,2026-08-02 00:33:15,Monolínea,Mono_item,Puno,29.95
San Roman,Netcall,3 ago 2026,12,902855951,902855951,9271,Outbound,Portabilidad Postpago,RETIRO EN TIENDA,Retiro en tienda,2104,CERRADAS,Entregado,Entregado,NET_YFALCONP,SIM,3 ago 2026,3 ago 2026,null,No,CERRADAS,2026-08-04 00:36:29,Multilínea,Mono_item,Puno,null
San Roman,Netcall,1 ago 2026,17,902259861,9022598618041598151251,9283,Outbound,Portabilidad Postpago,RETIRO EN TIENDA,Retiro en tienda,2104,CERRADAS,Entregado,Entregado,TLV_NET_MCHAMBI,SIM,1 ago 2026,1 ago 2026,02/08/2026,Sí,CERRADAS,2026-08-02 06:18:31,Monolínea,Mono_item,Puno,29.95
San Roman,Netcall,1 ago 2026,10,902165958,9021659588040323753308,9283,Outbound,Portabilidad Postpago,RETIRO EN TIENDA,Retiro en tienda,2104,CERRADAS,Entregado,Entregado,TLV_NET_JMORO,SIM,1 ago 2026,2 ago 2026,03/08/2026,Sí,CERRADAS,2026-08-03 01:00:41,Monolínea,Mono_item,Puno,39.95
San Roman,Netcall,2 ago 2026,11,902512616,9025126168043817822586,9283,Outbound,Portabilidad Prepago,RETIRO EN TIENDA,Retiro en tienda,2104,CERRADAS,Entregado,Entregado,TLV_NET_DCASTIA,SIM,2 ago 2026,2 ago 2026,03/08/2026,Sí,CERRADAS,2026-08-03 01:41:38,Monolínea,Mono_item,Puno,29.95
San Roman,Netcall,3 ago 2026,10,902807148,9028071488046314703731,9283,Outbound,Portabilidad Postpago,RETIRO EN TIENDA,Retiro en tienda,2104,CERRADAS,Entregado,Entregado,NET_EGOMEZB,SIM,3 ago 2026,3 ago 2026,null,No,CERRADAS,2026-08-04 00:59:56,Monolínea,Mono_item,Puno,null
San Roman,Netcall,3 ago 2026,16,902918023,902918023,9283,Outbound,Portabilidad Postpago,RETIRO EN TIENDA,Retiro en tienda,2104,CERRADAS,Entregado,Entregado,NET_TBECERRAC,SIM,3 ago 2026,3 ago 2026,null,No,CERRADAS,2026-08-04 00:40:40,Multilínea,Mono_item,Puno,null
San Roman,Netcall,1 ago 2026,18,902308579,9023085798041757635700,9271,Outbound,Portabilidad Prepago,RETIRO EN TIENDA,Retiro en tienda,2104,CERRADAS,Entregado,Entregado,NET_MCVASQUEZ,SIM,1 ago 2026,2 ago 2026,03/08/2026,Sí,CERRADAS,2026-08-03 01:37:19,Monolínea,Mono_item,Puno,29.95
San Roman,Netcall,3 ago 2026,9,902783310,9027833108046084096479,9283,Outbound,Portabilidad Postpago,RETIRO EN TIENDA,Retiro en tienda,2104,CERRADAS,Entregado,Entregado,TLV_NET_RBURGOS,SIM,3 ago 2026,3 ago 2026,null,No,CERRADAS,2026-08-04 01:36:46,Monolínea,Mono_item,Puno,null
San Roman,Netcall,1 ago 2026,17,902308154,9023081548041760099514,9271,Outbound,Portabilidad Postpago,RETIRO EN TIENDA,Retiro en tienda,2104,ABIERTAS,Entregado,Entregado,NET_LDIAZ,SIM,1 ago 2026,1 ago 2026,null,No,ABIERTAS,null,Monolínea,Mono_item,Puno,null
San Roman,Netcall,3 ago 2026,15,902904422,9029044228047248845395,9283,Outbound,Portabilidad Postpago,RETIRO EN TIENDA,Retiro en tienda,2104,CANCELADAS,Cancelado,Cancelado,TLV_NET_JMORO,SIM,3 ago 2026,null,null,No,CANCELADAS,2026-08-03 21:44:14,Monolínea,Mono_item,Puno,null
San Roman,Netcall,1 ago 2026,9,902161948,9021619488040294762419,9283,Outbound,Portabilidad Postpago,RETIRO EN TIENDA,Retiro en tienda,2104,CERRADAS,Entregado,Entregado,NET_JRIVADENEIC,SIM,1 ago 2026,1 ago 2026,02/08/2026,Sí,CERRADAS,2026-08-02 00:30:06,Multilínea,Mono_item,Puno,19.95
San Roman,Netcall,1 ago 2026,11,902193557,9021935578040584123815,9283,Outbound,Portabilidad Postpago,RETIRO EN TIENDA,Retiro en tienda,2104,CANCELADAS,Cancelado,Cancelado,NET_SAVILAC,SIM,1 ago 2026,null,null,No,CANCELADAS,2026-08-03 22:08:04,Multilínea,Mono_item,Puno,null
San Roman,Netcall,1 ago 2026,11,902196723,9021967238040613749942,9283,Outbound,Portabilidad Postpago,RETIRO EN TIENDA,Retiro en tienda,2104,CERRADAS,Entregado,Entregado,NET_WBENITESA,SIM,1 ago 2026,1 ago 2026,02/08/2026,Sí,CERRADAS,2026-08-02 00:56:08,Monolínea,Mono_item,Puno,34.95
San Roman,Netcall,3 ago 2026,15,902907417,9029074178047277985242,9283,Outbound,Portabilidad Postpago,RETIRO EN TIENDA,Retiro en tienda,2104,ABIERTAS,Pendiente Entrega,Pendiente Entrega,NET_LDIAZM,SIM,3 ago 2026,null,null,No,ABIERTAS,null,Multilínea,Mono_item,Puno,null
San Roman,Netcall,1 ago 2026,9,902163516,9021635168040307774754,9283,Outbound,Venta Regular / Alta,RETIRO EN TIENDA,Retiro en tienda,2104,CERRADAS,Entregado,Entregado,NET_JRIVADENEIC,SIM,1 ago 2026,1 ago 2026,01/08/2026,Sí,CERRADAS,2026-08-01 13:31:41,Multilínea,Mono_item,Puno,44.907802191
San Roman,Netcall,3 ago 2026,18,902971482,9029714828047904815377,9283,Outbound,Portabilidad Postpago,RETIRO EN TIENDA,Retiro en tienda,2104,ABIERTAS,Pendiente Entrega,Pendiente Entrega,NET_GGUTIERREZM,SIM,3 ago 2026,null,null,No,ABIERTAS,null,Monolínea,Mono_item,Puno,null
San Roman,Netcall,2 ago 2026,14,902554486,9025544868044191544522,9271,Outbound,Portabilidad Postpago,RETIRO EN TIENDA,Retiro en tienda,2104,CERRADAS,Entregado,Entregado,NET_ATELLOY,SIM,2 ago 2026,2 ago 2026,03/08/2026,Sí,CERRADAS,2026-08-03 00:48:34,Monolínea,Mono_item,Puno,29.95
San Roman,Netcall,3 ago 2026,15,902905672,9029056728047260177688,9283,Outbound,Portabilidad Postpago,RETIRO EN TIENDA,Retiro en tienda,2104,CERRADAS,Entregado,Entregado,NET_LDIAZM,SIM,3 ago 2026,3 ago 2026,null,No,CERRADAS,2026-08-04 03:40:48,Multilínea,Mono_item,Puno,null
San Roman,Netcall,3 ago 2026,16,902919247,9029192478047387817214,9283,Outbound,Portabilidad Postpago,RETIRO EN TIENDA,Retiro en tienda,2104,CERRADAS,Entregado,Entregado,NET_TBECERRAC,SIM,3 ago 2026,3 ago 2026,null,No,CERRADAS,2026-08-04 02:03:36,Multilínea,Mono_item,Puno,null
San Miguel,Netcall,3 ago 2026,16,902924098,9029240988047432825604,9283,Outbound,Portabilidad Postpago,EXPRESS,Logixtal,9001,ABIERTAS,Entregado,Entregado,NET_GCABALLEROC,SIM,3 ago 2026,3 ago 2026,null,No,ABIERTAS,null,Monolínea,Mono_item,Lima - Callao,null
San Miguel,Netcall,2 ago 2026,7,902423854,9024238548043275102608,9283,Outbound,Portabilidad Postpago,EXPRESS,Logixtal,9001,CERRADAS,Entregado,Entregado,NET_EBOZA,SIM,2 ago 2026,2 ago 2026,03/08/2026,Sí,CERRADAS,2026-08-03 01:03:02,Monolínea,Mono_item,Lima - Callao,29.91303
San Miguel,Netcall,1 ago 2026,12,902219273,9022192738040833508673,9271,Outbound,Portabilidad Postpago,EXPRESS,Logixtal,9001,CERRADAS,Entregado,Entregado,NET_JCHUQUILINL,SIM,1 ago 2026,1 ago 2026,02/08/2026,Sí,CERRADAS,2026-08-02 00:31:03,Multilínea,Mono_item,Lima - Callao,39.95
San Miguel,Netcall,3 ago 2026,9,902781166,9027811668046061576270,9283,Outbound,Portabilidad Postpago,EXPRESS,Logixtal,9001,CERRADAS,Entregado,Entregado,NET_DFRANCIAH,SIM,3 ago 2026,3 ago 2026,null,No,CERRADAS,2026-08-04 00:49:36,Monolínea,Mono_item,Lima - Callao,null
San Miguel,Netcall,3 ago 2026,15,902907613,9029076138047274034327,9283,Outbound,Portabilidad Postpago,PROGRAMADO,Logixtal,9001,ABIERTAS,Pendiente Entrega,Pendiente Entrega,NET_YMILLA,SIM,4 ago 2026,null,null,No,ABIERTAS,null,Monolínea,Mono_item,Lima - Callao,null
San Miguel,Netcall,1 ago 2026,12,902221271,9022212718040854017550,9271,Outbound,Portabilidad Postpago,EXPRESS,Logixtal,9001,CERRADAS,Entregado,Entregado,NET_JCHUQUILINL,SIM,1 ago 2026,1 ago 2026,02/08/2026,Sí,CERRADAS,2026-08-02 01:05:45,Multilínea,Mono_item,Lima - Callao,19.95
San Miguel,Netcall,1 ago 2026,13,902224319,9022243198040884285193,9271,Outbound,Portabilidad Postpago,EXPRESS,Logixtal,9001,CERRADAS,Entregado,Entregado,NET_JCHUQUILINL,SIM,1 ago 2026,1 ago 2026,02/08/2026,Sí,CERRADAS,2026-08-02 01:49:42,Monolínea,Mono_item,Lima - Callao,39.95
San Martin De Porres,Netcall,3 ago 2026,12,902846666,9028466668046670116855,9283,Outbound,Portabilidad Postpago,EXPRESS,Logixtal,9001,CANCELADAS,Cancelado,CANCELADA EN OMNIX,NET_CBIELICHR,SIM,3 ago 2026,null,null,No,CANCELADAS,2026-08-03 12:29:27,Multilínea,Mono_item,Lima - Callao,null
San Martin De Porres,Netcall,1 ago 2026,15,902257750,9022577508041224123759,9271,Outbound,Portabilidad Postpago,EXPRESS,Logixtal,9001,CERRADAS,Entregado,Entregado,NET_THUAMANIP,SIM,1 ago 2026,1 ago 2026,02/08/2026,Sí,CERRADAS,2026-08-02 01:44:52,Multilínea,Multi_item,Lima - Callao,19.95
San Martin De Porres,Netcall,3 ago 2026,16,902917439,9029174398047381167016,9283,Outbound,Portabilidad Postpago,PROGRAMADO,Logixtal,9001,ABIERTAS,Pendiente Entrega,Pendiente Entrega,TLV_NET_APINTAD,SIM,4 ago 2026,null,null,No,ABIERTAS,null,Multilínea,Multi_item,Lima - Callao,null
San Martin De Porres,Netcall,1 ago 2026,18,902320491,9023204918041868361609,9283,Outbound,Portabilidad Postpago,EXPRESS,Logixtal,9001,CERRADAS,Entregado,Entregado,NET_JIYASHAMAR,SIM,1 ago 2026,1 ago 2026,02/08/2026,Sí,CERRADAS,2026-08-02 02:07:58,Multilínea,Multi_item,Lima - Callao,19.95
San Martin De Porres,Netcall,2 ago 2026,7,902415027,9024150278043226732867,9283,Outbound,Portabilidad Postpago,EXPRESS,Logixtal,9001,CERRADAS,Entregado,Entregado,NET_VZEGARRAAGU,SIM,2 ago 2026,2 ago 2026,03/08/2026,Sí,CERRADAS,2026-08-03 00:09:23,Monolínea,Mono_item,Lima - Callao,29.95
San Martin De Porres,Netcall,1 ago 2026,17,902292006,9022920068041587438946,9283,Outbound,Portabilidad Postpago,EXPRESS,Logixtal,9001,CANCELADAS,Anulado,DIRECCIÓN ERRADA,NET_EBOZA,SIM,1 ago 2026,null,null,No,CANCELADAS,2026-08-01 18:01:22,Multilínea,Multi_item,Lima - Callao,null
San Martin De Porres,Netcall,4 ago 2026,8,903198294,90319829489511710111070819004,9283,Outbound,Venta Regular / Alta,EXPRESS,Logixtal,9001,ABIERTAS,Pendiente Entrega,Pendiente Entrega,NET_CDANGELOV,SIM,4 ago 2026,null,null,No,ABIERTAS,null,Monolínea,Mono_item,Lima - Callao,null
San Martin De Porres,Netcall,3 ago 2026,19,902981942,9029819428048007443863,9283,Outbound,Portabilidad Postpago,PROGRAMADO,Logixtal,9001,ABIERTAS,Pendiente Entrega,Pendiente Entrega,NET_SLAZOB,SIM,4 ago 2026,null,null,No,ABIERTAS,null,Monolínea,Mono_item,Lima - Callao,null
San Martin De Porres,Netcall,1 ago 2026,17,902306951,902306951,9283,Outbound,Portabilidad Postpago,EXPRESS,Logixtal,9001,CERRADAS,Entregado,Entregado,NET_JIYASHAMAR,SIM,1 ago 2026,1 ago 2026,null,No,CERRADAS,2026-08-02 02:34:25,Multilínea,Mono_item,Lima - Callao,null
San Martin De Porres,Netcall,3 ago 2026,12,902837922,902837922,9283,Outbound,Portabilidad Postpago,EXPRESS,Logixtal,9001,CERRADAS,Entregado,Entregado,NET_ATORRESP,SIM,3 ago 2026,3 ago 2026,null,No,CERRADAS,2026-08-04 00:43:31,Multilínea,Mono_item,Lima - Callao,null
San Martin De Porres,Netcall,3 ago 2026,12,902853124,9028531248046739832121,9283,Outbound,Portabilidad Postpago,EXPRESS,Logixtal,9001,ERROR,Entregado,Entregado,NET_EALBORNOZR,SIM,3 ago 2026,3 ago 2026,null,No,ERROR,null,Multilínea,Multi_item,Lima - Callao,null
San Martin De Porres,Netcall,3 ago 2026,16,902917439,9029174398047381167235,9283,Outbound,Portabilidad Postpago,PROGRAMADO,Logixtal,9001,ABIERTAS,Pendiente Entrega,Pendiente Entrega,TLV_NET_APINTAD,SIM,4 ago 2026,null,null,No,ABIERTAS,null,Multilínea,Multi_item,Lima - Callao,null
San Martin De Porres,Netcall,1 ago 2026,15,902261319,9022613198041269745665,9271,Outbound,Portabilidad Postpago,EXPRESS,Logixtal,9001,CERRADAS,Entregado,Entregado,NET_ACORDOVAS,SIM,1 ago 2026,1 ago 2026,02/08/2026,Sí,CERRADAS,2026-08-02 00:41:19,Monolínea,Mono_item,Lima - Callao,39.95
San Martin De Porres,Netcall,1 ago 2026,15,902262786,9022627868041311633135,9283,Outbound,Portabilidad Postpago,EXPRESS,Logixtal,9001,CERRADAS,Entregado,Entregado,NET_KAGRAMONTEM,SIM,1 ago 2026,1 ago 2026,02/08/2026,Sí,CERRADAS,2026-08-02 00:26:36,Monolínea,Mono_item,Lima - Callao,39.95
San Martin De Porres,Netcall,1 ago 2026,16,902280221,9022802218041468213895,9283,Outbound,Portabilidad Postpago,EXPRESS,Logixtal,9001,ABIERTAS,Anulado,EXCESO DE VISITAS,NET_SBENITESL,SIM,1 ago 2026,null,null,No,ABIERTAS,null,Monolínea,Mono_item,Lima - Callao,null
San Martin De Porres,Netcall,3 ago 2026,12,902838082,902838082,9271,Outbound,Portabilidad Postpago,EXPRESS,Logixtal,9001,CERRADAS,Entregado,Entregado,NET_RDULANTORO,SIM,3 ago 2026,3 ago 2026,null,No,CERRADAS,2026-08-04 00:30:53,Monolínea,Mono_item,Lima - Callao,null
San Martin De Porres,Netcall,1 ago 2026,11,902200180,9022001808040651945205,9283,Outbound,Portabilidad Postpago,EXPRESS,Logixtal,9001,CERRADAS,Entregado,Entregado,NET_LTELLOC,SIM,1 ago 2026,1 ago 2026,02/08/2026,Sí,CERRADAS,2026-08-02 01:56:26,Monolínea,Mono_item,Lima - Callao,29.95
San Martin De Porres,Netcall,3 ago 2026,17,902947398,9029473988047662859314,9283,Outbound,Portabilidad Postpago,EXPRESS,Logixtal,9001,ABIERTAS,Pendiente Entrega,Pendiente Entrega,TLV_NET_KARANDA,SIM,3 ago 2026,null,null,No,ABIERTAS,null,Multilínea,Mono_item,Lima - Callao,null
San Martin De Porres,Netcall,3 ago 2026,11,902836205,9028362058046569792340,9283,Outbound,Portabilidad Postpago,EXPRESS,Logixtal,9001,CERRADAS,Entregado,Entregado,NET_ATORRESP,SIM,3 ago 2026,3 ago 2026,null,No,CERRADAS,2026-08-04 01:06:32,Multilínea,Mono_item,Lima - Callao,null
San Martin De Porres,Netcall,3 ago 2026,17,902956944,9029569448047753672648,5299,Outbound,Portabilidad Postpago,EXPRESS,Logixtal,9001,CANCELADAS,Anulado,PIN PORTA_NO VALIDO,NET_MCORDOVACRU,SIM,3 ago 2026,null,null,No,CANCELADAS,2026-08-03 18:54:33,Monolínea,Mono_item,Lima - Callao,null
San Martin De Porres,Netcall,3 ago 2026,13,902877762,9028777628046968699297,9283,Outbound,Portabilidad Postpago,EXPRESS,Logixtal,9001,ABIERTAS,Pendiente Entrega,Pendiente Entrega,NET_JSANGAMA,SIM,3 ago 2026,null,null,No,ABIERTAS,null,Multilínea,Multi_item,Lima - Callao,null
San Martin De Porres,Netcall,1 ago 2026,10,902172421,9021724218040386591036,9283,Outbound,Portabilidad Postpago,EXPRESS,Logixtal,9001,CERRADAS,Entregado,Entregado,TLV_NET_BCHAVEZ,SIM,1 ago 2026,1 ago 2026,02/08/2026,Sí,CERRADAS,2026-08-02 01:41:42,Monolínea,Mono_item,Lima - Callao,39.95
San Martin De Porres,Netcall,1 ago 2026,12,902216620,9022166208040810792824,9271,Outbound,Portabilidad Postpago,EXPRESS,Logixtal,9001,CERRADAS,Entregado,Entregado,NET_MCVASQUEZ,SIM,1 ago 2026,1 ago 2026,02/08/2026,Sí,CERRADAS,2026-08-02 01:13:03,Multilínea,Mono_item,Lima - Callao,19.95
San Martin De Porres,Netcall,3 ago 2026,17,902944770,9029447708047645105999,9283,Outbound,Portabilidad Postpago,EXPRESS,Logixtal,9001,ABIERTAS,Pendiente Entrega,Pendiente Entrega,TLV_NET_KARANDA,SIM,3 ago 2026,null,null,No,ABIERTAS,null,Multilínea,Mono_item,Lima - Callao,null
San Martin De Porres,Netcall,3 ago 2026,12,902852956,9028529568046737031973,9283,Outbound,Portabilidad Postpago,EXPRESS,Logixtal,9001,CERRADAS,Entregado,Entregado,NET_EALBORNOZR,SIM,3 ago 2026,3 ago 2026,null,No,CERRADAS,2026-08-04 01:32:25,Multilínea,Multi_item,Lima - Callao,null
San Martin De Porres,Netcall,3 ago 2026,14,902891012,902891012,9283,Outbound,Portabilidad Postpago,EXPRESS,Logixtal,9001,CERRADAS,Entregado,Entregado,NET_SDIAZO,SIM,3 ago 2026,3 ago 2026,null,No,CERRADAS,2026-08-04 00:24:50,Monolínea,Mono_item,Lima - Callao,null
San Martin De Porres,Netcall,1 ago 2026,16,902280572,9022805728041474245103,9283,Outbound,Portabilidad Postpago,PROGRAMADO,Logixtal,9001,CANCELADAS,Anulado,CLIENTE YA NO DESEA PRODUCTO,NET_TBECERRAC,SIM,3 ago 2026,null,null,No,CANCELADAS,2026-08-03 12:07:16,Multilínea,Multi_item,Lima - Callao,null
San Martin De Porres,Netcall,1 ago 2026,12,902204037,9022040378040686212509,9283,Outbound,Portabilidad Postpago,EXPRESS,Logixtal,9001,CERRADAS,Entregado,Entregado,NET_LVASQUEZT,SIM,1 ago 2026,1 ago 2026,02/08/2026,Sí,CERRADAS,2026-08-02 00:35:24,Multilínea,Mono_item,Lima - Callao,39.95
San Martin De Porres,Netcall,1 ago 2026,15,902257750,9022577508041224123540,9271,Outbound,Portabilidad Postpago,EXPRESS,Logixtal,9001,CERRADAS,Entregado,Entregado,NET_THUAMANIP,SIM,1 ago 2026,1 ago 2026,02/08/2026,Sí,CERRADAS,2026-08-02 01:44:52,Multilínea,Multi_item,Lima - Callao,39.95
San Martin De Porres,Netcall,3 ago 2026,12,902845995,9028459958046664317616,9283,Outbound,Portabilidad Postpago,EXPRESS,Logixtal,9001,CANCELADAS,Cancelado,CANCELADA EN OMNIX,NET_CBIELICHR,SIM,3 ago 2026,null,null,No,CANCELADAS,2026-08-03 12:28:52,Multilínea,Mono_item,Lima - Callao,null
San Martin De Porres,Netcall,3 ago 2026,12,902853124,9028531248046737712902,9283,Outbound,Portabilidad Postpago,EXPRESS,Logixtal,9001,ERROR,Entregado,Entregado,NET_EALBORNOZR,SIM,3 ago 2026,3 ago 2026,null,No,ERROR,null,Multilínea,Multi_item,Lima - Callao,null
San Martin De Porres,Netcall,1 ago 2026,14,902252853,9022528538041174869390,9283,Outbound,Portabilidad Postpago,EXPRESS,Logixtal,9001,CERRADAS,Entregado,Entregado,NET_ACASTROS,SIM,1 ago 2026,2 ago 2026,03/08/2026,Sí,CERRADAS,2026-08-03 01:22:00,Monolínea,Mono_item,Lima - Callao,39.95
San Martin De Porres,Netcall,1 ago 2026,16,902280572,9022805728041474245322,9283,Outbound,Portabilidad Postpago,PROGRAMADO,Logixtal,9001,CANCELADAS,Anulado,CLIENTE YA NO DESEA PRODUCTO,NET_TBECERRAC,SIM,3 ago 2026,null,null,No,CANCELADAS,2026-08-03 12:07:16,Multilínea,Multi_item,Lima - Callao,null
San Martin De Porres,Netcall,3 ago 2026,13,902877762,9028777628046968699516,9283,Outbound,Portabilidad Postpago,EXPRESS,Logixtal,9001,ABIERTAS,Pendiente Entrega,Pendiente Entrega,NET_JSANGAMA,SIM,3 ago 2026,null,null,No,ABIERTAS,null,Multilínea,Multi_item,Lima - Callao,null
San Martin De Porres,Netcall,4 ago 2026,8,903197706,903197706Empty,9283,Outbound,Portabilidad Postpago,EXPRESS,Logixtal,9001,ABIERTAS,Pendiente Entrega,Pendiente Entrega,NET_SBENITESL,SIM,4 ago 2026,null,null,No,ABIERTAS,null,Monolínea,Mono_item,Lima - Callao,null
San Martin De Porres,Netcall,1 ago 2026,11,902199066,9021990668040645390249,9283,Outbound,Portabilidad Postpago,EXPRESS,Logixtal,9001,CERRADAS,Entregado,Entregado,NET_EZEVALLOSZ,SIM,1 ago 2026,1 ago 2026,02/08/2026,Sí,CERRADAS,2026-08-02 00:40:28,Monolínea,Mono_item,Lima - Callao,29.95
San Martin De Porres,Netcall,3 ago 2026,18,902981202,9029812028047998446242,9271,Outbound,Portabilidad Postpago,EXPRESS,Logixtal,9001,CERRADAS,Entregado,Entregado,NET_KTAYAB,SIM,3 ago 2026,3 ago 2026,null,No,CERRADAS,2026-08-04 03:38:28,Monolínea,Mono_item,Lima - Callao,null
San Martin De Porres,Netcall,1 ago 2026,12,902205449,9022054498040698024866,9283,Outbound,Portabilidad Postpago,EXPRESS,Logixtal,9001,CERRADAS,Entregado,Entregado,NET_LVASQUEZT,SIM,1 ago 2026,1 ago 2026,02/08/2026,Sí,CERRADAS,2026-08-02 00:50:26,Multilínea,Mono_item,Lima - Callao,19.95
San Martin De Porres,Netcall,1 ago 2026,17,902292006,9022920068041587438677,9283,Outbound,Portabilidad Postpago,EXPRESS,Logixtal,9001,CANCELADAS,Anulado,DIRECCIÓN ERRADA,NET_EBOZA,SIM,1 ago 2026,null,null,No,CANCELADAS,2026-08-01 18:01:22,Multilínea,Multi_item,Lima - Callao,null
San Martin De Porres,Netcall,1 ago 2026,18,902320491,9023204918041868361828,9283,Outbound,Portabilidad Postpago,EXPRESS,Logixtal,9001,CERRADAS,Entregado,Entregado,NET_JIYASHAMAR,SIM,1 ago 2026,1 ago 2026,02/08/2026,Sí,CERRADAS,2026-08-02 02:07:58,Multilínea,Multi_item,Lima - Callao,19.95
San Martin De Porres,Netcall,1 ago 2026,10,902165717,9021657178040326549886,9271,Outbound,Portabilidad Postpago,EXPRESS,Logixtal,9001,CERRADAS,Entregado,Entregado,NET_THUAMANIP,SIM,1 ago 2026,1 ago 2026,02/08/2026,Sí,CERRADAS,2026-08-02 01:17:34,Monolínea,Mono_item,Lima - Callao,34.95
San Martin De Porres,Netcall,1 ago 2026,12,902217941,9022179418040825765285,9271,Outbound,Portabilidad Postpago,EXPRESS,Logixtal,9001,CERRADAS,Entregado,Entregado,NET_MCVASQUEZ,SIM,1 ago 2026,1 ago 2026,02/08/2026,Sí,CERRADAS,2026-08-02 00:45:59,Multilínea,Mono_item,Lima - Callao,39.95
San Martin De Porres,Netcall,3 ago 2026,12,902852956,9028529568046737052192,9283,Outbound,Portabilidad Postpago,EXPRESS,Logixtal,9001,CERRADAS,Entregado,Entregado,NET_EALBORNOZR,SIM,3 ago 2026,3 ago 2026,null,No,CERRADAS,2026-08-04 01:32:25,Multilínea,Multi_item,Lima - Callao,null
San Martin De Porres,Netcall,3 ago 2026,11,902834530,9028345308046555080619,9271,Outbound,Portabilidad Postpago,EXPRESS,Logixtal,9001,CERRADAS,Entregado,Entregado,NET_RDULANTORO,SIM,3 ago 2026,3 ago 2026,null,No,CERRADAS,2026-08-04 00:56:43,Monolínea,Mono_item,Lima - Callao,null
San Martin,Netcall,3 ago 2026,17,902947828,902947828,9283,Outbound,Portabilidad Postpago,RETIRO EN TIENDA,Retiro en tienda,3042,CERRADAS,Entregado,Entregado,TLV_NET_DCASTIA,SIM,3 ago 2026,3 ago 2026,null,No,CERRADAS,2026-08-04 00:27:18,Monolínea,Mono_item,San Martin,null
San Martin,Netcall,1 ago 2026,14,902252700,9022527008041172372806,9271,Outbound,Portabilidad Postpago,RETIRO EN TIENDA,Retiro en tienda,3042,ABIERTAS,Pendiente Entrega,Pendiente Entrega,NET_MESPINOZAG,SIM,1 ago 2026,null,null,No,ABIERTAS,null,Monolínea,Mono_item,San Martin,null
San Martin,Netcall,3 ago 2026,12,902837540,902837540,9271,Outbound,Portabilidad Postpago,RETIRO EN TIENDA,Retiro en tienda,3042,CERRADAS,Entregado,Entregado,NET_SNIMAG,SIM,3 ago 2026,3 ago 2026,null,No,CERRADAS,2026-08-04 00:08:42,Monolínea,Mono_item,San Martin,null
San Luis,Netcall,1 ago 2026,18,902312900,9023129008041794116539,9271,Outbound,Portabilidad Postpago,EXPRESS,Logixtal,9001,CERRADAS,Entregado,Entregado,NET_JAREVALOC,SIM,1 ago 2026,1 ago 2026,02/08/2026,Sí,CERRADAS,2026-08-02 00:12:18,Monolínea,Mono_item,Lima - Callao,34.95
San Luis,Netcall,3 ago 2026,17,902954840,902954840,9283,Outbound,Portabilidad Postpago,EXPRESS,Logixtal,9001,CERRADAS,Entregado,Entregado,NET_YUCEDAB,SIM,3 ago 2026,3 ago 2026,null,No,CERRADAS,2026-08-04 00:17:14,Monolínea,Mono_item,Lima - Callao,null
San Luis,Netcall,3 ago 2026,15,902901983,9029019838047222139558,9271,Outbound,Portabilidad Postpago,EXPRESS,Logixtal,9001,CERRADAS,Entregado,Entregado,NET_SRODRIGUEZP,SIM,3 ago 2026,3 ago 2026,null,No,CERRADAS,2026-08-04 01:45:20,Monolínea,Mono_item,Lima - Callao,null
San Luis,Netcall,1 ago 2026,10,902164537,9021645378040320604915,9283,Outbound,Portabilidad Postpago,EXPRESS,Logixtal,9001,CERRADAS,Entregado,Entregado,NET_LTAMAYOD,SIM,1 ago 2026,1 ago 2026,02/08/2026,Sí,CERRADAS,2026-08-02 00:45:24,Multilínea,Mono_item,Lima - Callao,39.95
San Luis,Netcall,1 ago 2026,14,902241148,9022411488041058842660,9283,Outbound,Portabilidad Postpago,EXPRESS,Logixtal,9001,CERRADAS,Entregado,Entregado,NET_ATORRESP,SIM,1 ago 2026,1 ago 2026,02/08/2026,Sí,CERRADAS,2026-08-02 00:17:09,Monolínea,Mono_item,Lima - Callao,39.95
San Luis,Netcall,1 ago 2026,10,902166619,9021666198040331662041,9283,Outbound,Portabilidad Postpago,EXPRESS,Logixtal,9001,CERRADAS,Entregado,Entregado,NET_LTAMAYOD,SIM,1 ago 2026,1 ago 2026,02/08/2026,Sí,CERRADAS,2026-08-02 01:33:50,Multilínea,Mono_item,Lima - Callao,19.95
San Juan De Miraflores,Netcall,3 ago 2026,14,902892388,9028923888047124776653,9283,Outbound,Portabilidad Postpago,EXPRESS,Logixtal,9342,CERRADAS,Entregado,Entregado,NET_EVALDIVIEZO,SIM,3 ago 2026,3 ago 2026,null,No,CERRADAS,2026-08-04 01:11:28,Monolínea,Mono_item,Lima - Callao,null
San Juan De Miraflores,Netcall,3 ago 2026,15,902913199,9029131998047336282694,9283,Outbound,Portabilidad Postpago,PROGRAMADO,Logixtal,9342,ABIERTAS,Pendiente Entrega,Pendiente de Picking,NET_GARROYOR,SIM,5 ago 2026,null,null,No,ABIERTAS,null,Multilínea,Mono_item,Lima - Callao,null
San Juan De Miraflores,Netcall,1 ago 2026,14,902254651,9022546518041196046508,9283,Outbound,Portabilidad Postpago,EXPRESS,Logixtal,9342,CANCELADAS,Anulado,DIRECCIÓN ERRADA,NET_TMUNOZCALDE,SIM,1 ago 2026,null,null,No,CANCELADAS,2026-08-03 14:25:47,Monolínea,Mono_item,Lima - Callao,null
San Juan De Miraflores,Netcall,1 ago 2026,9,902163119,9021631198040303184055,9283,Outbound,Portabilidad Postpago,EXPRESS,Logixtal,9342,CERRADAS,Entregado,Entregado,TLV_NET_BCHAVEZ,SIM,1 ago 2026,1 ago 2026,02/08/2026,Sí,CERRADAS,2026-08-02 07:15:46,Monolínea,Mono_item,Lima - Callao,39.95
San Juan De Miraflores,Netcall,3 ago 2026,15,902912061,9029120618047323934185,9283,Outbound,Venta Regular / Alta,PROGRAMADO,Logixtal,9342,ABIERTAS,Pendiente Entrega,Pendiente de Picking,NET_GARROYOR,SIM,5 ago 2026,null,null,No,ABIERTAS,null,Multilínea,Mono_item,Lima - Callao,null
San Juan De Miraflores,Netcall,1 ago 2026,15,902268764,9022687648041342590113,5299,Outbound,Portabilidad Postpago,EXPRESS,Logixtal,9342,ABIERTAS,Pendiente Entrega,Pendiente Entrega,NET_CPORRASP,SIM,1 ago 2026,null,null,No,ABIERTAS,null,Monolínea,Mono_item,Lima - Callao,null
San Juan De Miraflores,Netcall,2 ago 2026,12,902529887,902529887,9283,Outbound,Portabilidad Postpago,EXPRESS,Logixtal,9342,CERRADAS,Entregado,Entregado,NET_LMUSAYONS,SIM,2 ago 2026,3 ago 2026,null,No,CERRADAS,2026-08-04 00:34:58,Monolínea,Mono_item,Lima - Callao,null
San Juan De Miraflores,Netcall,3 ago 2026,16,902918168,9029181688047382113446,9271,Outbound,Portabilidad Postpago,EXPRESS,Logixtal,9342,CERRADAS,Entregado,Entregado,NET_KTAYAB,SIM,3 ago 2026,3 ago 2026,null,No,CERRADAS,2026-08-04 02:06:30,Monolínea,Mono_item,Lima - Callao,null
San Juan De Miraflores,Netcall,1 ago 2026,15,902263982,9022639828041289051113,9283,Outbound,Portabilidad Postpago,EXPRESS,Logixtal,9342,CERRADAS,Entregado,Entregado,NET_GMENDIGUETE,SIM,1 ago 2026,1 ago 2026,02/08/2026,Sí,CERRADAS,2026-08-02 00:18:06,Multilínea,Mono_item,Lima - Callao,39.95
San Juan De Miraflores,Netcall,1 ago 2026,18,902310185,9023101858041776461179,9283,Outbound,Portabilidad Postpago,EXPRESS,Logixtal,9342,CERRADAS,Entregado,Entregado,NET_ECARRETEROH,SIM,1 ago 2026,1 ago 2026,02/08/2026,Sí,CERRADAS,2026-08-02 01:08:32,Multilínea,Mono_item,Lima - Callao,19.95
San Juan De Miraflores,Netcall,1 ago 2026,18,902311325,9023113258041783098294,9283,Outbound,Portabilidad Postpago,EXPRESS,Logixtal,9342,CERRADAS,Entregado,Entregado,NET_ECARRETEROH,SIM,1 ago 2026,1 ago 2026,02/08/2026,Sí,CERRADAS,2026-08-02 01:57:47,Multilínea,Mono_item,Lima - Callao,39.95
San Juan De Miraflores,Netcall,1 ago 2026,11,902199641,9021996418040642434060,9283,Outbound,Portabilidad Prepago,EXPRESS,Logixtal,9342,CERRADAS,Entregado,Entregado,NET_ABARRERAY,SIM,1 ago 2026,1 ago 2026,02/08/2026,Sí,CERRADAS,2026-08-02 01:15:02,Monolínea,Mono_item,Lima - Callao,19.95
San Juan De Miraflores,Netcall,1 ago 2026,12,902206964,9022069648040719294830,9283,Outbound,Portabilidad Postpago,EXPRESS,Logixtal,9342,CANCELADAS,Anulado,DIRECCIÓN ERRADA,NET_LCALDERONC,SIM,1 ago 2026,null,null,No,CANCELADAS,2026-08-01 13:08:21,Multilínea,Mono_item,Lima - Callao,null
San Juan De Miraflores,Netcall,1 ago 2026,15,902265203,9022652038041305788108,9283,Outbound,Portabilidad Prepago,EXPRESS,Logixtal,9342,CERRADAS,Entregado,Entregado,TLV_NET_SFERNAN,SIM,1 ago 2026,1 ago 2026,02/08/2026,Sí,CERRADAS,2026-08-02 00:33:26,Multilínea,Mono_item,Lima - Callao,39.95
San Juan De Miraflores,Netcall,1 ago 2026,13,902226309,9022263098040909851817,9271,Outbound,Portabilidad Postpago,EXPRESS,Logixtal,9342,CERRADAS,Entregado,Entregado,NET_MCVASQUEZ,SIM,1 ago 2026,1 ago 2026,02/08/2026,Sí,CERRADAS,2026-08-02 00:28:55,Monolínea,Mono_item,Lima - Callao,34.95
San Juan De Miraflores,Netcall,1 ago 2026,11,902183972,9021839728040510882624,9283,Outbound,Portabilidad Postpago,EXPRESS,Logixtal,9342,CANCELADAS,Anulado,PIN PORTA_NO VALIDO,NET_BDELGADOC,SIM,1 ago 2026,null,null,No,CANCELADAS,2026-08-01 12:30:25,Monolínea,Mono_item,Lima - Callao,null
San Juan De Miraflores,Netcall,2 ago 2026,14,902548483,9025484838044127907827,9283,Outbound,Portabilidad Postpago,PROGRAMADO,Logixtal,9342,CERRADAS,Entregado,Entregado,NET_DVALVERDEM,SIM,3 ago 2026,3 ago 2026,null,No,CERRADAS,2026-08-04 01:09:41,Monolínea,Mono_item,Lima - Callao,null
San Juan De Miraflores,Netcall,1 ago 2026,8,902124275,9021242758040039628270,9283,Outbound,Portabilidad Postpago,EXPRESS,Logixtal,9342,CERRADAS,Entregado,Entregado,NET_WBENITESA,SIM,1 ago 2026,1 ago 2026,02/08/2026,Sí,CERRADAS,2026-08-02 01:22:32,Monolínea,Mono_item,Lima - Callao,29.95
San Juan De Miraflores,Netcall,1 ago 2026,15,902263813,9022638138041288495422,9283,Outbound,Portabilidad Postpago,EXPRESS,Logixtal,9342,CERRADAS,Entregado,Entregado,TLV_NET_SFERNAN,SIM,1 ago 2026,1 ago 2026,02/08/2026,Sí,CERRADAS,2026-08-02 01:31:39,Multilínea,Mono_item,Lima - Callao,19.95
San Juan De Miraflores,Netcall,1 ago 2026,15,902263193,9022631938041284820633,9283,Outbound,Portabilidad Postpago,EXPRESS,Logixtal,9342,CERRADAS,Entregado,Entregado,NET_GMENDIGUETE,SIM,1 ago 2026,1 ago 2026,02/08/2026,Sí,CERRADAS,2026-08-02 01:45:10,Multilínea,Mono_item,Lima - Callao,19.95
San Juan De Miraflores,Netcall,3 ago 2026,14,902892758,9028927588047128273672,9283,Outbound,Portabilidad Postpago,PROGRAMADO,Logixtal,9342,ABIERTAS,Pendiente Entrega,Pendiente Entrega,NET_CSALAZARP,SIM,4 ago 2026,null,null,No,ABIERTAS,null,Monolínea,Mono_item,Lima - Callao,null
San Juan De Miraflores,Netcall,1 ago 2026,15,902266831,9022668318041327399037,9283,Outbound,Portabilidad Postpago,PROGRAMADO,Logixtal,9342,CANCELADAS,Anulado,DIRECCIÓN ERRADA,NET_ATINEDOP,SIM,2 ago 2026,null,null,No,CANCELADAS,2026-08-03 18:57:51,Monolínea,Mono_item,Lima - Callao,null
San Juan De Miraflores,Netcall,1 ago 2026,15,902264880,9022648808041298920005,9283,Outbound,Portabilidad Postpago,EXPRESS,Logixtal,9342,CERRADAS,Entregado,Entregado,NET_GMENDIGUETE,SIM,1 ago 2026,1 ago 2026,02/08/2026,Sí,CERRADAS,2026-08-02 01:12:39,Multilínea,Mono_item,Lima - Callao,19.95
San Juan De Lurigancho,Netcall,3 ago 2026,13,902861259,9028612598046814446360,9283,Outbound,Portabilidad Postpago,EXPRESS,Logixtal,9001,ABIERTAS,Entregado,Entregado,NET_DFRANCIAH,SIM,3 ago 2026,3 ago 2026,null,No,ABIERTAS,null,Multilínea,Multi_item,Lima - Callao,null
San Juan De Lurigancho,Netcall,3 ago 2026,18,902969905,9029699058047882840695,9283,Outbound,Portabilidad Postpago,EXPRESS,Logixtal,9001,ABIERTAS,Pendiente Entrega,Pendiente Entrega,NET_SGONZALESF,SIM,3 ago 2026,null,null,No,ABIERTAS,null,Monolínea,Mono_item,Lima - Callao,null
San Juan De Lurigancho,Netcall,3 ago 2026,14,902887915,9028879158047071271298,9283,Outbound,Portabilidad Postpago,EXPRESS,Logixtal,9001,ABIERTAS,Entregado,Entregado,NET_ATRIVINOS,SIM,3 ago 2026,3 ago 2026,null,No,ABIERTAS,null,Monolínea,Mono_item,Lima - Callao,null
San Juan De Lurigancho,Netcall,1 ago 2026,16,902273887,9022738878041405579400,9283,Outbound,Portabilidad Postpago,EXPRESS,Logixtal,9001,CERRADAS,Entregado,Entregado,TLV_NET_MLANDAR,SIM,1 ago 2026,1 ago 2026,02/08/2026,Sí,CERRADAS,2026-08-02 02:00:54,Multilínea,Mono_item,Lima - Callao,29.95
San Juan De Lurigancho,Netcall,1 ago 2026,13,902226999,9022269998040913828304,9283,Outbound,Portabilidad Postpago,EXPRESS,Logixtal,9001,CERRADAS,Entregado,Entregado,NET_JSANCHEZC,SIM,1 ago 2026,1 ago 2026,02/08/2026,Sí,CERRADAS,2026-08-02 00:30:38,Multilínea,Mono_item,Lima - Callao,19.95
San Juan De Lurigancho,Netcall,3 ago 2026,14,902880580,9028805808046996588087,9283,Outbound,Portabilidad Postpago,EXPRESS,Logixtal,9001,CERRADAS,Entregado,Entregado,TLV_NET_CACEVED,SIM,3 ago 2026,3 ago 2026,null,No,CERRADAS,2026-08-04 00:47:12,Multilínea,Mono_item,Lima - Callao,null
San Juan De Lurigancho,Netcall,1 ago 2026,9,902162071,9021620718040295583527,9283,Outbound,Portabilidad Postpago,EXPRESS,Logixtal,9001,CERRADAS,Entregado,Entregado,NET_LLOBATONV,SIM,1 ago 2026,1 ago 2026,02/08/2026,Sí,CERRADAS,2026-08-02 00:42:13,Monolínea,Mono_item,Lima - Callao,29.95
San Juan De Lurigancho,Netcall,3 ago 2026,13,902876105,9028761058046957517335,9283,Outbound,Portabilidad Postpago,EXPRESS,Logixtal,9001,CANCELADAS,Anulado,Cliente sin equipo Pin Porta,NET_LFLORESY,SIM,3 ago 2026,null,null,No,CANCELADAS,2026-08-03 15:20:45,Monolínea,Mono_item,Lima - Callao,null
San Juan De Lurigancho,Netcall,2 ago 2026,10,902493829,9024938298043657240589,9283,Outbound,Portabilidad Postpago,EXPRESS,Logixtal,9001,CERRADAS,Entregado,Entregado,NET_JSANGAMA,SIM,2 ago 2026,2 ago 2026,03/08/2026,Sí,CERRADAS,2026-08-03 01:29:13,Monolínea,Mono_item,Lima - Callao,34.95
San Juan De Lurigancho,Netcall,3 ago 2026,10,902806077,9028060778046307036172,9283,Outbound,Portabilidad Postpago,EXPRESS,Logixtal,9001,CERRADAS,Entregado,Entregado,NET_SGALINDOM,SIM,3 ago 2026,3 ago 2026,null,No,CERRADAS,2026-08-04 01:27:39,Monolínea,Mono_item,Lima - Callao,null
San Juan De Lurigancho,Netcall,1 ago 2026,15,902267447,9022674478041334613862,9283,Outbound,Portabilidad Postpago,EXPRESS,Logixtal,9001,CERRADAS,Entregado,Entregado,TLV_NET_MLANDAR,SIM,1 ago 2026,1 ago 2026,02/08/2026,Sí,CERRADAS,2026-08-02 01:23:54,Monolínea,Mono_item,Lima - Callao,29.95
San Juan De Lurigancho,Netcall,1 ago 2026,12,902223453,9022234538040878430800,5299,Outbound,Portabilidad Postpago,EXPRESS,Logixtal,9001,CERRADAS,Entregado,Entregado,NET_BTRUJILLOT,SIM,1 ago 2026,1 ago 2026,02/08/2026,Sí,CERRADAS,2026-08-02 00:52:54,Monolínea,Mono_item,Lima - Callao,29.91303
San Juan De Lurigancho,Netcall,3 ago 2026,18,902961841,9029618418047805679285,9283,Outbound,Portabilidad Postpago,EXPRESS,Logixtal,9001,CERRADAS,Entregado,Entregado,NET_SINGAC,SIM,3 ago 2026,3 ago 2026,null,No,CERRADAS,2026-08-04 00:54:21,Multilínea,Mono_item,Lima - Callao,null
San Juan De Lurigancho,Netcall,3 ago 2026,12,902841207,902841207,9283,Outbound,Portabilidad Postpago,EXPRESS,Logixtal,9001,CERRADAS,Entregado,Entregado,NET_SMENDOZAV,SIM,3 ago 2026,3 ago 2026,null,No,CERRADAS,2026-08-04 00:13:42,Monolínea,Mono_item,Lima - Callao,null
San Juan De Lurigancho,Netcall,1 ago 2026,13,902233970,9022339708040984341519,9271,Outbound,Portabilidad Postpago,EXPRESS,Logixtal,9001,CERRADAS,Entregado,Entregado,NET_GHUANCASS,SIM,1 ago 2026,1 ago 2026,02/08/2026,Sí,CERRADAS,2026-08-02 01:50:39,Monolínea,Mono_item,Lima - Callao,29.95
San Juan De Lurigancho,Netcall,3 ago 2026,12,902854934,902854934,9283,Outbound,Portabilidad Postpago,EXPRESS,Logixtal,9001,CERRADAS,Entregado,Entregado,NET_TANCHANTEG,SIM,3 ago 2026,3 ago 2026,null,No,CERRADAS,2026-08-04 00:06:52,Multilínea,Mono_item,Lima - Callao,null
San Juan De Lurigancho,Netcall,1 ago 2026,12,902206214,9022062148040705816148,9283,Outbound,Portabilidad Postpago,EXPRESS,Logixtal,9001,CERRADAS,Entregado,Entregado,NET_LALVAREZD,SIM,1 ago 2026,1 ago 2026,02/08/2026,Sí,CERRADAS,2026-08-02 00:59:14,Monolínea,Mono_item,Lima - Callao,34.95
San Juan De Lurigancho,Netcall,3 ago 2026,12,902851438,902851438,9283,Outbound,Portabilidad Postpago,EXPRESS,Logixtal,9001,CERRADAS,Entregado,Entregado,NET_ARAMOSR,SIM,3 ago 2026,3 ago 2026,null,No,CERRADAS,2026-08-04 00:06:52,Monolínea,Mono_item,Lima - Callao,null
San Juan De Lurigancho,Netcall,1 ago 2026,16,902279601,9022796018041470353685,9283,Outbound,Portabilidad Postpago,PROGRAMADO,Logixtal,9001,ABIERTAS,Pendiente Entrega,Pendiente Entrega,NET_ARIOST,SIM,3 ago 2026,null,null,No,ABIERTAS,null,Monolínea,Mono_item,Lima - Callao,null
San Juan De Lurigancho,Netcall,3 ago 2026,13,902861259,9028612598046814446579,9283,Outbound,Portabilidad Postpago,EXPRESS,Logixtal,9001,ABIERTAS,Entregado,Entregado,NET_DFRANCIAH,SIM,3 ago 2026,3 ago 2026,null,No,ABIERTAS,null,Multilínea,Multi_item,Lima - Callao,null
San Juan De Lurigancho,Netcall,3 ago 2026,12,902853169,9028531698046736468963,9283,Outbound,Portabilidad Postpago,EXPRESS,Logixtal,9001,CERRADAS,Entregado,Entregado,NET_TANCHANTEG,SIM,3 ago 2026,3 ago 2026,null,No,CERRADAS,2026-08-04 00:45:40,Multilínea,Mono_item,Lima - Callao,null
San Juan De Lurigancho,Netcall,2 ago 2026,13,902543068,9025430688044084304329,9283,Outbound,Portabilidad Postpago,EXPRESS,Logixtal,9001,CERRADAS,Entregado,Entregado,NET_KCHUNAP,SIM,2 ago 2026,2 ago 2026,03/08/2026,Sí,CERRADAS,2026-08-03 01:30:15,Monolínea,Mono_item,Lima - Callao,29.95
San Juan De Lurigancho,Netcall,3 ago 2026,11,902815137,902815137,9289,Outbound,Portabilidad Postpago,EXPRESS,Logixtal,9001,CERRADAS,Entregado,Entregado,NET_YHUAMAN,SIM,3 ago 2026,3 ago 2026,null,No,CERRADAS,2026-08-04 00:43:23,Monolínea,Mono_item,Lima - Callao,null
San Juan De Lurigancho,Netcall,1 ago 2026,15,902266557,9022665578041318923608,9283,Outbound,Portabilidad Postpago,PROGRAMADO,Logixtal,9001,ABIERTAS,Pendiente Entrega,Pendiente Entrega,NET_MQUISPEQ,SIM,3 ago 2026,null,null,No,ABIERTAS,null,Multilínea,Mono_item,Lima - Callao,null
San Juan De Lurigancho,Netcall,3 ago 2026,12,902842499,9028424998046630095915,9283,Outbound,Portabilidad Postpago,EXPRESS,Logixtal,9001,CERRADAS,Entregado,Entregado,NET_APACHECO,SIM,3 ago 2026,3 ago 2026,null,No,CERRADAS,2026-08-04 01:39:36,Monolínea,Mono_item,Lima - Callao,null
San Juan De Lurigancho,Netcall,1 ago 2026,10,902164402,9021644028040316731267,9283,Outbound,Portabilidad Postpago,PROGRAMADO,Logixtal,9001,CERRADAS,Entregado,Entregado,NET_GHERRERAG,SIM,3 ago 2026,3 ago 2026,null,No,CERRADAS,2026-08-04 02:02:45,Monolínea,Mono_item,Lima - Callao,null
San Juan De Lurigancho,Netcall,1 ago 2026,18,902321118,9023211188041876102021,9271,Outbound,Portabilidad Postpago,EXPRESS,Logixtal,9001,ABIERTAS,Pendiente Entrega,Pendiente Entrega,NET_FCASTILLOG,SIM,1 ago 2026,null,null,No,ABIERTAS,null,Monolínea,Mono_item,Lima - Callao,null
San Juan De Lurigancho,Netcall,1 ago 2026,19,902329039,9023290398041958811729,9283,Outbound,Portabilidad Postpago,PROGRAMADO,Logixtal,9001,CERRADAS,Entregado,Entregado,NET_LMALDONADOC,SIM,2 ago 2026,2 ago 2026,03/08/2026,Sí,CERRADAS,2026-08-03 01:23:03,Monolínea,Mono_item,Lima - Callao,29.95
San Juan De Lurigancho,Netcall,3 ago 2026,12,902854029,9028540298046745150250,9283,Outbound,Portabilidad Postpago,EXPRESS,Logixtal,9001,CERRADAS,Entregado,Entregado,NET_TANCHANTEG,SIM,3 ago 2026,3 ago 2026,null,No,CERRADAS,2026-08-04 01:42:24,Multilínea,Mono_item,Lima - Callao,null
San Juan De Lurigancho,Netcall,1 ago 2026,9,902151802,9021518028040193517907,9271,Outbound,Portabilidad Postpago,EXPRESS,Logixtal,9001,CERRADAS,Entregado,Entregado,NET_FCARRIONM,SIM,1 ago 2026,1 ago 2026,02/08/2026,Sí,CERRADAS,2026-08-02 06:33:37,Monolínea,Mono_item,Lima - Callao,19.95
San Juan De Lurigancho,Netcall,3 ago 2026,16,902930369,9029303698047506149444,9283,Outbound,Portabilidad Postpago,EXPRESS,Logixtal,9001,CERRADAS,Entregado,Entregado,TLV_NET_MCHAMBI,SIM,3 ago 2026,3 ago 2026,null,No,CERRADAS,2026-08-04 01:37:06,Monolínea,Mono_item,Lima - Callao,null
San Juan De Lurigancho,Netcall,1 ago 2026,13,902235526,9022355268040999944660,9271,Outbound,Portabilidad Postpago,EXPRESS,Logixtal,9001,CERRADAS,Entregado,Entregado,NET_DRUIZR,SIM,1 ago 2026,1 ago 2026,02/08/2026,Sí,CERRADAS,2026-08-02 01:29:02,Monolínea,Mono_item,Lima - Callao,29.95
San Juan De Lurigancho,Netcall,3 ago 2026,15,902900147,9029001478047204529097,9283,Outbound,Portabilidad Postpago,EXPRESS,Logixtal,9001,CERRADAS,Entregado,Entregado,NET_NBURGAR,SIM,3 ago 2026,3 ago 2026,null,No,CERRADAS,2026-08-04 03:44:35,Multilínea,Multi_item,Lima - Callao,null
San Juan De Lurigancho,Netcall,1 ago 2026,16,902289619,9022896198041564091219,9271,Outbound,Portabilidad Postpago,EXPRESS,Logixtal,9001,CERRADAS,Entregado,Entregado,NET_STANANTAM,SIM,1 ago 2026,1 ago 2026,02/08/2026,Sí,CERRADAS,2026-08-02 00:18:00,Monolínea,Mono_item,Lima - Callao,39.95
San Juan De Lurigancho,Netcall,3 ago 2026,13,902859552,9028595528046791801663,9283,Outbound,Portabilidad Postpago,EXPRESS,Logixtal,9001,CERRADAS,Entregado,Entregado,TLV_NET_RBARRAZ,SIM,3 ago 2026,3 ago 2026,null,No,CERRADAS,2026-08-04 01:49:47,Monolínea,Mono_item,Lima - Callao,null
San Juan De Lurigancho,Netcall,1 ago 2026,13,902237876,9022378768041025650016,9283,Outbound,Portabilidad Postpago,EXPRESS,Logixtal,9001,CANCELADAS,Anulado,DIRECCIÓN ERRADA,NET_EALBORNOZR,SIM,1 ago 2026,null,null,No,CANCELADAS,2026-08-01 14:35:44,Multilínea,Mono_item,Lima - Callao,null
San Juan De Lurigancho,Netcall,3 ago 2026,9,902786310,9027863108046109030085,9283,Outbound,Portabilidad Postpago,PROGRAMADO,Logixtal,9001,ABIERTAS,Pendiente Entrega,Pendiente Entrega,NET_DVILLALOBOS,SIM,4 ago 2026,null,null,No,ABIERTAS,null,Monolínea,Mono_item,Lima - Callao,null
San Juan De Lurigancho,Netcall,3 ago 2026,14,902880549,9028805498047001313138,9283,Outbound,Venta Regular / Alta,EXPRESS,Logixtal,9001,CERRADAS,Entregado,Entregado,TLV_NET_CACEVED,SIM,3 ago 2026,3 ago 2026,03/08/2026,Sí,CERRADAS,2026-08-03 18:07:16,Multilínea,Mono_item,Lima - Callao,39.95
San Juan De Lurigancho,Netcall,1 ago 2026,18,902310378,9023103788041777839416,9283,Outbound,Portabilidad Postpago,EXPRESS,Logixtal,9001,CERRADAS,Entregado,Entregado,TLV_NET_JMORO,SIM,1 ago 2026,1 ago 2026,02/08/2026,Sí,CERRADAS,2026-08-02 01:25:06,Monolínea,Mono_item,Lima - Callao,29.95
San Juan De Lurigancho,Netcall,1 ago 2026,12,902216556,9022165568040810503410,9283,Outbound,Portabilidad Postpago,EXPRESS,Logixtal,9001,CERRADAS,Entregado,Entregado,NET_GURBINAA,SIM,1 ago 2026,1 ago 2026,02/08/2026,Sí,CERRADAS,2026-08-02 00:34:52,Monolínea,Mono_item,Lima - Callao,29.95
San Juan De Lurigancho,Netcall,3 ago 2026,12,902855677,9028556778046757700117,9283,Outbound,Portabilidad Postpago,EXPRESS,Logixtal,9001,CERRADAS,Entregado,Entregado,NET_TANCHANTEG,SIM,3 ago 2026,3 ago 2026,null,No,CERRADAS,2026-08-04 00:45:06,Multilínea,Mono_item,Lima - Callao,null
San Juan De Lurigancho,Netcall,3 ago 2026,10,902792220,9027922208046169060913,9283,Outbound,Portabilidad Postpago,EXPRESS,Logixtal,9001,CERRADAS,Entregado,Entregado,NET_EALBORNOZR,SIM,3 ago 2026,3 ago 2026,null,No,CERRADAS,2026-08-04 01:29:26,Monolínea,Mono_item,Lima - Callao,null
San Juan De Lurigancho,Netcall,3 ago 2026,11,902833836,9028338368046546996455,9283,Outbound,Portabilidad Postpago,EXPRESS,Logixtal,9001,CERRADAS,Entregado,Entregado,NET_KCARRENOV,SIM,3 ago 2026,3 ago 2026,null,No,CERRADAS,2026-08-04 01:15:51,Monolínea,Mono_item,Lima - Callao,null
San Juan De Lurigancho,Netcall,1 ago 2026,11,902191360,9021913608040569936727,9283,Outbound,Portabilidad Postpago,EXPRESS,Logixtal,9001,CERRADAS,Entregado,Entregado,NET_AYROJASS,SIM,1 ago 2026,1 ago 2026,02/08/2026,Sí,CERRADAS,2026-08-02 00:44:48,Monolínea,Mono_item,Lima - Callao,39.95
San Juan De Lurigancho,Netcall,1 ago 2026,15,902258620,9022586208041234280877,9283,Outbound,Portabilidad Postpago,PROGRAMADO,Logixtal,9001,ABIERTAS,Pendiente Entrega,Pendiente Entrega,NET_JBARRAGANH,SIM,3 ago 2026,null,null,No,ABIERTAS,null,Multilínea,Mono_item,Lima - Callao,null
San Juan De Lurigancho,Netcall,3 ago 2026,11,902817208,9028172088046396332673,9283,Outbound,Portabilidad Postpago,EXPRESS,Logixtal,9001,CERRADAS,Entregado,Entregado,NET_GMENDIGUETE,SIM,3 ago 2026,3 ago 2026,null,No,CERRADAS,2026-08-04 03:39:45,Monolínea,Mono_item,Lima - Callao,null
San Juan De Lurigancho,Netcall,2 ago 2026,21,902650693,902650693,9283,Outbound,Portabilidad Postpago,PROGRAMADO,Logixtal,9001,CERRADAS,Entregado,Entregado,NET_JSANGAMA,SIM,3 ago 2026,3 ago 2026,null,No,CERRADAS,2026-08-04 00:13:34,Monolínea,Mono_item,Lima - Callao,null
San Juan De Lurigancho,Netcall,1 ago 2026,9,902162627,9021626278040301198597,9283,Outbound,Portabilidad Postpago,EXPRESS,Logixtal,9001,CERRADAS,Entregado,Entregado,NET_AROJASF,SIM,1 ago 2026,1 ago 2026,02/08/2026,Sí,CERRADAS,2026-08-02 00:26:16,Monolínea,Mono_item,Lima - Callao,29.95
San Juan De Lurigancho,Netcall,3 ago 2026,15,902898462,9028984628047184972643,9283,Outbound,Portabilidad Postpago,EXPRESS,Logixtal,9001,CERRADAS,Entregado,Entregado,NET_JSIADEN,SIM,3 ago 2026,3 ago 2026,null,No,CERRADAS,2026-08-04 03:35:37,Monolínea,Mono_item,Lima - Callao,null
San Juan De Lurigancho,Netcall,1 ago 2026,15,902258030,9022580308041230689429,9283,Outbound,Portabilidad Postpago,PROGRAMADO,Logixtal,9001,ABIERTAS,Pendiente Entrega,Pendiente Entrega,NET_JBARRAGANH,SIM,3 ago 2026,null,null,No,ABIERTAS,null,Multilínea,Mono_item,Lima - Callao,null
San Juan De Lurigancho,Netcall,2 ago 2026,15,902566332,9025663328044297519580,9271,Outbound,Portabilidad Postpago,PROGRAMADO,Logixtal,9001,ABIERTAS,Pendiente Entrega,Pendiente Entrega,NET_LRODRIGUEZC,SIM,3 ago 2026,null,null,No,ABIERTAS,null,Monolínea,Mono_item,Lima - Callao,null
San Juan De Lurigancho,Netcall,3 ago 2026,15,902900147,9029001478047200215878,9283,Outbound,Portabilidad Postpago,EXPRESS,Logixtal,9001,CERRADAS,Entregado,Entregado,NET_NBURGAR,SIM,3 ago 2026,3 ago 2026,null,No,CERRADAS,2026-08-04 03:44:35,Multilínea,Multi_item,Lima - Callao,null
San Juan De Lurigancho,Netcall,3 ago 2026,11,902812454,9028124548046358489971,9271,Outbound,Portabilidad Postpago,EXPRESS,Logixtal,9001,CERRADAS,Entregado,Entregado,NET_THUAMANIP,SIM,3 ago 2026,3 ago 2026,null,No,CERRADAS,2026-08-04 01:46:56,Monolínea,Mono_item,Lima - Callao,null
San Juan De Lurigancho,Netcall,1 ago 2026,15,902270982,9022709828041374830486,9283,Outbound,Portabilidad Postpago,EXPRESS,Logixtal,9001,CERRADAS,Entregado,Entregado,TLV_NET_JMORO,SIM,1 ago 2026,1 ago 2026,02/08/2026,Sí,CERRADAS,2026-08-02 01:39:26,Monolínea,Mono_item,Lima - Callao,29.95
San Juan De Lurigancho,Netcall,1 ago 2026,12,902208862,9022088628040728862386,9283,Outbound,Portabilidad Postpago,EXPRESS,Logixtal,9001,CERRADAS,Entregado,Entregado,TLV_NET_MLANDAR,SIM,1 ago 2026,1 ago 2026,02/08/2026,Sí,CERRADAS,2026-08-02 00:23:47,Monolínea,Mono_item,Lima - Callao,39.95
San Juan De Lurigancho,Netcall,3 ago 2026,17,902940542,9029405428047594450008,9283,Outbound,Portabilidad Postpago,EXPRESS,Logixtal,9001,CANCELADAS,Anulado,ZONA PELIGROSA,NET_YVEGASA,SIM,3 ago 2026,null,null,No,CANCELADAS,2026-08-03 20:36:51,Monolínea,Mono_item,Lima - Callao,null
San Juan De Lurigancho,Netcall,1 ago 2026,16,902286646,9022866468041533197888,9271,Outbound,Portabilidad Postpago,EXPRESS,Logixtal,9001,ABIERTAS,Pendiente Entrega,Pendiente Entrega,NET_PTORRESR,SIM,1 ago 2026,null,null,No,ABIERTAS,null,Monolínea,Mono_item,Lima - Callao,null
San Juan De Lurigancho,Netcall,1 ago 2026,14,902246356,9022463568041109686026,9283,Outbound,Portabilidad Postpago,EXPRESS,Logixtal,9001,CERRADAS,Entregado,Entregado,TLV_NET_RSORIAH,SIM,1 ago 2026,1 ago 2026,02/08/2026,Sí,CERRADAS,2026-08-02 00:23:45,Monolínea,Mono_item,Lima - Callao,29.95
San Juan De Lurigancho,Netcall,3 ago 2026,11,902817033,902817033,9283,Outbound,Portabilidad Postpago,EXPRESS,Logixtal,9001,CERRADAS,Entregado,Entregado,NET_DVALVERDEM,SIM,3 ago 2026,3 ago 2026,null,No,CERRADAS,2026-08-04 00:17:47,Monolínea,Mono_item,Lima - Callao,null
San Juan De Lurigancho,Netcall,3 ago 2026,18,902960544,902960544,9283,Outbound,Portabilidad Postpago,EXPRESS,Logixtal,9001,CERRADAS,Entregado,Entregado,NET_SINGAC,SIM,3 ago 2026,3 ago 2026,null,No,CERRADAS,2026-08-04 00:05:31,Multilínea,Mono_item,Lima - Callao,null
San Juan De Lurigancho,Netcall,3 ago 2026,15,902897994,902897994,9283,Outbound,Portabilidad Postpago,EXPRESS,Logixtal,9001,CERRADAS,Entregado,Entregado,NET_NBURGAR,SIM,3 ago 2026,3 ago 2026,null,No,CERRADAS,2026-08-04 00:33:11,Multilínea,Mono_item,Lima - Callao,null
San Juan De Lurigancho,Netcall,3 ago 2026,12,902837060,9028370608046574088628,9283,Outbound,Portabilidad Postpago,EXPRESS,Logixtal,9001,CERRADAS,Entregado,Entregado,NET_GURBINAA,SIM,3 ago 2026,3 ago 2026,null,No,CERRADAS,2026-08-04 02:06:49,Monolínea,Mono_item,Lima - Callao,null
San Juan De Lurigancho,Netcall,2 ago 2026,15,902563927,902563927,9283,Outbound,Portabilidad Postpago,PROGRAMADO,Logixtal,9001,CERRADAS,Entregado,Entregado,TLV_NET_JPENAM,SIM,3 ago 2026,3 ago 2026,null,No,CERRADAS,2026-08-04 00:32:38,Monolínea,Mono_item,Lima - Callao,null
San Juan De Lurigancho,Netcall,1 ago 2026,13,902228595,9022285958040933951805,9283,Outbound,Portabilidad Postpago,EXPRESS,Logixtal,9001,CERRADAS,Entregado,Entregado,NET_JSANCHEZC,SIM,1 ago 2026,1 ago 2026,02/08/2026,Sí,CERRADAS,2026-08-02 00:25:24,Multilínea,Mono_item,Lima - Callao,39.95
San Juan De Lurigancho,Netcall,3 ago 2026,9,902781485,902781485,9271,Outbound,Portabilidad Postpago,EXPRESS,Logixtal,9001,CERRADAS,Entregado,Entregado,NET_THUAMANIP,SIM,3 ago 2026,3 ago 2026,null,No,CERRADAS,2026-08-04 00:13:51,Monolínea,Mono_item,Lima - Callao,null
San Juan De Lurigancho,Netcall,4 ago 2026,8,903198613,903198613Empty,9283,Outbound,Portabilidad Postpago,EXPRESS,Logixtal,9001,ABIERTAS,Pendiente Entrega,Pendiente Entrega,NET_MREZAH,SIM,4 ago 2026,null,null,No,ABIERTAS,null,Monolínea,Mono_item,Lima - Callao,null
San Juan De Lurigancho,Netcall,1 ago 2026,15,902259632,9022596328041248531837,9283,Outbound,Portabilidad Postpago,EXPRESS,Logixtal,9001,CANCELADAS,Anulado,DIRECCIÓN ERRADA,NET_EALBORNOZR,SIM,1 ago 2026,null,null,No,CANCELADAS,2026-08-01 15:43:22,Multilínea,Mono_item,Lima - Callao,null
San Juan De Lurigancho,Netcall,3 ago 2026,13,902866265,9028662658046858178856,9271,Outbound,Portabilidad Postpago,EXPRESS,Logixtal,9001,CERRADAS,Entregado,Entregado,NET_AAVENDANOR,SIM,3 ago 2026,3 ago 2026,null,No,CERRADAS,2026-08-04 01:22:52,Monolínea,Mono_item,Lima - Callao,null
San Juan De Lurigancho,Netcall,1 ago 2026,9,902158026,9021580268040253732203,9283,Outbound,Venta Regular / Alta,EXPRESS,Logixtal,9001,CANCELADAS,Cancelado,CANCELADA EN OMNIX,NET_MMREVILLA,SIM,1 ago 2026,null,null,No,CANCELADAS,2026-08-01 09:46:30,Monolínea,Mono_item,Lima - Callao,null
San Juan De Lurigancho,Netcall,1 ago 2026,11,902202925,9022029258040681819101,9271,Outbound,Portabilidad Postpago,EXPRESS,Logixtal,9001,CANCELADAS,Entregado,Entregado,NET_JVALVERDEV,SIM,1 ago 2026,1 ago 2026,null,No,CANCELADAS,2026-08-01 22:00:23,Monolínea,Mono_item,Lima - Callao,null
San Juan De Lurigancho,Netcall,3 ago 2026,19,902996478,9029964788048153283811,9283,Outbound,Portabilidad Postpago,PROGRAMADO,Logixtal,9001,ABIERTAS,Pendiente Entrega,Pendiente Entrega,NET_ACREGALADO,SIM,4 ago 2026,null,null,No,ABIERTAS,null,Monolínea,Mono_item,Lima - Callao,null
San Juan De Lurigancho,Netcall,1 ago 2026,10,902178042,9021780428040442861533,9283,Outbound,Portabilidad Postpago,EXPRESS,Logixtal,9001,CERRADAS,Entregado,Entregado,TLV_NET_CACEVED,SIM,1 ago 2026,1 ago 2026,02/08/2026,Sí,CERRADAS,2026-08-02 00:38:23,Monolínea,Mono_item,Lima - Callao,29.95
San Juan De Lurigancho,Netcall,3 ago 2026,11,902812492,902812492,9283,Outbound,Portabilidad Postpago,EXPRESS,Logixtal,9001,CERRADAS,Entregado,Entregado,NET_ABARRERAY,SIM,3 ago 2026,3 ago 2026,null,No,CERRADAS,2026-08-04 00:23:03,Monolínea,Mono_item,Lima - Callao,null
San Juan De Lurigancho,Netcall,1 ago 2026,9,902151132,9021511328040195581706,9271,Outbound,Portabilidad Postpago,EXPRESS,Logixtal,9001,CERRADAS,Entregado,Entregado,NET_FCARRIONM,SIM,1 ago 2026,1 ago 2026,02/08/2026,Sí,CERRADAS,2026-08-02 01:26:13,Monolínea,Mono_item,Lima - Callao,39.95
San Juan De Lurigancho,Netcall,3 ago 2026,16,902926477,9029264778047463725855,9283,Outbound,Portabilidad Postpago,EXPRESS,Logixtal,9001,ABIERTAS,Pendiente Entrega,Pendiente Entrega,TLV_NET_VCHNGO,SIM,3 ago 2026,null,null,No,ABIERTAS,null,Monolínea,Mono_item,Lima - Callao,null
San Juan De Lurigancho,Netcall,1 ago 2026,15,902264323,9022643238041295950537,9283,Outbound,Venta Regular / Alta,PROGRAMADO,Logixtal,9001,ABIERTAS,Pendiente Entrega,Pendiente Entrega,NET_MQUISPEQ,SIM,3 ago 2026,null,null,No,ABIERTAS,null,Multilínea,Mono_item,Lima - Callao,null
San Juan Bautista,Netcall,3 ago 2026,16,902923994,9029239948047437551728,9283,Outbound,Portabilidad Postpago,EXPRESS,Logixtal,9354,CERRADAS,Entregado,Entregado,NET_MROJASS,SIM,3 ago 2026,3 ago 2026,null,No,CERRADAS,2026-08-04 01:43:58,Monolínea,Mono_item,Ayacucho,null
San Juan Bautista,Netcall,1 ago 2026,10,902177925,9021779258040441220915,9283,Outbound,Portabilidad Postpago,EXPRESS,Logixtal,9355,CERRADAS,Entregado,Entregado,NET_JPRADOP,SIM,1 ago 2026,1 ago 2026,02/08/2026,Sí,CERRADAS,2026-08-02 00:45:34,Multilínea,Mono_item,Loreto,19.95
San Juan Bautista,Netcall,3 ago 2026,16,902918167,9029181678047378764182,9283,Outbound,Portabilidad Postpago,EXPRESS,Logixtal,9355,ABIERTAS,Anulado,CLIENTE NO PODRA ATENDER,NET_PCHAVESTAY,SIM,3 ago 2026,null,null,No,ABIERTAS,null,Monolínea,Mono_item,Loreto,null
San Juan Bautista,Netcall,1 ago 2026,10,902167787,9021677878040342649115,9271,Outbound,Portabilidad Postpago,EXPRESS,Logixtal,9354,CERRADAS,Entregado,Entregado,NET_RCARDENASH,SIM,1 ago 2026,1 ago 2026,02/08/2026,Sí,CERRADAS,2026-08-02 00:33:31,Monolínea,Mono_item,Ayacucho,29.95
San Juan Bautista,Netcall,3 ago 2026,13,902868258,9028682588046879381175,9283,Outbound,Portabilidad Postpago,PROGRAMADO,Logixtal,9355,ABIERTAS,Pendiente Entrega,Pendiente Entrega,NET_GHERRERAG,SIM,4 ago 2026,null,null,No,ABIERTAS,null,Monolínea,Mono_item,Loreto,null
San Juan Bautista,Netcall,1 ago 2026,10,902180367,9021803678040465944566,9283,Outbound,Portabilidad Prepago,EXPRESS,Logixtal,9355,CERRADAS,Entregado,Entregado,NET_JPRADOP,SIM,1 ago 2026,1 ago 2026,02/08/2026,Sí,CERRADAS,2026-08-02 00:29:23,Multilínea,Mono_item,Loreto,39.95
San Juan Bautista,Netcall,3 ago 2026,10,902804868,9028048688046290972508,9283,Outbound,Portabilidad Postpago,PROGRAMADO,Logixtal,9355,ABIERTAS,Pendiente Entrega,Pendiente Entrega,TLV_NET_LVILLLA,SIM,4 ago 2026,null,null,No,ABIERTAS,null,Monolínea,Mono_item,Loreto,null
San Jose,Netcall,3 ago 2026,15,902912883,9029128838047328440756,9283,Outbound,Portabilidad Postpago,PROGRAMADO,Logixtal,5023,ABIERTAS,Pendiente Entrega,Pendiente Entrega,NET_SGONZALESF,SIM,7 ago 2026,null,null,No,ABIERTAS,null,Monolínea,Mono_item,La Libertad,null
San Jeronimo,Netcall,1 ago 2026,15,902259718,9022597188041250333911,9283,Outbound,Portabilidad Postpago,EXPRESS,Logixtal,9343,CERRADAS,Entregado,Entregado,NET_MFLORESD,SIM,1 ago 2026,3 ago 2026,null,No,CERRADAS,2026-08-04 03:12:41,Monolínea,Mono_item,Cusco,null
San Jeronimo,Netcall,1 ago 2026,13,902224400,902224400,9283,Outbound,Portabilidad Postpago,PROGRAMADO,Logixtal,9343,CERRADAS,Entregado,Entregado,NET_AARNAIZA,SIM,3 ago 2026,3 ago 2026,null,No,CERRADAS,2026-08-04 00:25:47,Multilínea,Mono_item,Cusco,null
San Jeronimo,Netcall,1 ago 2026,11,902183875,9021838758040501058022,9283,Outbound,Portabilidad Prepago,EXPRESS,Logixtal,9343,CERRADAS,Entregado,Entregado,NET_VMEJIAC,SIM,1 ago 2026,1 ago 2026,02/08/2026,Sí,CERRADAS,2026-08-02 00:05:49,Monolínea,Mono_item,Cusco,29.95
San Jeronimo,Netcall,2 ago 2026,10,902493354,9024933548043660221512,9283,Outbound,Portabilidad Postpago,PROGRAMADO,Logixtal,9343,ABIERTAS,Pendiente Entrega,Pendiente Entrega,NET_IVARGASI,SIM,4 ago 2026,null,null,No,ABIERTAS,null,Monolínea,Mono_item,Cusco,null
San Jeronimo,Netcall,3 ago 2026,15,902899889,9028998898047193638834,9283,Outbound,Portabilidad Postpago,EXPRESS,Logixtal,9343,ABIERTAS,Entregado,Entregado,NET_RTORRESB,SIM,3 ago 2026,4 ago 2026,null,No,ABIERTAS,null,Monolínea,Mono_item,Cusco,null
San Jeronimo,Netcall,1 ago 2026,13,902225268,9022252688040894051764,9283,Outbound,Portabilidad Postpago,PROGRAMADO,Logixtal,9343,CERRADAS,Entregado,Entregado,NET_AARNAIZA,SIM,3 ago 2026,3 ago 2026,null,No,CERRADAS,2026-08-04 03:40:50,Multilínea,Mono_item,Cusco,null
San Isidro,Netcall,3 ago 2026,9,902786500,9027865008046115153881,9283,Outbound,Portabilidad Postpago,EXPRESS,Logixtal,9001,CERRADAS,Entregado,Entregado,NET_JLIL,SIM,3 ago 2026,3 ago 2026,null,No,CERRADAS,2026-08-04 01:59:44,Monolínea,Mono_item,Lima - Callao,null
San Isidro,Netcall,3 ago 2026,16,902917647,9029176478047381380722,9283,Outbound,Portabilidad Postpago,EXPRESS,Logixtal,9001,ABIERTAS,Pendiente Entrega,Pendiente Entrega,TLV_NET_KARANDA,SIM,3 ago 2026,null,null,No,ABIERTAS,null,Monolínea,Mono_item,Lima - Callao,null
San Isidro,Netcall,3 ago 2026,10,902794584,9027945848046195014530,9283,Outbound,Portabilidad Postpago,EXPRESS,Logixtal,9001,CERRADAS,Entregado,Entregado,NET_MMORANM,SIM,3 ago 2026,3 ago 2026,null,No,CERRADAS,2026-08-04 01:36:29,Monolínea,Mono_item,Lima - Callao,null
San Isidro,Netcall,3 ago 2026,16,902925463,902925463,9283,Outbound,Portabilidad Postpago,EXPRESS,Logixtal,9001,CERRADAS,Entregado,Entregado,NET_MMREVILLA,SIM,3 ago 2026,3 ago 2026,null,No,CERRADAS,2026-08-04 00:36:50,Multilínea,Mono_item,Lima - Callao,null
San Isidro,Netcall,1 ago 2026,15,902267228,9022672288041337266150,9283,Outbound,Portabilidad Prepago,PROGRAMADO,Logixtal,9001,CERRADAS,Entregado,Entregado,NET_KDIAZPISCOY,SIM,2 ago 2026,2 ago 2026,03/08/2026,Sí,CERRADAS,2026-08-03 01:05:25,Monolínea,Mono_item,Lima - Callao,29.95
San Isidro,Netcall,1 ago 2026,17,902295406,9022954068041618889735,9265,Outbound,Portabilidad Postpago,PROGRAMADO,Logixtal,9001,CERRADAS,Entregado,Entregado,NET_IRODRIGUEZS,SIM,3 ago 2026,3 ago 2026,null,No,CERRADAS,2026-08-04 00:49:39,Monolínea,Mono_item,Lima - Callao,null
San Isidro,Netcall,1 ago 2026,14,902255805,9022558058041203471905,9283,Outbound,Portabilidad Postpago,PROGRAMADO,Logixtal,9001,CANCELADAS,Anulado,DIRECCIÓN ERRADA,NET_MZEVALLOSMA,SIM,3 ago 2026,null,null,No,CANCELADAS,2026-08-03 14:33:47,Monolínea,Mono_item,Lima - Callao,null
San Isidro,Netcall,3 ago 2026,16,902924167,9029241678047433361265,9283,Outbound,Portabilidad Postpago,EXPRESS,Logixtal,9001,CERRADAS,Entregado,Entregado,NET_MMREVILLA,SIM,3 ago 2026,3 ago 2026,null,No,CERRADAS,2026-08-04 01:01:22,Multilínea,Mono_item,Lima - Callao,null
San Isidro,Netcall,3 ago 2026,13,902860164,9028601648046804622272,9283,Outbound,Portabilidad Postpago,EXPRESS,Logixtal,9001,ABIERTAS,Entregado,Entregado,NET_MZEVALLOSMA,SIM,3 ago 2026,3 ago 2026,null,No,ABIERTAS,null,Monolínea,Mono_item,Lima - Callao,null
San Isidro,Netcall,3 ago 2026,12,902856521,902856521,9283,Outbound,Portabilidad Postpago,EXPRESS,Logixtal,9001,CERRADAS,Entregado,Entregado,NET_SGONZALESF,SIM,3 ago 2026,3 ago 2026,null,No,CERRADAS,2026-08-04 00:06:22,Monolínea,Mono_item,Lima - Callao,null
San Isidro,Netcall,3 ago 2026,11,902812498,9028124988046365671414,9283,Outbound,Portabilidad Postpago,EXPRESS,Logixtal,9001,CANCELADAS,Anulado,CLIENTE YA NO DESEA PRODUCTO,NET_PSANCHEZE,SIM,3 ago 2026,null,null,No,CANCELADAS,2026-08-03 11:41:23,Monolínea,Mono_item,Lima - Callao,null
San Clemente,Netcall,3 ago 2026,14,902880990,9028809908047002775703,9283,Outbound,Portabilidad Postpago,EXPRESS,Logixtal,9345,CERRADAS,Entregado,Entregado,NET_SPALACIOSA,SIM,3 ago 2026,3 ago 2026,null,No,CERRADAS,2026-08-04 01:57:05,Monolínea,Mono_item,Ica,null
San Clemente,Netcall,1 ago 2026,13,902224079,9022240798040885726597,9283,Outbound,Portabilidad Postpago,PROGRAMADO,Logixtal,9345,ABIERTAS,Pendiente Entrega,Pendiente Entrega,NET_APACHECO,SIM,3 ago 2026,null,null,No,ABIERTAS,null,Monolínea,Mono_item,Ica,null
San Borja,Netcall,1 ago 2026,13,902232019,9022320198040962648501,9271,Outbound,Portabilidad Postpago,EXPRESS,Logixtal,9001,CERRADAS,Entregado,Entregado,NET_MGONZALESR,SIM,1 ago 2026,1 ago 2026,02/08/2026,Sí,CERRADAS,2026-08-02 02:10:31,Monolínea,Mono_item,Lima - Callao,29.95
San Borja,Netcall,3 ago 2026,10,902808792,9028087928046324159916,9283,Outbound,Portabilidad Postpago,PROGRAMADO,Logixtal,9001,ABIERTAS,Pendiente Entrega,Pendiente de Picking,NET_NSANTAMARIA,SIM,5 ago 2026,null,null,No,ABIERTAS,null,Monolínea,Mono_item,Lima - Callao,null
San Borja,Netcall,3 ago 2026,12,902848157,9028481578046689453953,9271,Outbound,Portabilidad Postpago,EXPRESS,Logixtal,9001,CERRADAS,Entregado,Entregado,NET_SCOVENASC,SIM,3 ago 2026,3 ago 2026,null,No,CERRADAS,2026-08-04 00:49:06,Monolínea,Mono_item,Lima - Callao,null
San Borja,Netcall,3 ago 2026,14,902893638,9028936388047132923298,9283,Outbound,Portabilidad Postpago,EXPRESS,Logixtal,9001,CERRADAS,Entregado,Entregado,NET_VZEGARRAAGU,SIM,3 ago 2026,3 ago 2026,null,No,CERRADAS,2026-08-04 01:57:46,Multilínea,Mono_item,Lima - Callao,null
San Borja,Netcall,3 ago 2026,14,902894959,9028949598047149429786,9283,Outbound,Portabilidad Postpago,EXPRESS,Logixtal,9001,CERRADAS,Entregado,Entregado,NET_VZEGARRAAGU,SIM,3 ago 2026,3 ago 2026,null,No,CERRADAS,2026-08-04 03:03:29,Multilínea,Mono_item,Lima - Callao,null
San Borja,Netcall,1 ago 2026,11,902182034,9021820348040488138223,9283,Outbound,Portabilidad Postpago,PROGRAMADO,Logixtal,9001,CERRADAS,Entregado,Entregado,NET_SBENITESL,SIM,3 ago 2026,3 ago 2026,null,No,CERRADAS,2026-08-04 00:52:41,Multilínea,Mono_item,Lima - Callao,null
San Borja,Netcall,3 ago 2026,17,902940239,9029402398047591456386,9283,Outbound,Portabilidad Postpago,PROGRAMADO,Logixtal,9001,ABIERTAS,Pendiente Entrega,Pendiente Entrega,NET_BHUACHUHUIB,SIM,4 ago 2026,null,null,No,ABIERTAS,null,Monolínea,Mono_item,Lima - Callao,null
San Borja,Netcall,3 ago 2026,13,902874753,9028747538046941723721,9271,Outbound,Portabilidad Postpago,EXPRESS,Logixtal,9001,CERRADAS,Entregado,Entregado,NET_LGOMEZA,SIM,3 ago 2026,3 ago 2026,null,No,CERRADAS,2026-08-04 01:29:00,Monolínea,Mono_item,Lima - Callao,null
San Borja,Netcall,1 ago 2026,11,902183955,9021839558040504509615,9283,Outbound,Portabilidad Postpago,PROGRAMADO,Logixtal,9001,CERRADAS,Entregado,Entregado,NET_SBENITESL,SIM,3 ago 2026,3 ago 2026,null,No,CERRADAS,2026-08-04 01:26:15,Multilínea,Mono_item,Lima - Callao,null
San Andres,Netcall,3 ago 2026,14,902886806,9028868068047053967001,9283,Outbound,Portabilidad Postpago,PROGRAMADO,Logixtal,9345,ABIERTAS,Pendiente Entrega,Pendiente Entrega,NET_VCHIRIA,SIM,4 ago 2026,null,null,No,ABIERTAS,null,Monolínea,Mono_item,Ica,null
San Andres,Netcall,3 ago 2026,13,902865568,9028655688046848970985,9283,Outbound,Portabilidad Postpago,PROGRAMADO,Logixtal,9345,ABIERTAS,Pendiente Entrega,Pendiente Entrega,TLV_NET_FVALQUI,SIM,4 ago 2026,null,null,No,ABIERTAS,null,Monolínea,Mono_item,Ica,null
San Andres,Netcall,1 ago 2026,12,902206409,9022064098040706594808,9289,Outbound,Portabilidad Postpago,PROGRAMADO,Logixtal,9345,ABIERTAS,Pendiente Entrega,Pendiente Entrega,NET_YHUAMAN,SIM,3 ago 2026,null,null,No,ABIERTAS,null,Monolínea,Mono_item,Ica,null
Salaverry,Netcall,3 ago 2026,16,902926333,9029263338047460860185,9283,Outbound,Portabilidad Postpago,PROGRAMADO,Logixtal,5023,ABIERTAS,Pendiente Entrega,Pendiente Entrega,NET_GHERRERAG,SIM,5 ago 2026,null,null,No,ABIERTAS,null,Monolínea,Mono_item,La Libertad,null
Sachaca,Netcall,3 ago 2026,17,902958845,9029588458047775034079,9283,Outbound,Portabilidad Postpago,PROGRAMADO,Logixtal,5022,ABIERTAS,Pendiente Entrega,Pendiente Entrega,NET_LMALDONADOC,SIM,4 ago 2026,null,null,No,ABIERTAS,null,Monolínea,Mono_item,Arequipa,null
Rimac,Netcall,3 ago 2026,18,902969522,9029695228047881387447,9283,Outbound,Portabilidad Postpago,EXPRESS,Logixtal,9001,ABIERTAS,Pendiente Entrega,Pendiente Entrega,NET_GHERRERAG,SIM,3 ago 2026,null,null,No,ABIERTAS,null,Monolínea,Mono_item,Lima - Callao,null
Rimac,Netcall,1 ago 2026,9,902161038,9021610388040285179654,9283,Outbound,Portabilidad Postpago,EXPRESS,Logixtal,9001,CANCELADAS,Anulado,SOLICITADO POR CANAL,NET_ADOMINGUEZF,SIM,1 ago 2026,null,null,No,CANCELADAS,2026-08-01 12:24:46,Monolínea,Mono_item,Lima - Callao,null
Rimac,Netcall,1 ago 2026,11,902183205,9021832058040509258277,9271,Outbound,Portabilidad Postpago,PROGRAMADO,Logixtal,9001,CANCELADAS,Anulado,CLIENTE YA NO DESEA PRODUCTO,NET_EMMENDIZF,SIM,2 ago 2026,null,null,No,CANCELADAS,2026-08-03 14:24:47,Monolínea,Mono_item,Lima - Callao,null
Rimac,Netcall,3 ago 2026,9,902782122,9027821228046068455728,9283,Outbound,Portabilidad Postpago,EXPRESS,Logixtal,9001,CERRADAS,Entregado,Entregado,NET_EBOZA,SIM,3 ago 2026,3 ago 2026,null,No,CERRADAS,2026-08-04 01:11:19,Monolínea,Mono_item,Lima - Callao,null
Rimac,Netcall,3 ago 2026,12,902841586,902841586,9283,Outbound,Portabilidad Postpago,EXPRESS,Logixtal,9001,CERRADAS,Entregado,Entregado,NET_CCONDEM,SIM,3 ago 2026,3 ago 2026,null,No,CERRADAS,2026-08-04 00:37:13,Multilínea,Mono_item,Lima - Callao,null
Rimac,Netcall,3 ago 2026,10,902806505,9028065058046309384214,9283,Outbound,Portabilidad Postpago,EXPRESS,Logixtal,9001,CERRADAS,Entregado,Entregado,NET_ECASTILLOH,SIM,3 ago 2026,3 ago 2026,null,No,CERRADAS,2026-08-04 01:03:10,Monolínea,Mono_item,Lima - Callao,null
Rimac,Netcall,3 ago 2026,12,902840360,9028403608046606583348,9283,Outbound,Portabilidad Postpago,EXPRESS,Logixtal,9001,CERRADAS,Entregado,Entregado,NET_CCONDEM,SIM,3 ago 2026,3 ago 2026,null,No,CERRADAS,2026-08-04 01:22:02,Multilínea,Mono_item,Lima - Callao,null
Rimac,Netcall,1 ago 2026,11,902200771,9022007718040654037121,9283,Outbound,Portabilidad Postpago,EXPRESS,Logixtal,9001,ABIERTAS,Pendiente Entrega,Pendiente Entrega,NET_ELAURAQ,SIM-accesorio,1 ago 2026,null,null,No,ABIERTAS,null,Multilínea,Multi_item,Lima - Callao,null
Rimac,Netcall,1 ago 2026,11,902200771,9022007718040654037340,9283,Outbound,Portabilidad Postpago,EXPRESS,Logixtal,9001,ABIERTAS,Pendiente Entrega,Pendiente Entrega,NET_ELAURAQ,SIM-accesorio,1 ago 2026,null,null,No,ABIERTAS,null,Multilínea,Multi_item,Lima - Callao,null
Rimac,Netcall,1 ago 2026,11,902200771,9022007718040658015890,9283,Outbound,Portabilidad Postpago,EXPRESS,Logixtal,9001,ABIERTAS,Pendiente Entrega,Pendiente Entrega,NET_ELAURAQ,SIM-accesorio,1 ago 2026,null,null,No,ABIERTAS,null,Multilínea,Multi_item,Lima - Callao,null
Rimac,Netcall,2 ago 2026,11,902514130,9025141308043827839677,9283,Outbound,Portabilidad Postpago,EXPRESS,Logixtal,9001,CERRADAS,Entregado,Entregado,NET_GFLORESS,SIM,2 ago 2026,2 ago 2026,03/08/2026,Sí,CERRADAS,2026-08-03 00:58:04,Monolínea,Mono_item,Lima - Callao,34.95
Rimac,Netcall,3 ago 2026,16,902916996,9029169968047375060767,9271,Outbound,Portabilidad Postpago,PROGRAMADO,Logixtal,9001,ABIERTAS,Pendiente Entrega,Pendiente Entrega,NET_BATOP,SIM,4 ago 2026,null,null,No,ABIERTAS,null,Multilínea,Mono_item,Lima - Callao,null
Rimac,Netcall,3 ago 2026,13,902866579,9028665798046867553907,9271,Outbound,Portabilidad Postpago,EXPRESS,Logixtal,9001,CANCELADAS,Anulado,CLIENTE YA NO DESEA PRODUCTO,NET_BATOP,SIM,3 ago 2026,null,null,No,CANCELADAS,2026-08-03 14:17:52,Multilínea,Mono_item,Lima - Callao,null
Rimac,Netcall,2 ago 2026,8,902463739,9024637398043484492507,9283,Outbound,Portabilidad Postpago,EXPRESS,Logixtal,9001,CANCELADAS,Anulado,DIRECCIÓN ERRADA,NET_EBOZA,SIM,2 ago 2026,null,null,No,CANCELADAS,2026-08-02 11:58:17,Monolínea,Mono_item,Lima - Callao,null
Rimac,Netcall,3 ago 2026,13,902868593,9028685938046880590383,9283,Outbound,Portabilidad Postpago,EXPRESS,Logixtal,9001,CANCELADAS,Anulado,CLIENTE DESISTE - INFORMACIÓN INCORRECTA,TLV_NET_BRAMIRE,SIM,3 ago 2026,null,null,No,CANCELADAS,2026-08-03 14:39:48,Monolínea,Mono_item,Lima - Callao,null
Quilmana,Netcall,1 ago 2026,15,902268400,9022684008041344763036,9283,Outbound,Portabilidad Postpago,PROGRAMADO,Logixtal,9001,CERRADAS,Entregado,Entregado,NET_SBENITOV,SIM,3 ago 2026,3 ago 2026,null,No,CERRADAS,2026-08-04 02:54:42,Monolínea,Mono_item,Lima - Callao,null
Puno,Netcall,1 ago 2026,14,902251299,9022512998041160687714,9271,Outbound,Portabilidad Postpago,EXPRESS,Logixtal,9351,CERRADAS,Entregado,Entregado,NET_GVELASQUEZA,SIM,1 ago 2026,1 ago 2026,02/08/2026,Sí,CERRADAS,2026-08-02 00:32:19,Multilínea,Mono_item,Puno,39.95
Puno,Netcall,3 ago 2026,15,902905748,9029057488047260709209,9283,Outbound,Portabilidad Postpago,EXPRESS,Logixtal,9351,CERRADAS,Entregado,Entregado,NET_MFERRER,SIM,3 ago 2026,3 ago 2026,null,No,CERRADAS,2026-08-04 01:21:44,Monolínea,Mono_item,Puno,null
Puno,Netcall,3 ago 2026,9,902782323,9027823238046074652687,9283,Outbound,Portabilidad Postpago,EXPRESS,Logixtal,9351,CERRADAS,Entregado,Entregado,NET_TMUNOZCALDE,SIM,3 ago 2026,3 ago 2026,null,No,CERRADAS,2026-08-04 02:02:17,Monolínea,Mono_item,Puno,null
Puno,Netcall,3 ago 2026,15,902907002,9029070028047271462804,9283,Outbound,Portabilidad Postpago,EXPRESS,Logixtal,9351,CANCELADAS,Anulado,CLIENTE YA NO DESEA PRODUCTO,TLV_NET_DVALOI,SIM,3 ago 2026,null,null,No,CANCELADAS,2026-08-03 17:21:55,Monolínea,Mono_item,Puno,null
Puno,Netcall,3 ago 2026,6,902765622,902765622,9283,Outbound,Portabilidad Postpago,EXPRESS,Logixtal,9351,CERRADAS,Entregado,Entregado,NET_VZEGARRAAGU,SIM,3 ago 2026,3 ago 2026,null,No,CERRADAS,2026-08-04 00:31:59,Monolínea,Mono_item,Puno,null
Puno,Netcall,1 ago 2026,9,902160836,9021608368040283652201,9283,Outbound,Portabilidad Prepago,EXPRESS,Logixtal,9351,CERRADAS,Entregado,Entregado,TLV_NET_MFARFAN,SIM,1 ago 2026,1 ago 2026,02/08/2026,Sí,CERRADAS,2026-08-02 01:26:20,Monolínea,Mono_item,Puno,39.95
Puno,Netcall,1 ago 2026,10,902170391,9021703918040367609515,9283,Outbound,Portabilidad Postpago,EXPRESS,Logixtal,9351,CERRADAS,Entregado,Entregado,NET_LOPEZDI,SIM,1 ago 2026,1 ago 2026,02/08/2026,Sí,CERRADAS,2026-08-02 02:00:39,Multilínea,Mono_item,Puno,19.95
Puno,Netcall,1 ago 2026,10,902169476,9021694768040358364860,9283,Outbound,Portabilidad Postpago,EXPRESS,Logixtal,9351,CERRADAS,Entregado,Entregado,NET_LOPEZDI,SIM,1 ago 2026,1 ago 2026,02/08/2026,Sí,CERRADAS,2026-08-02 00:21:43,Multilínea,Mono_item,Puno,39.95
Puno,Netcall,3 ago 2026,13,902873146,9028731468046926097712,9283,Outbound,Portabilidad Postpago,EXPRESS,Logixtal,9351,CERRADAS,Entregado,Entregado,NET_SDEDIOSO,SIM,3 ago 2026,3 ago 2026,null,No,CERRADAS,2026-08-04 03:40:24,Monolínea,Mono_item,Puno,null
Puno,Netcall,1 ago 2026,15,902264754,9022647548041298301362,9271,Outbound,Portabilidad Postpago,EXPRESS,Logixtal,9351,CERRADAS,Entregado,Entregado,NET_AGRIMALDOE,SIM,1 ago 2026,1 ago 2026,02/08/2026,Sí,CERRADAS,2026-08-02 01:16:05,Monolínea,Mono_item,Puno,29.95
Puno,Netcall,1 ago 2026,14,902251923,9022519238041163805206,9271,Outbound,Portabilidad Postpago,EXPRESS,Logixtal,9351,CERRADAS,Entregado,Entregado,NET_GVELASQUEZA,SIM,1 ago 2026,1 ago 2026,02/08/2026,Sí,CERRADAS,2026-08-02 00:14:19,Multilínea,Mono_item,Puno,19.95
Puno,Netcall,1 ago 2026,18,902317791,9023177918041843034591,9283,Outbound,Portabilidad Postpago,RETIRO EN TIENDA,Retiro en tienda,3034,CERRADAS,Entregado,Entregado,NET_EBOZA,SIM,1 ago 2026,1 ago 2026,02/08/2026,Sí,CERRADAS,2026-08-02 02:09:06,Monolínea,Mono_item,Puno,39.95
Puno,Netcall,3 ago 2026,12,902850386,9028503868046750568138,9283,Outbound,Portabilidad Postpago,RETIRO EN TIENDA,Retiro en tienda,3034,CERRADAS,Entregado,Entregado,NET_JSIADEN,SIM,3 ago 2026,3 ago 2026,null,No,CERRADAS,2026-08-04 01:54:49,Monolínea,Mono_item,Puno,null
Puno,Netcall,3 ago 2026,11,902821839,902821839,5299,Outbound,Portabilidad Postpago,EXPRESS,Logixtal,9351,CERRADAS,Entregado,Entregado,NET_ACESPEDESR,SIM,3 ago 2026,3 ago 2026,null,No,CERRADAS,2026-08-04 00:07:08,Monolínea,Mono_item,Puno,null
Punchana,Netcall,1 ago 2026,14,902252234,9022522348041170313758,9271,Outbound,Portabilidad Postpago,EXPRESS,Logixtal,9355,CERRADAS,Entregado,Entregado,NET_KANGELESS,SIM,1 ago 2026,1 ago 2026,02/08/2026,Sí,CERRADAS,2026-08-02 01:14:04,Monolínea,Mono_item,Loreto,39.95
Punchana,Netcall,1 ago 2026,9,902152110,9021521108040204885300,9283,Outbound,Portabilidad Postpago,PROGRAMADO,Logixtal,9355,CANCELADAS,Anulado,CLIENTE DESISTE - CONTRAOFERTA,NET_JSANGAMA,SIM,3 ago 2026,null,null,No,CANCELADAS,2026-08-03 12:48:23,Monolínea,Mono_item,Loreto,null
Puente Piedra,Netcall,3 ago 2026,13,902864839,9028648398046845302700,9271,Outbound,Portabilidad Postpago,EXPRESS,Logixtal,9001,CERRADAS,Entregado,Entregado,NET_ACUEVAC,SIM,3 ago 2026,3 ago 2026,null,No,CERRADAS,2026-08-04 01:47:01,Multilínea,Mono_item,Lima - Callao,null
Puente Piedra,Netcall,1 ago 2026,17,902306753,9023067538041743376070,9283,Outbound,Portabilidad Postpago,EXPRESS,Logixtal,9001,ABIERTAS,Entregado,Entregado,NET_GFLORESS,SIM,1 ago 2026,1 ago 2026,null,No,ABIERTAS,null,Monolínea,Mono_item,Lima - Callao,null
Puente Piedra,Netcall,1 ago 2026,14,902248091,9022480918041124123598,9283,Outbound,Portabilidad Postpago,EXPRESS,Logixtal,9001,ABIERTAS,Entregado,Entregado,NET_SDIAZO,SIM,1 ago 2026,1 ago 2026,null,No,ABIERTAS,null,Multilínea,Multi_item,Lima - Callao,null
Puente Piedra,Netcall,1 ago 2026,11,902194315,9021943158040595662226,9271,Outbound,Portabilidad Postpago,EXPRESS,Logixtal,9001,CERRADAS,Entregado,Entregado,NET_OGUERREROR,SIM,1 ago 2026,1 ago 2026,02/08/2026,Sí,CERRADAS,2026-08-02 00:15:31,Monolínea,Mono_item,Lima - Callao,39.95
Puente Piedra,Netcall,3 ago 2026,13,902862680,9028626808046825768221,9283,Outbound,Portabilidad Postpago,EXPRESS,Logixtal,9001,CERRADAS,Entregado,Entregado,NET_ACUEVAC,SIM,3 ago 2026,3 ago 2026,null,No,CERRADAS,2026-08-04 03:40:09,Multilínea,Mono_item,Lima - Callao,null
Puente Piedra,Netcall,2 ago 2026,10,902498481,9024984818043698370527,9271,Outbound,Portabilidad Postpago,EXPRESS,Logixtal,9001,CERRADAS,Entregado,Entregado,NET_JAREVALOC,SIM,2 ago 2026,2 ago 2026,03/08/2026,Sí,CERRADAS,2026-08-03 00:43:49,Monolínea,Mono_item,Lima - Callao,29.95
Puente Piedra,Netcall,3 ago 2026,20,903002973,9030029738048218395743,9271,Outbound,Portabilidad Postpago,PROGRAMADO,Logixtal,9001,ABIERTAS,Pendiente Entrega,Pendiente Entrega,NET_LRODRIGUEZC,SIM,4 ago 2026,null,null,No,ABIERTAS,null,Monolínea,Mono_item,Lima - Callao,null
Puente Piedra,Netcall,1 ago 2026,14,902248091,9022480918041124123379,9283,Outbound,Portabilidad Postpago,EXPRESS,Logixtal,9001,ABIERTAS,Entregado,Entregado,NET_SDIAZO,SIM,1 ago 2026,1 ago 2026,null,No,ABIERTAS,null,Multilínea,Multi_item,Lima - Callao,null
Puente Piedra,Netcall,3 ago 2026,11,902827632,9028276328046483548241,9283,Outbound,Portabilidad Postpago,EXPRESS,Logixtal,9001,CERRADAS,Entregado,Entregado,NET_GFLORESS,SIM,3 ago 2026,3 ago 2026,null,No,CERRADAS,2026-08-04 01:16:28,Monolínea,Mono_item,Lima - Callao,null
Puente Piedra,Netcall,3 ago 2026,10,902799135,9027991358046231799326,9283,Outbound,Portabilidad Postpago,EXPRESS,Logixtal,9001,CERRADAS,Entregado,Entregado,NET_AYROJASS,SIM,3 ago 2026,3 ago 2026,null,No,CERRADAS,2026-08-04 03:40:39,Monolínea,Mono_item,Lima - Callao,null
Puente Piedra,Netcall,3 ago 2026,16,902925028,902925028,9283,Outbound,Portabilidad Postpago,EXPRESS,Logixtal,9001,CERRADAS,Entregado,Entregado,NET_KDIAZPISCOY,SIM,3 ago 2026,3 ago 2026,null,No,CERRADAS,2026-08-04 00:11:44,Monolínea,Mono_item,Lima - Callao,null
Puente Piedra,Netcall,3 ago 2026,6,902765668,902765668,9283,Outbound,Portabilidad Postpago,EXPRESS,Logixtal,9001,CERRADAS,Entregado,Entregado,NET_MFERRER,SIM,3 ago 2026,3 ago 2026,null,No,CERRADAS,2026-08-04 00:34:19,Monolínea,Mono_item,Lima - Callao,null
Puente Piedra,Netcall,1 ago 2026,9,902159272,9021592728040266314597,9283,Outbound,Portabilidad Postpago,PROGRAMADO,Logixtal,9001,CERRADAS,Entregado,Entregado,TLV_NET_GJQUISP,SIM,2 ago 2026,2 ago 2026,03/08/2026,Sí,CERRADAS,2026-08-03 00:11:06,Monolínea,Mono_item,Lima - Callao,29.95
Puente Piedra,Netcall,1 ago 2026,14,902248091,9022480918041124123160,9283,Outbound,Portabilidad Postpago,EXPRESS,Logixtal,9001,ABIERTAS,Entregado,Entregado,NET_SDIAZO,SIM,1 ago 2026,1 ago 2026,null,No,ABIERTAS,null,Multilínea,Multi_item,Lima - Callao,null
Puente Piedra,Netcall,1 ago 2026,13,902229257,9022292578040939935089,9283,Outbound,Portabilidad Postpago,EXPRESS,Logixtal,9001,CERRADAS,Entregado,Entregado,NET_JIYASHAMAR,SIM,1 ago 2026,1 ago 2026,02/08/2026,Sí,CERRADAS,2026-08-02 01:42:52,Monolínea,Mono_item,Lima - Callao,29.95
Puente Piedra,Netcall,3 ago 2026,13,902876482,9028764828046953426427,9283,Outbound,Portabilidad Postpago,EXPRESS,Logixtal,9001,ABIERTAS,Pendiente Entrega,Pendiente Entrega,NET_LPINTOH,SIM,3 ago 2026,null,null,No,ABIERTAS,null,Monolínea,Mono_item,Lima - Callao,null
Puente Piedra,Netcall,3 ago 2026,13,902866163,902866163,9271,Outbound,Portabilidad Postpago,EXPRESS,Logixtal,9001,CERRADAS,Entregado,Entregado,NET_ACUEVAC,SIM,3 ago 2026,3 ago 2026,null,No,CERRADAS,2026-08-04 00:09:44,Multilínea,Mono_item,Lima - Callao,null
Puente Piedra,Netcall,2 ago 2026,11,902509948,9025099488043795831860,9283,Outbound,Portabilidad Postpago,EXPRESS,Logixtal,9001,CERRADAS,Entregado,Entregado,NET_GMENDIGUETE,SIM,2 ago 2026,2 ago 2026,03/08/2026,Sí,CERRADAS,2026-08-03 00:11:36,Monolínea,Mono_item,Lima - Callao,39.95
Puente Piedra,Netcall,1 ago 2026,9,902162765,9021627658040298730960,9283,Outbound,Portabilidad Postpago,EXPRESS,Logixtal,9001,CERRADAS,Entregado,Entregado,NET_KCHUNAP,SIM,1 ago 2026,1 ago 2026,02/08/2026,Sí,CERRADAS,2026-08-02 01:57:33,Monolínea,Mono_item,Lima - Callao,34.95
Puente Piedra,Netcall,3 ago 2026,10,902796343,9027963438046206514278,9283,Outbound,Portabilidad Postpago,EXPRESS,Logixtal,9001,CERRADAS,Entregado,Entregado,NET_NSANTAMARIA,SIM,3 ago 2026,3 ago 2026,null,No,CERRADAS,2026-08-04 02:04:25,Monolínea,Mono_item,Lima - Callao,null
Puente Piedra,Netcall,3 ago 2026,14,902892460,9028924608047124500581,9271,Outbound,Portabilidad Postpago,EXPRESS,Logixtal,9001,ABIERTAS,Pendiente Entrega,Pendiente Entrega,NET_DDELAGUILAA,SIM,3 ago 2026,null,null,No,ABIERTAS,null,Monolínea,Mono_item,Lima - Callao,null
Puente Piedra,Netcall,3 ago 2026,10,902797366,9027973668046215805753,9283,Outbound,Portabilidad Postpago,EXPRESS,Logixtal,9001,CANCELADAS,Anulado,CLIENTE YA NO DESEA PRODUCTO,TLV_NET_RSORIAH,SIM,3 ago 2026,null,null,No,CANCELADAS,2026-08-03 10:49:57,Monolínea,Mono_item,Lima - Callao,null
Puente Piedra,Netcall,1 ago 2026,16,902283970,9022839708041507835886,9283,Outbound,Portabilidad Postpago,EXPRESS,Logixtal,9001,CERRADAS,Entregado,Entregado,NET_RTORRESB,SIM,1 ago 2026,1 ago 2026,02/08/2026,Sí,CERRADAS,2026-08-02 01:27:03,Monolínea,Mono_item,Lima - Callao,39.95
Puente Piedra,Netcall,1 ago 2026,12,902218470,9022184708040827764258,9283,Outbound,Portabilidad Postpago,PROGRAMADO,Logixtal,9001,ABIERTAS,Pendiente Entrega,Pendiente Entrega,NET_CCURAYG,SIM,2 ago 2026,null,null,No,ABIERTAS,null,Monolínea,Mono_item,Lima - Callao,null
Puente Piedra,Netcall,3 ago 2026,10,902800491,9028004918046246087866,9283,Outbound,Portabilidad Postpago,EXPRESS,Logixtal,9001,CERRADAS,Entregado,Entregado,NET_LALVAREZD,SIM,3 ago 2026,3 ago 2026,null,No,CERRADAS,2026-08-04 03:40:56,Monolínea,Mono_item,Lima - Callao,null
Puente Piedra,Netcall,3 ago 2026,18,902963098,9029630988047812511348,9283,Outbound,Portabilidad Postpago,EXPRESS,Logixtal,9001,ABIERTAS,Pendiente Entrega,Pendiente Entrega,NET_CALCAB,SIM,3 ago 2026,null,null,No,ABIERTAS,null,Monolínea,Mono_item,Lima - Callao,null
Pueblo Nuevo,Netcall,1 ago 2026,10,902164546,9021645468040314014409,9283,Outbound,Portabilidad Postpago,EXPRESS,Logixtal,9345,CERRADAS,Entregado,Entregado,NET_YVEGASA,SIM,1 ago 2026,1 ago 2026,02/08/2026,Sí,CERRADAS,2026-08-02 02:29:32,Monolínea,Mono_item,Ica,34.95
Pueblo Nuevo,Netcall,1 ago 2026,12,902215928,9022159288040804992714,9283,Outbound,Portabilidad Postpago,EXPRESS,Logixtal,9345,CERRADAS,Entregado,Entregado,TLV_NET_LVILLLA,SIM,1 ago 2026,1 ago 2026,02/08/2026,Sí,CERRADAS,2026-08-02 01:23:51,Monolínea,Mono_item,Ica,29.95
Pueblo Nuevo,Netcall,1 ago 2026,14,902246373,9022463738041109528583,9265,Outbound,Portabilidad Postpago,EXPRESS,Logixtal,9345,CERRADAS,Entregado,Entregado,NET_IRODRIGUEZS,SIM,1 ago 2026,1 ago 2026,02/08/2026,Sí,CERRADAS,2026-08-02 00:58:22,Monolínea,Mono_item,Ica,29.95
Pueblo Nuevo,Netcall,3 ago 2026,17,902949733,9029497338047685021193,9283,Outbound,Portabilidad Postpago,PROGRAMADO,Logixtal,9345,ABIERTAS,Pendiente Entrega,Pendiente Entrega,NET_NCASTILLOF,SIM,4 ago 2026,null,null,No,ABIERTAS,null,Monolínea,Mono_item,Ica,null
Pueblo Nuevo,Netcall,3 ago 2026,17,902952388,9029523888047721820552,9283,Outbound,Portabilidad Postpago,PROGRAMADO,Logixtal,9345,ABIERTAS,Pendiente Entrega,Pendiente Entrega,TLV_NET_CURCIAR,SIM,4 ago 2026,null,null,No,ABIERTAS,null,Monolínea,Mono_item,Ica,null
Pueblo Libre,Netcall,3 ago 2026,13,902867387,9028673878046871155000,9283,Outbound,Portabilidad Postpago,EXPRESS,Logixtal,9001,ABIERTAS,Pendiente Entrega,Pendiente Entrega,NET_MORIHUELAQ,SIM,3 ago 2026,null,null,No,ABIERTAS,null,Monolínea,Mono_item,Lima - Callao,null
Pueblo Libre,Netcall,1 ago 2026,15,902259180,902259180,5299,Outbound,Portabilidad Postpago,EXPRESS,Logixtal,9001,CERRADAS,Entregado,Entregado,NET_JNEYRAZ,SIM,1 ago 2026,3 ago 2026,null,No,CERRADAS,2026-08-04 00:12:36,Monolínea,Mono_item,Lima - Callao,null
Pueblo Libre,Netcall,1 ago 2026,15,902262405,9022624058041280668819,9271,Outbound,Portabilidad Postpago,PROGRAMADO,Logixtal,9001,ABIERTAS,Pendiente Entrega,Pendiente Entrega,NET_BATOP,SIM,2 ago 2026,null,null,No,ABIERTAS,null,Monolínea,Mono_item,Lima - Callao,null
Pueblo Libre,Netcall,3 ago 2026,17,902939186,9029391868047578305660,9283,Outbound,Portabilidad Postpago,EXPRESS,Logixtal,9001,CERRADAS,Entregado,Entregado,NET_BMIRANDAFE,SIM,3 ago 2026,3 ago 2026,null,No,CERRADAS,2026-08-04 01:31:02,Monolínea,Mono_item,Lima - Callao,null
Pomabamba,Netcall,2 ago 2026,11,902512346,9025123468043816856648,9283,Outbound,Portabilidad Postpago,RETIRO EN TIENDA,Retiro en tienda,8007,CERRADAS,Entregado,Entregado,NET_LRUIZH,SIM,2 ago 2026,2 ago 2026,03/08/2026,Sí,CERRADAS,2026-08-03 01:46:13,Monolínea,Mono_item,Ancash,39.95
Pocollay,Netcall,1 ago 2026,12,902213920,9022139208040784877491,9283,Outbound,Portabilidad Postpago,EXPRESS,Logixtal,9348,CERRADAS,Entregado,Entregado,TLV_NET_MMURGAF,SIM,1 ago 2026,1 ago 2026,02/08/2026,Sí,CERRADAS,2026-08-02 01:40:22,Monolínea,Mono_item,Tacna,29.95
Piura,Netcall,1 ago 2026,17,902289957,9022899578041571010338,9283,Outbound,Venta Regular / Alta,EXPRESS,Logixtal,5021,ERROR,Pendiente Entrega,Pendiente Entrega,NET_GSANDOVALS,SIM,3 ago 2026,null,null,No,ERROR,null,Monolínea,Mono_item,Piura,null
Piura,Netcall,1 ago 2026,10,902173611,9021736118040405103379,9283,Outbound,Portabilidad Postpago,EXPRESS,Logixtal,5021,CERRADAS,Entregado,Entregado,NET_LVASQUEZT,SIM,1 ago 2026,1 ago 2026,02/08/2026,Sí,CERRADAS,2026-08-02 00:24:46,Monolínea,Mono_item,Piura,29.95
Piura,Netcall,3 ago 2026,14,902890412,9028904128047100966324,9283,Outbound,Venta Regular / Alta,PROGRAMADO,Logixtal,5021,ABIERTAS,Pendiente Entrega,Pendiente Entrega,NET_TCRISANTOV,SIM,5 ago 2026,null,null,No,ABIERTAS,null,Multilínea,Multi_item,Piura,null
Piura,Netcall,1 ago 2026,14,902244060,9022440608041086511149,9283,Outbound,Venta Regular / Alta,PROGRAMADO,Logixtal,5021,ABIERTAS,Pendiente Entrega,Pendiente Entrega,NET_FVIGILF,SIM,4 ago 2026,null,null,No,ABIERTAS,null,Monolínea,Mono_item,Piura,null
Piura,Netcall,2 ago 2026,12,902519058,9025190588043871186157,9271,Outbound,Portabilidad Postpago,RETIRO EN TIENDA,Retiro en tienda,3027,CERRADAS,Entregado,Entregado,NET_LRODRIGUEZC,SIM,2 ago 2026,2 ago 2026,03/08/2026,Sí,CERRADAS,2026-08-03 00:40:48,Monolínea,Mono_item,Piura,39.95
Piura,Netcall,1 ago 2026,18,902314951,9023149518041813779273,9283,Outbound,Portabilidad Postpago,PROGRAMADO,Logixtal,5021,CERRADAS,Entregado,Entregado,NET_LMORAO,SIM,3 ago 2026,3 ago 2026,null,No,CERRADAS,2026-08-04 02:10:26,Multilínea,Multi_item,Piura,null
Piura,Netcall,3 ago 2026,17,902955309,9029553098047745785333,9283,Outbound,Portabilidad Postpago,PROGRAMADO,Logixtal,5021,ABIERTAS,Pendiente Entrega,Pendiente Entrega,NET_NSANTAMARIA,SIM,4 ago 2026,null,null,No,ABIERTAS,null,Monolínea,Mono_item,Piura,null
Piura,Netcall,3 ago 2026,13,902866020,9028660208046857273492,9283,Outbound,Portabilidad Postpago,PROGRAMADO,Logixtal,5021,ABIERTAS,Pendiente Entrega,Pendiente Entrega,NET_GSANDOVALS,SIM,5 ago 2026,null,null,No,ABIERTAS,null,Monolínea,Mono_item,Piura,null
Piura,Netcall,1 ago 2026,16,902288916,9022889168041560177720,9283,Outbound,Portabilidad Postpago,RETIRO EN TIENDA,Retiro en tienda,3120,CERRADAS,Entregado,Entregado,NET_EMEDINAU,SIM,1 ago 2026,1 ago 2026,02/08/2026,Sí,CERRADAS,2026-08-02 01:52:22,Monolínea,Mono_item,Piura,39.95
Piura,Netcall,1 ago 2026,12,902208203,9022082038040730663446,9283,Outbound,Portabilidad Postpago,EXPRESS,Logixtal,5021,CERRADAS,Entregado,Entregado,NET_MROJASS,SIM,1 ago 2026,1 ago 2026,02/08/2026,Sí,CERRADAS,2026-08-02 01:14:58,Multilínea,Multi_item,Piura,39.95
Piura,Netcall,1 ago 2026,15,902259461,9022594618041246574890,9283,Outbound,Portabilidad Postpago,PROGRAMADO,Logixtal,5021,ABIERTAS,Pendiente Entrega,Pendiente Entrega,NET_TCRISANTOV,SIM,4 ago 2026,null,null,No,ABIERTAS,null,Monolínea,Mono_item,Piura,null
Piura,Netcall,3 ago 2026,13,902865664,9028656648046854882177,9283,Outbound,Portabilidad Postpago,RETIRO EN TIENDA,Retiro en tienda,3120,ABIERTAS,Pendiente Entrega,Pendiente Entrega,TLV_NET_NHUAMAA,SIM,3 ago 2026,null,null,No,ABIERTAS,null,Monolínea,Mono_item,Piura,null
Piura,Netcall,3 ago 2026,12,902838705,9028387058046595269968,9283,Outbound,Portabilidad Postpago,EXPRESS,Logixtal,5021,ABIERTAS,Entregado,Entregado,NET_EMEDINAU,SIM,3 ago 2026,3 ago 2026,null,No,ABIERTAS,null,Monolínea,Mono_item,Piura,null
Piura,Netcall,3 ago 2026,16,902916052,9029160528047365621879,9283,Outbound,Portabilidad Postpago,EXPRESS,Logixtal,5021,ABIERTAS,Pendiente Entrega,Pendiente Entrega,NET_KROJASNAUPA,SIM,3 ago 2026,null,null,No,ABIERTAS,null,Monolínea,Mono_item,Piura,null
Piura,Netcall,1 ago 2026,16,902283510,9022835108041512804423,9283,Outbound,Portabilidad Postpago,RETIRO EN TIENDA,Retiro en tienda,7135,CERRADAS,Entregado,Entregado,NET_EAYALAE,SIM,1 ago 2026,3 ago 2026,null,No,CERRADAS,2026-08-04 01:57:41,Monolínea,Mono_item,Piura,null
Piura,Netcall,1 ago 2026,18,902314951,9023149518041813779054,9283,Outbound,Portabilidad Postpago,PROGRAMADO,Logixtal,5021,CERRADAS,Entregado,Entregado,NET_LMORAO,SIM,3 ago 2026,3 ago 2026,null,No,CERRADAS,2026-08-04 02:10:26,Multilínea,Multi_item,Piura,null
Piura,Netcall,1 ago 2026,15,902268503,9022685038041341782963,5299,Outbound,Portabilidad Postpago,EXPRESS,Logixtal,5021,CERRADAS,Entregado,Entregado,NET_LVIZCARRARO,SIM,1 ago 2026,1 ago 2026,02/08/2026,Sí,CERRADAS,2026-08-02 00:19:36,Monolínea,Mono_item,Piura,29.95
Piura,Netcall,1 ago 2026,11,902198424,9021984248040637178210,9271,Outbound,Portabilidad Postpago,RETIRO EN TIENDA,Retiro en tienda,8008,CERRADAS,Entregado,Entregado,NET_DFRANCIAH,SIM,1 ago 2026,1 ago 2026,02/08/2026,Sí,CERRADAS,2026-08-02 01:03:05,Monolínea,Mono_item,Piura,29.95
Piura,Netcall,1 ago 2026,14,902252809,9022528098041174685206,9283,Outbound,Portabilidad Postpago,PROGRAMADO,Logixtal,5021,ABIERTAS,Pendiente Entrega,Pendiente Entrega,NET_TCRISANTOV,SIM,4 ago 2026,null,null,No,ABIERTAS,null,Multilínea,Mono_item,Piura,null
Piura,Netcall,1 ago 2026,14,902241811,9022418118041066862000,9283,Outbound,Portabilidad Postpago,RETIRO EN TIENDA,Retiro en tienda,8008,CERRADAS,Entregado,Entregado,TLV_NET_CURCIAR,SIM,1 ago 2026,1 ago 2026,02/08/2026,Sí,CERRADAS,2026-08-02 00:45:42,Monolínea,Mono_item,Piura,39.95
Piura,Netcall,1 ago 2026,13,902228445,9022284458040926477507,9283,Outbound,Portabilidad Postpago,EXPRESS,Logixtal,5021,CERRADAS,Entregado,Entregado,NET_MALCANTARAV,SIM,1 ago 2026,1 ago 2026,02/08/2026,Sí,CERRADAS,2026-08-02 00:08:57,Monolínea,Mono_item,Piura,34.95
Piura,Netcall,1 ago 2026,18,902316878,9023168788041837087325,9283,Outbound,Venta Regular / Alta,RETIRO EN TIENDA,Retiro en tienda,8008,CERRADAS,Entregado,Entregado,NET_MASANCHEZC,SIM,1 ago 2026,1 ago 2026,01/08/2026,Sí,CERRADAS,2026-08-01 19:07:06,Multilínea,Mono_item,Piura,39.95
Piura,Netcall,1 ago 2026,14,902253720,9022537208041184940207,9283,Outbound,Portabilidad Postpago,PROGRAMADO,Logixtal,5021,ABIERTAS,Pendiente Entrega,Pendiente Entrega,NET_TCRISANTOV,SIM,4 ago 2026,null,null,No,ABIERTAS,null,Multilínea,Mono_item,Piura,null
Piura,Netcall,1 ago 2026,20,902346111,9023461118042138876077,9283,Outbound,Portabilidad Postpago,PROGRAMADO,Logixtal,5021,ABIERTAS,Pendiente Entrega,Pendiente Entrega,NET_JIYASHAMAR,SIM,3 ago 2026,null,null,No,ABIERTAS,null,Multilínea,Multi_item,Piura,null
Piura,Netcall,1 ago 2026,18,902318165,9023181658041850394675,9283,Outbound,Portabilidad Postpago,RETIRO EN TIENDA,Retiro en tienda,8008,CANCELADAS,Cancelado,Cancelado,NET_MASANCHEZC,SIM,1 ago 2026,null,null,No,CANCELADAS,2026-08-01 22:16:07,Multilínea,Mono_item,Piura,null
Piura,Netcall,1 ago 2026,20,902346111,9023461118042138876296,9283,Outbound,Portabilidad Postpago,PROGRAMADO,Logixtal,5021,ABIERTAS,Pendiente Entrega,Pendiente Entrega,NET_JIYASHAMAR,SIM,3 ago 2026,null,null,No,ABIERTAS,null,Multilínea,Multi_item,Piura,null
Piura,Netcall,3 ago 2026,9,902787511,9027875118046125455938,9283,Outbound,Portabilidad Postpago,EXPRESS,Logixtal,5021,CERRADAS,Entregado,Entregado,NET_DDEPINHOZ,SIM,3 ago 2026,3 ago 2026,null,No,CERRADAS,2026-08-04 01:37:11,Monolínea,Mono_item,Piura,null
Piura,Netcall,3 ago 2026,14,902883936,902883936,9271,Outbound,Portabilidad Postpago,EXPRESS,Logixtal,5021,CERRADAS,Entregado,Entregado,NET_HJUNCOT,SIM,3 ago 2026,3 ago 2026,null,No,CERRADAS,2026-08-04 00:28:38,Monolínea,Mono_item,Piura,null
Piura,Netcall,1 ago 2026,9,902160917,9021609178040284791733,9283,Outbound,Portabilidad Postpago,RETIRO EN TIENDA,Retiro en tienda,7135,CANCELADAS,Cancelado,Cancelado,NET_EALBORNOZR,SIM,1 ago 2026,null,null,No,CANCELADAS,2026-08-01 12:45:36,Monolínea,Mono_item,Piura,null
Piura,Netcall,1 ago 2026,9,902160028,902160028,9271,Outbound,Portabilidad Postpago,PROGRAMADO,Logixtal,5021,CERRADAS,Entregado,Entregado,NET_RDULANTORO,SIM,3 ago 2026,3 ago 2026,null,No,CERRADAS,2026-08-04 00:39:57,Monolínea,Mono_item,Piura,null
Piura,Netcall,3 ago 2026,15,902899367,9028993678047195056229,9283,Outbound,Portabilidad Postpago,RETIRO EN TIENDA,Retiro en tienda,3120,CERRADAS,Entregado,Entregado,TLV_NET_SFERNAN,SIM,3 ago 2026,3 ago 2026,null,No,CERRADAS,2026-08-04 01:16:38,Monolínea,Mono_item,Piura,null
Piura,Netcall,3 ago 2026,17,902942212,9029422128047606531386,9271,Outbound,Portabilidad Postpago,PROGRAMADO,Logixtal,5021,ABIERTAS,Pendiente Entrega,Pendiente Entrega,NET_RMRAMIREZ,SIM,4 ago 2026,null,null,No,ABIERTAS,null,Monolínea,Mono_item,Piura,null
Piura,Netcall,3 ago 2026,12,902854860,9028548608046759470893,9283,Outbound,Portabilidad Postpago,PROGRAMADO,Logixtal,5021,ABIERTAS,Pendiente Entrega,Pendiente Entrega,NET_GSANDOVALS,SIM,5 ago 2026,null,null,No,ABIERTAS,null,Monolínea,Mono_item,Piura,null
Piura,Netcall,3 ago 2026,17,902943494,9029434948047638686431,9283,Outbound,Portabilidad Postpago,PROGRAMADO,Logixtal,5021,ABIERTAS,Pendiente Entrega,Pendiente Entrega,NET_CRAMOSC,SIM,4 ago 2026,null,null,No,ABIERTAS,null,Monolínea,Mono_item,Piura,null
Piura,Netcall,1 ago 2026,12,902208203,9022082038040730663677,9283,Outbound,Portabilidad Postpago,EXPRESS,Logixtal,5021,CERRADAS,Entregado,Entregado,NET_MROJASS,SIM,1 ago 2026,1 ago 2026,02/08/2026,Sí,CERRADAS,2026-08-02 01:14:58,Multilínea,Multi_item,Piura,19.95
Piura,Netcall,3 ago 2026,18,902969127,9029691278047874026569,9283,Outbound,Portabilidad Postpago,PROGRAMADO,Logixtal,5021,ABIERTAS,Pendiente Entrega,Pendiente Entrega,NET_JBARRAGANH,SIM,4 ago 2026,null,null,No,ABIERTAS,null,Monolínea,Mono_item,Piura,null
Piura,Netcall,3 ago 2026,14,902890412,9028904128047100966096,9283,Outbound,Venta Regular / Alta,PROGRAMADO,Logixtal,5021,ABIERTAS,Pendiente Entrega,Pendiente Entrega,NET_TCRISANTOV,SIM,5 ago 2026,null,null,No,ABIERTAS,null,Multilínea,Multi_item,Piura,null
Piura,Netcall,1 ago 2026,12,902220442,9022204428040849298930,9283,Outbound,Venta Regular / Alta,PROGRAMADO,Logixtal,5021,ABIERTAS,Pendiente Entrega,Pendiente Entrega,NET_GSANDOVALS,SIM,3 ago 2026,null,null,No,ABIERTAS,null,Monolínea,Mono_item,Piura,null
Piura,Netcall,1 ago 2026,18,902314951,9023149518041818529835,9283,Outbound,Portabilidad Postpago,PROGRAMADO,Logixtal,5021,CERRADAS,Entregado,Entregado,NET_LMORAO,SIM,3 ago 2026,3 ago 2026,null,No,CERRADAS,2026-08-04 02:10:26,Multilínea,Multi_item,Piura,null
Piura,Netcall,3 ago 2026,16,902925764,9029257648047453528892,9283,Outbound,Portabilidad Postpago,EXPRESS,Logixtal,5021,CERRADAS,Entregado,Entregado,NET_NCANCHOP,SIM,3 ago 2026,3 ago 2026,null,No,CERRADAS,2026-08-04 02:00:44,Monolínea,Mono_item,Piura,null
Pisco,Netcall,1 ago 2026,8,902122377,9021223778040024190556,9283,Outbound,Portabilidad Postpago,EXPRESS,Logixtal,9345,CERRADAS,Entregado,Entregado,NET_TANCHANTEG,SIM,1 ago 2026,1 ago 2026,02/08/2026,Sí,CERRADAS,2026-08-02 00:06:29,Monolínea,Mono_item,Ica,39.95
Pisco,Netcall,1 ago 2026,16,902276832,9022768328041433646913,9283,Outbound,Portabilidad Postpago,PROGRAMADO,Logixtal,9345,ABIERTAS,Pendiente Entrega,Pendiente Entrega,NET_MTELLOG,SIM,3 ago 2026,null,null,No,ABIERTAS,null,Monolínea,Mono_item,Ica,null
Pisco,Netcall,1 ago 2026,9,902159126,9021591268040266368430,9283,Outbound,Portabilidad Postpago,EXPRESS,Logixtal,9345,CERRADAS,Entregado,Entregado,NET_GSANTOSC,SIM,1 ago 2026,1 ago 2026,02/08/2026,Sí,CERRADAS,2026-08-02 01:26:54,Monolínea,Mono_item,Ica,39.95
Pisco,Netcall,3 ago 2026,17,902954208,9029542088047732539128,9283,Outbound,Portabilidad Postpago,PROGRAMADO,Logixtal,9345,ABIERTAS,Pendiente Entrega,Pendiente Entrega,NET_KZAVALETAZ,SIM,4 ago 2026,null,null,No,ABIERTAS,null,Monolínea,Mono_item,Ica,null
Pisco,Netcall,3 ago 2026,11,902813465,9028134658046383754837,9283,Outbound,Portabilidad Postpago,EXPRESS,Logixtal,9345,CERRADAS,Entregado,Entregado,TLV_NET_SVALDEZ,SIM,3 ago 2026,3 ago 2026,null,No,CERRADAS,2026-08-04 00:56:11,Monolínea,Mono_item,Ica,null
Pimentel,Netcall,3 ago 2026,21,903066107,9030661078048706862758,9283,Outbound,Portabilidad Postpago,PROGRAMADO,Logixtal,5024,ABIERTAS,Pendiente Entrega,Pendiente de Picking,TLV_NET_DBARTET,SIM,7 ago 2026,null,null,No,ABIERTAS,null,Multilínea,Mono_item,Lambayeque,null
Pimentel,Netcall,3 ago 2026,21,903062216,9030622168048684841228,9283,Outbound,Portabilidad Postpago,PROGRAMADO,Logixtal,5024,ABIERTAS,Pendiente Entrega,Pendiente de Picking,TLV_NET_DBARTET,SIM,7 ago 2026,null,null,No,ABIERTAS,null,Multilínea,Mono_item,Lambayeque,null
Pillco Marca,Netcall,1 ago 2026,15,902263222,9022632228041284919786,9283,Outbound,Portabilidad Postpago,PROGRAMADO,Logixtal,9353,ABIERTAS,Pendiente Entrega,Pendiente Entrega,NET_TMUNOZCALDE,SIM,3 ago 2026,null,null,No,ABIERTAS,null,Multilínea,Mono_item,Huanuco,null
Pillco Marca,Netcall,3 ago 2026,11,902831756,9028317568046524261499,9283,Outbound,Portabilidad Postpago,PROGRAMADO,Logixtal,9353,ABIERTAS,Pendiente Entrega,Pendiente Entrega,NET_LCCASTILLO,SIM,4 ago 2026,null,null,No,ABIERTAS,null,Monolínea,Mono_item,Huanuco,null
Pillco Marca,Netcall,1 ago 2026,15,902261714,9022617148041267651040,9283,Outbound,Portabilidad Postpago,PROGRAMADO,Logixtal,9353,ABIERTAS,Pendiente Entrega,Pendiente Entrega,NET_TMUNOZCALDE,SIM,3 ago 2026,null,null,No,ABIERTAS,null,Multilínea,Mono_item,Huanuco,null
Pillco Marca,Netcall,3 ago 2026,12,902850523,9028505238046708225647,9283,Outbound,Portabilidad Postpago,PROGRAMADO,Logixtal,9353,ABIERTAS,Pendiente Entrega,Pendiente Entrega,NET_EMEDINAU,SIM,4 ago 2026,null,null,No,ABIERTAS,null,Monolínea,Mono_item,Huanuco,null
Pillco Marca,Netcall,3 ago 2026,12,902837881,9028378818046584011031,9271,Outbound,Portabilidad Postpago,PROGRAMADO,Logixtal,9353,ABIERTAS,Pendiente Entrega,Pendiente Entrega,NET_FCASTILLOG,SIM,4 ago 2026,null,null,No,ABIERTAS,null,Monolínea,Mono_item,Huanuco,null
Pillco Marca,Netcall,1 ago 2026,9,902156714,902156714,9283,Outbound,Portabilidad Postpago,PROGRAMADO,Logixtal,9353,CERRADAS,Entregado,Entregado,TLV_NET_YAQUINO,SIM,3 ago 2026,3 ago 2026,null,No,CERRADAS,2026-08-04 00:06:59,Monolínea,Mono_item,Huanuco,null
Picsi,Netcall,1 ago 2026,10,902170046,9021700468040362024860,9283,Outbound,Portabilidad Postpago,PROGRAMADO,Logixtal,5024,ABIERTAS,Pendiente Entrega,Pendiente Entrega,NET_SAVILAC,SIM,4 ago 2026,null,null,No,ABIERTAS,null,Multilínea,Multi_item,Lambayeque,null
Picsi,Netcall,1 ago 2026,10,902170046,9021700468040362024641,9283,Outbound,Portabilidad Postpago,PROGRAMADO,Logixtal,5024,ABIERTAS,Pendiente Entrega,Pendiente Entrega,NET_SAVILAC,SIM,4 ago 2026,null,null,No,ABIERTAS,null,Multilínea,Multi_item,Lambayeque,null
Pedregal,Netcall,3 ago 2026,8,902780054,9027800548046049044787,9283,Outbound,Portabilidad Postpago,RETIRO EN TIENDA,Retiro en tienda,3057,CANCELADAS,Cancelado,Cancelado,NET_SGONZALESF,SIM,3 ago 2026,null,null,No,CANCELADAS,2026-08-03 09:40:04,Monolínea,Mono_item,Arequipa,null
Pedregal,Netcall,3 ago 2026,10,902800745,9028007458046247768002,9271,Outbound,Portabilidad Postpago,RETIRO EN TIENDA,Retiro en tienda,3057,CANCELADAS,Cancelado,Cancelado,NET_JVALVERDEV,SIM,3 ago 2026,null,null,No,CANCELADAS,2026-08-03 14:42:31,Multilínea,Mono_item,Arequipa,null
Pedregal,Netcall,1 ago 2026,11,902190542,9021905428040561673708,9283,Outbound,Portabilidad Postpago,RETIRO EN TIENDA,Retiro en tienda,3057,CERRADAS,Entregado,Entregado,NET_MROJASS,SIM,1 ago 2026,1 ago 2026,02/08/2026,Sí,CERRADAS,2026-08-02 01:04:02,Monolínea,Mono_item,Arequipa,29.95
Pedregal,Netcall,1 ago 2026,11,902185764,9021857648040513777434,9283,Outbound,Portabilidad Postpago,RETIRO EN TIENDA,Retiro en tienda,3057,CANCELADAS,Cancelado,Cancelado,NET_SGONZALESF,SIM,1 ago 2026,null,null,No,CANCELADAS,2026-08-02 22:00:14,Monolínea,Mono_item,Arequipa,null
Pedregal,Netcall,3 ago 2026,14,902891998,9028919988047116878164,9271,Outbound,Portabilidad Postpago,RETIRO EN TIENDA,Retiro en tienda,3057,ABIERTAS,Pendiente Entrega,Pendiente Entrega,NET_JVALVERDEV,SIM,3 ago 2026,null,null,No,ABIERTAS,null,Multilínea,Mono_item,Arequipa,null
Paucarpata,Netcall,3 ago 2026,10,902801902,9028019028046254259401,9283,Outbound,Portabilidad Postpago,EXPRESS,Logixtal,5022,CERRADAS,Entregado,Entregado,NET_CMENESESV,SIM,3 ago 2026,3 ago 2026,null,No,CERRADAS,2026-08-04 01:47:02,Monolínea,Mono_item,Arequipa,null
Paucarpata,Netcall,1 ago 2026,10,902177915,9021779158040441450752,9271,Outbound,Portabilidad Postpago,EXPRESS,Logixtal,5022,CERRADAS,Entregado,Entregado,NET_CREYESJ,SIM,1 ago 2026,1 ago 2026,02/08/2026,Sí,CERRADAS,2026-08-02 01:55:34,Multilínea,Mono_item,Arequipa,19.95
Paucarpata,Netcall,1 ago 2026,10,902176749,9021767498040430853151,9271,Outbound,Portabilidad Postpago,EXPRESS,Logixtal,5022,CERRADAS,Entregado,Entregado,NET_CREYESJ,SIM,1 ago 2026,1 ago 2026,02/08/2026,Sí,CERRADAS,2026-08-02 01:57:30,Multilínea,Multi_item,Arequipa,19.95
Paucarpata,Netcall,1 ago 2026,9,902152211,9021522118040205313241,9283,Outbound,Portabilidad Postpago,EXPRESS,Logixtal,5022,CERRADAS,Entregado,Entregado,NET_LCALDERONC,SIM,1 ago 2026,1 ago 2026,02/08/2026,Sí,CERRADAS,2026-08-02 00:41:06,Monolínea,Mono_item,Arequipa,29.95
Paucarpata,Netcall,1 ago 2026,13,902240136,9022401368041048609868,9283,Outbound,Portabilidad Postpago,EXPRESS,Logixtal,5022,CERRADAS,Entregado,Entregado,TLV_NET_MLANDAR,SIM,1 ago 2026,1 ago 2026,02/08/2026,Sí,CERRADAS,2026-08-02 01:59:59,Monolínea,Mono_item,Arequipa,34.95
Paucarpata,Netcall,1 ago 2026,10,902176749,9021767498040427214932,9271,Outbound,Portabilidad Postpago,EXPRESS,Logixtal,5022,CERRADAS,Entregado,Entregado,NET_CREYESJ,SIM,1 ago 2026,1 ago 2026,02/08/2026,Sí,CERRADAS,2026-08-02 01:57:30,Multilínea,Multi_item,Arequipa,39.95
Paucarpata,Netcall,1 ago 2026,10,902168376,9021683768040348339711,9283,Outbound,Portabilidad Postpago,EXPRESS,Logixtal,5022,ABIERTAS,Pendiente Entrega,Pendiente Entrega,NET_MROJASS,SIM,1 ago 2026,null,null,No,ABIERTAS,null,Monolínea,Mono_item,Arequipa,null
Patapo,Netcall,3 ago 2026,16,902931739,9029317398047510983740,9283,Outbound,Venta Regular / Alta,PROGRAMADO,Logixtal,5024,ABIERTAS,Pendiente Entrega,Pendiente Entrega,NET_LFIESTASG,SIM,5 ago 2026,null,null,No,ABIERTAS,null,Monolínea,Mono_item,Lambayeque,null
Patapo,Netcall,3 ago 2026,14,902893158,9028931588047128038920,9283,Outbound,Portabilidad Postpago,PROGRAMADO,Logixtal,5024,ABIERTAS,Pendiente Entrega,Pendiente Entrega,NET_SDIAZO,SIM,5 ago 2026,null,null,No,ABIERTAS,null,Monolínea,Mono_item,Lambayeque,null
Pasco,Netcall,3 ago 2026,11,902825808,9028258088046454092605,9283,Outbound,Portabilidad Postpago,RETIRO EN TIENDA,Retiro en tienda,3115,ABIERTAS,Pendiente Entrega,Pendiente Entrega,NET_JIYASHAMAR,SIM,3 ago 2026,null,null,No,ABIERTAS,null,Monolínea,Mono_item,Pasco,null
Pasco,Netcall,3 ago 2026,13,902859203,9028592038046789052675,9283,Outbound,Portabilidad Postpago,RETIRO EN TIENDA,Retiro en tienda,3115,ABIERTAS,Pendiente Entrega,Pendiente Entrega,NET_EBOZA,SIM,3 ago 2026,null,null,No,ABIERTAS,null,Multilínea,Mono_item,Pasco,null
Pasco,Netcall,1 ago 2026,10,902164531,9021645318040317136718,9283,Outbound,Portabilidad Postpago,RETIRO EN TIENDA,Retiro en tienda,3115,ABIERTAS,Pendiente Entrega,Pendiente Entrega,NET_ARIVERA,SIM,1 ago 2026,null,null,No,ABIERTAS,null,Multilínea,Mono_item,Pasco,null
Pasco,Netcall,1 ago 2026,9,902153728,9021537288040215713459,9283,Outbound,Portabilidad Postpago,RETIRO EN TIENDA,Retiro en tienda,3115,CANCELADAS,Cancelado,Cancelado,NET_SRAMOSC,SIM,1 ago 2026,null,null,No,CANCELADAS,2026-08-02 22:10:01,Multilínea,Mono_item,Pasco,null
Pasco,Netcall,1 ago 2026,13,902240997,9022409978041053663613,9283,Outbound,Portabilidad Postpago,RETIRO EN TIENDA,Retiro en tienda,3115,ABIERTAS,Pendiente Entrega,Pendiente Entrega,NET_AAYAURIO,SIM,1 ago 2026,null,null,No,ABIERTAS,null,Monolínea,Mono_item,Pasco,null
Pasco,Netcall,3 ago 2026,12,902853785,9028537858046739185235,9283,Outbound,Portabilidad Postpago,RETIRO EN TIENDA,Retiro en tienda,3115,ABIERTAS,Pendiente Entrega,Pendiente Entrega,NET_EBOZA,SIM,3 ago 2026,null,null,No,ABIERTAS,null,Multilínea,Mono_item,Pasco,null
Pasco,Netcall,1 ago 2026,9,902152647,9021526478040201671548,9283,Outbound,Portabilidad Postpago,RETIRO EN TIENDA,Retiro en tienda,3115,CANCELADAS,Cancelado,Cancelado,NET_SRAMOSC,SIM,1 ago 2026,null,null,No,CANCELADAS,2026-08-02 22:09:21,Multilínea,Mono_item,Pasco,null
Pasco,Netcall,3 ago 2026,14,902893278,9028932788047128816371,9283,Outbound,Portabilidad Postpago,RETIRO EN TIENDA,Retiro en tienda,3115,CERRADAS,Entregado,Entregado,NET_TMUNOZCALDE,SIM,3 ago 2026,3 ago 2026,null,No,CERRADAS,2026-08-04 03:14:20,Monolínea,Mono_item,Pasco,null
Pasco,Netcall,1 ago 2026,10,902166575,9021665758040335922402,9283,Outbound,Portabilidad Postpago,RETIRO EN TIENDA,Retiro en tienda,3115,ABIERTAS,Pendiente Entrega,Pendiente Entrega,NET_ARIVERA,SIM,1 ago 2026,null,null,No,ABIERTAS,null,Multilínea,Mono_item,Pasco,null
Pasco,Netcall,3 ago 2026,12,902849721,9028497218046701122767,9283,Outbound,Portabilidad Postpago,RETIRO EN TIENDA,Retiro en tienda,3115,ABIERTAS,Pendiente Entrega,Pendiente Entrega,NET_AGOMEZR,SIM,3 ago 2026,null,null,No,ABIERTAS,null,Monolínea,Mono_item,Pasco,null
Pasco,Netcall,1 ago 2026,15,902260095,9022600958041254696882,9283,Outbound,Portabilidad Postpago,RETIRO EN TIENDA,Retiro en tienda,3115,CANCELADAS,Cancelado,Cancelado,TLV_NET_MLANDAR,SIM,1 ago 2026,null,null,No,CANCELADAS,2026-08-01 17:05:45,Monolínea,Mono_item,Pasco,null
Pasco,Netcall,1 ago 2026,10,902165704,9021657048040326318941,9283,Outbound,Portabilidad Postpago,RETIRO EN TIENDA,Retiro en tienda,3115,ABIERTAS,Pendiente Entrega,Pendiente Entrega,NET_ARIVERA,SIM,1 ago 2026,null,null,No,ABIERTAS,null,Multilínea,Mono_item,Pasco,null
Parcona,Netcall,1 ago 2026,12,902221139,9022211398040853648619,9271,Outbound,Portabilidad Postpago,EXPRESS,Logixtal,9345,CERRADAS,Entregado,Entregado,NET_JHUARCAYAS,SIM,1 ago 2026,1 ago 2026,02/08/2026,Sí,CERRADAS,2026-08-02 00:22:16,Multilínea,Multi_item,Ica,19.95
Parcona,Netcall,1 ago 2026,12,902221139,9022211398040853648838,9271,Outbound,Portabilidad Postpago,EXPRESS,Logixtal,9345,CERRADAS,Entregado,Entregado,NET_JHUARCAYAS,SIM,1 ago 2026,1 ago 2026,02/08/2026,Sí,CERRADAS,2026-08-02 00:22:16,Multilínea,Multi_item,Ica,39.95
Parcona,Netcall,1 ago 2026,14,902253704,9022537048041182561241,9283,Outbound,Portabilidad Postpago,EXPRESS,Logixtal,9345,CERRADAS,Entregado,Entregado,NET_MREZAH,SIM,1 ago 2026,1 ago 2026,02/08/2026,Sí,CERRADAS,2026-08-02 00:56:10,Monolínea,Mono_item,Ica,39.95
Parcona,Netcall,3 ago 2026,14,902885377,9028853778047046816353,5299,Outbound,Portabilidad Postpago,EXPRESS,Logixtal,9345,CERRADAS,Entregado,Entregado,NET_KDREYNA,SIM,3 ago 2026,3 ago 2026,null,No,CERRADAS,2026-08-04 02:07:28,Multilínea,Multi_item,Ica,null
Parcona,Netcall,1 ago 2026,12,902223042,9022230428040875891223,9271,Outbound,Portabilidad Postpago,EXPRESS,Logixtal,9345,CERRADAS,Entregado,Entregado,NET_JHUARCAYAS,SIM,1 ago 2026,1 ago 2026,02/08/2026,Sí,CERRADAS,2026-08-02 01:11:30,Multilínea,Mono_item,Ica,19.95
Parcona,Netcall,3 ago 2026,14,902885377,9028853778047046816572,5299,Outbound,Portabilidad Postpago,EXPRESS,Logixtal,9345,CERRADAS,Entregado,Entregado,NET_KDREYNA,SIM,3 ago 2026,3 ago 2026,null,No,CERRADAS,2026-08-04 02:07:28,Multilínea,Multi_item,Ica,null
Parcona,Netcall,3 ago 2026,11,902835110,9028351108046560012975,5299,Outbound,Portabilidad Postpago,EXPRESS,Logixtal,9345,CERRADAS,Entregado,Entregado,NET_KDREYNA,SIM,3 ago 2026,3 ago 2026,null,No,CERRADAS,2026-08-04 03:35:46,Multilínea,Mono_item,Ica,null
Parcona,Netcall,1 ago 2026,11,902202900,9022029008040676568599,9283,Outbound,Portabilidad Postpago,PROGRAMADO,Logixtal,9345,CERRADAS,Entregado,Entregado,NET_YUCEDAB,SIM,3 ago 2026,3 ago 2026,null,No,CERRADAS,2026-08-04 01:15:25,Monolínea,Mono_item,Ica,null
Parcona,Netcall,3 ago 2026,15,902909051,9029090518047293575399,9283,Outbound,Portabilidad Postpago,EXPRESS,Logixtal,9345,CERRADAS,Entregado,Entregado,TLV_NET_CACEVED,SIM,3 ago 2026,3 ago 2026,null,No,CERRADAS,2026-08-04 01:18:58,Monolínea,Mono_item,Ica,null
Parcona,Netcall,1 ago 2026,13,902224398,9022243988040889525965,9271,Outbound,Portabilidad Prepago,EXPRESS,Logixtal,9345,CERRADAS,Entregado,Entregado,NET_JHUARCAYAS,SIM,1 ago 2026,1 ago 2026,02/08/2026,Sí,CERRADAS,2026-08-02 01:47:20,Multilínea,Mono_item,Ica,19.95
Paita,Netcall,1 ago 2026,18,902310314,9023103148041779623850,9283,Outbound,Portabilidad Postpago,PROGRAMADO,Logixtal,5021,ABIERTAS,Pendiente Entrega,Pendiente Entrega,TLV_NET_APINTAD,SIM,6 ago 2026,null,null,No,ABIERTAS,null,Monolínea,Mono_item,Piura,null
Paita,Netcall,1 ago 2026,17,902299958,9022999588041675859651,9283,Outbound,Portabilidad Postpago,PROGRAMADO,Logixtal,5021,ABIERTAS,Pendiente Entrega,Pendiente Entrega,NET_EVALDIVIEZO,SIM,6 ago 2026,null,null,No,ABIERTAS,null,Monolínea,Mono_item,Piura,null
Paijan,Netcall,3 ago 2026,13,902878450,9028784508046978799477,9283,Outbound,Portabilidad Postpago,PROGRAMADO,Logixtal,5023,ABIERTAS,Pendiente Entrega,Pendiente Entrega,NET_VRUIZG,SIM,5 ago 2026,null,null,No,ABIERTAS,null,Monolínea,Mono_item,La Libertad,null
Pachacamac,Netcall,2 ago 2026,13,902538212,9025382128044040120969,9283,Outbound,Portabilidad Postpago,PROGRAMADO,Logixtal,9001,ABIERTAS,Pendiente Entrega,Pendiente de Picking,NET_DVALVERDEM,SIM,15 ago 2026,null,null,No,ABIERTAS,null,Monolínea,Mono_item,Lima - Callao,null
Pachacamac,Netcall,3 ago 2026,9,902786080,9027860808046113307244,9283,Outbound,Portabilidad Postpago,PROGRAMADO,Logixtal,9001,ABIERTAS,Pendiente Entrega,Pendiente de Picking,TLV_NET_JSILVAT,SIM,15 ago 2026,null,null,No,ABIERTAS,null,Monolínea,Mono_item,Lima - Callao,null
Pachacamac,Netcall,1 ago 2026,17,902305889,9023058898041733642757,9283,Outbound,Portabilidad Postpago,PROGRAMADO,Logixtal,9001,ABIERTAS,Pendiente Entrega,Pendiente de Picking,NET_ADOMINGUEZF,SIM,8 ago 2026,null,null,No,ABIERTAS,null,Monolínea,Mono_item,Lima - Callao,null
Pachacamac,Netcall,3 ago 2026,13,902869669,9028696698046891377376,9271,Outbound,Portabilidad Postpago,PROGRAMADO,Logixtal,9001,ABIERTAS,Pendiente Entrega,Pendiente de Picking,NET_EECASAFRANC,SIM,15 ago 2026,null,null,No,ABIERTAS,null,Monolínea,Mono_item,Lima - Callao,null
Nuevo Chimbote,Netcall,3 ago 2026,12,902850303,9028503038046712714458,9283,Outbound,Portabilidad Postpago,PROGRAMADO,Logixtal,9344,ABIERTAS,Pendiente Entrega,Pendiente Entrega,NET_NCANCHOP,SIM,4 ago 2026,null,null,No,ABIERTAS,null,Monolínea,Mono_item,Ancash,null
Nuevo Chimbote,Netcall,1 ago 2026,11,902199920,9021999208040649467435,9283,Outbound,Portabilidad Postpago,EXPRESS,Logixtal,9344,CERRADAS,Entregado,Entregado,NET_LNARVAEZR,SIM,1 ago 2026,1 ago 2026,02/08/2026,Sí,CERRADAS,2026-08-02 02:05:58,Multilínea,Multi_item,Ancash,19.95
Nuevo Chimbote,Netcall,1 ago 2026,11,902197259,9021972598040621520766,9283,Outbound,Portabilidad Postpago,EXPRESS,Logixtal,9344,CERRADAS,Entregado,Entregado,NET_AATOCHEH,SIM,1 ago 2026,1 ago 2026,02/08/2026,Sí,CERRADAS,2026-08-02 01:02:03,Monolínea,Mono_item,Ancash,29.95
Nuevo Chimbote,Netcall,3 ago 2026,9,902781780,9027817808046067183183,9271,Outbound,Portabilidad Postpago,PROGRAMADO,Logixtal,9344,ABIERTAS,Pendiente Entrega,Pendiente Entrega,NET_SVELASQUEZL,SIM,5 ago 2026,null,null,No,ABIERTAS,null,Monolínea,Mono_item,Ancash,null
Nuevo Chimbote,Netcall,1 ago 2026,10,902171239,9021712398040373475673,9283,Outbound,Portabilidad Postpago,EXPRESS,Logixtal,9344,CERRADAS,Entregado,Entregado,NET_DNIEVESNIMA,SIM,1 ago 2026,1 ago 2026,02/08/2026,Sí,CERRADAS,2026-08-02 01:22:14,Monolínea,Mono_item,Ancash,34.95
Nuevo Chimbote,Netcall,1 ago 2026,11,902197323,9021973238040666780025,5299,Outbound,Portabilidad Postpago,PROGRAMADO,Logixtal,9344,CANCELADAS,Anulado,CLIENTE DESISTE - INFORMACIÓN INCORRECTA,NET_RCANDIOTTIA,SIM,3 ago 2026,null,null,No,CANCELADAS,2026-08-03 15:26:47,Monolínea,Mono_item,Ancash,null
Nuevo Chimbote,Netcall,3 ago 2026,11,902824942,902824942,9283,Outbound,Portabilidad Postpago,EXPRESS,Logixtal,9344,CERRADAS,Entregado,Entregado,NET_JSIADEN,SIM,3 ago 2026,3 ago 2026,null,No,CERRADAS,2026-08-04 00:33:47,Monolínea,Mono_item,Ancash,null
Nuevo Chimbote,Netcall,2 ago 2026,8,902473907,9024739078043531764288,9283,Outbound,Portabilidad Postpago,PROGRAMADO,Logixtal,9344,ABIERTAS,Pendiente Entrega,Pendiente Entrega,NET_EBOZA,SIM,4 ago 2026,null,null,No,ABIERTAS,null,Monolínea,Mono_item,Ancash,null
Nuevo Chimbote,Netcall,1 ago 2026,10,902182247,9021822478040480877499,9283,Outbound,Portabilidad Postpago,EXPRESS,Logixtal,9344,CERRADAS,Entregado,Entregado,NET_JCHINGAA,SIM,1 ago 2026,1 ago 2026,02/08/2026,Sí,CERRADAS,2026-08-02 01:39:08,Monolínea,Mono_item,Ancash,34.95
Nuevo Chimbote,Netcall,3 ago 2026,12,902846359,9028463598046663870506,9283,Outbound,Venta Regular / Alta,PROGRAMADO,Logixtal,9344,ABIERTAS,Pendiente Entrega,Pendiente Entrega,NET_KSANCHEZ,SIM,4 ago 2026,null,null,No,ABIERTAS,null,Monolínea,Mono_item,Ancash,null
Nuevo Chimbote,Netcall,1 ago 2026,10,902167822,9021678228040359572799,9283,Outbound,Portabilidad Postpago,EXPRESS,Logixtal,9344,CERRADAS,Entregado,Entregado,NET_LROSALESA,SIM,1 ago 2026,1 ago 2026,02/08/2026,Sí,CERRADAS,2026-08-02 01:03:02,Monolínea,Mono_item,Ancash,29.91303
Nuevo Chimbote,Netcall,1 ago 2026,11,902199920,9021999208040649467216,9283,Outbound,Portabilidad Postpago,EXPRESS,Logixtal,9344,CERRADAS,Entregado,Entregado,NET_LNARVAEZR,SIM,1 ago 2026,1 ago 2026,02/08/2026,Sí,CERRADAS,2026-08-02 02:05:58,Multilínea,Multi_item,Ancash,39.95
Nuevo Chimbote,Netcall,3 ago 2026,9,902786139,9027861398046114784148,9283,Outbound,Portabilidad Postpago,EXPRESS,Logixtal,9344,CANCELADAS,Anulado,PIN-PORTA NO LLEGA SMS,NET_LFLORESY,SIM,3 ago 2026,null,null,No,CANCELADAS,2026-08-03 13:18:20,Monolínea,Mono_item,Ancash,null
Nuevo Chimbote,Netcall,1 ago 2026,15,902268107,9022681078041338031985,9283,Outbound,Portabilidad Postpago,EXPRESS,Logixtal,9344,CANCELADAS,Anulado,EQUIPO NO ERA EL SOLICITADO,NET_DNIEVESNIMA,SIM,1 ago 2026,null,null,No,CANCELADAS,2026-08-01 17:06:21,Monolínea,Mono_item,Ancash,null
Moyobamba,Netcall,1 ago 2026,17,902301424,9023014248041687091753,9283,Outbound,Portabilidad Postpago,RETIRO EN TIENDA,Retiro en tienda,3025,CANCELADAS,Cancelado,Cancelado,NET_JGUIOP,SIM,1 ago 2026,null,null,No,CANCELADAS,2026-08-01 18:53:23,Monolínea,Mono_item,San Martin,null
Moyobamba,Netcall,3 ago 2026,18,902966596,9029665968047847187770,5299,Outbound,Portabilidad Postpago,RETIRO EN TIENDA,Retiro en tienda,3025,ABIERTAS,Pendiente Entrega,Pendiente Entrega,NET_MCORDOVACRU,SIM,3 ago 2026,null,null,No,ABIERTAS,null,Monolínea,Mono_item,San Martin,null
Moyobamba,Netcall,3 ago 2026,18,902960569,902960569,9283,Outbound,Portabilidad Postpago,RETIRO EN TIENDA,Retiro en tienda,3025,CERRADAS,Entregado,Entregado,NET_MORIHUELAQ,SIM,3 ago 2026,3 ago 2026,null,No,CERRADAS,2026-08-04 00:20:16,Multilínea,Mono_item,San Martin,null
Moyobamba,Netcall,3 ago 2026,10,902806537,9028065378046306576770,9283,Outbound,Portabilidad Postpago,RETIRO EN TIENDA,Retiro en tienda,3025,CERRADAS,Entregado,Entregado,NET_CCURAYG,SIM,3 ago 2026,3 ago 2026,null,No,CERRADAS,2026-08-04 01:17:51,Monolínea,Mono_item,San Martin,null
Moyobamba,Netcall,3 ago 2026,17,902958969,9029589698047774970482,9283,Outbound,Portabilidad Postpago,RETIRO EN TIENDA,Retiro en tienda,3025,CERRADAS,Entregado,Entregado,NET_MORIHUELAQ,SIM,3 ago 2026,3 ago 2026,null,No,CERRADAS,2026-08-04 00:51:51,Multilínea,Mono_item,San Martin,null
Moyobamba,Netcall,1 ago 2026,18,902308743,9023087438041761876658,9283,Outbound,Portabilidad Postpago,RETIRO EN TIENDA,Retiro en tienda,3025,ABIERTAS,Pendiente Entrega,Pendiente Entrega,NET_AYBECERRAS,SIM,1 ago 2026,null,null,No,ABIERTAS,null,Monolínea,Mono_item,San Martin,null
Moyobamba,Netcall,2 ago 2026,14,902553213,9025532138044180035779,9283,Outbound,Portabilidad Postpago,RETIRO EN TIENDA,Retiro en tienda,3025,ABIERTAS,Pendiente Entrega,Pendiente Entrega,NET_JGUIOP,SIM,2 ago 2026,null,null,No,ABIERTAS,null,Monolínea,Mono_item,San Martin,null
Moyobamba,Netcall,3 ago 2026,16,902918304,9029183048047382356001,9271,Outbound,Portabilidad Postpago,RETIRO EN TIENDA,Retiro en tienda,3025,ABIERTAS,Pendiente Entrega,Pendiente Entrega,NET_RMRAMIREZ,SIM,3 ago 2026,null,null,No,ABIERTAS,null,Monolínea,Mono_item,San Martin,null
Moyobamba,Netcall,2 ago 2026,12,902522344,902522344,9271,Outbound,Portabilidad Postpago,RETIRO EN TIENDA,Retiro en tienda,3025,CERRADAS,Entregado,Entregado,NET_EMMENDIZF,SIM,2 ago 2026,3 ago 2026,null,No,CERRADAS,2026-08-04 00:42:52,Monolínea,Mono_item,San Martin,null
Moyobamba,Netcall,3 ago 2026,16,902915428,9029154288047357467543,9283,Outbound,Portabilidad Postpago,RETIRO EN TIENDA,Retiro en tienda,3025,CERRADAS,Entregado,Entregado,NET_SINGAC,SIM,3 ago 2026,3 ago 2026,null,No,CERRADAS,2026-08-04 01:53:36,Monolínea,Mono_item,San Martin,null
Morrope,Netcall,3 ago 2026,12,902846465,9028464658046666818014,9283,Outbound,Portabilidad Postpago,PROGRAMADO,Logixtal,5024,ABIERTAS,Pendiente Entrega,Pendiente Entrega,TLV_NET_NHUAMAA,SIM,6 ago 2026,null,null,No,ABIERTAS,null,Monolínea,Mono_item,Lambayeque,null
Morrope,Netcall,3 ago 2026,5,902764088,9027640888045875711049,9283,Outbound,Portabilidad Postpago,PROGRAMADO,Logixtal,5024,ABIERTAS,Pendiente Entrega,Pendiente Entrega,NET_MFERRER,SIM,6 ago 2026,null,null,No,ABIERTAS,null,Monolínea,Mono_item,Lambayeque,null
Morrope,Netcall,3 ago 2026,15,902912639,9029126398047331295288,9283,Outbound,Portabilidad Postpago,PROGRAMADO,Logixtal,5024,ABIERTAS,Pendiente Entrega,Pendiente Entrega,NET_MZEVALLOSMA,SIM,6 ago 2026,null,null,No,ABIERTAS,null,Monolínea,Mono_item,Lambayeque,null
Morales,Netcall,3 ago 2026,15,902908892,9029088928047288935411,9283,Outbound,Venta Regular / Alta,EXPRESS,Logixtal,9352,CERRADAS,Entregado,Entregado,NET_YUCEDAB,SIM,3 ago 2026,3 ago 2026,03/08/2026,Sí,CERRADAS,2026-08-03 18:48:28,Monolínea,Mono_item,San Martin,39.9
Morales,Netcall,1 ago 2026,15,902270456,9022704568041362046419,9283,Outbound,Portabilidad Postpago,EXPRESS,Logixtal,9352,ABIERTAS,Anulado,CLIENTE AUSENTE,NET_SFARIASR,SIM,1 ago 2026,null,null,No,ABIERTAS,null,Monolínea,Mono_item,San Martin,null
Morales,Netcall,1 ago 2026,11,902186215,9021862158040530356690,9283,Outbound,Portabilidad Prepago,EXPRESS,Logixtal,9352,CERRADAS,Entregado,Entregado,TLV_NET_MMURGAF,SIM,1 ago 2026,1 ago 2026,02/08/2026,Sí,CERRADAS,2026-08-02 00:36:20,Monolínea,Mono_item,San Martin,29.95
Moquegua,Netcall,1 ago 2026,10,902171492,9021714928040376801432,9271,Outbound,Venta Regular / Alta,EXPRESS,Logixtal,9356,CERRADAS,Entregado,Entregado,NET_BATOP,SIM,1 ago 2026,1 ago 2026,01/08/2026,Sí,CERRADAS,2026-08-01 20:04:22,Monolínea,Mono_item,Moquegua,39.9
Moquegua,Netcall,3 ago 2026,15,902911337,9029113378047314905205,9289,Outbound,Portabilidad Postpago,EXPRESS,Logixtal,9356,CERRADAS,Entregado,Entregado,NET_LCAMPOSCABR,SIM,3 ago 2026,3 ago 2026,null,No,CERRADAS,2026-08-04 02:04:19,Monolínea,Mono_item,Moquegua,null
Moquegua,Netcall,3 ago 2026,14,902891454,9028914548047114747909,9283,Outbound,Portabilidad Postpago,EXPRESS,Logixtal,9356,CERRADAS,Entregado,Entregado,TLV_NET_JSILVAT,SIM,3 ago 2026,3 ago 2026,null,No,CERRADAS,2026-08-04 00:51:58,Monolínea,Mono_item,Moquegua,null
Moquegua,Netcall,3 ago 2026,12,902853538,902853538,9283,Outbound,Portabilidad Postpago,EXPRESS,Logixtal,9356,CERRADAS,Entregado,Entregado,NET_YUCEDAB,SIM,3 ago 2026,3 ago 2026,null,No,CERRADAS,2026-08-04 00:27:00,Multilínea,Mono_item,Moquegua,null
Moquegua,Netcall,3 ago 2026,17,902954983,9029549838047738394567,9283,Outbound,Portabilidad Postpago,PROGRAMADO,Logixtal,9356,ABIERTAS,Pendiente Entrega,Pendiente Entrega,NET_LBAUTISTAS,SIM,4 ago 2026,null,null,No,ABIERTAS,null,Monolínea,Mono_item,Moquegua,null
Moquegua,Netcall,3 ago 2026,10,902802483,9028024838046268470586,9283,Outbound,Portabilidad Postpago,EXPRESS,Logixtal,9356,CANCELADAS,Anulado,HUELLAS DESGASTADAS,NET_JSIADEN,SIM,3 ago 2026,null,null,No,CANCELADAS,2026-08-03 11:30:20,Multilínea,Mono_item,Moquegua,null
Moquegua,Netcall,3 ago 2026,14,902891559,9028915598047111465788,9283,Outbound,Portabilidad Postpago,EXPRESS,Logixtal,9356,CERRADAS,Entregado,Entregado,NET_YFLORESR,SIM,3 ago 2026,3 ago 2026,null,No,CERRADAS,2026-08-04 01:42:43,Monolínea,Mono_item,Moquegua,null
Moquegua,Netcall,3 ago 2026,16,902929525,9029295258047489405433,9283,Outbound,Portabilidad Postpago,EXPRESS,Logixtal,9356,CANCELADAS,Anulado,RESULTADO NEGATIVO BIOMETRICO,NET_LLOPEZM,SIM,3 ago 2026,null,null,No,CANCELADAS,2026-08-03 18:01:47,Multilínea,Mono_item,Moquegua,null
Moquegua,Netcall,3 ago 2026,12,902855072,9028550728046759702945,9283,Outbound,Portabilidad Postpago,EXPRESS,Logixtal,9356,CERRADAS,Entregado,Entregado,NET_YUCEDAB,SIM,3 ago 2026,3 ago 2026,null,No,CERRADAS,2026-08-04 03:35:38,Multilínea,Mono_item,Moquegua,null
Moquegua,Netcall,3 ago 2026,15,902898366,9028983668047184585812,9283,Outbound,Portabilidad Postpago,EXPRESS,Logixtal,9356,CANCELADAS,Anulado,SOLICITADO POR CANAL,NET_LLOPEZM,SIM,3 ago 2026,null,null,No,CANCELADAS,2026-08-03 15:15:49,Multilínea,Mono_item,Moquegua,null
Moche,Netcall,3 ago 2026,9,902786283,9027862838046114362270,9283,Outbound,Portabilidad Postpago,PROGRAMADO,Logixtal,5023,ABIERTAS,Pendiente Entrega,Pendiente Entrega,NET_EZEVALLOSZ,SIM,5 ago 2026,null,null,No,ABIERTAS,null,Monolínea,Mono_item,La Libertad,null
Moche,Netcall,1 ago 2026,14,902250873,9022508738041159948213,9271,Outbound,Portabilidad Postpago,PROGRAMADO,Logixtal,5023,ABIERTAS,Pendiente Entrega,Pendiente Entrega,NET_GHUAMANT,SIM,5 ago 2026,null,null,No,ABIERTAS,null,Monolínea,Mono_item,La Libertad,null
Moche,Netcall,3 ago 2026,10,902791595,9027915958046165506035,9283,Outbound,Portabilidad Postpago,PROGRAMADO,Logixtal,5023,ABIERTAS,Pendiente Entrega,Pendiente Entrega,NET_TVASQUEZANG,SIM,5 ago 2026,null,null,No,ABIERTAS,null,Monolínea,Mono_item,La Libertad,null
Miraflores,Netcall,2 ago 2026,13,902541967,9025419678044069114087,5299,Outbound,Portabilidad Postpago,EXPRESS,Logixtal,9001,CERRADAS,Entregado,Entregado,NET_RCANDIOTTIA,SIM,2 ago 2026,2 ago 2026,03/08/2026,Sí,CERRADAS,2026-08-03 01:35:51,Multilínea,Mono_item,Lima - Callao,29.91303
Miraflores,Netcall,1 ago 2026,9,902161708,9021617088040288384492,9271,Outbound,Portabilidad Postpago,EXPRESS,Logixtal,9001,CANCELADAS,Anulado,CLIENTE DESISTE - NO BRINDA MOTIVOS,NET_LNECIOSUPC,SIM,1 ago 2026,null,null,No,CANCELADAS,2026-08-01 10:59:21,Monolínea,Mono_item,Lima - Callao,null
Miraflores,Netcall,3 ago 2026,13,902867412,902867412,9283,Outbound,Portabilidad Postpago,EXPRESS,Logixtal,5022,CERRADAS,Entregado,Entregado,NET_JCHINGAA,SIM,3 ago 2026,3 ago 2026,null,No,CERRADAS,2026-08-04 00:41:18,Monolínea,Mono_item,Arequipa,null
Miraflores,Netcall,3 ago 2026,12,902839693,9028396938046609476925,9283,Outbound,Portabilidad Postpago,EXPRESS,Logixtal,5022,CERRADAS,Entregado,Entregado,TLV_NET_CACEVED,SIM,3 ago 2026,3 ago 2026,null,No,CERRADAS,2026-08-04 03:40:52,Multilínea,Mono_item,Arequipa,null
Miraflores,Netcall,1 ago 2026,10,902167106,9021671068040338302406,9283,Outbound,Portabilidad Postpago,EXPRESS,Logixtal,9001,CERRADAS,Entregado,Entregado,NET_SPALACIOSA,SIM,1 ago 2026,1 ago 2026,02/08/2026,Sí,CERRADAS,2026-08-02 01:37:37,Monolínea,Mono_item,Lima - Callao,39.95
Miraflores,Netcall,3 ago 2026,13,902858708,9028587088046791403129,9283,Outbound,Portabilidad Postpago,EXPRESS,Logixtal,9001,CERRADAS,Entregado,Entregado,TLV_NET_CACEVED,SIM,3 ago 2026,3 ago 2026,null,No,CERRADAS,2026-08-04 00:50:38,Multilínea,Mono_item,Lima - Callao,null
Miraflores,Netcall,3 ago 2026,12,902855976,9028559768046771079530,9283,Outbound,Portabilidad Postpago,EXPRESS,Logixtal,9001,CERRADAS,Entregado,Entregado,TLV_NET_CACEVED,SIM,3 ago 2026,3 ago 2026,null,No,CERRADAS,2026-08-04 01:43:25,Multilínea,Mono_item,Lima - Callao,null
Miraflores,Netcall,3 ago 2026,12,902841305,9028413058046618325924,9283,Outbound,Portabilidad Postpago,EXPRESS,Logixtal,5022,CERRADAS,Entregado,Entregado,TLV_NET_CACEVED,SIM,3 ago 2026,3 ago 2026,null,No,CERRADAS,2026-08-04 01:28:27,Multilínea,Mono_item,Arequipa,null
Miraflores,Netcall,1 ago 2026,11,902185216,9021852168040517679786,9283,Outbound,Portabilidad Postpago,EXPRESS,Logixtal,5022,CANCELADAS,Anulado,CLIENTE YA NO DESEA PRODUCTO,NET_ATORRESP,SIM,1 ago 2026,null,null,No,CANCELADAS,2026-08-01 16:09:24,Monolínea,Mono_item,Arequipa,null
Miraflores,Netcall,1 ago 2026,17,902306221,9023062218041735437860,9283,Outbound,Portabilidad Postpago,PROGRAMADO,Logixtal,9001,CERRADAS,Entregado,Entregado,NET_SGONZALESP,SIM,3 ago 2026,3 ago 2026,null,No,CERRADAS,2026-08-04 01:15:34,Monolínea,Mono_item,Lima - Callao,null
Miraflores,Netcall,3 ago 2026,18,902969605,9029696058047885837810,9283,Outbound,Portabilidad Postpago,PROGRAMADO,Logixtal,9001,ABIERTAS,Pendiente Entrega,Pendiente Entrega,NET_JCHAVEZPINT,SIM,4 ago 2026,null,null,No,ABIERTAS,null,Monolínea,Mono_item,Lima - Callao,null
Miraflores,Netcall,1 ago 2026,10,902166917,9021669178040339044894,9283,Outbound,Portabilidad Postpago,EXPRESS,Logixtal,9001,CANCELADAS,Anulado,DIRECCIÓN ERRADA,NET_GDELGADO,SIM,1 ago 2026,null,null,No,CANCELADAS,2026-08-03 08:55:19,Monolínea,Mono_item,Lima - Callao,null
Miraflores,Netcall,3 ago 2026,10,902795468,9027954688046201654694,9271,Outbound,Portabilidad Postpago,EXPRESS,Logixtal,5022,CERRADAS,Entregado,Entregado,NET_CREYESJ,SIM,3 ago 2026,3 ago 2026,null,No,CERRADAS,2026-08-04 01:51:53,Monolínea,Mono_item,Arequipa,null
Miraflores,Netcall,3 ago 2026,12,902855732,902855732,9271,Outbound,Portabilidad Postpago,EXPRESS,Logixtal,9001,CERRADAS,Entregado,Entregado,NET_LNECIOSUPC,SIM,3 ago 2026,3 ago 2026,null,No,CERRADAS,2026-08-04 00:42:35,Monolínea,Mono_item,Lima - Callao,null
Miraflores,Netcall,1 ago 2026,6,902087856,9020878568039835652139,9283,Outbound,Portabilidad Postpago,EXPRESS,Logixtal,9001,CANCELADAS,Anulado,Cliente sin equipo Pin Porta,TLV_NET_CACEVED,SIM,1 ago 2026,null,null,No,CANCELADAS,2026-08-01 10:01:46,Multilínea,Mono_item,Lima - Callao,null
Miraflores,Netcall,2 ago 2026,13,902543262,9025432628044081257784,5299,Outbound,Portabilidad Postpago,EXPRESS,Logixtal,9001,CERRADAS,Entregado,Entregado,NET_RCANDIOTTIA,SIM,2 ago 2026,2 ago 2026,03/08/2026,Sí,CERRADAS,2026-08-03 00:54:52,Multilínea,Mono_item,Lima - Callao,29.91303
Miraflores,Netcall,1 ago 2026,17,902291560,9022915608041585443704,9283,Outbound,Portabilidad Postpago,PROGRAMADO,Logixtal,5022,ABIERTAS,Pendiente Entrega,Pendiente Entrega,NET_JBARRAGANH,SIM,3 ago 2026,null,null,No,ABIERTAS,null,Monolínea,Mono_item,Arequipa,null
Miraflores,Netcall,1 ago 2026,6,902087851,9020878518039835648127,9283,Outbound,Portabilidad Postpago,EXPRESS,Logixtal,9001,CANCELADAS,Anulado,Cliente sin equipo Pin Porta,TLV_NET_CACEVED,SIM,1 ago 2026,null,null,No,CANCELADAS,2026-08-01 10:00:20,Multilínea,Mono_item,Lima - Callao,null
Miraflores,Netcall,4 ago 2026,8,903196469,903196469Empty,9283,Outbound,Portabilidad Postpago,PROGRAMADO,Logixtal,9001,ABIERTAS,No bop,No bop,NET_JTITOM,SIM,5 ago 2026,null,null,No,ABIERTAS,null,Monolínea,Mono_item,Lima - Callao,null
Miraflores,Netcall,3 ago 2026,10,902810556,9028105568046345997043,9283,Outbound,Portabilidad Postpago,EXPRESS,Logixtal,5022,CERRADAS,Entregado,Entregado,NET_KYUPANQUIC,SIM,3 ago 2026,3 ago 2026,null,No,CERRADAS,2026-08-04 01:51:00,Monolínea,Mono_item,Arequipa,null
Miraflores,Netcall,4 ago 2026,7,903194272,903194272Empty,9283,Outbound,Portabilidad Postpago,EXPRESS,Logixtal,5022,ABIERTAS,Pendiente Entrega,Pendiente Entrega,NET_SLAZOBE,SIM,4 ago 2026,null,null,No,ABIERTAS,null,Multilínea,Mono_item,Arequipa,null
Mi Peru,Netcall,1 ago 2026,13,902227673,9022276738040921862555,9283,Outbound,Portabilidad Postpago,PROGRAMADO,Logixtal,9001,CANCELADAS,Anulado,CLIENTE YA NO DESEA PRODUCTO,NET_CIOLAYAR,SIM,2 ago 2026,null,null,No,CANCELADAS,2026-08-03 14:48:47,Monolínea,Mono_item,Lima - Callao,null
Maynas,Netcall,1 ago 2026,11,902192982,9021929828040581601797,9289,Outbound,Portabilidad Postpago,RETIRO EN TIENDA,Retiro en tienda,2103,CERRADAS,Entregado,Entregado,NET_LCAMPOSCABR,SIM,1 ago 2026,1 ago 2026,02/08/2026,Sí,CERRADAS,2026-08-02 01:53:51,Multilínea,Mono_item,Loreto,39.95
Maynas,Netcall,3 ago 2026,11,902832822,9028328228046548714275,9271,Outbound,Portabilidad Postpago,RETIRO EN TIENDA,Retiro en tienda,2103,ABIERTAS,Pendiente Entrega,Pendiente Entrega,NET_BATOP,SIM,3 ago 2026,null,null,No,ABIERTAS,null,Monolínea,Mono_item,Loreto,null
Maynas,Netcall,1 ago 2026,17,902293116,9022931168041601898081,9283,Outbound,Venta Regular / Alta,RETIRO EN TIENDA,Retiro en tienda,2103,CANCELADAS,Cancelado,Cancelado,NET_JIYASHAMAR,SIM,1 ago 2026,null,null,No,CANCELADAS,2026-08-02 13:04:44,Monolínea,Mono_item,Loreto,null
Maynas,Netcall,1 ago 2026,15,902269990,9022699908041359765963,9283,Outbound,Venta Regular / Alta,RETIRO EN TIENDA,Retiro en tienda,3219,ABIERTAS,Pendiente Entrega,Pendiente Entrega,NET_SLAZOB,SIM,1 ago 2026,null,null,No,ABIERTAS,null,Monolínea,Mono_item,Loreto,null
Maynas,Netcall,1 ago 2026,10,902171299,9021712998040373674683,9289,Outbound,Portabilidad Postpago,RETIRO EN TIENDA,Retiro en tienda,3219,CANCELADAS,Cancelado,Cancelado,NET_LCAMPOSCABR,SIM,1 ago 2026,null,null,No,CANCELADAS,2026-08-01 11:32:47,Multilínea,Mono_item,Loreto,null
Maynas,Netcall,3 ago 2026,11,902816257,9028162578046383613627,9283,Outbound,Portabilidad Postpago,RETIRO EN TIENDA,Retiro en tienda,2103,CERRADAS,Entregado,Entregado,NET_LFLORESY,SIM,3 ago 2026,3 ago 2026,null,No,CERRADAS,2026-08-04 03:00:54,Monolínea,Mono_item,Loreto,null
Mariscal Nieto,Netcall,3 ago 2026,12,902849018,9028490188046688274264,9283,Outbound,Portabilidad Postpago,RETIRO EN TIENDA,Retiro en tienda,7379,CANCELADAS,Cancelado,Cancelado,NET_JSIADEN,SIM,3 ago 2026,null,null,No,CANCELADAS,2026-08-03 19:16:32,Multilínea,Mono_item,Moquegua,null
Mariscal Nieto,Netcall,3 ago 2026,16,902917189,9029171898047372672824,9283,Outbound,Portabilidad Postpago,RETIRO EN TIENDA,Retiro en tienda,7379,ABIERTAS,Pendiente Entrega,Pendiente Entrega,NET_NRUBIOMARCO,SIM,3 ago 2026,null,null,No,ABIERTAS,null,Multilínea,Multi_item,Moquegua,null
Mariscal Nieto,Netcall,3 ago 2026,16,902917189,9029171898047375413043,9283,Outbound,Portabilidad Postpago,RETIRO EN TIENDA,Retiro en tienda,7379,ABIERTAS,Pendiente Entrega,Pendiente Entrega,NET_NRUBIOMARCO,SIM,3 ago 2026,null,null,No,ABIERTAS,null,Multilínea,Multi_item,Moquegua,null
Mariano Melgar,Netcall,3 ago 2026,13,902876162,9028761628046952026671,9271,Outbound,Portabilidad Postpago,EXPRESS,Logixtal,5022,CERRADAS,Entregado,Entregado,NET_THUAMANIP,SIM,3 ago 2026,3 ago 2026,null,No,CERRADAS,2026-08-04 01:04:41,Multilínea,Multi_item,Arequipa,null
Mariano Melgar,Netcall,3 ago 2026,13,902876162,9028761628046952026416,9271,Outbound,Portabilidad Postpago,EXPRESS,Logixtal,5022,CERRADAS,Entregado,Entregado,NET_THUAMANIP,SIM,3 ago 2026,3 ago 2026,null,No,CERRADAS,2026-08-04 01:04:41,Multilínea,Multi_item,Arequipa,null
Mariano Melgar,Netcall,3 ago 2026,13,902863310,9028633108046832809361,9271,Outbound,Portabilidad Postpago,EXPRESS,Logixtal,5022,CERRADAS,Entregado,Entregado,NET_BATOP,SIM,3 ago 2026,3 ago 2026,null,No,CERRADAS,2026-08-04 01:49:35,Monolínea,Mono_item,Arequipa,null
Mariano Melgar,Netcall,3 ago 2026,18,902973987,9029739878047935394941,9283,Outbound,Portabilidad Postpago,PROGRAMADO,Logixtal,5022,ABIERTAS,Pendiente Entrega,Pendiente Entrega,TLV_NET_GJQUISP,SIM,5 ago 2026,null,null,No,ABIERTAS,null,Monolínea,Mono_item,Arequipa,null
Mariano Melgar,Netcall,3 ago 2026,13,902874272,9028742728046934096200,9271,Outbound,Portabilidad Postpago,EXPRESS,Logixtal,5022,CERRADAS,Entregado,Entregado,NET_THUAMANIP,SIM,3 ago 2026,3 ago 2026,null,No,CERRADAS,2026-08-04 03:38:54,Multilínea,Mono_item,Arequipa,null
Mariano Melgar,Netcall,3 ago 2026,13,902872591,9028725918046916170712,9271,Outbound,Venta Regular / Alta,EXPRESS,Logixtal,5022,CERRADAS,Entregado,Entregado,NET_THUAMANIP,SIM,3 ago 2026,3 ago 2026,03/08/2026,Sí,CERRADAS,2026-08-03 15:40:23,Multilínea,Mono_item,Arequipa,39.95
Mariano Melgar,Netcall,1 ago 2026,17,902303632,9023036328041710187976,9283,Outbound,Portabilidad Postpago,PROGRAMADO,Logixtal,5022,ABIERTAS,Pendiente Entrega,Pendiente Entrega,NET_DVILLALOBOS,SIM,3 ago 2026,null,null,No,ABIERTAS,null,Monolínea,Mono_item,Arequipa,null
Marcavelica,Netcall,3 ago 2026,11,902824421,9028244218046449496312,9283,Outbound,Portabilidad Postpago,PROGRAMADO,Logixtal,5021,ABIERTAS,Pendiente Entrega,Pendiente Entrega,TLV_NET_CZEGARR,SIM,4 ago 2026,null,null,No,ABIERTAS,null,Monolínea,Mono_item,Piura,null
Mancora,Netcall,1 ago 2026,17,902293764,9022937648041605246057,9271,Outbound,Portabilidad Postpago,PROGRAMADO,Logixtal,5021,ABIERTAS,Pendiente Entrega,Pendiente Entrega,NET_MVALIENTES,SIM,4 ago 2026,null,null,No,ABIERTAS,null,Monolínea,Mono_item,Piura,null
Manantay,Netcall,3 ago 2026,10,902795253,9027952538046204463314,9265,Outbound,Portabilidad Postpago,EXPRESS,Logixtal,9349,ABIERTAS,Pendiente Entrega,Pendiente Entrega,NET_IRODRIGUEZS,SIM,3 ago 2026,null,null,No,ABIERTAS,null,Monolínea,Mono_item,Ucayali,null
Manantay,Netcall,1 ago 2026,9,902163272,9021632728040306974722,9283,Outbound,Portabilidad Postpago,PROGRAMADO,Logixtal,9349,ABIERTAS,Pendiente Entrega,Pendiente Entrega,TLV_NET_KARANDA,SIM,4 ago 2026,null,null,No,ABIERTAS,null,Monolínea,Mono_item,Ucayali,null
Manantay,Netcall,3 ago 2026,11,902831889,9028318898046526136183,9283,Outbound,Portabilidad Postpago,PROGRAMADO,Logixtal,9349,ABIERTAS,Pendiente Entrega,Pendiente Entrega,NET_CDANGELOV,SIM,4 ago 2026,null,null,No,ABIERTAS,null,Monolínea,Mono_item,Ucayali,null
Manantay,Netcall,3 ago 2026,1,902704287,9027042878045439483260,9283,Outbound,Venta Regular / Alta,EXPRESS,Logixtal,9349,CERRADAS,Entregado,Entregado,NET_ADOROTEOSAL,SIM,3 ago 2026,3 ago 2026,03/08/2026,Sí,CERRADAS,2026-08-03 13:03:56,Multilínea,Mono_item,Ucayali,39.95
Manantay,Netcall,1 ago 2026,13,902235648,9022356488040998274511,9271,Outbound,Portabilidad Postpago,EXPRESS,Logixtal,9349,CERRADAS,Entregado,Entregado,NET_SNIMAG,SIM,1 ago 2026,1 ago 2026,02/08/2026,Sí,CERRADAS,2026-08-02 00:57:17,Monolínea,Mono_item,Ucayali,29.95
Manantay,Netcall,4 ago 2026,8,903197828,903197828Empty,9283,Outbound,Portabilidad Postpago,EXPRESS,Logixtal,9349,ABIERTAS,Pendiente Entrega,Pendiente Entrega,NET_GCABALLEROC,SIM,4 ago 2026,null,null,No,ABIERTAS,null,Multilínea,Mono_item,Ucayali,null
Manantay,Netcall,4 ago 2026,8,903197166,903197166Empty,9283,Outbound,Portabilidad Postpago,EXPRESS,Logixtal,9349,ABIERTAS,Pendiente Entrega,Pendiente Entrega,NET_GCABALLEROC,SIM,4 ago 2026,null,null,No,ABIERTAS,null,Multilínea,Mono_item,Ucayali,null
Manantay,Netcall,1 ago 2026,12,902206965,9022069658040714113283,9283,Outbound,Portabilidad Postpago,EXPRESS,Logixtal,9349,CERRADAS,Entregado,Entregado,NET_JROMEROC,SIM,1 ago 2026,1 ago 2026,02/08/2026,Sí,CERRADAS,2026-08-02 01:37:36,Monolínea,Mono_item,Ucayali,39.95
Manantay,Netcall,3 ago 2026,1,902704248,902704248,9283,Outbound,Portabilidad Postpago,EXPRESS,Logixtal,9349,CERRADAS,Entregado,Entregado,NET_ADOROTEOSAL,SIM,3 ago 2026,3 ago 2026,null,No,CERRADAS,2026-08-04 00:06:43,Multilínea,Mono_item,Ucayali,null
Manantay,Netcall,4 ago 2026,8,903197587,903197587Empty,9283,Outbound,Portabilidad Postpago,EXPRESS,Logixtal,9349,ABIERTAS,Pendiente Entrega,Pendiente Entrega,NET_GCABALLEROC,SIM,4 ago 2026,null,null,No,ABIERTAS,null,Multilínea,Mono_item,Ucayali,null
Magdalena Del Mar,Netcall,3 ago 2026,13,902861901,9028619018046820202469,9283,Outbound,Portabilidad Postpago,EXPRESS,Logixtal,9001,CERRADAS,Entregado,Entregado,NET_TVASQUEZANG,SIM,3 ago 2026,3 ago 2026,null,No,CERRADAS,2026-08-04 00:48:33,Multilínea,Mono_item,Lima - Callao,null
Magdalena Del Mar,Netcall,3 ago 2026,13,902863008,9028630088046831392634,9283,Outbound,Portabilidad Postpago,EXPRESS,Logixtal,9001,CERRADAS,Entregado,Entregado,NET_TVASQUEZANG,SIM,3 ago 2026,3 ago 2026,null,No,CERRADAS,2026-08-04 01:47:57,Multilínea,Mono_item,Lima - Callao,null
Magdalena Del Mar,Netcall,3 ago 2026,11,902816244,9028162448046389142544,9283,Outbound,Portabilidad Postpago,PROGRAMADO,Logixtal,9001,ABIERTAS,Pendiente Entrega,Pendiente Entrega,NET_YVEGASA,SIM,4 ago 2026,null,null,No,ABIERTAS,null,Multilínea,Multi_item,Lima - Callao,null
Magdalena Del Mar,Netcall,3 ago 2026,11,902816244,9028162448046389142106,9283,Outbound,Portabilidad Postpago,PROGRAMADO,Logixtal,9001,ABIERTAS,Pendiente Entrega,Pendiente Entrega,NET_YVEGASA,SIM,4 ago 2026,null,null,No,ABIERTAS,null,Multilínea,Multi_item,Lima - Callao,null
Magdalena Del Mar,Netcall,3 ago 2026,10,902807292,9028072928046313215138,9283,Outbound,Portabilidad Postpago,PROGRAMADO,Logixtal,9001,ABIERTAS,Pendiente Entrega,Pendiente Entrega,NET_YVEGASA,SIM,4 ago 2026,null,null,No,ABIERTAS,null,Multilínea,Mono_item,Lima - Callao,null
Magdalena Del Mar,Netcall,3 ago 2026,11,902816244,9028162448046389142763,9283,Outbound,Portabilidad Postpago,PROGRAMADO,Logixtal,9001,ABIERTAS,Pendiente Entrega,Pendiente Entrega,NET_YVEGASA,SIM,4 ago 2026,null,null,No,ABIERTAS,null,Multilínea,Multi_item,Lima - Callao,null
Magdalena Del Mar,Netcall,3 ago 2026,11,902816244,9028162448046389142325,9283,Outbound,Portabilidad Postpago,PROGRAMADO,Logixtal,9001,ABIERTAS,Pendiente Entrega,Pendiente Entrega,NET_YVEGASA,SIM,4 ago 2026,null,null,No,ABIERTAS,null,Multilínea,Multi_item,Lima - Callao,null
Magdalena Del Mar,Netcall,3 ago 2026,15,902910374,9029103748047305429140,9271,Outbound,Portabilidad Postpago,EXPRESS,Logixtal,9001,CERRADAS,Entregado,Entregado,NET_DRUIZR,SIM,3 ago 2026,3 ago 2026,null,No,CERRADAS,2026-08-04 02:03:12,Monolínea,Mono_item,Lima - Callao,null
Magdalena Del Mar,Netcall,3 ago 2026,13,902864545,902864545,9283,Outbound,Portabilidad Postpago,EXPRESS,Logixtal,9001,CERRADAS,Entregado,Entregado,NET_TVASQUEZANG,SIM,3 ago 2026,3 ago 2026,null,No,CERRADAS,2026-08-04 00:07:59,Multilínea,Mono_item,Lima - Callao,null
Magdalena Del Mar,Netcall,1 ago 2026,11,902191368,9021913688040569888171,9259,Outbound,Portabilidad Postpago,EXPRESS,Logixtal,9001,CERRADAS,Entregado,Entregado,NET_ECASTILLOH,SIM,1 ago 2026,1 ago 2026,02/08/2026,Sí,CERRADAS,2026-08-02 00:07:47,Monolínea,Mono_item,Lima - Callao,34.95
Lurin,Netcall,1 ago 2026,14,902242733,9022427338041073606143,9283,Outbound,Portabilidad Postpago,PROGRAMADO,Logixtal,9342,CERRADAS,Entregado,Entregado,TLV_NET_MLANDAR,SIM,2 ago 2026,3 ago 2026,null,No,CERRADAS,2026-08-04 01:00:49,Multilínea,Multi_item,Lima - Callao,null
Lurin,Netcall,3 ago 2026,10,902795563,9027955638046201918759,9271,Outbound,Portabilidad Postpago,PROGRAMADO,Logixtal,9342,ABIERTAS,Pendiente Entrega,Pendiente Entrega,NET_KCHUQUIZUTC,SIM,4 ago 2026,null,null,No,ABIERTAS,null,Monolínea,Mono_item,Lima - Callao,null
Lurin,Netcall,3 ago 2026,14,902887957,9028879578047071690428,9271,Outbound,Portabilidad Postpago,PROGRAMADO,Logixtal,9342,ABIERTAS,Pendiente Entrega,Pendiente Entrega,NET_FCASTILLOG,SIM,4 ago 2026,null,null,No,ABIERTAS,null,Monolínea,Mono_item,Lima - Callao,null
Lurin,Netcall,3 ago 2026,20,903012895,9030128958048318206486,9283,Outbound,Portabilidad Postpago,PROGRAMADO,Logixtal,9001,ABIERTAS,Pendiente Entrega,Pendiente Entrega,NET_ACREGALADO,SIM,4 ago 2026,null,null,No,ABIERTAS,null,Monolínea,Mono_item,Lima - Callao,null
Lurin,Netcall,3 ago 2026,14,902880613,9028806138046999571981,9283,Outbound,Portabilidad Postpago,PROGRAMADO,Logixtal,9342,ABIERTAS,Entregado,Entregado,NET_SINGAC,SIM,4 ago 2026,4 ago 2026,null,No,ABIERTAS,null,Monolínea,Mono_item,Lima - Callao,null
Lurin,Netcall,1 ago 2026,10,902172871,9021728718040391412226,9271,Outbound,Portabilidad Postpago,PROGRAMADO,Logixtal,9342,ABIERTAS,Pendiente Entrega,Pendiente Entrega,NET_MVASQUEZV,SIM,2 ago 2026,null,null,No,ABIERTAS,null,Monolínea,Mono_item,Lima - Callao,null
Lurin,Netcall,1 ago 2026,14,902247594,9022475948041122052410,9283,Outbound,Portabilidad Postpago,PROGRAMADO,Logixtal,9342,CERRADAS,Entregado,Entregado,TLV_NET_MLANDAR,SIM,2 ago 2026,2 ago 2026,03/08/2026,Sí,CERRADAS,2026-08-03 01:25:02,Monolínea,Mono_item,Lima - Callao,39.95
Lurin,Netcall,3 ago 2026,18,902963143,9029631438047818754559,9271,Outbound,Portabilidad Postpago,PROGRAMADO,Logixtal,9342,ABIERTAS,Pendiente Entrega,Pendiente Entrega,NET_KANGELESS,SIM,4 ago 2026,null,null,No,ABIERTAS,null,Monolínea,Mono_item,Lima - Callao,null
Lurin,Netcall,1 ago 2026,12,902221382,902221382,9283,Outbound,Portabilidad Postpago,PROGRAMADO,Logixtal,9342,CERRADAS,Entregado,Entregado,NET_LCASTILLORI,SIM,2 ago 2026,3 ago 2026,null,No,CERRADAS,2026-08-04 00:06:48,Multilínea,Mono_item,Lima - Callao,null
Lurin,Netcall,3 ago 2026,14,902880537,9028805378047019276132,9283,Outbound,Portabilidad Postpago,PROGRAMADO,Logixtal,9342,ABIERTAS,Pendiente Entrega,Pendiente Entrega,TLV_NET_MCHAMBI,SIM,5 ago 2026,null,null,No,ABIERTAS,null,Monolínea,Mono_item,Lima - Callao,null
Lurin,Netcall,1 ago 2026,12,902223529,9022235298040878960748,9283,Outbound,Portabilidad Postpago,PROGRAMADO,Logixtal,9342,CERRADAS,Entregado,Entregado,NET_LCASTILLORI,SIM,2 ago 2026,3 ago 2026,null,No,CERRADAS,2026-08-04 01:39:07,Multilínea,Mono_item,Lima - Callao,null
Lurin,Netcall,3 ago 2026,11,902829173,9028291738046493860299,9283,Outbound,Venta Regular / Alta,PROGRAMADO,Logixtal,9342,ABIERTAS,Pendiente Entrega,Pendiente Entrega,NET_AAPOLAYACAC,SIM,4 ago 2026,null,null,No,ABIERTAS,null,Monolínea,Mono_item,Lima - Callao,null
Lurin,Netcall,1 ago 2026,10,902171241,9021712418040376452473,9283,Outbound,Portabilidad Postpago,PROGRAMADO,Logixtal,9342,ABIERTAS,Pendiente Entrega,Pendiente Entrega,NET_LLOBATONV,SIM,2 ago 2026,null,null,No,ABIERTAS,null,Monolínea,Mono_item,Lima - Callao,null
Lurin,Netcall,1 ago 2026,14,902242733,9022427338041076590924,9283,Outbound,Portabilidad Postpago,PROGRAMADO,Logixtal,9342,CERRADAS,Entregado,Entregado,TLV_NET_MLANDAR,SIM,2 ago 2026,3 ago 2026,null,No,CERRADAS,2026-08-04 01:00:49,Multilínea,Multi_item,Lima - Callao,null
Lurin,Netcall,1 ago 2026,19,902331000,9023310008041985690219,9283,Outbound,Portabilidad Postpago,PROGRAMADO,Logixtal,9342,CERRADAS,Entregado,Entregado,TLV_NET_KARANDA,SIM,2 ago 2026,2 ago 2026,03/08/2026,Sí,CERRADAS,2026-08-03 01:58:32,Monolínea,Mono_item,Lima - Callao,29.95
Lurin,Netcall,1 ago 2026,12,902222400,9022224008040870242910,9283,Outbound,Portabilidad Postpago,PROGRAMADO,Logixtal,9342,CERRADAS,Entregado,Entregado,NET_LCASTILLORI,SIM,2 ago 2026,3 ago 2026,null,No,CERRADAS,2026-08-04 00:44:52,Multilínea,Mono_item,Lima - Callao,null
Lurigancho,Netcall,3 ago 2026,13,902863688,9028636888046839640435,9283,Outbound,Portabilidad Postpago,PROGRAMADO,Logixtal,9001,CANCELADAS,Cancelado,SOLICITADO POR CANAL,NET_MUBILLUSR,SIM,4 ago 2026,null,null,No,CANCELADAS,2026-08-03 18:02:47,Monolínea,Mono_item,Lima - Callao,null
Lurigancho,Netcall,3 ago 2026,12,902854740,9028547408046772412608,9283,Outbound,Portabilidad Postpago,PROGRAMADO,Logixtal,9001,ABIERTAS,Anulado,CLIENTE DESISTE - NO BRINDA MOTIVOS,NET_RPOLOD,SIM,4 ago 2026,null,null,No,ABIERTAS,null,Monolínea,Mono_item,Lima - Callao,null
Lurigancho,Netcall,2 ago 2026,22,902669300,9026693008045090020023,9283,Outbound,Portabilidad Postpago,PROGRAMADO,Logixtal,9001,CERRADAS,Entregado,Entregado,NET_JROMEROC,SIM,3 ago 2026,3 ago 2026,null,No,CERRADAS,2026-08-04 01:35:45,Monolínea,Mono_item,Lima - Callao,null
Lurigancho,Netcall,1 ago 2026,14,902249220,9022492208041137056160,9283,Outbound,Portabilidad Postpago,PROGRAMADO,Logixtal,9001,CERRADAS,Entregado,Entregado,NET_KAGRAMONTEM,SIM,2 ago 2026,2 ago 2026,03/08/2026,Sí,CERRADAS,2026-08-03 01:36:34,Monolínea,Mono_item,Lima - Callao,34.95
Lurigancho,Netcall,3 ago 2026,13,902865807,9028658078046858107274,9283,Outbound,Portabilidad Postpago,PROGRAMADO,Logixtal,9001,ABIERTAS,Pendiente Entrega,Pendiente de Picking,NET_LYAIPENARRO,SIM,5 ago 2026,null,null,No,ABIERTAS,null,Monolínea,Mono_item,Lima - Callao,null
Lurigancho,Netcall,3 ago 2026,9,902789628,9027896288046149893753,9283,Outbound,Portabilidad Postpago,PROGRAMADO,Logixtal,9001,ABIERTAS,Pendiente Entrega,Pendiente Entrega,TLV_NET_ACUBASS,SIM,4 ago 2026,null,null,No,ABIERTAS,null,Monolínea,Mono_item,Lima - Callao,null
Lurigancho,Netcall,3 ago 2026,13,902869731,9028697318046893568382,9283,Outbound,Portabilidad Postpago,PROGRAMADO,Logixtal,9001,ABIERTAS,Pendiente Entrega,Pendiente Entrega,NET_SRAMOSC,SIM,4 ago 2026,null,null,No,ABIERTAS,null,Monolínea,Mono_item,Lima - Callao,null
Lurigancho,Netcall,3 ago 2026,17,902943258,9029432588047620443295,9283,Outbound,Portabilidad Postpago,PROGRAMADO,Logixtal,9001,ABIERTAS,Pendiente Entrega,Pendiente Entrega,NET_SSALAZARV,SIM,4 ago 2026,null,null,No,ABIERTAS,null,Multilínea,Multi_item,Lima - Callao,null
Lurigancho,Netcall,1 ago 2026,10,902177453,9021774538040436311328,9283,Outbound,Portabilidad Postpago,PROGRAMADO,Logixtal,9001,CERRADAS,Entregado,Entregado,NET_CPINELLAC,SIM,2 ago 2026,2 ago 2026,03/08/2026,Sí,CERRADAS,2026-08-03 00:30:05,Monolínea,Mono_item,Lima - Callao,39.95
Lurigancho,Netcall,3 ago 2026,13,902868721,9028687218046886662773,9283,Outbound,Portabilidad Postpago,PROGRAMADO,Logixtal,9001,ABIERTAS,Pendiente Entrega,Pendiente Entrega,NET_ARIVERA,SIM,4 ago 2026,null,null,No,ABIERTAS,null,Monolínea,Mono_item,Lima - Callao,null
Lurigancho,Netcall,1 ago 2026,10,902182336,9021823368040485782416,9283,Outbound,Portabilidad Postpago,PROGRAMADO,Logixtal,9001,CERRADAS,Entregado,Entregado,NET_YFLORESR,SIM,2 ago 2026,2 ago 2026,03/08/2026,Sí,CERRADAS,2026-08-03 01:52:57,Monolínea,Mono_item,Lima - Callao,34.95
Lurigancho,Netcall,3 ago 2026,10,902807212,9028072128046312733065,9283,Outbound,Portabilidad Postpago,PROGRAMADO,Logixtal,9001,ABIERTAS,Pendiente Entrega,Pendiente Entrega,NET_MROJASS,SIM,4 ago 2026,null,null,No,ABIERTAS,null,Monolínea,Mono_item,Lima - Callao,null
Lurigancho,Netcall,1 ago 2026,9,902162342,9021623428040296858567,9283,Outbound,Portabilidad Postpago,PROGRAMADO,Logixtal,9001,ABIERTAS,Entregado,Entregado,NET_GURBINAA,SIM,3 ago 2026,3 ago 2026,null,No,ABIERTAS,null,Monolínea,Mono_item,Lima - Callao,null
Lurigancho,Netcall,3 ago 2026,10,902793336,9027933368046184983425,9283,Outbound,Portabilidad Postpago,PROGRAMADO,Logixtal,9001,ABIERTAS,Pendiente Entrega,Pendiente Entrega,NET_SCANTOT,SIM,4 ago 2026,null,null,No,ABIERTAS,null,Monolínea,Mono_item,Lima - Callao,null
Lurigancho,Netcall,3 ago 2026,10,902793504,9027935048046182907394,9283,Outbound,Portabilidad Postpago,PROGRAMADO,Logixtal,9001,ABIERTAS,Pendiente Entrega,Pendiente Entrega,TLV_NET_ECODARL,SIM,4 ago 2026,null,null,No,ABIERTAS,null,Monolínea,Mono_item,Lima - Callao,null
Lurigancho,Netcall,3 ago 2026,17,902943258,9029432588047620443035,9283,Outbound,Portabilidad Postpago,PROGRAMADO,Logixtal,9001,ABIERTAS,Pendiente Entrega,Pendiente Entrega,NET_SSALAZARV,SIM,4 ago 2026,null,null,No,ABIERTAS,null,Multilínea,Multi_item,Lima - Callao,null
Lurigancho,Netcall,3 ago 2026,12,902856104,9028561048046769716125,9271,Outbound,Portabilidad Postpago,PROGRAMADO,Logixtal,9001,ABIERTAS,Pendiente Entrega,Pendiente Entrega,NET_SLIZARDOPER,SIM,4 ago 2026,null,null,No,ABIERTAS,null,Monolínea,Mono_item,Lima - Callao,null
Los Organos,Netcall,1 ago 2026,10,902177680,9021776808040437208409,9283,Outbound,Portabilidad Postpago,PROGRAMADO,Logixtal,5021,ABIERTAS,Pendiente Entrega,Pendiente Entrega,NET_BAPAZAB,SIM,4 ago 2026,null,null,No,ABIERTAS,null,Monolínea,Mono_item,Piura,null
Los Olivos,Netcall,3 ago 2026,16,902919670,9029196708047400077223,9271,Outbound,Portabilidad Postpago,EXPRESS,Logixtal,9001,CERRADAS,Entregado,Entregado,NET_MGONZALESR,SIM,3 ago 2026,3 ago 2026,null,No,CERRADAS,2026-08-04 00:52:46,Monolínea,Mono_item,Lima - Callao,null
Los Olivos,Netcall,1 ago 2026,15,902269307,9022693078041351211412,9283,Outbound,Portabilidad Postpago,PROGRAMADO,Logixtal,9001,CERRADAS,Entregado,Entregado,TLV_NET_SVALDEZ,SIM,3 ago 2026,3 ago 2026,null,No,CERRADAS,2026-08-04 01:39:03,Multilínea,Mono_item,Lima - Callao,null
Los Olivos,Netcall,3 ago 2026,12,902854895,9028548958046761036616,9283,Outbound,Portabilidad Postpago,EXPRESS,Logixtal,9001,CERRADAS,Entregado,Entregado,TLV_NET_JMORO,SIM,3 ago 2026,3 ago 2026,null,No,CERRADAS,2026-08-04 03:40:46,Monolínea,Mono_item,Lima - Callao,null
Los Olivos,Netcall,1 ago 2026,15,902267789,9022677898041338317633,9283,Outbound,Portabilidad Postpago,PROGRAMADO,Logixtal,9001,ABIERTAS,Entregado,Entregado,TLV_NET_SVALDEZ,SIM,3 ago 2026,3 ago 2026,null,No,ABIERTAS,null,Multilínea,Mono_item,Lima - Callao,null
Los Olivos,Netcall,1 ago 2026,10,902173165,9021731658040394498781,9283,Outbound,Portabilidad Prepago,EXPRESS,Logixtal,9001,CERRADAS,Entregado,Entregado,NET_LPASCUALH,SIM,1 ago 2026,1 ago 2026,02/08/2026,Sí,CERRADAS,2026-08-02 01:04:51,Monolínea,Mono_item,Lima - Callao,29.95
Los Olivos,Netcall,3 ago 2026,11,902833325,902833325,9283,Outbound,Portabilidad Postpago,EXPRESS,Logixtal,9001,CERRADAS,Entregado,Entregado,NET_GFLORESS,SIM,3 ago 2026,3 ago 2026,null,No,CERRADAS,2026-08-04 00:27:12,Monolínea,Mono_item,Lima - Callao,null
Los Olivos,Netcall,1 ago 2026,11,902187782,9021877828040535303032,9283,Outbound,Portabilidad Prepago,EXPRESS,Logixtal,9001,CERRADAS,Entregado,Entregado,NET_CSALAZARP,SIM,1 ago 2026,1 ago 2026,02/08/2026,Sí,CERRADAS,2026-08-02 01:50:49,Monolínea,Mono_item,Lima - Callao,29.95
Los Olivos,Netcall,1 ago 2026,13,902225594,9022255948040898165895,9283,Outbound,Portabilidad Postpago,EXPRESS,Logixtal,9001,CERRADAS,Entregado,Entregado,NET_SDIAZO,SIM,1 ago 2026,3 ago 2026,null,No,CERRADAS,2026-08-04 03:42:08,Multilínea,Multi_item,Lima - Callao,null
Los Olivos,Netcall,2 ago 2026,14,902545433,9025454338044100675789,9283,Outbound,Portabilidad Postpago,EXPRESS,Logixtal,9001,CERRADAS,Entregado,Entregado,NET_GHERRERAG,SIM,3 ago 2026,3 ago 2026,null,No,CERRADAS,2026-08-04 02:06:19,Monolínea,Mono_item,Lima - Callao,null
Los Olivos,Netcall,3 ago 2026,13,902871032,9028710328046903945105,9283,Outbound,Portabilidad Postpago,PROGRAMADO,Logixtal,9001,ABIERTAS,Pendiente Entrega,Pendiente Entrega,NET_VAYALA,SIM,4 ago 2026,null,null,No,ABIERTAS,null,Multilínea,Multi_item,Lima - Callao,null
Los Olivos,Netcall,3 ago 2026,18,902965732,9029657328047850448340,9283,Outbound,Portabilidad Postpago,PROGRAMADO,Logixtal,9001,ABIERTAS,Pendiente Entrega,Pendiente Entrega,TLV_NET_ACUBASS,SIM,4 ago 2026,null,null,No,ABIERTAS,null,Monolínea,Mono_item,Lima - Callao,null
Los Olivos,Netcall,3 ago 2026,15,902899604,9028996048047192721830,9283,Outbound,Portabilidad Postpago,EXPRESS,Logixtal,9001,ABIERTAS,Entregado,Entregado,NET_DFRANCIAH,SIM,3 ago 2026,3 ago 2026,null,No,ABIERTAS,null,Monolínea,Mono_item,Lima - Callao,null
Los Olivos,Netcall,1 ago 2026,18,902308780,9023087808041761878926,9283,Outbound,Portabilidad Postpago,EXPRESS,Logixtal,9001,CANCELADAS,Cancelado,CANCELADA EN OMNIX,TLV_NET_FVALQUI,SIM,1 ago 2026,null,null,No,CANCELADAS,2026-08-01 18:32:53,Monolínea,Mono_item,Lima - Callao,null
Los Olivos,Netcall,3 ago 2026,11,902815854,9028158548046386731232,9271,Outbound,Portabilidad Postpago,EXPRESS,Logixtal,9001,CERRADAS,Entregado,Entregado,NET_CDIAZG,SIM,3 ago 2026,3 ago 2026,null,No,CERRADAS,2026-08-04 00:55:06,Monolínea,Mono_item,Lima - Callao,null
Los Olivos,Netcall,1 ago 2026,13,902231473,9022314738040957249592,9283,Outbound,Portabilidad Postpago,PROGRAMADO,Logixtal,9001,CANCELADAS,Anulado,DIRECCIÓN ERRADA,NET_NCANCHOP,SIM,2 ago 2026,null,null,No,CANCELADAS,2026-08-02 09:47:22,Monolínea,Mono_item,Lima - Callao,null
Los Olivos,Netcall,3 ago 2026,10,902792270,9027922708046174533365,9283,Outbound,Portabilidad Postpago,EXPRESS,Logixtal,9001,CERRADAS,Entregado,Entregado,NET_YRUEDAMONDR,SIM,3 ago 2026,3 ago 2026,null,No,CERRADAS,2026-08-04 00:52:43,Monolínea,Mono_item,Lima - Callao,null
Los Olivos,Netcall,3 ago 2026,17,902953765,9029537658047730406463,9271,Outbound,Portabilidad Postpago,PROGRAMADO,Logixtal,9001,ABIERTAS,Pendiente Entrega,Pendiente Entrega,NET_HJUNCOT,SIM,4 ago 2026,null,null,No,ABIERTAS,null,Monolínea,Mono_item,Lima - Callao,null
Los Olivos,Netcall,1 ago 2026,15,902262899,9022628998041278863754,9283,Outbound,Portabilidad Prepago,EXPRESS,Logixtal,9001,CERRADAS,Entregado,Entregado,NET_ECARRETEROH,SIM,1 ago 2026,1 ago 2026,02/08/2026,Sí,CERRADAS,2026-08-02 00:22:29,Monolínea,Mono_item,Lima - Callao,34.95
Los Olivos,Netcall,3 ago 2026,13,902871032,9028710328046903945324,9283,Outbound,Portabilidad Postpago,PROGRAMADO,Logixtal,9001,ABIERTAS,Pendiente Entrega,Pendiente Entrega,NET_VAYALA,SIM,4 ago 2026,null,null,No,ABIERTAS,null,Multilínea,Multi_item,Lima - Callao,null
Los Olivos,Netcall,1 ago 2026,9,902139584,9021395848040196933827,9283,Outbound,Portabilidad Postpago,EXPRESS,Logixtal,9001,CERRADAS,Entregado,Entregado,NET_AARNAIZA,SIM,1 ago 2026,1 ago 2026,02/08/2026,Sí,CERRADAS,2026-08-02 00:51:59,Monolínea,Mono_item,Lima - Callao,29.95
Los Olivos,Netcall,3 ago 2026,11,902835274,9028352748046560378726,9283,Outbound,Portabilidad Postpago,EXPRESS,Logixtal,9001,ABIERTAS,Pendiente Entrega,Pendiente Entrega,NET_AROJASF,SIM,3 ago 2026,null,null,No,ABIERTAS,null,Monolínea,Mono_item,Lima - Callao,null
Los Olivos,Netcall,1 ago 2026,16,902277524,9022775248041438851144,9271,Outbound,Portabilidad Postpago,EXPRESS,Logixtal,9001,CERRADAS,Entregado,Entregado,NET_RCEVERINOL,SIM,1 ago 2026,1 ago 2026,02/08/2026,Sí,CERRADAS,2026-08-02 01:26:29,Monolínea,Mono_item,Lima - Callao,29.95
Los Olivos,Netcall,1 ago 2026,13,902225594,9022255948040901220116,9283,Outbound,Portabilidad Postpago,EXPRESS,Logixtal,9001,CERRADAS,Entregado,Entregado,NET_SDIAZO,SIM,1 ago 2026,3 ago 2026,null,No,CERRADAS,2026-08-04 03:42:08,Multilínea,Multi_item,Lima - Callao,null
Los Olivos,Netcall,1 ago 2026,11,902183465,9021834658040492440551,9283,Outbound,Portabilidad Postpago,EXPRESS,Logixtal,9001,CERRADAS,Entregado,Entregado,NET_CSALAZARP,SIM,1 ago 2026,1 ago 2026,02/08/2026,Sí,CERRADAS,2026-08-02 00:45:34,Monolínea,Mono_item,Lima - Callao,29.95
Loreto,Netcall,3 ago 2026,16,902930999,9029309998047504813171,9283,Outbound,Portabilidad Postpago,RETIRO EN TIENDA,Retiro en tienda,7103,CERRADAS,Entregado,Entregado,NET_JSORIAF,SIM,3 ago 2026,3 ago 2026,null,No,CERRADAS,2026-08-04 03:35:56,Monolínea,Mono_item,Loreto,null
Lince,Netcall,1 ago 2026,13,902230884,9022308848040960356526,9283,Outbound,Portabilidad Postpago,EXPRESS,Logixtal,9001,CERRADAS,Entregado,Entregado,NET_LOPEZDI,SIM,1 ago 2026,1 ago 2026,02/08/2026,Sí,CERRADAS,2026-08-02 00:09:40,Monolínea,Mono_item,Lima - Callao,34.95
Lince,Netcall,3 ago 2026,11,902828698,9028286988046494501875,9283,Outbound,Portabilidad Postpago,EXPRESS,Logixtal,9001,CANCELADAS,Anulado,Cliente sin equipo Pin Porta,NET_LLAZOC,SIM,3 ago 2026,null,null,No,CANCELADAS,2026-08-03 13:15:53,Monolínea,Mono_item,Lima - Callao,null
Lince,Netcall,3 ago 2026,12,902855888,9028558888046764291269,9283,Outbound,Portabilidad Postpago,EXPRESS,Logixtal,9001,CERRADAS,Entregado,Entregado,NET_LPINTOH,SIM,3 ago 2026,3 ago 2026,null,No,CERRADAS,2026-08-04 01:40:37,Monolínea,Mono_item,Lima - Callao,null
Lince,Netcall,3 ago 2026,16,902914699,9029146998047348953184,9289,Outbound,Portabilidad Postpago,PROGRAMADO,Logixtal,9001,ABIERTAS,Pendiente Entrega,Pendiente Entrega,NET_JCAMPOS,SIM,4 ago 2026,null,null,No,ABIERTAS,null,Monolínea,Mono_item,Lima - Callao,null
Lima - Callao,Netcall,3 ago 2026,14,902889631,902889631,9283,Outbound,Portabilidad Postpago,EXPRESS,Logixtal,9001,CERRADAS,Entregado,Entregado,NET_TMUNOZCALDE,SIM,3 ago 2026,3 ago 2026,null,No,CERRADAS,2026-08-04 00:18:49,Monolínea,Mono_item,Lima - Callao,null
Lima - Callao,Netcall,1 ago 2026,18,902314308,9023143088041815059167,9271,Outbound,Portabilidad Postpago,EXPRESS,Logixtal,9001,ABIERTAS,Pendiente Entrega,Pendiente Entrega,NET_MCELISG,SIM,1 ago 2026,null,null,No,ABIERTAS,null,Multilínea,Mono_item,Lima - Callao,null
Lima - Callao,Netcall,3 ago 2026,9,902790007,9027900078046147576438,9283,Outbound,Portabilidad Postpago,EXPRESS,Logixtal,9001,CERRADAS,Entregado,Entregado,TLV_NET_EBULNES,SIM,3 ago 2026,3 ago 2026,null,No,CERRADAS,2026-08-04 01:24:51,Monolínea,Mono_item,Lima - Callao,null
Lima - Callao,Netcall,1 ago 2026,18,902312400,9023124008041792153858,9283,Outbound,Portabilidad Postpago,RETIRO EN TIENDA,Retiro en tienda,3032,ABIERTAS,Pendiente Entrega,Pendiente Entrega,NET_CALCAB,SIM,1 ago 2026,null,null,No,ABIERTAS,null,Multilínea,Mono_item,Lima - Callao,null
Lima - Callao,Netcall,2 ago 2026,17,902583710,9025837108044459892615,9271,Outbound,Portabilidad Postpago,RETIRO EN TIENDA,Retiro en tienda,3162,ABIERTAS,Pendiente Entrega,Pendiente Entrega,NET_RMRAMIREZ,SIM,2 ago 2026,null,null,No,ABIERTAS,null,Monolínea,Mono_item,Lima - Callao,null
Lima - Callao,Netcall,3 ago 2026,16,902926999,9029269998047465916619,9283,Outbound,Portabilidad Postpago,RETIRO EN TIENDA,Retiro en tienda,2113,CERRADAS,Entregado,Entregado,NET_MORIHUELAQ,SIM,3 ago 2026,3 ago 2026,null,No,CERRADAS,2026-08-04 03:16:59,Monolínea,Mono_item,Lima - Callao,null
Lima - Callao,Netcall,1 ago 2026,16,902278121,9022781218041451920168,9271,Outbound,Portabilidad Postpago,RETIRO EN TIENDA,Retiro en tienda,3162,CERRADAS,Entregado,Entregado,TLV_NET_BREYESR,SIM,1 ago 2026,1 ago 2026,02/08/2026,Sí,CERRADAS,2026-08-02 00:10:52,Multilínea,Mono_item,Lima - Callao,39.95
Lima - Callao,Netcall,1 ago 2026,14,902256060,9022560608041208334135,9283,Outbound,Portabilidad Postpago,RETIRO EN TIENDA,Retiro en tienda,7131,CANCELADAS,Cancelado,Cancelado,NET_JGUIOP,SIM,1 ago 2026,null,null,No,CANCELADAS,2026-08-01 19:28:14,Monolínea,Mono_item,Lima - Callao,null
Lima - Callao,Netcall,3 ago 2026,16,902933555,9029335558047529321102,9271,Outbound,Portabilidad Postpago,RETIRO EN TIENDA,Retiro en tienda,3220,CERRADAS,Entregado,Entregado,NET_SLIZARDOPER,SIM,3 ago 2026,3 ago 2026,null,No,CERRADAS,2026-08-04 01:54:34,Monolínea,Mono_item,Lima - Callao,null
Lima - Callao,Netcall,3 ago 2026,15,902898601,9028986018047183471639,9283,Outbound,Portabilidad Postpago,RETIRO EN TIENDA,Retiro en tienda,7105,CANCELADAS,Cancelado,Cancelado,NET_ECARRETEROH,SIM,3 ago 2026,null,null,No,CANCELADAS,2026-08-03 17:25:38,Multilínea,Mono_item,Lima - Callao,null
Lima - Callao,Netcall,1 ago 2026,19,902331171,9023311718041984979795,9283,Outbound,Portabilidad Postpago,RETIRO EN TIENDA,Retiro en tienda,6036,CANCELADAS,Cancelado,Cancelado,TLV_NET_OCCONA,SIM,1 ago 2026,null,null,No,CANCELADAS,2026-08-03 09:43:07,Multilínea,Mono_item,Lima - Callao,null
Lima - Callao,Netcall,1 ago 2026,10,902170488,9021704888040367564740,9283,Outbound,Portabilidad Postpago,EXPRESS,Logixtal,9001,CERRADAS,Entregado,Entregado,TLV_NET_MLANDAR,SIM,1 ago 2026,1 ago 2026,02/08/2026,Sí,CERRADAS,2026-08-02 00:14:31,Monolínea,Mono_item,Lima - Callao,34.95
Lima - Callao,Netcall,2 ago 2026,9,902487079,9024870798043606058733,9283,Outbound,Portabilidad Postpago,RETIRO EN TIENDA,Retiro en tienda,3168,CANCELADAS,Cancelado,Cancelado,NET_JGUIOP,SIM,2 ago 2026,null,null,No,CANCELADAS,2026-08-02 15:51:39,Multilínea,Mono_item,Lima - Callao,null
Lima - Callao,Netcall,3 ago 2026,10,902810459,9028104598046345012860,9217,Fidelización,Portabilidad Postpago,RETIRO EN TIENDA,Retiro en tienda,1014,CANCELADAS,Cancelado,Cancelado,SBU_NOAGUILARH,SIM,3 ago 2026,null,null,No,CANCELADAS,2026-08-03 11:13:22,Monolínea,Mono_item,Lima - Callao,null
Lima - Callao,Netcall,1 ago 2026,17,902292672,9022926728041594134258,9283,Outbound,Portabilidad Postpago,EXPRESS,Logixtal,9001,CERRADAS,Entregado,Entregado,NET_PCHAVESTAY,SIM,1 ago 2026,2 ago 2026,03/08/2026,Sí,CERRADAS,2026-08-03 01:51:28,Monolínea,Mono_item,Lima - Callao,29.95
Lima - Callao,Netcall,1 ago 2026,16,902284509,9022845098041515588710,9271,Outbound,Portabilidad Postpago,RETIRO EN TIENDA,Retiro en tienda,3168,ABIERTAS,Pendiente Entrega,Pendiente Entrega,NET_AAVENDANOR,SIM,1 ago 2026,null,null,No,ABIERTAS,null,Monolínea,Mono_item,Lima - Callao,null
Lima - Callao,Netcall,1 ago 2026,19,902337834,9023378348042047633011,9283,Outbound,Portabilidad Postpago,PROGRAMADO,Logixtal,9001,CANCELADAS,Cancelado,ORDEN NO VALIDO EN SIEBEL O ESTADO CANCELADO,NET_GFLORESS,SIM,2 ago 2026,null,null,No,CANCELADAS,2026-08-03 16:55:38,Monolínea,Mono_item,Lima - Callao,null
Lima - Callao,Netcall,1 ago 2026,11,902199888,9021998888040649278848,9283,Outbound,Portabilidad Postpago,RETIRO EN TIENDA,Retiro en tienda,1023,CERRADAS,Entregado,Entregado,NET_YFLORESR,SIM,1 ago 2026,1 ago 2026,02/08/2026,Sí,CERRADAS,2026-08-02 00:36:57,Monolínea,Mono_item,Lima - Callao,34.95
Lima - Callao,Netcall,1 ago 2026,16,902281974,9022819748041491499858,9271,Outbound,Portabilidad Postpago,RETIRO EN TIENDA,Retiro en tienda,3162,CERRADAS,Entregado,Entregado,TLV_NET_BREYESR,SIM,1 ago 2026,1 ago 2026,02/08/2026,Sí,CERRADAS,2026-08-02 02:00:31,Multilínea,Mono_item,Lima - Callao,19.95
Lima - Callao,Netcall,1 ago 2026,18,902311212,9023112128041785292424,9283,Outbound,Portabilidad Postpago,RETIRO EN TIENDA,Retiro en tienda,3032,ABIERTAS,Pendiente Entrega,Pendiente Entrega,NET_CALCAB,SIM,1 ago 2026,null,null,No,ABIERTAS,null,Multilínea,Mono_item,Lima - Callao,null
Lima - Callao,Netcall,1 ago 2026,11,902189587,9021895878040548129526,9271,Outbound,Portabilidad Postpago,EXPRESS,Logixtal,9001,CERRADAS,Entregado,Entregado,NET_MCELISG,SIM,1 ago 2026,1 ago 2026,02/08/2026,Sí,CERRADAS,2026-08-02 00:11:51,Multilínea,Mono_item,Lima - Callao,39.95
Lima - Callao,Netcall,1 ago 2026,10,902167741,9021677418040341370131,9283,Outbound,Portabilidad Postpago,EXPRESS,Logixtal,9001,CERRADAS,Entregado,Entregado,NET_JVILLAFANIC,SIM,1 ago 2026,1 ago 2026,02/08/2026,Sí,CERRADAS,2026-08-02 01:17:45,Monolínea,Mono_item,Lima - Callao,29.95
Lima - Callao,Netcall,3 ago 2026,10,902795818,9027958188046203251427,5299,Outbound,Portabilidad Postpago,EXPRESS,Logixtal,9001,ABIERTAS,Pendiente Entrega,Pendiente Entrega,NET_SCHUMIOQUEP,SIM,3 ago 2026,null,null,No,ABIERTAS,null,Monolínea,Mono_item,Lima - Callao,null
Lima - Callao,Netcall,3 ago 2026,15,902912168,9029121688047318704785,9283,Outbound,Portabilidad Postpago,EXPRESS,Logixtal,9001,CANCELADAS,Anulado,PEDIDO MAL GENERADO,NET_EGOMEZB,SIM,3 ago 2026,null,null,No,CANCELADAS,2026-08-03 15:58:15,Multilínea,Mono_item,Lima - Callao,null
Lima - Callao,Netcall,3 ago 2026,13,902863719,9028637198046834232329,9283,Outbound,Portabilidad Postpago,EXPRESS,Logixtal,9001,CERRADAS,Entregado,Entregado,NET_EGOMEZB,SIM,3 ago 2026,3 ago 2026,null,No,CERRADAS,2026-08-04 01:36:32,Monolínea,Mono_item,Lima - Callao,null
Lima - Callao,Netcall,1 ago 2026,16,902276283,9022762838041427533330,9283,Outbound,Portabilidad Postpago,RETIRO EN TIENDA,Retiro en tienda,2101,CERRADAS,Entregado,Entregado,TLV_NET_GCUEVAC,SIM,1 ago 2026,1 ago 2026,02/08/2026,Sí,CERRADAS,2026-08-02 01:12:48,Multilínea,Multi_item,Lima - Callao,19.95
Lima - Callao,Netcall,3 ago 2026,12,902853012,9028530128046735869573,9289,Outbound,Portabilidad Postpago,RETIRO EN TIENDA,Retiro en tienda,8018,ABIERTAS,Pendiente Entrega,Pendiente Entrega,NET_LCAMPOSCABR,SIM,3 ago 2026,null,null,No,ABIERTAS,null,Monolínea,Mono_item,Lima - Callao,null
Lima - Callao,Netcall,1 ago 2026,9,902151603,9021516038040197823856,9283,Outbound,Portabilidad Postpago,EXPRESS,Logixtal,9001,CERRADAS,Entregado,Entregado,TLV_NET_JSILVAT,SIM,1 ago 2026,1 ago 2026,02/08/2026,Sí,CERRADAS,2026-08-02 00:46:54,Monolínea,Mono_item,Lima - Callao,34.95
Lima - Callao,Netcall,1 ago 2026,8,902150457,9021504578040183499514,9283,Outbound,Portabilidad Postpago,EXPRESS,Logixtal,9001,ABIERTAS,Pendiente Entrega,Pendiente Entrega,NET_LTELLOC,SIM,1 ago 2026,null,null,No,ABIERTAS,null,Monolínea,Mono_item,Lima - Callao,null
Lima - Callao,Netcall,3 ago 2026,9,902788680,902788680,9283,Outbound,Portabilidad Postpago,EXPRESS,Logixtal,9001,CERRADAS,Entregado,Entregado,NET_YRAMOSA,SIM,3 ago 2026,3 ago 2026,null,No,CERRADAS,2026-08-04 00:38:46,Monolínea,Mono_item,Lima - Callao,null
Lima - Callao,Netcall,1 ago 2026,17,902299029,9022990298041661965490,5299,Outbound,Portabilidad Postpago,RETIRO EN TIENDA,Retiro en tienda,3006,CERRADAS,Entregado,Entregado,NET_KDREYNA,SIM,1 ago 2026,2 ago 2026,03/08/2026,Sí,CERRADAS,2026-08-03 00:59:15,Monolínea,Mono_item,Lima - Callao,34.95
Lima - Callao,Netcall,1 ago 2026,11,902182568,9021825688040482380946,9289,Outbound,Portabilidad Postpago,EXPRESS,Logixtal,9001,CERRADAS,Entregado,Entregado,NET_YHUAMAN,SIM,1 ago 2026,1 ago 2026,02/08/2026,Sí,CERRADAS,2026-08-02 02:04:17,Monolínea,Mono_item,Lima - Callao,39.9
Lima - Callao,Netcall,3 ago 2026,17,902948547,9029485478047671841317,9283,Outbound,Portabilidad Postpago,PROGRAMADO,Logixtal,9001,ABIERTAS,Pendiente Entrega,Pendiente de Picking,NET_BDELGADOC,SIM,6 ago 2026,null,null,No,ABIERTAS,null,Monolínea,Mono_item,Lima - Callao,null
Lima - Callao,Netcall,3 ago 2026,10,902801422,9028014228046257859649,9283,Outbound,Portabilidad Postpago,RETIRO EN TIENDA,Retiro en tienda,3018,CERRADAS,Entregado,Entregado,NET_SBENITOV,SIM,3 ago 2026,3 ago 2026,null,No,CERRADAS,2026-08-04 01:10:25,Monolínea,Mono_item,Lima - Callao,null
Lima - Callao,Netcall,1 ago 2026,16,902283889,9022838898041507952877,9271,Outbound,Portabilidad Postpago,RETIRO EN TIENDA,Retiro en tienda,3162,CERRADAS,Entregado,Entregado,TLV_NET_BREYESR,SIM,1 ago 2026,1 ago 2026,02/08/2026,Sí,CERRADAS,2026-08-02 00:51:02,Multilínea,Mono_item,Lima - Callao,19.95
Lima - Callao,Netcall,1 ago 2026,18,902313670,9023136708041806905535,9283,Outbound,Portabilidad Postpago,RETIRO EN TIENDA,Retiro en tienda,2113,ABIERTAS,Pendiente Entrega,Pendiente Entrega,NET_AAYAURIO,SIM,1 ago 2026,null,null,No,ABIERTAS,null,Monolínea,Mono_item,Lima - Callao,null
Lima - Callao,Netcall,1 ago 2026,11,902188416,9021884168040587923459,9283,Outbound,Portabilidad Postpago,EXPRESS,Logixtal,9001,ABIERTAS,Pendiente Entrega,Pendiente Entrega,NET_PSANCHEZE,SIM,1 ago 2026,null,null,No,ABIERTAS,null,Monolínea,Mono_item,Lima - Callao,null
Lima - Callao,Netcall,1 ago 2026,17,902302417,9023024178041697359076,9283,Outbound,Portabilidad Postpago,RETIRO EN TIENDA,Retiro en tienda,5055,CERRADAS,Entregado,Entregado,NET_GGALLARDAYA,SIM,1 ago 2026,1 ago 2026,02/08/2026,Sí,CERRADAS,2026-08-02 01:32:56,Monolínea,Mono_item,Lima - Callao,29.91303
Lima - Callao,Netcall,3 ago 2026,13,902862308,902862308,9283,Outbound,Portabilidad Postpago,EXPRESS,Logixtal,9001,CERRADAS,Entregado,Entregado,TLV_NET_LSANCHA,SIM,3 ago 2026,3 ago 2026,null,No,CERRADAS,2026-08-04 00:24:27,Monolínea,Mono_item,Lima - Callao,null
Lima - Callao,Netcall,3 ago 2026,16,902922572,902922572,9283,Outbound,Portabilidad Postpago,EXPRESS,Logixtal,9001,CERRADAS,Entregado,Entregado,NET_EGOMEZB,SIM,3 ago 2026,3 ago 2026,null,No,CERRADAS,2026-08-04 00:14:07,Multilínea,Mono_item,Lima - Callao,null
Lima - Callao,Netcall,3 ago 2026,15,902906816,9029068168047270761819,9271,Outbound,Portabilidad Postpago,RETIRO EN TIENDA,Retiro en tienda,8018,ABIERTAS,Pendiente Entrega,Pendiente Entrega,NET_EMMENDIZF,SIM,3 ago 2026,null,null,No,ABIERTAS,null,Monolínea,Mono_item,Lima - Callao,null
Lima - Callao,Netcall,1 ago 2026,8,902136029,9021360298040100983509,9283,Outbound,Portabilidad Postpago,EXPRESS,Logixtal,9001,CERRADAS,Entregado,Entregado,NET_GFLORESS,SIM,1 ago 2026,1 ago 2026,02/08/2026,Sí,CERRADAS,2026-08-02 01:08:17,Multilínea,Multi_item,Lima - Callao,39.95
Lima - Callao,Netcall,3 ago 2026,13,902872167,9028721678046914800257,9283,Outbound,Portabilidad Postpago,EXPRESS,Logixtal,9001,CERRADAS,Entregado,Entregado,TLV_NET_GCUEVAC,SIM,3 ago 2026,3 ago 2026,null,No,CERRADAS,2026-08-04 03:35:36,Monolínea,Mono_item,Lima - Callao,null
Lima - Callao,Netcall,1 ago 2026,11,902184491,9021844918040506204509,9283,Outbound,Portabilidad Postpago,RETIRO EN TIENDA,Retiro en tienda,7132,CERRADAS,Entregado,Entregado,NET_EMACHEROT,SIM,1 ago 2026,1 ago 2026,02/08/2026,Sí,CERRADAS,2026-08-02 00:11:29,Multilínea,Mono_item,Lima - Callao,19.95
Lima - Callao,Netcall,3 ago 2026,16,902920673,9029206738047403480055,9271,Outbound,Portabilidad Postpago,RETIRO EN TIENDA,Retiro en tienda,3160,CERRADAS,Entregado,Entregado,TLV_NET_BREYESR,SIM,3 ago 2026,3 ago 2026,null,No,CERRADAS,2026-08-04 01:18:34,Monolínea,Mono_item,Lima - Callao,null
Lima - Callao,Netcall,1 ago 2026,15,902257924,9022579248041230213161,9283,Outbound,Venta Regular / Alta,RETIRO EN TIENDA,Retiro en tienda,7132,CERRADAS,Entregado,Entregado,NET_EMACHEROT,SIM,1 ago 2026,1 ago 2026,01/08/2026,Sí,CERRADAS,2026-08-01 16:36:55,Multilínea,Mono_item,Lima - Callao,59.90103
Lima - Callao,Netcall,3 ago 2026,16,902923962,9029239628047437483962,9283,Outbound,Portabilidad Postpago,RETIRO EN TIENDA,Retiro en tienda,3032,CERRADAS,Entregado,Entregado,NET_JCHAVEZPINT,SIM,3 ago 2026,3 ago 2026,null,No,CERRADAS,2026-08-04 01:04:29,Multilínea,Mono_item,Lima - Callao,null
Lima - Callao,Netcall,3 ago 2026,9,902785701,902785701,9283,Outbound,Portabilidad Postpago,EXPRESS,Logixtal,9001,CERRADAS,Entregado,Entregado,TLV_NET_APINTAD,SIM,3 ago 2026,3 ago 2026,null,No,CERRADAS,2026-08-04 00:17:37,Monolínea,Mono_item,Lima - Callao,null
Lima - Callao,Netcall,2 ago 2026,12,902524539,9025245398043914106004,9283,Outbound,Portabilidad Postpago,RETIRO EN TIENDA,Retiro en tienda,3162,CERRADAS,Entregado,Entregado,NET_AYROJASS,SIM,2 ago 2026,2 ago 2026,03/08/2026,Sí,CERRADAS,2026-08-03 01:06:24,Monolínea,Mono_item,Lima - Callao,29.95
Lima - Callao,Netcall,1 ago 2026,11,902186901,9021869018040559437641,9271,Outbound,Portabilidad Postpago,EXPRESS,Logixtal,9001,CERRADAS,Entregado,Entregado,NET_LGOMEZA,SIM,1 ago 2026,1 ago 2026,02/08/2026,Sí,CERRADAS,2026-08-02 02:00:48,Monolínea,Mono_item,Lima - Callao,29.95
Lima - Callao,Netcall,1 ago 2026,21,902349406,9023494068042181406782,9283,Outbound,Portabilidad Postpago,PROGRAMADO,Logixtal,9001,CANCELADAS,Anulado,PIN-PORTA NO LLEGA SMS,NET_JGUIOP,SIM,2 ago 2026,null,null,No,CANCELADAS,2026-08-03 16:05:18,Monolínea,Mono_item,Lima - Callao,null
Lima - Callao,Netcall,3 ago 2026,14,902885738,9028857388047043649662,9283,Outbound,Portabilidad Postpago,RETIRO EN TIENDA,Retiro en tienda,1023,ABIERTAS,Pendiente Entrega,Pendiente Entrega,TLV_NET_EBULNES,SIM,3 ago 2026,null,null,No,ABIERTAS,null,Monolínea,Mono_item,Lima - Callao,null
Lima - Callao,Netcall,3 ago 2026,16,902922817,9029228178047426475347,9283,Outbound,Venta Regular / Alta,RETIRO EN TIENDA,Retiro en tienda,3032,CERRADAS,Entregado,Entregado,NET_JCHAVEZPINT,SIM,3 ago 2026,3 ago 2026,03/08/2026,Sí,CERRADAS,2026-08-03 17:26:54,Multilínea,Mono_item,Lima - Callao,39.95
Lima - Callao,Netcall,1 ago 2026,18,902312301,9023123018041795257508,9271,Outbound,Portabilidad Postpago,EXPRESS,Logixtal,9001,ABIERTAS,Pendiente Entrega,Pendiente Entrega,NET_MCELISG,SIM,1 ago 2026,null,null,No,ABIERTAS,null,Multilínea,Mono_item,Lima - Callao,null
Lima - Callao,Netcall,1 ago 2026,15,902260875,9022608758041262631956,9283,Outbound,Portabilidad Postpago,RETIRO EN TIENDA,Retiro en tienda,3168,CERRADAS,Entregado,Entregado,NET_JSANGAMA,SIM,1 ago 2026,1 ago 2026,02/08/2026,Sí,CERRADAS,2026-08-02 01:33:23,Monolínea,Mono_item,Lima - Callao,39.95
Lima - Callao,Netcall,3 ago 2026,10,902808597,9028085978046323472405,9283,Outbound,Portabilidad Postpago,RETIRO EN TIENDA,Retiro en tienda,3032,ABIERTAS,Pendiente Entrega,Pendiente Entrega,NET_YPAREDESG,SIM,3 ago 2026,null,null,No,ABIERTAS,null,Monolínea,Mono_item,Lima - Callao,null
Lima - Callao,Netcall,1 ago 2026,9,902155313,9021553138040227119703,9283,Outbound,Portabilidad Postpago,EXPRESS,Logixtal,9001,CERRADAS,Entregado,Entregado,NET_ARIVERA,SIM,1 ago 2026,1 ago 2026,02/08/2026,Sí,CERRADAS,2026-08-02 00:57:21,Monolínea,Mono_item,Lima - Callao,39.95
Lima - Callao,Netcall,1 ago 2026,18,902310824,9023108248041778750705,9271,Outbound,Portabilidad Postpago,RETIRO EN TIENDA,Retiro en tienda,3151,CERRADAS,Entregado,Entregado,NET_CVASQUEZR,SIM,1 ago 2026,3 ago 2026,null,No,CERRADAS,2026-08-04 01:27:18,Multilínea,Mono_item,Lima - Callao,null
Lima - Callao,Netcall,3 ago 2026,13,902872514,902872514,9283,Outbound,Portabilidad Postpago,RETIRO EN TIENDA,Retiro en tienda,7100,CERRADAS,Entregado,Entregado,NET_JQUINECHEB,SIM,3 ago 2026,3 ago 2026,null,No,CERRADAS,2026-08-04 00:14:27,Monolínea,Mono_item,Lima - Callao,null
Lima - Callao,Netcall,1 ago 2026,11,902193538,9021935388040586229743,9271,Outbound,Portabilidad Postpago,EXPRESS,Logixtal,9001,CERRADAS,Entregado,Entregado,NET_MCELISG,SIM,1 ago 2026,1 ago 2026,02/08/2026,Sí,CERRADAS,2026-08-02 07:14:56,Multilínea,Mono_item,Lima - Callao,19.95
Lima - Callao,Netcall,3 ago 2026,12,902854481,9028544818046751520061,9271,Outbound,Portabilidad Postpago,EXPRESS,Logixtal,9001,ABIERTAS,Pendiente Entrega,Pendiente Entrega,NET_AREYNOSAC,SIM,3 ago 2026,null,null,No,ABIERTAS,null,Monolínea,Mono_item,Lima - Callao,null
Lima - Callao,Netcall,3 ago 2026,11,902835692,9028356928046562171705,9283,Outbound,Portabilidad Postpago,RETIRO EN TIENDA,Retiro en tienda,8018,CERRADAS,Entregado,Entregado,NET_SBENITOV,SIM,3 ago 2026,3 ago 2026,null,No,CERRADAS,2026-08-04 02:03:51,Monolínea,Mono_item,Lima - Callao,null
Lima - Callao,Netcall,3 ago 2026,10,902806921,902806921,9283,Outbound,Portabilidad Postpago,EXPRESS,Logixtal,9001,CERRADAS,Entregado,Entregado,TLV_NET_MLANDAR,SIM,3 ago 2026,3 ago 2026,null,No,CERRADAS,2026-08-04 00:08:35,Monolínea,Mono_item,Lima - Callao,null
Lima - Callao,Netcall,1 ago 2026,17,902298157,9022981578041654561181,9283,Outbound,Portabilidad Postpago,EXPRESS,Logixtal,9001,CANCELADAS,Anulado,DIRECCIÓN ERRADA,NET_GFLORESS,SIM,1 ago 2026,null,null,No,CANCELADAS,2026-08-01 19:12:47,Monolínea,Mono_item,Lima - Callao,null
Lima - Callao,Netcall,3 ago 2026,15,902899647,9028996478047196191523,9283,Outbound,Portabilidad Postpago,RETIRO EN TIENDA,Retiro en tienda,7105,CANCELADAS,Cancelado,Cancelado,NET_ECARRETEROH,SIM,3 ago 2026,null,null,No,CANCELADAS,2026-08-03 16:45:38,Multilínea,Mono_item,Lima - Callao,null
Lima - Callao,Netcall,1 ago 2026,15,902268750,9022687508041342570334,9271,Outbound,Portabilidad Postpago,RETIRO EN TIENDA,Retiro en tienda,5055,ABIERTAS,Pendiente Entrega,Pendiente Entrega,NET_CVASQUEZR,SIM,1 ago 2026,null,null,No,ABIERTAS,null,Monolínea,Mono_item,Lima - Callao,null
Lima - Callao,Netcall,3 ago 2026,16,902917664,9029176648047379434897,9271,Outbound,Portabilidad Postpago,RETIRO EN TIENDA,Retiro en tienda,3162,ABIERTAS,Pendiente Entrega,Pendiente Entrega,NET_CVASQUEZR,SIM,3 ago 2026,null,null,No,ABIERTAS,null,Monolínea,Mono_item,Lima - Callao,null
Lima - Callao,Netcall,3 ago 2026,9,902790386,9027903868046152285125,9283,Outbound,Portabilidad Postpago,EXPRESS,Logixtal,9001,CERRADAS,Entregado,Entregado,TLV_NET_EBULNES,SIM,3 ago 2026,3 ago 2026,null,No,CERRADAS,2026-08-04 01:41:28,Monolínea,Mono_item,Lima - Callao,null
Lima - Callao,Netcall,3 ago 2026,9,902783692,9027836928046091129304,9283,Outbound,Portabilidad Postpago,RETIRO EN TIENDA,Retiro en tienda,1013,CERRADAS,Entregado,Entregado,NET_GFLORESS,SIM,3 ago 2026,3 ago 2026,null,No,CERRADAS,2026-08-04 01:55:53,Monolínea,Mono_item,Lima - Callao,null
Lima - Callao,Netcall,3 ago 2026,11,902831420,9028314208046518858129,9283,Outbound,Portabilidad Postpago,RETIRO EN TIENDA,Retiro en tienda,3169,ABIERTAS,Pendiente Entrega,Pendiente Entrega,NET_TBECERRAC,SIM,3 ago 2026,null,null,No,ABIERTAS,null,Monolínea,Mono_item,Lima - Callao,null
Lima - Callao,Netcall,1 ago 2026,14,902241506,9022415068041065224544,9283,Outbound,Portabilidad Prepago,RETIRO EN TIENDA,Retiro en tienda,3168,CERRADAS,Entregado,Entregado,NET_JGUIOP,SIM,1 ago 2026,1 ago 2026,02/08/2026,Sí,CERRADAS,2026-08-02 00:39:28,Monolínea,Mono_item,Lima - Callao,39.95
Lima - Callao,Netcall,1 ago 2026,10,902171849,9021718498040378446311,9283,Outbound,Portabilidad Postpago,RETIRO EN TIENDA,Retiro en tienda,7105,ABIERTAS,Pendiente Entrega,Pendiente Entrega,NET_YPAREDESG,SIM,1 ago 2026,null,null,No,ABIERTAS,null,Monolínea,Mono_item,Lima - Callao,null
Lima - Callao,Netcall,1 ago 2026,13,902232622,9022326228040968388471,9271,Outbound,Portabilidad Postpago,RETIRO EN TIENDA,Retiro en tienda,8037,CANCELADAS,Cancelado,Cancelado,NET_DVILLAVERDM,SIM,1 ago 2026,null,null,No,CANCELADAS,2026-08-01 15:25:37,Multilínea,Mono_item,Lima - Callao,null
Lima - Callao,Netcall,3 ago 2026,13,902870585,9028705858046904945796,9283,Outbound,Portabilidad Postpago,EXPRESS,Logixtal,9001,CERRADAS,Entregado,Entregado,NET_LOPEZDI,SIM,3 ago 2026,3 ago 2026,null,No,CERRADAS,2026-08-04 00:50:01,Monolínea,Mono_item,Lima - Callao,null
Lima - Callao,Netcall,3 ago 2026,16,902916399,9029163998047369936785,9283,Outbound,Portabilidad Postpago,RETIRO EN TIENDA,Retiro en tienda,2113,CERRADAS,Entregado,Entregado,TLV_NET_AALVARE,SIM,3 ago 2026,3 ago 2026,null,No,CERRADAS,2026-08-04 03:13:29,Monolínea,Mono_item,Lima - Callao,null
Lima - Callao,Netcall,1 ago 2026,9,902161926,9021619268040294579618,9283,Outbound,Portabilidad Postpago,EXPRESS,Logixtal,9001,CERRADAS,Entregado,Entregado,NET_GMENDIGUETE,SIM,1 ago 2026,1 ago 2026,02/08/2026,Sí,CERRADAS,2026-08-02 00:31:31,Multilínea,Mono_item,Lima - Callao,39.95
Lima - Callao,Netcall,3 ago 2026,9,902786549,902786549,9283,Outbound,Portabilidad Postpago,RETIRO EN TIENDA,Retiro en tienda,1023,CERRADAS,Entregado,Entregado,NET_LMANRIQUED,SIM,3 ago 2026,3 ago 2026,null,No,CERRADAS,2026-08-04 00:39:12,Multilínea,Mono_item,Lima - Callao,null
Lima - Callao,Netcall,1 ago 2026,10,902166082,9021660828040328303318,9271,Outbound,Portabilidad Postpago,EXPRESS,Logixtal,9001,CERRADAS,Entregado,Entregado,NET_RMRAMIREZ,SIM,1 ago 2026,1 ago 2026,02/08/2026,Sí,CERRADAS,2026-08-02 00:42:09,Monolínea,Mono_item,Lima - Callao,29.95
Lima - Callao,Netcall,2 ago 2026,9,902487253,9024872538043607259295,9283,Outbound,Portabilidad Postpago,RETIRO EN TIENDA,Retiro en tienda,3168,CANCELADAS,Cancelado,Cancelado,NET_JGUIOP,SIM,2 ago 2026,null,null,No,CANCELADAS,2026-08-02 15:50:59,Multilínea,Mono_item,Lima - Callao,null
Lima - Callao,Netcall,1 ago 2026,13,902225629,9022256298040905918880,9283,Outbound,Portabilidad Postpago,RETIRO EN TIENDA,Retiro en tienda,2101,ABIERTAS,Pendiente Entrega,Pendiente Entrega,NET_RFIGUEROAR,SIM,1 ago 2026,null,null,No,ABIERTAS,null,Monolínea,Mono_item,Lima - Callao,null
Lima - Callao,Netcall,1 ago 2026,18,902316944,9023169448041837411273,9271,Outbound,Portabilidad Postpago,EXPRESS,Logixtal,9001,CANCELADAS,Anulado,ZONA PELIGROSA,NET_KANGELESS,SIM,1 ago 2026,null,null,No,CANCELADAS,2026-08-01 18:50:46,Monolínea,Mono_item,Lima - Callao,null
Lima - Callao,Netcall,3 ago 2026,10,902792932,902792932,9283,Outbound,Portabilidad Postpago,EXPRESS,Logixtal,9001,CERRADAS,Entregado,Entregado,TLV_NET_DVALOI,SIM,3 ago 2026,3 ago 2026,null,No,CERRADAS,2026-08-04 00:23:11,Monolínea,Mono_item,Lima - Callao,null
Lima - Callao,Netcall,1 ago 2026,9,902155181,9021551818040222961208,9283,Outbound,Portabilidad Postpago,EXPRESS,Logixtal,9001,CERRADAS,Entregado,Entregado,TLV_NET_BCHAVEZ,SIM,1 ago 2026,1 ago 2026,02/08/2026,Sí,CERRADAS,2026-08-02 00:58:24,Monolínea,Mono_item,Lima - Callao,39.95
Lima - Callao,Netcall,1 ago 2026,11,902191533,9021915338040570984853,9271,Outbound,Portabilidad Postpago,EXPRESS,Logixtal,9001,CERRADAS,Entregado,Entregado,NET_MCELISG,SIM,1 ago 2026,1 ago 2026,02/08/2026,Sí,CERRADAS,2026-08-02 00:26:24,Multilínea,Mono_item,Lima - Callao,19.95
Lima - Callao,Netcall,1 ago 2026,15,902266696,9022666968041322004547,9283,Outbound,Portabilidad Postpago,EXPRESS,Logixtal,9001,CERRADAS,Entregado,Entregado,NET_JPRADOP,SIM,1 ago 2026,1 ago 2026,02/08/2026,Sí,CERRADAS,2026-08-02 01:47:10,Multilínea,Mono_item,Lima - Callao,19.95
Lima - Callao,Netcall,1 ago 2026,15,902265588,9022655888041308091942,9283,Outbound,Portabilidad Postpago,EXPRESS,Logixtal,9001,CERRADAS,Entregado,Entregado,NET_JPRADOP,SIM,1 ago 2026,1 ago 2026,02/08/2026,Sí,CERRADAS,2026-08-02 06:27:24,Multilínea,Mono_item,Lima - Callao,39.95
Lima - Callao,Netcall,1 ago 2026,15,902266754,9022667548041324786104,9283,Outbound,Portabilidad Postpago,EXPRESS,Logixtal,9001,CANCELADAS,Anulado,CLIENTE DESISTE - NO BRINDA MOTIVOS,NET_LRUIZH,SIM,1 ago 2026,null,null,No,CANCELADAS,2026-08-01 17:13:22,Monolínea,Mono_item,Lima - Callao,null
Lima - Callao,Netcall,3 ago 2026,10,902796740,9027967408046207897494,9283,Outbound,Portabilidad Postpago,EXPRESS,Logixtal,9001,CERRADAS,Entregado,Entregado,NET_SBENITOV,SIM,3 ago 2026,3 ago 2026,null,No,CERRADAS,2026-08-04 03:34:54,Monolínea,Mono_item,Lima - Callao,null
Lima - Callao,Netcall,3 ago 2026,14,902887299,9028872998047062463396,9283,Outbound,Portabilidad Postpago,EXPRESS,Logixtal,9001,ABIERTAS,Pendiente Entrega,Pendiente Entrega,TLV_NET_MLANDAR,SIM,3 ago 2026,null,null,No,ABIERTAS,null,Monolínea,Mono_item,Lima - Callao,null
Lima - Callao,Netcall,1 ago 2026,11,902188643,9021886438040544325922,9271,Outbound,Portabilidad Postpago,RETIRO EN TIENDA,Retiro en tienda,7171,CERRADAS,Entregado,Entregado,TLV_NET_BREYESR,SIM,1 ago 2026,1 ago 2026,02/08/2026,Sí,CERRADAS,2026-08-02 01:09:36,Monolínea,Mono_item,Lima - Callao,39.95
Lima - Callao,Netcall,1 ago 2026,11,902188817,9021888178040544844320,9283,Outbound,Portabilidad Postpago,RETIRO EN TIENDA,Retiro en tienda,7132,CERRADAS,Entregado,Entregado,NET_EMACHEROT,SIM,1 ago 2026,1 ago 2026,02/08/2026,Sí,CERRADAS,2026-08-02 01:58:11,Multilínea,Mono_item,Lima - Callao,19.95
Lima - Callao,Netcall,3 ago 2026,12,902842449,902842449,9283,Outbound,Portabilidad Postpago,EXPRESS,Logixtal,9001,CERRADAS,Entregado,Entregado,NET_MORIHUELAQ,SIM,3 ago 2026,3 ago 2026,null,No,CERRADAS,2026-08-04 00:41:47,Monolínea,Mono_item,Lima - Callao,null
Lima - Callao,Netcall,3 ago 2026,12,902856835,902856835,9271,Outbound,Portabilidad Postpago,EXPRESS,Logixtal,9001,CERRADAS,Entregado,Entregado,NET_GHUAMANT,SIM,3 ago 2026,3 ago 2026,null,No,CERRADAS,2026-08-04 00:23:46,Monolínea,Mono_item,Lima - Callao,null
Lima - Callao,Netcall,1 ago 2026,10,902164225,9021642258040316579247,9283,Outbound,Portabilidad Postpago,RETIRO EN TIENDA,Retiro en tienda,3162,CANCELADAS,Cancelado,Cancelado,NET_AMILTONL,SIM,1 ago 2026,null,null,No,CANCELADAS,2026-08-02 17:05:16,Monolínea,Mono_item,Lima - Callao,null
Lima - Callao,Netcall,1 ago 2026,7,902101182,9021011828039919519807,9283,Outbound,Portabilidad Postpago,EXPRESS,Logixtal,9001,CANCELADAS,Anulado,PUNTO DE ENCUENTRO NO CONTACTADO,TLV_NET_MLANDAR,SIM,1 ago 2026,null,null,No,CANCELADAS,2026-08-03 13:24:54,Monolínea,Mono_item,Lima - Callao,null
Lima - Callao,Netcall,1 ago 2026,14,902255293,9022552938041204402805,9283,Outbound,Portabilidad Postpago,EXPRESS,Logixtal,9001,CERRADAS,Entregado,Entregado,NET_GFLORESS,SIM,1 ago 2026,1 ago 2026,02/08/2026,Sí,CERRADAS,2026-08-02 00:56:47,Monolínea,Mono_item,Lima - Callao,29.95
Lima - Callao,Netcall,1 ago 2026,15,902263952,9022639528041294214353,9283,Outbound,Portabilidad Postpago,RETIRO EN TIENDA,Retiro en tienda,3151,CERRADAS,Entregado,Entregado,NET_KYUPANQUIC,SIM,1 ago 2026,3 ago 2026,null,No,CERRADAS,2026-08-04 03:39:02,Monolínea,Mono_item,Lima - Callao,null
Lima - Callao,Netcall,3 ago 2026,16,902917806,9029178068047377883960,9271,Outbound,Portabilidad Postpago,EXPRESS,Logixtal,9001,CERRADAS,Entregado,Entregado,NET_MRUIZSANCHC,SIM,3 ago 2026,3 ago 2026,null,No,CERRADAS,2026-08-04 01:34:14,Monolínea,Mono_item,Lima - Callao,null
Lima - Callao,Netcall,1 ago 2026,15,902263568,9022635688041291400625,9283,Outbound,Portabilidad Postpago,EXPRESS,Logixtal,9001,CERRADAS,Entregado,Entregado,NET_JPRADOP,SIM,1 ago 2026,1 ago 2026,02/08/2026,Sí,CERRADAS,2026-08-02 01:56:43,Multilínea,Mono_item,Lima - Callao,19.95
Lima - Callao,Netcall,3 ago 2026,11,902835899,9028358998046566847918,9283,Outbound,Portabilidad Postpago,EXPRESS,Logixtal,9001,CANCELADAS,Anulado,PIN PORTA_NO VALIDO,TLV_NET_RSORIAH,SIM,3 ago 2026,null,null,No,CANCELADAS,2026-08-03 12:21:00,Monolínea,Mono_item,Lima - Callao,null
Lima - Callao,Netcall,2 ago 2026,9,902487695,9024876958043612570760,9283,Outbound,Portabilidad Postpago,RETIRO EN TIENDA,Retiro en tienda,3220,CERRADAS,Entregado,Entregado,NET_JGUIOP,SIM,2 ago 2026,2 ago 2026,03/08/2026,Sí,CERRADAS,2026-08-03 00:31:57,Monolínea,Mono_item,Lima - Callao,29.95
Lima - Callao,Netcall,4 ago 2026,8,903198048,903198048Empty,9271,Outbound,Portabilidad Postpago,EXPRESS,Logixtal,9001,ABIERTAS,Pendiente Entrega,Pendiente Entrega,NET_BATOP,SIM,4 ago 2026,null,null,No,ABIERTAS,null,Monolínea,Mono_item,Lima - Callao,null
Lima - Callao,Netcall,3 ago 2026,9,902785192,9027851928046104407594,9283,Outbound,Venta Regular / Alta,RETIRO EN TIENDA,Retiro en tienda,1023,CERRADAS,Entregado,Entregado,NET_LMANRIQUED,SIM,3 ago 2026,3 ago 2026,03/08/2026,Sí,CERRADAS,2026-08-03 11:15:40,Multilínea,Mono_item,Lima - Callao,29.95
Lima - Callao,Netcall,1 ago 2026,13,902233214,9022332148040972495730,9259,Outbound,Portabilidad Postpago,EXPRESS,Logixtal,9001,CANCELADAS,Anulado,DIRECCIÓN ERRADA,TLV_NET_MRONCAL,SIM,1 ago 2026,null,null,No,CANCELADAS,2026-08-01 14:27:23,Monolínea,Mono_item,Lima - Callao,null
Lima - Callao,Netcall,1 ago 2026,16,902276283,9022762838041427533111,9283,Outbound,Portabilidad Postpago,RETIRO EN TIENDA,Retiro en tienda,2101,CERRADAS,Entregado,Entregado,TLV_NET_GCUEVAC,SIM,1 ago 2026,1 ago 2026,02/08/2026,Sí,CERRADAS,2026-08-02 01:12:48,Multilínea,Multi_item,Lima - Callao,39.95
Lima - Callao,Netcall,2 ago 2026,6,902403382,9024033828043151376221,9283,Outbound,Portabilidad Postpago,RETIRO EN TIENDA,Retiro en tienda,2101,CERRADAS,Entregado,Entregado,NET_GMENDIGUETE,SIM,2 ago 2026,2 ago 2026,03/08/2026,Sí,CERRADAS,2026-08-03 00:45:06,Monolínea,Mono_item,Lima - Callao,19.95
Lima - Callao,Netcall,3 ago 2026,10,902801175,9028011758046254884724,9283,Outbound,Portabilidad Postpago,EXPRESS,Logixtal,9001,ABIERTAS,Entregado,Entregado,NET_YUCEDAB,SIM,3 ago 2026,3 ago 2026,null,No,ABIERTAS,null,Multilínea,Mono_item,Lima - Callao,null
Lima - Callao,Netcall,3 ago 2026,13,902864037,9028640378046840905643,9283,Outbound,Portabilidad Postpago,RETIRO EN TIENDA,Retiro en tienda,3168,CERRADAS,Entregado,Entregado,NET_GMENDIGUETE,SIM,3 ago 2026,3 ago 2026,null,No,CERRADAS,2026-08-04 02:31:07,Monolínea,Mono_item,Lima - Callao,null
Lima - Callao,Netcall,1 ago 2026,10,902181141,9021811418040475569874,9283,Outbound,Portabilidad Postpago,RETIRO EN TIENDA,Retiro en tienda,3160,CERRADAS,Entregado,Entregado,NET_NRUBIOMARCO,SIM,1 ago 2026,1 ago 2026,02/08/2026,Sí,CERRADAS,2026-08-02 01:56:05,Monolínea,Mono_item,Lima - Callao,29.95
Lima - Callao,Netcall,1 ago 2026,12,902219476,9022194768040844794221,9283,Outbound,Portabilidad Postpago,RETIRO EN TIENDA,Retiro en tienda,3220,CERRADAS,Entregado,Entregado,NET_MGONZALESPE,SIM,1 ago 2026,1 ago 2026,02/08/2026,Sí,CERRADAS,2026-08-02 01:53:35,Monolínea,Mono_item,Lima - Callao,29.95
Lima - Callao,Netcall,1 ago 2026,9,902162716,9021627168040301081277,9283,Outbound,Portabilidad Prepago,EXPRESS,Logixtal,9001,CERRADAS,Entregado,Entregado,NET_GMENDIGUETE,SIM,1 ago 2026,1 ago 2026,02/08/2026,Sí,CERRADAS,2026-08-02 01:39:33,Multilínea,Mono_item,Lima - Callao,19.95
Lima - Callao,Netcall,3 ago 2026,10,902800004,902800004,9283,Outbound,Portabilidad Postpago,EXPRESS,Logixtal,9001,CERRADAS,Entregado,Entregado,NET_YUCEDAB,SIM,3 ago 2026,3 ago 2026,null,No,CERRADAS,2026-08-04 00:37:56,Multilínea,Mono_item,Lima - Callao,null
Lima - Callao,Netcall,1 ago 2026,18,902315725,9023157258041827299684,9271,Outbound,Portabilidad Postpago,RETIRO EN TIENDA,Retiro en tienda,3151,CERRADAS,Entregado,Entregado,NET_CVASQUEZR,SIM,1 ago 2026,3 ago 2026,null,No,CERRADAS,2026-08-04 01:58:16,Multilínea,Mono_item,Lima - Callao,null
Lima - Callao,Netcall,1 ago 2026,8,902136029,9021360298040100983728,9283,Outbound,Portabilidad Postpago,EXPRESS,Logixtal,9001,CERRADAS,Entregado,Entregado,NET_GFLORESS,SIM,1 ago 2026,1 ago 2026,02/08/2026,Sí,CERRADAS,2026-08-02 01:08:17,Multilínea,Multi_item,Lima - Callao,19.95
Lima - Callao,Netcall,1 ago 2026,16,902280161,9022801618041468048910,9271,Outbound,Portabilidad Postpago,RETIRO EN TIENDA,Retiro en tienda,3162,CERRADAS,Entregado,Entregado,TLV_NET_BREYESR,SIM,1 ago 2026,1 ago 2026,02/08/2026,Sí,CERRADAS,2026-08-02 00:07:49,Multilínea,Mono_item,Lima - Callao,19.95
Lima - Callao,Netcall,3 ago 2026,16,902916166,9029161668047365739638,9283,Outbound,Venta Regular / Alta,RETIRO EN TIENDA,Retiro en tienda,7171,ABIERTAS,Pendiente Entrega,Pendiente Entrega,NET_YCASTILLOO,SIM,3 ago 2026,null,null,No,ABIERTAS,null,Monolínea,Mono_item,Lima - Callao,null
Lima - Callao,Netcall,1 ago 2026,19,902329188,9023291888041965308369,9271,Outbound,Venta Regular / Alta,RETIRO EN TIENDA,Retiro en tienda,3158,ABIERTAS,Pendiente Entrega,Pendiente Entrega,TLV_NET_MAYALAM,SIM,1 ago 2026,null,null,No,ABIERTAS,null,Monolínea,Mono_item,Lima - Callao,null
Lima - Callao,Netcall,1 ago 2026,14,902254872,9022548728041193243992,9283,Outbound,Portabilidad Postpago,RETIRO EN TIENDA,Retiro en tienda,6036,CANCELADAS,Cancelado,Cancelado,TLV_NET_OCCONA,SIM,1 ago 2026,null,null,No,CANCELADAS,2026-08-01 19:08:58,Multilínea,Mono_item,Lima - Callao,null
Leoncio Prado,Netcall,1 ago 2026,9,902152542,9021525428040201387489,9283,Outbound,Portabilidad Postpago,RETIRO EN TIENDA,Retiro en tienda,3139,CANCELADAS,Cancelado,Cancelado,NET_LFLORESY,SIM,1 ago 2026,null,null,No,CANCELADAS,2026-08-01 10:07:13,Multilínea,Mono_item,Huanuco,null
Leoncio Prado,Netcall,1 ago 2026,14,902251318,9022513188041156628818,9283,Outbound,Portabilidad Postpago,RETIRO EN TIENDA,Retiro en tienda,3139,CANCELADAS,Cancelado,Cancelado,NET_AUCEDAENEQU,SIM,1 ago 2026,null,null,No,CANCELADAS,2026-08-03 18:26:30,Monolínea,Mono_item,Huanuco,null
Leoncio Prado,Netcall,1 ago 2026,9,902150944,9021509448040191003322,9283,Outbound,Portabilidad Postpago,RETIRO EN TIENDA,Retiro en tienda,3139,CANCELADAS,Cancelado,Cancelado,NET_LFLORESY,SIM,1 ago 2026,null,null,No,CANCELADAS,2026-08-01 10:02:48,Multilínea,Mono_item,Huanuco,null
Leoncio Prado,Netcall,3 ago 2026,18,902970525,902970525,9283,Outbound,Portabilidad Postpago,RETIRO EN TIENDA,Retiro en tienda,3139,CERRADAS,Entregado,Entregado,NET_ARIVERA,SIM,3 ago 2026,3 ago 2026,null,No,CERRADAS,2026-08-04 00:38:55,Monolínea,Mono_item,Huanuco,null
Leoncio Prado,Netcall,1 ago 2026,9,902151928,9021519288040194237683,9283,Outbound,Portabilidad Postpago,RETIRO EN TIENDA,Retiro en tienda,3139,CANCELADAS,Cancelado,Cancelado,NET_LFLORESY,SIM,1 ago 2026,null,null,No,CANCELADAS,2026-08-01 10:12:19,Multilínea,Mono_item,Huanuco,null
Leoncio Prado,Netcall,1 ago 2026,10,902175213,9021752138040408491971,9283,Outbound,Portabilidad Postpago,RETIRO EN TIENDA,Retiro en tienda,3139,ABIERTAS,Pendiente Entrega,Pendiente Entrega,NET_HEULOGIO,SIM,1 ago 2026,null,null,No,ABIERTAS,null,Monolínea,Mono_item,Huanuco,null
Leoncio Prado,Netcall,3 ago 2026,12,902845814,9028458148046658908697,9283,Outbound,Portabilidad Postpago,RETIRO EN TIENDA,Retiro en tienda,3139,CERRADAS,Entregado,Entregado,NET_YMILLA,SIM,3 ago 2026,3 ago 2026,null,No,CERRADAS,2026-08-04 01:54:12,Monolínea,Mono_item,Huanuco,null
Las Lomas,Netcall,3 ago 2026,12,902838950,9028389508046595390380,9283,Outbound,Portabilidad Postpago,PROGRAMADO,Logixtal,5021,ABIERTAS,Pendiente Entrega,Pendiente Entrega,NET_MCGARCIAG,SIM,10 ago 2026,null,null,No,ABIERTAS,null,Monolínea,Mono_item,Piura,null
Lambayeque,Netcall,3 ago 2026,11,902836535,9028365358046570681397,9283,Outbound,Portabilidad Postpago,RETIRO EN TIENDA,Retiro en tienda,1003,CANCELADAS,Cancelado,Cancelado,NET_JQUINECHEB,SIM,3 ago 2026,null,null,No,CANCELADAS,2026-08-03 17:05:25,Monolínea,Mono_item,Lambayeque,null
Lambayeque,Netcall,3 ago 2026,18,902980274,9029802748047992360323,9271,Outbound,Venta Regular / Alta,RETIRO EN TIENDA,Retiro en tienda,1003,ABIERTAS,Pendiente Entrega,Pendiente Entrega,NET_VAQUINOC,SIM,3 ago 2026,null,null,No,ABIERTAS,null,Multilínea,Mono_item,Lambayeque,null
Lambayeque,Netcall,1 ago 2026,11,902195174,9021951748040604548969,9283,Outbound,Portabilidad Postpago,RETIRO EN TIENDA,Retiro en tienda,1003,CERRADAS,Entregado,Entregado,NET_SSALAZARV,SIM,1 ago 2026,3 ago 2026,null,No,CERRADAS,2026-08-04 01:26:11,Monolínea,Mono_item,Lambayeque,null
Lambayeque,Netcall,3 ago 2026,18,902978395,9029783958047973300302,9271,Outbound,Portabilidad Postpago,RETIRO EN TIENDA,Retiro en tienda,1003,CANCELADAS,Cancelado,Cancelado,NET_VAQUINOC,SIM,3 ago 2026,null,null,No,CANCELADAS,2026-08-03 19:16:23,Multilínea,Mono_item,Lambayeque,null
Lambayeque,Netcall,1 ago 2026,15,902271406,9022714068041376522106,9283,Outbound,Portabilidad Postpago,RETIRO EN TIENDA,Retiro en tienda,1003,CERRADAS,Entregado,Entregado,NET_MHUAPAYAQ,SIM,1 ago 2026,1 ago 2026,02/08/2026,Sí,CERRADAS,2026-08-02 01:18:23,Monolínea,Mono_item,Lambayeque,29.95
Lambayeque,Netcall,3 ago 2026,15,902905623,9029056238047257106339,9271,Outbound,Portabilidad Postpago,PROGRAMADO,Logixtal,5024,ABIERTAS,Pendiente Entrega,Pendiente Entrega,NET_RDULANTORO,SIM,6 ago 2026,null,null,No,ABIERTAS,null,Monolínea,Mono_item,Lambayeque,null
Lambayeque,Netcall,1 ago 2026,12,902212200,9022122008040763900940,9283,Outbound,Portabilidad Postpago,RETIRO EN TIENDA,Retiro en tienda,7126,CANCELADAS,Cancelado,Cancelado,TLV_NET_DVALOI,SIM,1 ago 2026,null,null,No,CANCELADAS,2026-08-01 16:54:12,Monolínea,Mono_item,Lambayeque,null
Lambayeque,Netcall,3 ago 2026,14,902894835,9028948358047147342075,9283,Outbound,Portabilidad Postpago,RETIRO EN TIENDA,Retiro en tienda,8014,ABIERTAS,Pendiente Entrega,Pendiente Entrega,NET_SSOTOM,SIM,3 ago 2026,null,null,No,ABIERTAS,null,Monolínea,Mono_item,Lambayeque,null
Lambayeque,Netcall,1 ago 2026,9,902158006,9021580068040254889865,9283,Outbound,Portabilidad Postpago,PROGRAMADO,Logixtal,5024,ABIERTAS,Pendiente Entrega,Pendiente Entrega,NET_YRUEDAMONDR,SIM,6 ago 2026,null,null,No,ABIERTAS,null,Monolínea,Mono_item,Lambayeque,null
Lambayeque,Netcall,3 ago 2026,16,902930418,9029304188047496600527,9283,Outbound,Portabilidad Postpago,RETIRO EN TIENDA,Retiro en tienda,8014,ABIERTAS,Pendiente Entrega,Pendiente Entrega,NET_CBIELICHR,SIM,3 ago 2026,null,null,No,ABIERTAS,null,Monolínea,Mono_item,Lambayeque,null
La Victoria,Netcall,3 ago 2026,18,902971882,9029718828047919458961,9271,Outbound,Portabilidad Postpago,PROGRAMADO,Logixtal,5024,ABIERTAS,Pendiente Entrega,Pendiente Entrega,NET_DOLIDENC,SIM,4 ago 2026,null,null,No,ABIERTAS,null,Monolínea,Mono_item,Lambayeque,null
La Victoria,Netcall,2 ago 2026,7,902435061,9024350618043331821763,9283,Outbound,Portabilidad Postpago,PROGRAMADO,Logixtal,9001,ABIERTAS,Pendiente Entrega,Pendiente Entrega,NET_EBOZA,SIM,4 ago 2026,null,null,No,ABIERTAS,null,Monolínea,Mono_item,Lima - Callao,null
La Victoria,Netcall,1 ago 2026,15,902269468,902269468,9283,Outbound,Portabilidad Postpago,EXPRESS,Logixtal,5024,CERRADAS,Entregado,Entregado,NET_LCALDERONC,SIM,1 ago 2026,3 ago 2026,null,No,CERRADAS,2026-08-04 00:34:58,Monolínea,Mono_item,Lambayeque,null
La Victoria,Netcall,3 ago 2026,16,902922335,9029223358047418672387,9283,Outbound,Portabilidad Postpago,PROGRAMADO,Logixtal,9001,ABIERTAS,Pendiente Entrega,Pendiente Entrega,NET_GGUTIERREZM,SIM,4 ago 2026,null,null,No,ABIERTAS,null,Multilínea,Mono_item,Lima - Callao,null
La Victoria,Netcall,1 ago 2026,11,902185185,9021851858040511879247,9283,Outbound,Portabilidad Postpago,EXPRESS,Logixtal,9001,CERRADAS,Entregado,Entregado,NET_LALARCONP,SIM,1 ago 2026,1 ago 2026,02/08/2026,Sí,CERRADAS,2026-08-02 00:29:42,Monolínea,Mono_item,Lima - Callao,29.95
La Victoria,Netcall,1 ago 2026,11,902193025,9021930258040578868098,9283,Outbound,Portabilidad Postpago,EXPRESS,Logixtal,9001,CERRADAS,Entregado,Entregado,NET_SDIAZO,SIM,1 ago 2026,1 ago 2026,03/08/2026,Sí,CERRADAS,2026-08-03 10:51:24,Multilínea,Multi_item,Lima - Callao,19.95
La Victoria,Netcall,3 ago 2026,16,902920962,9029209628047409343476,9283,Outbound,Portabilidad Postpago,PROGRAMADO,Logixtal,9001,ABIERTAS,Pendiente Entrega,Pendiente Entrega,NET_GGUTIERREZM,SIM,4 ago 2026,null,null,No,ABIERTAS,null,Multilínea,Mono_item,Lima - Callao,null
La Victoria,Netcall,2 ago 2026,11,902517741,9025177418043861478397,9283,Outbound,Portabilidad Postpago,PROGRAMADO,Logixtal,9001,CERRADAS,Entregado,Entregado,NET_ADOMINGUEZF,SIM,3 ago 2026,3 ago 2026,null,No,CERRADAS,2026-08-04 01:25:08,Multilínea,Mono_item,Lima - Callao,null
La Victoria,Netcall,1 ago 2026,9,902152646,9021526468040209393887,9271,Outbound,Portabilidad Postpago,EXPRESS,Logixtal,9001,CERRADAS,Entregado,Entregado,NET_PHUAMANM,SIM,1 ago 2026,1 ago 2026,02/08/2026,Sí,CERRADAS,2026-08-02 01:57:10,Monolínea,Mono_item,Lima - Callao,29.95
La Victoria,Netcall,3 ago 2026,13,902878565,902878565,9283,Outbound,Portabilidad Postpago,EXPRESS,Logixtal,9001,CERRADAS,Entregado,Entregado,NET_ARIOST,SIM,3 ago 2026,3 ago 2026,null,No,CERRADAS,2026-08-04 00:22:12,Monolínea,Mono_item,Lima - Callao,null
La Victoria,Netcall,1 ago 2026,16,902276084,9022760848041426340325,9283,Outbound,Portabilidad Postpago,EXPRESS,Logixtal,5024,CERRADAS,Entregado,Entregado,TLV_NET_RSORIAH,SIM,1 ago 2026,1 ago 2026,02/08/2026,Sí,CERRADAS,2026-08-02 02:04:15,Monolínea,Mono_item,Lambayeque,29.95
La Victoria,Netcall,2 ago 2026,10,902500114,9025001148043715488519,9283,Outbound,Venta Regular / Alta,EXPRESS,Logixtal,9001,CANCELADAS,Anulado,CLIENTE YA NO DESEA PRODUCTO,NET_MMREVILLA,SIM,2 ago 2026,null,null,No,CANCELADAS,2026-08-02 12:51:17,Monolínea,Mono_item,Lima - Callao,null
La Victoria,Netcall,3 ago 2026,11,902833012,9028330128046535947933,9283,Outbound,Portabilidad Postpago,PROGRAMADO,Logixtal,5024,ABIERTAS,Pendiente Entrega,Pendiente Entrega,NET_KAGRAMONTEM,SIM,4 ago 2026,null,null,No,ABIERTAS,null,Monolínea,Mono_item,Lambayeque,null
La Victoria,Netcall,1 ago 2026,9,902161383,9021613838040298253473,9283,Outbound,Portabilidad Postpago,PROGRAMADO,Logixtal,9001,CERRADAS,Entregado,Entregado,NET_LCASTILLORI,SIM,2 ago 2026,2 ago 2026,03/08/2026,Sí,CERRADAS,2026-08-03 00:50:45,Monolínea,Mono_item,Lima - Callao,34.95
La Victoria,Netcall,3 ago 2026,10,902792538,9027925388046177532985,9283,Outbound,Portabilidad Postpago,EXPRESS,Logixtal,9001,CERRADAS,Entregado,Entregado,NET_JVMORENO,SIM,3 ago 2026,3 ago 2026,null,No,CERRADAS,2026-08-04 00:55:56,Monolínea,Mono_item,Lima - Callao,null
La Victoria,Netcall,1 ago 2026,12,902204084,9022040848040690251738,9271,Outbound,Portabilidad Postpago,EXPRESS,Logixtal,5024,CERRADAS,Entregado,Entregado,NET_GVELASQUEZA,SIM,1 ago 2026,1 ago 2026,02/08/2026,Sí,CERRADAS,2026-08-02 00:46:19,Monolínea,Mono_item,Lambayeque,29.95
La Victoria,Netcall,1 ago 2026,9,902150640,9021506408040189514394,9283,Outbound,Portabilidad Postpago,EXPRESS,Logixtal,9001,CERRADAS,Entregado,Entregado,NET_LCALDERONC,SIM,1 ago 2026,1 ago 2026,02/08/2026,Sí,CERRADAS,2026-08-02 00:10:50,Monolínea,Mono_item,Lima - Callao,29.95
La Victoria,Netcall,3 ago 2026,13,902860456,9028604568046810547666,9283,Outbound,Portabilidad Postpago,EXPRESS,Logixtal,9001,CANCELADAS,Entregado,Entregado,NET_GLOPEZF,SIM,3 ago 2026,3 ago 2026,null,No,CANCELADAS,2026-08-03 22:07:22,Monolínea,Mono_item,Lima - Callao,null
La Victoria,Netcall,3 ago 2026,14,902887497,9028874978047063588754,9283,Outbound,Venta Regular / Alta,EXPRESS,Logixtal,9001,CERRADAS,Entregado,Entregado,TLV_NET_YQUITOV,SIM,3 ago 2026,3 ago 2026,03/08/2026,Sí,CERRADAS,2026-08-03 18:23:58,Monolínea,Mono_item,Lima - Callao,39.9
La Victoria,Netcall,1 ago 2026,11,902193025,9021930258040578864878,9283,Outbound,Portabilidad Postpago,EXPRESS,Logixtal,9001,CERRADAS,Entregado,Entregado,NET_SDIAZO,SIM,1 ago 2026,1 ago 2026,03/08/2026,Sí,CERRADAS,2026-08-03 10:51:24,Multilínea,Multi_item,Lima - Callao,39.95
La Victoria,Netcall,1 ago 2026,13,902227122,9022271228040915300219,9283,Outbound,Portabilidad Postpago,PROGRAMADO,Logixtal,5024,ABIERTAS,Pendiente Entrega,Pendiente Entrega,NET_KBRACOV,SIM,3 ago 2026,null,null,No,ABIERTAS,null,Monolínea,Mono_item,Lambayeque,null
La Victoria,Netcall,1 ago 2026,11,902193025,9021930258040578864659,9283,Outbound,Portabilidad Postpago,EXPRESS,Logixtal,9001,CERRADAS,Entregado,Entregado,NET_SDIAZO,SIM,1 ago 2026,1 ago 2026,03/08/2026,Sí,CERRADAS,2026-08-03 10:51:24,Multilínea,Multi_item,Lima - Callao,19.95
La Victoria,Netcall,1 ago 2026,15,902261122,9022611228041270145778,9283,Outbound,Portabilidad Postpago,EXPRESS,Logixtal,5024,CERRADAS,Entregado,Entregado,NET_SCAVEROC,SIM,1 ago 2026,1 ago 2026,02/08/2026,Sí,CERRADAS,2026-08-02 02:00:46,Monolínea,Mono_item,Lambayeque,29.95
La Victoria,Netcall,1 ago 2026,16,902285849,9022858498041529644392,9271,Outbound,Portabilidad Postpago,EXPRESS,Logixtal,9001,CERRADAS,Entregado,Entregado,NET_GDJULCAT,SIM,1 ago 2026,1 ago 2026,02/08/2026,Sí,CERRADAS,2026-08-02 01:42:55,Monolínea,Mono_item,Lima - Callao,29.95
La Victoria,Netcall,1 ago 2026,12,902218748,9022187488040849930814,9283,Outbound,Portabilidad Prepago,EXPRESS,Logixtal,9001,CERRADAS,Entregado,Entregado,NET_GVILELAR,SIM,1 ago 2026,2 ago 2026,03/08/2026,Sí,CERRADAS,2026-08-03 01:24:38,Monolínea,Mono_item,Lima - Callao,29.95
La Victoria,Netcall,1 ago 2026,11,902193025,9021930258040578864440,9283,Outbound,Portabilidad Postpago,EXPRESS,Logixtal,9001,CERRADAS,Entregado,Entregado,NET_SDIAZO,SIM,1 ago 2026,1 ago 2026,03/08/2026,Sí,CERRADAS,2026-08-03 10:51:24,Multilínea,Multi_item,Lima - Callao,19.95
La Victoria,Netcall,3 ago 2026,14,902893747,9028937478047136553068,9283,Outbound,Portabilidad Postpago,EXPRESS,Logixtal,9001,CERRADAS,Entregado,Entregado,NET_SAVILAC,SIM,3 ago 2026,3 ago 2026,null,No,CERRADAS,2026-08-04 01:04:57,Monolínea,Mono_item,Lima - Callao,null
La Victoria,Netcall,3 ago 2026,12,902844952,9028449528046652642798,9283,Outbound,Portabilidad Postpago,EXPRESS,Logixtal,5024,CERRADAS,Entregado,Entregado,NET_LTAMAYOD,SIM,3 ago 2026,3 ago 2026,null,No,CERRADAS,2026-08-04 01:09:11,Monolínea,Mono_item,Lambayeque,null
La Victoria,Netcall,1 ago 2026,10,902168278,9021682788040343686634,9283,Outbound,Portabilidad Postpago,PROGRAMADO,Logixtal,9001,CERRADAS,Entregado,Entregado,NET_JVELASQUEZS,SIM,2 ago 2026,2 ago 2026,03/08/2026,Sí,CERRADAS,2026-08-03 01:02:24,Monolínea,Mono_item,Lima - Callao,29.95
La Victoria,Netcall,2 ago 2026,11,902516480,902516480,9283,Outbound,Portabilidad Postpago,PROGRAMADO,Logixtal,9001,CERRADAS,Entregado,Entregado,NET_ADOMINGUEZF,SIM,3 ago 2026,3 ago 2026,null,No,CERRADAS,2026-08-04 00:42:17,Multilínea,Mono_item,Lima - Callao,null
La Victoria,Netcall,3 ago 2026,11,902825525,9028255258046459395403,9283,Outbound,Portabilidad Postpago,EXPRESS,Logixtal,9001,CERRADAS,Entregado,Entregado,NET_SINGAC,SIM,3 ago 2026,3 ago 2026,null,No,CERRADAS,2026-08-04 03:38:45,Monolínea,Mono_item,Lima - Callao,null
La Union,Netcall,1 ago 2026,10,902168353,9021683538040343974621,9271,Outbound,Portabilidad Postpago,PROGRAMADO,Logixtal,5021,ABIERTAS,Pendiente Entrega,Pendiente Entrega,NET_BATOP,SIM,5 ago 2026,null,null,No,ABIERTAS,null,Monolínea,Mono_item,Piura,null
La Union,Netcall,3 ago 2026,15,902899764,9028997648047196473886,9283,Outbound,Portabilidad Postpago,PROGRAMADO,Logixtal,5021,ABIERTAS,Pendiente Entrega,Pendiente Entrega,NET_ELAURAQ,SIM,5 ago 2026,null,null,No,ABIERTAS,null,Monolínea,Mono_item,Piura,null
La Tinguiña,Netcall,3 ago 2026,18,902961899,9029618998047802478004,9283,Outbound,Portabilidad Postpago,PROGRAMADO,Logixtal,9345,ABIERTAS,Pendiente Entrega,Pendiente Entrega,NET_JCORONADOC,SIM,4 ago 2026,null,null,No,ABIERTAS,null,Multilínea,Mono_item,Ica,null
La Tinguiña,Netcall,3 ago 2026,13,902877403,9028774038046963564155,9271,Outbound,Portabilidad Postpago,EXPRESS,Logixtal,9345,ABIERTAS,Entregado,Entregado,NET_RMRAMIREZ,SIM,3 ago 2026,3 ago 2026,null,No,ABIERTAS,null,Multilínea,Multi_item,Ica,null
La Tinguiña,Netcall,3 ago 2026,13,902877403,9028774038046963564374,9271,Outbound,Portabilidad Postpago,EXPRESS,Logixtal,9345,ABIERTAS,Entregado,Entregado,NET_RMRAMIREZ,SIM,3 ago 2026,3 ago 2026,null,No,ABIERTAS,null,Multilínea,Multi_item,Ica,null
La Tinguiña,Netcall,3 ago 2026,18,902960479,9029604798047787836009,9283,Outbound,Portabilidad Postpago,PROGRAMADO,Logixtal,9345,ABIERTAS,Pendiente Entrega,Pendiente Entrega,NET_JCORONADOC,SIM,4 ago 2026,null,null,No,ABIERTAS,null,Multilínea,Mono_item,Ica,null
La Tinguiña,Netcall,3 ago 2026,13,902877403,9028774038046963557936,9271,Outbound,Portabilidad Postpago,EXPRESS,Logixtal,9345,ABIERTAS,Entregado,Entregado,NET_RMRAMIREZ,SIM,3 ago 2026,3 ago 2026,null,No,ABIERTAS,null,Multilínea,Multi_item,Ica,null
La Perla,Netcall,1 ago 2026,13,902225134,9022251348040893193553,9283,Outbound,Portabilidad Postpago,EXPRESS,Logixtal,9001,CERRADAS,Entregado,Entregado,NET_GGUTIERREZM,SIM,1 ago 2026,1 ago 2026,02/08/2026,Sí,CERRADAS,2026-08-02 01:29:51,Monolínea,Mono_item,Lima - Callao,34.95
La Perla,Netcall,3 ago 2026,10,902794095,902794095,9283,Outbound,Portabilidad Postpago,EXPRESS,Logixtal,9001,CERRADAS,Entregado,Entregado,TLV_NET_BCHAVEZ,SIM,3 ago 2026,3 ago 2026,null,No,CERRADAS,2026-08-04 00:27:10,Monolínea,Mono_item,Lima - Callao,null
La Perla,Netcall,3 ago 2026,18,902972965,9029729658047922519155,9283,Outbound,Portabilidad Postpago,PROGRAMADO,Logixtal,9001,ABIERTAS,Pendiente Entrega,Pendiente Entrega,NET_TVASQUEZANG,SIM,4 ago 2026,null,null,No,ABIERTAS,null,Monolínea,Mono_item,Lima - Callao,null
La Molina,Netcall,3 ago 2026,12,902844065,902844065,9283,Outbound,Portabilidad Postpago,EXPRESS,Logixtal,9001,CERRADAS,Entregado,Entregado,NET_RTORRESB,SIM,3 ago 2026,3 ago 2026,null,No,CERRADAS,2026-08-04 00:38:21,Multilínea,Mono_item,Lima - Callao,null
La Molina,Netcall,1 ago 2026,17,902293129,9022931298041601807754,9283,Outbound,Portabilidad Postpago,PROGRAMADO,Logixtal,9001,CERRADAS,Entregado,Entregado,NET_ECASTILLOH,SIM,3 ago 2026,3 ago 2026,null,No,CERRADAS,2026-08-04 03:11:57,Multilínea,Mono_item,Lima - Callao,null
La Molina,Netcall,1 ago 2026,17,902292181,9022921818041587920786,9283,Outbound,Venta Regular / Alta,PROGRAMADO,Logixtal,9001,CERRADAS,Entregado,Entregado,NET_ECASTILLOH,SIM,3 ago 2026,3 ago 2026,03/08/2026,Sí,CERRADAS,2026-08-03 13:02:52,Multilínea,Mono_item,Lima - Callao,29.95
La Molina,Netcall,3 ago 2026,12,902842707,902842707,9283,Outbound,Portabilidad Postpago,EXPRESS,Logixtal,9001,CERRADAS,Entregado,Entregado,NET_RTORRESB,SIM,3 ago 2026,3 ago 2026,null,No,CERRADAS,2026-08-04 00:19:03,Multilínea,Mono_item,Lima - Callao,null
La Molina,Netcall,1 ago 2026,17,902307596,9023075968041748004681,9283,Outbound,Portabilidad Postpago,PROGRAMADO,Logixtal,9001,CERRADAS,Entregado,Entregado,TLV_NET_DBARTET,SIM,2 ago 2026,2 ago 2026,03/08/2026,Sí,CERRADAS,2026-08-03 00:10:18,Monolínea,Mono_item,Lima - Callao,29.95
La Molina,Netcall,3 ago 2026,12,902845076,9028450768046650362009,9283,Outbound,Portabilidad Postpago,EXPRESS,Logixtal,9001,CERRADAS,Entregado,Entregado,NET_RTORRESB,SIM,3 ago 2026,3 ago 2026,null,No,CERRADAS,2026-08-04 01:44:03,Multilínea,Mono_item,Lima - Callao,null
La Molina,Netcall,3 ago 2026,18,902959576,9029595768047783496116,9271,Outbound,Portabilidad Postpago,EXPRESS,Logixtal,9001,CERRADAS,Entregado,Entregado,NET_LGOMEZA,SIM,3 ago 2026,3 ago 2026,null,No,CERRADAS,2026-08-04 01:20:31,Monolínea,Mono_item,Lima - Callao,null
La Molina,Netcall,3 ago 2026,13,902860558,9028605588046807523679,9301,Outbound,Portabilidad Postpago,PROGRAMADO,Logixtal,9001,ABIERTAS,Pendiente Entrega,Pendiente Entrega,NET_FBARTET,SIM,4 ago 2026,null,null,No,ABIERTAS,null,Monolínea,Mono_item,Lima - Callao,null
La Molina,Netcall,3 ago 2026,11,902823670,9028236708046442301608,9283,Outbound,Portabilidad Postpago,EXPRESS,Logixtal,9001,CERRADAS,Entregado,Entregado,NET_EBELTRANV,SIM,3 ago 2026,3 ago 2026,null,No,CERRADAS,2026-08-04 02:25:32,Monolínea,Mono_item,Lima - Callao,null
La Matanza,Netcall,1 ago 2026,14,902254752,9022547528041196263414,9283,Outbound,Portabilidad Postpago,PROGRAMADO,Logixtal,5021,CERRADAS,Entregado,Entregado,NET_LCASTILLORI,SIM,3 ago 2026,3 ago 2026,null,No,CERRADAS,2026-08-04 01:53:35,Monolínea,Mono_item,Piura,null
La Esperanza,Netcall,3 ago 2026,15,902899439,902899439,9283,Outbound,Portabilidad Postpago,EXPRESS,Logixtal,5023,CERRADAS,Entregado,Entregado,TLV_NET_JMORO,SIM,3 ago 2026,3 ago 2026,null,No,CERRADAS,2026-08-04 00:32:19,Monolínea,Mono_item,La Libertad,null
La Esperanza,Netcall,1 ago 2026,19,902327849,9023278498041954418008,9283,Outbound,Portabilidad Postpago,PROGRAMADO,Logixtal,5023,CERRADAS,Entregado,Entregado,TLV_NET_MMURGAF,SIM,3 ago 2026,3 ago 2026,null,No,CERRADAS,2026-08-04 01:07:13,Multilínea,Multi_item,La Libertad,null
La Esperanza,Netcall,3 ago 2026,13,902870904,9028709048046904861549,9271,Outbound,Portabilidad Postpago,EXPRESS,Logixtal,5023,CERRADAS,Entregado,Entregado,NET_CMDELACRUZV,SIM,3 ago 2026,3 ago 2026,null,No,CERRADAS,2026-08-04 02:56:41,Monolínea,Mono_item,La Libertad,null
La Esperanza,Netcall,1 ago 2026,10,902166874,9021668748040337523615,9271,Outbound,Portabilidad Postpago,EXPRESS,Logixtal,5023,CERRADAS,Entregado,Entregado,NET_KESCORZAC,SIM,1 ago 2026,1 ago 2026,02/08/2026,Sí,CERRADAS,2026-08-02 01:59:45,Multilínea,Mono_item,La Libertad,19.95
La Esperanza,Netcall,1 ago 2026,10,902177913,9021779138040441528849,9271,Outbound,Portabilidad Postpago,EXPRESS,Logixtal,5023,CERRADAS,Entregado,Entregado,NET_KESCORZAC,SIM,1 ago 2026,1 ago 2026,02/08/2026,Sí,CERRADAS,2026-08-02 02:28:50,Monolínea,Mono_item,La Libertad,39.95
La Esperanza,Netcall,1 ago 2026,19,902327849,9023278498041954409789,9283,Outbound,Portabilidad Postpago,PROGRAMADO,Logixtal,5023,CERRADAS,Entregado,Entregado,TLV_NET_MMURGAF,SIM,3 ago 2026,3 ago 2026,null,No,CERRADAS,2026-08-04 01:07:13,Multilínea,Multi_item,La Libertad,null
La Esperanza,Netcall,1 ago 2026,12,902220741,9022207418040855645080,9283,Outbound,Portabilidad Postpago,EXPRESS,Logixtal,5023,CERRADAS,Entregado,Entregado,TLV_NET_CZEGARR,SIM,1 ago 2026,1 ago 2026,02/08/2026,Sí,CERRADAS,2026-08-02 00:55:29,Monolínea,Mono_item,La Libertad,34.95
La Esperanza,Netcall,1 ago 2026,19,902327849,9023278498041954418248,9283,Outbound,Portabilidad Postpago,PROGRAMADO,Logixtal,5023,CERRADAS,Entregado,Entregado,TLV_NET_MMURGAF,SIM,3 ago 2026,3 ago 2026,null,No,CERRADAS,2026-08-04 01:07:13,Multilínea,Multi_item,La Libertad,null
La Esperanza,Netcall,3 ago 2026,18,902968612,9029686128047876945550,9283,Outbound,Portabilidad Postpago,PROGRAMADO,Logixtal,5023,ABIERTAS,Pendiente Entrega,Pendiente Entrega,NET_SBENITOV,SIM,4 ago 2026,null,null,No,ABIERTAS,null,Monolínea,Mono_item,La Libertad,null
La Esperanza,Netcall,1 ago 2026,10,902175761,9021757618040421868258,9283,Outbound,Portabilidad Postpago,EXPRESS,Logixtal,5023,ABIERTAS,Entregado,Entregado,NET_KAGRAMONTEM,SIM,1 ago 2026,1 ago 2026,null,No,ABIERTAS,null,Monolínea,Mono_item,La Libertad,null
La Esperanza,Netcall,1 ago 2026,10,902165694,9021656948040322195262,9283,Outbound,Portabilidad Postpago,EXPRESS,Logixtal,5023,CERRADAS,Entregado,Entregado,NET_VAYALA,SIM,1 ago 2026,1 ago 2026,02/08/2026,Sí,CERRADAS,2026-08-02 00:35:45,Monolínea,Mono_item,La Libertad,34.95
La Esperanza,Netcall,3 ago 2026,17,902947767,9029477678047662420748,9271,Outbound,Portabilidad Postpago,PROGRAMADO,Logixtal,5023,ABIERTAS,Pendiente Entrega,Pendiente Entrega,NET_JLQUISPEM,SIM,4 ago 2026,null,null,No,ABIERTAS,null,Multilínea,Mono_item,La Libertad,null
La Esperanza,Netcall,1 ago 2026,10,902170037,9021700378040365228105,9271,Outbound,Portabilidad Postpago,EXPRESS,Logixtal,5023,CERRADAS,Entregado,Entregado,NET_KESCORZAC,SIM,1 ago 2026,1 ago 2026,02/08/2026,Sí,CERRADAS,2026-08-02 01:31:49,Multilínea,Mono_item,La Libertad,39.95
La Esperanza,Netcall,3 ago 2026,18,902965730,9029657308047865149946,9283,Outbound,Portabilidad Postpago,PROGRAMADO,Logixtal,5023,ABIERTAS,Pendiente Entrega,Pendiente Entrega,TLV_NET_KARANDA,SIM,4 ago 2026,null,null,No,ABIERTAS,null,Monolínea,Mono_item,La Libertad,null
La Esperanza,Netcall,1 ago 2026,19,902330721,902330721,9283,Outbound,Portabilidad Postpago,PROGRAMADO,Logixtal,5023,CERRADAS,Entregado,Entregado,TLV_NET_MMURGAF,SIM,3 ago 2026,3 ago 2026,null,No,CERRADAS,2026-08-04 00:15:18,Monolínea,Mono_item,La Libertad,null
La Esperanza,Netcall,3 ago 2026,13,902871234,9028712348046910218275,9283,Outbound,Portabilidad Postpago,EXPRESS,Logixtal,5023,CERRADAS,Entregado,Entregado,NET_ATORRESP,SIM,3 ago 2026,3 ago 2026,null,No,CERRADAS,2026-08-04 00:53:42,Monolínea,Mono_item,La Libertad,null
La Esperanza,Netcall,1 ago 2026,11,902202800,9022028008040676436211,9283,Outbound,Portabilidad Postpago,EXPRESS,Logixtal,5023,CERRADAS,Entregado,Entregado,NET_JORTIZV,SIM,1 ago 2026,1 ago 2026,02/08/2026,Sí,CERRADAS,2026-08-02 00:22:48,Monolínea,Mono_item,La Libertad,29.95
La Esperanza,Netcall,1 ago 2026,12,902219046,9022190468040833291647,9283,Outbound,Venta Regular / Alta,EXPRESS,Logixtal,5023,CANCELADAS,Anulado,CLIENTE YA NO DESEA PRODUCTO,NET_PVEGAC,SIM,1 ago 2026,null,null,No,CANCELADAS,2026-08-03 12:26:23,Monolínea,Mono_item,La Libertad,null
La Esperanza,Netcall,3 ago 2026,13,902867938,9028679388046872325890,9283,Outbound,Portabilidad Postpago,EXPRESS,Logixtal,5023,ABIERTAS,Pendiente Entrega,Pendiente Entrega,NET_RTORRESB,SIM,3 ago 2026,null,null,No,ABIERTAS,null,Monolínea,Mono_item,La Libertad,null
La Esperanza,Netcall,3 ago 2026,17,902949542,9029495428047683189799,9271,Outbound,Portabilidad Postpago,PROGRAMADO,Logixtal,5023,ABIERTAS,Pendiente Entrega,Pendiente Entrega,NET_JLQUISPEM,SIM,4 ago 2026,null,null,No,ABIERTAS,null,Multilínea,Mono_item,La Libertad,null
La Convencion,Netcall,1 ago 2026,12,902217813,902217813,9283,Outbound,Portabilidad Postpago,RETIRO EN TIENDA,Retiro en tienda,3215,CERRADAS,Entregado,Entregado,NET_GGUTIERREZM,SIM,1 ago 2026,3 ago 2026,null,No,CERRADAS,2026-08-04 00:23:54,Monolínea,Mono_item,Cusco,null
La Convencion,Netcall,1 ago 2026,15,902261934,9022619348041273098367,9283,Outbound,Portabilidad Postpago,RETIRO EN TIENDA,Retiro en tienda,3215,ABIERTAS,Pendiente Entrega,Pendiente Entrega,NET_CIOLAYAR,SIM,1 ago 2026,null,null,No,ABIERTAS,null,Monolínea,Mono_item,Cusco,null
La Brea,Netcall,3 ago 2026,13,902864396,9028643968046842638322,9283,Outbound,Portabilidad Postpago,PROGRAMADO,Logixtal,5021,ABIERTAS,Pendiente Entrega,Pendiente Entrega,NET_VAYALA,SIM,4 ago 2026,null,null,No,ABIERTAS,null,Monolínea,Mono_item,Piura,null
La Banda De Shilcayo,Netcall,1 ago 2026,14,902250434,9022504348041151403511,9283,Outbound,Portabilidad Prepago,EXPRESS,Logixtal,9352,CERRADAS,Entregado,Entregado,NET_SLAZOB,SIM,1 ago 2026,1 ago 2026,02/08/2026,Sí,CERRADAS,2026-08-02 06:28:52,Monolínea,Mono_item,San Martin,34.95
La Banda De Shilcayo,Netcall,3 ago 2026,14,902887027,9028870278047064317186,9283,Outbound,Venta Regular / Alta,PROGRAMADO,Logixtal,9352,ABIERTAS,Pendiente Entrega,Pendiente Entrega,NET_FVIGILF,SIM,4 ago 2026,null,null,No,ABIERTAS,null,Multilínea,Multi_item,San Martin,null
La Banda De Shilcayo,Netcall,3 ago 2026,14,902887027,9028870278047064317414,9283,Outbound,Venta Regular / Alta,PROGRAMADO,Logixtal,9352,ABIERTAS,Pendiente Entrega,Pendiente Entrega,NET_FVIGILF,SIM,4 ago 2026,null,null,No,ABIERTAS,null,Multilínea,Multi_item,San Martin,null
Junin,Netcall,1 ago 2026,14,902249180,9022491808041139613784,9283,Outbound,Portabilidad Postpago,RETIRO EN TIENDA,Retiro en tienda,3013,CANCELADAS,Cancelado,Cancelado,NET_FLABANM,SIM,1 ago 2026,null,null,No,CANCELADAS,2026-08-02 20:57:08,Multilínea,Mono_item,Junin,null
Junin,Netcall,1 ago 2026,10,902167721,9021677218040341379559,9289,Outbound,Portabilidad Postpago,RETIRO EN TIENDA,Retiro en tienda,3013,ABIERTAS,Pendiente Entrega,Pendiente Entrega,NET_JCAMPOS,SIM,1 ago 2026,null,null,No,ABIERTAS,null,Monolínea,Mono_item,Junin,null
Junin,Netcall,3 ago 2026,12,902847385,9028473858046680150772,9283,Outbound,Portabilidad Postpago,RETIRO EN TIENDA,Retiro en tienda,3013,CERRADAS,Entregado,Entregado,TLV_NET_MLANDAR,SIM,3 ago 2026,3 ago 2026,null,No,CERRADAS,2026-08-04 01:04:10,Multilínea,Mono_item,Junin,null
Junin,Netcall,3 ago 2026,17,902953478,9029534788047723127712,9283,Outbound,Portabilidad Postpago,RETIRO EN TIENDA,Retiro en tienda,7106,ABIERTAS,Pendiente Entrega,Pendiente Entrega,NET_JRIVADENEIC,SIM,3 ago 2026,null,null,No,ABIERTAS,null,Monolínea,Mono_item,Junin,null
Junin,Netcall,2 ago 2026,12,902530820,9025308208043969834899,5299,Outbound,Portabilidad Postpago,RETIRO EN TIENDA,Retiro en tienda,3013,CERRADAS,Entregado,Entregado,NET_RCANDIOTTIA,SIM,2 ago 2026,2 ago 2026,03/08/2026,Sí,CERRADAS,2026-08-03 00:30:20,Monolínea,Mono_item,Junin,29.91303
Junin,Netcall,1 ago 2026,16,902283004,9022830048041501066837,9271,Outbound,Portabilidad Postpago,RETIRO EN TIENDA,Retiro en tienda,3013,CERRADAS,Entregado,Entregado,NET_JMAYTAHUARM,SIM,1 ago 2026,1 ago 2026,02/08/2026,Sí,CERRADAS,2026-08-02 01:17:23,Monolínea,Mono_item,Junin,34.95
Junin,Netcall,3 ago 2026,9,902782607,9027826078046091061532,9271,Outbound,Portabilidad Postpago,RETIRO EN TIENDA,Retiro en tienda,3013,CERRADAS,Entregado,Entregado,NET_BATOP,SIM,3 ago 2026,3 ago 2026,null,No,CERRADAS,2026-08-04 03:40:21,Monolínea,Mono_item,Junin,null
Junin,Netcall,3 ago 2026,10,902792451,9027924518046176369138,9265,Outbound,Portabilidad Postpago,RETIRO EN TIENDA,Retiro en tienda,3013,CERRADAS,Entregado,Entregado,NET_IRODRIGUEZS,SIM,3 ago 2026,3 ago 2026,null,No,CERRADAS,2026-08-04 01:49:17,Monolínea,Mono_item,Junin,null
Junin,Netcall,3 ago 2026,10,902801246,9028012468046348652844,9271,Outbound,Venta Regular / Alta,RETIRO EN TIENDA,Retiro en tienda,8028,ABIERTAS,Pendiente Entrega,Pendiente Entrega,NET_FCARRIONM,SIM,3 ago 2026,null,null,No,ABIERTAS,null,Monolínea,Mono_item,Junin,null
Junin,Netcall,1 ago 2026,14,902247638,9022476388041121759283,9283,Outbound,Portabilidad Postpago,RETIRO EN TIENDA,Retiro en tienda,3013,CANCELADAS,Cancelado,Cancelado,NET_FLABANM,SIM,1 ago 2026,null,null,No,CANCELADAS,2026-08-02 20:44:22,Multilínea,Mono_item,Junin,null
Junin,Netcall,1 ago 2026,9,902151056,9021510568040191141935,9283,Outbound,Portabilidad Postpago,RETIRO EN TIENDA,Retiro en tienda,8028,CERRADAS,Entregado,Entregado,NET_CCONDEM,SIM,1 ago 2026,1 ago 2026,02/08/2026,Sí,CERRADAS,2026-08-02 00:46:05,Monolínea,Mono_item,Junin,29.95
Junin,Netcall,1 ago 2026,7,902095000,9020950008039876984214,9283,Outbound,Portabilidad Prepago,RETIRO EN TIENDA,Retiro en tienda,3013,CERRADAS,Entregado,Entregado,NET_SLAZOB,SIM,1 ago 2026,1 ago 2026,02/08/2026,Sí,CERRADAS,2026-08-02 00:47:44,Monolínea,Mono_item,Junin,29.95
Junin,Netcall,3 ago 2026,12,902846109,9028461098046662788044,9283,Outbound,Portabilidad Postpago,RETIRO EN TIENDA,Retiro en tienda,3013,CERRADAS,Entregado,Entregado,TLV_NET_MLANDAR,SIM,3 ago 2026,3 ago 2026,null,No,CERRADAS,2026-08-04 03:40:41,Multilínea,Mono_item,Junin,null
Junin,Netcall,1 ago 2026,7,902088586,9020885868039840965888,9283,Outbound,Portabilidad Postpago,RETIRO EN TIENDA,Retiro en tienda,3013,CERRADAS,Entregado,Entregado,NET_SLAZOB,SIM,1 ago 2026,1 ago 2026,02/08/2026,Sí,CERRADAS,2026-08-02 00:05:46,Monolínea,Mono_item,Junin,29.95
Junin,Netcall,3 ago 2026,17,902950389,9029503898047688943060,9283,Outbound,Portabilidad Postpago,RETIRO EN TIENDA,Retiro en tienda,3013,ABIERTAS,Pendiente Entrega,Pendiente Entrega,TLV_NET_GANACLE,SIM,3 ago 2026,null,null,No,ABIERTAS,null,Monolínea,Mono_item,Junin,null
Junin,Netcall,1 ago 2026,17,902291430,9022914308041583016054,9283,Outbound,Portabilidad Postpago,RETIRO EN TIENDA,Retiro en tienda,3013,CERRADAS,Entregado,Entregado,NET_GMENDIGUETE,SIM,1 ago 2026,1 ago 2026,02/08/2026,Sí,CERRADAS,2026-08-02 00:06:12,Monolínea,Mono_item,Junin,39.95
Junin,Netcall,1 ago 2026,16,902279800,9022798008041465202772,9283,Outbound,Portabilidad Postpago,RETIRO EN TIENDA,Retiro en tienda,3013,CERRADAS,Entregado,Entregado,NET_SBENITOV,SIM,1 ago 2026,1 ago 2026,02/08/2026,Sí,CERRADAS,2026-08-02 00:57:13,Monolínea,Mono_item,Junin,39.95
Junin,Netcall,1 ago 2026,15,902263606,9022636068041287289277,9283,Outbound,Portabilidad Postpago,RETIRO EN TIENDA,Retiro en tienda,7140,ABIERTAS,Pendiente Entrega,Pendiente Entrega,NET_KBRACOV,SIM,1 ago 2026,null,null,No,ABIERTAS,null,Monolínea,Mono_item,Junin,null
Juliaca,Netcall,1 ago 2026,1,902050255,9020502558039537036313,9283,Outbound,Portabilidad Postpago,EXPRESS,Logixtal,9351,CERRADAS,Entregado,Entregado,NET_ADOROTEOSAL,SIM,1 ago 2026,1 ago 2026,02/08/2026,Sí,CERRADAS,2026-08-02 07:15:26,Multilínea,Mono_item,Puno,19.95
Juliaca,Netcall,4 ago 2026,8,903195843,903195843Empty,9283,Outbound,Portabilidad Postpago,EXPRESS,Logixtal,9351,ABIERTAS,Pendiente Entrega,Pendiente Entrega,NET_GFLORESS,SIM,4 ago 2026,null,null,No,ABIERTAS,null,Multilínea,Mono_item,Puno,null
Juliaca,Netcall,3 ago 2026,9,902786972,9027869728046117626622,9271,Outbound,Portabilidad Postpago,EXPRESS,Logixtal,9351,CANCELADAS,Anulado,PIN PORTA_CLIENTE RECHAZA,NET_GVELASQUEZA,SIM,3 ago 2026,null,null,No,CANCELADAS,2026-08-03 14:38:13,Monolínea,Mono_item,Puno,null
Juliaca,Netcall,3 ago 2026,15,902911868,9029118688047322708279,9271,Outbound,Portabilidad Postpago,PROGRAMADO,Logixtal,9351,ABIERTAS,Pendiente Entrega,Pendiente Entrega,NET_JLUCIANOT,SIM,4 ago 2026,null,null,No,ABIERTAS,null,Monolínea,Mono_item,Puno,null
Juliaca,Netcall,3 ago 2026,8,902779941,9027799418046051162866,9283,Outbound,Portabilidad Postpago,EXPRESS,Logixtal,9351,CERRADAS,Entregado,Entregado,NET_DFRANCIAH,SIM,3 ago 2026,3 ago 2026,null,No,CERRADAS,2026-08-04 03:17:46,Monolínea,Mono_item,Puno,null
Juliaca,Netcall,4 ago 2026,6,903193687,903193687Empty,9283,Outbound,Portabilidad Postpago,EXPRESS,Logixtal,9351,ABIERTAS,Pendiente Entrega,Pendiente Entrega,NET_JIYASHAMAR,SIM,4 ago 2026,null,null,No,ABIERTAS,null,Multilínea,Mono_item,Puno,null
Juliaca,Netcall,1 ago 2026,12,902215636,9022156368040805293965,9271,Outbound,Portabilidad Postpago,EXPRESS,Logixtal,9351,CERRADAS,Entregado,Entregado,NET_AYACILAP,SIM,1 ago 2026,1 ago 2026,02/08/2026,Sí,CERRADAS,2026-08-02 00:23:14,Monolínea,Mono_item,Puno,34.95
Juliaca,Netcall,3 ago 2026,13,902869592,9028695928046938253523,9283,Outbound,Portabilidad Postpago,EXPRESS,Logixtal,9351,ABIERTAS,Pendiente Entrega,Pendiente Entrega,NET_LMALDONADOC,SIM,4 ago 2026,null,null,No,ABIERTAS,null,Monolínea,Mono_item,Puno,null
Juliaca,Netcall,3 ago 2026,10,902805020,9028050208046292872128,9283,Outbound,Portabilidad Postpago,EXPRESS,Logixtal,9351,CERRADAS,Entregado,Entregado,NET_ABARRERAY,SIM,3 ago 2026,3 ago 2026,null,No,CERRADAS,2026-08-04 01:20:27,Monolínea,Mono_item,Puno,null
Juliaca,Netcall,3 ago 2026,13,902864952,9028649528046850266540,9283,Outbound,Portabilidad Postpago,EXPRESS,Logixtal,9351,CERRADAS,Entregado,Entregado,TLV_NET_KARANDA,SIM,3 ago 2026,3 ago 2026,null,No,CERRADAS,2026-08-04 00:59:45,Monolínea,Mono_item,Puno,null
Juliaca,Netcall,3 ago 2026,13,902873953,9028739538046934360613,9283,Outbound,Portabilidad Postpago,EXPRESS,Logixtal,9351,CANCELADAS,Anulado,CLIENTE YA NO DESEA PRODUCTO,NET_GFLORESS,SIM,3 ago 2026,null,null,No,CANCELADAS,2026-08-03 15:09:46,Monolínea,Mono_item,Puno,null
Juliaca,Netcall,1 ago 2026,17,902306915,9023069158041739126416,9283,Outbound,Portabilidad Postpago,PROGRAMADO,Logixtal,9351,CANCELADAS,Entregado,Entregado,NET_LMARTINEZAR,SIM,3 ago 2026,3 ago 2026,null,No,CANCELADAS,2026-08-03 22:00:28,Monolínea,Mono_item,Puno,null
Juliaca,Netcall,3 ago 2026,9,902789913,902789913,9283,Outbound,Portabilidad Postpago,EXPRESS,Logixtal,9351,CERRADAS,Entregado,Entregado,NET_DFRANCIAH,SIM,3 ago 2026,3 ago 2026,null,No,CERRADAS,2026-08-04 00:42:44,Monolínea,Mono_item,Puno,null
Juliaca,Netcall,3 ago 2026,8,902779565,9027795658046047098861,9283,Outbound,Portabilidad Postpago,EXPRESS,Logixtal,9351,CERRADAS,Entregado,Entregado,NET_ADOROTEOSAL,SIM,3 ago 2026,3 ago 2026,null,No,CERRADAS,2026-08-04 01:34:37,Monolínea,Mono_item,Puno,null
Juliaca,Netcall,3 ago 2026,12,902842325,9028423258046627172289,9283,Outbound,Portabilidad Postpago,EXPRESS,Logixtal,9351,CANCELADAS,Anulado,ZONA INACCESIBLE,NET_MCSANCHEZ,SIM,3 ago 2026,null,null,No,CANCELADAS,2026-08-03 15:09:46,Monolínea,Mono_item,Puno,null
Juliaca,Netcall,1 ago 2026,9,902163250,9021632508040306574764,9283,Outbound,Portabilidad Postpago,EXPRESS,Logixtal,9351,CERRADAS,Entregado,Entregado,NET_SSALAZARV,SIM,1 ago 2026,1 ago 2026,02/08/2026,Sí,CERRADAS,2026-08-02 00:25:08,Multilínea,Mono_item,Puno,39.95
Juliaca,Netcall,1 ago 2026,11,902199877,9021998778040649225676,9283,Outbound,Portabilidad Postpago,EXPRESS,Logixtal,9351,CERRADAS,Entregado,Entregado,NET_JIYASHAMAR,SIM,1 ago 2026,1 ago 2026,02/08/2026,Sí,CERRADAS,2026-08-02 00:49:26,Monolínea,Mono_item,Puno,34.95
Juliaca,Netcall,3 ago 2026,14,902890713,9028907138047104069817,9283,Outbound,Portabilidad Postpago,PROGRAMADO,Logixtal,9351,ABIERTAS,Pendiente Entrega,Pendiente Entrega,NET_IVARGASI,SIM,5 ago 2026,null,null,No,ABIERTAS,null,Monolínea,Mono_item,Puno,null
Juliaca,Netcall,1 ago 2026,9,902162499,9021624998040300221612,9283,Outbound,Portabilidad Postpago,EXPRESS,Logixtal,9351,CERRADAS,Entregado,Entregado,NET_SSALAZARV,SIM,1 ago 2026,1 ago 2026,02/08/2026,Sí,CERRADAS,2026-08-02 01:53:43,Multilínea,Mono_item,Puno,19.95
Juliaca,Netcall,3 ago 2026,15,902898273,9028982738047181851516,9283,Outbound,Portabilidad Postpago,PROGRAMADO,Logixtal,9351,ABIERTAS,Pendiente Entrega,Pendiente Entrega,TLV_NET_LSANCHA,SIM,4 ago 2026,null,null,No,ABIERTAS,null,Monolínea,Mono_item,Puno,null
Juliaca,Netcall,1 ago 2026,12,902222980,9022229808040875451823,9283,Outbound,Portabilidad Postpago,EXPRESS,Logixtal,9351,CERRADAS,Entregado,Entregado,TLV_NET_DVALOI,SIM,1 ago 2026,1 ago 2026,02/08/2026,Sí,CERRADAS,2026-08-02 00:44:28,Monolínea,Mono_item,Puno,19.95
Juliaca,Netcall,1 ago 2026,9,902150641,9021506418040189576358,9283,Outbound,Portabilidad Postpago,EXPRESS,Logixtal,9351,CERRADAS,Entregado,Entregado,NET_CSALAZARP,SIM,1 ago 2026,1 ago 2026,02/08/2026,Sí,CERRADAS,2026-08-02 01:58:33,Monolínea,Mono_item,Puno,34.95
Juliaca,Netcall,3 ago 2026,9,902780363,9027803638046053817489,9283,Outbound,Portabilidad Postpago,EXPRESS,Logixtal,9351,ABIERTAS,Anulado,CLIENTE AUSENTE,TLV_NET_MCHAMBI,SIM,3 ago 2026,null,null,No,ABIERTAS,null,Monolínea,Mono_item,Puno,null
Juliaca,Netcall,4 ago 2026,8,903198704,903198704Empty,9283,Outbound,Portabilidad Postpago,EXPRESS,Logixtal,9351,ABIERTAS,Pendiente Entrega,Pendiente Entrega,TLV_NET_CSILVAP,SIM,4 ago 2026,null,null,No,ABIERTAS,null,Multilínea,Mono_item,Puno,null
Juliaca,Netcall,3 ago 2026,14,902884179,9028841798047035018867,9283,Outbound,Portabilidad Postpago,PROGRAMADO,Logixtal,9351,ABIERTAS,Pendiente Entrega,Pendiente Entrega,NET_MCHAVEZV,SIM,4 ago 2026,null,null,No,ABIERTAS,null,Monolínea,Mono_item,Puno,null
Juliaca,Netcall,1 ago 2026,9,902150996,9021509968040190908802,9283,Outbound,Portabilidad Postpago,EXPRESS,Logixtal,9351,CERRADAS,Entregado,Entregado,NET_YUCEDAB,SIM,1 ago 2026,1 ago 2026,02/08/2026,Sí,CERRADAS,2026-08-02 00:08:00,Monolínea,Mono_item,Puno,44.95
Juliaca,Netcall,3 ago 2026,10,902792202,9027922028046172166255,9283,Outbound,Portabilidad Postpago,EXPRESS,Logixtal,9351,CERRADAS,Entregado,Entregado,TLV_NET_MFARFAN,SIM,3 ago 2026,3 ago 2026,null,No,CERRADAS,2026-08-04 03:38:43,Monolínea,Mono_item,Puno,null
Juliaca,Netcall,1 ago 2026,10,902169310,9021693108040364508029,9283,Outbound,Portabilidad Postpago,EXPRESS,Logixtal,9351,ABIERTAS,Anulado,CLIENTE AUSENTE,NET_RPOLOD,SIM,1 ago 2026,null,null,No,ABIERTAS,null,Monolínea,Mono_item,Puno,null
Juliaca,Netcall,3 ago 2026,12,902845837,9028458378046661659000,9283,Outbound,Portabilidad Postpago,EXPRESS,Logixtal,9351,CERRADAS,Entregado,Entregado,TLV_NET_JPENAM,SIM,3 ago 2026,3 ago 2026,null,No,CERRADAS,2026-08-04 00:58:53,Monolínea,Mono_item,Puno,null
Juliaca,Netcall,3 ago 2026,10,902791147,9027911478046221450450,9283,Outbound,Portabilidad Postpago,EXPRESS,Logixtal,9351,CERRADAS,Entregado,Entregado,NET_JRAMIREZQ,SIM,3 ago 2026,3 ago 2026,null,No,CERRADAS,2026-08-04 01:59:52,Monolínea,Mono_item,Puno,null
Juliaca,Netcall,3 ago 2026,15,902896713,9028967138047169866908,9271,Outbound,Portabilidad Postpago,PROGRAMADO,Logixtal,9351,ABIERTAS,Pendiente Entrega,Pendiente Entrega,NET_JAREVALOC,SIM,4 ago 2026,null,null,No,ABIERTAS,null,Monolínea,Mono_item,Puno,null
Juliaca,Netcall,1 ago 2026,9,902160254,9021602548040280075837,9283,Outbound,Portabilidad Postpago,EXPRESS,Logixtal,9351,CERRADAS,Entregado,Entregado,NET_ADOROTEOSAL,SIM,1 ago 2026,1 ago 2026,02/08/2026,Sí,CERRADAS,2026-08-02 01:21:34,Monolínea,Mono_item,Puno,29.95
Juliaca,Netcall,4 ago 2026,8,903195682,903195682Empty,9283,Outbound,Portabilidad Postpago,EXPRESS,Logixtal,9351,ABIERTAS,Pendiente Entrega,Pendiente Entrega,NET_GFLORESS,SIM,4 ago 2026,null,null,No,ABIERTAS,null,Multilínea,Mono_item,Puno,null
Juliaca,Netcall,3 ago 2026,11,902822316,9028223168046427629888,9283,Outbound,Portabilidad Postpago,EXPRESS,Logixtal,9351,CERRADAS,Entregado,Entregado,NET_DFRANCIAH,SIM,3 ago 2026,3 ago 2026,null,No,CERRADAS,2026-08-04 01:56:40,Monolínea,Mono_item,Puno,null
Juliaca,Netcall,2 ago 2026,9,902487196,9024871968043607265569,9283,Outbound,Portabilidad Postpago,PROGRAMADO,Logixtal,9351,ABIERTAS,Pendiente Entrega,Pendiente Entrega,NET_GFLORESS,SIM,4 ago 2026,null,null,No,ABIERTAS,null,Monolínea,Mono_item,Puno,null
Juliaca,Netcall,3 ago 2026,9,902783584,902783584,9283,Outbound,Portabilidad Postpago,EXPRESS,Logixtal,9351,CERRADAS,Entregado,Entregado,TLV_NET_MCHAMBI,SIM,3 ago 2026,3 ago 2026,null,No,CERRADAS,2026-08-04 00:04:58,Monolínea,Mono_item,Puno,null
Juliaca,Netcall,1 ago 2026,1,902050546,9020505468039560694444,9283,Outbound,Portabilidad Postpago,EXPRESS,Logixtal,9351,CERRADAS,Entregado,Entregado,NET_ADOROTEOSAL,SIM,1 ago 2026,1 ago 2026,02/08/2026,Sí,CERRADAS,2026-08-02 00:22:01,Multilínea,Mono_item,Puno,39.95
Jose Luis Bustamante Y Rivero,Netcall,1 ago 2026,15,902256861,9022568618041219207762,9271,Outbound,Portabilidad Postpago,EXPRESS,Logixtal,5022,CERRADAS,Entregado,Entregado,NET_MGSGRADOS,SIM,1 ago 2026,1 ago 2026,02/08/2026,Sí,CERRADAS,2026-08-02 00:27:34,Multilínea,Mono_item,Arequipa,39.95
Jose Luis Bustamante Y Rivero,Netcall,3 ago 2026,11,902828572,902828572,9283,Outbound,Portabilidad Postpago,EXPRESS,Logixtal,5022,CERRADAS,Entregado,Entregado,NET_SGONZALESP,SIM,3 ago 2026,3 ago 2026,null,No,CERRADAS,2026-08-04 00:33:47,Multilínea,Mono_item,Arequipa,null
Jose Luis Bustamante Y Rivero,Netcall,3 ago 2026,13,902871279,902871279,9283,Outbound,Portabilidad Postpago,EXPRESS,Logixtal,5022,CERRADAS,Entregado,Entregado,NET_BMIRANDAFE,SIM,3 ago 2026,3 ago 2026,null,No,CERRADAS,2026-08-04 00:07:59,Monolínea,Mono_item,Arequipa,null
Jose Luis Bustamante Y Rivero,Netcall,3 ago 2026,9,902784558,9027845588046100806527,9271,Outbound,Portabilidad Postpago,EXPRESS,Logixtal,5022,CERRADAS,Entregado,Entregado,NET_CREYESJ,SIM,3 ago 2026,3 ago 2026,null,No,CERRADAS,2026-08-04 01:31:28,Monolínea,Mono_item,Arequipa,null
Jose Luis Bustamante Y Rivero,Netcall,3 ago 2026,13,902862389,9028623898046822456460,9271,Outbound,Venta Regular / Alta,EXPRESS,Logixtal,5022,CERRADAS,Entregado,Entregado,NET_MGONZALESR,SIM,3 ago 2026,3 ago 2026,03/08/2026,Sí,CERRADAS,2026-08-03 15:11:22,Monolínea,Mono_item,Arequipa,59.9
Jose Luis Bustamante Y Rivero,Netcall,1 ago 2026,10,902172043,9021720438040384999603,9271,Outbound,Venta Regular / Alta,EXPRESS,Logixtal,5022,CERRADAS,Entregado,Entregado,NET_LMANRIQUED,SIM,1 ago 2026,1 ago 2026,01/08/2026,Sí,CERRADAS,2026-08-01 14:50:08,Monolínea,Mono_item,Arequipa,59.9
Jose Luis Bustamante Y Rivero,Netcall,3 ago 2026,15,902909250,9029092508047292585674,9271,Outbound,Portabilidad Postpago,EXPRESS,Logixtal,5022,CERRADAS,Entregado,Entregado,NET_PHUAMANM,SIM,3 ago 2026,3 ago 2026,null,No,CERRADAS,2026-08-04 00:47:59,Monolínea,Mono_item,Arequipa,null
Jose Luis Bustamante Y Rivero,Netcall,3 ago 2026,12,902837697,902837697,9271,Outbound,Portabilidad Postpago,EXPRESS,Logixtal,5022,CERRADAS,Entregado,Entregado,NET_JLQUISPEM,SIM,3 ago 2026,3 ago 2026,null,No,CERRADAS,2026-08-04 00:29:08,Monolínea,Mono_item,Arequipa,null
Jose Luis Bustamante Y Rivero,Netcall,1 ago 2026,12,902222157,9022221578040866977391,9271,Outbound,Portabilidad Postpago,EXPRESS,Logixtal,5022,CANCELADAS,Anulado,RECHAZO CU-ERROR DE REGISTRO,NET_MGSGRADOS,SIM,1 ago 2026,null,null,No,CANCELADAS,2026-08-01 14:29:24,Multilínea,Mono_item,Arequipa,null
Jose Luis Bustamante Y Rivero,Netcall,3 ago 2026,11,902827196,9028271968046475983021,9283,Outbound,Portabilidad Postpago,EXPRESS,Logixtal,5022,CERRADAS,Entregado,Entregado,NET_SGONZALESP,SIM,3 ago 2026,3 ago 2026,null,No,CERRADAS,2026-08-04 02:00:01,Multilínea,Mono_item,Arequipa,null
Jose Luis Bustamante Y Rivero,Netcall,1 ago 2026,11,902195679,9021956798040607303109,9271,Outbound,Portabilidad Prepago,EXPRESS,Logixtal,5022,CERRADAS,Entregado,Entregado,NET_THUAMANIP,SIM,1 ago 2026,1 ago 2026,02/08/2026,Sí,CERRADAS,2026-08-02 01:29:30,Monolínea,Mono_item,Arequipa,39.95
Jose Leonardo Ortiz,Netcall,3 ago 2026,15,902905183,902905183,9283,Outbound,Portabilidad Postpago,EXPRESS,Logixtal,5024,CERRADAS,Entregado,Entregado,NET_VZEGARRAAGU,SIM,3 ago 2026,3 ago 2026,null,No,CERRADAS,2026-08-04 00:19:56,Multilínea,Mono_item,Lambayeque,null
Jose Leonardo Ortiz,Netcall,3 ago 2026,13,902874131,9028741318046935776138,9271,Outbound,Portabilidad Postpago,EXPRESS,Logixtal,5024,CERRADAS,Entregado,Entregado,NET_KPARRAGUEZG,SIM,3 ago 2026,3 ago 2026,null,No,CERRADAS,2026-08-04 02:01:06,Monolínea,Mono_item,Lambayeque,null
Jose Leonardo Ortiz,Netcall,1 ago 2026,14,902249594,9022495948041141794775,9283,Outbound,Portabilidad Prepago,EXPRESS,Logixtal,5024,CERRADAS,Entregado,Entregado,NET_VMEJIAC,SIM,1 ago 2026,1 ago 2026,02/08/2026,Sí,CERRADAS,2026-08-02 00:58:14,Monolínea,Mono_item,Lambayeque,29.95
Jose Leonardo Ortiz,Netcall,3 ago 2026,14,902889638,9028896388047087540241,9271,Outbound,Portabilidad Postpago,EXPRESS,Logixtal,5024,ABIERTAS,Pendiente Entrega,Pendiente Entrega,NET_GDJULCAT,SIM,3 ago 2026,null,null,No,ABIERTAS,null,Monolínea,Mono_item,Lambayeque,null
Jose Leonardo Ortiz,Netcall,3 ago 2026,12,902855175,9028551758046755798999,9283,Outbound,Portabilidad Postpago,PROGRAMADO,Logixtal,5024,ABIERTAS,Pendiente Entrega,Pendiente Entrega,NET_NBURGAR,SIM,4 ago 2026,null,null,No,ABIERTAS,null,Multilínea,Mono_item,Lambayeque,null
Jose Leonardo Ortiz,Netcall,1 ago 2026,17,902307774,9023077748041748678350,9283,Outbound,Portabilidad Postpago,PROGRAMADO,Logixtal,5024,CANCELADAS,Anulado,CLIENTE YA NO DESEA PRODUCTO,NET_YCASTROH,SIM,3 ago 2026,null,null,No,CANCELADAS,2026-08-03 13:19:53,Monolínea,Mono_item,Lambayeque,null
Jose Leonardo Ortiz,Netcall,1 ago 2026,15,902257380,9022573808041228792203,9283,Outbound,Portabilidad Postpago,EXPRESS,Logixtal,5024,CERRADAS,Entregado,Entregado,NET_ATUMEH,SIM,1 ago 2026,1 ago 2026,02/08/2026,Sí,CERRADAS,2026-08-02 01:58:22,Monolínea,Mono_item,Lambayeque,29.95
Jose Leonardo Ortiz,Netcall,3 ago 2026,12,902848624,9028486248046692000925,9283,Outbound,Portabilidad Postpago,PROGRAMADO,Logixtal,5024,ABIERTAS,Pendiente Entrega,Pendiente Entrega,TLV_NET_CZEGARR,SIM,5 ago 2026,null,null,No,ABIERTAS,null,Monolínea,Mono_item,Lambayeque,null
Jose Leonardo Ortiz,Netcall,3 ago 2026,12,902854230,9028542308046746218415,9283,Outbound,Venta Regular / Alta,PROGRAMADO,Logixtal,5024,ABIERTAS,Pendiente Entrega,Pendiente Entrega,NET_NBURGAR,SIM,4 ago 2026,null,null,No,ABIERTAS,null,Multilínea,Mono_item,Lambayeque,null
Jose Leonardo Ortiz,Netcall,3 ago 2026,12,902853567,9028535678046744329234,9283,Outbound,Portabilidad Postpago,PROGRAMADO,Logixtal,5024,ABIERTAS,Pendiente Entrega,Pendiente Entrega,NET_ARIVERA,SIM,4 ago 2026,null,null,No,ABIERTAS,null,Monolínea,Mono_item,Lambayeque,null
Jose Leonardo Ortiz,Netcall,3 ago 2026,12,902853281,9028532818046737229121,9283,Outbound,Portabilidad Postpago,EXPRESS,Logixtal,5024,CERRADAS,Entregado,Entregado,NET_JSIADEN,SIM,3 ago 2026,3 ago 2026,null,No,CERRADAS,2026-08-04 01:44:55,Monolínea,Mono_item,Lambayeque,null
Jose Leonardo Ortiz,Netcall,3 ago 2026,18,902962052,9029620528047803376328,9283,Outbound,Portabilidad Postpago,PROGRAMADO,Logixtal,5024,ABIERTAS,Pendiente Entrega,Pendiente Entrega,NET_PVEGAC,SIM,4 ago 2026,null,null,No,ABIERTAS,null,Monolínea,Mono_item,Lambayeque,null
Jose Leonardo Ortiz,Netcall,3 ago 2026,14,902887896,9028878968047068783059,9283,Outbound,Portabilidad Postpago,EXPRESS,Logixtal,5024,CANCELADAS,Anulado,PIN PORTA_NO VALIDO,NET_JCHINGAA,SIM,3 ago 2026,null,null,No,CANCELADAS,2026-08-03 17:23:10,Monolínea,Mono_item,Lambayeque,null
Jose Leonardo Ortiz,Netcall,3 ago 2026,10,902801697,9028016978046253656189,9271,Outbound,Portabilidad Postpago,EXPRESS,Logixtal,5024,ABIERTAS,Pendiente Entrega,Pendiente Entrega,NET_JVILLANUEVL,SIM,3 ago 2026,null,null,No,ABIERTAS,null,Monolínea,Mono_item,Lambayeque,null
Jose Leonardo Ortiz,Netcall,3 ago 2026,15,902910270,9029102708047305740940,9283,Outbound,Portabilidad Postpago,EXPRESS,Logixtal,5024,CERRADAS,Entregado,Entregado,NET_LMALDONADOC,SIM,3 ago 2026,3 ago 2026,null,No,CERRADAS,2026-08-04 01:23:15,Monolínea,Mono_item,Lambayeque,null
Jose Leonardo Ortiz,Netcall,3 ago 2026,15,902906409,902906409,9283,Outbound,Portabilidad Postpago,EXPRESS,Logixtal,5024,CERRADAS,Entregado,Entregado,NET_VZEGARRAAGU,SIM,3 ago 2026,3 ago 2026,null,No,CERRADAS,2026-08-04 00:35:12,Multilínea,Mono_item,Lambayeque,null
Jesus Nazareno,Netcall,3 ago 2026,7,902774394,902774394,9283,Outbound,Portabilidad Postpago,EXPRESS,Logixtal,9354,CERRADAS,Entregado,Entregado,TLV_NET_MLANDAR,SIM,3 ago 2026,3 ago 2026,null,No,CERRADAS,2026-08-04 00:33:47,Monolínea,Mono_item,Ayacucho,null
Jesus Nazareno,Netcall,1 ago 2026,14,902242911,9022429118041077354555,9271,Outbound,Portabilidad Postpago,EXPRESS,Logixtal,9354,CERRADAS,Entregado,Entregado,NET_SBACAD,SIM,1 ago 2026,1 ago 2026,02/08/2026,Sí,CERRADAS,2026-08-02 00:10:00,Monolínea,Mono_item,Ayacucho,39.95
Jesus Maria,Netcall,3 ago 2026,9,902787875,9027878758046127700398,9271,Outbound,Portabilidad Postpago,EXPRESS,Logixtal,9001,CERRADAS,Entregado,Entregado,NET_RMRAMIREZ,SIM,3 ago 2026,3 ago 2026,null,No,CERRADAS,2026-08-04 03:38:30,Monolínea,Mono_item,Lima - Callao,null
Jesus Maria,Netcall,3 ago 2026,14,902894738,9028947388047147309703,9271,Outbound,Portabilidad Postpago,EXPRESS,Logixtal,9001,CANCELADAS,Anulado,PIN-PORTA NO LLEGA SMS,NET_FCARRIONM,SIM,3 ago 2026,null,null,No,CANCELADAS,2026-08-03 16:31:16,Multilínea,Multi_item,Lima - Callao,null
Jesus Maria,Netcall,3 ago 2026,11,902821904,9028219048046430441262,9283,Outbound,Portabilidad Postpago,EXPRESS,Logixtal,9001,CERRADAS,Entregado,Entregado,NET_MZEVALLOSMA,SIM,3 ago 2026,3 ago 2026,null,No,CERRADAS,2026-08-04 02:01:57,Monolínea,Mono_item,Lima - Callao,null
Jesus Maria,Netcall,1 ago 2026,15,902270667,9022706678041361883089,9283,Outbound,Portabilidad Postpago,EXPRESS,Logixtal,9001,CERRADAS,Entregado,Entregado,NET_CMUNOZC,SIM,1 ago 2026,1 ago 2026,02/08/2026,Sí,CERRADAS,2026-08-02 01:55:19,Monolínea,Mono_item,Lima - Callao,29.95
Jesus Maria,Netcall,3 ago 2026,16,902927419,9029274198047472005322,9271,Outbound,Portabilidad Postpago,EXPRESS,Logixtal,9001,CERRADAS,Entregado,Entregado,NET_FCARRIONM,SIM,3 ago 2026,3 ago 2026,null,No,CERRADAS,2026-08-04 02:11:02,Multilínea,Multi_item,Lima - Callao,null
Jesus Maria,Netcall,3 ago 2026,16,902927419,9029274198047472005541,9271,Outbound,Portabilidad Postpago,EXPRESS,Logixtal,9001,CERRADAS,Entregado,Entregado,NET_FCARRIONM,SIM,3 ago 2026,3 ago 2026,null,No,CERRADAS,2026-08-04 02:11:02,Multilínea,Multi_item,Lima - Callao,null
Jesus Maria,Netcall,3 ago 2026,15,902896298,9028962988047161913568,9271,Outbound,Portabilidad Postpago,EXPRESS,Logixtal,9001,CANCELADAS,Anulado,PIN-PORTA NO LLEGA SMS,NET_FCARRIONM,SIM,3 ago 2026,null,null,No,CANCELADAS,2026-08-03 16:31:16,Multilínea,Mono_item,Lima - Callao,null
Jesus Maria,Netcall,1 ago 2026,18,902308597,9023085978041757819592,9283,Outbound,Portabilidad Postpago,EXPRESS,Logixtal,9001,CERRADAS,Entregado,Entregado,NET_CALCAB,SIM,1 ago 2026,3 ago 2026,null,No,CERRADAS,2026-08-04 01:29:02,Monolínea,Mono_item,Lima - Callao,null
Jesus Maria,Netcall,1 ago 2026,9,902152056,9021520568040199980156,9283,Outbound,Portabilidad Postpago,EXPRESS,Logixtal,9001,CERRADAS,Entregado,Entregado,NET_RALVAREZV,SIM,1 ago 2026,1 ago 2026,02/08/2026,Sí,CERRADAS,2026-08-02 01:38:25,Monolínea,Mono_item,Lima - Callao,39.95
Jesus Maria,Netcall,3 ago 2026,16,902927419,9029274198047472005760,9271,Outbound,Portabilidad Postpago,EXPRESS,Logixtal,9001,CERRADAS,Entregado,Entregado,NET_FCARRIONM,SIM,3 ago 2026,3 ago 2026,null,No,CERRADAS,2026-08-04 02:11:02,Multilínea,Multi_item,Lima - Callao,null
Jesus Maria,Netcall,3 ago 2026,14,902894738,9028947388047147309265,9271,Outbound,Portabilidad Postpago,EXPRESS,Logixtal,9001,CANCELADAS,Anulado,PIN-PORTA NO LLEGA SMS,NET_FCARRIONM,SIM,3 ago 2026,null,null,No,CANCELADAS,2026-08-03 16:31:16,Multilínea,Multi_item,Lima - Callao,null
Jesus Maria,Netcall,3 ago 2026,14,902894738,9028947388047147309484,9271,Outbound,Portabilidad Postpago,EXPRESS,Logixtal,9001,CANCELADAS,Anulado,PIN-PORTA NO LLEGA SMS,NET_FCARRIONM,SIM,3 ago 2026,null,null,No,CANCELADAS,2026-08-03 16:31:16,Multilínea,Multi_item,Lima - Callao,null
Jauja,Netcall,2 ago 2026,15,902566068,9025660688044296127999,9283,Outbound,Portabilidad Postpago,RETIRO EN TIENDA,Retiro en tienda,3157,CERRADAS,Entregado,Entregado,TLV_NET_DCASTIA,SIM,2 ago 2026,2 ago 2026,03/08/2026,Sí,CERRADAS,2026-08-03 00:35:12,Multilínea,Mono_item,Junin,29.95
Jauja,Netcall,1 ago 2026,11,902186105,9021861058040520754687,9271,Outbound,Portabilidad Postpago,RETIRO EN TIENDA,Retiro en tienda,3157,ABIERTAS,Pendiente Entrega,Pendiente Entrega,NET_CDIAZG,SIM,1 ago 2026,null,null,No,ABIERTAS,null,Monolínea,Mono_item,Junin,null
Jauja,Netcall,1 ago 2026,20,902345002,902345002,9271,Outbound,Portabilidad Postpago,RETIRO EN TIENDA,Retiro en tienda,3157,CERRADAS,Entregado,Entregado,NET_AYACILAP,SIM,1 ago 2026,3 ago 2026,null,No,CERRADAS,2026-08-04 00:39:27,Monolínea,Mono_item,Junin,null
Jauja,Netcall,3 ago 2026,13,902860943,9028609438046810327276,9271,Outbound,Portabilidad Postpago,RETIRO EN TIENDA,Retiro en tienda,3157,CERRADAS,Entregado,Entregado,NET_GHUAMANT,SIM,3 ago 2026,3 ago 2026,null,No,CERRADAS,2026-08-04 01:04:50,Monolínea,Mono_item,Junin,null
Jauja,Netcall,2 ago 2026,13,902539874,902539874,9283,Outbound,Portabilidad Postpago,RETIRO EN TIENDA,Retiro en tienda,3157,CERRADAS,Entregado,Entregado,NET_SLAZOB,SIM,2 ago 2026,3 ago 2026,null,No,CERRADAS,2026-08-04 00:28:21,Monolínea,Mono_item,Junin,null
Jauja,Netcall,2 ago 2026,15,902566575,9025665758044298453693,9283,Outbound,Portabilidad Postpago,RETIRO EN TIENDA,Retiro en tienda,3157,CERRADAS,Entregado,Entregado,TLV_NET_DCASTIA,SIM,2 ago 2026,2 ago 2026,03/08/2026,Sí,CERRADAS,2026-08-03 01:48:16,Multilínea,Mono_item,Junin,19.95
Jauja,Netcall,3 ago 2026,13,902864980,9028649808046846410043,9271,Outbound,Portabilidad Postpago,RETIRO EN TIENDA,Retiro en tienda,3157,CERRADAS,Entregado,Entregado,NET_GHUAMANT,SIM,3 ago 2026,3 ago 2026,null,No,CERRADAS,2026-08-04 01:08:59,Monolínea,Mono_item,Junin,null
Jauja,Netcall,2 ago 2026,16,902576888,9025768888044400673349,9283,Outbound,Portabilidad Postpago,RETIRO EN TIENDA,Retiro en tienda,3157,CERRADAS,Entregado,Entregado,NET_JGUIOP,SIM,2 ago 2026,2 ago 2026,03/08/2026,Sí,CERRADAS,2026-08-03 01:12:05,Monolínea,Mono_item,Junin,29.95
Jauja,Netcall,3 ago 2026,13,902860672,902860672,9283,Outbound,Portabilidad Postpago,RETIRO EN TIENDA,Retiro en tienda,3157,CERRADAS,Entregado,Entregado,TLV_NET_FVALQUI,SIM,3 ago 2026,3 ago 2026,null,No,CERRADAS,2026-08-04 00:22:43,Monolínea,Mono_item,Junin,null
Jaen,Netcall,3 ago 2026,10,902810407,9028104078046343108003,9271,Outbound,Portabilidad Postpago,RETIRO EN TIENDA,Retiro en tienda,3101,CERRADAS,Entregado,Entregado,NET_SBACAD,SIM,3 ago 2026,3 ago 2026,null,No,CERRADAS,2026-08-04 01:13:07,Monolínea,Mono_item,Cajamarca,null
Jaen,Netcall,1 ago 2026,9,902153797,9021537978040216124955,9283,Outbound,Portabilidad Postpago,RETIRO EN TIENDA,Retiro en tienda,3101,ABIERTAS,Pendiente Entrega,Pendiente Entrega,NET_JTITOM,SIM,1 ago 2026,null,null,No,ABIERTAS,null,Monolínea,Mono_item,Cajamarca,null
Jaen,Netcall,3 ago 2026,15,902904676,9029046768047246771083,9283,Outbound,Portabilidad Postpago,RETIRO EN TIENDA,Retiro en tienda,3101,ABIERTAS,Pendiente Entrega,Pendiente Entrega,NET_MDONAYRE,SIM,3 ago 2026,null,null,No,ABIERTAS,null,Multilínea,Mono_item,Cajamarca,null
Jaen,Netcall,3 ago 2026,15,902906840,9029068408047269022406,9283,Outbound,Portabilidad Postpago,RETIRO EN TIENDA,Retiro en tienda,3101,ABIERTAS,Pendiente Entrega,Pendiente Entrega,NET_MDONAYRE,SIM,3 ago 2026,null,null,No,ABIERTAS,null,Multilínea,Mono_item,Cajamarca,null
Jaen,Netcall,1 ago 2026,10,902173096,9021730968040392639547,9283,Outbound,Portabilidad Postpago,RETIRO EN TIENDA,Retiro en tienda,3101,CERRADAS,Entregado,Entregado,NET_RGUTIERREZS,SIM,1 ago 2026,1 ago 2026,02/08/2026,Sí,CERRADAS,2026-08-02 01:22:19,Monolínea,Mono_item,Cajamarca,34.95
Jaen,Netcall,3 ago 2026,15,902903565,9029035658047235002662,9283,Outbound,Portabilidad Postpago,RETIRO EN TIENDA,Retiro en tienda,3101,ABIERTAS,Pendiente Entrega,Pendiente Entrega,NET_MDONAYRE,SIM,3 ago 2026,null,null,No,ABIERTAS,null,Multilínea,Mono_item,Cajamarca,null
Jacobo Hunter,Netcall,1 ago 2026,15,902268128,9022681288041340438325,9283,Outbound,Portabilidad Postpago,EXPRESS,Logixtal,5022,CERRADAS,Entregado,Entregado,TLV_NET_MCHAMBI,SIM,1 ago 2026,1 ago 2026,02/08/2026,Sí,CERRADAS,2026-08-02 01:45:12,Monolínea,Mono_item,Arequipa,34.95
Jacobo Hunter,Netcall,1 ago 2026,15,902268151,9022681518041342051521,9283,Outbound,Portabilidad Postpago,EXPRESS,Logixtal,5022,CERRADAS,Entregado,Entregado,TLV_NET_MCHAMBI,SIM,1 ago 2026,1 ago 2026,02/08/2026,Sí,CERRADAS,2026-08-02 01:03:52,Monolínea,Mono_item,Arequipa,29.95
Iquitos,Netcall,1 ago 2026,12,902209733,9022097338040738178123,9283,Outbound,Portabilidad Postpago,EXPRESS,Logixtal,9355,CANCELADAS,Anulado,PIN PORTA_CLIENTE RECHAZA,NET_YRUEDAMONDR,SIM,1 ago 2026,null,null,No,CANCELADAS,2026-08-01 13:13:59,Monolínea,Mono_item,Loreto,null
Iquitos,Netcall,1 ago 2026,10,902164658,9021646588040317763079,9271,Outbound,Portabilidad Prepago,EXPRESS,Logixtal,9355,CERRADAS,Entregado,Entregado,NET_VHUAMANQ,SIM,1 ago 2026,1 ago 2026,02/08/2026,Sí,CERRADAS,2026-08-02 00:31:11,Monolínea,Mono_item,Loreto,29.91303
Iquitos,Netcall,3 ago 2026,16,902933716,9029337168047527237516,9271,Outbound,Portabilidad Postpago,PROGRAMADO,Logixtal,9355,ABIERTAS,Pendiente Entrega,Pendiente Entrega,NET_OGUERREROR,SIM,4 ago 2026,null,null,No,ABIERTAS,null,Monolínea,Mono_item,Loreto,null
Iquitos,Netcall,1 ago 2026,10,902171087,9021710878040372314911,9271,Outbound,Portabilidad Postpago,EXPRESS,Logixtal,9355,CERRADAS,Entregado,Entregado,NET_DFRANCIAH,SIM,1 ago 2026,1 ago 2026,02/08/2026,Sí,CERRADAS,2026-08-02 00:13:08,Monolínea,Mono_item,Loreto,29.95
Iquitos,Netcall,3 ago 2026,9,902785865,9027858658046106890463,9283,Outbound,Portabilidad Postpago,EXPRESS,Logixtal,9355,CERRADAS,Entregado,Entregado,TLV_NET_CURCIAR,SIM,3 ago 2026,3 ago 2026,null,No,CERRADAS,2026-08-04 03:13:30,Monolínea,Mono_item,Loreto,null
Iquitos,Netcall,3 ago 2026,17,902936225,9029362258047551919267,9283,Outbound,Portabilidad Postpago,PROGRAMADO,Logixtal,9355,ABIERTAS,Pendiente Entrega,Pendiente Entrega,NET_MDONAYRE,SIM,4 ago 2026,null,null,No,ABIERTAS,null,Monolínea,Mono_item,Loreto,null
Iquitos,Netcall,1 ago 2026,12,902223521,9022235218040880491867,9283,Outbound,Portabilidad Postpago,EXPRESS,Logixtal,9355,CANCELADAS,Anulado,CLIENTE YA NO DESEA PRODUCTO,NET_CPALMAG,SIM,1 ago 2026,null,null,No,CANCELADAS,2026-08-01 17:19:24,Multilínea,Multi_item,Loreto,null
Iquitos,Netcall,1 ago 2026,11,902187397,9021873978040534993679,9283,Outbound,Portabilidad Postpago,EXPRESS,Logixtal,9355,CERRADAS,Entregado,Entregado,TLV_NET_LPULIDO,SIM,1 ago 2026,1 ago 2026,02/08/2026,Sí,CERRADAS,2026-08-02 06:33:39,Monolínea,Mono_item,Loreto,39.95
Iquitos,Netcall,1 ago 2026,15,902261150,9022611508041266158031,9283,Outbound,Portabilidad Postpago,EXPRESS,Logixtal,9355,CERRADAS,Entregado,Entregado,NET_JSORIAF,SIM,1 ago 2026,3 ago 2026,null,No,CERRADAS,2026-08-04 03:38:43,Monolínea,Mono_item,Loreto,null
Iquitos,Netcall,1 ago 2026,12,902220158,9022201588040842936499,9271,Outbound,Portabilidad Postpago,EXPRESS,Logixtal,9355,CERRADAS,Entregado,Entregado,NET_PTORRESR,SIM,1 ago 2026,1 ago 2026,02/08/2026,Sí,CERRADAS,2026-08-02 02:00:02,Multilínea,Mono_item,Loreto,39.95
Iquitos,Netcall,3 ago 2026,14,902887885,9028878858047070685356,9283,Outbound,Portabilidad Postpago,EXPRESS,Logixtal,9355,ABIERTAS,Pendiente Entrega,Pendiente Entrega,TLV_NET_RSORIAH,SIM,3 ago 2026,null,null,No,ABIERTAS,null,Monolínea,Mono_item,Loreto,null
Iquitos,Netcall,1 ago 2026,12,902218871,9022188718040834823939,9271,Outbound,Portabilidad Postpago,EXPRESS,Logixtal,9355,CERRADAS,Entregado,Entregado,NET_PTORRESR,SIM,1 ago 2026,1 ago 2026,02/08/2026,Sí,CERRADAS,2026-08-02 01:22:22,Multilínea,Mono_item,Loreto,19.95
Iquitos,Netcall,1 ago 2026,17,902305654,9023056548041733590803,9283,Outbound,Portabilidad Postpago,PROGRAMADO,Logixtal,9355,CERRADAS,Entregado,Entregado,NET_CPALMAG,SIM,3 ago 2026,3 ago 2026,null,No,CERRADAS,2026-08-04 01:47:50,Multilínea,Multi_item,Loreto,null
Iquitos,Netcall,1 ago 2026,17,902305654,9023056548041733590584,9283,Outbound,Portabilidad Postpago,PROGRAMADO,Logixtal,9355,CERRADAS,Entregado,Entregado,NET_CPALMAG,SIM,3 ago 2026,3 ago 2026,null,No,CERRADAS,2026-08-04 01:47:50,Multilínea,Multi_item,Loreto,null
Iquitos,Netcall,3 ago 2026,18,902971892,9029718928047906622945,9283,Outbound,Portabilidad Postpago,PROGRAMADO,Logixtal,9355,ABIERTAS,Pendiente Entrega,Pendiente Entrega,NET_MFLORESD,SIM,4 ago 2026,null,null,No,ABIERTAS,null,Multilínea,Mono_item,Loreto,null
Iquitos,Netcall,1 ago 2026,12,902223521,9022235218040880491648,9283,Outbound,Portabilidad Postpago,EXPRESS,Logixtal,9355,CANCELADAS,Anulado,CLIENTE YA NO DESEA PRODUCTO,NET_CPALMAG,SIM,1 ago 2026,null,null,No,CANCELADAS,2026-08-01 17:19:24,Multilínea,Multi_item,Loreto,null
Iquitos,Netcall,3 ago 2026,12,902857390,902857390,9283,Outbound,Portabilidad Postpago,EXPRESS,Logixtal,9355,CERRADAS,Entregado,Entregado,NET_GCABALLEROC,SIM,3 ago 2026,3 ago 2026,null,No,CERRADAS,2026-08-04 00:11:06,Monolínea,Mono_item,Loreto,null
Iquitos,Netcall,3 ago 2026,13,902872240,9028722408046914836242,9283,Outbound,Portabilidad Postpago,EXPRESS,Logixtal,9355,CANCELADAS,Anulado,PUNTO DE ENCUENTRO CAMUFLADO,NET_MFLORESD,SIM,3 ago 2026,null,null,No,CANCELADAS,2026-08-03 15:12:47,Multilínea,Mono_item,Loreto,null
Iquitos,Netcall,3 ago 2026,18,902959843,9029598438047778558853,9283,Outbound,Portabilidad Postpago,PROGRAMADO,Logixtal,9355,ABIERTAS,Pendiente Entrega,Pendiente Entrega,NET_SCAVEROC,SIM,4 ago 2026,null,null,No,ABIERTAS,null,Multilínea,Mono_item,Loreto,null
Iquitos,Netcall,3 ago 2026,19,902991550,9029915508048103346613,9283,Outbound,Venta Regular / Alta,PROGRAMADO,Logixtal,9355,ABIERTAS,Pendiente Entrega,Pendiente Entrega,NET_MFERRER,SIM,4 ago 2026,null,null,No,ABIERTAS,null,Monolínea,Mono_item,Loreto,null
Independencia,Netcall,3 ago 2026,9,902786919,902786919,9283,Outbound,Portabilidad Postpago,EXPRESS,Logixtal,9001,CERRADAS,Entregado,Entregado,NET_SSOTOM,SIM,3 ago 2026,3 ago 2026,null,No,CERRADAS,2026-08-04 00:30:00,Monolínea,Mono_item,Lima - Callao,null
Independencia,Netcall,3 ago 2026,16,902914739,9029147398047350703535,9283,Outbound,Portabilidad Postpago,EXPRESS,Logixtal,9001,CERRADAS,Entregado,Entregado,NET_DVILLALOBOS,SIM,3 ago 2026,3 ago 2026,null,No,CERRADAS,2026-08-04 03:39:33,Monolínea,Mono_item,Lima - Callao,null
Independencia,Netcall,3 ago 2026,13,902870996,9028709968046903503434,9283,Outbound,Portabilidad Postpago,EXPRESS,Logixtal,9001,CERRADAS,Entregado,Entregado,NET_VCHIRIA,SIM,3 ago 2026,3 ago 2026,null,No,CERRADAS,2026-08-04 01:04:13,Monolínea,Mono_item,Lima - Callao,null
Independencia,Netcall,3 ago 2026,12,902838191,9028381918046630425485,9283,Outbound,Portabilidad Postpago,EXPRESS,Logixtal,9001,CERRADAS,Entregado,Entregado,NET_LROSALESA,SIM,3 ago 2026,3 ago 2026,null,No,CERRADAS,2026-08-04 02:02:42,Monolínea,Mono_item,Lima - Callao,null
Independencia,Netcall,3 ago 2026,15,902898003,9028980038047177209901,9283,Outbound,Portabilidad Postpago,EXPRESS,Logixtal,9344,CERRADAS,Entregado,Entregado,TLV_NET_JSOTOZ,SIM,3 ago 2026,3 ago 2026,null,No,CERRADAS,2026-08-04 01:54:17,Monolínea,Mono_item,Ancash,null
Independencia,Netcall,3 ago 2026,13,902876722,9028767228046964441109,9283,Outbound,Portabilidad Postpago,EXPRESS,Logixtal,9344,ABIERTAS,Pendiente Entrega,Pendiente Entrega,NET_CIOLAYAR,SIM,3 ago 2026,null,null,No,ABIERTAS,null,Monolínea,Mono_item,Ancash,null
Independencia,Netcall,3 ago 2026,17,902954064,9029540648047731326211,9283,Outbound,Portabilidad Postpago,EXPRESS,Logixtal,9001,CERRADAS,Entregado,Entregado,NET_JCHAVEZPINT,SIM,3 ago 2026,3 ago 2026,null,No,CERRADAS,2026-08-04 00:45:30,Monolínea,Mono_item,Lima - Callao,null
Independencia,Netcall,3 ago 2026,14,902881120,902881120,9283,Outbound,Portabilidad Postpago,EXPRESS,Logixtal,9001,CERRADAS,Entregado,Entregado,TLV_NET_LSANCHA,SIM,3 ago 2026,3 ago 2026,null,No,CERRADAS,2026-08-04 00:18:24,Monolínea,Mono_item,Lima - Callao,null
Independencia,Netcall,3 ago 2026,16,902915325,9029153258047357139172,9271,Outbound,Venta Regular / Alta,EXPRESS,Logixtal,9001,CERRADAS,Entregado,Entregado,NET_CSANTIAGOQ,SIM,3 ago 2026,3 ago 2026,03/08/2026,Sí,CERRADAS,2026-08-03 18:49:25,Monolínea,Mono_item,Lima - Callao,59.9
Independencia,Netcall,1 ago 2026,11,902183980,9021839808040498732343,9283,Outbound,Portabilidad Postpago,EXPRESS,Logixtal,9001,CERRADAS,Entregado,Entregado,NET_GMENDIGUETE,SIM,1 ago 2026,1 ago 2026,02/08/2026,Sí,CERRADAS,2026-08-02 00:29:21,Monolínea,Mono_item,Lima - Callao,39.95
Independencia,Netcall,3 ago 2026,10,902806448,9028064488046343843183,9283,Outbound,Portabilidad Postpago,EXPRESS,Logixtal,9344,CANCELADAS,Anulado,PIN-PORTA NO LLEGA SMS,NET_GLOPEZF,SIM,3 ago 2026,null,null,No,CANCELADAS,2026-08-03 16:45:54,Monolínea,Mono_item,Ancash,null
Ilo,Netcall,3 ago 2026,11,902811808,9028118088046355924373,9283,Outbound,Portabilidad Postpago,RETIRO EN TIENDA,Retiro en tienda,7254,ABIERTAS,Pendiente Entrega,Pendiente Entrega,NET_AYBECERRAS,SIM,3 ago 2026,null,null,No,ABIERTAS,null,Monolínea,Mono_item,Moquegua,null
Ilo,Netcall,3 ago 2026,9,902786398,9027863988046125187431,9283,Outbound,Portabilidad Postpago,RETIRO EN TIENDA,Retiro en tienda,7254,CERRADAS,Entregado,Entregado,NET_JJFERNANDEA,SIM,3 ago 2026,3 ago 2026,null,No,CERRADAS,2026-08-04 01:38:16,Monolínea,Mono_item,Moquegua,null
Ica,Netcall,1 ago 2026,17,902243260,9022432608041626530766,9283,Outbound,Portabilidad Postpago,RETIRO EN TIENDA,Retiro en tienda,1009,CERRADAS,Entregado,Entregado,NET_ANCASTROR,SIM,1 ago 2026,1 ago 2026,02/08/2026,Sí,CERRADAS,2026-08-02 00:57:43,Monolínea,Mono_item,Ica,39.95
Ica,Netcall,3 ago 2026,13,902864043,902864043,9271,Outbound,Portabilidad Postpago,EXPRESS,Logixtal,9345,CERRADAS,Entregado,Entregado,NET_JYCHPASF,SIM,3 ago 2026,3 ago 2026,null,No,CERRADAS,2026-08-04 00:18:02,Multilínea,Mono_item,Ica,null
Ica,Netcall,1 ago 2026,16,902277020,9022770208041436110200,9283,Outbound,Portabilidad Postpago,RETIRO EN TIENDA,Retiro en tienda,1009,CERRADAS,Entregado,Entregado,NET_YCHAVEZ,SIM,1 ago 2026,1 ago 2026,02/08/2026,Sí,CERRADAS,2026-08-02 00:44:42,Monolínea,Mono_item,Ica,34.95
Ica,Netcall,1 ago 2026,16,902276020,9022760208041424211453,9283,Outbound,Venta Regular / Alta,PROGRAMADO,Logixtal,9345,CERRADAS,Entregado,Entregado,NET_CMUNOZC,SIM,3 ago 2026,3 ago 2026,03/08/2026,Sí,CERRADAS,2026-08-03 11:38:29,Monolínea,Mono_item,Ica,39.9
Ica,Netcall,1 ago 2026,12,902214207,9022142078040783230575,9283,Outbound,Portabilidad Postpago,RETIRO EN TIENDA,Retiro en tienda,1009,CERRADAS,Entregado,Entregado,NET_LCCASTILLO,SIM,1 ago 2026,1 ago 2026,02/08/2026,Sí,CERRADAS,2026-08-02 01:17:01,Monolínea,Mono_item,Ica,34.95
Ica,Netcall,3 ago 2026,13,902866189,9028661898046859783858,9271,Outbound,Portabilidad Postpago,EXPRESS,Logixtal,9345,CANCELADAS,Anulado,PIN PORTA_CLIENTE RECHAZA,NET_JYCHPASF,SIM,3 ago 2026,null,null,No,CANCELADAS,2026-08-03 15:10:47,Multilínea,Mono_item,Ica,null
Ica,Netcall,3 ago 2026,6,902765575,9027655758045899161149,9271,Outbound,Portabilidad Postpago,EXPRESS,Logixtal,9345,CERRADAS,Entregado,Entregado,NET_AYACILAP,SIM,3 ago 2026,3 ago 2026,null,No,CERRADAS,2026-08-04 01:54:36,Monolínea,Mono_item,Ica,null
Ica,Netcall,3 ago 2026,15,902900968,9029009688047203515450,9283,Outbound,Portabilidad Postpago,RETIRO EN TIENDA,Retiro en tienda,1009,CERRADAS,Entregado,Entregado,NET_CALCAB,SIM,3 ago 2026,3 ago 2026,null,No,CERRADAS,2026-08-04 01:30:56,Monolínea,Mono_item,Ica,null
Ica,Netcall,3 ago 2026,13,902869289,902869289,9271,Outbound,Portabilidad Postpago,EXPRESS,Logixtal,9345,CERRADAS,Entregado,Entregado,NET_JYCHPASF,SIM,3 ago 2026,3 ago 2026,null,No,CERRADAS,2026-08-04 00:31:06,Multilínea,Mono_item,Ica,null
Ica,Netcall,2 ago 2026,11,902510255,9025102558043796990614,9283,Outbound,Portabilidad Postpago,RETIRO EN TIENDA,Retiro en tienda,1009,CERRADAS,Entregado,Entregado,TLV_NET_DBARTET,SIM,2 ago 2026,2 ago 2026,03/08/2026,Sí,CERRADAS,2026-08-03 00:45:13,Monolínea,Mono_item,Ica,19.95
Ica,Netcall,1 ago 2026,10,902177009,9021770098040428173575,9283,Outbound,Portabilidad Postpago,EXPRESS,Logixtal,9345,CERRADAS,Entregado,Entregado,TLV_NET_BCHAVEZ,SIM,1 ago 2026,1 ago 2026,02/08/2026,Sí,CERRADAS,2026-08-02 01:05:35,Multilínea,Mono_item,Ica,29.91303
Ica,Netcall,3 ago 2026,13,902861676,9028616768046816292907,9283,Outbound,Portabilidad Postpago,RETIRO EN TIENDA,Retiro en tienda,7161,ABIERTAS,Pendiente Entrega,Pendiente Entrega,NET_JCHEROO,SIM,3 ago 2026,null,null,No,ABIERTAS,null,Monolínea,Mono_item,Ica,null
Ica,Netcall,1 ago 2026,9,902150868,9021508688040190707222,5299,Outbound,Portabilidad Postpago,PROGRAMADO,Logixtal,9345,ABIERTAS,Pendiente Entrega,Pendiente Entrega,NET_MCORDOVACRU,SIM,4 ago 2026,null,null,No,ABIERTAS,null,Multilínea,Multi_item,Ica,null
Ica,Netcall,1 ago 2026,16,902279528,9022795288041458598400,9283,Outbound,Portabilidad Postpago,PROGRAMADO,Logixtal,9345,CERRADAS,Entregado,Entregado,NET_FRIVERAO,SIM,3 ago 2026,3 ago 2026,null,No,CERRADAS,2026-08-04 01:45:51,Monolínea,Mono_item,Ica,null
Ica,Netcall,1 ago 2026,11,902199499,902199499,9271,Outbound,Portabilidad Postpago,EXPRESS,Logixtal,9345,CERRADAS,Entregado,Entregado,NET_AQUIROZM,SIM,1 ago 2026,3 ago 2026,null,No,CERRADAS,2026-08-04 00:15:02,Monolínea,Mono_item,Ica,null
Ica,Netcall,3 ago 2026,16,902918766,9029187668047386060493,9283,Outbound,Portabilidad Postpago,RETIRO EN TIENDA,Retiro en tienda,7161,ABIERTAS,Pendiente Entrega,Pendiente Entrega,NET_ADOROTEOSAL,SIM,3 ago 2026,null,null,No,ABIERTAS,null,Multilínea,Mono_item,Ica,null
Ica,Netcall,3 ago 2026,16,902924354,9029243548047447466552,9283,Outbound,Portabilidad Postpago,RETIRO EN TIENDA,Retiro en tienda,1009,CERRADAS,Entregado,Entregado,NET_DVILLALOBOS,SIM,3 ago 2026,3 ago 2026,null,No,CERRADAS,2026-08-04 01:34:06,Monolínea,Mono_item,Ica,null
Ica,Netcall,1 ago 2026,10,902176020,9021760208040417778533,9283,Outbound,Venta Regular / Alta,EXPRESS,Logixtal,9345,CERRADAS,Entregado,Entregado,TLV_NET_BCHAVEZ,SIM,1 ago 2026,1 ago 2026,01/08/2026,Sí,CERRADAS,2026-08-01 13:50:09,Multilínea,Mono_item,Ica,39.95
Ica,Netcall,3 ago 2026,15,902911378,9029113788047319565162,9283,Outbound,Portabilidad Postpago,RETIRO EN TIENDA,Retiro en tienda,7161,CERRADAS,Entregado,Entregado,NET_JROMEROC,SIM,3 ago 2026,3 ago 2026,null,No,CERRADAS,2026-08-04 02:08:14,Monolínea,Mono_item,Ica,null
Ica,Netcall,1 ago 2026,9,902150868,9021508688040190707441,5299,Outbound,Portabilidad Postpago,PROGRAMADO,Logixtal,9345,ABIERTAS,Pendiente Entrega,Pendiente Entrega,NET_MCORDOVACRU,SIM,4 ago 2026,null,null,No,ABIERTAS,null,Multilínea,Multi_item,Ica,null
Ica,Netcall,1 ago 2026,15,902257454,9022574548041236389940,9283,Outbound,Portabilidad Postpago,EXPRESS,Logixtal,9345,CERRADAS,Entregado,Entregado,NET_YMILLA,SIM,1 ago 2026,1 ago 2026,02/08/2026,Sí,CERRADAS,2026-08-02 01:53:18,Multilínea,Multi_item,Ica,39.95
Ica,Netcall,3 ago 2026,13,902868175,9028681758046873123472,9271,Outbound,Portabilidad Postpago,EXPRESS,Logixtal,9345,CERRADAS,Entregado,Entregado,NET_JYCHPASF,SIM,3 ago 2026,3 ago 2026,null,No,CERRADAS,2026-08-04 00:47:55,Multilínea,Mono_item,Ica,null
Ica,Netcall,3 ago 2026,12,902844626,9028446268046643015122,9283,Outbound,Portabilidad Postpago,RETIRO EN TIENDA,Retiro en tienda,7161,ABIERTAS,Pendiente Entrega,Pendiente Entrega,NET_ADOROTEOSAL,SIM,3 ago 2026,null,null,No,ABIERTAS,null,Multilínea,Mono_item,Ica,null
Ica,Netcall,1 ago 2026,18,902310626,9023106268041778452596,9283,Outbound,Portabilidad Postpago,PROGRAMADO,Logixtal,9345,CERRADAS,Entregado,Entregado,NET_ACUEVAC,SIM,3 ago 2026,3 ago 2026,null,No,CERRADAS,2026-08-04 00:57:58,Monolínea,Mono_item,Ica,null
Ica,Netcall,3 ago 2026,19,902994797,9029947978048141188283,9283,Outbound,Portabilidad Postpago,RETIRO EN TIENDA,Retiro en tienda,1009,ABIERTAS,Pendiente Entrega,Pendiente Entrega,NET_JPALOMINOA,SIM,3 ago 2026,null,null,No,ABIERTAS,null,Monolínea,Mono_item,Ica,null
Ica,Netcall,3 ago 2026,13,902874355,9028743558046936936699,9283,Outbound,Portabilidad Postpago,EXPRESS,Logixtal,9345,CANCELADAS,Anulado,CLIENTE DESISTE - INFORMACIÓN INCORRECTA,NET_RNUNEZH,SIM,3 ago 2026,null,null,No,CANCELADAS,2026-08-03 15:05:49,Monolínea,Mono_item,Ica,null
Ica,Netcall,1 ago 2026,15,902268457,9022684578041341339189,9283,Outbound,Portabilidad Postpago,RETIRO EN TIENDA,Retiro en tienda,1009,ABIERTAS,Pendiente Entrega,Pendiente Entrega,NET_JPRADOP,SIM,1 ago 2026,null,null,No,ABIERTAS,null,Monolínea,Mono_item,Ica,null
Ica,Netcall,1 ago 2026,14,902255784,9022557848041207163008,9271,Outbound,Venta Regular / Alta,PROGRAMADO,Logixtal,9345,ABIERTAS,Pendiente Entrega,Pendiente Entrega,NET_JHUARCAYAS,SIM,4 ago 2026,null,null,No,ABIERTAS,null,Monolínea,Mono_item,Ica,null
Ica,Netcall,1 ago 2026,16,902283763,9022837638041509542274,9283,Outbound,Portabilidad Postpago,RETIRO EN TIENDA,Retiro en tienda,7161,CERRADAS,Entregado,Entregado,NET_LMALDONADOC,SIM,1 ago 2026,3 ago 2026,null,No,CERRADAS,2026-08-04 01:18:18,Monolínea,Mono_item,Ica,null
Ica,Netcall,1 ago 2026,16,902277054,9022770548041442166167,9271,Outbound,Portabilidad Postpago,PROGRAMADO,Logixtal,9345,ABIERTAS,Pendiente Entrega,Pendiente Entrega,NET_LDIAZ,SIM,3 ago 2026,null,null,No,ABIERTAS,null,Monolínea,Mono_item,Ica,null
Ica,Netcall,3 ago 2026,10,902805677,9028056778046295534449,9283,Outbound,Portabilidad Postpago,RETIRO EN TIENDA,Retiro en tienda,1009,ABIERTAS,Pendiente Entrega,Pendiente Entrega,NET_MMREVILLA,SIM,3 ago 2026,null,null,No,ABIERTAS,null,Monolínea,Mono_item,Ica,null
Ica,Netcall,1 ago 2026,15,902257454,9022574548041236395159,9283,Outbound,Portabilidad Postpago,EXPRESS,Logixtal,9345,CERRADAS,Entregado,Entregado,NET_YMILLA,SIM,1 ago 2026,1 ago 2026,02/08/2026,Sí,CERRADAS,2026-08-02 01:53:18,Multilínea,Multi_item,Ica,19.95
Ica,Netcall,3 ago 2026,11,902827108,9028271088046480238711,9283,Outbound,Portabilidad Postpago,PROGRAMADO,Logixtal,9345,ABIERTAS,Pendiente Entrega,Pendiente Entrega,NET_ATRIVINOS,SIM,4 ago 2026,null,null,No,ABIERTAS,null,Monolínea,Mono_item,Ica,null
Ica,Netcall,1 ago 2026,12,902210186,9022101868040745304035,9283,Outbound,Venta Regular / Alta,EXPRESS,Logixtal,9345,CERRADAS,Entregado,Entregado,NET_GSILVAF,SIM,1 ago 2026,1 ago 2026,01/08/2026,Sí,CERRADAS,2026-08-01 17:28:14,Monolínea,Mono_item,Ica,39.9
Ica,Netcall,1 ago 2026,10,902177826,9021778268040438341683,9283,Outbound,Portabilidad Postpago,EXPRESS,Logixtal,9345,CERRADAS,Entregado,Entregado,TLV_NET_BCHAVEZ,SIM,1 ago 2026,1 ago 2026,02/08/2026,Sí,CERRADAS,2026-08-02 00:08:22,Multilínea,Mono_item,Ica,19.95
Huaylas,Netcall,1 ago 2026,11,902186216,9021862168040518341139,9283,Outbound,Portabilidad Postpago,RETIRO EN TIENDA,Retiro en tienda,8006,ABIERTAS,Pendiente Entrega,Pendiente Entrega,NET_MFERRER,SIM,1 ago 2026,null,null,No,ABIERTAS,null,Monolínea,Mono_item,Ancash,null
Huaura,Netcall,1 ago 2026,20,902343294,9023432948042104096018,9271,Outbound,Portabilidad Postpago,RETIRO EN TIENDA,Retiro en tienda,3203,CERRADAS,Entregado,Entregado,NET_AYACILAP,SIM,1 ago 2026,3 ago 2026,null,No,CERRADAS,2026-08-04 01:33:54,Monolínea,Mono_item,Lima - Callao,null
Huaura,Netcall,1 ago 2026,17,902307461,9023074618041746859014,9283,Outbound,Portabilidad Postpago,PROGRAMADO,Logixtal,9001,ABIERTAS,Pendiente Entrega,Pendiente Entrega,NET_SRAMOSC,SIM,4 ago 2026,null,null,No,ABIERTAS,null,Monolínea,Mono_item,Lima - Callao,null
Huarmey,Netcall,3 ago 2026,9,902786695,9027866958046115928602,9283,Outbound,Portabilidad Postpago,RETIRO EN TIENDA,Retiro en tienda,7169,ABIERTAS,Pendiente Entrega,Pendiente Entrega,TLV_NET_GCUEVAC,SIM,3 ago 2026,null,null,No,ABIERTAS,null,Multilínea,Multi_item,Ancash,null
Huarmey,Netcall,3 ago 2026,9,902786695,9027866958046115928821,9283,Outbound,Portabilidad Postpago,RETIRO EN TIENDA,Retiro en tienda,7169,ABIERTAS,Pendiente Entrega,Pendiente Entrega,TLV_NET_GCUEVAC,SIM,3 ago 2026,null,null,No,ABIERTAS,null,Multilínea,Multi_item,Ancash,null
Huarmey,Netcall,1 ago 2026,8,902134459,9021344598040095684458,9283,Outbound,Portabilidad Postpago,RETIRO EN TIENDA,Retiro en tienda,7169,ABIERTAS,Pendiente Entrega,Pendiente Entrega,NET_JIYASHAMAR,SIM,1 ago 2026,null,null,No,ABIERTAS,null,Monolínea,Mono_item,Ancash,null
Huaraz,Netcall,1 ago 2026,16,902275095,9022750958041414144792,9271,Outbound,Portabilidad Postpago,RETIRO EN TIENDA,Retiro en tienda,3016,CERRADAS,Entregado,Entregado,NET_RCEVERINOL,SIM,1 ago 2026,1 ago 2026,02/08/2026,Sí,CERRADAS,2026-08-02 00:32:40,Monolínea,Mono_item,Ancash,29.95
Huaraz,Netcall,3 ago 2026,10,902811388,902811388,9271,Outbound,Portabilidad Postpago,EXPRESS,Logixtal,9344,CERRADAS,Entregado,Entregado,NET_KCHUQUIZUTC,SIM,3 ago 2026,3 ago 2026,null,No,CERRADAS,2026-08-04 00:21:23,Monolínea,Mono_item,Ancash,null
Huaraz,Netcall,1 ago 2026,9,902161941,9021619418040293178973,9271,Outbound,Portabilidad Postpago,EXPRESS,Logixtal,9344,CANCELADAS,Anulado,PIN PORTA_CLIENTE RECHAZA,NET_LGOMEZA,SIM,1 ago 2026,null,null,No,CANCELADAS,2026-08-03 09:10:47,Monolínea,Mono_item,Ancash,null
Huaraz,Netcall,3 ago 2026,10,902795458,9027954588046198245608,9283,Outbound,Portabilidad Postpago,EXPRESS,Logixtal,9344,ABIERTAS,Pendiente Entrega,Pendiente Entrega,NET_YFLORESR,SIM,3 ago 2026,null,null,No,ABIERTAS,null,Monolínea,Mono_item,Ancash,null
Huaraz,Netcall,3 ago 2026,16,902919529,9029195298047394074972,9283,Outbound,Portabilidad Postpago,EXPRESS,Logixtal,9344,ABIERTAS,Pendiente Entrega,Pendiente Entrega,NET_MFERRER,SIM,3 ago 2026,null,null,No,ABIERTAS,null,Monolínea,Mono_item,Ancash,null
Huaraz,Netcall,1 ago 2026,16,902277281,902277281,9271,Outbound,Portabilidad Postpago,RETIRO EN TIENDA,Retiro en tienda,3016,CERRADAS,Entregado,Entregado,NET_SCOVENASC,SIM,1 ago 2026,3 ago 2026,null,No,CERRADAS,2026-08-04 00:07:04,Monolínea,Mono_item,Ancash,null
Huaraz,Netcall,1 ago 2026,10,902171621,9021716218040377331641,9283,Outbound,Portabilidad Prepago,EXPRESS,Logixtal,9344,CERRADAS,Entregado,Entregado,NET_AROJASF,SIM,1 ago 2026,1 ago 2026,02/08/2026,Sí,CERRADAS,2026-08-02 00:26:13,Monolínea,Mono_item,Ancash,29.95
Huaraz,Netcall,3 ago 2026,14,902888078,9028880788047074593075,9283,Outbound,Portabilidad Postpago,EXPRESS,Logixtal,9344,ABIERTAS,Pendiente Entrega,Pendiente Entrega,TLV_NET_LSANCHA,SIM,3 ago 2026,null,null,No,ABIERTAS,null,Monolínea,Mono_item,Ancash,null
Huaraz,Netcall,3 ago 2026,12,902845591,9028455918046675613098,9283,Outbound,Portabilidad Postpago,RETIRO EN TIENDA,Retiro en tienda,3016,CERRADAS,Entregado,Entregado,NET_ANCASTROR,SIM,3 ago 2026,3 ago 2026,null,No,CERRADAS,2026-08-04 01:34:23,Monolínea,Mono_item,Ancash,null
Huaraz,Netcall,1 ago 2026,8,902148407,9021484078040167958802,9283,Outbound,Portabilidad Postpago,EXPRESS,Logixtal,9344,ABIERTAS,Pendiente Entrega,Pendiente Entrega,NET_WBENITESA,SIM,1 ago 2026,null,null,No,ABIERTAS,null,Monolínea,Mono_item,Ancash,null
Huaraz,Netcall,1 ago 2026,15,902264391,9022643918041296408094,9259,Outbound,Portabilidad Postpago,RETIRO EN TIENDA,Retiro en tienda,3016,CERRADAS,Entregado,Entregado,TLV_NET_MSLLUC,SIM,1 ago 2026,1 ago 2026,02/08/2026,Sí,CERRADAS,2026-08-02 00:43:26,Monolínea,Mono_item,Ancash,34.95
Huaral,Netcall,3 ago 2026,13,902870565,9028705658046898444805,9271,Outbound,Portabilidad Postpago,EXPRESS,Logixtal,9001,CERRADAS,Entregado,Entregado,NET_LMCALDERONC,SIM,3 ago 2026,3 ago 2026,null,No,CERRADAS,2026-08-04 01:30:26,Multilínea,Mono_item,Lima - Callao,null
Huaral,Netcall,3 ago 2026,13,902872048,902872048,9271,Outbound,Portabilidad Postpago,EXPRESS,Logixtal,9001,CERRADAS,Entregado,Entregado,NET_LMCALDERONC,SIM,3 ago 2026,3 ago 2026,null,No,CERRADAS,2026-08-04 00:10:38,Multilínea,Mono_item,Lima - Callao,null
Huaral,Netcall,3 ago 2026,17,902957586,9029575868047764139817,9283,Outbound,Portabilidad Postpago,PROGRAMADO,Logixtal,9001,ABIERTAS,Pendiente Entrega,Pendiente Entrega,TLV_NET_YAQUINO,SIM,5 ago 2026,null,null,No,ABIERTAS,null,Monolínea,Mono_item,Lima - Callao,null
Huaral,Netcall,3 ago 2026,10,902794300,902794300,9271,Outbound,Portabilidad Postpago,EXPRESS,Logixtal,9001,CERRADAS,Entregado,Entregado,NET_CTRAVIM,SIM,3 ago 2026,3 ago 2026,null,No,CERRADAS,2026-08-04 00:15:17,Monolínea,Mono_item,Lima - Callao,null
Huaral,Netcall,3 ago 2026,13,902865486,9028654868046848784451,9271,Outbound,Portabilidad Postpago,EXPRESS,Logixtal,9001,CERRADAS,Entregado,Entregado,NET_SVELASQUEZL,SIM,3 ago 2026,3 ago 2026,null,No,CERRADAS,2026-08-04 00:47:30,Monolínea,Mono_item,Lima - Callao,null
Huaral,Netcall,3 ago 2026,10,902794244,902794244,9283,Outbound,Portabilidad Postpago,EXPRESS,Logixtal,9001,CERRADAS,Entregado,Entregado,NET_ELAURAQ,SIM,3 ago 2026,3 ago 2026,null,No,CERRADAS,2026-08-04 00:36:47,Monolínea,Mono_item,Lima - Callao,null
Huaral,Netcall,3 ago 2026,11,902821077,902821077,9289,Outbound,Portabilidad Postpago,EXPRESS,Logixtal,9001,CERRADAS,Entregado,Entregado,NET_LCAMPOSCABR,SIM,3 ago 2026,3 ago 2026,null,No,CERRADAS,2026-08-04 00:10:02,Monolínea,Mono_item,Lima - Callao,null
Huaral,Netcall,1 ago 2026,11,902184296,9021842968040501969067,9283,Outbound,Portabilidad Postpago,PROGRAMADO,Logixtal,9001,CANCELADAS,Anulado,CLIENTE YA NO DESEA PRODUCTO,NET_KSANCHEZ,SIM,3 ago 2026,null,null,No,CANCELADAS,2026-08-03 19:58:47,Monolínea,Mono_item,Lima - Callao,null
Huanuco,Netcall,3 ago 2026,10,902807053,9028070538046312552679,9283,Outbound,Portabilidad Postpago,EXPRESS,Logixtal,9353,CERRADAS,Entregado,Entregado,NET_MASANCHEZC,SIM,3 ago 2026,3 ago 2026,null,No,CERRADAS,2026-08-04 00:50:25,Monolínea,Mono_item,Huanuco,null
Huanuco,Netcall,1 ago 2026,10,902172353,9021723538040384060046,9283,Outbound,Portabilidad Postpago,RETIRO EN TIENDA,Retiro en tienda,3015,ABIERTAS,Pendiente Entrega,Pendiente Entrega,NET_AUCEDAENEQU,SIM,1 ago 2026,null,null,No,ABIERTAS,null,Monolínea,Mono_item,Huanuco,null
Huanuco,Netcall,1 ago 2026,10,902177526,9021775268040436527972,9283,Outbound,Venta Regular / Alta,EXPRESS,Logixtal,9353,CANCELADAS,Anulado,CLIENTE DESISTE - NO BRINDA MOTIVOS,NET_CALIAGAP,SIM,1 ago 2026,null,null,No,CANCELADAS,2026-08-01 12:48:20,Multilínea,Mono_item,Huanuco,null
Huanuco,Netcall,1 ago 2026,12,902222509,9022225098040871053983,9283,Outbound,Portabilidad Postpago,EXPRESS,Logixtal,9353,CERRADAS,Entregado,Entregado,NET_EAYALAE,SIM,1 ago 2026,1 ago 2026,02/08/2026,Sí,CERRADAS,2026-08-02 02:06:48,Monolínea,Mono_item,Huanuco,39.95
Huanuco,Netcall,4 ago 2026,7,903194150,903194150Empty,9283,Outbound,Portabilidad Postpago,EXPRESS,Logixtal,9353,ABIERTAS,Pendiente Entrega,Pendiente Entrega,NET_CIOLAYAR,SIM,4 ago 2026,null,null,No,ABIERTAS,null,Multilínea,Mono_item,Huanuco,null
Huanuco,Netcall,3 ago 2026,11,902823313,9028233138046440864449,9283,Outbound,Portabilidad Postpago,EXPRESS,Logixtal,9353,CANCELADAS,Anulado,DOCUMENTOS ILEGIBLES,NET_GFLORESS,SIM,3 ago 2026,null,null,No,CANCELADAS,2026-08-03 13:28:50,Monolínea,Mono_item,Huanuco,null
Huanuco,Netcall,3 ago 2026,18,902968698,9029686988047876492166,9283,Outbound,Portabilidad Postpago,RETIRO EN TIENDA,Retiro en tienda,3015,CERRADAS,Entregado,Entregado,TLV_NET_MLANDAR,SIM,3 ago 2026,3 ago 2026,null,No,CERRADAS,2026-08-04 03:12:30,Multilínea,Mono_item,Huanuco,null
Huanuco,Netcall,1 ago 2026,13,902239455,9022394558041044715229,9271,Outbound,Portabilidad Postpago,EXPRESS,Logixtal,9353,CERRADAS,Entregado,Entregado,NET_CSANTIAGOQ,SIM,1 ago 2026,1 ago 2026,02/08/2026,Sí,CERRADAS,2026-08-02 00:41:46,Monolínea,Mono_item,Huanuco,39.95
Huanuco,Netcall,1 ago 2026,10,902178514,9021785148040449524181,9283,Outbound,Portabilidad Postpago,EXPRESS,Logixtal,9353,CANCELADAS,Anulado,CLIENTE DESISTE - NO BRINDA MOTIVOS,NET_CALIAGAP,SIM,1 ago 2026,null,null,No,CANCELADAS,2026-08-01 12:47:25,Multilínea,Mono_item,Huanuco,null
Huanuco,Netcall,1 ago 2026,13,902227094,9022270948040915515490,9283,Outbound,Portabilidad Postpago,RETIRO EN TIENDA,Retiro en tienda,3015,CANCELADAS,Cancelado,Cancelado,NET_JCAVEROC,SIM,1 ago 2026,null,null,No,CANCELADAS,2026-08-01 14:13:39,Monolínea,Mono_item,Huanuco,null
Huanuco,Netcall,3 ago 2026,12,902843028,9028430288046784143563,9283,Outbound,Portabilidad Postpago,RETIRO EN TIENDA,Retiro en tienda,3015,ABIERTAS,Pendiente Entrega,Pendiente Entrega,TLV_NET_YQUITOV,SIM,3 ago 2026,null,null,No,ABIERTAS,null,Monolínea,Mono_item,Huanuco,null
Huanuco,Netcall,3 ago 2026,16,902920557,9029205578047404496218,9283,Outbound,Portabilidad Postpago,RETIRO EN TIENDA,Retiro en tienda,3015,ABIERTAS,Pendiente Entrega,Pendiente Entrega,TLV_NET_KCHAVEZ,SIM,3 ago 2026,null,null,No,ABIERTAS,null,Monolínea,Mono_item,Huanuco,null
Huanuco,Netcall,1 ago 2026,12,902213565,9022135658040777529673,9283,Outbound,Portabilidad Postpago,EXPRESS,Logixtal,9353,CERRADAS,Entregado,Entregado,NET_JCHEROO,SIM,1 ago 2026,1 ago 2026,02/08/2026,Sí,CERRADAS,2026-08-02 00:31:26,Monolínea,Mono_item,Huanuco,29.95
Huanuco,Netcall,3 ago 2026,13,902865174,902865174,9283,Outbound,Portabilidad Postpago,EXPRESS,Logixtal,9353,CERRADAS,Entregado,Entregado,NET_GFLORESS,SIM,3 ago 2026,3 ago 2026,null,No,CERRADAS,2026-08-04 00:41:57,Monolínea,Mono_item,Huanuco,null
Huanuco,Netcall,1 ago 2026,11,902188277,9021882778040541804187,9283,Outbound,Portabilidad Postpago,EXPRESS,Logixtal,9353,CANCELADAS,Anulado,CLIENTE DESISTE - NO BRINDA MOTIVOS,NET_SLAZOB,SIM,1 ago 2026,null,null,No,CANCELADAS,2026-08-01 12:47:24,Monolínea,Mono_item,Huanuco,null
Huanuco,Netcall,3 ago 2026,14,902889353,9028893538047091615716,9283,Outbound,Portabilidad Postpago,RETIRO EN TIENDA,Retiro en tienda,3015,CANCELADAS,Cancelado,Cancelado,TLV_NET_MLANDAR,SIM,3 ago 2026,null,null,No,CANCELADAS,2026-08-03 18:19:22,Multilínea,Mono_item,Huanuco,null
Huanuco,Netcall,1 ago 2026,13,902230692,9022306928040946622404,9271,Outbound,Portabilidad Postpago,EXPRESS,Logixtal,9353,CERRADAS,Entregado,Entregado,NET_VCARMENG,SIM,1 ago 2026,1 ago 2026,03/08/2026,Sí,CERRADAS,2026-08-03 21:56:27,Monolínea,Mono_item,Huanuco,39.95
Huanuco,Netcall,1 ago 2026,9,902159079,9021590798040264864391,9283,Outbound,Portabilidad Postpago,EXPRESS,Logixtal,9353,CANCELADAS,Anulado,CLIENTE SE ENCUENTRA DE VIAJE,NET_MTELLOG,SIM,1 ago 2026,null,null,No,CANCELADAS,2026-08-03 15:44:14,Monolínea,Mono_item,Huanuco,null
Huanuco,Netcall,3 ago 2026,14,902879690,9028796908046991984698,9283,Outbound,Portabilidad Postpago,RETIRO EN TIENDA,Retiro en tienda,3015,ABIERTAS,Pendiente Entrega,Pendiente Entrega,NET_TVASQUEZANG,SIM,3 ago 2026,null,null,No,ABIERTAS,null,Monolínea,Mono_item,Huanuco,null
Huanuco,Netcall,3 ago 2026,7,902774305,9027743058046000979279,9283,Outbound,Portabilidad Postpago,EXPRESS,Logixtal,9353,CANCELADAS,Anulado,CLIENTE SE ENCUENTRA DE VIAJE,TLV_NET_MLANDAR,SIM,3 ago 2026,null,null,No,CANCELADAS,2026-08-03 12:43:17,Monolínea,Mono_item,Huanuco,null
Huanuco,Netcall,1 ago 2026,14,902242678,9022426788041075657541,9283,Outbound,Portabilidad Postpago,EXPRESS,Logixtal,9353,CERRADAS,Entregado,Entregado,NET_LLOBATONV,SIM,1 ago 2026,1 ago 2026,02/08/2026,Sí,CERRADAS,2026-08-02 01:46:24,Monolínea,Mono_item,Huanuco,29.95
Huanuco,Netcall,3 ago 2026,18,902970097,9029700978047884054430,9283,Outbound,Venta Regular / Alta,RETIRO EN TIENDA,Retiro en tienda,3015,CERRADAS,Entregado,Entregado,TLV_NET_MLANDAR,SIM,3 ago 2026,3 ago 2026,03/08/2026,Sí,CERRADAS,2026-08-03 18:58:35,Multilínea,Mono_item,Huanuco,39.95
Huanuco,Netcall,3 ago 2026,10,902799280,902799280,9283,Outbound,Portabilidad Postpago,RETIRO EN TIENDA,Retiro en tienda,3015,CERRADAS,Entregado,Entregado,NET_CIOLAYAR,SIM,3 ago 2026,3 ago 2026,null,No,CERRADAS,2026-08-04 00:08:02,Monolínea,Mono_item,Huanuco,null
Huanuco,Netcall,3 ago 2026,15,902912434,9029124348047326663464,9283,Outbound,Portabilidad Postpago,PROGRAMADO,Logixtal,9353,ABIERTAS,Pendiente Entrega,Pendiente Entrega,NET_JCHEROO,SIM,4 ago 2026,null,null,No,ABIERTAS,null,Monolínea,Mono_item,Huanuco,null
Huanuco,Netcall,1 ago 2026,14,902245800,9022458008041098665257,9283,Outbound,Portabilidad Postpago,EXPRESS,Logixtal,9353,CANCELADAS,Anulado,CLIENTE DESISTE - NO BRINDA MOTIVOS,NET_JSANGAMA,SIM,1 ago 2026,null,null,No,CANCELADAS,2026-08-03 15:39:49,Monolínea,Mono_item,Huanuco,null
Huanuco,Netcall,3 ago 2026,16,902918951,902918951,9283,Outbound,Portabilidad Postpago,RETIRO EN TIENDA,Retiro en tienda,3015,CERRADAS,Entregado,Entregado,TLV_NET_KCHAVEZ,SIM,3 ago 2026,3 ago 2026,null,No,CERRADAS,2026-08-04 00:24:10,Monolínea,Mono_item,Huanuco,null
Huanuco,Netcall,3 ago 2026,13,902864333,9028643338046837237173,9271,Outbound,Portabilidad Postpago,RETIRO EN TIENDA,Retiro en tienda,3015,ABIERTAS,Pendiente Entrega,Pendiente Entrega,NET_JAREVALOC,SIM,3 ago 2026,null,null,No,ABIERTAS,null,Monolínea,Mono_item,Huanuco,null
Huanchaco,Netcall,3 ago 2026,10,902794227,9027942278046188750006,9283,Outbound,Portabilidad Postpago,PROGRAMADO,Logixtal,5023,ABIERTAS,Pendiente Entrega,Pendiente Entrega,NET_KBRACOV,SIM,6 ago 2026,null,null,No,ABIERTAS,null,Monolínea,Mono_item,La Libertad,null
Huanchaco,Netcall,1 ago 2026,15,902270202,902270202,9283,Outbound,Portabilidad Postpago,PROGRAMADO,Logixtal,5023,CERRADAS,Entregado,Entregado,NET_RNUNEZH,SIM,3 ago 2026,3 ago 2026,null,No,CERRADAS,2026-08-04 00:15:35,Monolínea,Mono_item,La Libertad,null
Huanchaco,Netcall,4 ago 2026,7,903194584,903194584Empty,9283,Outbound,Portabilidad Postpago,PROGRAMADO,Logixtal,5023,ABIERTAS,No bop,No bop,NET_SLAZOBE,SIM,6 ago 2026,null,null,No,ABIERTAS,null,Multilínea,Mono_item,La Libertad,null
Huanchaco,Netcall,3 ago 2026,10,902792591,9027925918046172002199,9283,Outbound,Portabilidad Postpago,PROGRAMADO,Logixtal,5023,ABIERTAS,Pendiente Entrega,Pendiente Entrega,NET_JBARRAGANH,SIM,6 ago 2026,null,null,No,ABIERTAS,null,Monolínea,Mono_item,La Libertad,null
Huancayo,Netcall,3 ago 2026,17,902952864,9029528648047714262768,9283,Outbound,Portabilidad Postpago,PROGRAMADO,Logixtal,9346,ABIERTAS,Pendiente Entrega,Pendiente Entrega,NET_KGCORTEZP,SIM,5 ago 2026,null,null,No,ABIERTAS,null,Monolínea,Mono_item,Junin,null
Huancayo,Netcall,1 ago 2026,16,902281180,9022811808041477685804,9283,Outbound,Portabilidad Postpago,EXPRESS,Logixtal,9346,CANCELADAS,Anulado,PIN-PORTA NO LLEGA SMS,NET_CDANGELOV,SIM,1 ago 2026,null,null,No,CANCELADAS,2026-08-01 17:22:46,Monolínea,Mono_item,Junin,null
Huancayo,Netcall,1 ago 2026,10,902169325,902169325,9271,Outbound,Portabilidad Postpago,PROGRAMADO,Logixtal,9346,CERRADAS,Entregado,Entregado,NET_GDJULCAT,SIM,3 ago 2026,3 ago 2026,null,No,CERRADAS,2026-08-04 00:17:27,Monolínea,Mono_item,Junin,null
Huancayo,Netcall,3 ago 2026,12,902839589,902839589,9283,Outbound,Portabilidad Postpago,EXPRESS,Logixtal,9346,CERRADAS,Entregado,Entregado,NET_RALVAREZV,SIM,3 ago 2026,3 ago 2026,null,No,CERRADAS,2026-08-04 00:14:24,Monolínea,Mono_item,Junin,null
Huancayo,Netcall,3 ago 2026,9,902783924,9027839248046088107325,9283,Outbound,Portabilidad Postpago,EXPRESS,Logixtal,9346,CERRADAS,Entregado,Entregado,NET_WBENITESA,SIM,3 ago 2026,3 ago 2026,null,No,CERRADAS,2026-08-04 01:58:02,Monolínea,Mono_item,Junin,null
Huancayo,Netcall,1 ago 2026,15,902265674,9022656748041308948198,9283,Outbound,Portabilidad Postpago,EXPRESS,Logixtal,9346,CANCELADAS,Anulado,NO SE CUBRE ZONA,NET_DVILLALOBOS,SIM,1 ago 2026,null,null,No,CANCELADAS,2026-08-03 11:36:19,Monolínea,Mono_item,Junin,null
Huancayo,Netcall,3 ago 2026,16,902915802,9029158028047364361347,9283,Outbound,Portabilidad Postpago,EXPRESS,Logixtal,9346,CANCELADAS,Anulado,PIN-PORTA NO LLEGA SMS,NET_CDANGELOV,SIM,3 ago 2026,null,null,No,CANCELADAS,2026-08-03 17:05:19,Monolínea,Mono_item,Junin,null
Huancayo,Netcall,1 ago 2026,16,902285081,9022850818041520571981,9283,Outbound,Portabilidad Postpago,EXPRESS,Logixtal,9346,ABIERTAS,Pendiente Entrega,Pendiente Entrega,NET_CCOBENAM,SIM,1 ago 2026,null,null,No,ABIERTAS,null,Monolínea,Mono_item,Junin,null
Huancayo,Netcall,3 ago 2026,14,902871649,9028716498047063262204,9283,Outbound,Portabilidad Postpago,EXPRESS,Logixtal,9346,ABIERTAS,Pendiente Entrega,Pendiente Entrega,NET_AARNAIZA,SIM,3 ago 2026,null,null,No,ABIERTAS,null,Monolínea,Mono_item,Junin,null
Huancayo,Netcall,1 ago 2026,11,902183424,9021834248040492185177,9283,Outbound,Portabilidad Prepago,EXPRESS,Logixtal,9346,CERRADAS,Entregado,Entregado,NET_JCHEROO,SIM,1 ago 2026,1 ago 2026,02/08/2026,Sí,CERRADAS,2026-08-02 01:06:02,Monolínea,Mono_item,Junin,39.95
Huancayo,Netcall,1 ago 2026,11,902203601,9022036018040682458686,9283,Outbound,Portabilidad Postpago,EXPRESS,Logixtal,9346,CANCELADAS,Entregado,Entregado,TLV_NET_GJQUISP,SIM,1 ago 2026,1 ago 2026,null,No,CANCELADAS,2026-08-01 22:00:33,Monolínea,Mono_item,Junin,null
Huancayo,Netcall,3 ago 2026,16,902922038,9029220388047420016733,9271,Outbound,Portabilidad Postpago,EXPRESS,Logixtal,9346,ABIERTAS,Pendiente Entrega,Pendiente Entrega,NET_JAREVALOC,SIM,3 ago 2026,null,null,No,ABIERTAS,null,Monolínea,Mono_item,Junin,null
Huancayo,Netcall,1 ago 2026,11,902193919,9021939198040587907400,9283,Outbound,Portabilidad Postpago,EXPRESS,Logixtal,9346,CERRADAS,Entregado,Entregado,NET_LRUIZL,SIM,1 ago 2026,1 ago 2026,02/08/2026,Sí,CERRADAS,2026-08-02 01:12:40,Multilínea,Mono_item,Junin,29.91303
Huancayo,Netcall,1 ago 2026,11,902195223,9021952238040601488239,9283,Outbound,Portabilidad Postpago,EXPRESS,Logixtal,9346,CANCELADAS,Anulado,PIN-PORTA NO LLEGA SMS,NET_LRUIZL,SIM,1 ago 2026,null,null,No,CANCELADAS,2026-08-01 13:53:22,Multilínea,Mono_item,Junin,null
Huancayo,Netcall,3 ago 2026,13,902873534,9028735348046932589059,9283,Outbound,Portabilidad Postpago,EXPRESS,Logixtal,9346,CERRADAS,Entregado,Entregado,NET_GCABALLEROC,SIM,3 ago 2026,3 ago 2026,null,No,CERRADAS,2026-08-04 01:29:46,Multilínea,Mono_item,Junin,null
Huancayo,Netcall,3 ago 2026,13,902875200,9028752008046946906664,9283,Outbound,Portabilidad Postpago,EXPRESS,Logixtal,9346,CERRADAS,Entregado,Entregado,NET_GCABALLEROC,SIM,3 ago 2026,3 ago 2026,null,No,CERRADAS,2026-08-04 02:01:11,Multilínea,Mono_item,Junin,null
Huancayo,Netcall,1 ago 2026,11,902196632,9021966328040633749731,9283,Outbound,Portabilidad Prepago,EXPRESS,Logixtal,9346,CERRADAS,Entregado,Entregado,NET_CIOLAYAR,SIM,1 ago 2026,1 ago 2026,02/08/2026,Sí,CERRADAS,2026-08-02 00:13:55,Monolínea,Mono_item,Junin,29.95
Huancayo,Netcall,3 ago 2026,9,902783099,9027830998046079177921,9283,Outbound,Portabilidad Postpago,EXPRESS,Logixtal,9346,ABIERTAS,Entregado,Entregado,NET_KZAVALETAZ,SIM,3 ago 2026,3 ago 2026,null,No,ABIERTAS,null,Monolínea,Mono_item,Junin,null
Huancayo,Netcall,3 ago 2026,15,902896420,9028964208047158181862,9283,Outbound,Portabilidad Postpago,EXPRESS,Logixtal,9346,CERRADAS,Entregado,Entregado,NET_DFRANCIAH,SIM,3 ago 2026,3 ago 2026,null,No,CERRADAS,2026-08-04 00:57:51,Monolínea,Mono_item,Junin,null
Huancayo,Netcall,3 ago 2026,15,902901165,902901165,9283,Outbound,Portabilidad Postpago,EXPRESS,Logixtal,9346,CERRADAS,Entregado,Entregado,NET_ALOPEZD,SIM,3 ago 2026,3 ago 2026,null,No,CERRADAS,2026-08-04 00:10:02,Multilínea,Mono_item,Junin,null
Huancayo,Netcall,1 ago 2026,11,902188243,9021882438040542042998,9283,Outbound,Portabilidad Postpago,PROGRAMADO,Logixtal,9346,ABIERTAS,Pendiente Entrega,Pendiente Entrega,NET_MFLORESD,SIM,3 ago 2026,null,null,No,ABIERTAS,null,Monolínea,Mono_item,Junin,null
Huancayo,Netcall,3 ago 2026,12,902839118,902839118,9271,Outbound,Portabilidad Postpago,EXPRESS,Logixtal,9346,CERRADAS,Entregado,Entregado,NET_LNECIOSUPC,SIM,3 ago 2026,3 ago 2026,null,No,CERRADAS,2026-08-04 00:15:02,Monolínea,Mono_item,Junin,null
Huancayo,Netcall,3 ago 2026,10,902797416,9027974168046220907093,5299,Outbound,Portabilidad Postpago,EXPRESS,Logixtal,9346,ABIERTAS,Entregado,Entregado,NET_RCANDIOTTIA,SIM,3 ago 2026,3 ago 2026,null,No,ABIERTAS,null,Monolínea,Mono_item,Junin,null
Huancayo,Netcall,3 ago 2026,15,902899665,9028996658047192502950,9283,Outbound,Portabilidad Postpago,EXPRESS,Logixtal,9346,CERRADAS,Entregado,Entregado,NET_ALOPEZD,SIM,3 ago 2026,3 ago 2026,null,No,CERRADAS,2026-08-04 03:39:54,Multilínea,Mono_item,Junin,null
Huancavelica,Netcall,2 ago 2026,13,902542982,9025429828044078587293,9283,Outbound,Portabilidad Prepago,RETIRO EN TIENDA,Retiro en tienda,3217,CERRADAS,Entregado,Entregado,NET_SLAZOB,SIM,2 ago 2026,2 ago 2026,03/08/2026,Sí,CERRADAS,2026-08-03 00:30:48,Monolínea,Mono_item,Huancavelica,29.95
Huancavelica,Netcall,3 ago 2026,11,902830883,9028308838046513365513,9283,Outbound,Portabilidad Postpago,RETIRO EN TIENDA,Retiro en tienda,3217,CERRADAS,Entregado,Entregado,NET_LLOPEZM,SIM,3 ago 2026,3 ago 2026,null,No,CERRADAS,2026-08-04 01:50:46,Monolínea,Mono_item,Huancavelica,null
Huancavelica,Netcall,4 ago 2026,6,903193570,903193570Empty,9283,Outbound,Portabilidad Postpago,RETIRO EN TIENDA,Retiro en tienda,3217,ABIERTAS,Pendiente Entrega,Pendiente Entrega,NET_JIYASHAMAR,SIM,4 ago 2026,null,null,No,ABIERTAS,null,Multilínea,Mono_item,Huancavelica,null
Huancavelica,Netcall,1 ago 2026,17,902289873,9022898738041571611579,9283,Outbound,Portabilidad Postpago,RETIRO EN TIENDA,Retiro en tienda,3217,CERRADAS,Entregado,Entregado,TLV_NET_MLANDAR,SIM,1 ago 2026,1 ago 2026,02/08/2026,Sí,CERRADAS,2026-08-02 00:26:20,Monolínea,Mono_item,Huancavelica,34.95
Huancan,Netcall,3 ago 2026,9,902790666,9027906668046155923174,9283,Outbound,Portabilidad Postpago,PROGRAMADO,Logixtal,9346,ABIERTAS,Entregado,Entregado,NET_GHERRERAG,SIM,4 ago 2026,4 ago 2026,null,No,ABIERTAS,null,Multilínea,Mono_item,Junin,null
Huancan,Netcall,1 ago 2026,16,902282022,9022820228041487590872,9289,Outbound,Portabilidad Postpago,PROGRAMADO,Logixtal,9346,CERRADAS,Entregado,Entregado,NET_LCAMPOSCABR,SIM,3 ago 2026,3 ago 2026,null,No,CERRADAS,2026-08-04 00:49:38,Monolínea,Mono_item,Junin,null
Huancan,Netcall,3 ago 2026,11,902813274,9028132748046371298960,9283,Outbound,Portabilidad Postpago,EXPRESS,Logixtal,9346,CERRADAS,Entregado,Entregado,TLV_NET_MLANDAR,SIM,3 ago 2026,3 ago 2026,null,No,CERRADAS,2026-08-04 01:54:38,Monolínea,Mono_item,Junin,null
Huancan,Netcall,3 ago 2026,11,902824976,9028249768046456960283,9271,Outbound,Portabilidad Postpago,EXPRESS,Logixtal,9346,ABIERTAS,Pendiente Entrega,Pendiente Entrega,NET_APAREDEST,SIM,3 ago 2026,null,null,No,ABIERTAS,null,Monolínea,Mono_item,Junin,null
Huancan,Netcall,3 ago 2026,9,902789871,9027898718046146821344,9283,Outbound,Portabilidad Postpago,PROGRAMADO,Logixtal,9346,ABIERTAS,Entregado,Entregado,NET_GHERRERAG,SIM,4 ago 2026,4 ago 2026,null,No,ABIERTAS,null,Multilínea,Mono_item,Junin,null
Huamanga,Netcall,3 ago 2026,10,902802407,902802407,9283,Outbound,Portabilidad Postpago,RETIRO EN TIENDA,Retiro en tienda,3208,CERRADAS,Entregado,Entregado,NET_GFLORESS,SIM,3 ago 2026,3 ago 2026,null,No,CERRADAS,2026-08-04 00:08:31,Monolínea,Mono_item,Ayacucho,null
Huamanga,Netcall,3 ago 2026,9,902789692,902789692,9271,Outbound,Portabilidad Postpago,RETIRO EN TIENDA,Retiro en tienda,3065,CERRADAS,Entregado,Entregado,NET_ETORRE,SIM,3 ago 2026,3 ago 2026,null,No,CERRADAS,2026-08-04 00:33:56,Monolínea,Mono_item,Ayacucho,null
Huacho,Netcall,3 ago 2026,18,902968651,9029686518047871853374,9283,Outbound,Portabilidad Postpago,PROGRAMADO,Logixtal,9001,ABIERTAS,Pendiente Entrega,Pendiente Entrega,NET_EZEVALLOSZ,SIM,5 ago 2026,null,null,No,ABIERTAS,null,Monolínea,Mono_item,Lima - Callao,null
Huacho,Netcall,3 ago 2026,11,902826021,902826021,9283,Outbound,Portabilidad Postpago,EXPRESS,Logixtal,9001,CERRADAS,Entregado,Entregado,NET_CULLOAC,SIM,3 ago 2026,3 ago 2026,null,No,CERRADAS,2026-08-04 00:12:10,Monolínea,Mono_item,Lima - Callao,null
Guadalupe,Netcall,3 ago 2026,13,902874186,9028741868046935873408,9271,Outbound,Portabilidad Postpago,PROGRAMADO,Logixtal,5023,ABIERTAS,Pendiente Entrega,Pendiente Entrega,NET_AISLAG,SIM,6 ago 2026,null,null,No,ABIERTAS,null,Monolínea,Mono_item,La Libertad,null
Grocio Prado,Netcall,3 ago 2026,15,902896467,9028964678047169651043,9283,Outbound,Portabilidad Postpago,PROGRAMADO,Logixtal,9345,ABIERTAS,Pendiente Entrega,Pendiente Entrega,NET_JQUINECHEB,SIM,4 ago 2026,null,null,No,ABIERTAS,null,Multilínea,Multi_item,Ica,null
Grocio Prado,Netcall,1 ago 2026,9,902157395,9021573958040250824186,9283,Outbound,Portabilidad Postpago,EXPRESS,Logixtal,9345,CERRADAS,Entregado,Entregado,NET_SCAVEROC,SIM,1 ago 2026,3 ago 2026,null,No,CERRADAS,2026-08-04 01:15:34,Monolínea,Mono_item,Ica,null
Grocio Prado,Netcall,3 ago 2026,15,902896467,9028964678047169651262,9283,Outbound,Portabilidad Postpago,PROGRAMADO,Logixtal,9345,ABIERTAS,Pendiente Entrega,Pendiente Entrega,NET_JQUINECHEB,SIM,4 ago 2026,null,null,No,ABIERTAS,null,Multilínea,Multi_item,Ica,null
Florencia De Mora,Netcall,3 ago 2026,13,902871721,9028717218046919479734,9283,Outbound,Portabilidad Postpago,EXPRESS,Logixtal,5023,CANCELADAS,Anulado,PIN PORTA_NO VALIDO,NET_KROJASNAUPA,SIM,3 ago 2026,null,null,No,CANCELADAS,2026-08-03 14:30:14,Monolínea,Mono_item,La Libertad,null
Florencia De Mora,Netcall,3 ago 2026,16,902924644,9029246448047445532849,9283,Outbound,Portabilidad Postpago,EXPRESS,Logixtal,5023,CERRADAS,Entregado,Entregado,NET_KARAUJOC,SIM,3 ago 2026,3 ago 2026,null,No,CERRADAS,2026-08-04 01:41:48,Multilínea,Multi_item,La Libertad,null
Florencia De Mora,Netcall,3 ago 2026,16,902924644,9029246448047445532630,9283,Outbound,Portabilidad Postpago,EXPRESS,Logixtal,5023,CERRADAS,Entregado,Entregado,NET_KARAUJOC,SIM,3 ago 2026,3 ago 2026,null,No,CERRADAS,2026-08-04 01:41:48,Multilínea,Multi_item,La Libertad,null
Florencia De Mora,Netcall,1 ago 2026,16,902274244,9022742448041406639782,9271,Outbound,Portabilidad Prepago,EXPRESS,Logixtal,5023,CERRADAS,Entregado,Entregado,NET_FCASTILLOG,SIM,1 ago 2026,1 ago 2026,02/08/2026,Sí,CERRADAS,2026-08-02 00:35:02,Multilínea,Mono_item,La Libertad,19.95
Florencia De Mora,Netcall,3 ago 2026,13,902875881,9028758818046955283782,9283,Outbound,Venta Regular / Alta,EXPRESS,Logixtal,5023,CERRADAS,Entregado,Entregado,TLV_NET_EBULNES,SIM,3 ago 2026,3 ago 2026,03/08/2026,Sí,CERRADAS,2026-08-03 16:02:44,Monolínea,Mono_item,La Libertad,29.91303
Florencia De Mora,Netcall,1 ago 2026,16,902272944,9022729448041390922516,9271,Outbound,Portabilidad Prepago,EXPRESS,Logixtal,5023,CERRADAS,Entregado,Entregado,NET_FCASTILLOG,SIM,1 ago 2026,1 ago 2026,02/08/2026,Sí,CERRADAS,2026-08-02 00:26:06,Multilínea,Mono_item,La Libertad,39.95
El Tambo,Netcall,1 ago 2026,14,902247826,9022478268041122801145,9283,Outbound,Portabilidad Postpago,EXPRESS,Logixtal,9346,CERRADAS,Entregado,Entregado,NET_GMENDIGUETE,SIM,1 ago 2026,1 ago 2026,02/08/2026,Sí,CERRADAS,2026-08-02 01:54:17,Multilínea,Mono_item,Junin,19.95
El Tambo,Netcall,1 ago 2026,10,902169556,9021695568040358519646,9283,Outbound,Portabilidad Postpago,PROGRAMADO,Logixtal,9346,CANCELADAS,Anulado,CLIENTE DESISTE - INFORMACIÓN INCORRECTA,TLV_NET_JSOTOZ,SIM,3 ago 2026,null,null,No,CANCELADAS,2026-08-03 10:52:19,Monolínea,Mono_item,Junin,null
El Tambo,Netcall,1 ago 2026,9,902156875,9021568758040243024821,9283,Outbound,Portabilidad Postpago,EXPRESS,Logixtal,9346,CERRADAS,Entregado,Entregado,NET_GMENDIGUETE,SIM,1 ago 2026,1 ago 2026,02/08/2026,Sí,CERRADAS,2026-08-02 00:45:45,Monolínea,Mono_item,Junin,34.95
El Tambo,Netcall,3 ago 2026,10,902809483,9028094838046336170325,9283,Outbound,Portabilidad Postpago,EXPRESS,Logixtal,9346,ABIERTAS,Entregado,Entregado,NET_EBOZA,SIM,3 ago 2026,3 ago 2026,null,No,ABIERTAS,null,Monolínea,Mono_item,Junin,null
El Tambo,Netcall,3 ago 2026,13,902865099,9028650998046850146589,9283,Outbound,Portabilidad Postpago,EXPRESS,Logixtal,9346,CERRADAS,Entregado,Entregado,NET_WBENITESA,SIM,3 ago 2026,3 ago 2026,null,No,CERRADAS,2026-08-04 01:12:29,Multilínea,Mono_item,Junin,null
El Tambo,Netcall,1 ago 2026,14,902246978,9022469788041112649015,9283,Outbound,Venta Regular / Alta,EXPRESS,Logixtal,9346,CERRADAS,Entregado,Entregado,NET_GMENDIGUETE,SIM,1 ago 2026,1 ago 2026,01/08/2026,Sí,CERRADAS,2026-08-01 19:20:10,Multilínea,Mono_item,Junin,39.95
El Tambo,Netcall,3 ago 2026,9,902780954,9027809548046058080783,9283,Outbound,Portabilidad Postpago,EXPRESS,Logixtal,9346,CERRADAS,Entregado,Entregado,NET_ATISNADOA,SIM,3 ago 2026,3 ago 2026,null,No,CERRADAS,2026-08-04 01:42:53,Monolínea,Mono_item,Junin,null
El Tambo,Netcall,3 ago 2026,9,902788724,9027887248046140050743,9283,Outbound,Portabilidad Postpago,EXPRESS,Logixtal,9346,CERRADAS,Entregado,Entregado,NET_LPADILLAC,SIM,3 ago 2026,3 ago 2026,null,No,CERRADAS,2026-08-04 02:15:41,Monolínea,Mono_item,Junin,null
El Tambo,Netcall,1 ago 2026,15,902261861,9022618618041268185781,9283,Outbound,Portabilidad Postpago,PROGRAMADO,Logixtal,9346,CERRADAS,Entregado,Entregado,TLV_NET_BRAMIRE,SIM,3 ago 2026,3 ago 2026,null,No,CERRADAS,2026-08-04 01:23:36,Multilínea,Mono_item,Junin,null
El Tambo,Netcall,3 ago 2026,13,902868958,9028689588046882858517,9283,Outbound,Portabilidad Postpago,EXPRESS,Logixtal,9346,CERRADAS,Entregado,Entregado,NET_GCABALLEROC,SIM,3 ago 2026,3 ago 2026,null,No,CERRADAS,2026-08-04 02:02:35,Multilínea,Mono_item,Junin,null
El Tambo,Netcall,3 ago 2026,13,902870052,9028700528046893452982,9283,Outbound,Portabilidad Postpago,EXPRESS,Logixtal,9346,CANCELADAS,Entregado,Entregado,NET_GCABALLEROC,SIM,3 ago 2026,3 ago 2026,null,No,CANCELADAS,2026-08-03 22:00:26,Multilínea,Mono_item,Junin,null
El Tambo,Netcall,3 ago 2026,16,902932695,9029326958047516846250,9283,Outbound,Portabilidad Postpago,PROGRAMADO,Logixtal,9346,ABIERTAS,Pendiente Entrega,Pendiente Entrega,NET_GGALLARDAYA,SIM,4 ago 2026,null,null,No,ABIERTAS,null,Monolínea,Mono_item,Junin,null
El Tambo,Netcall,1 ago 2026,13,902240551,9022405518041055241807,9283,Outbound,Portabilidad Postpago,EXPRESS,Logixtal,9346,CERRADAS,Entregado,Entregado,NET_SSUAREZG,SIM,1 ago 2026,1 ago 2026,02/08/2026,Sí,CERRADAS,2026-08-02 01:07:32,Multilínea,Mono_item,Junin,19.95
El Tambo,Netcall,3 ago 2026,13,902867954,9028679548046877517668,9283,Outbound,Venta Regular / Alta,EXPRESS,Logixtal,9346,CERRADAS,Entregado,Entregado,NET_WBENITESA,SIM,3 ago 2026,3 ago 2026,03/08/2026,Sí,CERRADAS,2026-08-03 17:52:22,Multilínea,Mono_item,Junin,29.95
El Tambo,Netcall,1 ago 2026,15,902259405,9022594058041243603290,9283,Outbound,Portabilidad Postpago,EXPRESS,Logixtal,9346,CANCELADAS,Anulado,CLIENTE DESISTE - INFORMACIÓN INCORRECTA,NET_GFLORESS,SIM,1 ago 2026,null,null,No,CANCELADAS,2026-08-01 15:36:24,Monolínea,Mono_item,Junin,null
El Tambo,Netcall,1 ago 2026,13,902238941,9022389418041036258261,9283,Outbound,Portabilidad Postpago,EXPRESS,Logixtal,9346,CERRADAS,Entregado,Entregado,NET_SSUAREZG,SIM,1 ago 2026,1 ago 2026,02/08/2026,Sí,CERRADAS,2026-08-02 00:14:29,Multilínea,Mono_item,Junin,39.95
El Tambo,Netcall,1 ago 2026,15,902262738,9022627388041282136388,9283,Outbound,Portabilidad Postpago,PROGRAMADO,Logixtal,9346,CERRADAS,Entregado,Entregado,TLV_NET_BRAMIRE,SIM,3 ago 2026,3 ago 2026,null,No,CERRADAS,2026-08-04 00:59:21,Multilínea,Mono_item,Junin,null
El Tambo,Netcall,1 ago 2026,10,902169513,9021695138040358073613,9283,Outbound,Portabilidad Postpago,EXPRESS,Logixtal,9346,CERRADAS,Entregado,Entregado,NET_CSALAZARP,SIM,1 ago 2026,1 ago 2026,02/08/2026,Sí,CERRADAS,2026-08-02 00:18:19,Monolínea,Mono_item,Junin,34.95
El Tambo,Netcall,3 ago 2026,12,902852894,9028528948046735690413,9283,Outbound,Portabilidad Postpago,EXPRESS,Logixtal,9346,CERRADAS,Entregado,Entregado,NET_DVILLALOBOS,SIM,3 ago 2026,3 ago 2026,null,No,CERRADAS,2026-08-04 00:58:35,Monolínea,Mono_item,Junin,null
El Tambo,Netcall,1 ago 2026,9,902149383,9021493838040198844386,9283,Outbound,Portabilidad Postpago,PROGRAMADO,Logixtal,9346,ABIERTAS,Pendiente Entrega,Pendiente Entrega,NET_SBENITESL,SIM,4 ago 2026,null,null,No,ABIERTAS,null,Monolínea,Mono_item,Junin,null
El Tambo,Netcall,3 ago 2026,8,902776510,9027765108046018643462,9283,Outbound,Portabilidad Postpago,EXPRESS,Logixtal,9346,CERRADAS,Entregado,Entregado,NET_DVALVERDEM,SIM,3 ago 2026,3 ago 2026,null,No,CERRADAS,2026-08-04 02:03:26,Monolínea,Mono_item,Junin,null
El Tambo,Netcall,1 ago 2026,14,902248827,9022488278041127715410,9283,Outbound,Portabilidad Postpago,EXPRESS,Logixtal,9346,CERRADAS,Entregado,Entregado,NET_GMENDIGUETE,SIM,1 ago 2026,1 ago 2026,02/08/2026,Sí,CERRADAS,2026-08-02 01:33:44,Multilínea,Mono_item,Junin,19.95
El Porvenir,Netcall,3 ago 2026,13,902872499,9028724998046915829336,9283,Outbound,Venta Regular / Alta,EXPRESS,Logixtal,5023,CANCELADAS,Anulado,CLIENTE YA NO DESEA PRODUCTO,NET_LMALDONADOC,SIM,3 ago 2026,null,null,No,CANCELADAS,2026-08-03 14:57:49,Multilínea,Mono_item,La Libertad,null
El Porvenir,Netcall,3 ago 2026,16,902934882,9029348828047542071518,9283,Outbound,Portabilidad Postpago,EXPRESS,Logixtal,5023,CERRADAS,Entregado,Entregado,NET_CPINELLAC,SIM,3 ago 2026,3 ago 2026,null,No,CERRADAS,2026-08-04 03:16:56,Monolínea,Mono_item,La Libertad,null
El Porvenir,Netcall,3 ago 2026,13,902873851,9028738518046929111803,9283,Outbound,Portabilidad Postpago,EXPRESS,Logixtal,5023,CANCELADAS,Anulado,PIN PORTA_NO VALIDO,NET_LMALDONADOC,SIM,3 ago 2026,null,null,No,CANCELADAS,2026-08-03 14:43:38,Multilínea,Mono_item,La Libertad,null
El Porvenir,Netcall,3 ago 2026,12,902847328,902847328,9283,Outbound,Portabilidad Postpago,EXPRESS,Logixtal,5023,CERRADAS,Entregado,Entregado,NET_ACASTROS,SIM,3 ago 2026,3 ago 2026,null,No,CERRADAS,2026-08-04 00:39:26,Monolínea,Mono_item,La Libertad,null
El Porvenir,Netcall,1 ago 2026,15,902261329,9022613298041265991254,9271,Outbound,Portabilidad Postpago,EXPRESS,Logixtal,5023,CANCELADAS,Anulado,CLIENTE YA NO DESEA PRODUCTO,NET_PHUAMANM,SIM,1 ago 2026,null,null,No,CANCELADAS,2026-08-03 08:59:59,Monolínea,Mono_item,La Libertad,null
El Porvenir,Netcall,1 ago 2026,14,902245209,9022452098041096232770,9283,Outbound,Portabilidad Postpago,EXPRESS,Logixtal,5023,CERRADAS,Entregado,Entregado,TLV_NET_KCHAVEZ,SIM,1 ago 2026,1 ago 2026,02/08/2026,Sí,CERRADAS,2026-08-02 00:59:15,Monolínea,Mono_item,La Libertad,34.95
El Porvenir,Netcall,1 ago 2026,16,902288522,9022885228041556513775,9271,Outbound,Portabilidad Postpago,EXPRESS,Logixtal,5023,CERRADAS,Entregado,Entregado,NET_ACORDOVAS,SIM,1 ago 2026,1 ago 2026,02/08/2026,Sí,CERRADAS,2026-08-02 01:28:23,Monolínea,Mono_item,La Libertad,39.95
El Porvenir,Netcall,3 ago 2026,10,902794794,9027947948046194263676,9283,Outbound,Portabilidad Postpago,EXPRESS,Logixtal,5023,ABIERTAS,Anulado,CLIENTE DESISTE - INFORMACIÓN INCORRECTA,NET_LMANRIQUED,SIM,3 ago 2026,null,null,No,ABIERTAS,null,Monolínea,Mono_item,La Libertad,null
El Porvenir,Netcall,3 ago 2026,15,902902632,9029026328047226212150,9283,Outbound,Venta Regular / Alta,EXPRESS,Logixtal,5023,CERRADAS,Entregado,Entregado,NET_LMALDONADOC,SIM,3 ago 2026,3 ago 2026,03/08/2026,Sí,CERRADAS,2026-08-03 17:49:01,Multilínea,Mono_item,La Libertad,19.95
El Porvenir,Netcall,1 ago 2026,12,902207815,9022078158040729891959,9283,Outbound,Venta Regular / Alta,EXPRESS,Logixtal,5023,CERRADAS,Entregado,Entregado,TLV_NET_JSILVAT,SIM,1 ago 2026,1 ago 2026,01/08/2026,Sí,CERRADAS,2026-08-01 13:57:30,Monolínea,Mono_item,La Libertad,39.9
El Porvenir,Netcall,3 ago 2026,15,902901237,9029012378047210657498,9283,Outbound,Venta Regular / Alta,EXPRESS,Logixtal,5023,CERRADAS,Entregado,Entregado,NET_LMALDONADOC,SIM,3 ago 2026,3 ago 2026,03/08/2026,Sí,CERRADAS,2026-08-03 16:12:39,Multilínea,Mono_item,La Libertad,39.95
El Agustino,Netcall,3 ago 2026,19,902984288,9029842888048028227927,9283,Outbound,Portabilidad Postpago,PROGRAMADO,Logixtal,9001,ABIERTAS,Pendiente Entrega,Pendiente Entrega,NET_MMREVILLA,SIM,4 ago 2026,null,null,No,ABIERTAS,null,Monolínea,Mono_item,Lima - Callao,null
El Agustino,Netcall,2 ago 2026,7,902419596,9024195968043255734809,9283,Outbound,Portabilidad Postpago,EXPRESS,Logixtal,9001,CANCELADAS,Anulado,CLIENTE DESISTE - INFORMACIÓN INCORRECTA,NET_EBOZA,SIM,2 ago 2026,null,null,No,CANCELADAS,2026-08-02 11:39:56,Multilínea,Mono_item,Lima - Callao,null
El Agustino,Netcall,1 ago 2026,15,902263846,9022638468041292760886,9283,Outbound,Portabilidad Prepago,EXPRESS,Logixtal,9001,CERRADAS,Entregado,Entregado,NET_GCABALLEROC,SIM,1 ago 2026,1 ago 2026,02/08/2026,Sí,CERRADAS,2026-08-02 01:08:35,Monolínea,Mono_item,Lima - Callao,29.95
El Agustino,Netcall,1 ago 2026,11,902195108,9021951088040604476826,9283,Outbound,Portabilidad Postpago,EXPRESS,Logixtal,9001,ABIERTAS,Entregado,Entregado,NET_MCASTILLOC,SIM,1 ago 2026,1 ago 2026,null,No,ABIERTAS,null,Multilínea,Multi_item,Lima - Callao,null
El Agustino,Netcall,1 ago 2026,14,902250245,9022502458041145788119,9283,Outbound,Portabilidad Postpago,EXPRESS,Logixtal,9001,CERRADAS,Entregado,Entregado,NET_DDEPINHOZ,SIM,1 ago 2026,1 ago 2026,02/08/2026,Sí,CERRADAS,2026-08-02 01:51:39,Monolínea,Mono_item,Lima - Callao,39.95
El Agustino,Netcall,1 ago 2026,11,902195108,9021951088040604476169,9283,Outbound,Portabilidad Postpago,EXPRESS,Logixtal,9001,ABIERTAS,Entregado,Entregado,NET_MCASTILLOC,SIM,1 ago 2026,1 ago 2026,null,No,ABIERTAS,null,Multilínea,Multi_item,Lima - Callao,null
El Agustino,Netcall,1 ago 2026,17,902300801,9023008018041680709704,9283,Outbound,Portabilidad Postpago,EXPRESS,Logixtal,9001,CANCELADAS,Anulado,POSIBLE FRAUDE,NET_EBOZA,SIM,1 ago 2026,null,null,No,CANCELADAS,2026-08-01 18:13:23,Monolínea,Mono_item,Lima - Callao,null
El Agustino,Netcall,3 ago 2026,16,902917514,9029175148047376171313,9283,Outbound,Portabilidad Postpago,EXPRESS,Logixtal,9001,CERRADAS,Entregado,Entregado,TLV_NET_CZEGARR,SIM,3 ago 2026,3 ago 2026,null,No,CERRADAS,2026-08-04 01:46:50,Multilínea,Mono_item,Lima - Callao,null
El Agustino,Netcall,1 ago 2026,11,902195108,9021951088040604476607,9283,Outbound,Portabilidad Postpago,EXPRESS,Logixtal,9001,ABIERTAS,Entregado,Entregado,NET_MCASTILLOC,SIM,1 ago 2026,1 ago 2026,null,No,ABIERTAS,null,Multilínea,Multi_item,Lima - Callao,null
El Agustino,Netcall,1 ago 2026,11,902195108,9021951088040604476388,9283,Outbound,Portabilidad Postpago,EXPRESS,Logixtal,9001,ABIERTAS,Entregado,Entregado,NET_MCASTILLOC,SIM,1 ago 2026,1 ago 2026,null,No,ABIERTAS,null,Multilínea,Multi_item,Lima - Callao,null
El Agustino,Netcall,1 ago 2026,12,902213986,9022139868040784639736,9283,Outbound,Portabilidad Postpago,EXPRESS,Logixtal,9001,ABIERTAS,Pendiente Entrega,Pendiente Entrega,NET_SLAZOB,SIM,1 ago 2026,null,null,No,ABIERTAS,null,Monolínea,Mono_item,Lima - Callao,null
El Agustino,Netcall,2 ago 2026,12,902530093,9025300938043962238519,9283,Outbound,Portabilidad Postpago,EXPRESS,Logixtal,9001,CERRADAS,Entregado,Entregado,NET_EBOZA,SIM,2 ago 2026,2 ago 2026,03/08/2026,Sí,CERRADAS,2026-08-03 00:10:59,Multilínea,Mono_item,Lima - Callao,39.95
El Agustino,Netcall,1 ago 2026,9,902163607,9021636078040310128874,9283,Outbound,Portabilidad Postpago,EXPRESS,Logixtal,9001,CERRADAS,Entregado,Entregado,NET_PCHAVESTAY,SIM,1 ago 2026,1 ago 2026,02/08/2026,Sí,CERRADAS,2026-08-02 01:58:32,Monolínea,Mono_item,Lima - Callao,29.95
El Agustino,Netcall,2 ago 2026,12,902532185,9025321858043981786640,9283,Outbound,Portabilidad Postpago,EXPRESS,Logixtal,9001,CERRADAS,Entregado,Entregado,NET_LMANRIQUED,SIM,2 ago 2026,2 ago 2026,03/08/2026,Sí,CERRADAS,2026-08-03 02:03:10,Monolínea,Mono_item,Lima - Callao,34.95
El Agustino,Netcall,1 ago 2026,9,902160666,9021606668040282256082,9283,Outbound,Portabilidad Postpago,EXPRESS,Logixtal,9001,CERRADAS,Entregado,Entregado,TLV_NET_BCHAVEZ,SIM,1 ago 2026,1 ago 2026,02/08/2026,Sí,CERRADAS,2026-08-02 01:36:13,Monolínea,Mono_item,Lima - Callao,29.95
El Agustino,Netcall,3 ago 2026,16,902920321,9029203218047401985385,9283,Outbound,Portabilidad Postpago,EXPRESS,Logixtal,9001,ABIERTAS,Pendiente Entrega,Pendiente Entrega,TLV_NET_CZEGARR,SIM,3 ago 2026,null,null,No,ABIERTAS,null,Multilínea,Mono_item,Lima - Callao,null
El Agustino,Netcall,1 ago 2026,12,902216561,9022165618040810635191,9283,Outbound,Portabilidad Postpago,PROGRAMADO,Logixtal,9001,CANCELADAS,Anulado,DIRECCIÓN ERRADA,NET_SLAZOB,SIM,3 ago 2026,null,null,No,CANCELADAS,2026-08-03 16:30:54,Monolínea,Mono_item,Lima - Callao,null
Cusco,Netcall,3 ago 2026,13,902861368,9028613688046815580530,9271,Outbound,Portabilidad Postpago,RETIRO EN TIENDA,Retiro en tienda,2102,CANCELADAS,Cancelado,Cancelado,NET_JAREVALOC,SIM,3 ago 2026,null,null,No,CANCELADAS,2026-08-03 20:06:33,Monolínea,Mono_item,Cusco,null
Cusco,Netcall,1 ago 2026,12,902212864,9022128648040771963895,9283,Outbound,Portabilidad Postpago,EXPRESS,Logixtal,9343,CANCELADAS,Anulado,CLIENTE NO DESEA EN CONTACTO PREVIO,TLV_NET_CURCIAR,SIM,1 ago 2026,null,null,No,CANCELADAS,2026-08-03 10:07:18,Monolínea,Mono_item,Cusco,null
Cusco,Netcall,1 ago 2026,12,902210398,9022103988040751168631,9283,Outbound,Portabilidad Postpago,RETIRO EN TIENDA,Retiro en tienda,1006,CERRADAS,Entregado,Entregado,NET_CIOLAYAR,SIM,1 ago 2026,1 ago 2026,02/08/2026,Sí,CERRADAS,2026-08-02 06:18:34,Monolínea,Mono_item,Cusco,39.95
Cusco,Netcall,1 ago 2026,14,902243408,9022434088041084382008,9283,Outbound,Portabilidad Postpago,RETIRO EN TIENDA,Retiro en tienda,1006,CANCELADAS,Cancelado,Cancelado,NET_JTORRESQ,SIM,1 ago 2026,null,null,No,CANCELADAS,2026-08-03 15:43:58,Monolínea,Mono_item,Cusco,null
Cusco,Netcall,1 ago 2026,15,902261305,9022613058041266157795,9283,Outbound,Portabilidad Postpago,EXPRESS,Logixtal,9343,ABIERTAS,Pendiente Entrega,Pendiente Entrega,NET_LDIAZS,SIM,1 ago 2026,null,null,No,ABIERTAS,null,Monolínea,Mono_item,Cusco,null
Cusco,Netcall,2 ago 2026,14,902554250,9025542508044186469682,9283,Outbound,Portabilidad Postpago,RETIRO EN TIENDA,Retiro en tienda,2102,CERRADAS,Entregado,Entregado,NET_MZEVALLOSMA,SIM,2 ago 2026,2 ago 2026,03/08/2026,Sí,CERRADAS,2026-08-03 00:26:33,Multilínea,Mono_item,Cusco,39.95
Cusco,Netcall,2 ago 2026,11,902505986,9025059868043766400886,9283,Outbound,Portabilidad Postpago,RETIRO EN TIENDA,Retiro en tienda,2102,CERRADAS,Entregado,Entregado,TLV_NET_KARANDA,SIM,2 ago 2026,2 ago 2026,03/08/2026,Sí,CERRADAS,2026-08-03 01:24:50,Monolínea,Mono_item,Cusco,34.95
Cusco,Netcall,1 ago 2026,16,902276379,9022763798041446018228,9283,Outbound,Portabilidad Postpago,PROGRAMADO,Logixtal,9343,ABIERTAS,Anulado,CLIENTE NO DESEA EN CONTACTO PREVIO,TLV_NET_BRAMIRE,SIM,3 ago 2026,null,null,No,ABIERTAS,null,Monolínea,Mono_item,Cusco,null
Cusco,Netcall,3 ago 2026,16,902918904,9029189048047399897086,9283,Outbound,Portabilidad Postpago,RETIRO EN TIENDA,Retiro en tienda,2102,CERRADAS,Entregado,Entregado,NET_YUCEDAB,SIM,3 ago 2026,3 ago 2026,null,No,CERRADAS,2026-08-04 03:41:00,Monolínea,Mono_item,Cusco,null
Cusco,Netcall,1 ago 2026,20,902347369,9023473698042153172665,9283,Outbound,Portabilidad Postpago,RETIRO EN TIENDA,Retiro en tienda,2102,ABIERTAS,Pendiente Entrega,Pendiente Entrega,NET_GFLORESS,SIM,1 ago 2026,null,null,No,ABIERTAS,null,Monolínea,Mono_item,Cusco,null
Cusco,Netcall,1 ago 2026,13,902237976,9022379768041020973568,5299,Outbound,Portabilidad Prepago,RETIRO EN TIENDA,Retiro en tienda,2102,CERRADAS,Entregado,Entregado,NET_KARAUJOC,SIM,1 ago 2026,1 ago 2026,02/08/2026,Sí,CERRADAS,2026-08-02 00:34:27,Monolínea,Mono_item,Cusco,29.91303
Cusco,Netcall,3 ago 2026,17,902946103,9029461038047642651905,9283,Outbound,Portabilidad Postpago,PROGRAMADO,Logixtal,9343,ABIERTAS,Pendiente Entrega,Pendiente Entrega,NET_MORIHUELAQ,SIM,4 ago 2026,null,null,No,ABIERTAS,null,Monolínea,Mono_item,Cusco,null
Cusco,Netcall,3 ago 2026,15,902898342,9028983428047182540101,9283,Outbound,Venta Regular / Alta,EXPRESS,Logixtal,9343,CERRADAS,Entregado,Entregado,NET_EMACHEROT,SIM,3 ago 2026,3 ago 2026,03/08/2026,Sí,CERRADAS,2026-08-03 18:48:01,Monolínea,Mono_item,Cusco,39.9
Cusco,Netcall,2 ago 2026,14,902554823,9025548238044192605325,9283,Outbound,Portabilidad Postpago,RETIRO EN TIENDA,Retiro en tienda,2102,CERRADAS,Entregado,Entregado,NET_MZEVALLOSMA,SIM,2 ago 2026,2 ago 2026,03/08/2026,Sí,CERRADAS,2026-08-03 00:48:59,Multilínea,Mono_item,Cusco,19.95
Cusco,Netcall,3 ago 2026,12,902851394,9028513948046718097351,9283,Outbound,Portabilidad Postpago,EXPRESS,Logixtal,9343,CERRADAS,Entregado,Entregado,NET_GFLORESS,SIM,3 ago 2026,3 ago 2026,null,No,CERRADAS,2026-08-04 01:14:50,Monolínea,Mono_item,Cusco,null
Cusco,Netcall,1 ago 2026,9,902156522,9021565228040239624960,9271,Outbound,Portabilidad Postpago,EXPRESS,Logixtal,9343,CERRADAS,Entregado,Entregado,NET_LMANRIQUED,SIM,1 ago 2026,1 ago 2026,02/08/2026,Sí,CERRADAS,2026-08-02 01:16:39,Monolínea,Mono_item,Cusco,39.95
Cusco,Netcall,1 ago 2026,9,902154670,9021546708040224407537,9271,Outbound,Portabilidad Postpago,RETIRO EN TIENDA,Retiro en tienda,1006,CERRADAS,Entregado,Entregado,NET_AUGAZC,SIM,1 ago 2026,1 ago 2026,02/08/2026,Sí,CERRADAS,2026-08-02 01:46:14,Monolínea,Mono_item,Cusco,34.95
Cusco,Netcall,1 ago 2026,15,902272062,9022720628041385163799,9271,Outbound,Portabilidad Postpago,EXPRESS,Logixtal,9343,ABIERTAS,Pendiente Entrega,Pendiente Entrega,NET_LNECIOSUPC,SIM,1 ago 2026,null,null,No,ABIERTAS,null,Monolínea,Mono_item,Cusco,null
Cusco,Netcall,3 ago 2026,14,902890971,9028909718047111516630,9271,Outbound,Portabilidad Postpago,EXPRESS,Logixtal,9343,ABIERTAS,Pendiente Entrega,Pendiente Entrega,NET_MRUIZSANCHC,SIM,3 ago 2026,null,null,No,ABIERTAS,null,Monolínea,Mono_item,Cusco,null
Coronel Portillo,Netcall,1 ago 2026,11,902193837,9021938378040590761050,9283,Outbound,Portabilidad Postpago,RETIRO EN TIENDA,Retiro en tienda,7104,CERRADAS,Entregado,Entregado,NET_ECHEROS,SIM,1 ago 2026,1 ago 2026,02/08/2026,Sí,CERRADAS,2026-08-02 01:33:07,Monolínea,Mono_item,Ucayali,29.95
Coronel Gregorio Albarracin Lanchipa,Netcall,3 ago 2026,11,902817143,9028171438046392318165,9259,Outbound,Portabilidad Postpago,EXPRESS,Logixtal,9348,ABIERTAS,Anulado,CLIENTE AUSENTE,NET_LLEONAN,SIM,3 ago 2026,null,null,No,ABIERTAS,null,Monolínea,Mono_item,Tacna,null
Coronel Gregorio Albarracin Lanchipa,Netcall,2 ago 2026,8,902446168,9024461688043389772977,9271,Outbound,Portabilidad Postpago,PROGRAMADO,Logixtal,9348,CANCELADAS,Cancelado,CANCELADA EN OMNIX,NET_JLAZAROA,SIM,4 ago 2026,null,null,No,CANCELADAS,2026-08-03 09:13:05,Monolínea,Mono_item,Tacna,null
Coronel Gregorio Albarracin Lanchipa,Netcall,1 ago 2026,13,902229236,9022292368040939919907,9289,Outbound,Portabilidad Postpago,EXPRESS,Logixtal,9348,CERRADAS,Entregado,Entregado,NET_YHUAMAN,SIM,1 ago 2026,1 ago 2026,02/08/2026,Sí,CERRADAS,2026-08-02 01:29:08,Monolínea,Mono_item,Tacna,39.95
Coronel Gregorio Albarracin Lanchipa,Netcall,1 ago 2026,10,902166293,9021662938040329239700,9289,Outbound,Portabilidad Postpago,PROGRAMADO,Logixtal,9348,CANCELADAS,Cancelado,CANCELADA EN OMNIX,NET_LCAMPOSCABR,SIM,3 ago 2026,null,null,No,CANCELADAS,2026-08-01 13:33:39,Monolínea,Mono_item,Tacna,null
Coronel Gregorio Albarracin Lanchipa,Netcall,4 ago 2026,7,903194094,903194094Empty,9283,Outbound,Portabilidad Postpago,EXPRESS,Logixtal,9348,ABIERTAS,Pendiente Entrega,Pendiente Entrega,NET_VZEGARRAAGU,SIM,4 ago 2026,null,null,No,ABIERTAS,null,Monolínea,Mono_item,Tacna,null
Coronel Gregorio Albarracin Lanchipa,Netcall,1 ago 2026,11,902201256,9022012568040661071125,9283,Outbound,Portabilidad Postpago,EXPRESS,Logixtal,9348,CERRADAS,Entregado,Entregado,TLV_NET_DVALOI,SIM,1 ago 2026,1 ago 2026,null,No,CERRADAS,2026-08-02 00:39:52,Monolínea,Mono_item,Tacna,null
Coronel Gregorio Albarracin Lanchipa,Netcall,3 ago 2026,11,902829091,9028290918046493447357,9283,Outbound,Portabilidad Postpago,PROGRAMADO,Logixtal,9348,ABIERTAS,Pendiente Entrega,Pendiente Entrega,NET_JCHEROO,SIM,4 ago 2026,null,null,No,ABIERTAS,null,Monolínea,Mono_item,Tacna,null
Coronel Gregorio Albarracin Lanchipa,Netcall,3 ago 2026,9,902785557,9027855578046110331089,9271,Outbound,Portabilidad Postpago,EXPRESS,Logixtal,9348,ABIERTAS,Pendiente Entrega,Pendiente Entrega,NET_ACORDOVAS,SIM,3 ago 2026,null,null,No,ABIERTAS,null,Monolínea,Mono_item,Tacna,null
Comas,Netcall,3 ago 2026,15,902910803,9029108038047311486106,9283,Outbound,Portabilidad Postpago,EXPRESS,Logixtal,9001,ABIERTAS,Pendiente Entrega,Pendiente Entrega,NET_CULLOAC,SIM,3 ago 2026,null,null,No,ABIERTAS,null,Monolínea,Mono_item,Lima - Callao,null
Comas,Netcall,3 ago 2026,11,902822789,9028227898046429099692,9283,Outbound,Portabilidad Postpago,EXPRESS,Logixtal,9001,CERRADAS,Entregado,Entregado,NET_AYZAGUIRREH,SIM,3 ago 2026,3 ago 2026,null,No,CERRADAS,2026-08-04 01:42:17,Multilínea,Multi_item,Lima - Callao,null
Comas,Netcall,3 ago 2026,11,902821241,9028212418046420617189,9271,Outbound,Portabilidad Postpago,EXPRESS,Logixtal,9001,CERRADAS,Entregado,Entregado,NET_RDULANTORO,SIM,3 ago 2026,3 ago 2026,null,No,CERRADAS,2026-08-04 00:54:10,Monolínea,Mono_item,Lima - Callao,null
Comas,Netcall,3 ago 2026,16,902927634,9029276348047472811238,9283,Outbound,Portabilidad Postpago,EXPRESS,Logixtal,9001,CERRADAS,Entregado,Entregado,NET_SDIAZO,SIM,3 ago 2026,3 ago 2026,null,No,CERRADAS,2026-08-04 03:13:34,Monolínea,Mono_item,Lima - Callao,null
Comas,Netcall,1 ago 2026,18,902319912,9023199128041865971798,9283,Outbound,Portabilidad Postpago,EXPRESS,Logixtal,9001,CANCELADAS,Anulado,DIRECCIÓN ERRADA,NET_YUCEDAB,SIM,1 ago 2026,null,null,No,CANCELADAS,2026-08-01 19:42:50,Monolínea,Mono_item,Lima - Callao,null
Comas,Netcall,1 ago 2026,13,902227483,9022274838040917719487,9283,Outbound,Portabilidad Postpago,EXPRESS,Logixtal,9001,CERRADAS,Entregado,Entregado,NET_TDILAST,SIM,1 ago 2026,2 ago 2026,03/08/2026,Sí,CERRADAS,2026-08-03 00:53:42,Multilínea,Mono_item,Lima - Callao,29.91303
Comas,Netcall,3 ago 2026,15,902896455,9028964558047158788637,9271,Outbound,Venta Regular / Alta,EXPRESS,Logixtal,9001,CERRADAS,Entregado,Entregado,NET_LRODRIGUEZC,SIM,3 ago 2026,3 ago 2026,03/08/2026,Sí,CERRADAS,2026-08-03 18:16:00,Monolínea,Mono_item,Lima - Callao,49.9
Comas,Netcall,3 ago 2026,18,902971412,9029714128047906060395,9283,Outbound,Portabilidad Postpago,PROGRAMADO,Logixtal,9001,ABIERTAS,Pendiente Entrega,Pendiente Entrega,NET_FLABANM,SIM,4 ago 2026,null,null,No,ABIERTAS,null,Monolínea,Mono_item,Lima - Callao,null
Comas,Netcall,3 ago 2026,15,902909800,902909800,9283,Outbound,Portabilidad Postpago,EXPRESS,Logixtal,9001,CERRADAS,Entregado,Entregado,NET_KDIAZPISCOY,SIM,3 ago 2026,3 ago 2026,null,No,CERRADAS,2026-08-04 00:32:35,Multilínea,Mono_item,Lima - Callao,null
Comas,Netcall,3 ago 2026,10,902791303,9027913038046158846396,5299,Outbound,Portabilidad Postpago,EXPRESS,Logixtal,9001,CERRADAS,Entregado,Entregado,NET_VOBESOS,SIM,3 ago 2026,3 ago 2026,null,No,CERRADAS,2026-08-04 01:32:41,Monolínea,Mono_item,Lima - Callao,null
Comas,Netcall,2 ago 2026,10,902502355,9025023558043731651906,9283,Outbound,Portabilidad Prepago,EXPRESS,Logixtal,9001,CERRADAS,Entregado,Entregado,NET_LLOBATONV,SIM,2 ago 2026,2 ago 2026,03/08/2026,Sí,CERRADAS,2026-08-03 00:18:36,Monolínea,Mono_item,Lima - Callao,39.95
Comas,Netcall,1 ago 2026,16,902275310,9022753108041421021398,9283,Outbound,Portabilidad Postpago,EXPRESS,Logixtal,9001,CERRADAS,Entregado,Entregado,NET_SBENITESL,SIM,1 ago 2026,1 ago 2026,02/08/2026,Sí,CERRADAS,2026-08-02 00:05:02,Multilínea,Mono_item,Lima - Callao,39.95
Comas,Netcall,1 ago 2026,16,902282837,9022828378041502147930,9283,Outbound,Portabilidad Postpago,EXPRESS,Logixtal,9001,CERRADAS,Entregado,Entregado,NET_BMIRANDAFE,SIM,1 ago 2026,1 ago 2026,02/08/2026,Sí,CERRADAS,2026-08-02 07:15:37,Monolínea,Mono_item,Lima - Callao,29.95
Comas,Netcall,1 ago 2026,12,902210964,9022109648040754722120,9283,Outbound,Venta Regular / Alta,EXPRESS,Logixtal,9001,CERRADAS,Entregado,Entregado,NET_MGUZMANP,SIM,1 ago 2026,1 ago 2026,01/08/2026,Sí,CERRADAS,2026-08-01 15:07:40,Monolínea,Mono_item,Lima - Callao,39.9
Comas,Netcall,3 ago 2026,9,902783378,9027833788046084268281,9283,Outbound,Portabilidad Postpago,PROGRAMADO,Logixtal,9001,ABIERTAS,Pendiente Entrega,Pendiente de Picking,NET_AROJASF,SIM,5 ago 2026,null,null,No,ABIERTAS,null,Monolínea,Mono_item,Lima - Callao,null
Comas,Netcall,1 ago 2026,10,902181393,902181393,9283,Outbound,Portabilidad Postpago,PROGRAMADO,Logixtal,9001,CERRADAS,Entregado,Entregado,TLV_NET_JMORO,SIM,3 ago 2026,3 ago 2026,null,No,CERRADAS,2026-08-04 00:37:37,Monolínea,Mono_item,Lima - Callao,null
Comas,Netcall,1 ago 2026,17,902295478,9022954788041624903101,9283,Outbound,Portabilidad Postpago,EXPRESS,Logixtal,9001,CANCELADAS,Anulado,Cliente sin equipo Pin Porta,TLV_NET_DCASTIA,SIM,1 ago 2026,null,null,No,CANCELADAS,2026-08-02 11:35:18,Monolínea,Mono_item,Lima - Callao,null
Comas,Netcall,3 ago 2026,15,902906388,9029063888047267018388,9283,Outbound,Portabilidad Postpago,EXPRESS,Logixtal,9001,CERRADAS,Entregado,Entregado,NET_YCHAVEZ,SIM,3 ago 2026,3 ago 2026,null,No,CERRADAS,2026-08-04 02:03:55,Monolínea,Mono_item,Lima - Callao,null
Comas,Netcall,3 ago 2026,11,902822789,9028227898046429099473,9283,Outbound,Portabilidad Postpago,EXPRESS,Logixtal,9001,CERRADAS,Entregado,Entregado,NET_AYZAGUIRREH,SIM,3 ago 2026,3 ago 2026,null,No,CERRADAS,2026-08-04 01:42:17,Multilínea,Multi_item,Lima - Callao,null
Comas,Netcall,1 ago 2026,11,902194664,9021946648040608335717,9283,Outbound,Portabilidad Postpago,PROGRAMADO,Logixtal,9001,CERRADAS,Entregado,Entregado,NET_GHERRERAG,SIM,3 ago 2026,3 ago 2026,null,No,CERRADAS,2026-08-04 01:53:11,Monolínea,Mono_item,Lima - Callao,null
Comas,Netcall,3 ago 2026,15,902908351,9029083518047283065246,9283,Outbound,Portabilidad Postpago,EXPRESS,Logixtal,9001,CERRADAS,Entregado,Entregado,NET_KDIAZPISCOY,SIM,3 ago 2026,3 ago 2026,null,No,CERRADAS,2026-08-04 01:58:42,Multilínea,Mono_item,Lima - Callao,null
Comas,Netcall,3 ago 2026,7,902774177,9027741778045998823929,9283,Outbound,Portabilidad Postpago,EXPRESS,Logixtal,9001,CERRADAS,Entregado,Entregado,NET_SLAZOB,SIM,3 ago 2026,3 ago 2026,null,No,CERRADAS,2026-08-04 01:53:57,Monolínea,Mono_item,Lima - Callao,null
Comas,Netcall,3 ago 2026,12,902855028,9028550288046755646140,9283,Outbound,Portabilidad Postpago,EXPRESS,Logixtal,9001,CERRADAS,Entregado,Entregado,TLV_NET_BCHAVEZ,SIM,3 ago 2026,3 ago 2026,null,No,CERRADAS,2026-08-04 01:02:08,Monolínea,Mono_item,Lima - Callao,null
Comas,Netcall,1 ago 2026,13,902226545,9022265458040911145687,9283,Outbound,Portabilidad Postpago,EXPRESS,Logixtal,9001,CERRADAS,Entregado,Entregado,NET_TDILAST,SIM,1 ago 2026,1 ago 2026,02/08/2026,Sí,CERRADAS,2026-08-02 06:25:32,Multilínea,Mono_item,Lima - Callao,29.91303
Comas,Netcall,3 ago 2026,9,902781823,9027818238046067251515,9283,Outbound,Portabilidad Postpago,EXPRESS,Logixtal,9001,CERRADAS,Entregado,Entregado,TLV_NET_JPENAM,SIM,3 ago 2026,3 ago 2026,null,No,CERRADAS,2026-08-04 01:47:17,Monolínea,Mono_item,Lima - Callao,null
Comas,Netcall,3 ago 2026,11,902822789,9028227898046429099254,9283,Outbound,Portabilidad Postpago,EXPRESS,Logixtal,9001,CERRADAS,Entregado,Entregado,NET_AYZAGUIRREH,SIM,3 ago 2026,3 ago 2026,null,No,CERRADAS,2026-08-04 01:42:17,Multilínea,Multi_item,Lima - Callao,null
Comas,Netcall,1 ago 2026,13,902224125,9022241258040883649374,9271,Outbound,Portabilidad Postpago,EXPRESS,Logixtal,9001,CERRADAS,Entregado,Entregado,NET_JPALOMINOA,SIM,1 ago 2026,1 ago 2026,02/08/2026,Sí,CERRADAS,2026-08-02 01:22:03,Monolínea,Mono_item,Lima - Callao,29.95
Comas,Netcall,1 ago 2026,9,902156237,9021562378040237634109,9271,Outbound,Portabilidad Postpago,PROGRAMADO,Logixtal,9001,CERRADAS,Entregado,Entregado,NET_BATOP,SIM,2 ago 2026,2 ago 2026,03/08/2026,Sí,CERRADAS,2026-08-03 01:32:46,Monolínea,Mono_item,Lima - Callao,29.95
Comas,Netcall,1 ago 2026,14,902255852,9022558528041207425800,9283,Outbound,Portabilidad Prepago,EXPRESS,Logixtal,9001,CERRADAS,Entregado,Entregado,NET_VAYALA,SIM,1 ago 2026,1 ago 2026,02/08/2026,Sí,CERRADAS,2026-08-02 07:10:28,Multilínea,Mono_item,Lima - Callao,19.95
Comas,Netcall,1 ago 2026,17,902303831,9023038318041710652587,9271,Outbound,Portabilidad Postpago,EXPRESS,Logixtal,9001,CANCELADAS,Anulado,CLIENTE DESISTE - NO BRINDA MOTIVOS,NET_BATOP,SIM,1 ago 2026,null,null,No,CANCELADAS,2026-08-03 14:48:50,Monolínea,Mono_item,Lima - Callao,null
Comas,Netcall,1 ago 2026,15,902256804,9022568048041218640869,9283,Outbound,Portabilidad Prepago,EXPRESS,Logixtal,9001,CERRADAS,Entregado,Entregado,NET_VAYALA,SIM,1 ago 2026,1 ago 2026,02/08/2026,Sí,CERRADAS,2026-08-02 00:17:20,Multilínea,Mono_item,Lima - Callao,39.95
Comas,Netcall,1 ago 2026,16,902277882,9022778828041445451350,9271,Outbound,Portabilidad Postpago,EXPRESS,Logixtal,9001,CERRADAS,Entregado,Entregado,NET_BATOP,SIM,1 ago 2026,1 ago 2026,02/08/2026,Sí,CERRADAS,2026-08-02 01:46:23,Monolínea,Mono_item,Lima - Callao,29.95
Comas,Netcall,1 ago 2026,13,902229613,9022296138040941939807,9283,Outbound,Portabilidad Prepago,EXPRESS,Logixtal,9001,CERRADAS,Entregado,Entregado,NET_RFIGUEROAR,SIM,1 ago 2026,1 ago 2026,02/08/2026,Sí,CERRADAS,2026-08-02 01:44:19,Monolínea,Mono_item,Lima - Callao,29.95
Comas,Netcall,3 ago 2026,12,902844149,9028441498046641858641,9283,Outbound,Portabilidad Postpago,EXPRESS,Logixtal,9001,CERRADAS,Entregado,Entregado,NET_ARIVERA,SIM,3 ago 2026,3 ago 2026,null,No,CERRADAS,2026-08-04 00:50:19,Monolínea,Mono_item,Lima - Callao,null
Comas,Netcall,1 ago 2026,16,902276522,9022765228041429097979,9283,Outbound,Portabilidad Postpago,EXPRESS,Logixtal,9001,CERRADAS,Entregado,Entregado,NET_SBENITESL,SIM,1 ago 2026,1 ago 2026,02/08/2026,Sí,CERRADAS,2026-08-02 00:50:06,Multilínea,Mono_item,Lima - Callao,19.95
Comas,Netcall,1 ago 2026,12,902208815,9022088158040733013786,9283,Outbound,Portabilidad Prepago,EXPRESS,Logixtal,9001,CERRADAS,Entregado,Entregado,NET_ARAMOSR,SIM,1 ago 2026,1 ago 2026,02/08/2026,Sí,CERRADAS,2026-08-02 00:44:28,Monolínea,Mono_item,Lima - Callao,29.95
Comas,Netcall,2 ago 2026,8,902479368,9024793688043564479759,9283,Outbound,Portabilidad Postpago,EXPRESS,Logixtal,9001,CERRADAS,Entregado,Entregado,NET_DVILLALOBOS,SIM,2 ago 2026,2 ago 2026,03/08/2026,Sí,CERRADAS,2026-08-03 01:20:50,Monolínea,Mono_item,Lima - Callao,29.95
Comas,Netcall,3 ago 2026,17,902954273,9029542738047732677649,9283,Outbound,Portabilidad Postpago,EXPRESS,Logixtal,9001,CERRADAS,Entregado,Entregado,NET_TMUNOZCALDE,SIM,3 ago 2026,3 ago 2026,null,No,CERRADAS,2026-08-04 01:44:51,Monolínea,Mono_item,Lima - Callao,null
Comas,Netcall,3 ago 2026,12,902849957,9028499578046702504210,9283,Outbound,Portabilidad Postpago,EXPRESS,Logixtal,9001,CERRADAS,Entregado,Entregado,NET_NRUBIOMARCO,SIM,3 ago 2026,3 ago 2026,null,No,CERRADAS,2026-08-04 01:54:15,Monolínea,Mono_item,Lima - Callao,null
Colan,Netcall,3 ago 2026,16,902934764,9029347648047541213141,9283,Outbound,Portabilidad Postpago,PROGRAMADO,Logixtal,5021,ABIERTAS,Pendiente Entrega,Pendiente Entrega,NET_JGUEVARAM,SIM,6 ago 2026,null,null,No,ABIERTAS,null,Monolínea,Mono_item,Piura,null
Ciudad Nueva,Netcall,3 ago 2026,17,902948115,9029481158047666567595,9283,Outbound,Portabilidad Postpago,PROGRAMADO,Logixtal,9348,ABIERTAS,Pendiente Entrega,Pendiente Entrega,NET_LCASTILLORI,SIM,4 ago 2026,null,null,No,ABIERTAS,null,Monolínea,Mono_item,Tacna,null
Ciudad Nueva,Netcall,3 ago 2026,12,902839616,902839616,9283,Outbound,Portabilidad Postpago,EXPRESS,Logixtal,9348,CERRADAS,Entregado,Entregado,NET_TDILAST,SIM,3 ago 2026,3 ago 2026,null,No,CERRADAS,2026-08-04 00:23:19,Monolínea,Mono_item,Tacna,null
Ciudad Nueva,Netcall,1 ago 2026,17,902295395,902295395,9283,Outbound,Portabilidad Postpago,PROGRAMADO,Logixtal,9348,CERRADAS,Entregado,Entregado,TLV_NET_YQUITOV,SIM,3 ago 2026,3 ago 2026,null,No,CERRADAS,2026-08-04 00:34:32,Monolínea,Mono_item,Tacna,null
Chorrillos,Netcall,3 ago 2026,16,902919193,902919193,9283,Outbound,Portabilidad Postpago,EXPRESS,Logixtal,9342,CERRADAS,Entregado,Entregado,NET_TMUNOZCALDE,SIM,3 ago 2026,3 ago 2026,null,No,CERRADAS,2026-08-04 00:35:57,Monolínea,Mono_item,Lima - Callao,null
Chorrillos,Netcall,3 ago 2026,13,902859771,9028597718046798049193,9283,Outbound,Portabilidad Postpago,EXPRESS,Logixtal,9342,CANCELADAS,Anulado,CLIENTE DESISTE - INFORMACIÓN INCORRECTA,NET_YCHAVEZ,SIM,3 ago 2026,null,null,No,CANCELADAS,2026-08-03 13:37:53,Multilínea,Mono_item,Lima - Callao,null
Chorrillos,Netcall,1 ago 2026,15,902260072,9022600728041254739818,9271,Outbound,Portabilidad Postpago,EXPRESS,Logixtal,9342,CANCELADAS,Anulado,CLIENTE YA NO DESEA PRODUCTO,NET_CLOARTEF,SIM,1 ago 2026,null,null,No,CANCELADAS,2026-08-03 11:54:19,Monolínea,Mono_item,Lima - Callao,null
Chorrillos,Netcall,3 ago 2026,13,902874479,9028744798046939927412,9283,Outbound,Portabilidad Postpago,EXPRESS,Logixtal,9342,CANCELADAS,Entregado,Entregado,TLV_NET_DCASTIA,SIM,3 ago 2026,3 ago 2026,null,No,CANCELADAS,2026-08-03 22:00:23,Multilínea,Mono_item,Lima - Callao,null
Chorrillos,Netcall,4 ago 2026,8,903198177,903198177Empty,9283,Outbound,Portabilidad Postpago,EXPRESS,Logixtal,9342,ABIERTAS,Pendiente Entrega,Pendiente Entrega,TLV_NET_APINTAD,SIM,4 ago 2026,null,null,No,ABIERTAS,null,Monolínea,Mono_item,Lima - Callao,null
Chorrillos,Netcall,3 ago 2026,17,902944157,9029441578047629350706,9271,Outbound,Portabilidad Postpago,EXPRESS,Logixtal,9342,CERRADAS,Entregado,Entregado,NET_MRIOSV,SIM,3 ago 2026,3 ago 2026,null,No,CERRADAS,2026-08-04 01:43:59,Monolínea,Mono_item,Lima - Callao,null
Chorrillos,Netcall,3 ago 2026,17,902945974,9029459748047646821953,9271,Outbound,Portabilidad Postpago,EXPRESS,Logixtal,9342,CERRADAS,Entregado,Entregado,NET_MGSGRADOS,SIM,3 ago 2026,3 ago 2026,null,No,CERRADAS,2026-08-04 01:34:44,Monolínea,Mono_item,Lima - Callao,null
Chorrillos,Netcall,3 ago 2026,13,902878045,9028780458046974653324,9283,Outbound,Portabilidad Postpago,EXPRESS,Logixtal,9342,CERRADAS,Entregado,Entregado,NET_YCHAVEZ,SIM,3 ago 2026,3 ago 2026,null,No,CERRADAS,2026-08-04 00:57:14,Multilínea,Mono_item,Lima - Callao,null
Chorrillos,Netcall,3 ago 2026,13,902875593,9028755938046949646884,9283,Outbound,Portabilidad Postpago,EXPRESS,Logixtal,9342,ABIERTAS,Pendiente Entrega,Pendiente Entrega,TLV_NET_DCASTIA,SIM,3 ago 2026,null,null,No,ABIERTAS,null,Multilínea,Mono_item,Lima - Callao,null
Chorrillos,Netcall,1 ago 2026,17,902302247,9023022478041696660705,9283,Outbound,Portabilidad Postpago,PROGRAMADO,Logixtal,9342,CERRADAS,Entregado,Entregado,NET_JVASQUEZMEN,SIM,2 ago 2026,2 ago 2026,03/08/2026,Sí,CERRADAS,2026-08-03 00:30:56,Monolínea,Mono_item,Lima - Callao,39.95
Chorrillos,Netcall,3 ago 2026,15,902905017,9029050178047252710342,9283,Outbound,Portabilidad Postpago,EXPRESS,Logixtal,9342,CERRADAS,Entregado,Entregado,NET_DVILLALOBOS,SIM,3 ago 2026,3 ago 2026,null,No,CERRADAS,2026-08-04 01:39:13,Monolínea,Mono_item,Lima - Callao,null
Chorrillos,Netcall,3 ago 2026,13,902874769,902874769,9283,Outbound,Portabilidad Postpago,EXPRESS,Logixtal,9342,CERRADAS,Entregado,Entregado,NET_EALBORNOZR,SIM,3 ago 2026,3 ago 2026,null,No,CERRADAS,2026-08-04 00:31:18,Monolínea,Mono_item,Lima - Callao,null
Chorrillos,Netcall,1 ago 2026,17,902264843,9022648438041597261391,9283,Outbound,Portabilidad Postpago,EXPRESS,Logixtal,9342,CERRADAS,Entregado,Entregado,NET_GSANTOSC,SIM,1 ago 2026,1 ago 2026,02/08/2026,Sí,CERRADAS,2026-08-02 01:16:16,Monolínea,Mono_item,Lima - Callao,39.95
Chorrillos,Netcall,1 ago 2026,11,902202379,9022023798040671332392,9271,Outbound,Portabilidad Postpago,PROGRAMADO,Logixtal,9342,CERRADAS,Entregado,Entregado,NET_LNECIOSUPC,SIM,3 ago 2026,3 ago 2026,null,No,CERRADAS,2026-08-04 02:00:56,Monolínea,Mono_item,Lima - Callao,null
Chorrillos,Netcall,1 ago 2026,13,902237632,9022376328041019593941,9283,Outbound,Portabilidad Postpago,EXPRESS,Logixtal,9342,ABIERTAS,Entregado,Entregado,NET_JROMEROC,SIM-accesorio,1 ago 2026,1 ago 2026,null,No,ABIERTAS,null,Multilínea,Multi_item,Lima - Callao,null
Chorrillos,Netcall,4 ago 2026,7,903194006,90319400689511710111067964383,9283,Outbound,Portabilidad Postpago,EXPRESS,Logixtal,9342,ABIERTAS,Pendiente Entrega,Pendiente Entrega,NET_JIYASHAMAR,SIM,4 ago 2026,null,null,No,ABIERTAS,null,Multilínea,Mono_item,Lima - Callao,null
Chorrillos,Netcall,3 ago 2026,10,902804325,9028043258046283998139,9283,Outbound,Portabilidad Postpago,EXPRESS,Logixtal,9342,CERRADAS,Entregado,Entregado,TLV_NET_JMORO,SIM,3 ago 2026,3 ago 2026,null,No,CERRADAS,2026-08-04 02:07:35,Monolínea,Mono_item,Lima - Callao,null
Chorrillos,Netcall,1 ago 2026,13,902237632,9022376328041019593722,9283,Outbound,Portabilidad Postpago,EXPRESS,Logixtal,9342,ABIERTAS,Entregado,Entregado,NET_JROMEROC,SIM-accesorio,1 ago 2026,1 ago 2026,null,No,ABIERTAS,null,Multilínea,Multi_item,Lima - Callao,null
Chorrillos,Netcall,3 ago 2026,14,902887401,9028874018047065961233,9283,Outbound,Portabilidad Postpago,PROGRAMADO,Logixtal,9342,ABIERTAS,Entregado,Entregado,NET_CIOLAYAR,SIM,4 ago 2026,4 ago 2026,null,No,ABIERTAS,null,Monolínea,Mono_item,Lima - Callao,null
Chorrillos,Netcall,1 ago 2026,17,902307818,9023078188041752475291,9271,Outbound,Portabilidad Postpago,EXPRESS,Logixtal,9342,CANCELADAS,Anulado,POSIBLE FRAUDE,NET_CMDELACRUZV,SIM,1 ago 2026,null,null,No,CANCELADAS,2026-08-01 19:45:46,Monolínea,Mono_item,Lima - Callao,null
Chorrillos,Netcall,3 ago 2026,16,902920290,9029202908047398917913,9283,Outbound,Portabilidad Postpago,EXPRESS,Logixtal,9342,CERRADAS,Entregado,Entregado,NET_RGUTIERREZS,SIM,3 ago 2026,3 ago 2026,null,No,CERRADAS,2026-08-04 01:41:49,Multilínea,Multi_item,Lima - Callao,null
Chorrillos,Netcall,1 ago 2026,15,902268047,9022680478041343428693,9283,Outbound,Portabilidad Prepago,PROGRAMADO,Logixtal,9342,CERRADAS,Entregado,Entregado,TLV_NET_JMORO,SIM,2 ago 2026,2 ago 2026,03/08/2026,Sí,CERRADAS,2026-08-03 01:30:45,Monolínea,Mono_item,Lima - Callao,34.95
Chorrillos,Netcall,3 ago 2026,16,902920290,9029202908047398932132,9283,Outbound,Portabilidad Postpago,EXPRESS,Logixtal,9342,CERRADAS,Entregado,Entregado,NET_RGUTIERREZS,SIM,3 ago 2026,3 ago 2026,null,No,CERRADAS,2026-08-04 01:41:49,Multilínea,Multi_item,Lima - Callao,null
Chorrillos,Netcall,3 ago 2026,12,902856403,902856403,9283,Outbound,Portabilidad Postpago,EXPRESS,Logixtal,9342,CERRADAS,Entregado,Entregado,TLV_NET_SFERNAN,SIM,3 ago 2026,3 ago 2026,null,No,CERRADAS,2026-08-04 00:06:34,Monolínea,Mono_item,Lima - Callao,null
Chongoyape,Netcall,3 ago 2026,12,902853905,9028539058046747937904,9283,Outbound,Portabilidad Postpago,PROGRAMADO,Logixtal,5024,ABIERTAS,Pendiente Entrega,Pendiente Entrega,NET_ANCASTROR,SIM,4 ago 2026,null,null,No,ABIERTAS,null,Monolínea,Mono_item,Lambayeque,null
Chincha Alta,Netcall,1 ago 2026,12,902220710,9022207108040856072091,9283,Outbound,Venta Regular / Alta,EXPRESS,Logixtal,9345,CERRADAS,Entregado,Entregado,NET_JTITOM,SIM,1 ago 2026,1 ago 2026,01/08/2026,Sí,CERRADAS,2026-08-01 13:56:10,Monolínea,Mono_item,Ica,29.95
Chincha Alta,Netcall,1 ago 2026,12,902218106,9022181068040827564132,9283,Outbound,Portabilidad Postpago,EXPRESS,Logixtal,9345,CERRADAS,Entregado,Entregado,NET_WBENITESA,SIM,1 ago 2026,1 ago 2026,02/08/2026,Sí,CERRADAS,2026-08-02 01:52:55,Multilínea,Multi_item,Ica,19.95
Chincha Alta,Netcall,1 ago 2026,10,902181511,9021815118040472747845,5299,Outbound,Portabilidad Postpago,EXPRESS,Logixtal,9345,CANCELADAS,Anulado,DIRECCIÓN ERRADA,NET_SCHUMIOQUEP,SIM,1 ago 2026,null,null,No,CANCELADAS,2026-08-03 10:27:19,Multilínea,Mono_item,Ica,null
Chincha Alta,Netcall,1 ago 2026,12,902218106,9022181068040823685361,9283,Outbound,Portabilidad Postpago,EXPRESS,Logixtal,9345,CERRADAS,Entregado,Entregado,NET_WBENITESA,SIM,1 ago 2026,1 ago 2026,02/08/2026,Sí,CERRADAS,2026-08-02 01:52:55,Multilínea,Multi_item,Ica,19.95
Chincha Alta,Netcall,3 ago 2026,12,902840462,9028404628046607161471,9283,Outbound,Portabilidad Postpago,EXPRESS,Logixtal,9345,ABIERTAS,Pendiente Entrega,Pendiente Entrega,NET_AUCEDAENEQU,SIM,3 ago 2026,null,null,No,ABIERTAS,null,Monolínea,Mono_item,Ica,null
Chincha Alta,Netcall,1 ago 2026,12,902218106,9022181068040823685863,9283,Outbound,Portabilidad Postpago,EXPRESS,Logixtal,9345,CERRADAS,Entregado,Entregado,NET_WBENITESA,SIM,1 ago 2026,1 ago 2026,02/08/2026,Sí,CERRADAS,2026-08-02 01:52:55,Multilínea,Multi_item,Ica,19.95
Chincha Alta,Netcall,1 ago 2026,10,902164564,9021645648040318256809,5299,Outbound,Portabilidad Postpago,EXPRESS,Logixtal,9345,CERRADAS,Entregado,Entregado,NET_SCHUMIOQUEP,SIM,1 ago 2026,1 ago 2026,02/08/2026,Sí,CERRADAS,2026-08-02 00:45:58,Multilínea,Mono_item,Ica,39.95
Chincha Alta,Netcall,3 ago 2026,14,902883664,9028836648047023960107,9271,Outbound,Portabilidad Postpago,EXPRESS,Logixtal,9345,CERRADAS,Entregado,Entregado,NET_KPARRAGUEZG,SIM,3 ago 2026,3 ago 2026,null,No,CERRADAS,2026-08-04 00:57:37,Monolínea,Mono_item,Ica,null
Chincha Alta,Netcall,1 ago 2026,12,902218106,9022181068040823685600,9283,Outbound,Portabilidad Postpago,EXPRESS,Logixtal,9345,CERRADAS,Entregado,Entregado,NET_WBENITESA,SIM,1 ago 2026,1 ago 2026,02/08/2026,Sí,CERRADAS,2026-08-02 01:52:55,Multilínea,Multi_item,Ica,19.95
Chincha Alta,Netcall,1 ago 2026,9,902160976,9021609768040283735869,9283,Outbound,Portabilidad Postpago,EXPRESS,Logixtal,9345,CANCELADAS,Anulado,DIRECCIÓN ERRADA,NET_CIOLAYAR,SIM,1 ago 2026,null,null,No,CANCELADAS,2026-08-03 10:29:58,Monolínea,Mono_item,Ica,null
Chincha,Netcall,1 ago 2026,15,902258346,9022583468041280060685,9271,Outbound,Portabilidad Postpago,RETIRO EN TIENDA,Retiro en tienda,3076,CERRADAS,Entregado,Entregado,NET_MRUIZSANCHC,SIM,1 ago 2026,1 ago 2026,02/08/2026,Sí,CERRADAS,2026-08-02 00:57:19,Monolínea,Mono_item,Ica,34.95
Chincha,Netcall,3 ago 2026,11,902816287,9028162878046389977939,9283,Outbound,Portabilidad Postpago,RETIRO EN TIENDA,Retiro en tienda,3076,ABIERTAS,Pendiente Entrega,Pendiente Entrega,NET_JORTIZV,SIM,3 ago 2026,null,null,No,ABIERTAS,null,Monolínea,Mono_item,Ica,null
Chincha,Netcall,3 ago 2026,17,902946858,9029468588047658936760,9283,Outbound,Portabilidad Postpago,RETIRO EN TIENDA,Retiro en tienda,3076,CERRADAS,Entregado,Entregado,NET_SSOTOM,SIM,3 ago 2026,3 ago 2026,null,No,CERRADAS,2026-08-04 00:49:03,Monolínea,Mono_item,Ica,null
Chincha,Netcall,3 ago 2026,14,902879823,902879823,9271,Outbound,Portabilidad Postpago,RETIRO EN TIENDA,Retiro en tienda,3076,CERRADAS,Entregado,Entregado,NET_AYACILAP,SIM,3 ago 2026,3 ago 2026,null,No,CERRADAS,2026-08-04 00:25:30,Monolínea,Mono_item,Ica,null
Chimbote,Netcall,3 ago 2026,10,902810083,9028100838046341219556,9271,Outbound,Portabilidad Postpago,EXPRESS,Logixtal,9344,CERRADAS,Entregado,Entregado,NET_STANANTAM,SIM,3 ago 2026,3 ago 2026,null,No,CERRADAS,2026-08-04 01:39:21,Monolínea,Mono_item,Ancash,null
Chimbote,Netcall,1 ago 2026,12,902204251,9022042518040687782680,9283,Outbound,Portabilidad Postpago,EXPRESS,Logixtal,9344,CERRADAS,Entregado,Entregado,NET_YCHAVEZ,SIM,1 ago 2026,1 ago 2026,02/08/2026,Sí,CERRADAS,2026-08-02 01:24:06,Monolínea,Mono_item,Ancash,34.95
Chimbote,Netcall,1 ago 2026,15,902266525,9022665258041318566222,9283,Outbound,Portabilidad Postpago,EXPRESS,Logixtal,9344,CERRADAS,Entregado,Entregado,NET_SCAVEROC,SIM,1 ago 2026,1 ago 2026,02/08/2026,Sí,CERRADAS,2026-08-02 00:07:54,Monolínea,Mono_item,Ancash,29.95
Chimbote,Netcall,3 ago 2026,12,902847785,9028477858046677491705,9283,Outbound,Portabilidad Postpago,EXPRESS,Logixtal,9344,ABIERTAS,Pendiente Entrega,Pendiente Entrega,TLV_NET_EBULNES,SIM,3 ago 2026,null,null,No,ABIERTAS,null,Monolínea,Mono_item,Ancash,null
Chimbote,Netcall,1 ago 2026,10,902179451,9021794518040456598055,9283,Outbound,Portabilidad Postpago,EXPRESS,Logixtal,9344,CERRADAS,Entregado,Entregado,TLV_NET_EBULNES,SIM,1 ago 2026,1 ago 2026,02/08/2026,Sí,CERRADAS,2026-08-02 01:56:29,Multilínea,Mono_item,Ancash,29.91303
Chimbote,Netcall,1 ago 2026,10,902175779,9021757798040421283481,9271,Outbound,Portabilidad Postpago,EXPRESS,Logixtal,9344,CANCELADAS,Anulado,PIN PORTA_NO VALIDO,NET_STANANTAM,SIM,1 ago 2026,null,null,No,CANCELADAS,2026-08-01 11:47:18,Multilínea,Mono_item,Ancash,null
Chimbote,Netcall,3 ago 2026,18,902964585,9029645858047833337349,9283,Outbound,Portabilidad Postpago,PROGRAMADO,Logixtal,9344,ABIERTAS,Pendiente Entrega,Pendiente Entrega,NET_MGONZALESPE,SIM,4 ago 2026,null,null,No,ABIERTAS,null,Monolínea,Mono_item,Ancash,null
Chimbote,Netcall,3 ago 2026,14,902887975,9028879758047075611967,9283,Outbound,Portabilidad Postpago,EXPRESS,Logixtal,9344,CERRADAS,Entregado,Entregado,NET_WBENITESA,SIM,3 ago 2026,3 ago 2026,null,No,CERRADAS,2026-08-04 02:26:29,Monolínea,Mono_item,Ancash,null
Chimbote,Netcall,3 ago 2026,9,902789379,9027893798046142582268,9283,Outbound,Portabilidad Postpago,EXPRESS,Logixtal,9344,CERRADAS,Entregado,Entregado,NET_JQUINECHEB,SIM,3 ago 2026,3 ago 2026,null,No,CERRADAS,2026-08-04 00:59:22,Monolínea,Mono_item,Ancash,null
Chimbote,Netcall,3 ago 2026,11,902822650,9028226508046428411317,9283,Outbound,Portabilidad Postpago,EXPRESS,Logixtal,9344,CERRADAS,Entregado,Entregado,NET_SSOTOM,SIM,3 ago 2026,3 ago 2026,null,No,CERRADAS,2026-08-04 00:55:46,Monolínea,Mono_item,Ancash,null
Chimbote,Netcall,3 ago 2026,11,902833159,9028331598046543093143,9271,Outbound,Portabilidad Postpago,EXPRESS,Logixtal,9344,CERRADAS,Entregado,Entregado,NET_RCARDENASH,SIM,3 ago 2026,3 ago 2026,null,No,CERRADAS,2026-08-04 01:46:56,Monolínea,Mono_item,Ancash,null
Chimbote,Netcall,1 ago 2026,12,902217354,9022173548040817543319,9271,Outbound,Portabilidad Prepago,EXPRESS,Logixtal,9344,CERRADAS,Entregado,Entregado,TLV_NET_GQUISP,SIM,1 ago 2026,1 ago 2026,02/08/2026,Sí,CERRADAS,2026-08-02 01:47:55,Monolínea,Mono_item,Ancash,39.95
Chimbote,Netcall,1 ago 2026,18,902322242,9023222428041891744624,9271,Outbound,Portabilidad Postpago,PROGRAMADO,Logixtal,9344,CANCELADAS,Cancelado,SOLICITADO POR CANAL,NET_AISLAG,SIM,3 ago 2026,null,null,No,CANCELADAS,2026-08-03 10:10:59,Monolínea,Mono_item,Ancash,null
Chimbote,Netcall,1 ago 2026,10,902181411,9021814118040477355718,9283,Outbound,Portabilidad Postpago,PROGRAMADO,Logixtal,9344,CERRADAS,Entregado,Entregado,NET_JORTIZV,SIM,3 ago 2026,3 ago 2026,null,No,CERRADAS,2026-08-04 01:36:19,Monolínea,Mono_item,Ancash,null
Chimbote,Netcall,3 ago 2026,13,902868799,9028687998046887392136,9283,Outbound,Portabilidad Postpago,EXPRESS,Logixtal,9344,ABIERTAS,Pendiente Entrega,Pendiente Entrega,NET_SAVILAC,SIM,3 ago 2026,null,null,No,ABIERTAS,null,Monolínea,Mono_item,Ancash,null
Chimbote,Netcall,1 ago 2026,15,902266842,9022668428041324084257,9271,Outbound,Portabilidad Postpago,EXPRESS,Logixtal,9344,CERRADAS,Entregado,Entregado,NET_LRODRIGUEZC,SIM,1 ago 2026,3 ago 2026,null,No,CERRADAS,2026-08-04 01:36:48,Monolínea,Mono_item,Ancash,null
Chimbote,Netcall,1 ago 2026,12,902204055,9022040558040686544002,9271,Outbound,Portabilidad Postpago,PROGRAMADO,Logixtal,9344,CANCELADAS,Anulado,CLIENTE DESISTE - PROBLEMAS ECONÓMICOS,NET_STANANTAM,SIM,3 ago 2026,null,null,No,CANCELADAS,2026-08-03 09:07:14,Multilínea,Mono_item,Ancash,null
Chimbote,Netcall,1 ago 2026,14,902253539,9022535398041181635439,9271,Outbound,Portabilidad Postpago,EXPRESS,Logixtal,9344,CANCELADAS,Anulado,CLIENTE YA NO DESEA PRODUCTO,NET_KANGELESS,SIM,1 ago 2026,null,null,No,CANCELADAS,2026-08-03 14:25:53,Monolínea,Mono_item,Ancash,null
Chimbote,Netcall,3 ago 2026,19,902979971,9029799718048020766067,9271,Outbound,Venta Regular / Alta,PROGRAMADO,Logixtal,9344,ABIERTAS,Pendiente Entrega,Pendiente Entrega,TLV_NET_MAYALAM,SIM,4 ago 2026,null,null,No,ABIERTAS,null,Monolínea,Mono_item,Ancash,null
Chimbote,Netcall,1 ago 2026,11,902199336,9021993368040640904496,9283,Outbound,Portabilidad Postpago,EXPRESS,Logixtal,9344,CANCELADAS,Anulado,CLIENTE YA NO DESEA PRODUCTO,TLV_NET_EBULNES,SIM,1 ago 2026,null,null,No,CANCELADAS,2026-08-01 13:01:23,Monolínea,Mono_item,Ancash,null
Chimbote,Netcall,1 ago 2026,10,902180689,9021806898040468594378,9283,Outbound,Portabilidad Postpago,EXPRESS,Logixtal,9344,CERRADAS,Entregado,Entregado,TLV_NET_EBULNES,SIM,1 ago 2026,1 ago 2026,02/08/2026,Sí,CERRADAS,2026-08-02 01:15:11,Multilínea,Mono_item,Ancash,29.91303
Chimbote,Netcall,3 ago 2026,14,902886669,9028866698047057342520,9265,Outbound,Portabilidad Postpago,EXPRESS,Logixtal,9344,ABIERTAS,Pendiente Entrega,Pendiente Entrega,NET_IRODRIGUEZS,SIM,3 ago 2026,null,null,No,ABIERTAS,null,Monolínea,Mono_item,Ancash,null
Chimbote,Netcall,3 ago 2026,15,902910323,9029103238047305617656,9283,Outbound,Portabilidad Postpago,PROGRAMADO,Logixtal,9344,ABIERTAS,Pendiente Entrega,Pendiente Entrega,NET_TVASQUEZANG,SIM,4 ago 2026,null,null,No,ABIERTAS,null,Monolínea,Mono_item,Ancash,null
Chimbote,Netcall,1 ago 2026,9,902161013,9021610138040285393833,9283,Outbound,Portabilidad Postpago,EXPRESS,Logixtal,9344,CERRADAS,Entregado,Entregado,NET_ECARRETEROH,SIM,1 ago 2026,1 ago 2026,02/08/2026,Sí,CERRADAS,2026-08-02 00:37:47,Monolínea,Mono_item,Ancash,29.95
Chilca,Netcall,1 ago 2026,9,902159297,9021592978040270865470,9283,Outbound,Portabilidad Postpago,EXPRESS,Logixtal,9346,CERRADAS,Entregado,Entregado,NET_MORIHUELAQ,SIM,1 ago 2026,1 ago 2026,02/08/2026,Sí,CERRADAS,2026-08-02 00:16:33,Monolínea,Mono_item,Junin,29.95
Chilca,Netcall,3 ago 2026,13,902864673,902864673,9283,Outbound,Portabilidad Postpago,EXPRESS,Logixtal,9346,CERRADAS,Entregado,Entregado,NET_SBENITOV,SIM,3 ago 2026,3 ago 2026,null,No,CERRADAS,2026-08-04 00:40:18,Multilínea,Mono_item,Junin,null
Chilca,Netcall,2 ago 2026,21,902634467,9026344678044894129832,9283,Outbound,Portabilidad Postpago,PROGRAMADO,Logixtal,9346,ABIERTAS,Pendiente Entrega,Pendiente Entrega,NET_DVALVERDEM,SIM,4 ago 2026,null,null,No,ABIERTAS,null,Multilínea,Mono_item,Junin,null
Chilca,Netcall,3 ago 2026,12,902854682,9028546828046748107005,9283,Outbound,Portabilidad Postpago,EXPRESS,Logixtal,9346,CANCELADAS,Anulado,POSIBLE FRAUDE,NET_JPRADOP,SIM,3 ago 2026,null,null,No,CANCELADAS,2026-08-03 12:51:53,Multilínea,Mono_item,Junin,null
Chilca,Netcall,3 ago 2026,7,902774944,9027749448046003708805,9283,Outbound,Portabilidad Postpago,EXPRESS,Logixtal,9346,ABIERTAS,Entregado,Entregado,TLV_NET_MLANDAR,SIM,3 ago 2026,3 ago 2026,null,No,ABIERTAS,null,Multilínea,Multi_item,Junin,null
Chilca,Netcall,3 ago 2026,10,902794024,9027940248046189888388,9283,Outbound,Portabilidad Postpago,EXPRESS,Logixtal,9346,CANCELADAS,Anulado,POSIBLE FRAUDE,NET_JPRADOP,SIM,3 ago 2026,null,null,No,CANCELADAS,2026-08-03 10:43:22,Multilínea,Mono_item,Junin,null
Chilca,Netcall,3 ago 2026,14,902894296,9028942968047138670252,9283,Outbound,Portabilidad Postpago,PROGRAMADO,Logixtal,9346,ABIERTAS,Pendiente Entrega,Pendiente Entrega,NET_SBENITOV,SIM,4 ago 2026,null,null,No,ABIERTAS,null,Monolínea,Mono_item,Junin,null
Chilca,Netcall,2 ago 2026,21,902632983,9026329838044887667906,9283,Outbound,Portabilidad Postpago,PROGRAMADO,Logixtal,9346,ABIERTAS,Pendiente Entrega,Pendiente Entrega,NET_DVALVERDEM,SIM,4 ago 2026,null,null,No,ABIERTAS,null,Multilínea,Mono_item,Junin,null
Chilca,Netcall,3 ago 2026,17,902943680,9029436808047622385981,9271,Outbound,Portabilidad Postpago,PROGRAMADO,Logixtal,9346,ABIERTAS,Pendiente Entrega,Pendiente Entrega,NET_EECASAFRANC,SIM,4 ago 2026,null,null,No,ABIERTAS,null,Monolínea,Mono_item,Junin,null
Chilca,Netcall,3 ago 2026,13,902866159,902866159,9283,Outbound,Portabilidad Postpago,EXPRESS,Logixtal,9346,CERRADAS,Entregado,Entregado,NET_SBENITOV,SIM,3 ago 2026,3 ago 2026,null,No,CERRADAS,2026-08-04 00:31:54,Multilínea,Mono_item,Junin,null
Chilca,Netcall,3 ago 2026,10,902791918,9027919188046168755078,9283,Outbound,Venta Regular / Alta,EXPRESS,Logixtal,9346,CANCELADAS,Anulado,POSIBLE FRAUDE,NET_JPRADOP,SIM,3 ago 2026,null,null,No,CANCELADAS,2026-08-03 10:41:57,Multilínea,Mono_item,Junin,null
Chilca,Netcall,3 ago 2026,12,902858471,9028584718046785637515,9283,Outbound,Venta Regular / Alta,EXPRESS,Logixtal,9346,CANCELADAS,Anulado,POSIBLE FRAUDE,NET_JPRADOP,SIM,3 ago 2026,null,null,No,CANCELADAS,2026-08-03 13:04:55,Multilínea,Mono_item,Junin,null
Chilca,Netcall,3 ago 2026,10,902791294,9027912948046164315196,9283,Outbound,Portabilidad Postpago,PROGRAMADO,Logixtal,9346,ABIERTAS,Pendiente Entrega,Pendiente Entrega,TLV_NET_LPULIDO,SIM,4 ago 2026,null,null,No,ABIERTAS,null,Monolínea,Mono_item,Junin,null
Chilca,Netcall,1 ago 2026,8,902149313,9021493138040177173077,9289,Outbound,Portabilidad Postpago,PROGRAMADO,Logixtal,9346,CERRADAS,Entregado,Entregado,TLV_NET_VCHNGO,SIM,3 ago 2026,3 ago 2026,null,No,CERRADAS,2026-08-04 03:39:09,Monolínea,Mono_item,Junin,null
Chilca,Netcall,3 ago 2026,18,902963432,9029634328047814192882,9283,Outbound,Portabilidad Postpago,PROGRAMADO,Logixtal,9346,ABIERTAS,Pendiente Entrega,Pendiente Entrega,NET_JCHEROO,SIM,4 ago 2026,null,null,No,ABIERTAS,null,Monolínea,Mono_item,Junin,null
Chilca,Netcall,3 ago 2026,12,902853580,9028535808046740344398,9283,Outbound,Venta Regular / Alta,EXPRESS,Logixtal,9346,CANCELADAS,Anulado,POSIBLE FRAUDE,NET_JPRADOP,SIM,3 ago 2026,null,null,No,CANCELADAS,2026-08-03 12:51:17,Multilínea,Mono_item,Junin,null
Chilca,Netcall,4 ago 2026,7,903194454,903194454Empty,9271,Outbound,Portabilidad Postpago,EXPRESS,Logixtal,9346,ABIERTAS,Pendiente Entrega,Pendiente Entrega,NET_PTORRESR,SIM,4 ago 2026,null,null,No,ABIERTAS,null,Monolínea,Mono_item,Junin,null
Chilca,Netcall,2 ago 2026,8,902444002,9024440028043380989236,9283,Outbound,Portabilidad Postpago,PROGRAMADO,Logixtal,9346,ABIERTAS,Pendiente Entrega,Pendiente Entrega,NET_EBOZA,SIM,4 ago 2026,null,null,No,ABIERTAS,null,Monolínea,Mono_item,Junin,null
Chilca,Netcall,3 ago 2026,11,902815813,9028158138046386530146,9283,Outbound,Portabilidad Postpago,EXPRESS,Logixtal,9346,ABIERTAS,Entregado,Entregado,NET_YMILLA,SIM,3 ago 2026,3 ago 2026,null,No,ABIERTAS,null,Monolínea,Mono_item,Junin,null
Chilca,Netcall,3 ago 2026,13,902859549,9028595498046795875743,9283,Outbound,Portabilidad Postpago,EXPRESS,Logixtal,9346,CANCELADAS,Anulado,POSIBLE FRAUDE,NET_JPRADOP,SIM,3 ago 2026,null,null,No,CANCELADAS,2026-08-03 13:04:53,Multilínea,Mono_item,Junin,null
Chilca,Netcall,3 ago 2026,7,902774944,9027749448046003708586,9283,Outbound,Portabilidad Postpago,EXPRESS,Logixtal,9346,ABIERTAS,Entregado,Entregado,TLV_NET_MLANDAR,SIM,3 ago 2026,3 ago 2026,null,No,ABIERTAS,null,Multilínea,Multi_item,Junin,null
Chiclayo,Netcall,1 ago 2026,15,902268765,9022687658041347304287,9283,Outbound,Portabilidad Postpago,RETIRO EN TIENDA,Retiro en tienda,3036,CANCELADAS,Cancelado,Cancelado,NET_NBURGAR,SIM,1 ago 2026,null,null,No,CANCELADAS,2026-08-01 17:35:05,Multilínea,Multi_item,Lambayeque,null
Chiclayo,Netcall,1 ago 2026,11,902201525,9022015258040662907674,5299,Outbound,Portabilidad Postpago,RETIRO EN TIENDA,Retiro en tienda,3213,ABIERTAS,Pendiente Entrega,Pendiente Entrega,NET_LYAIPENARRO,SIM,1 ago 2026,null,null,No,ABIERTAS,null,Multilínea,Mono_item,Lambayeque,null
Chiclayo,Netcall,1 ago 2026,12,902206579,9022065798040707372749,9283,Outbound,Portabilidad Postpago,RETIRO EN TIENDA,Retiro en tienda,3036,CANCELADAS,Cancelado,Cancelado,NET_AUCEDAENEQU,SIM,1 ago 2026,null,null,No,CANCELADAS,2026-08-02 17:38:19,Multilínea,Mono_item,Lambayeque,null
Chiclayo,Netcall,2 ago 2026,11,902507737,9025077378043775153818,9283,Outbound,Portabilidad Postpago,PROGRAMADO,Logixtal,5024,CANCELADAS,Anulado,CLIENTE DESISTE - INFORMACIÓN INCORRECTA,NET_GHERRERAG,SIM,3 ago 2026,null,null,No,CANCELADAS,2026-08-03 13:08:17,Monolínea,Mono_item,Lambayeque,null
Chiclayo,Netcall,1 ago 2026,16,902272659,9022726598041388474302,9283,Outbound,Portabilidad Postpago,PROGRAMADO,Logixtal,5024,CERRADAS,Entregado,Entregado,NET_DGHERRERA,SIM,3 ago 2026,3 ago 2026,null,No,CERRADAS,2026-08-04 01:36:13,Multilínea,Multi_item,Lambayeque,null
Chiclayo,Netcall,1 ago 2026,17,902297680,9022976808041647479964,9283,Outbound,Portabilidad Postpago,RETIRO EN TIENDA,Retiro en tienda,3036,CERRADAS,Entregado,Entregado,NET_NBURGAR,SIM,1 ago 2026,1 ago 2026,02/08/2026,Sí,CERRADAS,2026-08-02 00:11:34,Multilínea,Multi_item,Lambayeque,39.95
Chiclayo,Netcall,1 ago 2026,17,902306965,9023069658041738856607,9283,Outbound,Portabilidad Postpago,PROGRAMADO,Logixtal,5024,ABIERTAS,Pendiente Entrega,Pendiente Entrega,NET_MCSANCHEZ,SIM,4 ago 2026,null,null,No,ABIERTAS,null,Monolínea,Mono_item,Lambayeque,null
Chiclayo,Netcall,1 ago 2026,12,902204356,9022043568040690398460,9283,Outbound,Portabilidad Postpago,RETIRO EN TIENDA,Retiro en tienda,3036,CANCELADAS,Cancelado,Cancelado,NET_AUCEDAENEQU,SIM,1 ago 2026,null,null,No,CANCELADAS,2026-08-02 17:44:06,Multilínea,Mono_item,Lambayeque,null
Chiclayo,Netcall,3 ago 2026,18,902964744,9029647448047829185345,9283,Outbound,Venta Regular / Alta,PROGRAMADO,Logixtal,5024,ABIERTAS,Pendiente Entrega,Pendiente Entrega,NET_PCHAVESTAY,SIM,4 ago 2026,null,null,No,ABIERTAS,null,Monolínea,Mono_item,Lambayeque,null
Chiclayo,Netcall,1 ago 2026,19,902338528,9023385288042056671539,9283,Outbound,Portabilidad Postpago,PROGRAMADO,Logixtal,5024,CANCELADAS,Anulado,CLIENTE DESISTE - INFORMACIÓN INCORRECTA,NET_MFERRER,SIM,3 ago 2026,null,null,No,CANCELADAS,2026-08-03 10:32:17,Monolínea,Mono_item,Lambayeque,null
Chiclayo,Netcall,3 ago 2026,9,902784827,9027848278046102103110,9271,Outbound,Portabilidad Postpago,EXPRESS,Logixtal,5024,CERRADAS,Entregado,Entregado,NET_AREYNOSAC,SIM,3 ago 2026,3 ago 2026,null,No,CERRADAS,2026-08-04 01:19:39,Monolínea,Mono_item,Lambayeque,null
Chiclayo,Netcall,1 ago 2026,11,902187172,9021871728040531428696,9271,Outbound,Portabilidad Postpago,EXPRESS,Logixtal,5024,CERRADAS,Entregado,Entregado,TLV_NET_MAYALAM,SIM,1 ago 2026,1 ago 2026,02/08/2026,Sí,CERRADAS,2026-08-02 01:21:24,Monolínea,Mono_item,Lambayeque,34.95
Chiclayo,Netcall,2 ago 2026,12,902530601,9025306018043968396775,9283,Outbound,Portabilidad Postpago,RETIRO EN TIENDA,Retiro en tienda,6037,CERRADAS,Entregado,Entregado,NET_GMENDIGUETE,SIM,2 ago 2026,2 ago 2026,03/08/2026,Sí,CERRADAS,2026-08-03 01:24:27,Multilínea,Mono_item,Lambayeque,19.95
Chiclayo,Netcall,3 ago 2026,18,902974586,9029745868047932654150,9283,Outbound,Portabilidad Postpago,RETIRO EN TIENDA,Retiro en tienda,3036,CANCELADAS,Cancelado,Cancelado,NET_JCHINGAA,SIM,3 ago 2026,null,null,No,CANCELADAS,2026-08-03 19:03:50,Multilínea,Mono_item,Lambayeque,null
Chiclayo,Netcall,3 ago 2026,15,902897879,9028978798047179940122,9283,Outbound,Portabilidad Postpago,PROGRAMADO,Logixtal,5024,ABIERTAS,Pendiente Entrega,Pendiente Entrega,NET_NSANTAMARIA,SIM,4 ago 2026,null,null,No,ABIERTAS,null,Multilínea,Mono_item,Lambayeque,null
Chiclayo,Netcall,1 ago 2026,16,902272659,9022726598041388474081,9283,Outbound,Portabilidad Postpago,PROGRAMADO,Logixtal,5024,CERRADAS,Entregado,Entregado,NET_DGHERRERA,SIM,3 ago 2026,3 ago 2026,null,No,CERRADAS,2026-08-04 01:36:13,Multilínea,Multi_item,Lambayeque,null
Chiclayo,Netcall,3 ago 2026,11,902819119,9028191198046402613678,9283,Outbound,Portabilidad Postpago,EXPRESS,Logixtal,5024,CERRADAS,Entregado,Entregado,TLV_NET_CURCIAR,SIM,3 ago 2026,3 ago 2026,null,No,CERRADAS,2026-08-04 00:57:27,Multilínea,Mono_item,Lambayeque,null
Chiclayo,Netcall,1 ago 2026,11,902198883,9021988838040640254069,5299,Outbound,Portabilidad Postpago,RETIRO EN TIENDA,Retiro en tienda,3213,ABIERTAS,Pendiente Entrega,Pendiente Entrega,NET_LYAIPENARRO,SIM,1 ago 2026,null,null,No,ABIERTAS,null,Multilínea,Multi_item,Lambayeque,null
Chiclayo,Netcall,3 ago 2026,10,902808152,9028081528046328934715,9283,Outbound,Portabilidad Postpago,EXPRESS,Logixtal,5024,CERRADAS,Entregado,Entregado,NET_LDIAZS,SIM,3 ago 2026,3 ago 2026,null,No,CERRADAS,2026-08-04 01:15:27,Monolínea,Mono_item,Lambayeque,null
Chiclayo,Netcall,3 ago 2026,9,902783652,9027836528046087492477,9283,Outbound,Portabilidad Postpago,EXPRESS,Logixtal,5024,CERRADAS,Entregado,Entregado,TLV_NET_ECUROS,SIM,3 ago 2026,3 ago 2026,null,No,CERRADAS,2026-08-04 01:05:30,Monolínea,Mono_item,Lambayeque,null
Chiclayo,Netcall,2 ago 2026,12,902531680,9025316808043978425348,9283,Outbound,Portabilidad Postpago,RETIRO EN TIENDA,Retiro en tienda,6037,CERRADAS,Entregado,Entregado,NET_GMENDIGUETE,SIM,2 ago 2026,2 ago 2026,03/08/2026,Sí,CERRADAS,2026-08-03 00:25:09,Multilínea,Mono_item,Lambayeque,39.95
Chiclayo,Netcall,3 ago 2026,11,902816526,9028165268046383509627,9283,Outbound,Portabilidad Postpago,EXPRESS,Logixtal,5024,CERRADAS,Entregado,Entregado,TLV_NET_CURCIAR,SIM,3 ago 2026,3 ago 2026,null,No,CERRADAS,2026-08-04 00:56:42,Multilínea,Mono_item,Lambayeque,null
Chiclayo,Netcall,3 ago 2026,13,902859150,9028591508046790275336,9283,Outbound,Portabilidad Postpago,EXPRESS,Logixtal,5024,ABIERTAS,Entregado,Entregado,NET_EMONZONP,SIM,3 ago 2026,3 ago 2026,null,No,ABIERTAS,null,Monolínea,Mono_item,Lambayeque,null
Chiclayo,Netcall,3 ago 2026,11,902828030,9028280308046488600894,9283,Outbound,Portabilidad Postpago,EXPRESS,Logixtal,5024,CERRADAS,Entregado,Entregado,NET_JVMORENO,SIM,3 ago 2026,3 ago 2026,null,No,CERRADAS,2026-08-04 01:23:15,Monolínea,Mono_item,Lambayeque,null
Chiclayo,Netcall,3 ago 2026,10,902804597,9028045978046291723419,9283,Outbound,Portabilidad Postpago,PROGRAMADO,Logixtal,5024,ABIERTAS,Pendiente Entrega,Pendiente Entrega,NET_RPOLOD,SIM,5 ago 2026,null,null,No,ABIERTAS,null,Monolínea,Mono_item,Lambayeque,null
Chiclayo,Netcall,2 ago 2026,16,902573173,9025731738044367194739,9283,Outbound,Portabilidad Postpago,RETIRO EN TIENDA,Retiro en tienda,3036,CERRADAS,Entregado,Entregado,NET_ADOROTEOSAL,SIM,2 ago 2026,2 ago 2026,03/08/2026,Sí,CERRADAS,2026-08-03 01:09:29,Multilínea,Mono_item,Lambayeque,19.95
Chiclayo,Netcall,1 ago 2026,18,902309633,902309633,9283,Outbound,Portabilidad Postpago,PROGRAMADO,Logixtal,5024,CERRADAS,Entregado,Entregado,NET_CPINELLAC,SIM,3 ago 2026,3 ago 2026,null,No,CERRADAS,2026-08-04 00:16:14,Monolínea,Mono_item,Lambayeque,null
Chiclayo,Netcall,3 ago 2026,12,902841061,9028410618046615884683,9283,Outbound,Portabilidad Postpago,EXPRESS,Logixtal,5024,CERRADAS,Entregado,Entregado,NET_MCASTILLOC,SIM,3 ago 2026,3 ago 2026,null,No,CERRADAS,2026-08-04 01:51:39,Multilínea,Multi_item,Lambayeque,null
Chiclayo,Netcall,1 ago 2026,12,902205689,9022056898040701768153,9271,Outbound,Portabilidad Postpago,EXPRESS,Logixtal,5024,CERRADAS,Entregado,Entregado,NET_KANGELESS,SIM,1 ago 2026,1 ago 2026,02/08/2026,Sí,CERRADAS,2026-08-02 00:10:20,Multilínea,Mono_item,Lambayeque,39.95
Chiclayo,Netcall,1 ago 2026,17,902297680,9022976808041647479743,9283,Outbound,Portabilidad Postpago,RETIRO EN TIENDA,Retiro en tienda,3036,CERRADAS,Entregado,Entregado,NET_NBURGAR,SIM,1 ago 2026,1 ago 2026,02/08/2026,Sí,CERRADAS,2026-08-02 00:11:34,Multilínea,Multi_item,Lambayeque,19.95
Chiclayo,Netcall,3 ago 2026,19,902986737,9029867378048054302916,9283,Outbound,Portabilidad Postpago,RETIRO EN TIENDA,Retiro en tienda,3036,CERRADAS,Entregado,Entregado,TLV_NET_CURCIAR,SIM,3 ago 2026,3 ago 2026,null,No,CERRADAS,2026-08-04 01:45:29,Multilínea,Mono_item,Lambayeque,null
Chiclayo,Netcall,3 ago 2026,15,902898842,9028988428047189399075,9283,Outbound,Portabilidad Postpago,PROGRAMADO,Logixtal,5024,ABIERTAS,Pendiente Entrega,Pendiente Entrega,NET_NSANTAMARIA,SIM,4 ago 2026,null,null,No,ABIERTAS,null,Multilínea,Mono_item,Lambayeque,null
Chiclayo,Netcall,3 ago 2026,12,902841061,9028410618046615884902,9283,Outbound,Portabilidad Postpago,EXPRESS,Logixtal,5024,CERRADAS,Entregado,Entregado,NET_MCASTILLOC,SIM,3 ago 2026,3 ago 2026,null,No,CERRADAS,2026-08-04 01:51:39,Multilínea,Multi_item,Lambayeque,null
Chiclayo,Netcall,2 ago 2026,10,902501582,9025015828043726381111,9283,Outbound,Portabilidad Postpago,PROGRAMADO,Logixtal,5024,CANCELADAS,Anulado,CLIENTE YA NO DESEA PRODUCTO,NET_GHERRERAG,SIM,3 ago 2026,null,null,No,CANCELADAS,2026-08-03 13:07:53,Monolínea,Mono_item,Lambayeque,null
Chiclayo,Netcall,1 ago 2026,10,902167470,9021674708040340181824,9283,Outbound,Venta Regular / Alta,EXPRESS,Logixtal,5024,CANCELADAS,Anulado,CLIENTE DESISTE - INFORMACIÓN INCORRECTA,NET_JQUINECHEB,SIM,1 ago 2026,null,null,No,CANCELADAS,2026-08-01 10:54:22,Monolínea,Mono_item,Lambayeque,null
Chiclayo,Netcall,3 ago 2026,15,902906519,9029065198047264071652,9283,Outbound,Portabilidad Postpago,PROGRAMADO,Logixtal,5024,ABIERTAS,Pendiente Entrega,Pendiente Entrega,NET_MALCANTARAV,SIM,4 ago 2026,null,null,No,ABIERTAS,null,Monolínea,Mono_item,Lambayeque,null
Chiclayo,Netcall,3 ago 2026,12,902849912,9028499128046702591285,9283,Outbound,Portabilidad Postpago,RETIRO EN TIENDA,Retiro en tienda,6037,ABIERTAS,Pendiente Entrega,Pendiente Entrega,NET_LTAMAYOD,SIM,3 ago 2026,null,null,No,ABIERTAS,null,Monolínea,Mono_item,Lambayeque,null
Chiclayo,Netcall,3 ago 2026,19,902983679,9029836798048023019392,9283,Outbound,Portabilidad Postpago,RETIRO EN TIENDA,Retiro en tienda,3036,CERRADAS,Entregado,Entregado,NET_JCHINGAA,SIM,3 ago 2026,3 ago 2026,null,No,CERRADAS,2026-08-04 03:41:25,Multilínea,Mono_item,Lambayeque,null
Chiclayo,Netcall,1 ago 2026,12,902206719,9022067198040707895098,9271,Outbound,Portabilidad Prepago,EXPRESS,Logixtal,5024,CERRADAS,Entregado,Entregado,NET_KANGELESS,SIM,1 ago 2026,1 ago 2026,02/08/2026,Sí,CERRADAS,2026-08-02 06:26:50,Multilínea,Mono_item,Lambayeque,19.95
Chiclayo,Netcall,3 ago 2026,10,902803077,9028030778046264253209,5299,Outbound,Portabilidad Postpago,EXPRESS,Logixtal,5024,CERRADAS,Entregado,Entregado,NET_SCHUMIOQUEP,SIM,3 ago 2026,3 ago 2026,null,No,CERRADAS,2026-08-04 01:28:31,Monolínea,Mono_item,Lambayeque,null
Chiclayo,Netcall,1 ago 2026,15,902268765,9022687658041347304068,9283,Outbound,Portabilidad Postpago,RETIRO EN TIENDA,Retiro en tienda,3036,CANCELADAS,Cancelado,Cancelado,NET_NBURGAR,SIM,1 ago 2026,null,null,No,CANCELADAS,2026-08-01 17:35:05,Multilínea,Multi_item,Lambayeque,null
Chiclayo,Netcall,1 ago 2026,17,902295070,9022950708041621206304,9283,Outbound,Portabilidad Postpago,PROGRAMADO,Logixtal,5024,ABIERTAS,Pendiente Entrega,Pendiente Entrega,TLV_NET_DSANC,SIM,3 ago 2026,null,null,No,ABIERTAS,null,Monolínea,Mono_item,Lambayeque,null
Chiclayo,Netcall,1 ago 2026,11,902198883,9021988838040640248850,5299,Outbound,Portabilidad Postpago,RETIRO EN TIENDA,Retiro en tienda,3213,ABIERTAS,Pendiente Entrega,Pendiente Entrega,NET_LYAIPENARRO,SIM,1 ago 2026,null,null,No,ABIERTAS,null,Multilínea,Multi_item,Lambayeque,null
Chiclayo,Netcall,3 ago 2026,14,902891167,9028911678047107248495,9271,Outbound,Portabilidad Postpago,PROGRAMADO,Logixtal,5024,ABIERTAS,Pendiente Entrega,Pendiente Entrega,NET_SLIZARDOPER,SIM,4 ago 2026,null,null,No,ABIERTAS,null,Monolínea,Mono_item,Lambayeque,null
Chiclayo,Netcall,2 ago 2026,12,902532291,9025322918043981717409,9283,Outbound,Portabilidad Postpago,RETIRO EN TIENDA,Retiro en tienda,6037,CERRADAS,Entregado,Entregado,NET_GMENDIGUETE,SIM,2 ago 2026,2 ago 2026,03/08/2026,Sí,CERRADAS,2026-08-03 01:03:53,Multilínea,Mono_item,Lambayeque,19.95
Chiclayo,Netcall,3 ago 2026,16,902935215,9029352158047544040624,9283,Outbound,Portabilidad Postpago,RETIRO EN TIENDA,Retiro en tienda,3036,CANCELADAS,Cancelado,Cancelado,TLV_NET_CURCIAR,SIM,3 ago 2026,null,null,No,CANCELADAS,2026-08-03 19:12:40,Multilínea,Mono_item,Lambayeque,null
Chiclayo,Netcall,1 ago 2026,11,902194925,9021949258040597604796,9271,Outbound,Portabilidad Postpago,EXPRESS,Logixtal,5024,CERRADAS,Entregado,Entregado,NET_KANGELESS,SIM,1 ago 2026,1 ago 2026,02/08/2026,Sí,CERRADAS,2026-08-02 00:46:58,Monolínea,Mono_item,Lambayeque,39.95
Chiclayo,Netcall,2 ago 2026,16,902573778,9025737788044374745976,9283,Outbound,Portabilidad Postpago,RETIRO EN TIENDA,Retiro en tienda,3036,CERRADAS,Entregado,Entregado,NET_ADOROTEOSAL,SIM,2 ago 2026,2 ago 2026,03/08/2026,Sí,CERRADAS,2026-08-03 02:02:18,Multilínea,Mono_item,Lambayeque,39.95
Chicama,Netcall,3 ago 2026,12,902855255,9028552558046756244243,9271,Outbound,Portabilidad Postpago,PROGRAMADO,Logixtal,5023,ABIERTAS,Pendiente Entrega,Pendiente Entrega,NET_LRODRIGUEZC,SIM,4 ago 2026,null,null,No,ABIERTAS,null,Monolínea,Mono_item,La Libertad,null
Chao,Netcall,1 ago 2026,14,902253063,9022530638041174060871,9283,Outbound,Portabilidad Postpago,PROGRAMADO,Logixtal,5023,ABIERTAS,Pendiente Entrega,Pendiente Entrega,NET_ARIOST,SIM,3 ago 2026,null,null,No,ABIERTAS,null,Monolínea,Mono_item,La Libertad,null
Chao,Netcall,1 ago 2026,14,902241686,9022416868041062823482,9271,Outbound,Portabilidad Postpago,PROGRAMADO,Logixtal,5023,CERRADAS,Entregado,Entregado,NET_MCVASQUEZ,SIM,3 ago 2026,3 ago 2026,null,No,CERRADAS,2026-08-04 01:01:58,Monolínea,Mono_item,La Libertad,null
Chao,Netcall,2 ago 2026,10,902499709,902499709,9283,Outbound,Portabilidad Postpago,PROGRAMADO,Logixtal,5023,CERRADAS,Entregado,Entregado,NET_GFLORESS,SIM,3 ago 2026,3 ago 2026,null,No,CERRADAS,2026-08-04 00:06:14,Multilínea,Mono_item,La Libertad,null
Chao,Netcall,2 ago 2026,10,902498619,9024986198043698895239,9283,Outbound,Portabilidad Postpago,PROGRAMADO,Logixtal,5023,CERRADAS,Entregado,Entregado,NET_GFLORESS,SIM,3 ago 2026,3 ago 2026,null,No,CERRADAS,2026-08-04 00:53:27,Multilínea,Mono_item,La Libertad,null
Chao,Netcall,1 ago 2026,17,902304357,9023043578041716001872,9283,Outbound,Portabilidad Postpago,PROGRAMADO,Logixtal,5023,ABIERTAS,Pendiente Entrega,Pendiente Entrega,NET_AARNAIZA,SIM,3 ago 2026,null,null,No,ABIERTAS,null,Monolínea,Mono_item,La Libertad,null
Chao,Netcall,3 ago 2026,18,902976937,9029769378047960214456,9283,Outbound,Portabilidad Postpago,PROGRAMADO,Logixtal,5023,ABIERTAS,Pendiente Entrega,Pendiente Entrega,NET_LYESQUENP,SIM,5 ago 2026,null,null,No,ABIERTAS,null,Monolínea,Mono_item,La Libertad,null
Chao,Netcall,3 ago 2026,16,902926192,9029261928047473968488,9271,Outbound,Portabilidad Postpago,PROGRAMADO,Logixtal,5023,ABIERTAS,Pendiente Entrega,Pendiente Entrega,NET_LGOMEZA,SIM,5 ago 2026,null,null,No,ABIERTAS,null,Monolínea,Mono_item,La Libertad,null
Chanchamayo,Netcall,3 ago 2026,9,902782514,9027825148046079362839,9283,Outbound,Portabilidad Postpago,RETIRO EN TIENDA,Retiro en tienda,3106,ABIERTAS,Entregado,Entregado,NET_LMORAO,SIM,3 ago 2026,3 ago 2026,null,No,ABIERTAS,null,Multilínea,Mono_item,Junin,null
Chanchamayo,Netcall,1 ago 2026,16,902274989,9022749898041413039632,9283,Outbound,Portabilidad Postpago,RETIRO EN TIENDA,Retiro en tienda,7271,CERRADAS,Entregado,Entregado,NET_GCABALLEROC,SIM,2 ago 2026,1 ago 2026,02/08/2026,Sí,CERRADAS,2026-08-02 01:32:34,Monolínea,Mono_item,Junin,39.95
Chanchamayo,Netcall,1 ago 2026,13,902225977,9022259778040904196661,9283,Outbound,Portabilidad Postpago,RETIRO EN TIENDA,Retiro en tienda,3106,CERRADAS,Entregado,Entregado,NET_VTURKOWSKYG,SIM,1 ago 2026,1 ago 2026,02/08/2026,Sí,CERRADAS,2026-08-02 01:14:18,Monolínea,Mono_item,Junin,39.95
Chanchamayo,Netcall,3 ago 2026,14,902891845,9028918458047118659643,9283,Outbound,Portabilidad Postpago,RETIRO EN TIENDA,Retiro en tienda,7315,ABIERTAS,Pendiente Entrega,Pendiente Entrega,NET_MREZAH,SIM,3 ago 2026,null,null,No,ABIERTAS,null,Monolínea,Mono_item,Empty,null
Chanchamayo,Netcall,3 ago 2026,12,902848588,9028485888046693127773,9271,Outbound,Portabilidad Postpago,RETIRO EN TIENDA,Retiro en tienda,7315,ABIERTAS,Pendiente Entrega,Pendiente Entrega,NET_RCARDENASH,SIM,3 ago 2026,null,null,No,ABIERTAS,null,Monolínea,Mono_item,Empty,null
Chanchamayo,Netcall,1 ago 2026,17,902299949,9022999498041674807480,9283,Outbound,Portabilidad Postpago,RETIRO EN TIENDA,Retiro en tienda,7271,CANCELADAS,Cancelado,Cancelado,NET_JGUIOP,SIM,2 ago 2026,null,null,No,CANCELADAS,2026-08-01 18:55:44,Monolínea,Mono_item,Junin,null
Chanchamayo,Netcall,3 ago 2026,9,902782912,9027829128046078053492,9283,Outbound,Portabilidad Postpago,RETIRO EN TIENDA,Retiro en tienda,3106,CERRADAS,Entregado,Entregado,NET_LMORAO,SIM,3 ago 2026,3 ago 2026,null,No,CERRADAS,2026-08-04 01:21:24,Multilínea,Mono_item,Junin,null
Chanchamayo,Netcall,2 ago 2026,10,902494797,9024947978043666113325,9283,Outbound,Portabilidad Postpago,RETIRO EN TIENDA,Retiro en tienda,7271,CERRADAS,Entregado,Entregado,NET_JGUIOP,SIM,2 ago 2026,2 ago 2026,03/08/2026,Sí,CERRADAS,2026-08-03 01:09:14,Monolínea,Mono_item,Junin,29.95
Chanchamayo,Netcall,3 ago 2026,13,902876451,9028764518046967489756,9283,Outbound,Portabilidad Postpago,RETIRO EN TIENDA,Retiro en tienda,3106,CERRADAS,Entregado,Entregado,NET_LMUSAYONS,SIM,3 ago 2026,3 ago 2026,null,No,CERRADAS,2026-08-04 01:00:51,Monolínea,Mono_item,Junin,null
Chancay,Netcall,1 ago 2026,9,902150611,9021506118040189384896,9289,Outbound,Portabilidad Postpago,PROGRAMADO,Logixtal,9001,CERRADAS,Entregado,Entregado,NET_LCAMPOSCABR,SIM,3 ago 2026,3 ago 2026,null,No,CERRADAS,2026-08-04 01:43:07,Multilínea,Multi_item,Lima - Callao,null
Chancay,Netcall,1 ago 2026,9,902150611,9021506118040187919115,9289,Outbound,Portabilidad Postpago,PROGRAMADO,Logixtal,9001,CERRADAS,Entregado,Entregado,NET_LCAMPOSCABR,SIM,3 ago 2026,3 ago 2026,null,No,CERRADAS,2026-08-04 01:43:07,Multilínea,Multi_item,Lima - Callao,null
Chancay,Netcall,1 ago 2026,10,902166244,9021662448040329335638,9271,Outbound,Portabilidad Postpago,PROGRAMADO,Logixtal,9001,CERRADAS,Entregado,Entregado,NET_PHUAMANM,SIM,3 ago 2026,3 ago 2026,null,No,CERRADAS,2026-08-04 01:49:04,Monolínea,Mono_item,Lima - Callao,null
Chancay,Netcall,1 ago 2026,17,902294404,9022944048041613169522,9283,Outbound,Portabilidad Postpago,PROGRAMADO,Logixtal,9001,CERRADAS,Entregado,Entregado,NET_TANCHANTEG,SIM,3 ago 2026,3 ago 2026,null,No,CERRADAS,2026-08-04 01:37:02,Monolínea,Mono_item,Lima - Callao,null
Chaclacayo,Netcall,3 ago 2026,9,902782510,9027825108046074243481,9271,Outbound,Portabilidad Postpago,PROGRAMADO,Logixtal,9001,ABIERTAS,Pendiente Entrega,Pendiente Entrega,NET_RMRAMIREZ,SIM,4 ago 2026,null,null,No,ABIERTAS,null,Multilínea,Mono_item,Lima - Callao,null
Chaclacayo,Netcall,3 ago 2026,9,902781939,9027819398046070871029,9271,Outbound,Venta Regular / Alta,PROGRAMADO,Logixtal,9001,ABIERTAS,Pendiente Entrega,Pendiente Entrega,NET_RMRAMIREZ,SIM,4 ago 2026,null,null,No,ABIERTAS,null,Multilínea,Mono_item,Lima - Callao,null
Chachapoyas,Netcall,3 ago 2026,12,902858408,9028584088046785700073,9271,Outbound,Portabilidad Postpago,RETIRO EN TIENDA,Retiro en tienda,3008,ABIERTAS,Pendiente Entrega,Pendiente Entrega,NET_JVALVERDEV,SIM,3 ago 2026,null,null,No,ABIERTAS,null,Multilínea,Mono_item,Amazonas,null
Chachapoyas,Netcall,3 ago 2026,13,902859928,9028599288046798613507,9271,Outbound,Portabilidad Postpago,RETIRO EN TIENDA,Retiro en tienda,3008,ABIERTAS,Pendiente Entrega,Pendiente Entrega,NET_JVALVERDEV,SIM,3 ago 2026,null,null,No,ABIERTAS,null,Multilínea,Mono_item,Amazonas,null
Chachapoyas,Netcall,3 ago 2026,10,902811302,9028113028046348384739,9289,Outbound,Portabilidad Postpago,RETIRO EN TIENDA,Retiro en tienda,3008,CERRADAS,Entregado,Entregado,NET_LCAMPOSCABR,SIM,3 ago 2026,3 ago 2026,null,No,CERRADAS,2026-08-04 01:00:09,Monolínea,Mono_item,Amazonas,null
Chachapoyas,Netcall,4 ago 2026,8,903196171,90319617189511710101045272017,9271,Outbound,Portabilidad Postpago,EXPRESS,Logixtal,9357,ABIERTAS,Pendiente Entrega,Pendiente Entrega,NET_ASANCHEZT,SIM,4 ago 2026,null,null,No,ABIERTAS,null,Monolínea,Mono_item,Amazonas,null
Cerro Colorado,Netcall,1 ago 2026,12,902219045,9022190458040836082290,9283,Outbound,Portabilidad Postpago,EXPRESS,Logixtal,5022,CERRADAS,Entregado,Entregado,NET_SDIAZO,SIM,1 ago 2026,1 ago 2026,02/08/2026,Sí,CERRADAS,2026-08-02 01:41:28,Monolínea,Mono_item,Arequipa,19.95
Cerro Colorado,Netcall,1 ago 2026,9,902162514,9021625148040297552861,9283,Outbound,Portabilidad Postpago,EXPRESS,Logixtal,5022,CERRADAS,Entregado,Entregado,NET_MORIHUELAQ,SIM,1 ago 2026,1 ago 2026,02/08/2026,Sí,CERRADAS,2026-08-02 00:52:52,Monolínea,Mono_item,Arequipa,34.95
Cerro Colorado,Netcall,1 ago 2026,18,902318078,9023180788041849604048,9283,Outbound,Portabilidad Postpago,PROGRAMADO,Logixtal,5022,ABIERTAS,Pendiente Entrega,Pendiente Entrega,NET_CCAVEROA,SIM,3 ago 2026,null,null,No,ABIERTAS,null,Monolínea,Mono_item,Arequipa,null
Cerro Colorado,Netcall,3 ago 2026,17,902953894,9029538948047725177386,9271,Outbound,Portabilidad Postpago,PROGRAMADO,Logixtal,5022,ABIERTAS,Pendiente Entrega,Pendiente Entrega,NET_KCHUQUIZUTC,SIM,4 ago 2026,null,null,No,ABIERTAS,null,Monolínea,Mono_item,Arequipa,null
Cerro Colorado,Netcall,3 ago 2026,12,902851047,9028510478046712085708,9283,Outbound,Portabilidad Postpago,PROGRAMADO,Logixtal,5022,ABIERTAS,Pendiente Entrega,Pendiente Entrega,NET_CSALAZARP,SIM,4 ago 2026,null,null,No,ABIERTAS,null,Monolínea,Mono_item,Arequipa,null
Cerro Colorado,Netcall,3 ago 2026,14,902889646,902889646,9283,Outbound,Portabilidad Postpago,EXPRESS,Logixtal,5022,CERRADAS,Entregado,Entregado,NET_SAVILAC,SIM,3 ago 2026,3 ago 2026,null,No,CERRADAS,2026-08-04 00:09:33,Monolínea,Mono_item,Arequipa,null
Cerro Colorado,Netcall,3 ago 2026,11,902821186,902821186,9283,Outbound,Portabilidad Postpago,EXPRESS,Logixtal,5022,CERRADAS,Entregado,Entregado,NET_YRUEDAMONDR,SIM,3 ago 2026,3 ago 2026,null,No,CERRADAS,2026-08-04 00:20:06,Monolínea,Mono_item,Arequipa,null
Cerro Colorado,Netcall,3 ago 2026,11,902825833,9028258338046461250227,9271,Outbound,Portabilidad Postpago,EXPRESS,Logixtal,5022,ABIERTAS,Entregado,Entregado,NET_SCOVENASC,SIM,3 ago 2026,3 ago 2026,null,No,ABIERTAS,null,Monolínea,Mono_item,Arequipa,null
Cerro Colorado,Netcall,1 ago 2026,10,902171405,9021714058040374250077,9283,Outbound,Portabilidad Postpago,EXPRESS,Logixtal,5022,CERRADAS,Entregado,Entregado,NET_SDEDIOSO,SIM,1 ago 2026,1 ago 2026,02/08/2026,Sí,CERRADAS,2026-08-02 00:41:17,Multilínea,Mono_item,Arequipa,19.95
Cerro Colorado,Netcall,3 ago 2026,18,902962687,9029626878047816062483,9271,Outbound,Portabilidad Postpago,PROGRAMADO,Logixtal,5022,ABIERTAS,Pendiente Entrega,Pendiente Entrega,NET_BATOP,SIM,4 ago 2026,null,null,No,ABIERTAS,null,Monolínea,Mono_item,Arequipa,null
Cerro Colorado,Netcall,1 ago 2026,8,902149621,9021496218040180706074,9271,Outbound,Portabilidad Prepago,EXPRESS,Logixtal,5022,CERRADAS,Entregado,Entregado,NET_CREYESJ,SIM,1 ago 2026,1 ago 2026,02/08/2026,Sí,CERRADAS,2026-08-02 01:04:23,Monolínea,Mono_item,Arequipa,34.95
Cerro Colorado,Netcall,3 ago 2026,13,902860602,902860602,9271,Outbound,Portabilidad Postpago,EXPRESS,Logixtal,5022,CERRADAS,Entregado,Entregado,NET_MGSGRADOS,SIM,3 ago 2026,3 ago 2026,null,No,CERRADAS,2026-08-04 00:16:53,Monolínea,Mono_item,Arequipa,null
Cerro Colorado,Netcall,3 ago 2026,19,902985870,9029858708048044774840,9283,Outbound,Portabilidad Postpago,PROGRAMADO,Logixtal,5022,ABIERTAS,Pendiente Entrega,Pendiente Entrega,NET_SLAZOB,SIM,4 ago 2026,null,null,No,ABIERTAS,null,Monolínea,Mono_item,Arequipa,null
Cerro Colorado,Netcall,3 ago 2026,5,902765455,9027654558045898700734,9283,Outbound,Portabilidad Postpago,EXPRESS,Logixtal,5022,CERRADAS,Entregado,Entregado,NET_VZEGARRAAGU,SIM,3 ago 2026,3 ago 2026,null,No,CERRADAS,2026-08-04 01:05:36,Monolínea,Mono_item,Arequipa,null
Cerro Colorado,Netcall,1 ago 2026,9,902162146,9021621468040295757310,9283,Outbound,Portabilidad Postpago,EXPRESS,Logixtal,5022,CANCELADAS,Anulado,SOLICITADO POR CANAL,TLV_NET_LMONTED,SIM,1 ago 2026,null,null,No,CANCELADAS,2026-08-01 11:04:21,Monolínea,Mono_item,Arequipa,null
Cerro Colorado,Netcall,3 ago 2026,17,902940728,9029407288047595004891,9271,Outbound,Portabilidad Postpago,PROGRAMADO,Logixtal,5022,ABIERTAS,Pendiente Entrega,Pendiente Entrega,NET_SNIMAG,SIM,4 ago 2026,null,null,No,ABIERTAS,null,Monolínea,Mono_item,Arequipa,null
Cerro Colorado,Netcall,1 ago 2026,18,902325539,9023255398041925251953,9283,Outbound,Portabilidad Postpago,PROGRAMADO,Logixtal,5022,CANCELADAS,Anulado,CLIENTE YA NO DESEA PRODUCTO,NET_GGALLARDAYA,SIM,3 ago 2026,null,null,No,CANCELADAS,2026-08-03 13:15:53,Monolínea,Mono_item,Arequipa,null
Cerro Colorado,Netcall,3 ago 2026,17,902944986,9029449868047633081963,9283,Outbound,Portabilidad Postpago,PROGRAMADO,Logixtal,5022,ABIERTAS,Pendiente Entrega,Pendiente Entrega,NET_JSANGAMA,SIM,4 ago 2026,null,null,No,ABIERTAS,null,Monolínea,Mono_item,Arequipa,null
Cerro Colorado,Netcall,1 ago 2026,17,902300502,9023005028041677943363,9283,Outbound,Portabilidad Postpago,PROGRAMADO,Logixtal,5022,CERRADAS,Entregado,Entregado,NET_SCANTOT,SIM,3 ago 2026,3 ago 2026,null,No,CERRADAS,2026-08-04 02:35:06,Monolínea,Mono_item,Arequipa,null
Cerro Colorado,Netcall,1 ago 2026,10,902169977,9021699778040361540840,9283,Outbound,Portabilidad Postpago,EXPRESS,Logixtal,5022,CERRADAS,Entregado,Entregado,NET_SDEDIOSO,SIM,1 ago 2026,1 ago 2026,02/08/2026,Sí,CERRADAS,2026-08-02 01:44:48,Multilínea,Multi_item,Arequipa,19.95
Cerro Colorado,Netcall,1 ago 2026,10,902169977,9021699778040361540621,9283,Outbound,Portabilidad Postpago,EXPRESS,Logixtal,5022,CERRADAS,Entregado,Entregado,NET_SDEDIOSO,SIM,1 ago 2026,1 ago 2026,02/08/2026,Sí,CERRADAS,2026-08-02 01:44:48,Multilínea,Multi_item,Arequipa,19.95
Cerro Colorado,Netcall,3 ago 2026,10,902795275,9027952758046197766526,9289,Outbound,Portabilidad Postpago,EXPRESS,Logixtal,5022,CERRADAS,Entregado,Entregado,NET_YHUAMAN,SIM,3 ago 2026,3 ago 2026,null,No,CERRADAS,2026-08-04 01:53:18,Monolínea,Mono_item,Arequipa,null
Cerro Colorado,Netcall,1 ago 2026,10,902169977,9021699778040361540402,9283,Outbound,Portabilidad Postpago,EXPRESS,Logixtal,5022,CERRADAS,Entregado,Entregado,NET_SDEDIOSO,SIM,1 ago 2026,1 ago 2026,02/08/2026,Sí,CERRADAS,2026-08-02 01:44:48,Multilínea,Multi_item,Arequipa,39.95
Cerro Colorado,Netcall,3 ago 2026,10,902793164,9027931648046180949960,9283,Outbound,Portabilidad Postpago,PROGRAMADO,Logixtal,5022,ABIERTAS,Pendiente Entrega,Pendiente Entrega,NET_ATUMEH,SIM,5 ago 2026,null,null,No,ABIERTAS,null,Monolínea,Mono_item,Arequipa,null
Cerro Colorado,Netcall,2 ago 2026,12,902531334,902531334,9283,Outbound,Portabilidad Postpago,PROGRAMADO,Logixtal,5022,CERRADAS,Entregado,Entregado,TLV_NET_MLANDAR,SIM,3 ago 2026,3 ago 2026,null,No,CERRADAS,2026-08-04 00:14:01,Monolínea,Mono_item,Arequipa,null
Cerro Colorado,Netcall,1 ago 2026,10,902171850,9021718508040385320314,9283,Outbound,Portabilidad Postpago,EXPRESS,Logixtal,5022,ABIERTAS,Pendiente Entrega,Pendiente Entrega,TLV_NET_MCHAMBI,SIM,1 ago 2026,null,null,No,ABIERTAS,null,Monolínea,Mono_item,Arequipa,null
Cañete,Netcall,1 ago 2026,14,902256259,9022562598041210577550,9283,Outbound,Venta Regular / Alta,RETIRO EN TIENDA,Retiro en tienda,3096,CERRADAS,Entregado,Entregado,NET_EMEDINAU,SIM,1 ago 2026,1 ago 2026,01/08/2026,Sí,CERRADAS,2026-08-01 15:15:58,Monolínea,Mono_item,Ica,19.95
Cañete,Netcall,1 ago 2026,16,902282604,9022826048041497431079,9271,Outbound,Portabilidad Postpago,RETIRO EN TIENDA,Retiro en tienda,3096,ABIERTAS,Pendiente Entrega,Pendiente Entrega,NET_EECASAFRANC,SIM,1 ago 2026,null,null,No,ABIERTAS,null,Monolínea,Mono_item,Ica,null
Cañete,Netcall,1 ago 2026,17,902307054,9023070548041738842346,9283,Outbound,Portabilidad Postpago,RETIRO EN TIENDA,Retiro en tienda,3096,CERRADAS,Entregado,Entregado,TLV_NET_JPENAM,SIM,1 ago 2026,1 ago 2026,02/08/2026,Sí,CERRADAS,2026-08-02 00:50:28,Monolínea,Mono_item,Ica,29.95
Cañete,Netcall,1 ago 2026,15,902265810,9022658108041309271699,9271,Outbound,Portabilidad Postpago,RETIRO EN TIENDA,Retiro en tienda,3096,CERRADAS,Entregado,Entregado,NET_DVILLAVERDM,SIM,1 ago 2026,1 ago 2026,02/08/2026,Sí,CERRADAS,2026-08-02 00:48:47,Multilínea,Mono_item,Ica,39.95
Cayma,Netcall,3 ago 2026,18,902962012,9029620128047807480156,9283,Outbound,Portabilidad Postpago,PROGRAMADO,Logixtal,5022,ABIERTAS,Pendiente Entrega,Pendiente Entrega,NET_JVILLAFANIC,SIM,4 ago 2026,null,null,No,ABIERTAS,null,Monolínea,Mono_item,Arequipa,null
Cayma,Netcall,1 ago 2026,10,902164281,9021642818040312412983,9283,Outbound,Portabilidad Postpago,EXPRESS,Logixtal,5022,CERRADAS,Entregado,Entregado,TLV_NET_DVALOI,SIM,1 ago 2026,1 ago 2026,02/08/2026,Sí,CERRADAS,2026-08-02 01:06:10,Multilínea,Mono_item,Arequipa,19.95
Cayma,Netcall,1 ago 2026,10,902165341,9021653418040324699172,9283,Outbound,Portabilidad Postpago,EXPRESS,Logixtal,5022,CANCELADAS,Entregado,Entregado,TLV_NET_DVALOI,SIM,1 ago 2026,1 ago 2026,null,No,CANCELADAS,2026-08-01 22:00:30,Multilínea,Mono_item,Arequipa,null
Cayma,Netcall,1 ago 2026,10,902166106,9021661068040328276827,9283,Outbound,Portabilidad Prepago,EXPRESS,Logixtal,5022,CERRADAS,Entregado,Entregado,TLV_NET_DVALOI,SIM,1 ago 2026,1 ago 2026,02/08/2026,Sí,CERRADAS,2026-08-02 06:27:38,Multilínea,Mono_item,Arequipa,39.95
Cayma,Netcall,3 ago 2026,13,902876121,9028761218046957440879,9283,Outbound,Portabilidad Postpago,EXPRESS,Logixtal,5022,CANCELADAS,Anulado,PIN-PORTA NO LLEGA SMS,NET_ABARRERAY,SIM,3 ago 2026,null,null,No,CANCELADAS,2026-08-03 16:23:25,Monolínea,Mono_item,Arequipa,null
Catacaos,Netcall,3 ago 2026,12,902849970,9028499708046705360286,9283,Outbound,Portabilidad Postpago,PROGRAMADO,Logixtal,5021,ABIERTAS,Pendiente Entrega,Pendiente Entrega,NET_JCHAVEZPINT,SIM,4 ago 2026,null,null,No,ABIERTAS,null,Monolínea,Mono_item,Piura,null
Catacaos,Netcall,1 ago 2026,15,902258314,9022583148041236368957,9271,Outbound,Portabilidad Postpago,PROGRAMADO,Logixtal,5021,CANCELADAS,Anulado,SOLICITADO POR CANAL,NET_ATELLOY,SIM,3 ago 2026,null,null,No,CANCELADAS,2026-08-01 18:43:23,Monolínea,Mono_item,Piura,null
Catacaos,Netcall,1 ago 2026,12,902216823,9022168238040811962036,9283,Outbound,Portabilidad Postpago,PROGRAMADO,Logixtal,5021,CERRADAS,Entregado,Entregado,NET_VZEGARRAAGU,SIM,3 ago 2026,3 ago 2026,null,No,CERRADAS,2026-08-04 01:47:12,Monolínea,Mono_item,Piura,null
Catacaos,Netcall,1 ago 2026,10,902172540,9021725408040390862112,9271,Outbound,Portabilidad Postpago,PROGRAMADO,Logixtal,5021,CERRADAS,Entregado,Entregado,NET_GHUANCASS,SIM,3 ago 2026,3 ago 2026,null,No,CERRADAS,2026-08-04 01:40:45,Monolínea,Mono_item,Piura,null
Castilla,Netcall,3 ago 2026,14,902894210,9028942108047140316302,9283,Outbound,Venta Regular / Alta,EXPRESS,Logixtal,5021,CERRADAS,Entregado,Entregado,NET_EZAPATAC,SIM,3 ago 2026,3 ago 2026,03/08/2026,Sí,CERRADAS,2026-08-03 21:25:14,Monolínea,Mono_item,Piura,39.9
Castilla,Netcall,3 ago 2026,10,902810726,902810726,9283,Outbound,Portabilidad Postpago,EXPRESS,Logixtal,5021,CERRADAS,Entregado,Entregado,NET_EVELASQUEZB,SIM,3 ago 2026,3 ago 2026,null,No,CERRADAS,2026-08-04 00:22:04,Monolínea,Mono_item,Piura,null
Castilla,Netcall,3 ago 2026,14,902884596,9028845968047032999645,9271,Outbound,Portabilidad Postpago,EXPRESS,Logixtal,5021,CERRADAS,Entregado,Entregado,NET_JVALVERDEV,SIM,3 ago 2026,3 ago 2026,null,No,CERRADAS,2026-08-04 01:20:54,Multilínea,Mono_item,Piura,null
Castilla,Netcall,1 ago 2026,11,902187900,9021879008040535686296,9283,Outbound,Portabilidad Postpago,EXPRESS,Logixtal,5021,CERRADAS,Entregado,Entregado,TLV_NET_YAQUINO,SIM,1 ago 2026,1 ago 2026,02/08/2026,Sí,CERRADAS,2026-08-02 00:10:51,Multilínea,Mono_item,Piura,39.95
Castilla,Netcall,3 ago 2026,18,902971101,9029711018047900079208,9283,Outbound,Portabilidad Postpago,PROGRAMADO,Logixtal,5021,ABIERTAS,Pendiente Entrega,Pendiente Entrega,NET_AAYAURIO,SIM,4 ago 2026,null,null,No,ABIERTAS,null,Monolínea,Mono_item,Piura,null
Castilla,Netcall,3 ago 2026,16,902920544,9029205448047403264483,9283,Outbound,Portabilidad Postpago,EXPRESS,Logixtal,5021,CERRADAS,Entregado,Entregado,NET_LPASCUALH,SIM,3 ago 2026,3 ago 2026,null,No,CERRADAS,2026-08-04 02:03:46,Monolínea,Mono_item,Piura,null
Castilla,Netcall,3 ago 2026,10,902794666,9027946668046195519787,9283,Outbound,Portabilidad Postpago,EXPRESS,Logixtal,5021,ABIERTAS,Pendiente Entrega,Pendiente Entrega,NET_JCALDASB,SIM,3 ago 2026,null,null,No,ABIERTAS,null,Monolínea,Mono_item,Piura,null
Castilla,Netcall,1 ago 2026,15,902261467,9022614678041266387439,9283,Outbound,Portabilidad Postpago,EXPRESS,Logixtal,5021,CERRADAS,Entregado,Entregado,NET_JJFERNANDEA,SIM,1 ago 2026,1 ago 2026,02/08/2026,Sí,CERRADAS,2026-08-02 01:39:50,Monolínea,Mono_item,Piura,29.95
Castilla,Netcall,3 ago 2026,14,902883624,9028836248047029643071,9271,Outbound,Portabilidad Postpago,EXPRESS,Logixtal,5021,ABIERTAS,Entregado,Entregado,NET_JVALVERDEV,SIM,3 ago 2026,3 ago 2026,null,No,ABIERTAS,null,Multilínea,Mono_item,Piura,null
Castilla,Netcall,3 ago 2026,16,902922743,9029227438047425804667,9271,Outbound,Portabilidad Postpago,EXPRESS,Logixtal,5021,ABIERTAS,Pendiente Entrega,Pendiente Entrega,NET_ACORDOVAS,SIM,3 ago 2026,null,null,No,ABIERTAS,null,Monolínea,Mono_item,Piura,null
Castilla,Netcall,3 ago 2026,11,902828528,9028285288046488648088,9283,Outbound,Portabilidad Postpago,EXPRESS,Logixtal,5021,CERRADAS,Entregado,Entregado,TLV_NET_ECODARL,SIM,3 ago 2026,3 ago 2026,null,No,CERRADAS,2026-08-04 01:39:58,Monolínea,Mono_item,Piura,null
Castilla,Netcall,1 ago 2026,11,902186731,9021867318040525593194,9283,Outbound,Portabilidad Postpago,EXPRESS,Logixtal,5021,CERRADAS,Entregado,Entregado,TLV_NET_YAQUINO,SIM,1 ago 2026,1 ago 2026,02/08/2026,Sí,CERRADAS,2026-08-02 01:42:06,Multilínea,Mono_item,Piura,19.95
Castilla,Netcall,3 ago 2026,14,902881165,9028811658047002445014,9283,Outbound,Portabilidad Postpago,PROGRAMADO,Logixtal,5021,ABIERTAS,Pendiente Entrega,Pendiente Entrega,NET_EZAPATAC,SIM,4 ago 2026,null,null,No,ABIERTAS,null,Monolínea,Mono_item,Piura,null
Castilla,Netcall,3 ago 2026,14,902880861,902880861,9283,Outbound,Portabilidad Postpago,EXPRESS,Logixtal,5021,CERRADAS,Entregado,Entregado,NET_SFARIASR,SIM,3 ago 2026,3 ago 2026,null,No,CERRADAS,2026-08-04 00:26:16,Monolínea,Mono_item,Piura,null
Castilla,Netcall,3 ago 2026,10,902794361,9027943618046195394068,9283,Outbound,Portabilidad Postpago,EXPRESS,Logixtal,5021,CERRADAS,Entregado,Entregado,NET_VZEGARRAAGU,SIM,3 ago 2026,3 ago 2026,null,No,CERRADAS,2026-08-04 01:43:02,Monolínea,Mono_item,Piura,null
Castilla,Netcall,1 ago 2026,15,902260069,9022600698041254585154,9283,Outbound,Portabilidad Postpago,EXPRESS,Logixtal,5021,CANCELADAS,Cancelado,ORDEN NO VALIDO EN SIEBEL O ESTADO CANCELADO,NET_EVELASQUEZB,SIM,1 ago 2026,null,null,No,CANCELADAS,2026-08-02 22:00:09,Monolínea,Mono_item,Piura,null
Castilla,Netcall,1 ago 2026,11,902190010,9021900108040560237269,9283,Outbound,Portabilidad Postpago,EXPRESS,Logixtal,5021,CERRADAS,Entregado,Entregado,NET_PCHAVESTAY,SIM,1 ago 2026,3 ago 2026,null,No,CERRADAS,2026-08-04 03:38:59,Monolínea,Mono_item,Piura,null
Carmen De La Legua Reynoso,Netcall,3 ago 2026,12,902845443,9028454438046653076549,9271,Outbound,Portabilidad Postpago,EXPRESS,Logixtal,9001,CERRADAS,Entregado,Entregado,NET_ASANCHEZT,SIM,3 ago 2026,3 ago 2026,null,No,CERRADAS,2026-08-04 01:33:36,Monolínea,Mono_item,Lima - Callao,null
Carmen Alto,Netcall,1 ago 2026,7,902111080,9021110808039964620625,9283,Outbound,Portabilidad Postpago,EXPRESS,Logixtal,9354,CERRADAS,Entregado,Entregado,NET_GFLORESS,SIM,1 ago 2026,1 ago 2026,02/08/2026,Sí,CERRADAS,2026-08-02 01:40:41,Monolínea,Mono_item,Ayacucho,34.95
Carmen Alto,Netcall,1 ago 2026,15,902262248,9022622488041279858685,9271,Outbound,Portabilidad Postpago,EXPRESS,Logixtal,9354,CANCELADAS,Anulado,CLIENTE SE ENCUENTRA DE VIAJE,NET_RMRAMIREZ,SIM,1 ago 2026,null,null,No,CANCELADAS,2026-08-03 10:04:56,Multilínea,Mono_item,Ayacucho,null
Carmen Alto,Netcall,3 ago 2026,7,902774421,9027744218046005051852,9283,Outbound,Portabilidad Postpago,EXPRESS,Logixtal,9354,CERRADAS,Entregado,Entregado,NET_SLAZOB,SIM,3 ago 2026,3 ago 2026,null,No,CERRADAS,2026-08-04 03:38:55,Multilínea,Mono_item,Ayacucho,null
Carmen Alto,Netcall,1 ago 2026,15,902261280,9022612808041265719505,9271,Outbound,Venta Regular / Alta,EXPRESS,Logixtal,9354,CANCELADAS,Anulado,CLIENTE SE ENCUENTRA DE VIAJE,NET_RMRAMIREZ,SIM,1 ago 2026,null,null,No,CANCELADAS,2026-08-03 10:01:18,Multilínea,Mono_item,Ayacucho,null
Carmen Alto,Netcall,3 ago 2026,7,902774581,902774581,9283,Outbound,Portabilidad Postpago,EXPRESS,Logixtal,9354,CERRADAS,Entregado,Entregado,NET_SLAZOB,SIM,3 ago 2026,3 ago 2026,null,No,CERRADAS,2026-08-04 00:35:47,Multilínea,Mono_item,Ayacucho,null
Carabayllo,Netcall,3 ago 2026,13,902863197,902863197,9283,Outbound,Portabilidad Postpago,EXPRESS,Logixtal,9001,CERRADAS,Entregado,Entregado,NET_GSANCHEZO,SIM,3 ago 2026,3 ago 2026,null,No,CERRADAS,2026-08-04 00:09:02,Monolínea,Mono_item,Lima - Callao,null
Carabayllo,Netcall,1 ago 2026,10,902165133,9021651338040320450091,9283,Outbound,Portabilidad Postpago,EXPRESS,Logixtal,9001,CERRADAS,Entregado,Entregado,TLV_NET_OCCONA,SIM,1 ago 2026,1 ago 2026,02/08/2026,Sí,CERRADAS,2026-08-02 00:09:07,Monolínea,Mono_item,Lima - Callao,34.95
Carabayllo,Netcall,3 ago 2026,12,902842093,9028420938046627221952,9283,Outbound,Portabilidad Postpago,PROGRAMADO,Logixtal,9001,ABIERTAS,Pendiente Entrega,Pendiente Entrega,NET_JCHAVEZC,SIM,4 ago 2026,null,null,No,ABIERTAS,null,Monolínea,Mono_item,Lima - Callao,null
Carabayllo,Netcall,1 ago 2026,16,902276168,9022761688041426833353,9283,Outbound,Venta Regular / Alta,EXPRESS,Logixtal,9001,CERRADAS,Entregado,Entregado,NET_CGRANADOSC,SIM,1 ago 2026,1 ago 2026,01/08/2026,Sí,CERRADAS,2026-08-01 19:05:44,Monolínea,Mono_item,Lima - Callao,39.9
Carabayllo,Netcall,3 ago 2026,11,902831821,902831821,9271,Outbound,Portabilidad Postpago,EXPRESS,Logixtal,9001,CERRADAS,Entregado,Entregado,NET_KANGELESS,SIM,3 ago 2026,3 ago 2026,null,No,CERRADAS,2026-08-04 00:21:39,Monolínea,Mono_item,Lima - Callao,null
Carabayllo,Netcall,3 ago 2026,16,902914092,9029140928047345756043,9283,Outbound,Portabilidad Postpago,EXPRESS,Logixtal,9001,CERRADAS,Entregado,Entregado,NET_YFLORESR,SIM,3 ago 2026,3 ago 2026,null,No,CERRADAS,2026-08-04 01:05:15,Monolínea,Mono_item,Lima - Callao,null
Carabayllo,Netcall,1 ago 2026,10,902172587,9021725878040390051280,9283,Outbound,Portabilidad Postpago,EXPRESS,Logixtal,9001,CERRADAS,Entregado,Entregado,TLV_NET_OCCONA,SIM,1 ago 2026,1 ago 2026,02/08/2026,Sí,CERRADAS,2026-08-02 00:41:04,Monolínea,Mono_item,Lima - Callao,34.95
Carabayllo,Netcall,1 ago 2026,13,902224141,9022241418040884068872,9289,Outbound,Portabilidad Postpago,EXPRESS,Logixtal,9001,CERRADAS,Entregado,Entregado,NET_LCAMPOSCABR,SIM,1 ago 2026,1 ago 2026,02/08/2026,Sí,CERRADAS,2026-08-02 00:33:29,Monolínea,Mono_item,Lima - Callao,34.95
Carabayllo,Netcall,3 ago 2026,10,902793474,902793474,9271,Outbound,Portabilidad Postpago,EXPRESS,Logixtal,9001,CERRADAS,Entregado,Entregado,NET_SVELASQUEZL,SIM,3 ago 2026,3 ago 2026,null,No,CERRADAS,2026-08-04 00:06:12,Monolínea,Mono_item,Lima - Callao,null
Carabayllo,Netcall,3 ago 2026,15,902899319,9028993198047191647673,9283,Outbound,Portabilidad Postpago,EXPRESS,Logixtal,9001,CERRADAS,Entregado,Entregado,NET_YMILLA,SIM,3 ago 2026,3 ago 2026,null,No,CERRADAS,2026-08-04 01:33:25,Monolínea,Mono_item,Lima - Callao,null
Carabayllo,Netcall,3 ago 2026,14,902882489,9028824898047013632343,9271,Outbound,Portabilidad Postpago,EXPRESS,Logixtal,9001,CERRADAS,Entregado,Entregado,NET_PHUAMANM,SIM,3 ago 2026,3 ago 2026,null,No,CERRADAS,2026-08-04 00:47:44,Monolínea,Mono_item,Lima - Callao,null
Carabayllo,Netcall,3 ago 2026,15,902906408,9029064088047267051517,9283,Outbound,Portabilidad Postpago,EXPRESS,Logixtal,9001,CANCELADAS,Anulado,DIRECCIÓN ERRADA,NET_LCALDERONC,SIM,3 ago 2026,null,null,No,CANCELADAS,2026-08-03 17:30:18,Monolínea,Mono_item,Lima - Callao,null
Carabayllo,Netcall,1 ago 2026,15,902261813,9022618138041268936681,9283,Outbound,Portabilidad Postpago,EXPRESS,Logixtal,9001,CERRADAS,Entregado,Entregado,TLV_NET_MLANDAR,SIM,1 ago 2026,1 ago 2026,02/08/2026,Sí,CERRADAS,2026-08-02 00:05:16,Monolínea,Mono_item,Lima - Callao,29.95
Carabayllo,Netcall,2 ago 2026,11,902506309,9025063098043764004587,9271,Outbound,Portabilidad Postpago,EXPRESS,Logixtal,9001,CERRADAS,Entregado,Entregado,NET_JAREVALOC,SIM,2 ago 2026,2 ago 2026,03/08/2026,Sí,CERRADAS,2026-08-03 01:47:13,Monolínea,Mono_item,Lima - Callao,34.95
Carabayllo,Netcall,1 ago 2026,10,902172964,9021729648040391810305,9283,Outbound,Portabilidad Postpago,EXPRESS,Logixtal,9001,CERRADAS,Entregado,Entregado,NET_GGUTIERREZM,SIM,1 ago 2026,1 ago 2026,02/08/2026,Sí,CERRADAS,2026-08-02 01:18:15,Monolínea,Mono_item,Lima - Callao,39.95
Carabayllo,Netcall,3 ago 2026,11,902825847,9028258478046461538424,9283,Outbound,Portabilidad Postpago,EXPRESS,Logixtal,9001,CANCELADAS,Anulado,PIN PORTA_NO VALIDO,NET_MFERRER,SIM,3 ago 2026,null,null,No,CANCELADAS,2026-08-03 11:50:15,Monolínea,Mono_item,Lima - Callao,null
Carabayllo,Netcall,3 ago 2026,9,902787738,9027877388046126461572,9283,Outbound,Portabilidad Postpago,EXPRESS,Logixtal,9001,CERRADAS,Entregado,Entregado,TLV_NET_OCCONA,SIM,3 ago 2026,3 ago 2026,null,No,CERRADAS,2026-08-04 01:11:45,Monolínea,Mono_item,Lima - Callao,null
Carabayllo,Netcall,3 ago 2026,8,902779005,902779005,9283,Outbound,Portabilidad Postpago,EXPRESS,Logixtal,9001,CERRADAS,Entregado,Entregado,TLV_NET_DVALOI,SIM,3 ago 2026,3 ago 2026,null,No,CERRADAS,2026-08-04 00:28:48,Monolínea,Mono_item,Lima - Callao,null
Carabayllo,Netcall,3 ago 2026,19,902994358,9029943588048133487496,9283,Outbound,Portabilidad Postpago,PROGRAMADO,Logixtal,9001,ABIERTAS,Pendiente Entrega,Pendiente Entrega,NET_GMENDIGUETE,SIM,4 ago 2026,null,null,No,ABIERTAS,null,Monolínea,Mono_item,Lima - Callao,null
Carabayllo,Netcall,1 ago 2026,16,902281063,9022810638041478306856,9283,Outbound,Portabilidad Postpago,EXPRESS,Logixtal,9001,CANCELADAS,Anulado,CLIENTE DESISTE - NO BRINDA MOTIVOS,NET_KROJASNAUPA,SIM,1 ago 2026,null,null,No,CANCELADAS,2026-08-03 18:03:52,Multilínea,Mono_item,Lima - Callao,null
Carabayllo,Netcall,1 ago 2026,16,902283034,9022830348041498839745,9283,Outbound,Portabilidad Postpago,EXPRESS,Logixtal,9001,CANCELADAS,Anulado,CLIENTE DESISTE - NO BRINDA MOTIVOS,NET_KROJASNAUPA,SIM,1 ago 2026,null,null,No,CANCELADAS,2026-08-03 18:04:55,Multilínea,Mono_item,Lima - Callao,null
Carabayllo,Netcall,4 ago 2026,8,903198274,903198274Empty,9283,Outbound,Portabilidad Postpago,EXPRESS,Logixtal,9001,ABIERTAS,Pendiente Entrega,Pendiente Entrega,NET_MROJASS,SIM,4 ago 2026,null,null,No,ABIERTAS,null,Monolínea,Mono_item,Lima - Callao,null
Carabayllo,Netcall,3 ago 2026,16,902921820,9029218208047420698641,9283,Outbound,Portabilidad Postpago,EXPRESS,Logixtal,9001,CERRADAS,Entregado,Entregado,NET_ARIVERA,SIM,3 ago 2026,3 ago 2026,null,No,CERRADAS,2026-08-04 01:05:35,Monolínea,Mono_item,Lima - Callao,null
Camana,Netcall,1 ago 2026,13,902226612,9022266128040908174655,9283,Outbound,Portabilidad Postpago,RETIRO EN TIENDA,Retiro en tienda,3048,ABIERTAS,Pendiente Entrega,Pendiente Entrega,NET_AUCEDAENEQU,SIM,1 ago 2026,null,null,No,ABIERTAS,null,Monolínea,Mono_item,Arequipa,null
Calleria,Netcall,1 ago 2026,11,902197761,9021977618040627809279,9283,Outbound,Portabilidad Postpago,EXPRESS,Logixtal,9349,CERRADAS,Entregado,Entregado,NET_SLAZOB,SIM,1 ago 2026,1 ago 2026,02/08/2026,Sí,CERRADAS,2026-08-02 01:47:52,Multilínea,Mono_item,Ucayali,19.95
Calleria,Netcall,3 ago 2026,10,902806660,9028066608046306597822,9283,Outbound,Portabilidad Postpago,EXPRESS,Logixtal,9349,CERRADAS,Entregado,Entregado,NET_SGONZALESF,SIM,3 ago 2026,3 ago 2026,null,No,CERRADAS,2026-08-04 01:25:55,Monolínea,Mono_item,Ucayali,null
Calleria,Netcall,1 ago 2026,19,902327288,902327288,9283,Outbound,Portabilidad Postpago,PROGRAMADO,Logixtal,9349,CERRADAS,Entregado,Entregado,NET_GHERRERAG,SIM,3 ago 2026,3 ago 2026,null,No,CERRADAS,2026-08-04 00:40:01,Monolínea,Mono_item,Ucayali,null
Calleria,Netcall,3 ago 2026,16,902922183,9029221838047417972314,9271,Outbound,Portabilidad Postpago,PROGRAMADO,Logixtal,9349,ABIERTAS,Pendiente Entrega,Pendiente Entrega,NET_JMELLOV,SIM,5 ago 2026,null,null,No,ABIERTAS,null,Multilínea,Mono_item,Ucayali,null
Calleria,Netcall,3 ago 2026,14,902881597,9028815978047005312592,9283,Outbound,Portabilidad Postpago,PROGRAMADO,Logixtal,9349,ABIERTAS,Pendiente Entrega,Pendiente Entrega,NET_JCHAVEZC,SIM,4 ago 2026,null,null,No,ABIERTAS,null,Multilínea,Multi_item,Ucayali,null
Calleria,Netcall,4 ago 2026,8,903198431,903198431Empty,9283,Outbound,Portabilidad Postpago,EXPRESS,Logixtal,9349,ABIERTAS,Pendiente Entrega,Pendiente Entrega,NET_YMILLA,SIM,4 ago 2026,null,null,No,ABIERTAS,null,Monolínea,Mono_item,Ucayali,null
Calleria,Netcall,1 ago 2026,10,902170703,9021707038040371758769,9283,Outbound,Portabilidad Postpago,EXPRESS,Logixtal,9349,CERRADAS,Entregado,Entregado,TLV_NET_ACUBASS,SIM,1 ago 2026,1 ago 2026,02/08/2026,Sí,CERRADAS,2026-08-02 01:21:18,Monolínea,Mono_item,Ucayali,34.95
Calleria,Netcall,1 ago 2026,16,902285687,9022856878041524167099,9283,Outbound,Portabilidad Postpago,EXPRESS,Logixtal,9349,ABIERTAS,Pendiente Entrega,Pendiente Entrega,NET_BROMANS,SIM,1 ago 2026,null,null,No,ABIERTAS,null,Monolínea,Mono_item,Ucayali,null
Calleria,Netcall,3 ago 2026,16,902920538,9029205388047402836906,9271,Outbound,Venta Regular / Alta,PROGRAMADO,Logixtal,9349,ABIERTAS,Pendiente Entrega,Pendiente Entrega,NET_JMELLOV,SIM,4 ago 2026,null,null,No,ABIERTAS,null,Multilínea,Mono_item,Ucayali,null
Calleria,Netcall,3 ago 2026,12,902847946,902847946,9283,Outbound,Portabilidad Postpago,EXPRESS,Logixtal,9349,CERRADAS,Entregado,Entregado,NET_JROMEROC,SIM,3 ago 2026,3 ago 2026,null,No,CERRADAS,2026-08-04 00:32:06,Multilínea,Mono_item,Ucayali,null
Calleria,Netcall,3 ago 2026,6,902765799,9027657998045910407191,9283,Outbound,Portabilidad Postpago,EXPRESS,Logixtal,9349,CERRADAS,Entregado,Entregado,NET_VZEGARRAAGU,SIM,3 ago 2026,3 ago 2026,null,No,CERRADAS,2026-08-04 03:40:20,Monolínea,Mono_item,Ucayali,null
Calleria,Netcall,3 ago 2026,16,902923393,9029233938047430077956,9271,Outbound,Venta Regular / Alta,PROGRAMADO,Logixtal,9349,ABIERTAS,Pendiente Entrega,Pendiente Entrega,NET_JMELLOV,SIM,5 ago 2026,null,null,No,ABIERTAS,null,Multilínea,Mono_item,Ucayali,null
Calleria,Netcall,3 ago 2026,14,902881597,9028815978047005312373,9283,Outbound,Portabilidad Postpago,PROGRAMADO,Logixtal,9349,ABIERTAS,Pendiente Entrega,Pendiente Entrega,NET_JCHAVEZC,SIM,4 ago 2026,null,null,No,ABIERTAS,null,Multilínea,Multi_item,Ucayali,null
Calleria,Netcall,1 ago 2026,11,902195707,9021957078040607414107,9283,Outbound,Portabilidad Prepago,EXPRESS,Logixtal,9349,CERRADAS,Entregado,Entregado,NET_SLAZOB,SIM,1 ago 2026,1 ago 2026,02/08/2026,Sí,CERRADAS,2026-08-02 01:05:38,Multilínea,Mono_item,Ucayali,39.95
Calleria,Netcall,3 ago 2026,11,902830944,9028309448046517243115,9283,Outbound,Portabilidad Postpago,EXPRESS,Logixtal,9349,CERRADAS,Entregado,Entregado,NET_GDELGADO,SIM,3 ago 2026,3 ago 2026,null,No,CERRADAS,2026-08-04 00:44:48,Monolínea,Mono_item,Ucayali,null
Calleria,Netcall,3 ago 2026,12,902845276,9028452768046652530373,9283,Outbound,Venta Regular / Alta,EXPRESS,Logixtal,9349,CERRADAS,Entregado,Entregado,NET_JROMEROC,SIM,3 ago 2026,3 ago 2026,03/08/2026,Sí,CERRADAS,2026-08-03 18:10:39,Multilínea,Mono_item,Ucayali,39.95
Cajamarca,Netcall,3 ago 2026,12,902850318,9028503188046703936963,9271,Outbound,Portabilidad Postpago,RETIRO EN TIENDA,Retiro en tienda,7147,CANCELADAS,Cancelado,Cancelado,NET_AYACILAP,SIM,3 ago 2026,null,null,No,CANCELADAS,2026-08-03 17:14:56,Multilínea,Multi_item,Cajamarca,null
Cajamarca,Netcall,2 ago 2026,13,902536128,9025361288044021341420,9283,Outbound,Portabilidad Postpago,RETIRO EN TIENDA,Retiro en tienda,3007,CERRADAS,Entregado,Entregado,NET_KAGRAMONTEM,SIM,2 ago 2026,3 ago 2026,null,No,CERRADAS,2026-08-04 00:46:55,Monolínea,Mono_item,Cajamarca,null
Cajamarca,Netcall,3 ago 2026,14,902894284,9028942848047141771184,9283,Outbound,Portabilidad Postpago,PROGRAMADO,Logixtal,9350,ABIERTAS,Pendiente Entrega,Pendiente Entrega,NET_SBENITOV,SIM,4 ago 2026,null,null,No,ABIERTAS,null,Monolínea,Mono_item,Cajamarca,null
Cajamarca,Netcall,3 ago 2026,14,902895160,902895160,9283,Outbound,Portabilidad Postpago,RETIRO EN TIENDA,Retiro en tienda,3007,CERRADAS,Entregado,Entregado,NET_MORIHUELAQ,SIM,3 ago 2026,3 ago 2026,null,No,CERRADAS,2026-08-04 00:15:23,Multilínea,Mono_item,Cajamarca,null
Cajamarca,Netcall,3 ago 2026,9,902787676,9027876768046126663499,9283,Outbound,Portabilidad Postpago,EXPRESS,Logixtal,9350,CERRADAS,Entregado,Entregado,NET_SLAZOB,SIM,3 ago 2026,3 ago 2026,null,No,CERRADAS,2026-08-04 03:41:06,Multilínea,Mono_item,Cajamarca,null
Cajamarca,Netcall,3 ago 2026,14,902883592,9028835928047029312922,9283,Outbound,Portabilidad Postpago,EXPRESS,Logixtal,9350,CERRADAS,Entregado,Entregado,TLV_NET_ACUBASS,SIM,3 ago 2026,3 ago 2026,null,No,CERRADAS,2026-08-04 01:44:53,Monolínea,Mono_item,Cajamarca,null
Cajamarca,Netcall,1 ago 2026,10,902164710,9021647108040319672064,5299,Outbound,Portabilidad Postpago,EXPRESS,Logixtal,9350,CERRADAS,Entregado,Entregado,NET_KARAUJOC,SIM,1 ago 2026,1 ago 2026,02/08/2026,Sí,CERRADAS,2026-08-02 00:05:21,Monolínea,Mono_item,Cajamarca,29.95
Cajamarca,Netcall,1 ago 2026,9,902156845,9021568458040241605346,5299,Outbound,Portabilidad Postpago,PROGRAMADO,Logixtal,9350,ABIERTAS,Pendiente Entrega,Pendiente Entrega,NET_VOBESOS,SIM,3 ago 2026,null,null,No,ABIERTAS,null,Multilínea,Mono_item,Cajamarca,null
Cajamarca,Netcall,1 ago 2026,11,902192120,902192120,9265,Outbound,Portabilidad Postpago,PROGRAMADO,Logixtal,9350,CERRADAS,Entregado,Entregado,NET_IRODRIGUEZS,SIM,3 ago 2026,3 ago 2026,null,No,CERRADAS,2026-08-04 00:18:53,Multilínea,Mono_item,Cajamarca,null
Cajamarca,Netcall,1 ago 2026,11,902189945,9021899458040559463147,9265,Outbound,Portabilidad Postpago,PROGRAMADO,Logixtal,9350,CERRADAS,Entregado,Entregado,NET_IRODRIGUEZS,SIM,3 ago 2026,3 ago 2026,null,No,CERRADAS,2026-08-04 01:58:46,Multilínea,Multi_item,Cajamarca,null
Cajamarca,Netcall,1 ago 2026,13,902231405,9022314058040968404115,9283,Outbound,Portabilidad Postpago,EXPRESS,Logixtal,9350,CERRADAS,Entregado,Entregado,NET_WBENITESA,SIM,1 ago 2026,1 ago 2026,02/08/2026,Sí,CERRADAS,2026-08-02 01:26:29,Monolínea,Mono_item,Cajamarca,29.95
Cajamarca,Netcall,3 ago 2026,16,902929177,9029291778047485826880,9271,Outbound,Portabilidad Postpago,RETIRO EN TIENDA,Retiro en tienda,3007,CERRADAS,Entregado,Entregado,NET_JMAYTAHUARM,SIM,3 ago 2026,3 ago 2026,null,No,CERRADAS,2026-08-04 00:51:35,Monolínea,Mono_item,Cajamarca,null
Cajamarca,Netcall,1 ago 2026,9,902157605,9021576058040247785749,9301,Outbound,Portabilidad Postpago,EXPRESS,Logixtal,9350,ABIERTAS,Anulado,CLIENTE AUSENTE,NET_ADIAZCAJO,SIM,1 ago 2026,null,null,No,ABIERTAS,null,Monolínea,Mono_item,Cajamarca,null
Cajamarca,Netcall,3 ago 2026,13,902873910,9028739108046932420430,9271,Outbound,Portabilidad Postpago,EXPRESS,Logixtal,9350,ABIERTAS,Anulado,CLIENTE AUSENTE,NET_CBARRIOSP,SIM,3 ago 2026,null,null,No,ABIERTAS,null,Monolínea,Mono_item,Cajamarca,null
Cajamarca,Netcall,1 ago 2026,9,902153734,9021537348040212033525,9283,Outbound,Portabilidad Postpago,EXPRESS,Logixtal,9350,CANCELADAS,Anulado,NO SE CUBRE ZONA,NET_ATORRESP,SIM,1 ago 2026,null,null,No,CANCELADAS,2026-08-01 10:16:48,Multilínea,Mono_item,Cajamarca,null
Cajamarca,Netcall,3 ago 2026,14,902893547,9028935478047130938080,9271,Outbound,Portabilidad Postpago,EXPRESS,Logixtal,9350,CERRADAS,Entregado,Entregado,NET_ASANCHEZT,SIM,3 ago 2026,3 ago 2026,null,No,CERRADAS,2026-08-04 03:13:27,Multilínea,Mono_item,Cajamarca,null
Cajamarca,Netcall,1 ago 2026,9,902157493,9021574938040247494903,5299,Outbound,Portabilidad Postpago,PROGRAMADO,Logixtal,9350,ABIERTAS,Pendiente Entrega,Pendiente Entrega,NET_VOBESOS,SIM,3 ago 2026,null,null,No,ABIERTAS,null,Multilínea,Mono_item,Cajamarca,null
Cajamarca,Netcall,1 ago 2026,11,902189945,9021899458040554671928,9265,Outbound,Portabilidad Postpago,PROGRAMADO,Logixtal,9350,CERRADAS,Entregado,Entregado,NET_IRODRIGUEZS,SIM,3 ago 2026,3 ago 2026,null,No,CERRADAS,2026-08-04 01:58:46,Multilínea,Multi_item,Cajamarca,null
Cajamarca,Netcall,1 ago 2026,15,902251075,9022510758041309321012,9283,Outbound,Portabilidad Postpago,EXPRESS,Logixtal,9350,CERRADAS,Entregado,Entregado,NET_YFLORESR,SIM,1 ago 2026,1 ago 2026,02/08/2026,Sí,CERRADAS,2026-08-02 00:07:40,Monolínea,Mono_item,Cajamarca,29.95
Cajamarca,Netcall,3 ago 2026,12,902850318,9028503188046703936742,9271,Outbound,Portabilidad Postpago,RETIRO EN TIENDA,Retiro en tienda,7147,CANCELADAS,Cancelado,Cancelado,NET_AYACILAP,SIM,3 ago 2026,null,null,No,CANCELADAS,2026-08-03 17:14:56,Multilínea,Multi_item,Cajamarca,null
Cajamarca,Netcall,3 ago 2026,14,902892383,9028923838047120085810,9271,Outbound,Portabilidad Postpago,EXPRESS,Logixtal,9350,CERRADAS,Entregado,Entregado,NET_ASANCHEZT,SIM,3 ago 2026,3 ago 2026,null,No,CERRADAS,2026-08-04 01:36:04,Multilínea,Mono_item,Cajamarca,null
Cajamarca,Netcall,3 ago 2026,1,902704653,9027046538045455764999,9283,Outbound,Portabilidad Postpago,EXPRESS,Logixtal,9350,ABIERTAS,Anulado,CLIENTE AUSENTE,NET_ADOROTEOSAL,SIM,3 ago 2026,null,null,No,ABIERTAS,null,Monolínea,Mono_item,Cajamarca,null
Cajamarca,Netcall,3 ago 2026,14,902877499,9028774998046982629864,9283,Outbound,Portabilidad Postpago,PROGRAMADO,Logixtal,9350,ABIERTAS,Pendiente Entrega,Pendiente Entrega,NET_JVELASQUEZS,SIM,5 ago 2026,null,null,No,ABIERTAS,null,Monolínea,Mono_item,Cajamarca,null
Cajamarca,Netcall,1 ago 2026,13,902234522,9022345228040984038791,9271,Outbound,Portabilidad Prepago,EXPRESS,Logixtal,9350,CERRADAS,Entregado,Entregado,NET_ASANCHEZT,SIM,1 ago 2026,1 ago 2026,02/08/2026,Sí,CERRADAS,2026-08-02 00:15:07,Monolínea,Mono_item,Cajamarca,34.95
Cajamarca,Netcall,3 ago 2026,19,902985820,9029858208048044152636,9283,Outbound,Portabilidad Postpago,PROGRAMADO,Logixtal,9350,ABIERTAS,Pendiente Entrega,Pendiente Entrega,TLV_NET_BRAMIRE,SIM,4 ago 2026,null,null,No,ABIERTAS,null,Monolínea,Mono_item,Cajamarca,null
Cajamarca,Netcall,3 ago 2026,9,902786593,9027865938046115689362,9283,Outbound,Portabilidad Postpago,EXPRESS,Logixtal,9350,CERRADAS,Entregado,Entregado,NET_SLAZOB,SIM,3 ago 2026,3 ago 2026,null,No,CERRADAS,2026-08-04 01:58:30,Multilínea,Mono_item,Cajamarca,null
Cajamarca,Netcall,3 ago 2026,15,902896344,9028963448047162164742,9283,Outbound,Portabilidad Postpago,RETIRO EN TIENDA,Retiro en tienda,3007,CERRADAS,Entregado,Entregado,NET_MORIHUELAQ,SIM,3 ago 2026,3 ago 2026,null,No,CERRADAS,2026-08-04 01:50:52,Multilínea,Mono_item,Cajamarca,null
Cajamarca,Netcall,1 ago 2026,16,902274271,9022742718041409438399,9283,Outbound,Portabilidad Postpago,EXPRESS,Logixtal,9350,CERRADAS,Entregado,Entregado,TLV_NET_APINTAD,SIM,1 ago 2026,1 ago 2026,02/08/2026,Sí,CERRADAS,2026-08-02 00:59:30,Monolínea,Mono_item,Cajamarca,39.95
Cajamarca,Netcall,1 ago 2026,12,902211588,9022115888040763433242,9283,Outbound,Portabilidad Postpago,EXPRESS,Logixtal,9350,CERRADAS,Entregado,Entregado,NET_STAVARALIVI,SIM,1 ago 2026,1 ago 2026,02/08/2026,Sí,CERRADAS,2026-08-02 02:05:26,Multilínea,Multi_item,Cajamarca,19.95
Cajamarca,Netcall,1 ago 2026,18,902207938,9022079388041808847849,9283,Outbound,Portabilidad Postpago,RETIRO EN TIENDA,Retiro en tienda,3222,ABIERTAS,Pendiente Entrega,Pendiente Entrega,NET_ATORRESP,SIM,2 ago 2026,null,null,No,ABIERTAS,null,Multilínea,Mono_item,Cajamarca,null
Cajamarca,Netcall,1 ago 2026,12,902211588,9022115888040763433461,9283,Outbound,Portabilidad Postpago,EXPRESS,Logixtal,9350,CERRADAS,Entregado,Entregado,NET_STAVARALIVI,SIM,1 ago 2026,1 ago 2026,02/08/2026,Sí,CERRADAS,2026-08-02 02:05:26,Multilínea,Multi_item,Cajamarca,39.95
Bellavista,Netcall,4 ago 2026,7,903193952,90319395289511710111070190026,9283,Outbound,Portabilidad Postpago,EXPRESS,Logixtal,9001,ABIERTAS,Pendiente Entrega,Pendiente Entrega,NET_SLAZOBE,SIM,4 ago 2026,null,null,No,ABIERTAS,null,Multilínea,Mono_item,Lima - Callao,null
Bellavista,Netcall,3 ago 2026,18,902964828,9029648288047834808095,9283,Outbound,Portabilidad Postpago,PROGRAMADO,Logixtal,9001,ABIERTAS,Pendiente Entrega,Pendiente Entrega,TLV_NET_GANACLE,SIM,4 ago 2026,null,null,No,ABIERTAS,null,Monolínea,Mono_item,Lima - Callao,null
Bellavista,Netcall,3 ago 2026,16,902929898,9029298988047490552851,9283,Outbound,Venta Regular / Alta,EXPRESS,Logixtal,9001,CERRADAS,Entregado,Entregado,NET_JIYASHAMAR,SIM,3 ago 2026,3 ago 2026,03/08/2026,Sí,CERRADAS,2026-08-03 18:53:37,Monolínea,Mono_item,Lima - Callao,39.9
Bellavista,Netcall,1 ago 2026,18,902313642,9023136428041802808457,9283,Outbound,Portabilidad Postpago,PROGRAMADO,Logixtal,5021,ABIERTAS,Pendiente Entrega,Pendiente Entrega,NET_CJCASTILLOM,SIM,3 ago 2026,null,null,No,ABIERTAS,null,Monolínea,Mono_item,Piura,null
Barranco,Netcall,3 ago 2026,16,902924991,9029249918047443192231,5299,Outbound,Portabilidad Postpago,EXPRESS,Logixtal,9342,CERRADAS,Entregado,Entregado,NET_RCANDIOTTIA,SIM,3 ago 2026,3 ago 2026,null,No,CERRADAS,2026-08-04 00:48:57,Multilínea,Mono_item,Lima - Callao,null
Barranco,Netcall,3 ago 2026,11,902825205,902825205,9271,Outbound,Portabilidad Postpago,EXPRESS,Logixtal,9342,CERRADAS,Entregado,Entregado,NET_SLIZARDOPER,SIM,3 ago 2026,3 ago 2026,null,No,CERRADAS,2026-08-04 00:07:34,Monolínea,Mono_item,Lima - Callao,null
Barranco,Netcall,3 ago 2026,16,902920487,9029204878047435564031,5299,Outbound,Portabilidad Postpago,EXPRESS,Logixtal,9342,CERRADAS,Entregado,Entregado,NET_RCANDIOTTIA,SIM,3 ago 2026,3 ago 2026,null,No,CERRADAS,2026-08-04 01:52:08,Multilínea,Mono_item,Lima - Callao,null
Barranca,Netcall,1 ago 2026,16,902275125,9022751258041416645443,9301,Outbound,Portabilidad Postpago,RETIRO EN TIENDA,Retiro en tienda,3218,ABIERTAS,Pendiente Entrega,Pendiente Entrega,NET_FBARTET,SIM,1 ago 2026,null,null,No,ABIERTAS,null,Multilínea,Mono_item,Lima - Callao,null
Barranca,Netcall,1 ago 2026,16,902167496,9021674968041403296323,9301,Outbound,Portabilidad Postpago,RETIRO EN TIENDA,Retiro en tienda,3218,ABIERTAS,Pendiente Entrega,Pendiente Entrega,NET_FBARTET,SIM,1 ago 2026,null,null,No,ABIERTAS,null,Multilínea,Mono_item,Lima - Callao,null
Barranca,Netcall,1 ago 2026,16,902164363,9021643638041400275684,9301,Outbound,Portabilidad Postpago,RETIRO EN TIENDA,Retiro en tienda,3218,CANCELADAS,Cancelado,Cancelado,NET_FBARTET,SIM,1 ago 2026,null,null,No,CANCELADAS,2026-08-02 22:10:03,Multilínea,Mono_item,Lima - Callao,null
Barranca,Netcall,2 ago 2026,10,902495715,9024957158043674026466,9283,Outbound,Portabilidad Postpago,PROGRAMADO,Logixtal,9001,ABIERTAS,Pendiente Entrega,Pendiente Entrega,TLV_NET_GCUEVAC,SIM,4 ago 2026,null,null,No,ABIERTAS,null,Monolínea,Mono_item,Lima - Callao,null
Barranca,Netcall,3 ago 2026,17,902947369,9029473698047660270637,9271,Outbound,Portabilidad Postpago,RETIRO EN TIENDA,Retiro en tienda,3218,CERRADAS,Entregado,Entregado,NET_JMAYTAHUARM,SIM,3 ago 2026,3 ago 2026,null,No,CERRADAS,2026-08-04 01:18:50,Monolínea,Mono_item,Lima - Callao,null
Ayacucho,Netcall,3 ago 2026,12,902856864,9028568648046771383186,9283,Outbound,Venta Regular / Alta,PROGRAMADO,Logixtal,9354,ABIERTAS,Pendiente Entrega,Pendiente Entrega,NET_EDMATOSM,SIM,5 ago 2026,null,null,No,ABIERTAS,null,Multilínea,Mono_item,Ayacucho,null
Ayacucho,Netcall,3 ago 2026,12,902858690,9028586908046786835141,9283,Outbound,Portabilidad Postpago,PROGRAMADO,Logixtal,9354,ABIERTAS,Pendiente Entrega,Pendiente Entrega,NET_EDMATOSM,SIM,5 ago 2026,null,null,No,ABIERTAS,null,Multilínea,Mono_item,Ayacucho,null
Ayacucho,Netcall,1 ago 2026,11,902199388,9021993888040641407491,9283,Outbound,Venta Regular / Alta,EXPRESS,Logixtal,9354,CANCELADAS,Anulado,CLIENTE DESISTE - INFORMACIÓN INCORRECTA,NET_MQUISPEQ,SIM,1 ago 2026,null,null,No,CANCELADAS,2026-08-03 10:34:59,Monolínea,Mono_item,Ayacucho,null
Ayacucho,Netcall,3 ago 2026,10,902802760,9028027608046268402880,9283,Outbound,Portabilidad Postpago,EXPRESS,Logixtal,9354,CANCELADAS,Anulado,CLIENTE YA NO DESEA PRODUCTO,NET_MMREVILLA,SIM,3 ago 2026,null,null,No,CANCELADAS,2026-08-03 11:25:59,Monolínea,Mono_item,Ayacucho,null
Ayacucho,Netcall,1 ago 2026,16,902289366,9022893668041562845911,9283,Outbound,Portabilidad Postpago,EXPRESS,Logixtal,9354,CERRADAS,Entregado,Entregado,NET_DFRANCIAH,SIM,1 ago 2026,1 ago 2026,02/08/2026,Sí,CERRADAS,2026-08-02 01:14:16,Multilínea,Multi_item,Ayacucho,19.95
Ayacucho,Netcall,1 ago 2026,16,902289366,9022893668041562863130,9283,Outbound,Portabilidad Postpago,EXPRESS,Logixtal,9354,CERRADAS,Entregado,Entregado,NET_DFRANCIAH,SIM,1 ago 2026,1 ago 2026,02/08/2026,Sí,CERRADAS,2026-08-02 01:14:16,Multilínea,Multi_item,Ayacucho,39.95
Ayacucho,Netcall,3 ago 2026,17,902952837,9029528378047717983555,9259,Outbound,Portabilidad Postpago,PROGRAMADO,Logixtal,9354,ABIERTAS,Pendiente Entrega,Pendiente Entrega,NET_LLEONAN,SIM,4 ago 2026,null,null,No,ABIERTAS,null,Monolínea,Mono_item,Ayacucho,null
Ayacucho,Netcall,1 ago 2026,15,902260020,9022600208041254593517,9271,Outbound,Portabilidad Postpago,EXPRESS,Logixtal,9354,CERRADAS,Entregado,Entregado,NET_BATOP,SIM,1 ago 2026,1 ago 2026,null,No,CERRADAS,2026-08-02 00:14:04,Monolínea,Mono_item,Ayacucho,null
Ayacucho,Netcall,1 ago 2026,17,902300015,9023000158041675086698,9283,Outbound,Portabilidad Postpago,PROGRAMADO,Logixtal,9354,CANCELADAS,Anulado,CLIENTE DESISTE - INFORMACIÓN INCORRECTA,NET_MMREVILLA,SIM,3 ago 2026,null,null,No,CANCELADAS,2026-08-03 09:01:20,Monolínea,Mono_item,Ayacucho,null
Ayacucho,Netcall,3 ago 2026,13,902861523,9028615238046815492518,9283,Outbound,Venta Regular / Alta,PROGRAMADO,Logixtal,9354,ABIERTAS,Pendiente Entrega,Pendiente Entrega,NET_EDMATOSM,SIM,5 ago 2026,null,null,No,ABIERTAS,null,Multilínea,Mono_item,Ayacucho,null
Ate,Netcall,3 ago 2026,18,902976030,9029760308047949673601,9283,Outbound,Portabilidad Postpago,PROGRAMADO,Logixtal,9001,ABIERTAS,Pendiente Entrega,Pendiente Entrega,NET_SRAMOSC,SIM,4 ago 2026,null,null,No,ABIERTAS,null,Monolínea,Mono_item,Lima - Callao,null
Ate,Netcall,3 ago 2026,17,902946334,902946334,9283,Outbound,Portabilidad Postpago,EXPRESS,Logixtal,9001,CERRADAS,Entregado,Entregado,NET_JDSANCHEZM,SIM,3 ago 2026,3 ago 2026,null,No,CERRADAS,2026-08-04 00:24:42,Monolínea,Mono_item,Lima - Callao,null
Ate,Netcall,3 ago 2026,17,902956242,9029562428047744274343,9283,Outbound,Portabilidad Postpago,PROGRAMADO,Logixtal,9001,ABIERTAS,Pendiente Entrega,Pendiente de Picking,NET_AJUNCOL,SIM,5 ago 2026,null,null,No,ABIERTAS,null,Multilínea,Mono_item,Lima - Callao,null
Ate,Netcall,3 ago 2026,12,902855530,9028555308046762432417,9283,Outbound,Portabilidad Postpago,EXPRESS,Logixtal,9001,CERRADAS,Entregado,Entregado,NET_LMUSAYONS,SIM,3 ago 2026,3 ago 2026,null,No,CERRADAS,2026-08-04 01:25:11,Monolínea,Mono_item,Lima - Callao,null
Ate,Netcall,3 ago 2026,17,902957932,9029579328047766850597,9283,Outbound,Portabilidad Postpago,PROGRAMADO,Logixtal,9001,ABIERTAS,Pendiente Entrega,Pendiente Entrega,NET_SBENITOV,SIM,4 ago 2026,null,null,No,ABIERTAS,null,Multilínea,Multi_item,Lima - Callao,null
Ate,Netcall,1 ago 2026,14,902241893,9022418938041067553525,9283,Outbound,Portabilidad Postpago,EXPRESS,Logixtal,9001,CERRADAS,Entregado,Entregado,NET_VTURKOWSKYG,SIM,1 ago 2026,1 ago 2026,02/08/2026,Sí,CERRADAS,2026-08-02 00:06:30,Monolínea,Mono_item,Lima - Callao,34.95
Ate,Netcall,1 ago 2026,11,902191106,9021911068040564100282,9271,Outbound,Venta Regular / Alta,EXPRESS,Logixtal,9001,CERRADAS,Entregado,Entregado,NET_KANGELESS,SIM,1 ago 2026,1 ago 2026,01/08/2026,Sí,CERRADAS,2026-08-01 14:03:56,Monolínea,Mono_item,Lima - Callao,39.95
Ate,Netcall,1 ago 2026,16,902286688,9022866888041534071274,9283,Outbound,Portabilidad Postpago,EXPRESS,Logixtal,9001,CERRADAS,Entregado,Entregado,NET_KDIAZPISCOY,SIM,1 ago 2026,1 ago 2026,02/08/2026,Sí,CERRADAS,2026-08-02 01:13:26,Monolínea,Mono_item,Lima - Callao,39.95
Ate,Netcall,3 ago 2026,17,902945166,9029451668047633886530,9283,Outbound,Portabilidad Postpago,EXPRESS,Logixtal,9001,CERRADAS,Entregado,Entregado,NET_ECARRETEROH,SIM,3 ago 2026,3 ago 2026,null,No,CERRADAS,2026-08-04 00:56:55,Multilínea,Multi_item,Lima - Callao,null
Ate,Netcall,3 ago 2026,16,902920255,9029202558047401910504,9271,Outbound,Portabilidad Postpago,EXPRESS,Logixtal,9001,ABIERTAS,Pendiente Entrega,Pendiente Entrega,NET_MSUAREZG,SIM,3 ago 2026,null,null,No,ABIERTAS,null,Monolínea,Mono_item,Lima - Callao,null
Ate,Netcall,3 ago 2026,17,902957932,9029579328047766850816,9283,Outbound,Portabilidad Postpago,PROGRAMADO,Logixtal,9001,ABIERTAS,Pendiente Entrega,Pendiente Entrega,NET_SBENITOV,SIM,4 ago 2026,null,null,No,ABIERTAS,null,Multilínea,Multi_item,Lima - Callao,null
Ate,Netcall,1 ago 2026,16,902278895,9022788958041455327654,9283,Outbound,Portabilidad Postpago,EXPRESS,Logixtal,9001,CERRADAS,Entregado,Entregado,NET_GHERRERAG,SIM,1 ago 2026,1 ago 2026,02/08/2026,Sí,CERRADAS,2026-08-02 01:51:40,Multilínea,Multi_item,Lima - Callao,19.95
Ate,Netcall,1 ago 2026,13,902227663,902227663,9283,Outbound,Portabilidad Postpago,EXPRESS,Logixtal,9001,CERRADAS,Entregado,Entregado,NET_YUCEDAB,SIM,1 ago 2026,3 ago 2026,null,No,CERRADAS,2026-08-04 00:20:36,Monolínea,Mono_item,Lima - Callao,null
Ate,Netcall,3 ago 2026,20,903004932,9030049328048246237705,9283,Outbound,Venta Regular / Alta,PROGRAMADO,Logixtal,9001,ABIERTAS,Pendiente Entrega,Pendiente Entrega,NET_LTVENTURAG,SIM,4 ago 2026,null,null,No,ABIERTAS,null,Monolínea,Mono_item,Lima - Callao,null
Ate,Netcall,1 ago 2026,17,902297991,9022979918041648754334,9283,Outbound,Portabilidad Postpago,EXPRESS,Logixtal,9001,CERRADAS,Entregado,Entregado,NET_KAGRAMONTEM,SIM,1 ago 2026,1 ago 2026,02/08/2026,Sí,CERRADAS,2026-08-02 01:43:45,Multilínea,Multi_item,Lima - Callao,19.95
Ate,Netcall,1 ago 2026,10,902181433,9021814338040472206368,5299,Outbound,Portabilidad Postpago,EXPRESS,Logixtal,9001,CERRADAS,Entregado,Entregado,NET_LMARTINEZAR,SIM,1 ago 2026,1 ago 2026,02/08/2026,Sí,CERRADAS,2026-08-02 01:57:45,Monolínea,Mono_item,Lima - Callao,39.95
Ate,Netcall,3 ago 2026,17,902955905,9029559058047748361039,9283,Outbound,Portabilidad Postpago,PROGRAMADO,Logixtal,9001,ABIERTAS,Pendiente Entrega,Pendiente Entrega,NET_LFLORESY,SIM,4 ago 2026,null,null,No,ABIERTAS,null,Multilínea,Mono_item,Lima - Callao,null
Ate,Netcall,3 ago 2026,17,902945166,9029451668047633886749,9283,Outbound,Portabilidad Postpago,EXPRESS,Logixtal,9001,CERRADAS,Entregado,Entregado,NET_ECARRETEROH,SIM,3 ago 2026,3 ago 2026,null,No,CERRADAS,2026-08-04 00:56:55,Multilínea,Multi_item,Lima - Callao,null
Ate,Netcall,3 ago 2026,9,902784131,9027841318046093092589,9271,Outbound,Portabilidad Postpago,EXPRESS,Logixtal,9001,CERRADAS,Entregado,Entregado,NET_VCARMENG,SIM,3 ago 2026,3 ago 2026,null,No,CERRADAS,2026-08-04 01:45:15,Multilínea,Mono_item,Lima - Callao,null
Ate,Netcall,1 ago 2026,17,902300152,9023001528041670736615,9283,Outbound,Portabilidad Postpago,EXPRESS,Logixtal,9001,CERRADAS,Entregado,Entregado,NET_ADOROTEOSAL,SIM,1 ago 2026,1 ago 2026,02/08/2026,Sí,CERRADAS,2026-08-02 00:30:07,Monolínea,Mono_item,Lima - Callao,34.95
Ate,Netcall,3 ago 2026,17,902957762,9029577628047765746234,9283,Outbound,Portabilidad Postpago,EXPRESS,Logixtal,9001,ABIERTAS,Pendiente Entrega,Pendiente Entrega,NET_LFLORESY,SIM,3 ago 2026,null,null,No,ABIERTAS,null,Multilínea,Mono_item,Lima - Callao,null
Ate,Netcall,1 ago 2026,11,902200455,9022004558040661718786,9283,Outbound,Portabilidad Postpago,PROGRAMADO,Logixtal,9001,CANCELADAS,Anulado,DIRECCIÓN ERRADA,TLV_NET_JMORO,SIM,2 ago 2026,null,null,No,CANCELADAS,2026-08-02 13:21:21,Monolínea,Mono_item,Lima - Callao,null
Ate,Netcall,1 ago 2026,16,902288682,9022886828041557802563,9271,Outbound,Portabilidad Postpago,EXPRESS,Logixtal,9001,CERRADAS,Entregado,Entregado,NET_RDULANTORO,SIM,1 ago 2026,1 ago 2026,02/08/2026,Sí,CERRADAS,2026-08-02 00:39:48,Monolínea,Mono_item,Lima - Callao,29.95
Ate,Netcall,1 ago 2026,12,902217167,9022171678040813560875,9283,Outbound,Portabilidad Postpago,EXPRESS,Logixtal,9001,CANCELADAS,Anulado,Cliente sin equipo Pin Porta,NET_JQUINECHEB,SIM,1 ago 2026,null,null,No,CANCELADAS,2026-08-01 15:13:25,Monolínea,Mono_item,Lima - Callao,null
Ate,Netcall,1 ago 2026,13,902235149,9022351498040998485926,9283,Outbound,Portabilidad Postpago,EXPRESS,Logixtal,9001,CERRADAS,Entregado,Entregado,NET_LTAMAYOD,SIM,1 ago 2026,1 ago 2026,02/08/2026,Sí,CERRADAS,2026-08-02 00:56:04,Multilínea,Mono_item,Lima - Callao,19.95
Ate,Netcall,3 ago 2026,11,902813217,9028132178046370989104,9283,Outbound,Portabilidad Postpago,EXPRESS,Logixtal,9001,CERRADAS,Entregado,Entregado,NET_GFLORESS,SIM,3 ago 2026,3 ago 2026,null,No,CERRADAS,2026-08-04 01:29:03,Monolínea,Mono_item,Lima - Callao,null
Ate,Netcall,1 ago 2026,16,902288605,9022886058041558144522,9283,Outbound,Portabilidad Postpago,PROGRAMADO,Logixtal,9001,CERRADAS,Entregado,Entregado,NET_LYAIPENARRO,SIM,2 ago 2026,3 ago 2026,null,No,CERRADAS,2026-08-04 00:46:25,Monolínea,Mono_item,Lima - Callao,null
Ate,Netcall,1 ago 2026,14,902249433,9022494338041136098051,9289,Outbound,Portabilidad Postpago,EXPRESS,Logixtal,9001,CERRADAS,Entregado,Entregado,NET_YHUAMAN,SIM,1 ago 2026,1 ago 2026,02/08/2026,Sí,CERRADAS,2026-08-02 01:07:11,Multilínea,Mono_item,Lima - Callao,39.95
Ate,Netcall,1 ago 2026,14,902245158,9022451588041096035594,9283,Outbound,Portabilidad Postpago,EXPRESS,Logixtal,9001,CERRADAS,Entregado,Entregado,NET_LFIESTASG,SIM,1 ago 2026,1 ago 2026,03/08/2026,Sí,CERRADAS,2026-08-03 10:50:18,Monolínea,Mono_item,Lima - Callao,29.95
Ate,Netcall,1 ago 2026,13,902233399,9022333998040975515575,9283,Outbound,Portabilidad Postpago,EXPRESS,Logixtal,9001,CERRADAS,Entregado,Entregado,NET_LCALDERONC,SIM,1 ago 2026,1 ago 2026,02/08/2026,Sí,CERRADAS,2026-08-02 02:03:53,Monolínea,Mono_item,Lima - Callao,29.95
Ate,Netcall,3 ago 2026,12,902857118,902857118,9283,Outbound,Portabilidad Postpago,EXPRESS,Logixtal,9001,CERRADAS,Entregado,Entregado,NET_ARIOST,SIM,3 ago 2026,3 ago 2026,null,No,CERRADAS,2026-08-04 00:20:10,Monolínea,Mono_item,Lima - Callao,null
Ate,Netcall,1 ago 2026,12,902213452,9022134528040776991586,9283,Outbound,Portabilidad Postpago,EXPRESS,Logixtal,9001,CERRADAS,Entregado,Entregado,NET_KAGRAMONTEM,SIM,1 ago 2026,1 ago 2026,02/08/2026,Sí,CERRADAS,2026-08-02 01:20:43,Monolínea,Mono_item,Lima - Callao,39.95
Ate,Netcall,3 ago 2026,17,902954562,9029545628047735666880,9283,Outbound,Venta Regular / Alta,PROGRAMADO,Logixtal,9001,ABIERTAS,Pendiente Entrega,Pendiente de Picking,NET_AJUNCOL,SIM,5 ago 2026,null,null,No,ABIERTAS,null,Multilínea,Multi_item,Lima - Callao,null
Ate,Netcall,1 ago 2026,13,902233116,9022331168040973861411,9283,Outbound,Portabilidad Postpago,EXPRESS,Logixtal,9001,CERRADAS,Entregado,Entregado,NET_LTAMAYOD,SIM,1 ago 2026,1 ago 2026,02/08/2026,Sí,CERRADAS,2026-08-02 00:30:19,Multilínea,Mono_item,Lima - Callao,39.95
Ate,Netcall,3 ago 2026,20,903002345,9030023458048208631207,9283,Outbound,Portabilidad Postpago,PROGRAMADO,Logixtal,9001,ABIERTAS,Pendiente Entrega,Pendiente Entrega,NET_FLABANM,SIM,4 ago 2026,null,null,No,ABIERTAS,null,Monolínea,Mono_item,Lima - Callao,null
Ate,Netcall,3 ago 2026,17,902954562,9029545628047735666661,9283,Outbound,Venta Regular / Alta,PROGRAMADO,Logixtal,9001,ABIERTAS,Pendiente Entrega,Pendiente de Picking,NET_AJUNCOL,SIM,5 ago 2026,null,null,No,ABIERTAS,null,Multilínea,Multi_item,Lima - Callao,null
Ate,Netcall,1 ago 2026,14,902250111,9022501118041149456811,9289,Outbound,Portabilidad Prepago,EXPRESS,Logixtal,9001,CERRADAS,Entregado,Entregado,NET_YHUAMAN,SIM,1 ago 2026,1 ago 2026,02/08/2026,Sí,CERRADAS,2026-08-02 01:58:25,Multilínea,Mono_item,Lima - Callao,19.95
Ate,Netcall,3 ago 2026,18,902972874,9029728748047924214087,9271,Outbound,Portabilidad Postpago,PROGRAMADO,Logixtal,9001,ABIERTAS,Pendiente Entrega,Pendiente Entrega,NET_ACUEVAC,SIM,4 ago 2026,null,null,No,ABIERTAS,null,Monolínea,Mono_item,Lima - Callao,null
Ate,Netcall,3 ago 2026,16,902929823,9029298238047490351570,9283,Outbound,Portabilidad Postpago,EXPRESS,Logixtal,9001,CERRADAS,Entregado,Entregado,NET_MMREVILLA,SIM,3 ago 2026,3 ago 2026,null,No,CERRADAS,2026-08-04 03:13:26,Monolínea,Mono_item,Lima - Callao,null
Ate,Netcall,3 ago 2026,9,902783551,9027835518046088935769,9271,Outbound,Portabilidad Postpago,EXPRESS,Logixtal,9001,CERRADAS,Entregado,Entregado,NET_VCARMENG,SIM,3 ago 2026,3 ago 2026,null,No,CERRADAS,2026-08-04 01:47:14,Multilínea,Mono_item,Lima - Callao,null
Ate,Netcall,1 ago 2026,16,902278895,9022788958041455327873,9283,Outbound,Portabilidad Postpago,EXPRESS,Logixtal,9001,CERRADAS,Entregado,Entregado,NET_GHERRERAG,SIM,1 ago 2026,1 ago 2026,02/08/2026,Sí,CERRADAS,2026-08-02 01:51:40,Multilínea,Multi_item,Lima - Callao,39.95
Ate,Netcall,1 ago 2026,17,902307391,9023073918041750653935,9283,Outbound,Portabilidad Postpago,EXPRESS,Logixtal,9001,ABIERTAS,Pendiente Entrega,Pendiente Entrega,NET_ACUEVAC,SIM,1 ago 2026,null,null,No,ABIERTAS,null,Monolínea,Mono_item,Lima - Callao,null
Ate,Netcall,1 ago 2026,12,902207532,9022075328040717915397,9283,Outbound,Portabilidad Postpago,EXPRESS,Logixtal,9001,CANCELADAS,Anulado,CLIENTE DESISTE - NO BRINDA MOTIVOS,NET_ACUEVAC,SIM,1 ago 2026,null,null,No,CANCELADAS,2026-08-01 15:48:21,Monolínea,Mono_item,Lima - Callao,null
Ate,Netcall,1 ago 2026,17,902297991,9022979918041648754115,9283,Outbound,Portabilidad Prepago,EXPRESS,Logixtal,9001,CERRADAS,Entregado,Entregado,NET_KAGRAMONTEM,SIM,1 ago 2026,1 ago 2026,02/08/2026,Sí,CERRADAS,2026-08-02 01:43:45,Multilínea,Multi_item,Lima - Callao,39.95
Ate,Netcall,1 ago 2026,8,902127415,9021274158040048887459,9283,Outbound,Portabilidad Postpago,EXPRESS,Logixtal,9001,CERRADAS,Entregado,Entregado,TLV_NET_MLANDAR,SIM,1 ago 2026,1 ago 2026,02/08/2026,Sí,CERRADAS,2026-08-02 01:21:41,Monolínea,Mono_item,Lima - Callao,34.95
Ate,Netcall,1 ago 2026,10,902173052,9021730528040388924851,9283,Outbound,Portabilidad Postpago,EXPRESS,Logixtal,9001,CERRADAS,Entregado,Entregado,NET_JATANACIOC,SIM,1 ago 2026,3 ago 2026,null,No,CERRADAS,2026-08-04 01:20:35,Monolínea,Mono_item,Lima - Callao,null
Ascope,Netcall,3 ago 2026,16,902931050,9029310508047501555996,9283,Outbound,Portabilidad Postpago,PROGRAMADO,Logixtal,5023,ABIERTAS,Pendiente Entrega,Pendiente Entrega,NET_MALCANTARAV,SIM,4 ago 2026,null,null,No,ABIERTAS,null,Multilínea,Multi_item,La Libertad,null
Ascope,Netcall,3 ago 2026,13,902868135,902868135,9283,Outbound,Portabilidad Postpago,RETIRO EN TIENDA,Retiro en tienda,3114,CERRADAS,Entregado,Entregado,NET_EMEDINAU,SIM,3 ago 2026,3 ago 2026,null,No,CERRADAS,2026-08-04 00:10:00,Monolínea,Mono_item,La Libertad,null
Ascope,Netcall,3 ago 2026,10,902806038,9028060388046297054745,9283,Outbound,Portabilidad Postpago,RETIRO EN TIENDA,Retiro en tienda,3114,ABIERTAS,Pendiente Entrega,Pendiente Entrega,NET_CQUISPITONO,SIM,3 ago 2026,null,null,No,ABIERTAS,null,Monolínea,Mono_item,La Libertad,null
Ascope,Netcall,3 ago 2026,16,902931050,9029310508047501555777,9283,Outbound,Portabilidad Postpago,PROGRAMADO,Logixtal,5023,ABIERTAS,Pendiente Entrega,Pendiente Entrega,NET_MALCANTARAV,SIM,4 ago 2026,null,null,No,ABIERTAS,null,Multilínea,Multi_item,La Libertad,null
Ascope,Netcall,3 ago 2026,16,902932151,9029321518047514752700,9283,Outbound,Portabilidad Postpago,RETIRO EN TIENDA,Retiro en tienda,3114,CERRADAS,Entregado,Entregado,NET_SMENDOZAV,SIM,3 ago 2026,3 ago 2026,null,No,CERRADAS,2026-08-04 01:13:40,Monolínea,Mono_item,La Libertad,null
Arequipa,Netcall,1 ago 2026,8,902149590,9021495908040178105037,9271,Outbound,Portabilidad Postpago,EXPRESS,Logixtal,5022,CANCELADAS,Anulado,CLIENTE SE ENCUENTRA DE VIAJE,NET_CTRAVIM,SIM,1 ago 2026,null,null,No,CANCELADAS,2026-08-03 16:57:30,Monolínea,Mono_item,Arequipa,null
Arequipa,Netcall,3 ago 2026,11,902829900,9028299008046502223744,9271,Outbound,Portabilidad Postpago,RETIRO EN TIENDA,Retiro en tienda,5058,CANCELADAS,Cancelado,Cancelado,NET_JAREVALOC,SIM,3 ago 2026,null,null,No,CANCELADAS,2026-08-03 17:24:14,Multilínea,Multi_item,Arequipa,null
Arequipa,Netcall,3 ago 2026,11,902818744,9028187448046405310442,9271,Outbound,Portabilidad Postpago,RETIRO EN TIENDA,Retiro en tienda,3163,CERRADAS,Entregado,Entregado,NET_AISLAG,SIM,3 ago 2026,3 ago 2026,null,No,CERRADAS,2026-08-04 01:03:44,Monolínea,Mono_item,Arequipa,null
Arequipa,Netcall,1 ago 2026,17,902299380,9022993808041662309482,9283,Outbound,Portabilidad Postpago,RETIRO EN TIENDA,Retiro en tienda,5058,CERRADAS,Entregado,Entregado,NET_PVEGAC,SIM,1 ago 2026,1 ago 2026,02/08/2026,Sí,CERRADAS,2026-08-02 01:02:34,Monolínea,Mono_item,Arequipa,29.95
Arequipa,Netcall,1 ago 2026,14,902250347,9022503478041145923655,9283,Outbound,Venta Regular / Alta,EXPRESS,Logixtal,5022,CERRADAS,Entregado,Entregado,NET_SSALAZARV,SIM,1 ago 2026,1 ago 2026,01/08/2026,Sí,CERRADAS,2026-08-01 16:47:27,Monolínea,Mono_item,Arequipa,39.9
Arequipa,Netcall,1 ago 2026,18,902318286,9023182868041850698875,9289,Outbound,Portabilidad Postpago,RETIRO EN TIENDA,Retiro en tienda,5058,CERRADAS,Entregado,Entregado,NET_YHUAMAN,SIM,1 ago 2026,1 ago 2026,02/08/2026,Sí,CERRADAS,2026-08-02 00:53:11,Monolínea,Mono_item,Arequipa,39.95
Arequipa,Netcall,1 ago 2026,11,902188766,9021887668040544148596,9283,Outbound,Portabilidad Prepago,RETIRO EN TIENDA,Retiro en tienda,3163,CERRADAS,Entregado,Entregado,NET_TBECERRAC,SIM,1 ago 2026,1 ago 2026,02/08/2026,Sí,CERRADAS,2026-08-02 00:44:48,Monolínea,Mono_item,Arequipa,29.95
Arequipa,Netcall,1 ago 2026,12,902216532,9022165328040814428824,9271,Outbound,Portabilidad Postpago,EXPRESS,Logixtal,5022,CERRADAS,Entregado,Entregado,NET_LMANRIQUED,SIM,1 ago 2026,1 ago 2026,02/08/2026,Sí,CERRADAS,2026-08-02 00:51:54,Monolínea,Mono_item,Arequipa,34.95
Arequipa,Netcall,3 ago 2026,11,902821941,9028219418046425037062,9283,Outbound,Portabilidad Postpago,EXPRESS,Logixtal,5022,CERRADAS,Entregado,Entregado,NET_GGALLARDAYA,SIM,3 ago 2026,3 ago 2026,null,No,CERRADAS,2026-08-04 01:13:46,Monolínea,Mono_item,Arequipa,null
Arequipa,Netcall,1 ago 2026,16,902289432,9022894328041566943728,9283,Outbound,Portabilidad Postpago,EXPRESS,Logixtal,5022,CERRADAS,Entregado,Entregado,TLV_NET_CACEVED,SIM,1 ago 2026,3 ago 2026,null,No,CERRADAS,2026-08-04 01:12:24,Multilínea,Mono_item,Arequipa,null
Arequipa,Netcall,3 ago 2026,13,902877423,9028774238046966966905,9283,Outbound,Portabilidad Postpago,RETIRO EN TIENDA,Retiro en tienda,7128,CERRADAS,Entregado,Entregado,NET_SBENITOV,SIM,3 ago 2026,3 ago 2026,null,No,CERRADAS,2026-08-04 00:52:42,Multilínea,Mono_item,Arequipa,null
Arequipa,Netcall,3 ago 2026,13,902875625,9028756258046950050704,9283,Outbound,Portabilidad Postpago,RETIRO EN TIENDA,Retiro en tienda,7128,CERRADAS,Entregado,Entregado,NET_SBENITOV,SIM,3 ago 2026,3 ago 2026,null,No,CERRADAS,2026-08-04 02:00:12,Multilínea,Mono_item,Arequipa,null
Arequipa,Netcall,3 ago 2026,12,902851694,9028516948046720848316,9283,Outbound,Portabilidad Postpago,EXPRESS,Logixtal,5022,CERRADAS,Entregado,Entregado,NET_ATORRESP,SIM,3 ago 2026,3 ago 2026,null,No,CERRADAS,2026-08-04 01:37:27,Monolínea,Mono_item,Arequipa,null
Arequipa,Netcall,1 ago 2026,9,902159720,9021597208040267876165,9283,Outbound,Portabilidad Postpago,EXPRESS,Logixtal,5022,CERRADAS,Entregado,Entregado,NET_LCASTILLORI,SIM,1 ago 2026,1 ago 2026,02/08/2026,Sí,CERRADAS,2026-08-02 00:27:43,Monolínea,Mono_item,Arequipa,29.95
Arequipa,Netcall,1 ago 2026,12,902205596,9022055968040701350696,9271,Outbound,Venta Regular / Alta,RETIRO EN TIENDA,Retiro en tienda,3163,ABIERTAS,Pendiente Entrega,Pendiente Entrega,NET_JQUISPELUZA,SIM,1 ago 2026,null,null,No,ABIERTAS,null,Monolínea,Mono_item,Arequipa,null
Arequipa,Netcall,1 ago 2026,11,902192330,9021923308040573846665,9283,Outbound,Portabilidad Prepago,EXPRESS,Logixtal,5022,CERRADAS,Entregado,Entregado,TLV_NET_LVILLLA,SIM,1 ago 2026,1 ago 2026,02/08/2026,Sí,CERRADAS,2026-08-02 01:24:21,Monolínea,Mono_item,Arequipa,29.95
Arequipa,Netcall,3 ago 2026,11,902833648,9028336488046545428075,9283,Outbound,Portabilidad Postpago,RETIRO EN TIENDA,Retiro en tienda,5058,CERRADAS,Entregado,Entregado,NET_JSIADEN,SIM,3 ago 2026,3 ago 2026,null,No,CERRADAS,2026-08-04 01:41:14,Monolínea,Mono_item,Arequipa,null
Arequipa,Netcall,1 ago 2026,16,902289429,9022894298041566875555,9283,Outbound,Portabilidad Postpago,EXPRESS,Logixtal,5022,CERRADAS,Entregado,Entregado,TLV_NET_CACEVED,SIM,1 ago 2026,3 ago 2026,null,No,CERRADAS,2026-08-04 03:39:04,Multilínea,Mono_item,Arequipa,null
Arequipa,Netcall,1 ago 2026,10,902165889,9021658898040327089423,9271,Outbound,Portabilidad Postpago,RETIRO EN TIENDA,Retiro en tienda,3163,CERRADAS,Entregado,Entregado,NET_SCOVENASC,SIM,1 ago 2026,1 ago 2026,02/08/2026,Sí,CERRADAS,2026-08-02 01:47:05,Monolínea,Mono_item,Arequipa,29.95
Arequipa,Netcall,3 ago 2026,14,902887713,9028877138047069547600,9283,Outbound,Portabilidad Postpago,EXPRESS,Logixtal,5022,CERRADAS,Entregado,Entregado,NET_TMUNOZCALDE,SIM,3 ago 2026,3 ago 2026,null,No,CERRADAS,2026-08-04 02:03:23,Monolínea,Mono_item,Arequipa,null
Arequipa,Netcall,3 ago 2026,18,902971166,9029711668047898215469,9283,Outbound,Portabilidad Postpago,RETIRO EN TIENDA,Retiro en tienda,7108,ABIERTAS,Pendiente Entrega,Pendiente Entrega,NET_CMENESESV,SIM,3 ago 2026,null,null,No,ABIERTAS,null,Monolínea,Mono_item,Arequipa,null
Arequipa,Netcall,1 ago 2026,11,902200361,9022003618040652778913,9283,Outbound,Portabilidad Postpago,PROGRAMADO,Logixtal,5022,CERRADAS,Entregado,Entregado,NET_SBENITESL,SIM,3 ago 2026,3 ago 2026,null,No,CERRADAS,2026-08-04 01:37:02,Multilínea,Mono_item,Arequipa,null
Arequipa,Netcall,3 ago 2026,11,902822689,902822689,9271,Outbound,Portabilidad Postpago,EXPRESS,Logixtal,5022,CERRADAS,Entregado,Entregado,NET_RMRAMIREZ,SIM,3 ago 2026,3 ago 2026,null,No,CERRADAS,2026-08-04 00:16:10,Monolínea,Mono_item,Arequipa,null
Arequipa,Netcall,3 ago 2026,13,902866192,902866192,9271,Outbound,Portabilidad Postpago,EXPRESS,Logixtal,5022,CERRADAS,Entregado,Entregado,NET_LLEIVAH,SIM,3 ago 2026,3 ago 2026,null,No,CERRADAS,2026-08-04 00:09:26,Monolínea,Mono_item,Arequipa,null
Arequipa,Netcall,1 ago 2026,9,902153583,9021535838040215743509,9283,Outbound,Portabilidad Postpago,EXPRESS,Logixtal,5022,CERRADAS,Entregado,Entregado,TLV_NET_MFARFAN,SIM,1 ago 2026,1 ago 2026,02/08/2026,Sí,CERRADAS,2026-08-02 00:31:32,Monolínea,Mono_item,Arequipa,34.95
Arequipa,Netcall,3 ago 2026,11,902829900,9028299008046502223525,9271,Outbound,Portabilidad Postpago,RETIRO EN TIENDA,Retiro en tienda,5058,CANCELADAS,Cancelado,Cancelado,NET_JAREVALOC,SIM,3 ago 2026,null,null,No,CANCELADAS,2026-08-03 17:24:14,Multilínea,Multi_item,Arequipa,null
Arequipa,Netcall,1 ago 2026,11,902201669,902201669,9283,Outbound,Portabilidad Postpago,PROGRAMADO,Logixtal,5022,CERRADAS,Entregado,Entregado,NET_SBENITESL,SIM,3 ago 2026,3 ago 2026,null,No,CERRADAS,2026-08-04 00:33:55,Multilínea,Mono_item,Arequipa,null
Arequipa,Netcall,1 ago 2026,14,902250487,9022504878041147066481,9283,Outbound,Portabilidad Postpago,RETIRO EN TIENDA,Retiro en tienda,8010,CERRADAS,Entregado,Entregado,TLV_NET_DCASTIA,SIM,1 ago 2026,1 ago 2026,02/08/2026,Sí,CERRADAS,2026-08-02 01:14:23,Monolínea,Mono_item,Arequipa,29.95
Arequipa,Netcall,3 ago 2026,11,902824959,9028249598046451045634,9283,Outbound,Portabilidad Postpago,EXPRESS,Logixtal,5022,ABIERTAS,Pendiente Entrega,Pendiente Entrega,TLV_NET_DCASTIA,SIM,3 ago 2026,null,null,No,ABIERTAS,null,Monolínea,Mono_item,Arequipa,null
Arequipa,Netcall,3 ago 2026,10,902809849,9028098498046345852642,9283,Outbound,Portabilidad Postpago,RETIRO EN TIENDA,Retiro en tienda,8010,CANCELADAS,Cancelado,Cancelado,NET_TBECERRAC,SIM,3 ago 2026,null,null,No,CANCELADAS,2026-08-03 11:33:49,Monolínea,Mono_item,Arequipa,null
Apurimac,Netcall,3 ago 2026,13,902867499,9028674998046875224073,9271,Outbound,Portabilidad Postpago,RETIRO EN TIENDA,Retiro en tienda,3204,ABIERTAS,Pendiente Entrega,Pendiente Entrega,NET_RMRAMIREZ,SIM,3 ago 2026,null,null,No,ABIERTAS,null,Monolínea,Mono_item,Apurimac,null
Apurimac,Netcall,3 ago 2026,10,902797136,9027971368046213506678,9283,Outbound,Portabilidad Postpago,RETIRO EN TIENDA,Retiro en tienda,3204,CERRADAS,Entregado,Entregado,TLV_NET_DCASTIA,SIM,3 ago 2026,3 ago 2026,null,No,CERRADAS,2026-08-04 03:38:51,Monolínea,Mono_item,Apurimac,null
Apurimac,Netcall,3 ago 2026,16,902920101,9029201018047401376322,9283,Outbound,Portabilidad Postpago,RETIRO EN TIENDA,Retiro en tienda,3204,ABIERTAS,Pendiente Entrega,Pendiente Entrega,NET_VAYALA,SIM,3 ago 2026,null,null,No,ABIERTAS,null,Monolínea,Mono_item,Apurimac,null
Apurimac,Netcall,3 ago 2026,15,902911968,902911968,9283,Outbound,Portabilidad Postpago,RETIRO EN TIENDA,Retiro en tienda,3204,CERRADAS,Entregado,Entregado,NET_MASANCHEZC,SIM,3 ago 2026,3 ago 2026,null,No,CERRADAS,2026-08-04 00:26:58,Monolínea,Mono_item,Apurimac,null
Apurimac,Netcall,1 ago 2026,7,902106539,9021065398039936739581,9283,Outbound,Portabilidad Prepago,RETIRO EN TIENDA,Retiro en tienda,3204,CERRADAS,Entregado,Entregado,NET_JIYASHAMAR,SIM,1 ago 2026,1 ago 2026,02/08/2026,Sí,CERRADAS,2026-08-02 00:52:53,Monolínea,Mono_item,Apurimac,34.95
Andres Avelino Caceres Dorregaray,Netcall,3 ago 2026,13,902877323,9028773238046963034940,9271,Outbound,Portabilidad Postpago,EXPRESS,Logixtal,9354,CERRADAS,Entregado,Entregado,NET_CREYESJ,SIM,3 ago 2026,3 ago 2026,null,No,CERRADAS,2026-08-04 01:57:00,Multilínea,Multi_item,Ayacucho,null
Andres Avelino Caceres Dorregaray,Netcall,3 ago 2026,13,902877323,9028773238046963034721,9271,Outbound,Portabilidad Postpago,EXPRESS,Logixtal,9354,CERRADAS,Entregado,Entregado,NET_CREYESJ,SIM,3 ago 2026,3 ago 2026,null,No,CERRADAS,2026-08-04 01:57:00,Multilínea,Multi_item,Ayacucho,null
Andahuaylas,Netcall,3 ago 2026,19,902994364,9029943648048134719817,9283,Outbound,Portabilidad Postpago,PROGRAMADO,Logixtal,9358,ABIERTAS,Pendiente Entrega,Pendiente Entrega,NET_KBRACOV,SIM,4 ago 2026,null,null,No,ABIERTAS,null,Monolínea,Mono_item,Apurimac,null
Ancon,Netcall,2 ago 2026,12,902530484,9025304848043963616234,9283,Outbound,Portabilidad Postpago,PROGRAMADO,Logixtal,9001,ABIERTAS,Pendiente Entrega,Pendiente de Picking,TLV_NET_DCASTIA,SIM,5 ago 2026,null,null,No,ABIERTAS,null,Multilínea,Mono_item,Lima - Callao,null
Ancon,Netcall,3 ago 2026,12,902840095,9028400958046611096283,9283,Outbound,Portabilidad Postpago,PROGRAMADO,Logixtal,9001,ABIERTAS,Pendiente Entrega,Pendiente de Picking,NET_CDACHAC,SIM,5 ago 2026,null,null,No,ABIERTAS,null,Monolínea,Mono_item,Lima - Callao,null
Ancon,Netcall,2 ago 2026,13,902532517,9025325178043982638767,9283,Outbound,Portabilidad Postpago,PROGRAMADO,Logixtal,9001,ABIERTAS,Pendiente Entrega,Pendiente de Picking,TLV_NET_DCASTIA,SIM,5 ago 2026,null,null,No,ABIERTAS,null,Multilínea,Mono_item,Lima - Callao,null
Ancon,Netcall,2 ago 2026,12,902531662,9025316628043978464117,9283,Outbound,Portabilidad Postpago,PROGRAMADO,Logixtal,9001,ABIERTAS,Pendiente Entrega,Pendiente de Picking,TLV_NET_DCASTIA,SIM,5 ago 2026,null,null,No,ABIERTAS,null,Multilínea,Mono_item,Lima - Callao,null
Ancon,Netcall,3 ago 2026,11,902822771,9028227718046428956851,9283,Outbound,Portabilidad Postpago,PROGRAMADO,Logixtal,9001,ABIERTAS,Pendiente Entrega,Pendiente de Picking,NET_LCASTILLORI,SIM,5 ago 2026,null,null,No,ABIERTAS,null,Monolínea,Mono_item,Lima - Callao,null
Ancon,Netcall,2 ago 2026,17,902587199,9025871998044490448485,9283,Outbound,Portabilidad Postpago,PROGRAMADO,Logixtal,9001,ABIERTAS,Pendiente Entrega,Pendiente Entrega,NET_VZEGARRAAGU,SIM,3 ago 2026,null,null,No,ABIERTAS,null,Monolínea,Mono_item,Lima - Callao,null
Amarilis,Netcall,1 ago 2026,11,902199423,9021994238040646984683,9271,Outbound,Portabilidad Postpago,EXPRESS,Logixtal,9353,CERRADAS,Entregado,Entregado,NET_AGRIMALDOE,SIM,1 ago 2026,3 ago 2026,null,No,CERRADAS,2026-08-04 01:26:51,Monolínea,Mono_item,Huanuco,null
Amarilis,Netcall,1 ago 2026,16,902285303,9022853038041522000961,9283,Outbound,Venta Regular / Alta,PROGRAMADO,Logixtal,9353,CANCELADAS,Anulado,SOLICITADO POR CANAL,NET_GSILVAF,SIM,3 ago 2026,null,null,No,CANCELADAS,2026-08-03 18:01:46,Monolínea,Mono_item,Huanuco,null
Amarilis,Netcall,3 ago 2026,12,902853250,9028532508046736957901,9283,Outbound,Portabilidad Postpago,EXPRESS,Logixtal,9353,CERRADAS,Entregado,Entregado,NET_KBERROSPIS,SIM,3 ago 2026,3 ago 2026,null,No,CERRADAS,2026-08-04 01:08:20,Monolínea,Mono_item,Huanuco,null
Amarilis,Netcall,1 ago 2026,16,902276133,9022761338041429890524,9283,Outbound,Venta Regular / Alta,PROGRAMADO,Logixtal,9353,CERRADAS,Entregado,Entregado,NET_GSILVAF,SIM,3 ago 2026,3 ago 2026,03/08/2026,Sí,CERRADAS,2026-08-03 19:55:50,Monolínea,Mono_item,Huanuco,39.9
Amarilis,Netcall,1 ago 2026,18,902311850,9023118508041790001589,9283,Outbound,Portabilidad Postpago,PROGRAMADO,Logixtal,9353,CERRADAS,Entregado,Entregado,NET_LMALDONADOC,SIM,3 ago 2026,3 ago 2026,null,No,CERRADAS,2026-08-04 01:39:27,Monolínea,Mono_item,Huanuco,null
Amarilis,Netcall,3 ago 2026,10,902803240,9028032408046274521463,9283,Outbound,Venta Regular / Alta,EXPRESS,Logixtal,9353,CERRADAS,Entregado,Entregado,NET_GSILVAF,SIM,3 ago 2026,3 ago 2026,03/08/2026,Sí,CERRADAS,2026-08-03 19:57:53,Monolínea,Mono_item,Huanuco,39.9
Amarilis,Netcall,1 ago 2026,15,902270846,9022708468041363023842,9283,Outbound,Portabilidad Postpago,PROGRAMADO,Logixtal,9353,CANCELADAS,Anulado,CLIENTE SE ENCUENTRA DE VIAJE,NET_JCHEROO,SIM,3 ago 2026,null,null,No,CANCELADAS,2026-08-03 11:26:01,Monolínea,Mono_item,Huanuco,null
Amarilis,Netcall,1 ago 2026,12,902220325,9022203258040843634024,9271,Outbound,Portabilidad Postpago,EXPRESS,Logixtal,9353,CERRADAS,Entregado,Entregado,NET_DFRANCIAH,SIM,1 ago 2026,1 ago 2026,02/08/2026,Sí,CERRADAS,2026-08-02 00:32:56,Monolínea,Mono_item,Huanuco,34.95
Amarilis,Netcall,3 ago 2026,13,902860584,9028605848046807457200,9283,Outbound,Venta Regular / Alta,EXPRESS,Logixtal,9353,CERRADAS,Entregado,Entregado,NET_GSILVAF,SIM,3 ago 2026,3 ago 2026,03/08/2026,Sí,CERRADAS,2026-08-03 20:01:16,Monolínea,Mono_item,Huanuco,39.9
Alto Selva Alegre,Netcall,1 ago 2026,11,902192119,9021921198040575390224,5299,Outbound,Portabilidad Postpago,EXPRESS,Logixtal,5022,CERRADAS,Entregado,Entregado,NET_SCHUMIOQUEP,SIM,1 ago 2026,1 ago 2026,02/08/2026,Sí,CERRADAS,2026-08-02 01:05:21,Monolínea,Mono_item,Arequipa,29.95
Alto Selva Alegre,Netcall,1 ago 2026,12,902220005,9022200058040848425138,9283,Outbound,Portabilidad Postpago,EXPRESS,Logixtal,5022,CERRADAS,Entregado,Entregado,TLV_NET_APINTAD,SIM,1 ago 2026,1 ago 2026,02/08/2026,Sí,CERRADAS,2026-08-02 00:13:27,Monolínea,Mono_item,Arequipa,34.95
Alto Selva Alegre,Netcall,1 ago 2026,13,902229240,9022292408040937277473,9283,Outbound,Portabilidad Postpago,EXPRESS,Logixtal,5022,CANCELADAS,Anulado,PUNTO DE ENCUENTRO CAMUFLADO,NET_MMORANM,SIM,1 ago 2026,null,null,No,CANCELADAS,2026-08-01 15:16:48,Monolínea,Mono_item,Arequipa,null
Alto Selva Alegre,Netcall,1 ago 2026,17,902291072,9022910728041585842835,9283,Outbound,Portabilidad Postpago,PROGRAMADO,Logixtal,5022,ABIERTAS,Pendiente Entrega,Pendiente Entrega,TLV_NET_SVALDEZ,SIM,3 ago 2026,null,null,No,ABIERTAS,null,Monolínea,Mono_item,Arequipa,null
Alto Selva Alegre,Netcall,1 ago 2026,12,902211991,9022119918040764629327,9283,Outbound,Portabilidad Postpago,EXPRESS,Logixtal,5022,CERRADAS,Entregado,Entregado,NET_TANCHANTEG,SIM,1 ago 2026,1 ago 2026,02/08/2026,Sí,CERRADAS,2026-08-02 01:35:48,Multilínea,Mono_item,Arequipa,19.95
Alto Selva Alegre,Netcall,1 ago 2026,12,902210629,9022106298040748258479,9283,Outbound,Portabilidad Postpago,EXPRESS,Logixtal,5022,CERRADAS,Entregado,Entregado,NET_TANCHANTEG,SIM,1 ago 2026,1 ago 2026,02/08/2026,Sí,CERRADAS,2026-08-02 00:55:56,Multilínea,Mono_item,Arequipa,39.95
Alto Selva Alegre,Netcall,1 ago 2026,12,902212921,9022129218040772226399,9283,Outbound,Portabilidad Postpago,EXPRESS,Logixtal,5022,CERRADAS,Entregado,Entregado,NET_TANCHANTEG,SIM,1 ago 2026,1 ago 2026,02/08/2026,Sí,CERRADAS,2026-08-02 01:21:33,Multilínea,Mono_item,Arequipa,19.95
Alto De La Alianza,Netcall,1 ago 2026,12,902209674,9022096748040737669833,9271,Outbound,Portabilidad Postpago,EXPRESS,Logixtal,9348,CERRADAS,Entregado,Entregado,NET_KESCORZAC,SIM,1 ago 2026,1 ago 2026,02/08/2026,Sí,CERRADAS,2026-08-02 01:53:47,Monolínea,Mono_item,Tacna,29.95
Alto De La Alianza,Netcall,3 ago 2026,13,902859128,9028591288046788746381,9283,Outbound,Portabilidad Postpago,EXPRESS,Logixtal,9348,CANCELADAS,Pendiente Entrega,Pendiente Entrega,NET_SINGAC,SIM,3 ago 2026,null,null,No,CANCELADAS,2026-08-03 16:07:48,Multilínea,Mono_item,Tacna,null
Alto De La Alianza,Netcall,3 ago 2026,12,902857473,9028574738046774033043,9283,Outbound,Portabilidad Postpago,EXPRESS,Logixtal,9348,CERRADAS,Entregado,Entregado,NET_SINGAC,SIM,3 ago 2026,3 ago 2026,null,No,CERRADAS,2026-08-04 00:55:18,Multilínea,Mono_item,Tacna,null
Abancay,Netcall,3 ago 2026,10,902811743,9028117438046355261561,9283,Outbound,Portabilidad Postpago,RETIRO EN TIENDA,Retiro en tienda,3212,ABIERTAS,Pendiente Entrega,Pendiente Entrega,NET_MJQUISPEM,SIM,3 ago 2026,null,null,No,ABIERTAS,null,Multilínea,Mono_item,Apurimac,null
Abancay,Netcall,1 ago 2026,15,902260155,9022601558041254060014,9283,Outbound,Portabilidad Postpago,RETIRO EN TIENDA,Retiro en tienda,3212,ABIERTAS,Pendiente Entrega,Pendiente Entrega,TLV_NET_JSOTOZ,SIM,1 ago 2026,null,null,No,ABIERTAS,null,Monolínea,Mono_item,Apurimac,null
Abancay,Netcall,3 ago 2026,17,902956810,9029568108047756563027,9283,Outbound,Portabilidad Postpago,PROGRAMADO,Logixtal,9358,ABIERTAS,Pendiente Entrega,Pendiente Entrega,NET_SCAVEROC,SIM,4 ago 2026,null,null,No,ABIERTAS,null,Monolínea,Mono_item,Apurimac,null
Abancay,Netcall,3 ago 2026,11,902817724,9028177248046399184872,9283,Outbound,Venta Regular / Alta,RETIRO EN TIENDA,Retiro en tienda,3212,ABIERTAS,Pendiente Entrega,Pendiente Entrega,NET_MJQUISPEM,SIM,3 ago 2026,null,null,No,ABIERTAS,null,Multilínea,Mono_item,Apurimac,null
Abancay,Netcall,1 ago 2026,11,902194325,9021943258040594651545,9283,Outbound,Portabilidad Postpago,RETIRO EN TIENDA,Retiro en tienda,3212,CERRADAS,Entregado,Entregado,NET_ADOROTEOSAL,SIM,1 ago 2026,1 ago 2026,02/08/2026,Sí,CERRADAS,2026-08-02 00:19:39,Monolínea,Mono_item,Apurimac,34.95
Abancay,Netcall,3 ago 2026,10,902802995,9028029958046272652876,9283,Outbound,Venta Regular / Alta,RETIRO EN TIENDA,Retiro en tienda,3212,ABIERTAS,Pendiente Entrega,Pendiente Entrega,NET_MJQUISPEM,SIM,3 ago 2026,null,null,No,ABIERTAS,null,Multilínea,Mono_item,Apurimac,null
Abancay,Netcall,1 ago 2026,7,902094332,9020943328039874554940,9289,Outbound,Portabilidad Postpago,RETIRO EN TIENDA,Retiro en tienda,3212,CERRADAS,Entregado,Entregado,TLV_NET_GCUEVAC,SIM,1 ago 2026,1 ago 2026,02/08/2026,Sí,CERRADAS,2026-08-02 00:06:36,Monolínea,Mono_item,Apurimac,29.95
null,Netcall,3 ago 2026,11,902835541,9028355418046565684138,9283,Outbound,Portabilidad Postpago,No bop,Logixtal,9342,CANCELADAS,No bop,No bop,NET_YCHAVEZ,(Sin datos Omnix),3 ago 2026,null,null,No,CANCELADAS,2026-08-03 12:39:57,Multilínea,Mono_item,null,null
null,Netcall,4 ago 2026,9,903199271,903199271,9283,Outbound,Portabilidad Postpago,RETIRO EN TIENDA,Retiro en tienda,9351,ABIERTAS,Pendiente Entrega,Pendiente Entrega,TLV_NET_CSILVAP,(Sin datos Omnix),4 ago 2026,null,null,No,ABIERTAS,null,Multilínea,Mono_item,null,null
null,Netcall,3 ago 2026,17,902936530,9029365308047558148892,9283,Outbound,Portabilidad Postpago,RETIRO EN TIENDA,Retiro en tienda,9355,CANCELADAS,Cancelado,Cancelado,NET_SCAVEROC,(Sin datos Omnix),3 ago 2026,null,null,No,CANCELADAS,2026-08-03 17:40:21,Multilínea,Mono_item,null,null
null,Netcall,3 ago 2026,12,902849890,9028498908046704380325,9283,Outbound,Portabilidad Postpago,RETIRO EN TIENDA,Retiro en tienda,3036,CANCELADAS,Cancelado,Cancelado,NET_JCHINGAA,(Sin datos Omnix),3 ago 2026,null,null,No,CANCELADAS,2026-08-04 06:09:54,Multilínea,Mono_item,Lambayeque,null
null,Netcall,4 ago 2026,7,903194265,903194265,9283,Outbound,Portabilidad Postpago,RETIRO EN TIENDA,Retiro en tienda,9346,ERROR,Cancelado,Cancelado,NET_CIOLAYAR,(Sin datos Omnix),4 ago 2026,null,null,No,ERROR,null,Multilínea,Mono_item,Junin,null
null,Netcall,4 ago 2026,9,903199313,903199313,9271,Outbound,Portabilidad Postpago,RETIRO EN TIENDA,Retiro en tienda,9345,ABIERTAS,Pendiente Entrega,Pendiente Entrega,NET_KPARRAGUEZG,(Sin datos Omnix),4 ago 2026,null,null,No,ABIERTAS,null,Monolínea,Mono_item,Ica,null
null,Netcall,4 ago 2026,9,903199324,903199324,9283,Outbound,Portabilidad Postpago,No bop,Logixtal,5024,ABIERTAS,No bop,No bop,NET_JQUINECHEB,(Sin datos Omnix),4 ago 2026,null,null,No,ABIERTAS,null,Monolínea,Mono_item,null,null
null,Netcall,3 ago 2026,12,902850442,9028504428046707793034,9283,Outbound,Portabilidad Postpago,RETIRO EN TIENDA,Retiro en tienda,3036,CANCELADAS,Cancelado,Cancelado,TLV_NET_CURCIAR,(Sin datos Omnix),3 ago 2026,null,null,No,CANCELADAS,2026-08-04 06:09:54,Multilínea,Mono_item,Lambayeque,null
null,Netcall,1 ago 2026,13,902241110,9022411108041058209787,9283,Outbound,Portabilidad Postpago,No bop,Logixtal,9001,CANCELADAS,No bop,No bop,TLV_NET_MLANDAR,(Sin datos Omnix),1 ago 2026,null,null,No,CANCELADAS,2026-08-01 16:00:41,Multilínea,Mono_item,null,null
null,Netcall,3 ago 2026,14,902887181,9028871818047062234893,9283,Outbound,Portabilidad Postpago,RETIRO EN TIENDA,Retiro en tienda,9346,CANCELADAS,Cancelado,Cancelado,NET_VHUAMANQ,(Sin datos Omnix),3 ago 2026,null,null,No,CANCELADAS,2026-08-03 18:11:17,Monolínea,Mono_item,Junin,null
null,Netcall,3 ago 2026,12,902841567,9028415678046617525131,9283,Outbound,Portabilidad Postpago,RETIRO EN TIENDA,Retiro en tienda,7161,CANCELADAS,Cancelado,Cancelado,NET_ADOROTEOSAL,(Sin datos Omnix),3 ago 2026,null,null,No,CANCELADAS,2026-08-03 16:08:16,Multilínea,Mono_item,Ica,null