Centro,Fecha_Creacion,Hora,FRM_Orden_Final,FRM_Orden_Item_Final,EOC_ID_TIENDA,Grupo_Canal,Tipo_de_Negocio,Tipo_Despacho_Detalle,Operador_Logistico_Old,EOC_DELIVERYSTOREID,EOC_Estado,Estado_T,Estado_T_Detalle,FRM_N_DNI_Asesor,FRM_Tipologia,Fecha_Entrega_Pactada,Fecha_Entrega_Real,INR_FechaActivacion,Cruce_INAR,EOC_Estado,EOC_Cierre,Multilinea_Asesor,Multi_item,FRM_Departamento_de_entrega,INR_NumRentaIGV_Neto,FRM_Plan_vendido,OBI_Nuevo_plan
Netcall,2 sept 2026,10,915229806,9152298068170040932237,9283,Outbound,Portabilidad Postpago,EXPRESS,Logixtal,9349,CERRADAS,Entregado,Entregado,NET_KROJASNAUPA,SIM,2 sept 2026,2 sept 2026,null,No,CERRADAS,2026-09-03 03:29:52,Monolínea,Mono_item,Ucayali,null,Power ilim 79.90 SD N,Power ilim 79.90 SD N
Netcall,3 sept 2026,10,915636720,91563672089511710111070113150,9283,Outbound,Portabilidad Postpago,EXPRESS,Retiro en tienda,9349,CANCELADAS,Cancelado,Cancelado,NET_MMACHACAM,SIM,3 sept 2026,null,null,No,CANCELADAS,2026-09-03 12:00:22,Monolínea,Mono_item,Ucayali,null,null,null
Netcall,1 sept 2026,11,914813047,9148130478165748525363,9283,Outbound,Portabilidad Postpago,EXPRESS,Logixtal,9349,CERRADAS,Entregado,Entregado,NET_YMILLA,SIM,1 sept 2026,1 sept 2026,02/09/2026,Sí,CERRADAS,2026-09-02 00:14:30,Monolínea,Mono_item,Ucayali,29.95,Power 59.90 N,Power 59.90 N
Netcall,1 sept 2026,12,914823622,9148236228165857441457,9283,Outbound,Portabilidad Postpago,EXPRESS,Logixtal,9349,CANCELADAS,Anulado,SIN DOCUMENTO DE IDENTIDAD / PERDIDA,NET_MQUISPEH,SIM,1 sept 2026,null,null,No,CANCELADAS,2026-09-02 17:02:24,Monolínea,Mono_item,Ucayali,null,null,Power ilim 69.90 N
Netcall,1 sept 2026,12,914829865,9148298658165919119799,9271,Outbound,Portabilidad Postpago,EXPRESS,Logixtal,9349,ABIERTAS,Pendiente Entrega,Pendiente Entrega,NET_MVALIENTES,SIM,1 sept 2026,null,null,No,ABIERTAS,null,Multilínea,Mono_item,Ucayali,null,null,Power ilim 79.90 SD N
Netcall,1 sept 2026,14,914866535,9148665358166327114352,9283,Outbound,Portabilidad Postpago,PROGRAMADO,Logixtal,9349,ABIERTAS,Pendiente Entrega,Pendiente Entrega,TLV_NET_MCHAMBI,SIM,2 sept 2026,null,null,No,ABIERTAS,null,Multilínea,Mono_item,Ucayali,null,null,Power ilim 79.90 SD N
Netcall,3 sept 2026,12,915688321,915688321Empty,9271,Outbound,Portabilidad Postpago,PROGRAMADO,Retiro en tienda,9349,ABIERTAS,Pendiente Entrega,Pendiente Entrega,NET_JMELLOV,SIM,4 sept 2026,null,null,No,ABIERTAS,null,Monolínea,Mono_item,Ucayali,null,null,null
Netcall,3 sept 2026,12,915679446,915679446Empty,9283,Outbound,Portabilidad Postpago,PROGRAMADO,Retiro en tienda,9349,ABIERTAS,Pendiente Entrega,Pendiente Entrega,NET_ARIVERA,SIM,4 sept 2026,null,null,No,ABIERTAS,null,Monolínea,Mono_item,Ucayali,null,null,null
Netcall,3 sept 2026,12,915674521,91567452189511710111070113184,9283,Outbound,Portabilidad Postpago,EXPRESS,Retiro en tienda,9349,ABIERTAS,Pendiente Entrega,Pendiente Entrega,NET_CALCAB,SIM,3 sept 2026,null,null,No,ABIERTAS,null,Monolínea,Mono_item,Ucayali,null,null,null
Netcall,2 sept 2026,10,915235635,9152356358170094513815,9283,Outbound,Portabilidad Postpago,EXPRESS,Logixtal,9349,CANCELADAS,Anulado,CLIENTE YA NO DESEA PRODUCTO,NET_GHERRERAG,SIM,2 sept 2026,null,null,No,CANCELADAS,2026-09-02 11:19:49,Monolínea,Mono_item,Ucayali,null,null,Power ilim 69.90 N
Netcall,1 sept 2026,14,914865534,914865534,9283,Outbound,Portabilidad Postpago,PROGRAMADO,Logixtal,9349,CERRADAS,Entregado,Entregado,TLV_NET_MCHAMBI,SIM,2 sept 2026,2 sept 2026,null,No,CERRADAS,2026-09-03 00:26:58,Multilínea,Mono_item,Ucayali,null,Power ilim 79.90 SD N,null
Netcall,1 sept 2026,13,914837963,9148379638166006107621,9271,Outbound,Portabilidad Postpago,PROGRAMADO,Logixtal,9349,ABIERTAS,Pendiente Entrega,Pendiente Entrega,NET_MVALIENTES,SIM,2 sept 2026,null,null,No,ABIERTAS,null,Multilínea,Mono_item,Ucayali,null,null,Power ilim 79.90 SD N
Netcall,1 sept 2026,14,914865698,9148656988166307219746,9283,Outbound,Portabilidad Postpago,EXPRESS,Logixtal,5022,CERRADAS,Entregado,Entregado,NET_GCABALLEROC,SIM,1 sept 2026,1 sept 2026,02/09/2026,Sí,CERRADAS,2026-09-02 01:32:02,Monolínea,Mono_item,Arequipa,29.95,Power 59.90 N,Power 59.90 N
Netcall,2 sept 2026,11,915260162,9152601628170323125164,9283,Outbound,Portabilidad Postpago,EXPRESS,Logixtal,5022,CERRADAS,Entregado,Entregado,NET_JATANACIOC,SIM,2 sept 2026,2 sept 2026,null,No,CERRADAS,2026-09-03 02:10:16,Multilínea,Mono_item,Arequipa,null,Power ilim 79.90 SD N,Power ilim 79.90 SD N
Netcall,3 sept 2026,10,915633971,91563397189511710111070716341,9271,Outbound,Portabilidad Postpago,EXPRESS,Logixtal,5022,ABIERTAS,Entregado,Entregado,NET_CREYESJ,SIM,3 sept 2026,null,null,No,ABIERTAS,null,Monolínea,Mono_item,Arequipa,null,null,null
Netcall,2 sept 2026,12,915273708,9152737088170465131276,5299,Outbound,Portabilidad Postpago,EXPRESS,Logixtal,5022,CERRADAS,Entregado,Entregado,NET_RCANDIOTTIA,SIM,2 sept 2026,2 sept 2026,null,No,CERRADAS,2026-09-03 03:32:37,Monolínea,Mono_item,Arequipa,null,Power ilim 69.90 N,Power ilim 69.90 N
Netcall,2 sept 2026,11,915260150,9152601508170323049282,9283,Outbound,Portabilidad Postpago,EXPRESS,Logixtal,5022,CERRADAS,Entregado,Entregado,NET_JATANACIOC,SIM,2 sept 2026,2 sept 2026,null,No,CERRADAS,2026-09-03 02:33:08,Multilínea,Mono_item,Arequipa,null,Power ilim 79.90 SD N,Power ilim 79.90 SD N
Netcall,1 sept 2026,10,914786884,9147868848165495615577,9271,Outbound,Portabilidad Postpago,EXPRESS,Logixtal,3115,CANCELADAS,Entregado,Entregado,NET_GHUAMANT,SIM,1 sept 2026,1 sept 2026,null,No,CANCELADAS,2026-09-02 19:48:04,Monolínea,Mono_item,Pasco,null,null,Power ilim 79.90 SD N
Netcall,3 sept 2026,11,915663828,91566382889511710121058245445,9283,Outbound,Portabilidad Postpago,EXPRESS,Retiro en tienda,9343,ABIERTAS,Entregado,Entregado,NET_JRAMIREZQ,SIM,3 sept 2026,null,null,No,ABIERTAS,null,Monolínea,Mono_item,Cusco,null,null,null
Netcall,1 sept 2026,11,914799412,9147994128165609149600,9283,Outbound,Venta Regular / Alta,EXPRESS,Logixtal,9343,CERRADAS,Entregado,Entregado,TLV_NET_LSANCHA,SIM,1 sept 2026,1 sept 2026,01/09/2026,Sí,CERRADAS,2026-09-01 17:28:49,Multilínea,Mono_item,Cusco,19.95,Power ilim 79.90 SD N,Power ilim 79.90 SD N
Netcall,2 sept 2026,13,915289683,9152896838170635769118,9283,Outbound,Portabilidad Postpago,EXPRESS,Logixtal,9343,ABIERTAS,Pendiente Entrega,Pendiente Entrega,NET_MZEVALLOSMA,SIM,2 sept 2026,null,null,No,ABIERTAS,null,Monolínea,Mono_item,Cusco,null,null,Power 59.90 N
Netcall,1 sept 2026,10,914793239,9147932398165571652638,9283,Outbound,Venta Regular / Alta,EXPRESS,Logixtal,9343,CERRADAS,Entregado,Entregado,TLV_NET_LSANCHA,SIM,1 sept 2026,1 sept 2026,01/09/2026,Sí,CERRADAS,2026-09-01 17:26:57,Multilínea,Mono_item,Cusco,39.95,Power ilim 79.90 SD N,Power ilim 79.90 SD N
Netcall,2 sept 2026,13,915299416,9152994168170740070141,9283,Outbound,Portabilidad Postpago,EXPRESS,Logixtal,9343,CERRADAS,Entregado,Entregado,NET_JCAVEROC,SIM,2 sept 2026,2 sept 2026,null,No,CERRADAS,2026-09-03 00:47:01,Multilínea,Mono_item,Cusco,null,Power ilim 79.90 SD N,Power ilim 79.90 SD N
Netcall,2 sept 2026,13,915294716,9152947168170682679491,9283,Outbound,Portabilidad Postpago,EXPRESS,Logixtal,9343,CERRADAS,Entregado,Entregado,NET_AARNAIZA,SIM,2 sept 2026,2 sept 2026,null,No,CERRADAS,2026-09-03 00:48:41,Monolínea,Mono_item,Cusco,null,Power 59.90 N,Power 59.90 N
Netcall,1 sept 2026,14,914857426,9148574268166218901681,9283,Outbound,Portabilidad Postpago,PROGRAMADO,Logixtal,9343,CERRADAS,Entregado,Entregado,NET_LMUSAYONS,SIM,2 sept 2026,2 sept 2026,null,No,CERRADAS,2026-09-03 03:32:51,Monolínea,Mono_item,Cusco,null,Power 59.90 N,Power 59.90 N
Netcall,1 sept 2026,18,914942946,9149429468167130776410,9283,Outbound,Portabilidad Postpago,PROGRAMADO,Logixtal,9343,ABIERTAS,Pendiente Entrega,Pendiente Entrega,NET_MMACHACAM,SIM,3 sept 2026,null,null,No,ABIERTAS,null,Monolínea,Mono_item,Cusco,null,null,Power 59.90 N
Netcall,3 sept 2026,12,915674384,91567438489511710121058245411,9283,Outbound,Portabilidad Postpago,EXPRESS,Retiro en tienda,9343,ABIERTAS,Pendiente Entrega,Pendiente Entrega,TLV_NET_ECUROS,SIM,3 sept 2026,null,null,No,ABIERTAS,null,Monolínea,Mono_item,Cusco,null,null,null
Netcall,1 sept 2026,11,914812717,9148127178165746966782,9271,Outbound,Portabilidad Postpago,EXPRESS,Logixtal,9343,CERRADAS,Entregado,Entregado,NET_LNECIOSUPC,SIM,1 sept 2026,1 sept 2026,02/09/2026,Sí,CERRADAS,2026-09-02 00:46:54,Monolínea,Mono_item,Cusco,39.95,Power ilim 79.90 SD N,Power ilim 79.90 SD N
Netcall,3 sept 2026,11,915669292,91566929289511710121058245437,9283,Outbound,Portabilidad Postpago,EXPRESS,Retiro en tienda,9343,ABIERTAS,Entregado,Entregado,NET_BROMANS,SIM,3 sept 2026,null,null,No,ABIERTAS,null,Monolínea,Mono_item,Cusco,null,null,null
Netcall,2 sept 2026,10,915241702,9152417028170150464345,9271,Outbound,Portabilidad Postpago,EXPRESS,Logixtal,9343,CERRADAS,Entregado,Entregado,NET_MGSGRADOS,SIM,2 sept 2026,2 sept 2026,null,No,CERRADAS,2026-09-03 01:58:32,Monolínea,Mono_item,Cusco,null,Power 59.90 N,Power 59.90 N
Netcall,3 sept 2026,9,915632704,91563270489511710121058245460,9283,Outbound,Portabilidad Postpago,EXPRESS,Retiro en tienda,9343,ABIERTAS,Entregado,Entregado,TLV_NET_DSANC,SIM,3 sept 2026,null,null,No,ABIERTAS,null,Monolínea,Mono_item,Cusco,null,null,null
Netcall,1 sept 2026,10,914791382,9147913828165539398383,9283,Outbound,Portabilidad Postpago,EXPRESS,Logixtal,9343,CERRADAS,Entregado,Entregado,NET_YHUAMAN,SIM,1 sept 2026,1 sept 2026,02/09/2026,Sí,CERRADAS,2026-09-02 01:16:11,Monolínea,Mono_item,Cusco,34.95,Power ilim 69.90 N,Power ilim 69.90 N
Netcall,1 sept 2026,11,914798094,9147980948165603463638,9283,Outbound,Portabilidad Postpago,EXPRESS,Logixtal,9343,CERRADAS,Entregado,Entregado,TLV_NET_LSANCHA,SIM,1 sept 2026,1 sept 2026,02/09/2026,Sí,CERRADAS,2026-09-02 00:25:31,Multilínea,Mono_item,Cusco,19.95,Power ilim 79.90 SD N,Power ilim 79.90 SD N
Netcall,1 sept 2026,11,914807576,9148075768165699672158,9283,Outbound,Venta Regular / Alta,RETIRO EN TIENDA,Retiro en tienda,7206,ABIERTAS,Pendiente Entrega,Pendiente Entrega,NET_MFERRER,SIM,1 sept 2026,null,null,No,ABIERTAS,null,Monolínea,Mono_item,La Libertad,null,null,Power 39.90 N
Netcall,3 sept 2026,13,915706651,915706651Empty,9265,Outbound,Portabilidad Postpago,RETIRO EN TIENDA,Retiro en tienda,7206,ABIERTAS,Pendiente Entrega,Pendiente Entrega,NET_IRODRIGUEZS,SIM,3 sept 2026,null,null,No,ABIERTAS,null,Monolínea,Mono_item,La Libertad,null,null,null
Netcall,1 sept 2026,13,914851605,9148516058166154543011,9283,Outbound,Portabilidad Postpago,EXPRESS,Logixtal,9342,CANCELADAS,Anulado,PIN-PORTA NO LLEGA SMS,NET_JFAJARDOR,SIM,1 sept 2026,null,null,No,CANCELADAS,2026-09-02 15:20:52,Monolínea,Mono_item,Lima - Callao,null,null,Power 59.90 N
Netcall,1 sept 2026,10,914785670,9147856708165478611215,9283,Outbound,Portabilidad Postpago,EXPRESS,Logixtal,9342,CERRADAS,Entregado,Entregado,NET_GSANCHEZO,SIM,1 sept 2026,1 sept 2026,02/09/2026,Sí,CERRADAS,2026-09-02 00:48:09,Multilínea,Mono_item,Lima - Callao,19.95,Power ilim 79.90 SD N,Power ilim 79.90 SD N
Netcall,2 sept 2026,22,915422450,9154224508172041915367,9283,Outbound,Portabilidad Postpago,PROGRAMADO,Logixtal,9001,ABIERTAS,Pendiente Entrega,Pendiente Entrega,NET_SLAZOB,SIM,3 sept 2026,null,null,No,ABIERTAS,null,Monolínea,Mono_item,Lima - Callao,null,null,Power ilim 79.90 SD N
Netcall,2 sept 2026,7,915156162,9151561628169479868623,9283,Outbound,Portabilidad Postpago,EXPRESS,Logixtal,9342,CANCELADAS,Anulado,PIN-PORTA NO LLEGA SMS,NET_GSANCHEZO,SIM,2 sept 2026,null,null,No,CANCELADAS,2026-09-02 09:29:39,Monolínea,Mono_item,Lima - Callao,null,null,Power ilim 79.90 SD N
Netcall,2 sept 2026,14,915308450,9153084508170828836124,9283,Outbound,Venta Regular / Alta,EXPRESS,Logixtal,9342,ABIERTAS,Pendiente Entrega,Pendiente Entrega,NET_JMENDOZAN,SIM,2 sept 2026,null,null,No,ABIERTAS,null,Multilínea,Mono_item,Lima - Callao,null,null,Power ilim 69.90 N
Netcall,2 sept 2026,7,915145525,9151455258169398834100,9283,Outbound,Portabilidad Postpago,EXPRESS,Logixtal,9342,CANCELADAS,Anulado,Cliente sin equipo Pin Porta,NET_JIYASHAMAR,SIM,2 sept 2026,null,null,No,CANCELADAS,2026-09-02 09:32:18,Multilínea,Mono_item,Lima - Callao,null,null,Power ilim 79.90 SD N
Netcall,1 sept 2026,15,914871277,9148712778166369835654,9283,Outbound,Portabilidad Postpago,EXPRESS,Logixtal,9342,CANCELADAS,Entregado,Entregado,NET_MFERRER,SIM,1 sept 2026,1 sept 2026,null,No,CANCELADAS,2026-09-01 22:00:39,Multilínea,Mono_item,Lima - Callao,null,null,Power 59.90 N
Netcall,3 sept 2026,9,915629260,91562926089511710111071092189,9283,Outbound,Portabilidad Postpago,EXPRESS,Logixtal,9342,ABIERTAS,Pendiente Entrega,Pendiente de Picking,NET_JIYASHAMAR,SIM,3 sept 2026,null,null,No,ABIERTAS,null,Monolínea,Mono_item,Lima - Callao,null,null,null
Netcall,2 sept 2026,17,915364215,9153642158171420846350,9283,Outbound,Portabilidad Postpago,EXPRESS,Logixtal,9342,CERRADAS,Entregado,Entregado,NET_SDIAZO,SIM,2 sept 2026,2 sept 2026,null,No,CERRADAS,2026-09-03 00:48:05,Monolínea,Mono_item,Lima - Callao,null,Power 59.90 N,Power 59.90 N
Netcall,1 sept 2026,13,914845327,9148453278166090359042,9283,Outbound,Portabilidad Postpago,EXPRESS,Logixtal,9342,CANCELADAS,Anulado,CLIENTE DESISTE - INFORMACIÓN INCORRECTA,NET_MFERRER,SIM,1 sept 2026,null,null,No,CANCELADAS,2026-09-01 14:57:41,Multilínea,Mono_item,Lima - Callao,null,null,Power 59.90 N
Netcall,1 sept 2026,10,914788231,9147882318165502903514,9283,Outbound,Portabilidad Postpago,EXPRESS,Logixtal,9342,CERRADAS,Entregado,Entregado,NET_GSANCHEZO,SIM,1 sept 2026,1 sept 2026,02/09/2026,Sí,CERRADAS,2026-09-02 00:39:49,Multilínea,Mono_item,Lima - Callao,19.95,Power ilim 79.90 SD N,Power ilim 79.90 SD N
Netcall,1 sept 2026,10,914787095,9147870958165491488137,9283,Outbound,Portabilidad Postpago,EXPRESS,Logixtal,9342,CERRADAS,Entregado,Entregado,NET_GSANCHEZO,SIM,1 sept 2026,1 sept 2026,02/09/2026,Sí,CERRADAS,2026-09-02 00:21:30,Multilínea,Mono_item,Lima - Callao,39.95,Power ilim 79.90 SD N,Power ilim 79.90 SD N
Netcall,3 sept 2026,12,915681784,91568178489511710101029969836,9283,Outbound,Portabilidad Postpago,EXPRESS,Logixtal,9342,ABIERTAS,Entregado,Entregado,NET_CRAMOSC,SIM,3 sept 2026,null,null,No,ABIERTAS,null,Monolínea,Mono_item,Lima - Callao,null,null,null
Netcall,1 sept 2026,16,914885544,9148855448166526926602,9283,Outbound,Portabilidad Postpago,PROGRAMADO,Logixtal,9342,ABIERTAS,Pendiente Entrega,Pendiente Entrega,NET_LRODRIGUEZC,SIM,3 sept 2026,null,null,No,ABIERTAS,null,Monolínea,Mono_item,Lima - Callao,null,null,Power ilim 69.90 N
Netcall,1 sept 2026,18,914935875,9149358758167067707767,9283,Outbound,Portabilidad Postpago,PROGRAMADO,Logixtal,9342,ABIERTAS,Pendiente Entrega,Pendiente Entrega,NET_WBENITESA,SIM,3 sept 2026,null,null,No,ABIERTAS,null,Multilínea,Mono_item,Lima - Callao,null,null,Power ilim 79.90 SD N
Netcall,1 sept 2026,10,914789631,9147896318165520453800,9283,Outbound,Portabilidad Postpago,EXPRESS,Logixtal,9342,CERRADAS,Entregado,Entregado,NET_GSANCHEZO,SIM,1 sept 2026,1 sept 2026,02/09/2026,Sí,CERRADAS,2026-09-02 01:47:17,Multilínea,Mono_item,Lima - Callao,39.95,Power ilim 79.90 SD N,Power ilim 79.90 SD N
Netcall,2 sept 2026,9,915224475,9152244758169981370849,9283,Outbound,Portabilidad Postpago,EXPRESS,Logixtal,9342,CERRADAS,Entregado,Entregado,NET_JIYASHAMAR,SIM,2 sept 2026,2 sept 2026,null,No,CERRADAS,2026-09-03 01:44:48,Multilínea,Mono_item,Lima - Callao,null,Power ilim 79.90 SD N,Power ilim 79.90 SD N
Netcall,2 sept 2026,15,915319937,9153199378170956430268,9283,Outbound,Portabilidad Postpago,EXPRESS,Logixtal,9342,CANCELADAS,Anulado,CLIENTE DESISTE - INFORMACIÓN INCORRECTA,NET_MMREVILLA,SIM,2 sept 2026,null,null,No,CANCELADAS,2026-09-02 16:09:51,Multilínea,Mono_item,Lima - Callao,null,null,Power ilim 79.90 SD N
Netcall,1 sept 2026,20,914967955,9149679558167387029742,9283,Outbound,Portabilidad Postpago,PROGRAMADO,Logixtal,9001,CERRADAS,Entregado,Entregado,NET_YMILLA,SIM,2 sept 2026,2 sept 2026,null,No,CERRADAS,2026-09-03 02:32:03,Multilínea,Mono_item,Lima - Callao,null,Power ilim 79.90 SD N,Power ilim 79.90 SD N
Netcall,3 sept 2026,12,915679176,91567917689511710111071359067,9271,Outbound,Portabilidad Postpago,EXPRESS,Logixtal,9342,ABIERTAS,Entregado,Entregado,NET_KLGARCIAA,SIM,3 sept 2026,null,null,No,ABIERTAS,null,Monolínea,Mono_item,Lima - Callao,null,null,null
Netcall,1 sept 2026,13,914843229,9148432298166067219524,9283,Outbound,Portabilidad Postpago,EXPRESS,Logixtal,9342,CERRADAS,Entregado,Entregado,NET_PSANCHEZE,SIM,1 sept 2026,1 sept 2026,02/09/2026,Sí,CERRADAS,2026-09-02 01:00:47,Monolínea,Mono_item,Lima - Callao,29.95,Power 59.90 N,Power 59.90 N
Netcall,3 sept 2026,11,915665561,91566556189511710101029969844,9283,Outbound,Portabilidad Postpago,EXPRESS,Logixtal,9342,CANCELADAS,Pendiente Entrega,Pendiente de Picking,NET_GSANCHEZO,SIM,3 sept 2026,null,null,No,CANCELADAS,2026-09-03 13:19:21,Monolínea,Mono_item,Lima - Callao,null,null,null
Netcall,2 sept 2026,12,915282827,9152828278170565475068,9283,Outbound,Venta Regular / Alta,EXPRESS,Logixtal,9342,CERRADAS,Entregado,Entregado,NET_MMREVILLA,SIM,2 sept 2026,2 sept 2026,02/09/2026,Sí,CERRADAS,2026-09-02 14:43:36,Monolínea,Mono_item,Lima - Callao,39.9,Power 39.90 N,Power 39.90 N
Netcall,1 sept 2026,20,914971788,9149717888167426745235,9283,Outbound,Portabilidad Postpago,PROGRAMADO,Logixtal,9001,CERRADAS,Entregado,Entregado,NET_YMILLA,SIM,2 sept 2026,2 sept 2026,null,No,CERRADAS,2026-09-03 01:20:34,Multilínea,Mono_item,Lima - Callao,null,Power ilim 79.90 SD N,Power ilim 79.90 SD N
Netcall,1 sept 2026,17,914921514,9149215148166918752673,5299,Outbound,Portabilidad Postpago,EXPRESS,Logixtal,9342,CERRADAS,Entregado,Entregado,NET_CPORRASP,SIM,1 sept 2026,1 sept 2026,02/09/2026,Sí,CERRADAS,2026-09-02 03:19:30,Monolínea,Mono_item,Lima - Callao,39.95,Power ilim 79.90 SD N,Power ilim 79.90 SD N
Netcall,2 sept 2026,14,915302536,9153025368170770072042,9283,Outbound,Portabilidad Postpago,EXPRESS,Logixtal,9342,CERRADAS,Entregado,Entregado,NET_GVELASQUEZA,SIM,2 sept 2026,2 sept 2026,null,No,CERRADAS,2026-09-03 03:31:48,Monolínea,Mono_item,Lima - Callao,null,Power 59.90 N,Power 59.90 N
Netcall,1 sept 2026,13,914844071,9148440718166073222200,9283,Outbound,Portabilidad Postpago,EXPRESS,Logixtal,9342,CERRADAS,Entregado,Entregado,NET_RFIGUEROAR,SIM,1 sept 2026,2 sept 2026,null,No,CERRADAS,2026-09-03 01:46:36,Monolínea,Mono_item,Lima - Callao,null,Power 59.90 N,Power 59.90 N
Netcall,3 sept 2026,11,915666106,91566610689511710111070894478,9283,Outbound,Portabilidad Postpago,EXPRESS,Logixtal,9342,ABIERTAS,Entregado,Entregado,NET_EALBORNOZR,SIM,3 sept 2026,null,null,No,ABIERTAS,null,Monolínea,Mono_item,Lima - Callao,null,null,null
Netcall,2 sept 2026,17,915357321,9153573218171342222696,9283,Outbound,Portabilidad Postpago,EXPRESS,Logixtal,9342,CERRADAS,Entregado,Entregado,NET_MMREVILLA,SIM,2 sept 2026,2 sept 2026,null,No,CERRADAS,2026-09-03 01:12:54,Multilínea,Mono_item,Lima - Callao,null,Power ilim 79.90 SD N,Power ilim 79.90 SD N
Netcall,2 sept 2026,16,915348847,9153488478171258510867,9283,Outbound,Portabilidad Postpago,EXPRESS,Logixtal,9342,CERRADAS,Entregado,Entregado,NET_SPEREZR,SIM,2 sept 2026,2 sept 2026,null,No,CERRADAS,2026-09-03 01:23:38,Monolínea,Mono_item,Lima - Callao,null,Power 59.90 N,Power 59.90 N
Netcall,1 sept 2026,18,914925506,9149255068166960632127,9283,Outbound,Portabilidad Postpago,EXPRESS,Logixtal,9342,CERRADAS,Entregado,Entregado,NET_JCABANILLAR,SIM,1 sept 2026,2 sept 2026,null,No,CERRADAS,2026-09-03 01:50:22,Monolínea,Mono_item,Lima - Callao,null,Power ilim 79.90 SD N,Power ilim 79.90 SD N
Netcall,1 sept 2026,13,914837556,9148375568166003881488,9283,Outbound,Portabilidad Postpago,EXPRESS,Logixtal,9342,CERRADAS,Entregado,Entregado,NET_ATRIVINOS,SIM,1 sept 2026,1 sept 2026,02/09/2026,Sí,CERRADAS,2026-09-02 01:44:57,Multilínea,Mono_item,Lima - Callao,19.95,Power ilim 79.90 SD N,Power ilim 79.90 SD N
Netcall,1 sept 2026,13,914838494,9148384948166014437836,9283,Outbound,Portabilidad Postpago,EXPRESS,Logixtal,9342,CERRADAS,Entregado,Entregado,NET_ATRIVINOS,SIM,1 sept 2026,1 sept 2026,02/09/2026,Sí,CERRADAS,2026-09-02 01:39:48,Multilínea,Mono_item,Lima - Callao,39.95,Power ilim 79.90 SD N,Power ilim 79.90 SD N
Netcall,2 sept 2026,9,915224879,9152248798169984125774,9271,Outbound,Portabilidad Postpago,EXPRESS,Logixtal,9342,CERRADAS,Entregado,Entregado,NET_CREYESJ,SIM,2 sept 2026,2 sept 2026,null,No,CERRADAS,2026-09-03 01:09:20,Monolínea,Mono_item,Lima - Callao,null,Power ilim 79.90 SD N,Power ilim 79.90 SD N
Netcall,1 sept 2026,10,914791649,9147916498165540766825,9283,Outbound,Portabilidad Postpago,EXPRESS,Logixtal,9342,CERRADAS,Entregado,Entregado,NET_GSANCHEZO,SIM,1 sept 2026,1 sept 2026,02/09/2026,Sí,CERRADAS,2026-09-02 00:58:52,Multilínea,Mono_item,Lima - Callao,19.95,Power ilim 79.90 SD N,Power ilim 79.90 SD N
Netcall,2 sept 2026,13,915290629,9152906298170638543748,9271,Outbound,Portabilidad Postpago,EXPRESS,Logixtal,9342,CERRADAS,Entregado,Entregado,NET_KTORRESP,SIM,2 sept 2026,2 sept 2026,null,No,CERRADAS,2026-09-03 01:32:50,Monolínea,Mono_item,Lima - Callao,null,Power ilim 69.90 N,Power ilim 69.90 N
Netcall,2 sept 2026,17,915367868,9153678688171453375336,9283,Outbound,Portabilidad Postpago,EXPRESS,Logixtal,9342,CANCELADAS,Anulado,PUNTO DE ENCUENTRO NO CONTACTADO,NET_SLAZOB,SIM,2 sept 2026,null,null,No,CANCELADAS,2026-09-02 19:26:22,Monolínea,Mono_item,Lima - Callao,null,null,Power ilim 79.90 SD N
Netcall,3 sept 2026,0,915504863,91550486389511710111070872565,9283,Outbound,Portabilidad Postpago,EXPRESS,Logixtal,9342,ABIERTAS,Entregado,Entregado,NET_JGUIOP,SIM,3 sept 2026,null,null,No,ABIERTAS,null,Monolínea,Mono_item,Lima - Callao,null,null,Power 59.90 N
Netcall,1 sept 2026,18,914925921,9149259218166963356351,9283,Outbound,Portabilidad Postpago,EXPRESS,Logixtal,9342,CERRADAS,Entregado,Entregado,NET_WBENITESA,SIM,1 sept 2026,1 sept 2026,02/09/2026,Sí,CERRADAS,2026-09-02 01:45:47,Multilínea,Mono_item,Lima - Callao,19.95,Power ilim 79.90 SD N,Power ilim 79.90 SD N
Netcall,1 sept 2026,20,914966781,9149667818167375750864,9283,Outbound,Portabilidad Postpago,PROGRAMADO,Logixtal,9001,CERRADAS,Entregado,Entregado,NET_YMILLA,SIM,2 sept 2026,2 sept 2026,null,No,CERRADAS,2026-09-03 01:35:23,Multilínea,Mono_item,Lima - Callao,null,Power ilim 79.90 SD N,Power ilim 79.90 SD N
Netcall,1 sept 2026,10,914790608,9147906088165525861349,9283,Outbound,Portabilidad Postpago,EXPRESS,Logixtal,9342,CERRADAS,Entregado,Entregado,NET_GSANCHEZO,SIM,1 sept 2026,1 sept 2026,02/09/2026,Sí,CERRADAS,2026-09-02 01:19:03,Multilínea,Mono_item,Lima - Callao,19.95,Power ilim 79.90 SD N,Power ilim 79.90 SD N
Netcall,1 sept 2026,18,914928599,9149285998166995129478,9283,Outbound,Portabilidad Prepago,EXPRESS,Logixtal,9342,CERRADAS,Entregado,Entregado,NET_WBENITESA,SIM,1 sept 2026,1 sept 2026,02/09/2026,Sí,CERRADAS,2026-09-02 01:54:31,Multilínea,Mono_item,Lima - Callao,39.95,Power ilim 79.90 SD N,Power ilim 79.90 SD N
Netcall,1 sept 2026,9,914769516,914769516,9271,Outbound,Portabilidad Postpago,EXPRESS,Logixtal,9342,CERRADAS,Entregado,Entregado,NET_LDIAZ,SIM,1 sept 2026,2 sept 2026,null,No,CERRADAS,2026-09-03 00:32:47,Monolínea,Mono_item,Lima - Callao,null,Power ilim 69.90 N,null
Netcall,2 sept 2026,10,915238545,9152385458170117215268,9283,Outbound,Portabilidad Postpago,EXPRESS,Logixtal,9342,CANCELADAS,Anulado,Cliente sin equipo Pin Porta,NET_GCABALLEROC,SIM,2 sept 2026,null,null,No,CANCELADAS,2026-09-02 12:03:23,Multilínea,Mono_item,Lima - Callao,null,null,Power ilim 79.90 SD N
Netcall,1 sept 2026,10,914790162,9147901628165519096251,9259,Outbound,Portabilidad Postpago,EXPRESS,Logixtal,9342,CERRADAS,Entregado,Entregado,TLV_NET_MRONCAL,SIM,1 sept 2026,1 sept 2026,02/09/2026,Sí,CERRADAS,2026-09-02 01:33:52,Monolínea,Mono_item,Lima - Callao,39.95,Power ilim 79.90 SD N,Power ilim 79.90 SD N
Netcall,1 sept 2026,11,914801067,9148010678165763483789,9271,Outbound,Portabilidad Postpago,EXPRESS,Logixtal,9342,CERRADAS,Entregado,Entregado,NET_BATOP,SIM,1 sept 2026,1 sept 2026,02/09/2026,Sí,CERRADAS,2026-09-02 01:26:16,Multilínea,Mono_item,Lima - Callao,19.95,Power ilim 79.90 SD N,Power ilim 79.90 SD N
Netcall,1 sept 2026,17,914911824,9149118248166818726949,9283,Outbound,Portabilidad Postpago,EXPRESS,Logixtal,9342,CERRADAS,Entregado,Entregado,NET_KCARRENOV,SIM,1 sept 2026,1 sept 2026,02/09/2026,Sí,CERRADAS,2026-09-02 03:19:27,Multilínea,Mono_item,Lima - Callao,19.95,Power ilim 79.90 SD N,Power ilim 79.90 SD N
Netcall,1 sept 2026,14,914861027,9148610278166253690047,9283,Outbound,Portabilidad Postpago,EXPRESS,Logixtal,9342,CERRADAS,Entregado,Entregado,TLV_NET_CZEGARR,SIM,1 sept 2026,1 sept 2026,02/09/2026,Sí,CERRADAS,2026-09-02 01:28:50,Monolínea,Mono_item,Lima - Callao,34.95,Power ilim 69.90 N,Power ilim 69.90 N
Netcall,2 sept 2026,13,915285439,9152854398170586904952,9283,Outbound,Portabilidad Postpago,EXPRESS,Logixtal,9342,CERRADAS,Entregado,Entregado,NET_SGONZALESF,SIM,2 sept 2026,2 sept 2026,null,No,CERRADAS,2026-09-03 03:36:27,Multilínea,Mono_item,Lima - Callao,null,Power 59.90 N,Power 59.90 N
Netcall,2 sept 2026,12,915268744,9152687448170414854019,9283,Outbound,Portabilidad Postpago,EXPRESS,Logixtal,9342,CERRADAS,Entregado,Entregado,NET_MORIHUELAQ,SIM,2 sept 2026,2 sept 2026,null,No,CERRADAS,2026-09-03 02:33:31,Monolínea,Mono_item,Lima - Callao,null,Power ilim 79.90 SD N,Power ilim 79.90 SD N
Netcall,2 sept 2026,14,915301344,9153013448170759914764,9283,Outbound,Portabilidad Postpago,EXPRESS,Logixtal,9342,CERRADAS,Entregado,Entregado,NET_CBIELICHR,SIM,2 sept 2026,2 sept 2026,null,No,CERRADAS,2026-09-03 00:58:54,Monolínea,Mono_item,Lima - Callao,null,Power ilim 79.90 SD N,Power ilim 79.90 SD N
Netcall,1 sept 2026,13,914850744,9148507448166142774433,9265,Outbound,Portabilidad Postpago,EXPRESS,Logixtal,9342,CERRADAS,Entregado,Entregado,NET_IRODRIGUEZS,SIM,1 sept 2026,1 sept 2026,02/09/2026,Sí,CERRADAS,2026-09-02 00:27:04,Monolínea,Mono_item,Lima - Callao,34.95,Power ilim 69.90 N,Power ilim 69.90 N
Netcall,1 sept 2026,16,914894271,9148942718166625455279,9283,Outbound,Portabilidad Postpago,EXPRESS,Logixtal,9342,CERRADAS,Entregado,Entregado,NET_GGUTIERREZM,SIM,1 sept 2026,2 sept 2026,null,No,CERRADAS,2026-09-03 00:43:54,Monolínea,Mono_item,Lima - Callao,null,Power 59.90 N,Power 59.90 N
Netcall,2 sept 2026,12,915274101,9152741018170470051127,9283,Outbound,Portabilidad Postpago,PROGRAMADO,Logixtal,9342,ABIERTAS,Pendiente Entrega,Pendiente Entrega,NET_AMORALEST,SIM,3 sept 2026,null,null,No,ABIERTAS,null,Monolínea,Mono_item,Lima - Callao,null,null,Power 59.90 N
Netcall,2 sept 2026,10,915242176,9152421768170152629592,9271,Outbound,Portabilidad Postpago,EXPRESS,Logixtal,9342,CERRADAS,Entregado,Entregado,NET_KANGELESS,SIM,2 sept 2026,2 sept 2026,null,No,CERRADAS,2026-09-03 02:02:22,Monolínea,Mono_item,Lima - Callao,null,Power 59.90 N,Power 59.90 N
Netcall,1 sept 2026,10,914782191,9147821918165451552280,9283,Outbound,Portabilidad Prepago,EXPRESS,Logixtal,9342,CERRADAS,Entregado,Entregado,NET_RCASTANEDAR,SIM,1 sept 2026,1 sept 2026,02/09/2026,Sí,CERRADAS,2026-09-02 00:12:39,Multilínea,Mono_item,Lima - Callao,19.95,Power ilim 79.90 SD N,Power ilim 79.90 SD N
Netcall,1 sept 2026,12,914826138,9148261388165882854500,9283,Outbound,Portabilidad Postpago,EXPRESS,Logixtal,9342,CERRADAS,Entregado,Entregado,NET_ECARRETEROH,SIM,1 sept 2026,1 sept 2026,02/09/2026,Sí,CERRADAS,2026-09-02 03:18:31,Monolínea,Mono_item,Lima - Callao,34.95,Power ilim 69.90 N,Power ilim 69.90 N
Netcall,1 sept 2026,10,914783859,9147838598165459012848,9283,Outbound,Portabilidad Prepago,EXPRESS,Logixtal,9342,CERRADAS,Entregado,Entregado,NET_RCASTANEDAR,SIM,1 sept 2026,1 sept 2026,02/09/2026,Sí,CERRADAS,2026-09-02 00:33:24,Multilínea,Mono_item,Lima - Callao,39.95,Power ilim 79.90 SD N,Power ilim 79.90 SD N
Netcall,1 sept 2026,13,914849817,9148498178166131950817,9283,Outbound,Portabilidad Postpago,EXPRESS,Logixtal,9342,CERRADAS,Entregado,Entregado,NET_MORIHUELAQ,SIM,1 sept 2026,1 sept 2026,02/09/2026,Sí,CERRADAS,2026-09-02 00:18:17,Multilínea,Mono_item,Lima - Callao,39.95,Power ilim 79.90 SD N,Power ilim 79.90 SD N
Netcall,2 sept 2026,14,915311337,9153113378170862232207,9283,Outbound,Portabilidad Postpago,EXPRESS,Logixtal,9342,CERRADAS,Entregado,Entregado,NET_MMREVILLA,SIM,2 sept 2026,2 sept 2026,null,No,CERRADAS,2026-09-03 01:17:57,Monolínea,Mono_item,Lima - Callao,null,Power ilim 79.90 SD N,Power ilim 79.90 SD N
Netcall,2 sept 2026,13,915298223,9152982238170718594976,9283,Outbound,Portabilidad Postpago,EXPRESS,Logixtal,9342,CERRADAS,Entregado,Entregado,NET_JGUIOP,SIM,2 sept 2026,2 sept 2026,null,No,CERRADAS,2026-09-03 01:43:25,Multilínea,Mono_item,Lima - Callao,null,Power ilim 79.90 SD N,Power ilim 79.90 SD N
Netcall,3 sept 2026,9,915627486,915627486Empty,9283,Outbound,Portabilidad Postpago,PROGRAMADO,Logixtal,9342,ABIERTAS,Pendiente Entrega,Pendiente de Picking,NET_GHERRERAG,SIM,5 sept 2026,null,null,No,ABIERTAS,null,Monolínea,Mono_item,Lima - Callao,null,null,null
Netcall,1 sept 2026,18,914937830,9149378308167073393851,9271,Outbound,Portabilidad Postpago,PROGRAMADO,Logixtal,9342,CERRADAS,Entregado,Entregado,NET_PTORRESR,SIM,2 sept 2026,2 sept 2026,null,No,CERRADAS,2026-09-03 01:12:38,Monolínea,Mono_item,Lima - Callao,null,Power 59.90 N,Power 59.90 N
Netcall,1 sept 2026,12,914827944,9148279448165902780568,9283,Outbound,Portabilidad Postpago,EXPRESS,Logixtal,9342,CERRADAS,Entregado,Entregado,TLV_NET_OCCONA,SIM,1 sept 2026,1 sept 2026,02/09/2026,Sí,CERRADAS,2026-09-02 12:37:31,Monolínea,Mono_item,Lima - Callao,29.95,Power 59.90 N,Power 59.90 N
Netcall,2 sept 2026,16,915334038,9153340388171099528438,9283,Outbound,Portabilidad Postpago,EXPRESS,Logixtal,9342,CERRADAS,Entregado,Entregado,NET_GVELASQUEZA,SIM,2 sept 2026,2 sept 2026,null,No,CERRADAS,2026-09-03 00:46:29,Monolínea,Mono_item,Lima - Callao,null,Power 59.90 N,Power 59.90 N
Netcall,1 sept 2026,13,914850480,9148504808166144347552,9283,Outbound,Portabilidad Postpago,EXPRESS,Logixtal,9342,CERRADAS,Entregado,Entregado,NET_MORIHUELAQ,SIM,1 sept 2026,1 sept 2026,02/09/2026,Sí,CERRADAS,2026-09-02 01:43:39,Multilínea,Mono_item,Lima - Callao,19.95,Power ilim 79.90 SD N,Power ilim 79.90 SD N
Netcall,1 sept 2026,15,914876343,9148763438166426369726,9271,Outbound,Portabilidad Postpago,EXPRESS,Logixtal,9342,CERRADAS,Entregado,Entregado,NET_SBACAD,SIM,1 sept 2026,1 sept 2026,02/09/2026,Sí,CERRADAS,2026-09-02 01:20:21,Monolínea,Mono_item,Lima - Callao,29.95,Power 59.90 N,Power 59.90 N
Netcall,1 sept 2026,11,914817134,9148171348165795766338,9271,Outbound,Venta Regular / Alta,EXPRESS,Logixtal,9342,CERRADAS,Entregado,Entregado,NET_BATOP,SIM,1 sept 2026,1 sept 2026,01/09/2026,Sí,CERRADAS,2026-09-01 14:08:57,Multilínea,Mono_item,Lima - Callao,39.95,Power ilim 79.90 SD N,Power ilim 79.90 SD N
Netcall,1 sept 2026,13,914840853,9148408538166044346673,9283,Outbound,Portabilidad Postpago,EXPRESS,Logixtal,9342,CERRADAS,Entregado,Entregado,NET_PREJASD,SIM,1 sept 2026,1 sept 2026,02/09/2026,Sí,CERRADAS,2026-09-02 00:56:39,Monolínea,Mono_item,Lima - Callao,29.95,Power 59.90 N,Power 59.90 N
Netcall,2 sept 2026,11,915248316,9152483168170208754992,9283,Outbound,Portabilidad Postpago,EXPRESS,Logixtal,9342,CANCELADAS,Anulado,DIRECCIÓN ERRADA,NET_SGONZALESF,SIM,2 sept 2026,null,null,No,CANCELADAS,2026-09-02 12:38:51,Multilínea,Mono_item,Lima - Callao,null,null,Power 59.90 N
Netcall,1 sept 2026,18,914940894,914940894,9283,Outbound,Portabilidad Postpago,EXPRESS,Logixtal,9342,CERRADAS,Entregado,Entregado,TLV_NET_ACUBASS,SIM,1 sept 2026,2 sept 2026,null,No,CERRADAS,2026-09-03 00:37:55,Monolínea,Mono_item,Lima - Callao,null,Power ilim 79.90 SD N,null
Netcall,2 sept 2026,10,915239244,915239244,9283,Outbound,Portabilidad Postpago,EXPRESS,Logixtal,9342,CERRADAS,Entregado,Entregado,NET_YMILLA,SIM,2 sept 2026,2 sept 2026,null,No,CERRADAS,2026-09-03 00:24:11,Monolínea,Mono_item,Lima - Callao,null,Power 59.90 N,null
Netcall,2 sept 2026,13,915298962,915298962,9283,Outbound,Portabilidad Postpago,EXPRESS,Logixtal,9342,CERRADAS,Entregado,Entregado,NET_JGUIOP,SIM,2 sept 2026,2 sept 2026,null,No,CERRADAS,2026-09-03 00:36:48,Multilínea,Mono_item,Lima - Callao,null,Power ilim 79.90 SD N,null
Netcall,1 sept 2026,11,914799155,9147991558165619905269,9283,Outbound,Portabilidad Postpago,EXPRESS,Logixtal,9342,CERRADAS,Entregado,Entregado,TLV_NET_LVILLLA,SIM,1 sept 2026,1 sept 2026,02/09/2026,Sí,CERRADAS,2026-09-02 00:57:09,Monolínea,Mono_item,Lima - Callao,39.95,Power ilim 79.90 SD N,Power ilim 79.90 SD N
Netcall,3 sept 2026,11,915660028,91566002889511710101029966535,9283,Outbound,Portabilidad Postpago,PROGRAMADO,Logixtal,9342,ABIERTAS,Pendiente Entrega,Pendiente de Picking,NET_DCONVERCIOA,SIM,4 sept 2026,null,null,No,ABIERTAS,null,Multilínea,Mono_item,Lima - Callao,null,null,null
Netcall,2 sept 2026,17,915354398,9153543988171320481893,9283,Outbound,Venta Regular / Alta,EXPRESS,Logixtal,9342,ABIERTAS,Pendiente Entrega,Pendiente Entrega,NET_EALBORNOZR,SIM,2 sept 2026,null,null,No,ABIERTAS,null,Monolínea,Mono_item,Lima - Callao,null,null,Power 39.90 N
Netcall,2 sept 2026,14,915313333,915313333,9283,Outbound,Portabilidad Postpago,EXPRESS,Logixtal,9342,CERRADAS,Entregado,Entregado,NET_ECHEROS,SIM,2 sept 2026,2 sept 2026,null,No,CERRADAS,2026-09-03 00:34:01,Monolínea,Mono_item,Lima - Callao,null,Power 59.90 N,null
Netcall,2 sept 2026,13,915297388,9152973888170713323637,9283,Outbound,Venta Regular / Alta,EXPRESS,Logixtal,9342,CERRADAS,Entregado,Entregado,NET_JGUIOP,SIM,2 sept 2026,2 sept 2026,02/09/2026,Sí,CERRADAS,2026-09-02 15:44:34,Multilínea,Mono_item,Lima - Callao,39.95,Power ilim 79.90 SD N,Power ilim 79.90 SD N
Netcall,3 sept 2026,13,915703165,91570316589511710111070872714,9259,Outbound,Portabilidad Postpago,EXPRESS,Logixtal,9342,ABIERTAS,Pendiente Entrega,Pendiente de Picking,TLV_NET_MRONCAL,SIM,3 sept 2026,null,null,No,ABIERTAS,null,Monolínea,Mono_item,Lima - Callao,null,null,null
Netcall,1 sept 2026,16,914887980,9148879808166556963781,9283,Outbound,Portabilidad Postpago,EXPRESS,Logixtal,9342,CERRADAS,Entregado,Entregado,NET_MFERRER,SIM,1 sept 2026,1 sept 2026,02/09/2026,Sí,CERRADAS,2026-09-02 01:38:02,Monolínea,Mono_item,Lima - Callao,29.95,Power 59.90 N,Power 59.90 N
Netcall,2 sept 2026,13,915284956,915284956,9283,Outbound,Portabilidad Postpago,EXPRESS,Logixtal,9342,CERRADAS,Entregado,Entregado,NET_SDIAZO,SIM,2 sept 2026,2 sept 2026,null,No,CERRADAS,2026-09-03 00:18:43,Monolínea,Mono_item,Lima - Callao,null,Power ilim 69.90 N,null
Netcall,1 sept 2026,17,914912928,9149129288166830335648,9283,Outbound,Portabilidad Prepago,EXPRESS,Logixtal,9342,CERRADAS,Entregado,Entregado,NET_KCARRENOV,SIM,1 sept 2026,1 sept 2026,02/09/2026,Sí,CERRADAS,2026-09-02 00:32:40,Multilínea,Mono_item,Lima - Callao,39.95,Power ilim 79.90 SD N,Power ilim 79.90 SD N
Netcall,3 sept 2026,11,915671753,91567175389511710101030066242,9283,Outbound,Portabilidad Postpago,EXPRESS,Logixtal,9342,ABIERTAS,Entregado,Entregado,TLV_NET_FVALQUI,SIM,3 sept 2026,null,null,No,ABIERTAS,null,Monolínea,Mono_item,Lima - Callao,null,null,null
Netcall,3 sept 2026,11,915662049,91566204989511710101029976013,9283,Outbound,Venta Regular / Alta,PROGRAMADO,Logixtal,9342,ABIERTAS,Pendiente Entrega,Pendiente de Picking,NET_DCONVERCIOA,SIM,4 sept 2026,null,null,No,ABIERTAS,null,Multilínea,Mono_item,Lima - Callao,null,null,null
Netcall,1 sept 2026,13,914846914,9148469148166104700417,9283,Outbound,Portabilidad Postpago,EXPRESS,Logixtal,9342,CERRADAS,Entregado,Entregado,TLV_NET_CZEGARR,SIM,1 sept 2026,1 sept 2026,02/09/2026,Sí,CERRADAS,2026-09-02 02:10:19,Monolínea,Mono_item,Lima - Callao,34.95,Power ilim 69.90 N,Power ilim 69.90 N
Netcall,1 sept 2026,17,914920515,9149205158166909452114,9283,Outbound,Portabilidad Postpago,PROGRAMADO,Logixtal,9342,CERRADAS,Entregado,Entregado,NET_KGCORTEZP,SIM,2 sept 2026,2 sept 2026,null,No,CERRADAS,2026-09-03 00:44:47,Monolínea,Mono_item,Lima - Callao,null,Power 59.90 N,Power 59.90 N
Netcall,3 sept 2026,14,915719903,91571990389511710101030066226,9283,Outbound,Portabilidad Postpago,EXPRESS,Logixtal,9342,ABIERTAS,Pendiente Entrega,Pendiente de Picking,NET_SINGAC,SIM,3 sept 2026,null,null,No,ABIERTAS,null,Monolínea,Mono_item,Lima - Callao,null,null,null
Netcall,2 sept 2026,14,915308704,9153087048170835167758,9283,Outbound,Venta Regular / Alta,PROGRAMADO,Logixtal,5023,ABIERTAS,Pendiente Entrega,Pendiente Entrega,NET_AJSANCHEZR,SIM,3 sept 2026,null,null,No,ABIERTAS,null,Multilínea,Mono_item,La Libertad,null,null,Power ilim 79.90 SD N
Netcall,2 sept 2026,11,915260155,9152601558170326604831,9271,Outbound,Portabilidad Postpago,EXPRESS,Logixtal,5023,CANCELADAS,Cancelado,ERROR EN CSV,NET_CBARRIOSP,SIM,2 sept 2026,null,null,No,CANCELADAS,2026-09-02 11:44:39,Multilínea,Mono_item,La Libertad,null,null,Power ilim 69.90 N
Netcall,1 sept 2026,11,914796790,9147967908165591165631,9283,Outbound,Portabilidad Postpago,EXPRESS,Logixtal,5023,CERRADAS,Entregado,Entregado,NET_MROLDANM,SIM,1 sept 2026,1 sept 2026,null,No,CERRADAS,2026-09-02 00:49:06,Multilínea,Multi_item,La Libertad,null,null,Power ilim 79.90 SD N
Netcall,3 sept 2026,10,915648531,915648531Empty,9283,Outbound,Portabilidad Postpago,EXPRESS,Logixtal,5023,CANCELADAS,Pendiente Entrega,Pendiente de Picking,NET_ARAMOSR,SIM,3 sept 2026,null,null,No,CANCELADAS,2026-09-03 10:48:24,Multilínea,Mono_item,La Libertad,null,null,null
Netcall,2 sept 2026,15,915325141,9153251418171010940005,9271,Outbound,Portabilidad Postpago,EXPRESS,Logixtal,5023,CANCELADAS,Cancelado,ERROR EN CSV,NET_JMAYTAHUARM,SIM,2 sept 2026,null,null,No,CANCELADAS,2026-09-02 15:36:52,Monolínea,Mono_item,La Libertad,null,null,Power ilim 69.90 N
Netcall,3 sept 2026,11,915660850,915660850Empty,5299,Outbound,Portabilidad Postpago,EXPRESS,Logixtal,5023,CANCELADAS,Pendiente Entrega,Pendiente de Picking,NET_AEREYES,SIM,3 sept 2026,null,null,No,CANCELADAS,2026-09-03 11:22:56,Monolínea,Mono_item,La Libertad,null,null,null
Netcall,2 sept 2026,13,915290576,9152905768170640698009,9283,Outbound,Portabilidad Postpago,EXPRESS,Logixtal,5023,CANCELADAS,Cancelado,ERROR EN CSV,NET_JIYASHAMAR,SIM,2 sept 2026,null,null,No,CANCELADAS,2026-09-02 13:22:50,Monolínea,Mono_item,La Libertad,null,null,Power 59.90 N
Netcall,2 sept 2026,10,915227074,9152270748170010484616,9271,Outbound,Portabilidad Postpago,EXPRESS,Logixtal,5023,CANCELADAS,Cancelado,ERROR EN CSV,NET_CBARRIOSP,SIM,2 sept 2026,null,null,No,CANCELADAS,2026-09-02 10:02:36,Multilínea,Mono_item,La Libertad,null,null,Power ilim 69.90 N
Netcall,1 sept 2026,13,914841180,9148411808166045670238,9283,Outbound,Portabilidad Postpago,PROGRAMADO,Logixtal,5023,ABIERTAS,Pendiente Entrega,Pendiente Entrega,NET_ACASTROS,SIM,3 sept 2026,null,null,No,ABIERTAS,null,Monolínea,Mono_item,La Libertad,null,null,Power 59.90 N
Netcall,2 sept 2026,14,915312294,9153122948170875128824,9283,Outbound,Venta Regular / Alta,PROGRAMADO,Logixtal,5023,ABIERTAS,Pendiente Entrega,Pendiente Entrega,NET_AJSANCHEZR,SIM,3 sept 2026,null,null,No,ABIERTAS,null,Multilínea,Multi_item,La Libertad,null,null,Power ilim 79.90 SD N
Netcall,2 sept 2026,14,915310789,9153107898170856532761,9283,Outbound,Portabilidad Postpago,PROGRAMADO,Logixtal,5023,ABIERTAS,Pendiente Entrega,Pendiente Entrega,NET_AJSANCHEZR,SIM,3 sept 2026,null,null,No,ABIERTAS,null,Multilínea,Mono_item,La Libertad,null,null,Power ilim 79.90 SD N
Netcall,2 sept 2026,14,915312294,9153122948170875128605,9283,Outbound,Venta Regular / Alta,PROGRAMADO,Logixtal,5023,ABIERTAS,Pendiente Entrega,Pendiente Entrega,NET_AJSANCHEZR,SIM,3 sept 2026,null,null,No,ABIERTAS,null,Multilínea,Multi_item,La Libertad,null,null,Power ilim 79.90 SD N
Netcall,2 sept 2026,13,915296816,9152968168170707015863,9283,Outbound,Portabilidad Postpago,EXPRESS,Logixtal,5023,CERRADAS,Entregado,Entregado,NET_MMORANM,SIM,2 sept 2026,2 sept 2026,null,No,CERRADAS,2026-09-03 03:36:48,Monolínea,Mono_item,La Libertad,null,Power ilim 79.90 SD N,Power ilim 79.90 SD N
Netcall,3 sept 2026,10,915633565,915633565Empty,9283,Outbound,Portabilidad Postpago,EXPRESS,Logixtal,5023,CANCELADAS,Pendiente Entrega,Pendiente de Picking,NET_ARAMOSR,SIM,3 sept 2026,null,null,No,CANCELADAS,2026-09-03 10:02:27,Multilínea,Mono_item,La Libertad,null,null,null
Netcall,1 sept 2026,15,914874480,9148744808166415229657,9283,Outbound,Portabilidad Postpago,PROGRAMADO,Logixtal,5023,CERRADAS,Entregado,Entregado,TLV_NET_KARANDA,SIM,2 sept 2026,2 sept 2026,null,No,CERRADAS,2026-09-03 01:34:12,Monolínea,Mono_item,La Libertad,null,Power ilim 79.90 SD N,Power ilim 79.90 SD N
Netcall,1 sept 2026,9,914768706,9147687068165319001218,9283,Outbound,Portabilidad Postpago,EXPRESS,Logixtal,5023,CANCELADAS,Cancelado,ERROR EN CSV,NET_JIYASHAMAR,SIM,1 sept 2026,null,null,No,CANCELADAS,2026-09-01 09:29:21,Monolínea,Mono_item,La Libertad,null,null,Power 59.90 N
Netcall,2 sept 2026,10,915228161,9152281618170021185171,9283,Outbound,Portabilidad Postpago,EXPRESS,Logixtal,5023,CERRADAS,Entregado,Entregado,NET_LCALDERONC,SIM,2 sept 2026,2 sept 2026,null,No,CERRADAS,2026-09-03 01:56:40,Monolínea,Mono_item,La Libertad,null,Power ilim 69.90 N,Power ilim 69.90 N
Netcall,2 sept 2026,14,915312294,9153122948170875128386,9283,Outbound,Venta Regular / Alta,PROGRAMADO,Logixtal,5023,ABIERTAS,Pendiente Entrega,Pendiente Entrega,NET_AJSANCHEZR,SIM,3 sept 2026,null,null,No,ABIERTAS,null,Multilínea,Multi_item,La Libertad,null,null,Power ilim 79.90 SD N
Netcall,3 sept 2026,10,915641920,915641920Empty,9283,Outbound,Portabilidad Postpago,EXPRESS,Logixtal,5023,CANCELADAS,Pendiente Entrega,Pendiente de Picking,NET_CBIELICHR,SIM,3 sept 2026,null,null,No,CANCELADAS,2026-09-03 10:28:57,Multilínea,Mono_item,La Libertad,null,null,null
Netcall,1 sept 2026,16,914890176,9148901768166577662418,9271,Outbound,Portabilidad Postpago,EXPRESS,Logixtal,5023,CANCELADAS,Cancelado,ERROR EN CSV,NET_CBARRIOSP,SIM,1 sept 2026,null,null,No,CANCELADAS,2026-09-01 16:22:43,Monolínea,Mono_item,La Libertad,null,null,Power ilim 69.90 N
Netcall,1 sept 2026,11,914796790,9147967908165591165850,9283,Outbound,Portabilidad Postpago,EXPRESS,Logixtal,5023,CERRADAS,Entregado,Entregado,NET_MROLDANM,SIM,1 sept 2026,1 sept 2026,02/09/2026,Sí,CERRADAS,2026-09-02 00:49:06,Multilínea,Multi_item,La Libertad,39.95,null,Power ilim 79.90 SD N
Netcall,1 sept 2026,15,914871542,9148715428166371385420,9283,Outbound,Venta Regular / Alta,EXPRESS,Logixtal,5023,CERRADAS,Entregado,Entregado,NET_VJAUREGUIM,SIM,1 sept 2026,1 sept 2026,01/09/2026,Sí,CERRADAS,2026-09-01 18:32:09,Monolínea,Mono_item,La Libertad,39.95,Power ilim 79.90 SD N,Power ilim 79.90 SD N
Netcall,2 sept 2026,12,915273686,9152736868170463281291,9283,Outbound,Portabilidad Postpago,EXPRESS,Logixtal,5023,ABIERTAS,Pendiente Entrega,Pendiente Entrega,NET_SPALACIOSA,SIM,2 sept 2026,null,null,No,ABIERTAS,null,Monolínea,Mono_item,La Libertad,null,null,Power 59.90 N
Netcall,3 sept 2026,9,915631924,91563192489511710111068680962,9283,Outbound,Portabilidad Postpago,EXPRESS,Logixtal,5023,ABIERTAS,Entregado,Entregado,NET_MFERRER,SIM,3 sept 2026,null,null,No,ABIERTAS,null,Monolínea,Mono_item,La Libertad,null,null,null
Netcall,3 sept 2026,10,915651745,91565174589511710111073969442,9283,Outbound,Portabilidad Postpago,EXPRESS,Logixtal,9001,ABIERTAS,Entregado,Entregado,NET_MROLDANM,SIM,3 sept 2026,null,null,No,ABIERTAS,null,Monolínea,Mono_item,Lima - Callao,null,null,null
Netcall,2 sept 2026,15,915316173,9153161738170915862111,9283,Outbound,Portabilidad Postpago,PROGRAMADO,Logixtal,9001,ABIERTAS,Pendiente Entrega,Pendiente Entrega,NET_RCARDENASH,SIM,3 sept 2026,null,null,No,ABIERTAS,null,Multilínea,Mono_item,Lima - Callao,null,null,Power ilim 79.90 SD N
Netcall,2 sept 2026,11,915256905,9152569058170295618052,9283,Outbound,Portabilidad Postpago,EXPRESS,Logixtal,9001,ABIERTAS,Pendiente Entrega,Pendiente Entrega,TLV_NET_YAQUINO,SIM,2 sept 2026,null,null,No,ABIERTAS,null,Monolínea,Mono_item,Lima - Callao,null,null,Power 59.90 N
Netcall,2 sept 2026,10,915237353,9152373538170107064842,9283,Outbound,Portabilidad Postpago,EXPRESS,Logixtal,9001,CANCELADAS,Anulado,DIRECCIÓN ERRADA,TLV_NET_RSORIAH,SIM,2 sept 2026,null,null,No,CANCELADAS,2026-09-02 12:12:50,Multilínea,Mono_item,Lima - Callao,null,null,Power 59.90 N
Netcall,2 sept 2026,12,915276114,9152761148170498985830,9283,Outbound,Portabilidad Postpago,EXPRESS,Logixtal,9001,ABIERTAS,Pendiente Entrega,Pendiente Entrega,NET_LFLORESY,SIM,2 sept 2026,null,null,No,ABIERTAS,null,Monolínea,Mono_item,Lima - Callao,null,null,Power ilim 79.90 SD N
Netcall,2 sept 2026,11,915252417,915252417,9283,Outbound,Portabilidad Postpago,EXPRESS,Logixtal,9001,CERRADAS,Entregado,Entregado,NET_PYGARCIAG,SIM,2 sept 2026,2 sept 2026,null,No,CERRADAS,2026-09-03 00:38:23,Monolínea,Mono_item,Lima - Callao,null,Power ilim 69.90 N,null
Netcall,3 sept 2026,10,915650389,91565038989511710111071196436,9283,Outbound,Portabilidad Postpago,EXPRESS,Logixtal,9001,ABIERTAS,Entregado,Entregado,NET_DVALVERDEM,SIM,3 sept 2026,null,null,No,ABIERTAS,null,Monolínea,Mono_item,Lima - Callao,null,null,null
Netcall,3 sept 2026,9,915628804,91562880489511710111071196410,9283,Outbound,Portabilidad Postpago,EXPRESS,Logixtal,9001,ABIERTAS,Entregado,Entregado,NET_BZUASNABARF,SIM,3 sept 2026,null,null,No,ABIERTAS,null,Monolínea,Mono_item,Lima - Callao,null,null,null
Netcall,1 sept 2026,10,914780751,9147807518165434166344,9283,Outbound,Portabilidad Postpago,EXPRESS,Logixtal,9001,CERRADAS,Entregado,Entregado,NET_SINGAC,SIM,1 sept 2026,1 sept 2026,02/09/2026,Sí,CERRADAS,2026-09-02 00:47:52,Monolínea,Mono_item,Lima - Callao,34.95,Power ilim 69.90 N,Power ilim 69.90 N
Netcall,3 sept 2026,12,915684747,915684747Empty,9283,Outbound,Portabilidad Postpago,PROGRAMADO,Logixtal,9001,ABIERTAS,Pendiente Entrega,Pendiente de Picking,NET_JYPEREZV,SIM,4 sept 2026,null,null,No,ABIERTAS,null,Monolínea,Mono_item,Lima - Callao,null,null,null
Netcall,3 sept 2026,11,915666702,915666702Empty,9283,Outbound,Portabilidad Postpago,PROGRAMADO,Logixtal,9001,ABIERTAS,Pendiente Entrega,Pendiente de Picking,NET_NCANCHOP,SIM,4 sept 2026,null,null,No,ABIERTAS,null,Monolínea,Mono_item,Lima - Callao,null,null,null
Netcall,2 sept 2026,16,915349924,9153499248171264284920,9283,Outbound,Portabilidad Postpago,PROGRAMADO,Logixtal,9001,ABIERTAS,Pendiente Entrega,Pendiente Entrega,NET_GCABALLEROB,SIM,3 sept 2026,null,null,No,ABIERTAS,null,Monolínea,Mono_item,Lima - Callao,null,null,Power ilim 79.90 SD N
Netcall,1 sept 2026,11,914799235,9147992358165608346263,9283,Outbound,Portabilidad Postpago,EXPRESS,Logixtal,9001,CANCELADAS,Anulado,DIRECCIÓN ERRADA,TLV_NET_FVALQUI,SIM,1 sept 2026,null,null,No,CANCELADAS,2026-09-01 14:46:54,Monolínea,Mono_item,Lima - Callao,null,null,Power ilim 69.90 N
Netcall,1 sept 2026,10,914787343,9147873438165492761867,9271,Outbound,Portabilidad Postpago,EXPRESS,Logixtal,9001,CANCELADAS,Anulado,PIN PORTA_NO VALIDO,NET_LGOMEZA,SIM,1 sept 2026,null,null,No,CANCELADAS,2026-09-01 19:09:01,Monolínea,Mono_item,Lima - Callao,null,null,Power ilim 69.90 N
Netcall,2 sept 2026,13,915289397,9152893978170626777357,9283,Outbound,Portabilidad Postpago,PROGRAMADO,Logixtal,9001,ABIERTAS,Pendiente Entrega,Pendiente Entrega,TLV_NET_RSORIAH,SIM,3 sept 2026,null,null,No,ABIERTAS,null,Multilínea,Mono_item,Lima - Callao,null,null,Power 59.90 N
Netcall,3 sept 2026,9,915633082,91563308289511710111071196428,9271,Outbound,Portabilidad Postpago,EXPRESS,Logixtal,9001,ABIERTAS,Pendiente Entrega,Pendiente de Picking,NET_YPAREDESG,SIM,3 sept 2026,null,null,No,ABIERTAS,null,Monolínea,Mono_item,Lima - Callao,null,null,null
Netcall,2 sept 2026,14,915314244,9153142448170891394508,9283,Outbound,Portabilidad Postpago,PROGRAMADO,Logixtal,9001,ABIERTAS,Pendiente Entrega,Pendiente Entrega,NET_RCARDENASH,SIM,3 sept 2026,null,null,No,ABIERTAS,null,Multilínea,Mono_item,Lima - Callao,null,null,Power ilim 79.90 SD N
Netcall,2 sept 2026,13,915288680,9152886808170617433818,9283,Outbound,Portabilidad Postpago,PROGRAMADO,Logixtal,9001,ABIERTAS,Pendiente Entrega,Pendiente Entrega,NET_KSOLORZANOV,SIM,3 sept 2026,null,null,No,ABIERTAS,null,Monolínea,Mono_item,Lima - Callao,null,null,Power ilim 69.90 N
Netcall,2 sept 2026,11,915254981,915254981,9283,Outbound,Portabilidad Postpago,EXPRESS,Logixtal,9001,CERRADAS,Entregado,Entregado,NET_SLIZARDOPER,SIM,2 sept 2026,2 sept 2026,null,No,CERRADAS,2026-09-03 00:27:37,Monolínea,Mono_item,Lima - Callao,null,Power 59.90 N,null
Netcall,2 sept 2026,11,915257498,9152574988170300745449,9271,Outbound,Venta Regular / Alta,EXPRESS,Logixtal,9001,CERRADAS,Entregado,Entregado,NET_MCHAVEZV,SIM,2 sept 2026,2 sept 2026,02/09/2026,Sí,CERRADAS,2026-09-02 15:59:59,Multilínea,Mono_item,Lima - Callao,39.95,Power ilim 79.90 SD N,Power ilim 79.90 SD N
Netcall,3 sept 2026,6,915572672,91557267289511710111073799112,9283,Outbound,Portabilidad Postpago,EXPRESS,Logixtal,9001,ABIERTAS,Entregado,Entregado,NET_LFLORESY,SIM,3 sept 2026,null,null,No,ABIERTAS,null,Monolínea,Mono_item,Lima - Callao,null,null,null
Netcall,2 sept 2026,14,915304476,9153044768170794609554,9283,Outbound,Portabilidad Postpago,PROGRAMADO,Logixtal,9001,ABIERTAS,Pendiente Entrega,Pendiente Entrega,TLV_NET_LSANCHA,SIM,3 sept 2026,null,null,No,ABIERTAS,null,Monolínea,Mono_item,Lima - Callao,null,null,Power ilim 79.90 SD N
Netcall,1 sept 2026,16,914892254,9148922548166596855826,9283,Outbound,Portabilidad Postpago,PROGRAMADO,Logixtal,9001,CANCELADAS,Anulado,CLIENTE DESISTE - NO BRINDA MOTIVOS,NET_KCEVEDONB,SIM,2 sept 2026,null,null,No,CANCELADAS,2026-09-02 21:05:24,Monolínea,Mono_item,Lima - Callao,null,null,Power ilim 79.90 SD N
Netcall,2 sept 2026,9,915216631,9152166318169904499423,9283,Outbound,Portabilidad Postpago,PROGRAMADO,Logixtal,9001,ABIERTAS,Pendiente Entrega,Pendiente Entrega,NET_GHERRERAG,SIM,3 sept 2026,null,null,No,ABIERTAS,null,Monolínea,Mono_item,Lima - Callao,null,null,Power ilim 69.90 N
Netcall,2 sept 2026,11,915245820,9152458208170187715676,9283,Outbound,Portabilidad Postpago,EXPRESS,Logixtal,9001,CERRADAS,Entregado,Entregado,NET_SLIZARDOPER,SIM,2 sept 2026,2 sept 2026,null,No,CERRADAS,2026-09-03 01:49:19,Monolínea,Mono_item,Lima - Callao,null,Power 59.90 N,Power 59.90 N
Netcall,3 sept 2026,9,915621818,91562181889511710111073799294,9283,Outbound,Portabilidad Postpago,EXPRESS,Logixtal,9001,ABIERTAS,Entregado,Entregado,NET_EZAPATAC,SIM,3 sept 2026,null,null,No,ABIERTAS,null,Monolínea,Mono_item,Lima - Callao,null,null,null
Netcall,1 sept 2026,10,914786327,9147863278165490682863,9283,Outbound,Portabilidad Prepago,EXPRESS,Logixtal,9001,CERRADAS,Entregado,Entregado,TLV_NET_KARANDA,SIM,1 sept 2026,1 sept 2026,02/09/2026,Sí,CERRADAS,2026-09-02 02:02:34,Monolínea,Mono_item,Lima - Callao,39.95,Power ilim 79.90 SD N,Power ilim 79.90 SD N
Netcall,2 sept 2026,17,915357105,9153571058171344743236,9283,Outbound,Portabilidad Postpago,PROGRAMADO,Logixtal,9001,ABIERTAS,No bop,No bop,NET_PCHAVESTAY,SIM,4 sept 2026,null,null,No,ABIERTAS,null,Monolínea,Mono_item,Lima - Callao,null,null,Power ilim 79.90 SD N
Netcall,1 sept 2026,10,914779753,9147797538165424105463,9283,Outbound,Portabilidad Postpago,EXPRESS,Logixtal,9001,CERRADAS,Entregado,Entregado,NET_JSIADEN,SIM,1 sept 2026,1 sept 2026,02/09/2026,Sí,CERRADAS,2026-09-02 01:39:43,Monolínea,Mono_item,Lima - Callao,34.95,Power ilim 69.90 N,Power ilim 69.90 N
Netcall,2 sept 2026,11,915255126,9152551268170289610952,9271,Outbound,Portabilidad Postpago,EXPRESS,Logixtal,9001,CERRADAS,Entregado,Entregado,NET_MCHAVEZV,SIM,2 sept 2026,2 sept 2026,null,No,CERRADAS,2026-09-03 01:06:03,Multilínea,Mono_item,Lima - Callao,null,Power ilim 79.90 SD N,Power ilim 79.90 SD N
Netcall,3 sept 2026,12,915681146,91568114689511710101047108425,9283,Outbound,Portabilidad Postpago,EXPRESS,Logixtal,5021,ABIERTAS,Pendiente Entrega,Pendiente de Picking,NET_STAVARALIVI,SIM,3 sept 2026,null,null,No,ABIERTAS,null,Monolínea,Mono_item,Piura,null,null,null
Netcall,1 sept 2026,10,914787587,9147875878165493165853,9283,Outbound,Portabilidad Postpago,EXPRESS,Logixtal,5021,CERRADAS,Entregado,Entregado,NET_YNEYRAM,SIM,1 sept 2026,1 sept 2026,02/09/2026,Sí,CERRADAS,2026-09-02 03:17:22,Monolínea,Mono_item,Piura,29.95,Power 59.90 N,Power 59.90 N
Netcall,1 sept 2026,9,914764854,9147648548165286215509,9283,Outbound,Portabilidad Postpago,EXPRESS,Logixtal,5021,CERRADAS,Entregado,Entregado,NET_GHERRERAG,SIM,1 sept 2026,1 sept 2026,02/09/2026,Sí,CERRADAS,2026-09-02 00:58:20,Monolínea,Mono_item,Piura,29.95,Power 59.90 N,Power 59.90 N
Netcall,1 sept 2026,12,914822445,9148224458165846102779,9283,Outbound,Portabilidad Postpago,EXPRESS,Logixtal,5021,CERRADAS,Entregado,Entregado,NET_AYBECERRAS,SIM,1 sept 2026,1 sept 2026,02/09/2026,Sí,CERRADAS,2026-09-02 00:35:56,Monolínea,Mono_item,Piura,39.95,Power ilim 79.90 SD N,Power ilim 79.90 SD N
Netcall,3 sept 2026,13,915709016,91570901689511710101047128043,9283,Outbound,Portabilidad Postpago,EXPRESS,Logixtal,5021,ABIERTAS,Entregado,Entregado,NET_LOPEZDI,SIM,3 sept 2026,null,null,No,ABIERTAS,null,Monolínea,Mono_item,Piura,null,null,null
Netcall,3 sept 2026,14,915715088,915715088Empty,9283,Outbound,Portabilidad Postpago,EXPRESS,Logixtal,5021,ABIERTAS,Pendiente Entrega,Pendiente de Picking,TLV_NET_ALANDAS,SIM,3 sept 2026,null,null,No,ABIERTAS,null,Monolínea,Mono_item,Piura,null,null,null
Netcall,1 sept 2026,13,914840710,9148407108166033819233,9283,Outbound,Portabilidad Postpago,EXPRESS,Logixtal,5021,CANCELADAS,Anulado,CLIENTE YA NO DESEA PRODUCTO,NET_GSANCHEZO,SIM,1 sept 2026,null,null,No,CANCELADAS,2026-09-02 17:32:08,Monolínea,Mono_item,Piura,null,null,Power 59.90 N
Netcall,3 sept 2026,13,915702443,91570244389511710111070539560,9283,Outbound,Portabilidad Postpago,EXPRESS,Logixtal,5021,ABIERTAS,Pendiente Entrega,Pendiente de Picking,NET_SBENITESL,SIM,3 sept 2026,null,null,No,ABIERTAS,null,Monolínea,Mono_item,Piura,null,null,null
Netcall,3 sept 2026,14,915714982,91571498289511710101047108474,9283,Outbound,Venta Regular / Alta,EXPRESS,Logixtal,5021,ABIERTAS,Entregado,Entregado,NET_RMRAMIREZ,SIM,3 sept 2026,null,null,No,ABIERTAS,null,Monolínea,Mono_item,Piura,null,null,null
Netcall,3 sept 2026,11,915662164,91566216489511710111068564851,9283,Outbound,Portabilidad Postpago,EXPRESS,Logixtal,5021,ABIERTAS,Entregado,Entregado,NET_ACORDOVAS,SIM,3 sept 2026,null,null,No,ABIERTAS,null,Multilínea,Mono_item,Piura,null,null,null
Netcall,1 sept 2026,11,914804256,9148042568165665289537,9283,Outbound,Portabilidad Postpago,PROGRAMADO,Logixtal,5021,CERRADAS,Entregado,Entregado,NET_SDIAZO,SIM,2 sept 2026,2 sept 2026,null,No,CERRADAS,2026-09-03 01:42:09,Monolínea,Mono_item,Piura,null,Power ilim 79.90 SD N,Power ilim 79.90 SD N
Netcall,1 sept 2026,11,914812883,9148128838165752495846,9283,Outbound,Portabilidad Postpago,EXPRESS,Logixtal,5021,CERRADAS,Entregado,Entregado,NET_OSANCHEZP,SIM,1 sept 2026,1 sept 2026,02/09/2026,Sí,CERRADAS,2026-09-02 00:37:00,Monolínea,Mono_item,Piura,29.95,Power 59.90 N,Power 59.90 N
Netcall,2 sept 2026,11,915258385,9152583858170308086351,9271,Outbound,Portabilidad Postpago,PROGRAMADO,Logixtal,5021,ABIERTAS,Pendiente Entrega,Pendiente Entrega,NET_SVELASQUEZL,SIM,4 sept 2026,null,null,No,ABIERTAS,null,Monolínea,Mono_item,Piura,null,null,Power 59.90 N
Netcall,2 sept 2026,10,915243967,915243967,9283,Outbound,Portabilidad Postpago,EXPRESS,Logixtal,5021,CERRADAS,Entregado,Entregado,TLV_NET_SFERNAN,SIM,2 sept 2026,2 sept 2026,null,No,CERRADAS,2026-09-03 00:29:36,Monolínea,Mono_item,Piura,null,Power 59.90 N,null
Netcall,2 sept 2026,11,915249939,9152499398170226017479,9283,Outbound,Portabilidad Postpago,EXPRESS,Logixtal,5021,ABIERTAS,Pendiente Entrega,Pendiente Entrega,NET_NSANTAMARIS,SIM,2 sept 2026,null,null,No,ABIERTAS,null,Monolínea,Mono_item,Piura,null,null,Power 59.90 N
Netcall,2 sept 2026,10,915232366,9152323668170059329572,9283,Outbound,Portabilidad Postpago,PROGRAMADO,Logixtal,5021,ABIERTAS,Pendiente Entrega,Pendiente Entrega,NET_AMORALEST,SIM,3 sept 2026,null,null,No,ABIERTAS,null,Multilínea,Multi_item,Piura,null,null,Power ilim 79.90 SD N
Netcall,2 sept 2026,10,915232366,9152323668170059329791,9283,Outbound,Portabilidad Postpago,PROGRAMADO,Logixtal,5021,ABIERTAS,Pendiente Entrega,Pendiente Entrega,NET_AMORALEST,SIM,3 sept 2026,null,null,No,ABIERTAS,null,Multilínea,Multi_item,Piura,null,null,Power ilim 79.90 SD N
Netcall,1 sept 2026,13,914852974,9148529748166174759487,9283,Outbound,Portabilidad Postpago,EXPRESS,Logixtal,5021,CANCELADAS,Anulado,CLIENTE YA NO DESEA PRODUCTO,NET_RGUTIERREZS,SIM,1 sept 2026,null,null,No,CANCELADAS,2026-09-02 17:25:28,Monolínea,Mono_item,Piura,null,null,Power ilim 79.90 SD N
Netcall,3 sept 2026,11,915664392,91566439289511710111068564869,9283,Outbound,Portabilidad Postpago,EXPRESS,Logixtal,5021,ABIERTAS,Entregado,Entregado,NET_ACORDOVAS,SIM,3 sept 2026,null,null,No,ABIERTAS,null,Multilínea,Mono_item,Piura,null,null,null
Netcall,3 sept 2026,12,915682520,915682520Empty,9283,Outbound,Portabilidad Postpago,RETIRO EN TIENDA,Retiro en tienda,3073,ABIERTAS,Pendiente Entrega,Pendiente Entrega,NET_RNUNEZH,SIM,3 sept 2026,null,null,No,ABIERTAS,null,Monolínea,Mono_item,Amazonas,null,null,null
Netcall,3 sept 2026,12,915684846,915684846Empty,9271,Outbound,Portabilidad Postpago,RETIRO EN TIENDA,Retiro en tienda,3073,ABIERTAS,Pendiente Entrega,Pendiente Entrega,NET_KESCORZAC,SIM,3 sept 2026,null,null,No,ABIERTAS,null,Multilínea,Mono_item,Amazonas,null,null,null
Netcall,2 sept 2026,13,915287709,9152877098170615689506,9283,Outbound,Portabilidad Postpago,RETIRO EN TIENDA,Retiro en tienda,3073,CANCELADAS,Cancelado,Cancelado,NET_RFIGUEROAR,SIM,2 sept 2026,null,null,No,CANCELADAS,2026-09-02 14:00:43,Monolínea,Mono_item,Amazonas,null,null,Power 59.90 N
Netcall,2 sept 2026,10,915236385,9152363858170094069191,9283,Outbound,Portabilidad Postpago,RETIRO EN TIENDA,Retiro en tienda,3073,ABIERTAS,Pendiente Entrega,Pendiente Entrega,NET_MJQUISPEM,SIM,2 sept 2026,null,null,No,ABIERTAS,null,Monolínea,Mono_item,Amazonas,null,null,Power ilim 79.90 SD N
Netcall,1 sept 2026,12,914828398,9148283988165912364269,9271,Outbound,Portabilidad Postpago,RETIRO EN TIENDA,Retiro en tienda,3073,ABIERTAS,Pendiente Entrega,Pendiente Entrega,NET_RALVAREZV,SIM,1 sept 2026,null,null,No,ABIERTAS,null,Monolínea,Mono_item,Amazonas,null,null,Power ilim 79.90 SD N
Netcall,3 sept 2026,12,915682597,915682597Empty,9271,Outbound,Venta Regular / Alta,RETIRO EN TIENDA,Retiro en tienda,3073,ABIERTAS,Pendiente Entrega,Pendiente Entrega,NET_KESCORZAC,SIM,3 sept 2026,null,null,No,ABIERTAS,null,Multilínea,Mono_item,Amazonas,null,null,null
Netcall,3 sept 2026,12,915677438,91567743889511710101045236038,9283,Outbound,Portabilidad Postpago,EXPRESS,Retiro en tienda,5302,ABIERTAS,Pendiente Entrega,Pendiente Entrega,NET_EZEVALLOSZ,SIM,3 sept 2026,null,null,No,ABIERTAS,null,Monolínea,Mono_item,Tumbes,null,null,null
Netcall,2 sept 2026,15,915316741,915316741,9283,Outbound,Portabilidad Postpago,EXPRESS,Logixtal,5302,CERRADAS,Entregado,Entregado,NET_AYROJASS,SIM,2 sept 2026,2 sept 2026,null,No,CERRADAS,2026-09-03 00:28:01,Monolínea,Mono_item,Tumbes,null,Power ilim 69.90 N,null
Netcall,2 sept 2026,9,915218858,9152188588169925146246,9283,Outbound,Portabilidad Postpago,EXPRESS,Logixtal,5302,CERRADAS,Entregado,Entregado,NET_SBENITESL,SIM,2 sept 2026,2 sept 2026,null,No,CERRADAS,2026-09-03 00:43:24,Monolínea,Mono_item,Tumbes,null,Power ilim 79.90 SD N,Power ilim 79.90 SD N
Netcall,2 sept 2026,11,915250404,9152504048170230802075,9271,Outbound,Portabilidad Postpago,EXPRESS,Logixtal,5302,CERRADAS,Entregado,Entregado,NET_SNIMAG,SIM,2 sept 2026,2 sept 2026,null,No,CERRADAS,2026-09-03 02:00:56,Monolínea,Mono_item,Tumbes,null,Power ilim 79.90 SD N,Power ilim 79.90 SD N
Netcall,3 sept 2026,14,915721348,915721348Empty,9283,Outbound,Portabilidad Postpago,EXPRESS,Retiro en tienda,5302,ABIERTAS,Pendiente Entrega,Pendiente Entrega,NET_LTELLOC,SIM,3 sept 2026,null,null,No,ABIERTAS,null,Monolínea,Mono_item,Tumbes,null,null,null
Netcall,2 sept 2026,16,915345365,9153453658171218039237,9283,Outbound,Portabilidad Postpago,RETIRO EN TIENDA,Retiro en tienda,7249,ABIERTAS,Pendiente Entrega,Pendiente Entrega,NET_EZEVALLOSZ,SIM,2 sept 2026,null,null,No,ABIERTAS,null,Monolínea,Mono_item,Tumbes,null,null,Power ilim 69.90 N
Netcall,2 sept 2026,18,915385391,9153853918171637113669,9283,Outbound,Portabilidad Postpago,PROGRAMADO,Logixtal,5302,ABIERTAS,Pendiente Entrega,Pendiente Entrega,NET_KEMENDOZAJ,SIM,3 sept 2026,null,null,No,ABIERTAS,null,Multilínea,Multi_item,Tumbes,null,null,Power ilim 79.90 SD N
Netcall,2 sept 2026,9,915226227,9152262278170001008912,9283,Outbound,Portabilidad Postpago,EXPRESS,Logixtal,5302,CERRADAS,Entregado,Entregado,NET_RCASTANEDAR,SIM,2 sept 2026,2 sept 2026,null,No,CERRADAS,2026-09-03 01:50:21,Monolínea,Mono_item,Tumbes,null,Power ilim 69.90 N,Power ilim 69.90 N
Netcall,3 sept 2026,14,915716872,915716872Empty,5299,Outbound,Portabilidad Postpago,EXPRESS,Retiro en tienda,5302,ABIERTAS,Pendiente Entrega,Pendiente Entrega,NET_MCORDOVACRU,SIM,3 sept 2026,null,null,No,ABIERTAS,null,Monolínea,Mono_item,Tumbes,null,null,null
Netcall,2 sept 2026,18,915385391,9153853918171637113450,9283,Outbound,Portabilidad Postpago,PROGRAMADO,Logixtal,5302,ABIERTAS,Pendiente Entrega,Pendiente Entrega,NET_KEMENDOZAJ,SIM,3 sept 2026,null,null,No,ABIERTAS,null,Multilínea,Multi_item,Tumbes,null,null,Power ilim 79.90 SD N
Netcall,2 sept 2026,18,915382250,9153822508171593761074,9283,Outbound,Portabilidad Postpago,PROGRAMADO,Logixtal,5024,ABIERTAS,No bop,No bop,NET_CPINOG,SIM,9 sept 2026,null,null,No,ABIERTAS,null,Monolínea,Mono_item,Lambayeque,null,null,Power 59.90 N
Netcall,1 sept 2026,10,914778614,9147786148165412408255,9283,Outbound,Portabilidad Postpago,PROGRAMADO,Logixtal,5024,ABIERTAS,Anulado,FALTA DE REFERENCIA DIRECCION,NET_RMRAMIREZ,SIM,2 sept 2026,null,null,No,ABIERTAS,null,Monolínea,Mono_item,Lambayeque,null,null,Power 39.90 N
Netcall,2 sept 2026,9,915222772,9152227728169965763735,9283,Outbound,Portabilidad Postpago,PROGRAMADO,Logixtal,5024,ABIERTAS,Pendiente Entrega,Pendiente Entrega,NET_YVEGASA,SIM,9 sept 2026,null,null,No,ABIERTAS,null,Monolínea,Mono_item,Lambayeque,null,null,Power ilim 69.90 N
Netcall,1 sept 2026,12,914830479,9148304798165929442833,9283,Outbound,Venta Regular / Alta,PROGRAMADO,Logixtal,5024,ABIERTAS,Pendiente Entrega,Pendiente Entrega,NET_CBIELICHR,SIM,3 sept 2026,null,null,No,ABIERTAS,null,Monolínea,Mono_item,Lambayeque,null,null,Power ilim 79.90 SD N
Netcall,2 sept 2026,7,915144446,9151444468169391757728,9283,Outbound,Portabilidad Postpago,EXPRESS,Logixtal,5023,CERRADAS,Entregado,Entregado,NET_EZEVALLOSZ,SIM,2 sept 2026,2 sept 2026,null,No,CERRADAS,2026-09-03 03:28:55,Multilínea,Mono_item,La Libertad,null,Power ilim 79.90 SD N,Power ilim 79.90 SD N
Netcall,1 sept 2026,16,914896800,9148968008166650792365,9283,Outbound,Portabilidad Postpago,RETIRO EN TIENDA,Retiro en tienda,3221,CERRADAS,Entregado,Entregado,NET_YMILLA,SIM,1 sept 2026,1 sept 2026,02/09/2026,Sí,CERRADAS,2026-09-02 01:54:43,Monolínea,Mono_item,La Libertad,34.95,Power ilim 69.90 N,Power ilim 69.90 N
Netcall,2 sept 2026,7,915138964,9151389648169355711913,9283,Outbound,Portabilidad Postpago,EXPRESS,Logixtal,5023,CANCELADAS,Anulado,PIN PORTA_CLIENTE RECHAZA,NET_EZEVALLOSZ,SIM,2 sept 2026,null,null,No,CANCELADAS,2026-09-02 11:51:22,Multilínea,Mono_item,La Libertad,null,null,Power ilim 79.90 SD N
Netcall,1 sept 2026,10,914781912,9147819128165450236509,9283,Outbound,Portabilidad Postpago,RETIRO EN TIENDA,Retiro en tienda,3043,CANCELADAS,Cancelado,Cancelado,NET_YCASTILLOO,SIM,1 sept 2026,null,null,No,CANCELADAS,2026-09-01 11:12:24,Multilínea,Mono_item,La Libertad,null,null,Power 59.90 N
Netcall,2 sept 2026,17,915362029,9153620298171393876531,9283,Outbound,Portabilidad Postpago,PROGRAMADO,Logixtal,5023,ABIERTAS,Pendiente Entrega,Pendiente Entrega,NET_SPEREZR,SIM,3 sept 2026,null,null,No,ABIERTAS,null,Monolínea,Mono_item,La Libertad,null,null,Power 59.90 N
Netcall,3 sept 2026,13,915704041,91570404189511710111068682414,5299,Outbound,Portabilidad Postpago,EXPRESS,Logixtal,5023,ABIERTAS,Pendiente Entrega,Pendiente de Picking,NET_JBOZAC,SIM,3 sept 2026,null,null,No,ABIERTAS,null,Monolínea,Mono_item,La Libertad,null,null,null
Netcall,1 sept 2026,16,914884806,9148848068166522702800,9283,Outbound,Portabilidad Postpago,PROGRAMADO,Logixtal,5023,ABIERTAS,Pendiente Entrega,Pendiente Entrega,NET_KGCORTEZP,SIM,2 sept 2026,null,null,No,ABIERTAS,null,Monolínea,Mono_item,La Libertad,null,null,Power ilim 79.90 SD N
Netcall,1 sept 2026,17,914919044,9149190448166891851484,9283,Outbound,Portabilidad Postpago,PROGRAMADO,Logixtal,5023,CERRADAS,Entregado,Entregado,NET_RURBINAG,SIM,2 sept 2026,2 sept 2026,null,No,CERRADAS,2026-09-03 00:45:39,Multilínea,Mono_item,La Libertad,null,Power ilim 79.90 SD N,Power ilim 79.90 SD N
Netcall,2 sept 2026,9,915214783,9152147838169885500289,9283,Outbound,Portabilidad Postpago,EXPRESS,Logixtal,5023,CERRADAS,Entregado,Entregado,TLV_NET_DCASTIA,SIM,2 sept 2026,2 sept 2026,null,No,CERRADAS,2026-09-03 01:15:48,Monolínea,Mono_item,La Libertad,null,Power ilim 79.90 SD N,Power ilim 79.90 SD N
Netcall,2 sept 2026,14,915314453,9153144538170892446204,9283,Outbound,Portabilidad Postpago,PROGRAMADO,Logixtal,5023,ABIERTAS,Pendiente Entrega,Pendiente Entrega,NET_KARAUJOC,SIM,3 sept 2026,null,null,No,ABIERTAS,null,Monolínea,Mono_item,La Libertad,null,null,Power ilim 79.90 SD N
Netcall,1 sept 2026,9,914769422,9147694228165329478129,9283,Outbound,Portabilidad Postpago,EXPRESS,Logixtal,5023,CERRADAS,Entregado,Entregado,NET_VMEJIAC,SIM,1 sept 2026,1 sept 2026,02/09/2026,Sí,CERRADAS,2026-09-02 01:01:48,Multilínea,Mono_item,La Libertad,39.95,Power ilim 79.90 SD N,Power ilim 79.90 SD N
Netcall,3 sept 2026,9,915627692,91562769289511710111068572466,9283,Outbound,Portabilidad Postpago,EXPRESS,Logixtal,5023,ABIERTAS,Pendiente Entrega,Pendiente de Picking,NET_VMEJIAC,SIM,3 sept 2026,null,null,No,ABIERTAS,null,Multilínea,Mono_item,La Libertad,null,null,null
Netcall,3 sept 2026,9,915626493,91562649389511710121058012852,9283,Outbound,Portabilidad Postpago,EXPRESS,Logixtal,5023,ABIERTAS,Entregado,Entregado,NET_VMEJIAC,SIM,3 sept 2026,null,null,No,ABIERTAS,null,Multilínea,Mono_item,La Libertad,null,null,null
Netcall,1 sept 2026,14,914857024,9148570248166220421979,9283,Outbound,Portabilidad Postpago,PROGRAMADO,Logixtal,5023,CERRADAS,Entregado,Entregado,NET_EVALDIVIEZO,SIM,2 sept 2026,2 sept 2026,null,No,CERRADAS,2026-09-03 01:56:48,Monolínea,Mono_item,La Libertad,null,Power ilim 69.90 N,Power ilim 69.90 N
Netcall,3 sept 2026,13,915707043,91570704389511710111071756056,9283,Outbound,Venta Regular / Alta,PROGRAMADO,Logixtal,5023,ABIERTAS,Pendiente Entrega,Pendiente de Picking,NET_JCHAVEZC,SIM,4 sept 2026,null,null,No,ABIERTAS,null,Multilínea,Mono_item,La Libertad,null,null,null
Netcall,1 sept 2026,10,914784578,9147845788165467630860,9283,Outbound,Portabilidad Postpago,RETIRO EN TIENDA,Retiro en tienda,3043,CANCELADAS,Cancelado,Cancelado,NET_YCASTILLOO,SIM,1 sept 2026,null,null,No,CANCELADAS,2026-09-01 11:28:54,Multilínea,Mono_item,La Libertad,null,null,Power 59.90 N
Netcall,3 sept 2026,11,915658428,91565842889511710111068572458,9283,Outbound,Portabilidad Postpago,EXPRESS,Logixtal,5023,ABIERTAS,Entregado,Entregado,NET_LMUSAYONS,SIM,3 sept 2026,null,null,No,ABIERTAS,null,Monolínea,Mono_item,La Libertad,null,null,null
Netcall,3 sept 2026,9,915627196,91562719689511710121058039111,9283,Outbound,Portabilidad Postpago,EXPRESS,Logixtal,5023,ABIERTAS,Entregado,Entregado,NET_VMEJIAC,SIM,3 sept 2026,null,null,No,ABIERTAS,null,Multilínea,Mono_item,La Libertad,null,null,null
Netcall,1 sept 2026,15,914881821,9148818218166489892594,9283,Outbound,Portabilidad Postpago,RETIRO EN TIENDA,Retiro en tienda,1027,CERRADAS,Entregado,Entregado,NET_JIYASHAMAR,SIM,1 sept 2026,1 sept 2026,02/09/2026,Sí,CERRADAS,2026-09-02 01:27:43,Multilínea,Mono_item,La Libertad,19.95,Power ilim 79.90 SD N,Power ilim 79.90 SD N
Netcall,1 sept 2026,16,914885044,9148850448166524098900,9283,Outbound,Portabilidad Postpago,RETIRO EN TIENDA,Retiro en tienda,1027,CERRADAS,Entregado,Entregado,NET_JIYASHAMAR,SIM,1 sept 2026,1 sept 2026,02/09/2026,Sí,CERRADAS,2026-09-02 01:39:55,Multilínea,Mono_item,La Libertad,39.95,Power ilim 79.90 SD N,Power ilim 79.90 SD N
Netcall,3 sept 2026,13,915704252,915704252Empty,9283,Outbound,Portabilidad Postpago,EXPRESS,Logixtal,5023,ABIERTAS,Pendiente Entrega,Pendiente de Picking,NET_JCHAVEZC,SIM,4 sept 2026,null,null,No,ABIERTAS,null,Multilínea,Mono_item,La Libertad,null,null,null
Netcall,1 sept 2026,18,914924793,9149247938166952322104,9283,Outbound,Portabilidad Postpago,RETIRO EN TIENDA,Retiro en tienda,3043,CERRADAS,Entregado,Entregado,NET_GSANCHEZO,SIM,1 sept 2026,1 sept 2026,02/09/2026,Sí,CERRADAS,2026-09-02 01:42:48,Monolínea,Mono_item,La Libertad,29.95,Power 59.90 N,Power 59.90 N
Netcall,2 sept 2026,10,915233849,9152338498170070637781,9283,Outbound,Portabilidad Postpago,EXPRESS,Logixtal,5023,CERRADAS,Entregado,Entregado,NET_LRUIZH,SIM,2 sept 2026,2 sept 2026,null,No,CERRADAS,2026-09-03 01:32:07,Multilínea,Mono_item,La Libertad,null,Power ilim 79.90 SD N,Power ilim 79.90 SD N
Netcall,1 sept 2026,9,914771083,9147710838165341953613,9283,Outbound,Portabilidad Postpago,EXPRESS,Logixtal,5023,CERRADAS,Entregado,Entregado,NET_VMEJIAC,SIM,1 sept 2026,1 sept 2026,02/09/2026,Sí,CERRADAS,2026-09-02 01:51:04,Multilínea,Mono_item,La Libertad,19.95,Power ilim 79.90 SD N,Power ilim 79.90 SD N
Netcall,2 sept 2026,10,915230971,9152309718170043430864,9283,Outbound,Portabilidad Postpago,EXPRESS,Logixtal,5023,CERRADAS,Entregado,Entregado,NET_LRUIZH,SIM,2 sept 2026,2 sept 2026,null,No,CERRADAS,2026-09-03 01:43:12,Multilínea,Mono_item,La Libertad,null,Power ilim 79.90 SD N,Power ilim 79.90 SD N
Netcall,1 sept 2026,17,914917215,9149172158166880515037,9283,Outbound,Portabilidad Postpago,PROGRAMADO,Logixtal,5023,CERRADAS,Entregado,Entregado,NET_RURBINAG,SIM,2 sept 2026,2 sept 2026,null,No,CERRADAS,2026-09-03 01:46:33,Multilínea,Mono_item,La Libertad,null,Power ilim 79.90 SD N,Power ilim 79.90 SD N
Netcall,3 sept 2026,14,915727185,915727185Empty,9283,Outbound,Portabilidad Postpago,PROGRAMADO,Logixtal,5023,ABIERTAS,Pendiente Entrega,Pendiente de Picking,NET_SPALACIOSA,SIM,4 sept 2026,null,null,No,ABIERTAS,null,Monolínea,Mono_item,La Libertad,null,null,null
Netcall,2 sept 2026,9,915219318,915219318,9283,Outbound,Portabilidad Postpago,EXPRESS,Logixtal,5023,CERRADAS,Entregado,Entregado,NET_KZAVALETAZ,SIM,2 sept 2026,2 sept 2026,null,No,CERRADAS,2026-09-03 00:17:03,Monolínea,Mono_item,La Libertad,null,Power 59.90 N,null
Netcall,1 sept 2026,14,914866657,9148666578166318679922,9283,Outbound,Portabilidad Postpago,RETIRO EN TIENDA,Retiro en tienda,3043,CERRADAS,Entregado,Entregado,NET_YCASTILLOO,SIM,1 sept 2026,1 sept 2026,02/09/2026,Sí,CERRADAS,2026-09-02 00:07:43,Multilínea,Mono_item,La Libertad,29.95,Power 59.90 N,Power 59.90 N
Netcall,1 sept 2026,9,914770362,9147703628165338082870,9283,Outbound,Portabilidad Postpago,EXPRESS,Logixtal,5023,CERRADAS,Entregado,Entregado,NET_VMEJIAC,SIM,1 sept 2026,1 sept 2026,02/09/2026,Sí,CERRADAS,2026-09-02 01:14:58,Multilínea,Mono_item,La Libertad,19.95,Power ilim 79.90 SD N,Power ilim 79.90 SD N
Netcall,1 sept 2026,10,914788192,9147881928165505826490,9283,Outbound,Portabilidad Postpago,EXPRESS,Logixtal,5023,CERRADAS,Entregado,Entregado,NET_DHUAYACGONZ,SIM,1 sept 2026,1 sept 2026,02/09/2026,Sí,CERRADAS,2026-09-02 02:04:22,Monolínea,Mono_item,La Libertad,29.95,Power 59.90 N,Power 59.90 N
Netcall,3 sept 2026,13,915706334,91570633489511710111071756080,9271,Outbound,Portabilidad Postpago,PROGRAMADO,Logixtal,5023,ABIERTAS,Pendiente Entrega,Pendiente de Picking,NET_KPARRAGUEZG,SIM,4 sept 2026,null,null,No,ABIERTAS,null,Monolínea,Mono_item,La Libertad,null,null,null
Netcall,1 sept 2026,14,914865734,9148657348166307574980,9283,Outbound,Portabilidad Postpago,RETIRO EN TIENDA,Retiro en tienda,3043,CERRADAS,Entregado,Entregado,NET_YCASTILLOO,SIM,1 sept 2026,1 sept 2026,02/09/2026,Sí,CERRADAS,2026-09-02 01:34:50,Multilínea,Mono_item,La Libertad,19.95,Power 59.90 N,Power 59.90 N
Netcall,2 sept 2026,10,915232084,9152320848170052874580,9283,Outbound,Portabilidad Postpago,EXPRESS,Logixtal,5023,CERRADAS,Entregado,Entregado,NET_LRUIZH,SIM,2 sept 2026,2 sept 2026,null,No,CERRADAS,2026-09-03 00:56:51,Multilínea,Mono_item,La Libertad,null,Power ilim 79.90 SD N,Power ilim 79.90 SD N
Netcall,3 sept 2026,12,915681183,91568118389511710111071785881,9283,Outbound,Portabilidad Postpago,EXPRESS,Logixtal,5023,ABIERTAS,Entregado,Entregado,NET_SINGAC,SIM,3 sept 2026,null,null,No,ABIERTAS,null,Monolínea,Mono_item,La Libertad,null,null,null
Netcall,1 sept 2026,11,914808010,9148080108165701712804,9271,Outbound,Portabilidad Postpago,PROGRAMADO,Logixtal,5023,CANCELADAS,Anulado,CLIENTE SE ENCUENTRA DE VIAJE,NET_BATOP,SIM,2 sept 2026,null,null,No,CANCELADAS,2026-09-02 10:45:40,Monolínea,Mono_item,La Libertad,null,null,Power ilim 79.90 SD N
Netcall,2 sept 2026,13,915284144,9152841448170573735779,9283,Outbound,Portabilidad Postpago,PROGRAMADO,Logixtal,5023,ABIERTAS,Pendiente Entrega,Pendiente Entrega,NET_DMORENOL,SIM,3 sept 2026,null,null,No,ABIERTAS,null,Monolínea,Mono_item,La Libertad,null,null,Power 59.90 N
Netcall,1 sept 2026,8,914737811,9147378118165087329458,9283,Outbound,Portabilidad Postpago,EXPRESS,Logixtal,5023,CERRADAS,Entregado,Entregado,NET_LOPEZDI,SIM,1 sept 2026,1 sept 2026,02/09/2026,Sí,CERRADAS,2026-09-02 00:43:18,Multilínea,Mono_item,La Libertad,19.95,Power ilim 79.90 SD N,Power ilim 79.90 SD N
Netcall,1 sept 2026,16,914895021,9148950218166631369564,9283,Outbound,Portabilidad Postpago,RETIRO EN TIENDA,Retiro en tienda,3043,CERRADAS,Entregado,Entregado,NET_TBECERRAC,SIM,1 sept 2026,1 sept 2026,02/09/2026,Sí,CERRADAS,2026-09-02 01:17:46,Monolínea,Mono_item,La Libertad,29.95,Power 59.90 N,Power 59.90 N
Netcall,1 sept 2026,9,914766682,9147666828165303370793,9283,Outbound,Portabilidad Prepago,EXPRESS,Logixtal,5023,CERRADAS,Entregado,Entregado,NET_LRUIZH,SIM,1 sept 2026,1 sept 2026,02/09/2026,Sí,CERRADAS,2026-09-02 00:15:00,Monolínea,Mono_item,La Libertad,29.95,Power 59.90 N,Power 59.90 N
Netcall,3 sept 2026,12,915686463,915686463Empty,9283,Outbound,Portabilidad Postpago,RETIRO EN TIENDA,Retiro en tienda,3043,ABIERTAS,Pendiente Entrega,Pendiente Entrega,TLV_NET_MCHAMBI,SIM,3 sept 2026,null,null,No,ABIERTAS,null,Monolínea,Mono_item,La Libertad,null,null,null
Netcall,2 sept 2026,18,915377347,9153773478171550574154,9283,Outbound,Portabilidad Postpago,PROGRAMADO,Logixtal,5023,ABIERTAS,Pendiente Entrega,Pendiente Entrega,NET_ARIVERA,SIM,3 sept 2026,null,null,No,ABIERTAS,null,Multilínea,Mono_item,La Libertad,null,null,Power ilim 79.90 SD N
Netcall,2 sept 2026,18,915376300,9153763008171535591319,9283,Outbound,Portabilidad Postpago,PROGRAMADO,Logixtal,5023,ABIERTAS,Pendiente Entrega,Pendiente Entrega,NET_ARIVERA,SIM,3 sept 2026,null,null,No,ABIERTAS,null,Multilínea,Mono_item,La Libertad,null,null,Power ilim 79.90 SD N
Netcall,2 sept 2026,7,915137351,9151373518169345345235,9283,Outbound,Portabilidad Postpago,EXPRESS,Logixtal,5023,CERRADAS,Entregado,Entregado,NET_EZEVALLOSZ,SIM,2 sept 2026,2 sept 2026,null,No,CERRADAS,2026-09-03 00:41:13,Multilínea,Mono_item,La Libertad,null,Power ilim 79.90 SD N,Power ilim 79.90 SD N
Netcall,1 sept 2026,8,914735914,9147359148165080685502,9283,Outbound,Portabilidad Postpago,EXPRESS,Logixtal,5023,CERRADAS,Entregado,Entregado,NET_LOPEZDI,SIM,1 sept 2026,1 sept 2026,02/09/2026,Sí,CERRADAS,2026-09-02 01:56:59,Multilínea,Mono_item,La Libertad,39.95,Power ilim 79.90 SD N,Power ilim 79.90 SD N
Netcall,3 sept 2026,11,915662130,91566213089511710111071785840,9283,Outbound,Portabilidad Postpago,EXPRESS,Logixtal,5023,ABIERTAS,Entregado,Entregado,NET_SSALAZARV,SIM,3 sept 2026,null,null,No,ABIERTAS,null,Monolínea,Mono_item,La Libertad,null,null,null
Netcall,2 sept 2026,9,915223150,915223150,9283,Outbound,Portabilidad Postpago,EXPRESS,Logixtal,5023,CERRADAS,Entregado,Entregado,NET_CGARCIAC,SIM,2 sept 2026,2 sept 2026,null,No,CERRADAS,2026-09-03 00:17:28,Monolínea,Mono_item,La Libertad,null,Power ilim 69.90 N,null
Netcall,2 sept 2026,8,915201550,9152015508169794704056,9283,Outbound,Portabilidad Postpago,PROGRAMADO,Logixtal,5022,ABIERTAS,No bop,No bop,NET_MFERRER,SIM,5 sept 2026,null,null,No,ABIERTAS,null,Multilínea,Multi_item,Arequipa,null,null,Power ilim 79.90 SD N
Netcall,2 sept 2026,8,915201550,9152015508169794704275,9283,Outbound,Portabilidad Postpago,PROGRAMADO,Logixtal,5022,ABIERTAS,No bop,No bop,NET_MFERRER,SIM,5 sept 2026,null,null,No,ABIERTAS,null,Multilínea,Multi_item,Arequipa,null,null,Power ilim 79.90 SD N
Netcall,1 sept 2026,19,914947851,9149478518167186957645,9283,Outbound,Portabilidad Postpago,RETIRO EN TIENDA,Retiro en tienda,3138,ABIERTAS,Pendiente Entrega,Pendiente Entrega,NET_DVALVERDEM,SIM,1 sept 2026,null,null,No,ABIERTAS,null,Multilínea,Mono_item,Junin,null,null,Power ilim 79.90 SD N
Netcall,2 sept 2026,12,915279629,9152796298170534431628,9283,Outbound,Portabilidad Postpago,RETIRO EN TIENDA,Retiro en tienda,3138,ABIERTAS,Pendiente Entrega,Pendiente Entrega,NET_JGUIOP,SIM,2 sept 2026,null,null,No,ABIERTAS,null,Monolínea,Mono_item,Junin,null,null,Power ilim 69.90 N
Netcall,2 sept 2026,8,915207882,915207882,9271,Outbound,Portabilidad Postpago,RETIRO EN TIENDA,Retiro en tienda,3138,CERRADAS,Entregado,Entregado,NET_BATOP,SIM,2 sept 2026,2 sept 2026,null,No,CERRADAS,2026-09-03 00:11:17,Monolínea,Mono_item,Junin,null,Power ilim 69.90 N,null
Netcall,2 sept 2026,8,915212287,9152122878169866950915,9283,Outbound,Portabilidad Postpago,RETIRO EN TIENDA,Retiro en tienda,3138,ABIERTAS,Pendiente Entrega,Pendiente Entrega,NET_DVALVERDEM,SIM,2 sept 2026,null,null,No,ABIERTAS,null,Monolínea,Mono_item,Junin,null,null,Power ilim 79.90 SD N
Netcall,1 sept 2026,18,914936020,9149360208167053686525,9283,Outbound,Portabilidad Postpago,RETIRO EN TIENDA,Retiro en tienda,3138,CANCELADAS,Cancelado,Cancelado,NET_DVALVERDEM,SIM,1 sept 2026,null,null,No,CANCELADAS,2026-09-01 18:46:21,Multilínea,Mono_item,Junin,null,null,Power ilim 79.90 SD N
Netcall,1 sept 2026,16,914893567,9148935678166616012197,9283,Outbound,Portabilidad Postpago,RETIRO EN TIENDA,Retiro en tienda,3138,CERRADAS,Entregado,Entregado,NET_SSALAZARV,SIM,1 sept 2026,2 sept 2026,null,No,CERRADAS,2026-09-03 00:53:46,Multilínea,Mono_item,Junin,null,Power ilim 79.90 SD N,Power ilim 79.90 SD N
Netcall,1 sept 2026,19,914948678,9149486788167193176452,9283,Outbound,Portabilidad Postpago,RETIRO EN TIENDA,Retiro en tienda,3138,ABIERTAS,Pendiente Entrega,Pendiente Entrega,NET_DVALVERDEM,SIM,1 sept 2026,null,null,No,ABIERTAS,null,Multilínea,Mono_item,Junin,null,null,Power ilim 79.90 SD N
Netcall,1 sept 2026,16,914894790,914894790,9283,Outbound,Portabilidad Postpago,RETIRO EN TIENDA,Retiro en tienda,3138,CERRADAS,Entregado,Entregado,NET_SSALAZARV,SIM,1 sept 2026,2 sept 2026,null,No,CERRADAS,2026-09-03 00:29:37,Multilínea,Mono_item,Junin,null,Power ilim 79.90 SD N,null
Netcall,2 sept 2026,6,915136867,9151368678169337905534,9283,Outbound,Portabilidad Postpago,EXPRESS,Logixtal,9352,CERRADAS,Entregado,Entregado,NET_SLAZOB,SIM,2 sept 2026,2 sept 2026,null,No,CERRADAS,2026-09-03 00:52:41,Monolínea,Mono_item,San Martin,null,Power 59.90 N,Power 59.90 N
Netcall,3 sept 2026,10,915634626,91563462689511710101051104773,9283,Outbound,Portabilidad Postpago,EXPRESS,Retiro en tienda,9352,ABIERTAS,Entregado,Entregado,NET_LCALDERONC,SIM,3 sept 2026,null,null,No,ABIERTAS,null,Monolínea,Mono_item,San Martin,null,null,null
Netcall,2 sept 2026,14,915313444,915313444,9283,Outbound,Portabilidad Postpago,EXPRESS,Logixtal,9352,CERRADAS,Entregado,Entregado,NET_BYAUYOD,SIM,2 sept 2026,2 sept 2026,null,No,CERRADAS,2026-09-03 00:27:07,Monolínea,Mono_item,San Martin,null,Power 59.90 N,null
Netcall,2 sept 2026,14,915305683,9153056838170805399497,9283,Outbound,Portabilidad Postpago,EXPRESS,Logixtal,9352,CERRADAS,Entregado,Entregado,TLV_NET_DCABEZU,SIM,2 sept 2026,2 sept 2026,null,No,CERRADAS,2026-09-03 01:27:34,Monolínea,Mono_item,San Martin,null,Power 59.90 N,Power 59.90 N
Netcall,2 sept 2026,11,915260480,9152604808170334561607,9283,Outbound,Portabilidad Postpago,PROGRAMADO,Logixtal,9352,ABIERTAS,Pendiente Entrega,Pendiente Entrega,NET_SPALACIOSA,SIM,3 sept 2026,null,null,No,ABIERTAS,null,Multilínea,Multi_item,San Martin,null,null,Power ilim 79.90 SD N
Netcall,2 sept 2026,16,915346896,9153468968171231224688,9283,Outbound,Portabilidad Postpago,EXPRESS,Logixtal,9352,CERRADAS,Entregado,Entregado,NET_GCABALLEROB,SIM,2 sept 2026,2 sept 2026,null,No,CERRADAS,2026-09-03 02:00:13,Monolínea,Mono_item,San Martin,null,Power ilim 79.90 SD N,Power ilim 79.90 SD N
Netcall,1 sept 2026,16,914883967,9148839678166514898054,9283,Outbound,Portabilidad Postpago,EXPRESS,Logixtal,9352,CANCELADAS,Anulado,CLIENTE YA NO DESEA PRODUCTO,NET_AMENDOZAV,SIM,1 sept 2026,null,null,No,CANCELADAS,2026-09-02 17:27:21,Multilínea,Multi_item,San Martin,null,null,Power ilim 79.90 SD N
Netcall,2 sept 2026,11,915260480,9152604808170334561826,9283,Outbound,Portabilidad Postpago,PROGRAMADO,Logixtal,9352,ABIERTAS,Pendiente Entrega,Pendiente Entrega,NET_SPALACIOSA,SIM,3 sept 2026,null,null,No,ABIERTAS,null,Multilínea,Multi_item,San Martin,null,null,Power ilim 79.90 SD N
Netcall,1 sept 2026,12,914827422,9148274228165895937868,9283,Outbound,Portabilidad Postpago,EXPRESS,Logixtal,9352,CERRADAS,Entregado,Entregado,NET_RMRAMIREZ,SIM,1 sept 2026,1 sept 2026,02/09/2026,Sí,CERRADAS,2026-09-02 01:08:59,Monolínea,Mono_item,San Martin,29.95,Power 59.90 N,Power 59.90 N
Netcall,1 sept 2026,9,914768823,9147688238165321806022,9283,Outbound,Portabilidad Postpago,EXPRESS,Logixtal,9352,CANCELADAS,Anulado,PIN PORTA_NO VALIDO,NET_MROJASS,SIM,1 sept 2026,null,null,No,CANCELADAS,2026-09-01 17:43:03,Monolínea,Mono_item,San Martin,null,null,Power ilim 69.90 N
Netcall,1 sept 2026,12,914818680,9148186808165808093903,9283,Outbound,Portabilidad Postpago,EXPRESS,Logixtal,9352,CANCELADAS,Anulado,CLIENTE DESISTE - INFORMACIÓN INCORRECTA,TLV_NET_LVILLLA,SIM,1 sept 2026,null,null,No,CANCELADAS,2026-09-01 16:00:47,Monolínea,Mono_item,San Martin,null,null,Power ilim 69.90 N
Netcall,1 sept 2026,10,914784543,9147845438165467577682,9283,Outbound,Portabilidad Postpago,EXPRESS,Logixtal,9352,CERRADAS,Entregado,Entregado,NET_AYROJASS,SIM,1 sept 2026,1 sept 2026,02/09/2026,Sí,CERRADAS,2026-09-02 00:21:24,Monolínea,Mono_item,San Martin,29.95,Power 59.90 N,Power 59.90 N
Netcall,1 sept 2026,16,914883967,9148839678166514886835,9283,Outbound,Portabilidad Postpago,EXPRESS,Logixtal,9352,CANCELADAS,Anulado,CLIENTE YA NO DESEA PRODUCTO,NET_AMENDOZAV,SIM,1 sept 2026,null,null,No,CANCELADAS,2026-09-02 17:27:21,Multilínea,Multi_item,San Martin,null,null,Power ilim 79.90 SD N
Netcall,2 sept 2026,12,915275155,9152751558170477296275,9283,Outbound,Portabilidad Postpago,EXPRESS,Logixtal,9352,CERRADAS,Entregado,Entregado,NET_LMANRIQUED,SIM,2 sept 2026,2 sept 2026,null,No,CERRADAS,2026-09-03 01:07:41,Monolínea,Mono_item,San Martin,null,Power ilim 79.90 SD N,Power ilim 79.90 SD N
Netcall,1 sept 2026,16,914883967,9148839678166514898273,9283,Outbound,Portabilidad Postpago,EXPRESS,Logixtal,9352,CANCELADAS,Anulado,CLIENTE YA NO DESEA PRODUCTO,NET_AMENDOZAV,SIM,1 sept 2026,null,null,No,CANCELADAS,2026-09-02 17:27:21,Multilínea,Multi_item,San Martin,null,null,Power ilim 79.90 SD N
Netcall,1 sept 2026,16,914883967,9148839678166514898492,9283,Outbound,Portabilidad Postpago,EXPRESS,Logixtal,9352,CANCELADAS,Anulado,CLIENTE YA NO DESEA PRODUCTO,NET_AMENDOZAV,SIM,1 sept 2026,null,null,No,CANCELADAS,2026-09-02 17:27:21,Multilínea,Multi_item,San Martin,null,null,Power ilim 79.90 SD N
Netcall,1 sept 2026,11,914812620,9148126208165746769715,9283,Outbound,Venta Regular / Alta,RETIRO EN TIENDA,Retiro en tienda,7119,CERRADAS,Entregado,Entregado,TLV_NET_LMONTED,SIM,1 sept 2026,1 sept 2026,01/09/2026,Sí,CERRADAS,2026-09-01 12:39:59,Monolínea,Mono_item,Madre De Dios,79.9,Power ilim 79.90 SD N,Power ilim 79.90 SD N
Netcall,1 sept 2026,14,914856399,9148563998166208671126,9283,Outbound,Venta Regular / Alta,EXPRESS,Logixtal,9347,CERRADAS,Entregado,Entregado,NET_LMANRIQUED,SIM,1 sept 2026,2 sept 2026,02/09/2026,Sí,CERRADAS,2026-09-02 16:58:15,Multilínea,Mono_item,Madre De Dios,29.95,Power 59.90 N,Power 59.90 N
Netcall,2 sept 2026,9,915224620,9152246208169984934781,9283,Outbound,Portabilidad Postpago,EXPRESS,Logixtal,9347,CERRADAS,Entregado,Entregado,NET_SINGAC,SIM,2 sept 2026,2 sept 2026,null,No,CERRADAS,2026-09-03 00:56:17,Monolínea,Mono_item,Madre De Dios,null,Power ilim 79.90 SD N,Power ilim 79.90 SD N
Netcall,2 sept 2026,8,915203115,9152031158169803329727,9283,Outbound,Portabilidad Postpago,RETIRO EN TIENDA,Retiro en tienda,7119,ABIERTAS,Pendiente Entrega,Pendiente Entrega,NET_JSIADEN,SIM,2 sept 2026,null,null,No,ABIERTAS,null,Multilínea,Multi_item,Madre De Dios,null,null,Power ilim 79.90 SD N
Netcall,1 sept 2026,14,914858238,9148582388166232391333,9283,Outbound,Portabilidad Postpago,EXPRESS,Logixtal,9347,CERRADAS,Entregado,Entregado,NET_LMANRIQUED,SIM,1 sept 2026,2 sept 2026,null,No,CERRADAS,2026-09-03 00:57:27,Multilínea,Mono_item,Madre De Dios,null,Power 59.90 N,Power 59.90 N
Netcall,2 sept 2026,10,915241869,9152418698170151251368,5299,Outbound,Venta Regular / Alta,EXPRESS,Logixtal,9347,CERRADAS,Entregado,Entregado,NET_JBOZAC,SIM,2 sept 2026,2 sept 2026,02/09/2026,Sí,CERRADAS,2026-09-02 16:51:38,Monolínea,Mono_item,Madre De Dios,39.9,Power 39.90 N,Power 39.90 N
Netcall,3 sept 2026,12,915690865,915690865Empty,9283,Outbound,Portabilidad Postpago,RETIRO EN TIENDA,Retiro en tienda,7119,ABIERTAS,Pendiente Entrega,Pendiente Entrega,NET_IMOGOLLONC,SIM,3 sept 2026,null,null,No,ABIERTAS,null,Monolínea,Mono_item,Madre De Dios,null,null,null
Netcall,2 sept 2026,8,915203115,9152031158169803329508,9283,Outbound,Portabilidad Postpago,RETIRO EN TIENDA,Retiro en tienda,7119,ABIERTAS,Pendiente Entrega,Pendiente Entrega,NET_JSIADEN,SIM,2 sept 2026,null,null,No,ABIERTAS,null,Multilínea,Multi_item,Madre De Dios,null,null,Power ilim 79.90 SD N
Netcall,2 sept 2026,17,915369587,9153695878171471430684,9283,Outbound,Portabilidad Postpago,PROGRAMADO,Logixtal,9347,ABIERTAS,Pendiente Entrega,Pendiente Entrega,NET_CMENESESV,SIM,3 sept 2026,null,null,No,ABIERTAS,null,Monolínea,Mono_item,Madre De Dios,null,null,Power 59.90 N
Netcall,3 sept 2026,10,915640886,915640886Empty,9271,Outbound,Portabilidad Postpago,RETIRO EN TIENDA,Retiro en tienda,7119,ABIERTAS,Pendiente Entrega,Pendiente Entrega,NET_BATOP,SIM,3 sept 2026,null,null,No,ABIERTAS,null,Monolínea,Mono_item,Madre De Dios,null,null,null
Netcall,3 sept 2026,13,915694211,91569421189511710111070529439,9283,Outbound,Portabilidad Postpago,PROGRAMADO,Logixtal,5021,ABIERTAS,Pendiente Entrega,Pendiente de Picking,NET_SLIZARDOPER,SIM,7 sept 2026,null,null,No,ABIERTAS,null,Monolínea,Mono_item,Piura,null,null,null
Netcall,2 sept 2026,12,915272230,9152722308170447419843,9283,Outbound,Portabilidad Postpago,PROGRAMADO,Logixtal,5021,ABIERTAS,Pendiente Entrega,Pendiente Entrega,NET_MROJASS,SIM,7 sept 2026,null,null,No,ABIERTAS,null,Monolínea,Mono_item,Piura,null,null,Power ilim 69.90 N
Netcall,1 sept 2026,14,914854577,9148545778166183744529,9283,Outbound,Venta Regular / Alta,EXPRESS,Logixtal,9348,CERRADAS,Entregado,Entregado,NET_RMRAMIREZ,SIM,1 sept 2026,1 sept 2026,01/09/2026,Sí,CERRADAS,2026-09-01 16:24:32,Multilínea,Mono_item,Tacna,39.9,Power 39.90 N,Power 39.90 N
Netcall,1 sept 2026,12,914834890,9148348908165972527533,9271,Outbound,Portabilidad Postpago,RETIRO EN TIENDA,Retiro en tienda,1025,CERRADAS,Entregado,Entregado,NET_EPARDOG,SIM,1 sept 2026,1 sept 2026,02/09/2026,Sí,CERRADAS,2026-09-02 01:56:56,Monolínea,Mono_item,Tacna,29.95,Power 59.90 N,Power 59.90 N
Netcall,3 sept 2026,12,915691490,91569149089511710111069172548,9283,Outbound,Portabilidad Postpago,EXPRESS,Retiro en tienda,9348,ABIERTAS,Pendiente Entrega,Pendiente Entrega,NET_ACREGALADO,SIM,3 sept 2026,null,null,No,ABIERTAS,null,Monolínea,Mono_item,Tacna,null,null,null
Netcall,3 sept 2026,12,915682887,915682887Empty,9283,Outbound,Portabilidad Postpago,RETIRO EN TIENDA,Retiro en tienda,1025,ABIERTAS,Pendiente Entrega,Pendiente Entrega,NET_LCALDERONC,SIM,3 sept 2026,null,null,No,ABIERTAS,null,Monolínea,Mono_item,Tacna,null,null,null
Netcall,1 sept 2026,8,914729335,9147293358165027978165,9283,Outbound,Portabilidad Postpago,EXPRESS,Logixtal,9348,CERRADAS,Entregado,Entregado,NET_TANCHANTEG,SIM,1 sept 2026,1 sept 2026,02/09/2026,Sí,CERRADAS,2026-09-02 01:58:27,Monolínea,Mono_item,Tacna,29.95,Power 59.90 N,Power 59.90 N
Netcall,1 sept 2026,14,914855526,9148555268166198953217,9283,Outbound,Venta Regular / Alta,EXPRESS,Logixtal,9348,CERRADAS,Entregado,Entregado,NET_RMRAMIREZ,SIM,1 sept 2026,1 sept 2026,01/09/2026,Sí,CERRADAS,2026-09-01 16:25:52,Multilínea,Mono_item,Tacna,39.9,Power 39.90 N,Power 39.90 N
Netcall,3 sept 2026,14,915716920,91571692089511710111069172506,9283,Outbound,Portabilidad Postpago,EXPRESS,Retiro en tienda,9348,ABIERTAS,Pendiente Entrega,Pendiente Entrega,TLV_NET_MMURGAF,SIM,3 sept 2026,null,null,No,ABIERTAS,null,Monolínea,Mono_item,Tacna,null,null,null
Netcall,2 sept 2026,10,915236798,915236798,9283,Outbound,Portabilidad Postpago,EXPRESS,Logixtal,9348,CERRADAS,Entregado,Entregado,TLV_NET_MMURGAF,SIM,2 sept 2026,2 sept 2026,null,No,CERRADAS,2026-09-03 00:15:18,Monolínea,Mono_item,Tacna,null,Power ilim 69.90 N,null
Netcall,3 sept 2026,13,915701105,91570110589511710111069172530,9283,Outbound,Portabilidad Postpago,EXPRESS,Retiro en tienda,9348,ABIERTAS,Pendiente Entrega,Pendiente Entrega,NET_OTACOM,SIM,3 sept 2026,null,null,No,ABIERTAS,null,Monolínea,Mono_item,Tacna,null,null,null
Netcall,2 sept 2026,9,915216871,915216871,9283,Outbound,Portabilidad Postpago,EXPRESS,Logixtal,9348,CERRADAS,Entregado,Entregado,NET_ATUMEH,SIM,2 sept 2026,2 sept 2026,null,No,CERRADAS,2026-09-03 00:32:59,Multilínea,Mono_item,Tacna,null,Power ilim 79.90 SD N,null
Netcall,1 sept 2026,10,914795588,9147955888165573675178,9283,Outbound,Portabilidad Postpago,EXPRESS,Logixtal,9348,CERRADAS,Entregado,Entregado,NET_CCURAYG,SIM,1 sept 2026,2 sept 2026,null,No,CERRADAS,2026-09-03 00:45:07,Monolínea,Mono_item,Tacna,null,Power ilim 69.90 N,Power ilim 69.90 N
Netcall,2 sept 2026,9,915218626,9152186268169918980656,9283,Outbound,Portabilidad Postpago,EXPRESS,Logixtal,9348,CERRADAS,Entregado,Entregado,NET_ATUMEH,SIM,2 sept 2026,2 sept 2026,null,No,CERRADAS,2026-09-03 02:01:02,Multilínea,Mono_item,Tacna,null,Power ilim 79.90 SD N,Power ilim 79.90 SD N
Netcall,3 sept 2026,11,915661934,915661934Empty,9283,Outbound,Portabilidad Postpago,RETIRO EN TIENDA,Retiro en tienda,1025,CANCELADAS,Cancelado,Cancelado,NET_JORTIZV,SIM,3 sept 2026,null,null,No,CANCELADAS,2026-09-03 12:22:47,Monolínea,Mono_item,Tacna,null,null,null
Netcall,2 sept 2026,9,915218052,915218052,9283,Outbound,Portabilidad Postpago,EXPRESS,Logixtal,9348,CERRADAS,Entregado,Entregado,NET_ATUMEH,SIM,2 sept 2026,2 sept 2026,null,No,CERRADAS,2026-09-03 00:21:20,Multilínea,Mono_item,Tacna,null,Power ilim 79.90 SD N,null
Netcall,1 sept 2026,10,914784691,9147846918165471500795,9283,Outbound,Portabilidad Postpago,EXPRESS,Logixtal,9348,CERRADAS,Entregado,Entregado,NET_OTACOM,SIM,1 sept 2026,1 sept 2026,02/09/2026,Sí,CERRADAS,2026-09-02 01:10:11,Monolínea,Mono_item,Tacna,39.95,Power ilim 79.90 SD N,Power ilim 79.90 SD N
Netcall,2 sept 2026,16,915342826,915342826,9283,Outbound,Portabilidad Postpago,RETIRO EN TIENDA,Retiro en tienda,1025,CERRADAS,Entregado,Entregado,TLV_NET_MMURGAF,SIM,2 sept 2026,2 sept 2026,null,No,CERRADAS,2026-09-03 00:34:49,Monolínea,Mono_item,Tacna,null,Power 59.90 N,null
Netcall,3 sept 2026,10,915643098,91564309889511710101029950604,9283,Outbound,Portabilidad Postpago,EXPRESS,Logixtal,9001,ABIERTAS,Entregado,Entregado,NET_RCASTANEDAR,SIM,3 sept 2026,null,null,No,ABIERTAS,null,Monolínea,Mono_item,Lima - Callao,null,null,null
Netcall,1 sept 2026,10,914793833,9147938338165561307722,9271,Outbound,Portabilidad Prepago,EXPRESS,Logixtal,9001,CERRADAS,Entregado,Entregado,NET_SCOVENASC,SIM,1 sept 2026,1 sept 2026,02/09/2026,Sí,CERRADAS,2026-09-02 01:00:17,Monolínea,Mono_item,Lima - Callao,29.95,Power 59.90 N,Power 59.90 N
Netcall,1 sept 2026,12,914834668,9148346688165968909957,9283,Outbound,Portabilidad Postpago,EXPRESS,Logixtal,9001,CERRADAS,Entregado,Entregado,NET_TDILAST,SIM,1 sept 2026,1 sept 2026,02/09/2026,Sí,CERRADAS,2026-09-02 02:02:59,Multilínea,Mono_item,Lima - Callao,19.95,Power ilim 79.90 SD N,Power ilim 79.90 SD N
Netcall,1 sept 2026,12,914833221,9148332218165957496785,9283,Outbound,Portabilidad Postpago,EXPRESS,Logixtal,9001,CERRADAS,Entregado,Entregado,NET_TDILAST,SIM,1 sept 2026,1 sept 2026,02/09/2026,Sí,CERRADAS,2026-09-02 00:17:52,Multilínea,Mono_item,Lima - Callao,39.95,Power ilim 79.90 SD N,Power ilim 79.90 SD N
Netcall,3 sept 2026,11,915655902,91565590289511710101029950620,9283,Outbound,Portabilidad Postpago,EXPRESS,Logixtal,9001,ABIERTAS,Entregado,Entregado,NET_YRUEDAMONDR,SIM,3 sept 2026,null,null,No,ABIERTAS,null,Monolínea,Mono_item,Lima - Callao,null,null,null
Netcall,3 sept 2026,14,915713933,91571393389511710111071521641,9283,Outbound,Portabilidad Postpago,EXPRESS,Logixtal,9001,ABIERTAS,Entregado,Entregado,NET_ACASTROS,SIM,3 sept 2026,null,null,No,ABIERTAS,null,Monolínea,Mono_item,Lima - Callao,null,null,null
Netcall,1 sept 2026,16,914897111,9148971118166653904122,9283,Outbound,Portabilidad Postpago,EXPRESS,Logixtal,9345,CERRADAS,Entregado,Entregado,NET_SLIZARDOPER,SIM,1 sept 2026,1 sept 2026,null,No,CERRADAS,2026-09-03 01:51:50,Monolínea,Mono_item,Ica,null,Power 59.90 N,Power 59.90 N
Netcall,3 sept 2026,11,915662623,91566262389511710111070519554,9283,Outbound,Portabilidad Postpago,PROGRAMADO,Logixtal,5021,ABIERTAS,Pendiente Entrega,Pendiente de Picking,NET_SDIAZO,SIM,4 sept 2026,null,null,No,ABIERTAS,null,Monolínea,Mono_item,Piura,null,null,null
Netcall,1 sept 2026,11,914801995,9148019958165640904173,9283,Outbound,Portabilidad Postpago,EXPRESS,Logixtal,5021,CERRADAS,Entregado,Entregado,NET_JCALDASB,SIM,1 sept 2026,1 sept 2026,02/09/2026,Sí,CERRADAS,2026-09-02 00:44:58,Monolínea,Mono_item,Piura,34.95,Power ilim 69.90 N,Power ilim 69.90 N
Netcall,1 sept 2026,13,914843656,9148436568166071225009,9271,Outbound,Portabilidad Postpago,EXPRESS,Logixtal,5021,CERRADAS,Entregado,Entregado,NET_KPARRAGUEZG,SIM,1 sept 2026,1 sept 2026,02/09/2026,Sí,CERRADAS,2026-09-02 00:29:12,Multilínea,Multi_item,Piura,39.95,Power ilim 79.90 SD N,Power ilim 79.90 SD N
Netcall,1 sept 2026,12,914824695,9148246958165868307533,9283,Outbound,Venta Regular / Alta,EXPRESS,Logixtal,5021,CERRADAS,Entregado,Entregado,TLV_NET_FVALQUI,SIM,1 sept 2026,1 sept 2026,01/09/2026,Sí,CERRADAS,2026-09-01 16:21:09,Monolínea,Mono_item,Piura,19.95,Power ilim 69.90 N,Power ilim 69.90 N
Netcall,1 sept 2026,13,914843656,9148436568166071204790,9271,Outbound,Portabilidad Postpago,EXPRESS,Logixtal,5021,CERRADAS,Entregado,Entregado,NET_KPARRAGUEZG,SIM,1 sept 2026,1 sept 2026,02/09/2026,Sí,CERRADAS,2026-09-02 00:29:12,Multilínea,Multi_item,Piura,19.95,Power ilim 79.90 SD N,Power ilim 79.90 SD N
Netcall,1 sept 2026,13,914845132,9148451328166085464026,9283,Outbound,Portabilidad Postpago,EXPRESS,Logixtal,5021,CERRADAS,Entregado,Entregado,NET_JCALDASB,SIM,1 sept 2026,1 sept 2026,02/09/2026,Sí,CERRADAS,2026-09-02 01:24:50,Monolínea,Mono_item,Piura,34.95,Power ilim 69.90 N,Power ilim 69.90 N
Netcall,1 sept 2026,16,914898071,9148980718166666443435,9283,Outbound,Portabilidad Postpago,EXPRESS,Logixtal,5021,CANCELADAS,Entregado,Entregado,NET_SBENITOV,SIM,1 sept 2026,1 sept 2026,null,No,CANCELADAS,2026-09-01 22:00:41,Monolínea,Mono_item,Piura,null,null,Power ilim 69.90 N
Netcall,1 sept 2026,11,914808507,9148085078165703408083,9283,Outbound,Portabilidad Postpago,RETIRO EN TIENDA,Retiro en tienda,3132,CERRADAS,Entregado,Entregado,NET_FRIVERAO,SIM,1 sept 2026,1 sept 2026,02/09/2026,Sí,CERRADAS,2026-09-02 00:14:37,Monolínea,Mono_item,Piura,39.95,Power ilim 79.90 SD N,Power ilim 79.90 SD N
Netcall,3 sept 2026,8,915599397,91559939789511710111070519430,9283,Outbound,Portabilidad Postpago,EXPRESS,Logixtal,5021,ABIERTAS,Entregado,Entregado,NET_EZEVALLOSZ,SIM,3 sept 2026,null,null,No,ABIERTAS,null,Monolínea,Mono_item,Piura,null,null,null
Netcall,1 sept 2026,11,914816928,9148169288165794570692,9283,Outbound,Portabilidad Postpago,EXPRESS,Logixtal,5021,CANCELADAS,Entregado,Entregado,NET_EZEVALLOSZ,SIM,1 sept 2026,1 sept 2026,null,No,CANCELADAS,2026-09-01 22:00:43,Multilínea,Mono_item,Piura,null,null,Power ilim 79.90 SD N
Netcall,2 sept 2026,13,915297023,9152970238170712032195,9283,Outbound,Portabilidad Postpago,EXPRESS,Logixtal,5021,CERRADAS,Entregado,Entregado,TLV_NET_APINTAD,SIM,2 sept 2026,2 sept 2026,null,No,CERRADAS,2026-09-03 00:45:04,Monolínea,Mono_item,Piura,null,Power ilim 79.90 SD N,Power ilim 79.90 SD N
Netcall,2 sept 2026,16,915349497,9153494978171261898004,9283,Outbound,Portabilidad Postpago,EXPRESS,Logixtal,5021,CERRADAS,Entregado,Entregado,NET_YCHAVEZ,SIM,2 sept 2026,2 sept 2026,null,No,CERRADAS,2026-09-03 01:29:11,Multilínea,Multi_item,Piura,null,Power ilim 79.90 SD N,Power ilim 79.90 SD N
Netcall,1 sept 2026,11,914815614,9148156148165778010040,9283,Outbound,Venta Regular / Alta,EXPRESS,Logixtal,5021,CERRADAS,Entregado,Entregado,NET_EZEVALLOSZ,SIM,1 sept 2026,1 sept 2026,01/09/2026,Sí,CERRADAS,2026-09-01 14:37:30,Multilínea,Mono_item,Piura,39.95,Power ilim 79.90 SD N,Power ilim 79.90 SD N
Netcall,2 sept 2026,12,915268487,915268487,9283,Outbound,Portabilidad Postpago,RETIRO EN TIENDA,Retiro en tienda,3132,CERRADAS,Entregado,Entregado,NET_LLOPEZM,SIM,2 sept 2026,2 sept 2026,null,No,CERRADAS,2026-09-03 00:35:09,Monolínea,Mono_item,Piura,null,Power 59.90 N,null
Netcall,3 sept 2026,11,915673070,91567307089511710111070519463,9283,Outbound,Portabilidad Postpago,EXPRESS,Logixtal,5021,ABIERTAS,Pendiente Entrega,Pendiente de Picking,TLV_NET_YQUITOV,SIM,3 sept 2026,null,null,No,ABIERTAS,null,Monolínea,Mono_item,Piura,null,null,null
Netcall,2 sept 2026,16,915349497,9153494978171261871785,9283,Outbound,Portabilidad Postpago,EXPRESS,Logixtal,5021,CERRADAS,Entregado,Entregado,NET_YCHAVEZ,SIM,2 sept 2026,2 sept 2026,null,No,CERRADAS,2026-09-03 01:29:11,Multilínea,Multi_item,Piura,null,Power ilim 79.90 SD N,Power ilim 79.90 SD N
Netcall,1 sept 2026,13,914843417,9148434178166067192875,9283,Outbound,Portabilidad Postpago,EXPRESS,Logixtal,5021,CERRADAS,Entregado,Entregado,NET_ECASTILLOH,SIM,1 sept 2026,1 sept 2026,02/09/2026,Sí,CERRADAS,2026-09-02 00:49:31,Monolínea,Mono_item,Piura,34.95,Power ilim 69.90 N,Power ilim 69.90 N
Netcall,2 sept 2026,16,915350643,9153506438171275288679,9283,Outbound,Venta Regular / Alta,EXPRESS,Logixtal,5021,ABIERTAS,Pendiente Entrega,Pendiente Entrega,NET_LALVAREZD,SIM,2 sept 2026,null,null,No,ABIERTAS,null,Monolínea,Mono_item,Piura,null,null,Power 39.90 N
Netcall,1 sept 2026,16,914885992,9148859928166532722885,9283,Outbound,Portabilidad Postpago,EXPRESS,Logixtal,5021,CERRADAS,Entregado,Entregado,NET_MORIHUELAQ,SIM,1 sept 2026,1 sept 2026,02/09/2026,Sí,CERRADAS,2026-09-02 00:08:55,Monolínea,Mono_item,Piura,39.95,Power ilim 79.90 SD N,Power ilim 79.90 SD N
Netcall,2 sept 2026,14,915308637,9153086378170840214514,9283,Outbound,Portabilidad Postpago,PROGRAMADO,Logixtal,5021,ABIERTAS,Pendiente Entrega,Pendiente Entrega,TLV_NET_SFERNAN,SIM,3 sept 2026,null,null,No,ABIERTAS,null,Monolínea,Mono_item,Piura,null,null,Power ilim 69.90 N
Netcall,3 sept 2026,12,915680939,91568093989511710111070509381,9283,Outbound,Venta Regular / Alta,EXPRESS,Logixtal,5021,ABIERTAS,Pendiente Entrega,Pendiente de Picking,NET_JIYASHAMAR,SIM,3 sept 2026,null,null,No,ABIERTAS,null,Multilínea,Mono_item,Piura,null,null,null
Netcall,2 sept 2026,11,915246467,9152464678170195595696,9283,Outbound,Venta Regular / Alta,EXPRESS,Logixtal,5021,CERRADAS,Entregado,Entregado,NET_PCHAVESTAY,SIM,2 sept 2026,2 sept 2026,02/09/2026,Sí,CERRADAS,2026-09-02 13:56:09,Monolínea,Mono_item,Piura,39.9,Power 39.90 N,Power 39.90 N
Netcall,3 sept 2026,9,915632364,915632364Empty,9283,Outbound,Venta Regular / Alta,EXPRESS,Logixtal,5021,CANCELADAS,Pendiente Entrega,Pendiente de Picking,NET_JIYASHAMAR,SIM,3 sept 2026,null,null,No,CANCELADAS,2026-09-03 10:26:25,Multilínea,Mono_item,Piura,null,null,null
Netcall,2 sept 2026,14,915310181,915310181,9283,Outbound,Portabilidad Postpago,EXPRESS,Logixtal,5021,CERRADAS,Entregado,Entregado,NET_YCASTILLOO,SIM,2 sept 2026,2 sept 2026,null,No,CERRADAS,2026-09-03 00:06:04,Monolínea,Mono_item,Piura,null,Power 59.90 N,null
Netcall,2 sept 2026,19,915399125,9153991258171769672494,9283,Outbound,Portabilidad Postpago,PROGRAMADO,Logixtal,5021,ABIERTAS,Pendiente Entrega,Pendiente Entrega,NET_YENCARNACIH,SIM,4 sept 2026,null,null,No,ABIERTAS,null,Monolínea,Mono_item,Piura,null,null,Power 59.90 N
Netcall,2 sept 2026,15,915326569,9153265698171029391976,9283,Outbound,Portabilidad Postpago,EXPRESS,Logixtal,9345,CANCELADAS,Anulado,CLIENTE YA NO DESEA PRODUCTO,NET_SGONZALESF,SIM,2 sept 2026,null,null,No,CANCELADAS,2026-09-02 17:14:53,Multilínea,Mono_item,Ica,null,null,Power 59.90 N
Netcall,2 sept 2026,20,915415350,9154153508171946721743,9283,Outbound,Portabilidad Postpago,PROGRAMADO,Logixtal,9345,ABIERTAS,Pendiente Entrega,Pendiente Entrega,NET_KROJASNAUPA,SIM,3 sept 2026,null,null,No,ABIERTAS,null,Monolínea,Mono_item,Ica,null,null,Power ilim 69.90 N
Netcall,1 sept 2026,10,914793869,9147938698165561505551,9283,Outbound,Portabilidad Postpago,EXPRESS,Logixtal,9345,CERRADAS,Entregado,Entregado,NET_SBENITOV,SIM,1 sept 2026,1 sept 2026,02/09/2026,Sí,CERRADAS,2026-09-02 01:18:45,Monolínea,Mono_item,Ica,29.95,Power 59.90 N,Power 59.90 N
Netcall,2 sept 2026,13,915300139,9153001398170746064594,9283,Outbound,Portabilidad Postpago,EXPRESS,Logixtal,9345,CANCELADAS,Anulado,CLIENTE YA NO DESEA PRODUCTO,NET_SGONZALESF,SIM,2 sept 2026,null,null,No,CANCELADAS,2026-09-02 15:11:50,Multilínea,Mono_item,Ica,null,null,Power 59.90 N
Netcall,1 sept 2026,12,914824877,9148248778165870209908,9283,Outbound,Portabilidad Postpago,EXPRESS,Logixtal,9345,CANCELADAS,Anulado,CLIENTE YA NO DESEA PRODUCTO,NET_SGONZALESF,SIM,1 sept 2026,null,null,No,CANCELADAS,2026-09-02 12:31:25,Monolínea,Mono_item,Ica,null,null,Power 59.90 N
Netcall,3 sept 2026,13,915698685,915698685Empty,9283,Outbound,Portabilidad Postpago,PROGRAMADO,Logixtal,5022,ABIERTAS,Pendiente Entrega,Pendiente de Picking,NET_KROJASNAUPA,SIM,5 sept 2026,null,null,No,ABIERTAS,null,Monolínea,Mono_item,Arequipa,null,null,null
Netcall,2 sept 2026,8,915185662,9151856628169678843634,9283,Outbound,Portabilidad Postpago,PROGRAMADO,Logixtal,5022,ABIERTAS,Pendiente Entrega,Pendiente Entrega,TLV_NET_MFARFAN,SIM,3 sept 2026,null,null,No,ABIERTAS,null,Monolínea,Mono_item,Arequipa,null,null,Power ilim 79.90 SD N
Netcall,2 sept 2026,12,915273630,9152736308170464073771,9301,Outbound,Portabilidad Postpago,PROGRAMADO,Logixtal,5022,ABIERTAS,Pendiente Entrega,Pendiente Entrega,NET_FBARTET,SIM,3 sept 2026,null,null,No,ABIERTAS,null,Monolínea,Mono_item,Arequipa,null,null,Power ilim 79.90 SD N
Netcall,2 sept 2026,9,915222635,9152226358169965292302,9283,Outbound,Portabilidad Postpago,EXPRESS,Logixtal,3115,CANCELADAS,Anulado,SOLICITADO POR CANAL,TLV_NET_DVALOI,SIM,2 sept 2026,null,null,No,CANCELADAS,2026-09-02 10:31:59,Monolínea,Mono_item,Pasco,null,null,Power 59.90 N
Netcall,3 sept 2026,12,915679310,915679310Empty,9283,Outbound,Portabilidad Postpago,EXPRESS,Retiro en tienda,3115,CANCELADAS,Cancelado,Cancelado,NET_SLAZOB,SIM,3 sept 2026,null,null,No,CANCELADAS,2026-09-03 12:39:46,Monolínea,Mono_item,Pasco,null,null,null
Netcall,1 sept 2026,13,914844610,9148446108166081169688,9283,Outbound,Portabilidad Postpago,PROGRAMADO,Logixtal,5021,CERRADAS,Entregado,Entregado,NET_NSANTAMARIA,SIM,2 sept 2026,2 sept 2026,null,No,CERRADAS,2026-09-03 01:08:31,Multilínea,Mono_item,Piura,null,Power ilim 79.90 SD N,Power ilim 79.90 SD N
Netcall,2 sept 2026,9,915221308,9152213088169944132094,9283,Outbound,Portabilidad Postpago,PROGRAMADO,Logixtal,5021,ABIERTAS,Pendiente Entrega,Pendiente Entrega,NET_BCUSQUISIVA,SIM,5 sept 2026,null,null,No,ABIERTAS,null,Multilínea,Mono_item,Piura,null,null,Power ilim 79.90 SD N
Netcall,1 sept 2026,18,914927052,9149270528166975773061,9283,Outbound,Portabilidad Postpago,PROGRAMADO,Logixtal,5021,CERRADAS,Entregado,Entregado,NET_RTORRESB,SIM,2 sept 2026,2 sept 2026,null,No,CERRADAS,2026-09-03 03:34:41,Monolínea,Mono_item,Piura,null,Power 59.90 N,Power 59.90 N
Netcall,1 sept 2026,16,914888018,9148880188166558705880,9283,Outbound,Portabilidad Postpago,RETIRO EN TIENDA,Retiro en tienda,7152,CERRADAS,Entregado,Entregado,NET_ECARRETEROH,SIM,1 sept 2026,1 sept 2026,02/09/2026,Sí,CERRADAS,2026-09-02 01:03:10,Monolínea,Mono_item,Piura,34.95,Power ilim 69.90 N,Power ilim 69.90 N
Netcall,1 sept 2026,13,914843186,9148431868166063110005,9283,Outbound,Portabilidad Postpago,PROGRAMADO,Logixtal,5021,CERRADAS,Entregado,Entregado,NET_NSANTAMARIA,SIM,2 sept 2026,2 sept 2026,null,No,CERRADAS,2026-09-03 01:49:10,Multilínea,Mono_item,Piura,null,Power ilim 79.90 SD N,Power ilim 79.90 SD N
Netcall,2 sept 2026,9,915220141,9152201418169937786735,9283,Outbound,Portabilidad Postpago,PROGRAMADO,Logixtal,5021,ABIERTAS,Pendiente Entrega,Pendiente Entrega,NET_BCUSQUISIVA,SIM,5 sept 2026,null,null,No,ABIERTAS,null,Multilínea,Mono_item,Piura,null,null,Power ilim 79.90 SD N
Netcall,2 sept 2026,15,915317482,915317482,5299,Outbound,Portabilidad Postpago,RETIRO EN TIENDA,Retiro en tienda,3130,CERRADAS,Entregado,Entregado,NET_BTRUJILLOT,SIM,2 sept 2026,2 sept 2026,null,No,CERRADAS,2026-09-03 00:18:40,Monolínea,Mono_item,Junin,null,Power ilim 69.90 N,null
Netcall,2 sept 2026,12,915282595,9152825958170559130853,9283,Outbound,Portabilidad Postpago,RETIRO EN TIENDA,Retiro en tienda,3130,CERRADAS,Entregado,Entregado,NET_DHUAYACGONZ,SIM,2 sept 2026,2 sept 2026,null,No,CERRADAS,2026-09-03 03:31:18,Monolínea,Mono_item,Junin,null,Power ilim 69.90 N,Power ilim 69.90 N
Netcall,1 sept 2026,11,914807020,9148070208165692148567,9283,Outbound,Portabilidad Postpago,RETIRO EN TIENDA,Retiro en tienda,3130,CERRADAS,Entregado,Entregado,NET_TBECERRAC,SIM,1 sept 2026,1 sept 2026,02/09/2026,Sí,CERRADAS,2026-09-02 00:29:44,Monolínea,Mono_item,Junin,34.95,Power ilim 69.90 N,Power ilim 69.90 N
Netcall,1 sept 2026,17,914909704,9149097048166795490753,9283,Outbound,Portabilidad Postpago,RETIRO EN TIENDA,Retiro en tienda,3130,CERRADAS,Entregado,Entregado,NET_CLOPEZA,SIM,1 sept 2026,1 sept 2026,02/09/2026,Sí,CERRADAS,2026-09-02 01:39:45,Monolínea,Mono_item,Junin,39.95,Power ilim 79.90 SD N,Power ilim 79.90 SD N
Netcall,2 sept 2026,9,915219264,9152192648169927522177,9283,Outbound,Portabilidad Postpago,RETIRO EN TIENDA,Retiro en tienda,3130,ABIERTAS,Pendiente Entrega,Pendiente Entrega,NET_AAYAURIO,SIM,2 sept 2026,null,null,No,ABIERTAS,null,Monolínea,Mono_item,Junin,null,null,Power 59.90 N
Netcall,1 sept 2026,11,914806601,9148066018165687269157,9283,Outbound,Venta Regular / Alta,EXPRESS,Logixtal,9342,CERRADAS,Entregado,Entregado,NET_GSANTOSC,SIM,1 sept 2026,1 sept 2026,01/09/2026,Sí,CERRADAS,2026-09-01 14:03:56,Monolínea,Mono_item,Lima - Callao,29.91303,Power ilim 79.90 SD N,Power ilim 79.90 SD N
Netcall,2 sept 2026,11,915252153,9152521538170246471131,9283,Outbound,Portabilidad Postpago,EXPRESS,Logixtal,9342,CERRADAS,Entregado,Entregado,NET_JCALDASB,SIM,2 sept 2026,2 sept 2026,null,No,CERRADAS,2026-09-03 00:43:49,Monolínea,Mono_item,Lima - Callao,null,Power ilim 69.90 N,Power ilim 69.90 N
Netcall,2 sept 2026,14,915302440,9153024408170769737028,9283,Outbound,Portabilidad Postpago,EXPRESS,Logixtal,9342,CERRADAS,Entregado,Entregado,TLV_NET_CZEGARR,SIM,2 sept 2026,2 sept 2026,null,No,CERRADAS,2026-09-03 01:34:41,Multilínea,Mono_item,Lima - Callao,null,Power ilim 79.90 SD N,Power ilim 79.90 SD N
Netcall,2 sept 2026,18,915371462,9153714628171490742537,5299,Outbound,Portabilidad Postpago,PROGRAMADO,Logixtal,9342,ABIERTAS,Pendiente Entrega,Pendiente Entrega,NET_RCANDIOTTIA,SIM,3 sept 2026,null,null,No,ABIERTAS,null,Multilínea,Mono_item,Lima - Callao,null,null,Power ilim 79.90 SD N
Netcall,1 sept 2026,7,914669822,9146698228164618638080,9283,Outbound,Portabilidad Postpago,EXPRESS,Logixtal,9342,CERRADAS,Entregado,Entregado,TLV_NET_MFARFAN,SIM,1 sept 2026,1 sept 2026,02/09/2026,Sí,CERRADAS,2026-09-02 02:03:55,Monolínea,Mono_item,Lima - Callao,34.95,Power ilim 69.90 N,Power ilim 69.90 N
Netcall,1 sept 2026,14,914854859,9148548598166195509266,9283,Outbound,Portabilidad Postpago,EXPRESS,Logixtal,9342,CERRADAS,Entregado,Entregado,NET_LLOPEZM,SIM,1 sept 2026,1 sept 2026,02/09/2026,Sí,CERRADAS,2026-09-02 01:20:34,Multilínea,Mono_item,Lima - Callao,19.95,Power ilim 79.90 SD N,Power ilim 79.90 SD N
Netcall,3 sept 2026,13,915692622,91569262289511710111070870734,9283,Outbound,Portabilidad Postpago,EXPRESS,Logixtal,9342,ABIERTAS,Pendiente Entrega,Pendiente de Picking,TLV_NET_APINTAD,SIM,3 sept 2026,null,null,No,ABIERTAS,null,Monolínea,Mono_item,Lima - Callao,null,null,null
Netcall,3 sept 2026,14,915716628,91571662889511710111071091793,9283,Outbound,Portabilidad Postpago,EXPRESS,Logixtal,9342,ABIERTAS,Pendiente Entrega,Pendiente de Picking,TLV_NET_JSOTOZ,SIM,3 sept 2026,null,null,No,ABIERTAS,null,Monolínea,Mono_item,Lima - Callao,null,null,null
Netcall,3 sept 2026,14,915725445,915725445Empty,9283,Outbound,Portabilidad Postpago,EXPRESS,Logixtal,9342,ABIERTAS,Pendiente Entrega,Pendiente de Picking,NET_MMREVILLA,SIM,3 sept 2026,null,null,No,ABIERTAS,null,Monolínea,Mono_item,Lima - Callao,null,null,null
Netcall,2 sept 2026,18,915374322,9153743228171517814164,9283,Outbound,Portabilidad Postpago,PROGRAMADO,Logixtal,9342,ABIERTAS,Pendiente Entrega,Pendiente Entrega,TLV_NET_KARANDA,SIM,3 sept 2026,null,null,No,ABIERTAS,null,Multilínea,Mono_item,Lima - Callao,null,null,Power ilim 79.90 SD N
Netcall,1 sept 2026,11,914813216,9148132168165749032109,9283,Outbound,Portabilidad Prepago,EXPRESS,Logixtal,9342,CERRADAS,Entregado,Entregado,NET_KDIAZPISCOY,SIM,1 sept 2026,1 sept 2026,02/09/2026,Sí,CERRADAS,2026-09-02 01:35:30,Multilínea,Mono_item,Lima - Callao,19.95,Power ilim 79.90 SD N,Power ilim 79.90 SD N
Netcall,3 sept 2026,14,915717142,915717142Empty,9283,Outbound,Portabilidad Postpago,EXPRESS,Logixtal,9342,ABIERTAS,Pendiente Entrega,Pendiente de Picking,TLV_NET_BRAMIRE,SIM,3 sept 2026,null,null,No,ABIERTAS,null,Monolínea,Mono_item,Lima - Callao,null,null,null
Netcall,1 sept 2026,14,914857616,9148576168166223954468,9283,Outbound,Portabilidad Postpago,EXPRESS,Logixtal,9342,CERRADAS,Entregado,Entregado,NET_LLOPEZM,SIM,1 sept 2026,1 sept 2026,02/09/2026,Sí,CERRADAS,2026-09-02 00:29:00,Multilínea,Mono_item,Lima - Callao,39.95,Power ilim 79.90 SD N,Power ilim 79.90 SD N
Netcall,1 sept 2026,11,914804736,9148047368165671982444,9283,Outbound,Portabilidad Postpago,EXPRESS,Logixtal,9342,CERRADAS,Entregado,Entregado,NET_RGUTIERREZS,SIM,1 sept 2026,1 sept 2026,02/09/2026,Sí,CERRADAS,2026-09-02 03:17:01,Monolínea,Mono_item,Lima - Callao,29.91303,Power 49.90 N,Power 49.90 N
Netcall,1 sept 2026,14,914853298,9148532988166176013967,9283,Outbound,Portabilidad Postpago,EXPRESS,Logixtal,9342,CERRADAS,Entregado,Entregado,NET_LLOPEZM,SIM,1 sept 2026,1 sept 2026,02/09/2026,Sí,CERRADAS,2026-09-02 00:53:04,Multilínea,Mono_item,Lima - Callao,19.95,Power ilim 79.90 SD N,Power ilim 79.90 SD N
Netcall,1 sept 2026,14,914861140,9148611408166258325032,9271,Outbound,Portabilidad Postpago,EXPRESS,Logixtal,9342,CERRADAS,Entregado,Entregado,NET_CREYESJ,SIM,1 sept 2026,1 sept 2026,02/09/2026,Sí,CERRADAS,2026-09-02 00:21:01,Monolínea,Mono_item,Lima - Callao,29.95,Power 59.90 N,Power 59.90 N
Netcall,1 sept 2026,16,914896091,9148960918166642928126,9283,Outbound,Portabilidad Postpago,PROGRAMADO,Logixtal,9342,CERRADAS,Entregado,Entregado,NET_SBENITESL,SIM,2 sept 2026,2 sept 2026,null,No,CERRADAS,2026-09-03 00:54:47,Multilínea,Mono_item,Lima - Callao,null,Power ilim 79.90 SD N,Power ilim 79.90 SD N
Netcall,2 sept 2026,9,915225962,9152259628169996519171,9283,Outbound,Portabilidad Postpago,EXPRESS,Logixtal,9342,CANCELADAS,Anulado,CLIENTE SE ENCUENTRA DE VIAJE,NET_AROJASF,SIM,2 sept 2026,null,null,No,CANCELADAS,2026-09-02 11:16:19,Monolínea,Mono_item,Lima - Callao,null,null,Power ilim 79.90 SD N
Netcall,1 sept 2026,11,914811376,9148113768165736176425,9283,Outbound,Portabilidad Postpago,EXPRESS,Logixtal,9342,CERRADAS,Entregado,Entregado,NET_GGALLARDAYA,SIM,1 sept 2026,1 sept 2026,02/09/2026,Sí,CERRADAS,2026-09-02 00:28:29,Multilínea,Multi_item,Lima - Callao,39.95,Power ilim 79.90 SD N,Power ilim 79.90 SD N
Netcall,1 sept 2026,14,914859069,9148590698166237531703,9283,Outbound,Portabilidad Postpago,EXPRESS,Logixtal,9342,CERRADAS,Entregado,Entregado,NET_KYUPANQUIC,SIM,1 sept 2026,1 sept 2026,02/09/2026,Sí,CERRADAS,2026-09-02 00:16:28,Multilínea,Mono_item,Lima - Callao,39.95,Power ilim 79.90 SD N,Power ilim 79.90 SD N
Netcall,1 sept 2026,12,914828047,9148280478165903539094,9283,Outbound,Portabilidad Postpago,PROGRAMADO,Logixtal,9342,ABIERTAS,Pendiente Entrega,Pendiente Entrega,NET_MGUZMANP,SIM,3 sept 2026,null,null,No,ABIERTAS,null,Monolínea,Mono_item,Lima - Callao,null,null,Power 59.90 N
Netcall,3 sept 2026,13,915704705,915704705Empty,9283,Outbound,Portabilidad Postpago,EXPRESS,Logixtal,9342,ABIERTAS,Pendiente Entrega,Pendiente de Picking,NET_LCAMPOSCABR,SIM,3 sept 2026,null,null,No,ABIERTAS,null,Monolínea,Mono_item,Lima - Callao,null,null,null
Netcall,2 sept 2026,12,915280616,9152806168170541410791,9283,Outbound,Portabilidad Postpago,EXPRESS,Logixtal,9342,CERRADAS,Entregado,Entregado,NET_WBENITESA,SIM,2 sept 2026,2 sept 2026,null,No,CERRADAS,2026-09-03 01:05:56,Multilínea,Mono_item,Lima - Callao,null,Power ilim 79.90 SD N,Power ilim 79.90 SD N
Netcall,2 sept 2026,12,915274309,9152743098170467695715,9283,Outbound,Portabilidad Postpago,EXPRESS,Logixtal,9342,CERRADAS,Entregado,Entregado,NET_THUAMANIP,SIM,2 sept 2026,2 sept 2026,null,No,CERRADAS,2026-09-03 01:47:02,Monolínea,Mono_item,Lima - Callao,null,Power 59.90 N,Power 59.90 N
Netcall,3 sept 2026,8,915609162,91560916289511710111070870668,9283,Outbound,Portabilidad Postpago,EXPRESS,Logixtal,9342,ABIERTAS,Entregado,Entregado,NET_AAPOLAYACAC,SIM,3 sept 2026,null,null,No,ABIERTAS,null,Monolínea,Mono_item,Lima - Callao,null,null,null
Netcall,2 sept 2026,15,915324750,9153247508171007535672,9283,Outbound,Portabilidad Postpago,PROGRAMADO,Logixtal,9342,ABIERTAS,Pendiente Entrega,Pendiente Entrega,TLV_NET_JSILVAT,SIM,3 sept 2026,null,null,No,ABIERTAS,null,Monolínea,Mono_item,Lima - Callao,null,null,Power ilim 69.90 N
Netcall,2 sept 2026,12,915279546,915279546,9283,Outbound,Portabilidad Postpago,EXPRESS,Logixtal,9342,CERRADAS,Entregado,Entregado,NET_WBENITESA,SIM,2 sept 2026,2 sept 2026,null,No,CERRADAS,2026-09-03 00:29:47,Multilínea,Mono_item,Lima - Callao,null,Power ilim 79.90 SD N,null
Netcall,1 sept 2026,15,914875754,9148757548166416750746,9283,Outbound,Portabilidad Postpago,EXPRESS,Logixtal,9342,CERRADAS,Entregado,Entregado,NET_YFLORESR,SIM,1 sept 2026,1 sept 2026,02/09/2026,Sí,CERRADAS,2026-09-02 00:11:41,Multilínea,Multi_item,Lima - Callao,19.95,Power ilim 79.90 SD N,Power ilim 79.90 SD N
Netcall,3 sept 2026,10,915648480,91564848089511710111070870726,9271,Outbound,Venta Regular / Alta,EXPRESS,Logixtal,9342,CANCELADAS,Pendiente Entrega,Pendiente de Picking,NET_RCEVERINOL,SIM,3 sept 2026,null,null,No,CANCELADAS,2026-09-03 11:16:55,Monolínea,Mono_item,Lima - Callao,null,null,null
Netcall,3 sept 2026,10,915638683,91563868389511710101029968960,9283,Outbound,Portabilidad Postpago,EXPRESS,Logixtal,9342,ABIERTAS,Entregado,Entregado,NET_LLOBATONV,SIM,3 sept 2026,null,null,No,ABIERTAS,null,Monolínea,Mono_item,Lima - Callao,null,null,null
Netcall,2 sept 2026,18,915375839,9153758398171534971207,9283,Outbound,Portabilidad Postpago,PROGRAMADO,Logixtal,9342,ABIERTAS,Pendiente Entrega,Pendiente Entrega,TLV_NET_KARANDA,SIM,3 sept 2026,null,null,No,ABIERTAS,null,Multilínea,Mono_item,Lima - Callao,null,null,Power ilim 79.90 SD N
Netcall,1 sept 2026,14,914857361,9148573618166229435402,9283,Outbound,Portabilidad Postpago,EXPRESS,Logixtal,9342,CERRADAS,Entregado,Entregado,NET_KYUPANQUIC,SIM,1 sept 2026,1 sept 2026,02/09/2026,Sí,CERRADAS,2026-09-02 01:55:19,Multilínea,Mono_item,Lima - Callao,19.95,Power ilim 79.90 SD N,Power ilim 79.90 SD N
Netcall,1 sept 2026,10,914792053,9147920538165539094799,9289,Outbound,Portabilidad Postpago,EXPRESS,Logixtal,9342,CERRADAS,Entregado,Entregado,TLV_NET_MLANDAR,SIM,1 sept 2026,1 sept 2026,02/09/2026,Sí,CERRADAS,2026-09-02 01:35:08,Monolínea,Mono_item,Lima - Callao,34.95,Power ilim 69.90 N,Power ilim 69.90 N
Netcall,1 sept 2026,15,914875754,9148757548166416750527,9283,Outbound,Portabilidad Postpago,EXPRESS,Logixtal,9342,CERRADAS,Entregado,Entregado,NET_YFLORESR,SIM,1 sept 2026,1 sept 2026,02/09/2026,Sí,CERRADAS,2026-09-02 00:11:41,Multilínea,Multi_item,Lima - Callao,39.95,Power ilim 79.90 SD N,Power ilim 79.90 SD N
Netcall,1 sept 2026,15,914868489,9148684898166336934811,9283,Outbound,Portabilidad Postpago,EXPRESS,Logixtal,9342,CANCELADAS,Anulado,DIRECCIÓN ERRADA,NET_MCELISG,SIM,1 sept 2026,null,null,No,CANCELADAS,2026-09-02 15:50:39,Monolínea,Mono_item,Lima - Callao,null,null,Power 59.90 N
Netcall,2 sept 2026,11,915249999,9152499998170223562028,9283,Outbound,Portabilidad Postpago,EXPRESS,Logixtal,9342,CERRADAS,Entregado,Entregado,NET_VJAUREGUIM,SIM,2 sept 2026,2 sept 2026,null,No,CERRADAS,2026-09-03 03:36:49,Multilínea,Mono_item,Lima - Callao,null,Power ilim 79.90 SD N,Power ilim 79.90 SD N
Netcall,2 sept 2026,18,915383403,9153834038171612893361,9283,Outbound,Portabilidad Postpago,PROGRAMADO,Logixtal,9342,ABIERTAS,Pendiente Entrega,Pendiente Entrega,NET_WBENITESA,SIM,3 sept 2026,null,null,No,ABIERTAS,null,Multilínea,Mono_item,Lima - Callao,null,null,Power ilim 79.90 SD N
Netcall,2 sept 2026,18,915379658,9153796588171572175115,9283,Outbound,Portabilidad Postpago,PROGRAMADO,Logixtal,9342,ABIERTAS,Pendiente Entrega,Pendiente Entrega,NET_MCELISG,SIM,3 sept 2026,null,null,No,ABIERTAS,null,Monolínea,Mono_item,Lima - Callao,null,null,Power 59.90 N
Netcall,2 sept 2026,11,915248874,9152488748170213168859,9283,Outbound,Portabilidad Postpago,EXPRESS,Logixtal,9342,CERRADAS,Entregado,Entregado,NET_VJAUREGUIM,SIM,2 sept 2026,2 sept 2026,null,No,CERRADAS,2026-09-03 01:28:10,Multilínea,Mono_item,Lima - Callao,null,Power ilim 79.90 SD N,Power ilim 79.90 SD N
Netcall,2 sept 2026,11,915247759,9152477598170202797288,9283,Outbound,Portabilidad Postpago,EXPRESS,Logixtal,9342,CERRADAS,Entregado,Entregado,NET_VJAUREGUIM,SIM,2 sept 2026,2 sept 2026,null,No,CERRADAS,2026-09-03 01:55:09,Multilínea,Mono_item,Lima - Callao,null,Power ilim 79.90 SD N,Power ilim 79.90 SD N
Netcall,2 sept 2026,17,915369697,9153696978171472224290,5299,Outbound,Portabilidad Postpago,PROGRAMADO,Logixtal,9342,ABIERTAS,Pendiente Entrega,Pendiente Entrega,NET_RCANDIOTTIA,SIM,3 sept 2026,null,null,No,ABIERTAS,null,Multilínea,Mono_item,Lima - Callao,null,null,Power ilim 79.90 SD N
Netcall,2 sept 2026,15,915322333,9153223338170980438264,9283,Outbound,Portabilidad Postpago,EXPRESS,Logixtal,9342,CERRADAS,Entregado,Entregado,TLV_NET_BRAMIRE,SIM,2 sept 2026,2 sept 2026,null,No,CERRADAS,2026-09-03 01:13:59,Monolínea,Mono_item,Lima - Callao,null,Power 59.90 N,Power 59.90 N
Netcall,3 sept 2026,14,915716841,91571684189511710111073960391,9283,Outbound,Portabilidad Postpago,EXPRESS,Logixtal,9342,ABIERTAS,Entregado,Entregado,NET_KYUPANQUIC,SIM,3 sept 2026,null,null,No,ABIERTAS,null,Monolínea,Mono_item,Lima - Callao,null,null,null
Netcall,1 sept 2026,13,914840558,9148405588166033354198,9283,Outbound,Portabilidad Postpago,EXPRESS,Logixtal,9342,CERRADAS,Entregado,Entregado,NET_LDIAZM,SIM,1 sept 2026,1 sept 2026,02/09/2026,Sí,CERRADAS,2026-09-02 01:28:41,Monolínea,Mono_item,Lima - Callao,34.95,Power ilim 69.90 N,Power ilim 69.90 N
Netcall,3 sept 2026,12,915686145,91568614589511710101029992721,9283,Outbound,Portabilidad Postpago,EXPRESS,Logixtal,9342,CANCELADAS,Pendiente Entrega,Pendiente de Picking,TLV_NET_JSOTOZ,SIM,3 sept 2026,null,null,No,CANCELADAS,2026-09-03 13:20:55,Monolínea,Mono_item,Lima - Callao,null,null,null
Netcall,1 sept 2026,17,914904886,9149048868166742481396,9283,Outbound,Portabilidad Postpago,PROGRAMADO,Logixtal,9342,CERRADAS,Entregado,Entregado,NET_SCANTOT,SIM,2 sept 2026,2 sept 2026,null,No,CERRADAS,2026-09-03 03:15:27,Monolínea,Mono_item,Lima - Callao,null,Power ilim 79.90 SD N,Power ilim 79.90 SD N
Netcall,2 sept 2026,13,915293379,9152933798170670310636,9283,Outbound,Portabilidad Postpago,EXPRESS,Logixtal,9342,CERRADAS,Entregado,Entregado,NET_MDIAZP,SIM,2 sept 2026,2 sept 2026,null,No,CERRADAS,2026-09-03 01:19:07,Monolínea,Mono_item,Lima - Callao,null,Power 59.90 N,Power 59.90 N
Netcall,2 sept 2026,14,915301378,9153013788170760334141,9283,Outbound,Portabilidad Postpago,EXPRESS,Logixtal,9342,CERRADAS,Entregado,Entregado,TLV_NET_CZEGARR,SIM,2 sept 2026,2 sept 2026,null,No,CERRADAS,2026-09-03 03:15:35,Multilínea,Mono_item,Lima - Callao,null,Power ilim 79.90 SD N,Power ilim 79.90 SD N
Netcall,3 sept 2026,10,915637971,91563797189511710111070870676,9283,Outbound,Portabilidad Postpago,EXPRESS,Logixtal,9342,ABIERTAS,Entregado,Entregado,NET_ABARRERAY,SIM,3 sept 2026,null,null,No,ABIERTAS,null,Monolínea,Mono_item,Lima - Callao,null,null,null
Netcall,1 sept 2026,15,914873920,9148739208166399306580,9283,Outbound,Portabilidad Postpago,EXPRESS,Logixtal,9342,CERRADAS,Entregado,Entregado,TLV_NET_BCHAVEZ,SIM,1 sept 2026,1 sept 2026,02/09/2026,Sí,CERRADAS,2026-09-02 00:34:17,Monolínea,Mono_item,Lima - Callao,29.95,Power 59.90 N,Power 59.90 N
Netcall,1 sept 2026,16,914898297,9148982978166671103948,9283,Outbound,Venta Regular / Alta,PROGRAMADO,Logixtal,9342,CERRADAS,Entregado,Entregado,NET_SBENITESL,SIM,2 sept 2026,2 sept 2026,02/09/2026,Sí,CERRADAS,2026-09-02 15:39:26,Multilínea,Mono_item,Lima - Callao,39.95,Power ilim 79.90 SD N,Power ilim 79.90 SD N
Netcall,3 sept 2026,11,915654854,91565485489511710111070870775,9283,Outbound,Portabilidad Postpago,EXPRESS,Logixtal,9342,ABIERTAS,Entregado,Entregado,NET_MMREVILLA,SIM,3 sept 2026,null,null,No,ABIERTAS,null,Monolínea,Mono_item,Lima - Callao,null,null,null
Netcall,1 sept 2026,11,914811376,9148113768165736176644,9283,Outbound,Portabilidad Postpago,EXPRESS,Logixtal,9342,CERRADAS,Entregado,Entregado,NET_GGALLARDAYA,SIM,1 sept 2026,1 sept 2026,02/09/2026,Sí,CERRADAS,2026-09-02 00:28:29,Multilínea,Multi_item,Lima - Callao,19.95,Power ilim 79.90 SD N,Power ilim 79.90 SD N
Netcall,1 sept 2026,8,914686510,9146865108165027702801,9283,Outbound,Portabilidad Postpago,EXPRESS,Logixtal,9342,CANCELADAS,Anulado,ZONA INACCESIBLE,NET_AAPOLAYACAC,SIM,1 sept 2026,null,null,No,CANCELADAS,2026-09-01 09:12:12,Monolínea,Mono_item,Lima - Callao,null,null,Power ilim 79.90 SD N
Netcall,1 sept 2026,11,914810990,9148109908165735407129,9283,Outbound,Portabilidad Postpago,EXPRESS,Logixtal,9342,CERRADAS,Entregado,Entregado,NET_KDIAZPISCOY,SIM,1 sept 2026,1 sept 2026,02/09/2026,Sí,CERRADAS,2026-09-02 03:19:35,Multilínea,Mono_item,Lima - Callao,39.95,Power ilim 79.90 SD N,Power ilim 79.90 SD N
Netcall,1 sept 2026,13,914845577,9148455778166091755512,9283,Outbound,Portabilidad Postpago,EXPRESS,Logixtal,9342,CERRADAS,Entregado,Entregado,NET_MGONZALESR,SIM,1 sept 2026,1 sept 2026,02/09/2026,Sí,CERRADAS,2026-09-02 02:10:58,Monolínea,Mono_item,Lima - Callao,39.95,Power ilim 79.90 SD N,Power ilim 79.90 SD N
Netcall,1 sept 2026,13,914842751,9148427518166058657707,5299,Outbound,Portabilidad Postpago,PROGRAMADO,Logixtal,5023,CERRADAS,Entregado,Entregado,NET_MCORDOVACRU,SIM,2 sept 2026,2 sept 2026,null,No,CERRADAS,2026-09-03 01:00:28,Monolínea,Mono_item,La Libertad,null,Power ilim 79.90 SD N,Power ilim 79.90 SD N
Netcall,1 sept 2026,16,914884817,9148848178166522507746,9283,Outbound,Portabilidad Postpago,PROGRAMADO,Logixtal,9343,CANCELADAS,Anulado,CLIENTE DESISTE - NO BRINDA MOTIVOS,NET_RNUNEZH,SIM,2 sept 2026,null,null,No,CANCELADAS,2026-09-02 14:48:51,Multilínea,Mono_item,Cusco,null,null,Power ilim 79.90 SD N
Netcall,1 sept 2026,13,914841220,914841220,9283,Outbound,Portabilidad Postpago,PROGRAMADO,Logixtal,9343,CERRADAS,Entregado,Entregado,NET_CSALAZARP,SIM,2 sept 2026,2 sept 2026,null,No,CERRADAS,2026-09-03 00:25:32,Monolínea,Mono_item,Cusco,null,Power ilim 69.90 N,null
Netcall,1 sept 2026,16,914882377,9148823778166515929823,9283,Outbound,Portabilidad Postpago,EXPRESS,Logixtal,9343,CANCELADAS,Anulado,CLIENTE YA NO DESEA PRODUCTO,NET_FCARRIONM,SIM,1 sept 2026,null,null,No,CANCELADAS,2026-09-01 17:53:47,Monolínea,Mono_item,Cusco,null,null,Power 59.90 N
Netcall,1 sept 2026,15,914881279,9148812798166492059348,9283,Outbound,Portabilidad Postpago,EXPRESS,Logixtal,9343,CANCELADAS,Anulado,PIN-PORTA NO LLEGA SMS,NET_ANCASTROR,SIM,1 sept 2026,null,null,No,CANCELADAS,2026-09-01 17:48:23,Monolínea,Mono_item,Cusco,null,null,Power 59.90 N
Netcall,1 sept 2026,15,914879060,9148790608166457794606,9283,Outbound,Portabilidad Postpago,EXPRESS,Logixtal,9343,ABIERTAS,Pendiente Entrega,Pendiente Entrega,TLV_NET_JMORO,SIM,1 sept 2026,null,null,No,ABIERTAS,null,Monolínea,Mono_item,Cusco,null,null,Power 59.90 N
Netcall,1 sept 2026,14,914855573,9148555738166220895193,9283,Outbound,Portabilidad Postpago,EXPRESS,Logixtal,9343,CANCELADAS,Cancelado,CANCELADA POR CALL CENTER ENTEL,NET_CULLOAC,SIM,1 sept 2026,null,null,No,CANCELADAS,2026-09-01 14:46:19,Monolínea,Mono_item,Cusco,null,null,Power 59.90 N
Netcall,1 sept 2026,15,914883131,9148831318166504675809,9283,Outbound,Portabilidad Postpago,EXPRESS,Logixtal,9343,CANCELADAS,Anulado,CLIENTE DESISTE - NO BRINDA MOTIVOS,NET_RNUNEZH,SIM,1 sept 2026,null,null,No,CANCELADAS,2026-09-02 14:48:39,Multilínea,Mono_item,Cusco,null,null,Power ilim 79.90 SD N
Netcall,1 sept 2026,12,914819465,9148194658165819537450,9283,Outbound,Portabilidad Postpago,EXPRESS,Logixtal,9343,CERRADAS,Entregado,Entregado,NET_LALVAREZD,SIM,1 sept 2026,1 sept 2026,02/09/2026,Sí,CERRADAS,2026-09-02 01:18:41,Multilínea,Mono_item,Cusco,39.95,Power ilim 79.90 SD N,Power ilim 79.90 SD N
Netcall,1 sept 2026,12,914817443,9148174438165797717735,9283,Outbound,Portabilidad Postpago,EXPRESS,Logixtal,9343,CERRADAS,Entregado,Entregado,NET_LALVAREZD,SIM,1 sept 2026,1 sept 2026,02/09/2026,Sí,CERRADAS,2026-09-02 01:29:31,Multilínea,Mono_item,Cusco,19.95,Power ilim 79.90 SD N,Power ilim 79.90 SD N
Netcall,1 sept 2026,10,914788747,9147887478165510718665,9283,Outbound,Portabilidad Prepago,EXPRESS,Logixtal,9343,CERRADAS,Entregado,Entregado,NET_GVILELAR,SIM,1 sept 2026,1 sept 2026,02/09/2026,Sí,CERRADAS,2026-09-02 03:19:24,Monolínea,Mono_item,Cusco,34.95,Power ilim 69.90 N,Power ilim 69.90 N
Netcall,2 sept 2026,17,915368785,9153687858171462290875,9283,Outbound,Portabilidad Postpago,PROGRAMADO,Logixtal,9343,ABIERTAS,Pendiente Entrega,Pendiente Entrega,NET_MMREVILLA,SIM,3 sept 2026,null,null,No,ABIERTAS,null,Monolínea,Mono_item,Cusco,null,null,Power 59.90 N
Netcall,1 sept 2026,7,914669895,9146698958164630822301,9283,Outbound,Portabilidad Postpago,PROGRAMADO,Logixtal,9001,CERRADAS,Entregado,Entregado,NET_MFERRER,SIM,2 sept 2026,2 sept 2026,null,No,CERRADAS,2026-09-03 01:38:25,Monolínea,Mono_item,Lima - Callao,null,Power 59.90 N,Power 59.90 N
Netcall,1 sept 2026,16,914885847,9148858478166531938419,9271,Outbound,Portabilidad Postpago,PROGRAMADO,Logixtal,9001,ABIERTAS,Pendiente Entrega,Pendiente Entrega,NET_JLAZAROA,SIM,3 sept 2026,null,null,No,ABIERTAS,null,Monolínea,Mono_item,Lima - Callao,null,null,Power 59.90 N
Netcall,2 sept 2026,12,915271265,9152712658170439639315,9271,Outbound,Portabilidad Postpago,PROGRAMADO,Logixtal,9001,ABIERTAS,No bop,No bop,NET_KTORRESP,SIM,9 sept 2026,null,null,No,ABIERTAS,null,Monolínea,Mono_item,Lima - Callao,null,null,Power 59.90 N
Netcall,2 sept 2026,12,915280164,9152801648170537456957,9283,Outbound,Portabilidad Postpago,EXPRESS,Logixtal,9001,CERRADAS,Entregado,Entregado,NET_GFLORESS,SIM,2 sept 2026,2 sept 2026,null,No,CERRADAS,2026-09-03 01:54:16,Monolínea,Mono_item,Lima - Callao,null,Power 59.90 N,Power 59.90 N
Netcall,1 sept 2026,13,914839674,9148396748166023811616,9271,Outbound,Portabilidad Postpago,EXPRESS,Logixtal,9001,CERRADAS,Entregado,Entregado,NET_AYZAGUIRREH,SIM,1 sept 2026,1 sept 2026,02/09/2026,Sí,CERRADAS,2026-09-02 00:56:08,Monolínea,Mono_item,Lima - Callao,29.95,Power 59.90 N,Power 59.90 N
Netcall,2 sept 2026,13,915284777,9152847778170581974339,9283,Outbound,Portabilidad Postpago,EXPRESS,Logixtal,9001,CERRADAS,Entregado,Entregado,NET_ACQUISPE,SIM,2 sept 2026,2 sept 2026,null,No,CERRADAS,2026-09-03 01:49:54,Monolínea,Mono_item,Lima - Callao,null,Power ilim 69.90 N,Power ilim 69.90 N
Netcall,2 sept 2026,9,915216085,9152160858169896623157,9283,Outbound,Portabilidad Postpago,EXPRESS,Logixtal,9001,CERRADAS,Entregado,Entregado,NET_EMEDINAU,SIM,2 sept 2026,2 sept 2026,null,No,CERRADAS,2026-09-03 01:07:09,Monolínea,Mono_item,Lima - Callao,null,Power 59.90 N,Power 59.90 N
Netcall,1 sept 2026,18,914939105,9149391058167090897410,9283,Outbound,Portabilidad Postpago,EXPRESS,Logixtal,9001,ABIERTAS,Pendiente Entrega,Pendiente Entrega,NET_GMENDIGUETE,SIM,1 sept 2026,null,null,No,ABIERTAS,null,Monolínea,Mono_item,Lima - Callao,null,null,Power 59.90 N
Netcall,1 sept 2026,18,914923118,9149231188166932080884,9283,Outbound,Portabilidad Postpago,EXPRESS,Logixtal,9001,CERRADAS,Entregado,Entregado,NET_LMUSAYONS,SIM,1 sept 2026,1 sept 2026,02/09/2026,Sí,CERRADAS,2026-09-02 00:36:56,Monolínea,Mono_item,Lima - Callao,39.95,Power ilim 79.90 SD N,Power ilim 79.90 SD N
Netcall,3 sept 2026,7,915596029,91559602989511710101029981005,9289,Outbound,Portabilidad Postpago,EXPRESS,Logixtal,9001,CANCELADAS,Pendiente Entrega,Pendiente de Picking,TLV_NET_MLANDAR,SIM,3 sept 2026,null,null,No,CANCELADAS,2026-09-03 12:26:31,Monolínea,Mono_item,Lima - Callao,null,null,null
Netcall,3 sept 2026,13,915705973,915705973Empty,9271,Outbound,Portabilidad Postpago,EXPRESS,Logixtal,9001,ABIERTAS,Pendiente Entrega,Pendiente de Picking,NET_PHUAMANM,SIM,3 sept 2026,null,null,No,ABIERTAS,null,Monolínea,Mono_item,Lima - Callao,null,null,null
Netcall,1 sept 2026,12,914825850,9148258508165884632480,9283,Outbound,Portabilidad Postpago,EXPRESS,Logixtal,9001,CERRADAS,Entregado,Entregado,TLV_NET_JSILVAT,SIM,1 sept 2026,1 sept 2026,02/09/2026,Sí,CERRADAS,2026-09-02 01:57:20,Monolínea,Mono_item,Lima - Callao,39.95,Power ilim 79.90 SD N,Power ilim 79.90 SD N
Netcall,2 sept 2026,10,915240518,915240518,9283,Outbound,Portabilidad Postpago,EXPRESS,Logixtal,9001,CERRADAS,Entregado,Entregado,NET_KZAVALETAZ,SIM,2 sept 2026,2 sept 2026,null,No,CERRADAS,2026-09-03 00:11:22,Monolínea,Mono_item,Lima - Callao,null,Power 59.90 N,null
Netcall,3 sept 2026,10,915633783,91563378389511710101029369755,9283,Outbound,Portabilidad Postpago,EXPRESS,Logixtal,9001,ABIERTAS,Entregado,Entregado,NET_GMENDIGUETE,SIM,3 sept 2026,null,null,No,ABIERTAS,null,Monolínea,Mono_item,Lima - Callao,null,null,null
Netcall,1 sept 2026,18,914930365,9149303658167009305075,9283,Outbound,Portabilidad Postpago,EXPRESS,Logixtal,9001,CERRADAS,Entregado,Entregado,TLV_NET_APINTAD,SIM,1 sept 2026,1 sept 2026,02/09/2026,Sí,CERRADAS,2026-09-02 00:34:01,Multilínea,Mono_item,Lima - Callao,19.95,Power ilim 79.90 SD N,Power ilim 79.90 SD N
Netcall,1 sept 2026,14,914857496,9148574968166223122562,9283,Outbound,Portabilidad Postpago,EXPRESS,Logixtal,9001,CERRADAS,Entregado,Entregado,NET_CIOLAYAR,SIM,1 sept 2026,1 sept 2026,02/09/2026,Sí,CERRADAS,2026-09-02 00:18:32,Multilínea,Mono_item,Lima - Callao,39.95,Power ilim 79.90 SD N,Power ilim 79.90 SD N
Netcall,1 sept 2026,14,914856776,9148567768166215643436,9283,Outbound,Portabilidad Postpago,EXPRESS,Logixtal,9001,CERRADAS,Entregado,Entregado,NET_CIOLAYAR,SIM,1 sept 2026,1 sept 2026,02/09/2026,Sí,CERRADAS,2026-09-02 01:34:03,Multilínea,Mono_item,Lima - Callao,19.95,Power ilim 79.90 SD N,Power ilim 79.90 SD N
Netcall,3 sept 2026,14,915676592,915676592Empty,5299,Outbound,Portabilidad Postpago,PROGRAMADO,Logixtal,9001,ABIERTAS,Pendiente Entrega,Pendiente de Picking,NET_CPORRASP,SIM,5 sept 2026,null,null,No,ABIERTAS,null,Monolínea,Mono_item,Lima - Callao,null,null,null
Netcall,1 sept 2026,18,914932337,9149323378167018952252,9283,Outbound,Venta Regular / Alta,EXPRESS,Logixtal,9001,CERRADAS,Entregado,Entregado,TLV_NET_APINTAD,SIM,1 sept 2026,1 sept 2026,01/09/2026,Sí,CERRADAS,2026-09-01 21:51:44,Multilínea,Mono_item,Lima - Callao,39.95,Power ilim 79.90 SD N,Power ilim 79.90 SD N
Netcall,1 sept 2026,18,914934683,9149346838167043121643,9283,Outbound,Venta Regular / Alta,EXPRESS,Logixtal,9001,CERRADAS,Entregado,Entregado,TLV_NET_APINTAD,SIM,1 sept 2026,1 sept 2026,01/09/2026,Sí,CERRADAS,2026-09-01 21:53:01,Multilínea,Mono_item,Lima - Callao,19.95,Power ilim 79.90 SD N,Power ilim 79.90 SD N
Netcall,2 sept 2026,8,915207807,9152078078169840932622,9283,Outbound,Portabilidad Postpago,EXPRESS,Logixtal,9001,CERRADAS,Entregado,Entregado,NET_JSIADEN,SIM,2 sept 2026,2 sept 2026,null,No,CERRADAS,2026-09-03 00:44:34,Monolínea,Mono_item,Lima - Callao,null,Power ilim 79.90 SD N,Power ilim 79.90 SD N
Netcall,2 sept 2026,9,915225315,9152253158169988589038,9283,Outbound,Portabilidad Postpago,EXPRESS,Logixtal,9001,CERRADAS,Entregado,Entregado,NET_KBRACOV,SIM,2 sept 2026,2 sept 2026,null,No,CERRADAS,2026-09-03 01:14:25,Monolínea,Mono_item,Lima - Callao,null,Power ilim 79.90 SD N,Power ilim 79.90 SD N
Netcall,1 sept 2026,14,914862611,9148626118166272611479,9283,Outbound,Portabilidad Postpago,EXPRESS,Logixtal,9001,CERRADAS,Entregado,Entregado,NET_CIOLAYAR,SIM,1 sept 2026,1 sept 2026,02/09/2026,Sí,CERRADAS,2026-09-02 00:03:31,Monolínea,Mono_item,Lima - Callao,29.95,Power 59.90 N,Power 59.90 N
Netcall,3 sept 2026,10,915647763,91564776389511710101029369771,9283,Outbound,Portabilidad Postpago,EXPRESS,Logixtal,9001,ABIERTAS,Entregado,Entregado,NET_ACORDOVAS,SIM,3 sept 2026,null,null,No,ABIERTAS,null,Monolínea,Mono_item,Lima - Callao,null,null,null
Netcall,1 sept 2026,10,914784326,9147843268165471259858,9283,Outbound,Portabilidad Postpago,EXPRESS,Logixtal,9001,CERRADAS,Entregado,Entregado,TLV_NET_JSILVAT,SIM,1 sept 2026,1 sept 2026,02/09/2026,Sí,CERRADAS,2026-09-02 12:39:29,Monolínea,Mono_item,Lima - Callao,39.95,Power ilim 79.90 SD N,Power ilim 79.90 SD N
Netcall,2 sept 2026,10,915228150,9152281508170016384535,9283,Outbound,Venta Regular / Alta,EXPRESS,Logixtal,9001,CERRADAS,Entregado,Entregado,NET_GFLORESS,SIM,2 sept 2026,2 sept 2026,02/09/2026,Sí,CERRADAS,2026-09-02 14:08:12,Multilínea,Mono_item,Lima - Callao,19.95,Power ilim 79.90 SD N,Power ilim 79.90 SD N
Netcall,2 sept 2026,10,915229033,9152290338170029995258,9283,Outbound,Venta Regular / Alta,EXPRESS,Logixtal,9001,CERRADAS,Entregado,Entregado,NET_GFLORESS,SIM,2 sept 2026,2 sept 2026,02/09/2026,Sí,CERRADAS,2026-09-02 13:28:32,Multilínea,Mono_item,Lima - Callao,39.95,Power ilim 79.90 SD N,Power ilim 79.90 SD N
Netcall,2 sept 2026,18,915374783,9153747838171521277149,9283,Outbound,Portabilidad Postpago,RETIRO EN TIENDA,Retiro en tienda,8056,ABIERTAS,Pendiente Entrega,Pendiente Entrega,NET_YRUEDAMONDR,SIM,2 sept 2026,null,null,No,ABIERTAS,null,Multilínea,Mono_item,Ancash,null,null,Power ilim 79.90 SD N
Netcall,2 sept 2026,18,915373253,9153732538171504074084,9283,Outbound,Venta Regular / Alta,RETIRO EN TIENDA,Retiro en tienda,8056,ABIERTAS,Pendiente Entrega,Pendiente Entrega,NET_YRUEDAMONDR,SIM,2 sept 2026,null,null,No,ABIERTAS,null,Multilínea,Mono_item,Ancash,null,null,Power ilim 79.90 SD N
Netcall,1 sept 2026,18,914935224,9149352248167047734544,9283,Outbound,Portabilidad Postpago,RETIRO EN TIENDA,Retiro en tienda,3205,CERRADAS,Entregado,Entregado,NET_RTORRESB,SIM,1 sept 2026,1 sept 2026,02/09/2026,Sí,CERRADAS,2026-09-02 01:54:16,Monolínea,Mono_item,Ancash,34.95,Power ilim 69.90 N,Power ilim 69.90 N
Netcall,2 sept 2026,17,915369872,9153698728171472632110,9271,Outbound,Portabilidad Postpago,RETIRO EN TIENDA,Retiro en tienda,8056,CERRADAS,Entregado,Entregado,NET_PHUAMANM,SIM,2 sept 2026,2 sept 2026,null,No,CERRADAS,2026-09-03 01:45:38,Multilínea,Mono_item,Ancash,null,Power ilim 79.90 SD N,Power ilim 79.90 SD N
Netcall,1 sept 2026,12,914833967,9148339678165966078455,9283,Outbound,Portabilidad Postpago,RETIRO EN TIENDA,Retiro en tienda,3205,ABIERTAS,Pendiente Entrega,Pendiente Entrega,NET_SSOTOM,SIM,1 sept 2026,null,null,No,ABIERTAS,null,Monolínea,Mono_item,Ancash,null,null,Power ilim 79.90 SD N
Netcall,2 sept 2026,16,915337038,9153370388171160321427,9283,Outbound,Venta Regular / Alta,RETIRO EN TIENDA,Retiro en tienda,7238,CERRADAS,Entregado,Entregado,NET_YRUEDAMONDR,SIM,2 sept 2026,2 sept 2026,02/09/2026,Sí,CERRADAS,2026-09-02 17:08:31,Monolínea,Mono_item,Ancash,39.9,Power 39.90 N,Power 39.90 N
Netcall,2 sept 2026,17,915368602,9153686028171461524245,9271,Outbound,Portabilidad Postpago,RETIRO EN TIENDA,Retiro en tienda,8056,CERRADAS,Entregado,Entregado,NET_PHUAMANM,SIM,2 sept 2026,2 sept 2026,null,No,CERRADAS,2026-09-03 03:36:27,Multilínea,Mono_item,Ancash,null,Power ilim 79.90 SD N,Power ilim 79.90 SD N
Netcall,2 sept 2026,11,915261069,915261069,9283,Outbound,Portabilidad Postpago,RETIRO EN TIENDA,Retiro en tienda,7239,CERRADAS,Entregado,Entregado,NET_LCAMPOSCABR,SIM,2 sept 2026,2 sept 2026,null,No,CERRADAS,2026-09-03 00:40:30,Monolínea,Mono_item,Ancash,null,Power ilim 79.90 SD N,null
Netcall,2 sept 2026,18,915376104,9153761048171533759902,9283,Outbound,Portabilidad Postpago,RETIRO EN TIENDA,Retiro en tienda,8056,ABIERTAS,Pendiente Entrega,Pendiente Entrega,NET_YRUEDAMONDR,SIM,2 sept 2026,null,null,No,ABIERTAS,null,Multilínea,Mono_item,Ancash,null,null,Power ilim 79.90 SD N
Netcall,3 sept 2026,11,915659697,915659697Empty,9283,Outbound,Portabilidad Postpago,RETIRO EN TIENDA,Retiro en tienda,3205,ABIERTAS,Pendiente Entrega,Pendiente Entrega,NET_MCASTILLOC,SIM,3 sept 2026,null,null,No,ABIERTAS,null,Monolínea,Mono_item,Ancash,null,null,null
Netcall,1 sept 2026,15,914880122,9148801228166470505198,9283,Outbound,Portabilidad Postpago,RETIRO EN TIENDA,Retiro en tienda,2112,CERRADAS,Entregado,Entregado,NET_DVALVERDEM,SIM,1 sept 2026,1 sept 2026,02/09/2026,Sí,CERRADAS,2026-09-02 01:32:42,Monolínea,Mono_item,La Libertad,39.95,Power ilim 79.90 SD N,Power ilim 79.90 SD N
Netcall,1 sept 2026,12,914819083,9148190838165816287544,5299,Outbound,Portabilidad Postpago,RETIRO EN TIENDA,Retiro en tienda,2112,ABIERTAS,Pendiente Entrega,Pendiente Entrega,NET_MCORDOVACRU,SIM,1 sept 2026,null,null,No,ABIERTAS,null,Monolínea,Mono_item,La Libertad,null,null,Power ilim 69.90 N
Netcall,1 sept 2026,17,914907707,9149077078166773264560,9283,Outbound,Portabilidad Postpago,RETIRO EN TIENDA,Retiro en tienda,2112,ABIERTAS,Pendiente Entrega,Pendiente Entrega,NET_AJSANCHEZR,SIM,1 sept 2026,null,null,No,ABIERTAS,null,Monolínea,Mono_item,La Libertad,null,null,Power 59.90 N
Netcall,2 sept 2026,13,915284911,915284911,9283,Outbound,Portabilidad Postpago,RETIRO EN TIENDA,Retiro en tienda,2112,CERRADAS,Entregado,Entregado,NET_LCCASTILLO,SIM,2 sept 2026,2 sept 2026,null,No,CERRADAS,2026-09-03 00:06:33,Monolínea,Mono_item,La Libertad,null,Power 59.90 N,null
Netcall,1 sept 2026,10,914788512,9147885128165521333086,9271,Outbound,Portabilidad Postpago,RETIRO EN TIENDA,Retiro en tienda,2112,CERRADAS,Entregado,Entregado,NET_MRUIZSANCHC,SIM,1 sept 2026,1 sept 2026,02/09/2026,Sí,CERRADAS,2026-09-02 00:20:28,Monolínea,Mono_item,La Libertad,34.95,Power ilim 69.90 N,Power ilim 69.90 N
Netcall,2 sept 2026,17,915365930,9153659308171442848265,9283,Outbound,Portabilidad Postpago,RETIRO EN TIENDA,Retiro en tienda,2112,ABIERTAS,Pendiente Entrega,Pendiente Entrega,NET_LYAIPENARRO,SIM,2 sept 2026,null,null,No,ABIERTAS,null,Monolínea,Mono_item,La Libertad,null,null,Power 59.90 N
Netcall,2 sept 2026,14,915309648,9153096488170845424960,9283,Outbound,Venta Regular / Alta,RETIRO EN TIENDA,Retiro en tienda,2112,ABIERTAS,Pendiente Entrega,Pendiente Entrega,NET_RMRAMIREZ,SIM,2 sept 2026,null,null,No,ABIERTAS,null,Multilínea,Mono_item,La Libertad,null,null,Power 59.90 N
Netcall,2 sept 2026,15,915331019,9153310198171074268021,9283,Outbound,Portabilidad Postpago,RETIRO EN TIENDA,Retiro en tienda,2112,CERRADAS,Entregado,Entregado,NET_SLIZARDOPER,SIM,2 sept 2026,2 sept 2026,null,No,CERRADAS,2026-09-03 00:45:43,Monolínea,Mono_item,La Libertad,null,Power ilim 79.90 SD N,Power ilim 79.90 SD N
Netcall,2 sept 2026,14,915310899,9153108998170860074145,9283,Outbound,Portabilidad Postpago,RETIRO EN TIENDA,Retiro en tienda,2112,CANCELADAS,Cancelado,Cancelado,NET_RMRAMIREZ,SIM,2 sept 2026,null,null,No,CANCELADAS,2026-09-02 15:52:16,Multilínea,Mono_item,La Libertad,null,null,Power 59.90 N
Netcall,2 sept 2026,18,915382635,9153826358171602240514,9283,Outbound,Portabilidad Postpago,PROGRAMADO,Logixtal,9001,ABIERTAS,Pendiente Entrega,Pendiente Entrega,NET_CBIELICHR,SIM,4 sept 2026,null,null,No,ABIERTAS,null,Monolínea,Mono_item,Lima - Callao,null,null,Power ilim 69.90 N
Netcall,1 sept 2026,11,914810702,9148107028165728612342,5299,Outbound,Portabilidad Postpago,EXPRESS,Logixtal,9343,CERRADAS,Entregado,Entregado,NET_AREYNOSAC,SIM,1 sept 2026,1 sept 2026,02/09/2026,Sí,CERRADAS,2026-09-02 00:34:01,Monolínea,Mono_item,Cusco,29.95,Power 59.90 N,Power 59.90 N
Netcall,2 sept 2026,10,915235080,9152350808170088090296,9283,Outbound,Portabilidad Postpago,PROGRAMADO,Logixtal,9343,ABIERTAS,Pendiente Entrega,Pendiente Entrega,NET_ATORRESP,SIM,3 sept 2026,null,null,No,ABIERTAS,null,Monolínea,Mono_item,Cusco,null,null,Power ilim 79.90 SD N
Netcall,1 sept 2026,9,914767340,9147673408165307841037,9283,Outbound,Portabilidad Postpago,EXPRESS,Logixtal,9343,CERRADAS,Entregado,Entregado,NET_LCALDERONC,SIM,1 sept 2026,1 sept 2026,02/09/2026,Sí,CERRADAS,2026-09-02 01:45:19,Monolínea,Mono_item,Cusco,29.95,Power 59.90 N,Power 59.90 N
Netcall,3 sept 2026,9,915626123,915626123Empty,9283,Outbound,Portabilidad Postpago,PROGRAMADO,Retiro en tienda,9343,ABIERTAS,Pendiente Entrega,Pendiente Entrega,NET_ACULQUITANM,SIM,5 sept 2026,null,null,No,ABIERTAS,null,Monolínea,Mono_item,Cusco,null,null,null
Netcall,1 sept 2026,17,914906081,9149060818166758445281,9283,Outbound,Portabilidad Postpago,PROGRAMADO,Logixtal,9343,CERRADAS,Entregado,Entregado,NET_NRUBIOMARCO,SIM,2 sept 2026,2 sept 2026,null,No,CERRADAS,2026-09-03 01:29:26,Multilínea,Mono_item,Cusco,null,Power ilim 79.90 SD N,Power ilim 79.90 SD N
Netcall,1 sept 2026,17,914908119,914908119,9283,Outbound,Portabilidad Postpago,PROGRAMADO,Logixtal,9343,CERRADAS,Entregado,Entregado,NET_NRUBIOMARCO,SIM,2 sept 2026,2 sept 2026,null,No,CERRADAS,2026-09-03 00:28:34,Multilínea,Mono_item,Cusco,null,Power ilim 79.90 SD N,null
Netcall,1 sept 2026,16,914884039,9148840398166513370913,9283,Outbound,Portabilidad Postpago,PROGRAMADO,Logixtal,9343,CERRADAS,Entregado,Entregado,TLV_NET_RSORIAH,SIM,2 sept 2026,2 sept 2026,null,No,CERRADAS,2026-09-03 01:20:45,Monolínea,Mono_item,Cusco,null,Power 59.90 N,Power 59.90 N
Netcall,1 sept 2026,9,914772503,9147725038165359836293,9271,Outbound,Portabilidad Postpago,EXPRESS,Logixtal,9343,CERRADAS,Entregado,Entregado,NET_LNECIOSUPC,SIM,1 sept 2026,1 sept 2026,02/09/2026,Sí,CERRADAS,2026-09-02 00:08:13,Monolínea,Mono_item,Cusco,39.95,Power ilim 79.90 SD N,Power ilim 79.90 SD N
Netcall,1 sept 2026,14,914859269,9148592698166242086588,9283,Outbound,Portabilidad Postpago,EXPRESS,Logixtal,9343,CERRADAS,Entregado,Entregado,NET_MDONAYRE,SIM,1 sept 2026,1 sept 2026,02/09/2026,Sí,CERRADAS,2026-09-02 00:21:47,Monolínea,Mono_item,Cusco,44.90703,Power ilim 69.90 N,Power 59.90 N
Netcall,1 sept 2026,10,914790486,9147904868165530294179,9271,Outbound,Portabilidad Postpago,EXPRESS,Logixtal,9343,CERRADAS,Entregado,Entregado,NET_LGOMEZA,SIM,1 sept 2026,1 sept 2026,02/09/2026,Sí,CERRADAS,2026-09-02 00:21:33,Monolínea,Mono_item,Cusco,29.95,Power 59.90 N,Power 59.90 N
Netcall,1 sept 2026,15,914875236,914875236,9283,Outbound,Portabilidad Postpago,EXPRESS,Logixtal,9343,CERRADAS,Entregado,Entregado,TLV_NET_GCUEVAC,SIM,2 sept 2026,2 sept 2026,null,No,CERRADAS,2026-09-03 00:26:53,Monolínea,Mono_item,Cusco,null,Power ilim 69.90 N,null
Netcall,1 sept 2026,15,914871382,9148713828166370144968,9283,Outbound,Portabilidad Postpago,EXPRESS,Logixtal,9343,CERRADAS,Entregado,Entregado,NET_LLOBATONV,SIM,1 sept 2026,1 sept 2026,02/09/2026,Sí,CERRADAS,2026-09-02 01:34:42,Multilínea,Mono_item,Cusco,19.95,Power ilim 79.90 SD N,Power ilim 79.90 SD N
Netcall,1 sept 2026,15,914867509,9148675098166406552763,9283,Outbound,Portabilidad Postpago,EXPRESS,Logixtal,9343,CERRADAS,Entregado,Entregado,NET_MZEVALLOSMA,SIM,1 sept 2026,1 sept 2026,02/09/2026,Sí,CERRADAS,2026-09-02 00:43:04,Monolínea,Mono_item,Cusco,34.95,Power ilim 69.90 N,Power ilim 69.90 N
Netcall,1 sept 2026,15,914870424,9148704248166360632241,9283,Outbound,Venta Regular / Alta,EXPRESS,Logixtal,9343,CERRADAS,Entregado,Entregado,NET_LLOBATONV,SIM,1 sept 2026,1 sept 2026,01/09/2026,Sí,CERRADAS,2026-09-01 17:47:51,Multilínea,Mono_item,Cusco,39.95,Power ilim 79.90 SD N,Power ilim 79.90 SD N
Netcall,2 sept 2026,9,915224084,9152240848169979350416,9283,Outbound,Portabilidad Postpago,EXPRESS,Logixtal,9343,CERRADAS,Entregado,Entregado,NET_CIOLAYAR,SIM,2 sept 2026,2 sept 2026,null,No,CERRADAS,2026-09-03 01:47:01,Monolínea,Mono_item,Cusco,null,Power ilim 69.90 N,Power ilim 69.90 N
Netcall,2 sept 2026,9,915219588,9152195888169931654783,9283,Outbound,Portabilidad Postpago,EXPRESS,Logixtal,9343,CERRADAS,Entregado,Entregado,NET_MCVASQUEZ,SIM,2 sept 2026,2 sept 2026,null,No,CERRADAS,2026-09-03 01:40:39,Monolínea,Mono_item,Cusco,null,Power ilim 69.90 N,Power ilim 69.90 N
Netcall,3 sept 2026,12,915674568,915674568Empty,9271,Outbound,Portabilidad Postpago,RETIRO EN TIENDA,Retiro en tienda,2104,ABIERTAS,Pendiente Entrega,Pendiente Entrega,NET_MRUIZSANCHC,SIM,3 sept 2026,null,null,No,ABIERTAS,null,Monolínea,Mono_item,Puno,null,null,null
Netcall,3 sept 2026,11,915670002,915670002Empty,9271,Outbound,Portabilidad Postpago,RETIRO EN TIENDA,Retiro en tienda,2104,ABIERTAS,Pendiente Entrega,Pendiente Entrega,NET_ACUEVAC,SIM,3 sept 2026,null,null,No,ABIERTAS,null,Monolínea,Mono_item,Puno,null,null,null
Netcall,2 sept 2026,18,915388747,9153887478171665615126,9283,Outbound,Portabilidad Postpago,RETIRO EN TIENDA,Retiro en tienda,2104,ABIERTAS,Pendiente Entrega,Pendiente Entrega,TLV_NET_OCCONA,SIM,2 sept 2026,null,null,No,ABIERTAS,null,Multilínea,Mono_item,Puno,null,null,Power ilim 79.90 SD N
Netcall,1 sept 2026,10,914790998,9147909988165532991318,9283,Outbound,Portabilidad Postpago,RETIRO EN TIENDA,Retiro en tienda,2104,CANCELADAS,Cancelado,Cancelado,NET_RDULANTORO,SIM,1 sept 2026,null,null,No,CANCELADAS,2026-09-01 11:28:28,Monolínea,Mono_item,Puno,null,null,Power 59.90 N
Netcall,1 sept 2026,16,914901921,9149019218166711676844,9283,Outbound,Venta Regular / Alta,RETIRO EN TIENDA,Retiro en tienda,2104,CERRADAS,Entregado,Entregado,NET_SSALAZARV,SIM,1 sept 2026,1 sept 2026,01/09/2026,Sí,CERRADAS,2026-09-01 17:18:20,Monolínea,Mono_item,Puno,19.95,Power ilim 79.90 SD N,Power ilim 79.90 SD N
Netcall,1 sept 2026,13,914851167,9148511678166147522084,9283,Outbound,Portabilidad Postpago,RETIRO EN TIENDA,Retiro en tienda,2104,CERRADAS,Entregado,Entregado,NET_LFLORESY,SIM,1 sept 2026,1 sept 2026,02/09/2026,Sí,CERRADAS,2026-09-02 02:11:10,Monolínea,Mono_item,Puno,29.95,Power 59.90 N,Power 59.90 N
Netcall,2 sept 2026,18,915387498,9153874988171654382690,9283,Outbound,Portabilidad Postpago,RETIRO EN TIENDA,Retiro en tienda,2104,ABIERTAS,Pendiente Entrega,Pendiente Entrega,TLV_NET_OCCONA,SIM,2 sept 2026,null,null,No,ABIERTAS,null,Multilínea,Mono_item,Puno,null,null,Power ilim 79.90 SD N
Netcall,2 sept 2026,6,915136835,9151368358169339669677,9283,Outbound,Portabilidad Postpago,RETIRO EN TIENDA,Retiro en tienda,2104,CERRADAS,Entregado,Entregado,NET_JLUCIANOT,SIM,2 sept 2026,2 sept 2026,null,No,CERRADAS,2026-09-03 01:21:14,Monolínea,Mono_item,Puno,null,Power ilim 69.90 N,Power ilim 69.90 N
Netcall,3 sept 2026,9,915624111,915624111Empty,9283,Outbound,Portabilidad Postpago,RETIRO EN TIENDA,Retiro en tienda,2104,ABIERTAS,Pendiente Entrega,Pendiente Entrega,NET_ARIVERA,SIM,3 sept 2026,null,null,No,ABIERTAS,null,Monolínea,Mono_item,Puno,null,null,null
Netcall,1 sept 2026,15,914869476,9148694768166352251819,9283,Outbound,Portabilidad Postpago,PROGRAMADO,Logixtal,9001,ABIERTAS,Pendiente Entrega,Pendiente Entrega,NET_GHERRERAG,SIM,3 sept 2026,null,null,No,ABIERTAS,null,Monolínea,Mono_item,Lima - Callao,null,null,Power ilim 69.90 N
Netcall,1 sept 2026,16,914895543,9148955438166637913918,9283,Outbound,Portabilidad Postpago,PROGRAMADO,Logixtal,9001,CERRADAS,Entregado,Entregado,NET_BCUSQUISIVA,SIM,2 sept 2026,2 sept 2026,null,No,CERRADAS,2026-09-03 00:59:21,Multilínea,Mono_item,Lima - Callao,null,Power ilim 79.90 SD N,Power ilim 79.90 SD N
Netcall,2 sept 2026,17,915351913,9153519138171287905546,9283,Outbound,Portabilidad Postpago,EXPRESS,Logixtal,9001,ABIERTAS,Pendiente Entrega,Pendiente Entrega,NET_BCUSQUISIVA,SIM,2 sept 2026,null,null,No,ABIERTAS,null,Monolínea,Mono_item,Lima - Callao,null,null,Power ilim 79.90 SD N
Netcall,3 sept 2026,10,915651717,91565171789511710111071548230,9283,Outbound,Portabilidad Postpago,EXPRESS,Logixtal,9001,ABIERTAS,Entregado,Entregado,NET_MORIHUELAQ,SIM,3 sept 2026,null,null,No,ABIERTAS,null,Monolínea,Mono_item,Lima - Callao,null,null,null
Netcall,3 sept 2026,12,915688721,91568872189511710101080365197,9283,Outbound,Portabilidad Postpago,EXPRESS,Logixtal,9001,ABIERTAS,Pendiente Entrega,Pendiente de Picking,NET_GSILVAF,SIM,3 sept 2026,null,null,No,ABIERTAS,null,Monolínea,Mono_item,Lima - Callao,null,null,null
Netcall,1 sept 2026,9,914760614,9147606148165254753091,9283,Outbound,Venta Regular / Alta,EXPRESS,Logixtal,9001,CERRADAS,Entregado,Entregado,NET_SDIAZO,SIM,1 sept 2026,1 sept 2026,01/09/2026,Sí,CERRADAS,2026-09-01 12:26:08,Multilínea,Mono_item,Lima - Callao,39.95,Power ilim 79.90 SD N,Power ilim 79.90 SD N
Netcall,3 sept 2026,12,915680441,91568044189511710111071548248,9283,Outbound,Portabilidad Postpago,EXPRESS,Logixtal,9001,ABIERTAS,Entregado,Entregado,NET_LCASTILLORI,SIM,3 sept 2026,null,null,No,ABIERTAS,null,Monolínea,Mono_item,Lima - Callao,null,null,null
Netcall,1 sept 2026,9,914758065,9147580658165235638041,9283,Outbound,Portabilidad Prepago,EXPRESS,Logixtal,9001,CERRADAS,Entregado,Entregado,NET_SDIAZO,SIM,1 sept 2026,1 sept 2026,02/09/2026,Sí,CERRADAS,2026-09-02 03:19:33,Multilínea,Mono_item,Lima - Callao,19.95,Power ilim 79.90 SD N,Power ilim 79.90 SD N
Netcall,1 sept 2026,16,914894826,914894826,9283,Outbound,Portabilidad Postpago,PROGRAMADO,Logixtal,9001,CERRADAS,Entregado,Entregado,NET_BCUSQUISIVA,SIM,2 sept 2026,2 sept 2026,null,No,CERRADAS,2026-09-03 00:34:06,Multilínea,Mono_item,Lima - Callao,null,Power ilim 79.90 SD N,null
Netcall,1 sept 2026,12,914836486,9148364868165987535013,9283,Outbound,Portabilidad Postpago,EXPRESS,Logixtal,9001,CERRADAS,Entregado,Entregado,TLV_NET_BCHAVEZ,SIM,1 sept 2026,1 sept 2026,02/09/2026,Sí,CERRADAS,2026-09-02 01:26:33,Monolínea,Mono_item,Lima - Callao,39.95,Power ilim 79.90 SD N,Power ilim 79.90 SD N
Netcall,1 sept 2026,16,914896477,9148964778166648087921,9283,Outbound,Portabilidad Postpago,EXPRESS,Logixtal,9001,CANCELADAS,Anulado,CLIENTE DESISTE - CONTRAOFERTA,NET_RMRAMIREZ,SIM,1 sept 2026,null,null,No,CANCELADAS,2026-09-02 19:26:24,Monolínea,Mono_item,Lima - Callao,null,null,Power 39.90 N
Netcall,1 sept 2026,18,914938096,9149380968167078629559,9271,Outbound,Portabilidad Postpago,PROGRAMADO,Logixtal,9001,CANCELADAS,Anulado,CLIENTE DESISTE - INFORMACIÓN INCORRECTA,NET_SPALACIOSA,SIM,2 sept 2026,null,null,No,CANCELADAS,2026-09-02 11:40:41,Monolínea,Mono_item,Lima - Callao,null,null,Power 59.90 N
Netcall,2 sept 2026,13,915288187,915288187,9283,Outbound,Portabilidad Postpago,EXPRESS,Logixtal,9001,CERRADAS,Entregado,Entregado,NET_LTAMAYOD,SIM,2 sept 2026,2 sept 2026,null,No,CERRADAS,2026-09-03 00:07:05,Monolínea,Mono_item,Lima - Callao,null,Power ilim 79.90 SD N,null
Netcall,1 sept 2026,16,914893682,914893682,9283,Outbound,Portabilidad Postpago,PROGRAMADO,Logixtal,9001,CERRADAS,Entregado,Entregado,NET_BCUSQUISIVA,SIM,2 sept 2026,2 sept 2026,null,No,CERRADAS,2026-09-03 00:40:16,Multilínea,Mono_item,Lima - Callao,null,Power ilim 79.90 SD N,null
Netcall,2 sept 2026,9,915225159,915225159,9283,Outbound,Portabilidad Postpago,EXPRESS,Logixtal,9001,CERRADAS,Entregado,Entregado,NET_IQUEREVALUL,SIM,2 sept 2026,2 sept 2026,null,No,CERRADAS,2026-09-03 00:10:04,Monolínea,Mono_item,Lima - Callao,null,Power ilim 79.90 SD N,null
Netcall,3 sept 2026,13,915693549,91569354989511710101080365189,9283,Outbound,Portabilidad Postpago,EXPRESS,Logixtal,9001,ABIERTAS,Entregado,Entregado,NET_JCAVEROC,SIM,3 sept 2026,null,null,No,ABIERTAS,null,Monolínea,Mono_item,Lima - Callao,null,null,null
Netcall,3 sept 2026,10,915632701,91563270189511710101080365262,9283,Outbound,Portabilidad Postpago,EXPRESS,Logixtal,9001,ABIERTAS,Entregado,Entregado,NET_ATORRESP,SIM,3 sept 2026,null,null,No,ABIERTAS,null,Monolínea,Mono_item,Lima - Callao,null,null,null
Netcall,1 sept 2026,10,914778037,9147780378165414400783,5299,Outbound,Portabilidad Postpago,EXPRESS,Logixtal,9001,CANCELADAS,Anulado,DIRECCIÓN ERRADA,NET_JBOZAC,SIM,1 sept 2026,null,null,No,CANCELADAS,2026-09-01 10:39:13,Monolínea,Mono_item,Lima - Callao,null,null,Power 59.90 N
Netcall,1 sept 2026,9,914769943,9147699438165331628033,9283,Outbound,Portabilidad Postpago,EXPRESS,Logixtal,9001,CERRADAS,Entregado,Entregado,NET_GSANCHEZO,SIM,1 sept 2026,1 sept 2026,02/09/2026,Sí,CERRADAS,2026-09-02 01:35:14,Monolínea,Mono_item,Lima - Callao,29.95,Power 59.90 N,Power 59.90 N
Netcall,1 sept 2026,14,914856704,9148567048166215149710,9283,Outbound,Portabilidad Postpago,EXPRESS,Logixtal,9001,CERRADAS,Entregado,Entregado,NET_YCASTILLOO,SIM,1 sept 2026,1 sept 2026,02/09/2026,Sí,CERRADAS,2026-09-02 00:23:37,Multilínea,Mono_item,Lima - Callao,39.95,Power ilim 79.90 SD N,Power ilim 79.90 SD N
Netcall,1 sept 2026,17,914912096,9149120968166825711502,9283,Outbound,Portabilidad Postpago,EXPRESS,Logixtal,9001,ABIERTAS,Pendiente Entrega,Pendiente Entrega,TLV_NET_SVALDEZ,SIM,1 sept 2026,null,null,No,ABIERTAS,null,Multilínea,Mono_item,Lima - Callao,null,null,Power ilim 79.90 SD N
Netcall,1 sept 2026,11,914816284,9148162848165787580430,9283,Outbound,Portabilidad Postpago,EXPRESS,Logixtal,9001,CERRADAS,Entregado,Entregado,NET_LMUSAYONS,SIM,1 sept 2026,1 sept 2026,02/09/2026,Sí,CERRADAS,2026-09-02 00:55:13,Multilínea,Multi_item,Lima - Callao,19.95,Power ilim 79.90 SD N,Power ilim 79.90 SD N
Netcall,2 sept 2026,16,915340076,9153400768171159124371,9271,Outbound,Portabilidad Postpago,EXPRESS,Logixtal,9001,CERRADAS,Entregado,Entregado,NET_SNIMAG,SIM,2 sept 2026,2 sept 2026,null,No,CERRADAS,2026-09-03 01:55:27,Monolínea,Mono_item,Lima - Callao,null,Power ilim 79.90 SD N,Power ilim 79.90 SD N
Netcall,3 sept 2026,12,915682129,91568212989511710111073797264,9271,Outbound,Portabilidad Postpago,EXPRESS,Logixtal,9001,ABIERTAS,Entregado,Entregado,NET_SBACAD,SIM,3 sept 2026,null,null,No,ABIERTAS,null,Monolínea,Mono_item,Lima - Callao,null,null,null
Netcall,2 sept 2026,16,915342955,9153429558171192885101,9283,Outbound,Portabilidad Postpago,EXPRESS,Logixtal,9001,ABIERTAS,Entregado,Entregado,NET_ADOMINGUEZF,SIM,2 sept 2026,2 sept 2026,null,No,ABIERTAS,null,Multilínea,Mono_item,Lima - Callao,null,null,Power ilim 79.90 SD N
Netcall,3 sept 2026,12,915685525,91568552589511710111071527986,9283,Outbound,Portabilidad Postpago,EXPRESS,Logixtal,9001,CANCELADAS,Pendiente Entrega,Pendiente de Picking,NET_MMACHACAM,SIM,3 sept 2026,null,null,No,CANCELADAS,2026-09-03 14:14:20,Monolínea,Mono_item,Lima - Callao,null,null,null
Netcall,1 sept 2026,17,914913296,9149132968166837168952,9283,Outbound,Portabilidad Postpago,EXPRESS,Logixtal,9001,CERRADAS,Entregado,Entregado,NET_AARANAS,SIM,1 sept 2026,1 sept 2026,02/09/2026,Sí,CERRADAS,2026-09-02 00:32:35,Monolínea,Mono_item,Lima - Callao,39.95,Power ilim 79.90 SD N,Power ilim 79.90 SD N
Netcall,1 sept 2026,14,914857706,9148577068166224533336,9283,Outbound,Portabilidad Postpago,EXPRESS,Logixtal,9001,CERRADAS,Entregado,Entregado,NET_YCASTILLOO,SIM,1 sept 2026,1 sept 2026,02/09/2026,Sí,CERRADAS,2026-09-02 01:37:36,Multilínea,Mono_item,Lima - Callao,19.95,Power ilim 79.90 SD N,Power ilim 79.90 SD N
Netcall,1 sept 2026,12,914826268,9148262688165883450561,9283,Outbound,Venta Regular / Alta,EXPRESS,Logixtal,9001,CERRADAS,Entregado,Entregado,NET_BROMANS,SIM,1 sept 2026,1 sept 2026,01/09/2026,Sí,CERRADAS,2026-09-01 14:12:44,Monolínea,Mono_item,Lima - Callao,59.9,Power 59.90 N,Power 59.90 N
Netcall,3 sept 2026,14,915714131,915714131Empty,9283,Outbound,Venta Regular / Alta,EXPRESS,Logixtal,9001,ABIERTAS,Pendiente Entrega,Pendiente de Picking,NET_SRAMOSC,SIM,3 sept 2026,null,null,No,ABIERTAS,null,Monolínea,Mono_item,Lima - Callao,null,null,null
Netcall,2 sept 2026,17,915365394,9153653948171427143178,9283,Outbound,Portabilidad Postpago,EXPRESS,Logixtal,9001,ABIERTAS,Entregado,Entregado,NET_JCHEROO,SIM,2 sept 2026,2 sept 2026,null,No,ABIERTAS,null,Monolínea,Mono_item,Lima - Callao,null,null,Power ilim 69.90 N
Netcall,1 sept 2026,17,914910913,9149109138166808857655,9283,Outbound,Portabilidad Postpago,EXPRESS,Logixtal,9001,ABIERTAS,Pendiente Entrega,Pendiente Entrega,TLV_NET_SVALDEZ,SIM,1 sept 2026,null,null,No,ABIERTAS,null,Multilínea,Mono_item,Lima - Callao,null,null,Power ilim 79.90 SD N
Netcall,2 sept 2026,17,915352455,9153524558171289080676,9283,Outbound,Portabilidad Postpago,EXPRESS,Logixtal,9001,CERRADAS,Entregado,Entregado,NET_MFERRER,SIM,2 sept 2026,2 sept 2026,null,No,CERRADAS,2026-09-03 01:41:36,Monolínea,Mono_item,Lima - Callao,null,Power 59.90 N,Power 59.90 N
Netcall,3 sept 2026,11,915660005,91566000589511710111071527556,9283,Outbound,Portabilidad Postpago,EXPRESS,Logixtal,9001,ABIERTAS,Pendiente Entrega,Pendiente de Picking,NET_CRAMOSC,SIM,3 sept 2026,null,null,No,ABIERTAS,null,Monolínea,Mono_item,Lima - Callao,null,null,null
Netcall,1 sept 2026,16,914884140,9148841408166514973248,9283,Outbound,Portabilidad Postpago,EXPRESS,Logixtal,9001,CERRADAS,Entregado,Entregado,NET_CLOPEZA,SIM,1 sept 2026,1 sept 2026,02/09/2026,Sí,CERRADAS,2026-09-02 02:49:19,Monolínea,Mono_item,Lima - Callao,39.95,Power ilim 79.90 SD N,Power ilim 79.90 SD N
Netcall,3 sept 2026,14,915716259,91571625989511710101029982409,9283,Outbound,Portabilidad Postpago,EXPRESS,Logixtal,9001,ABIERTAS,Pendiente Entrega,Pendiente de Picking,NET_LFLORESY,SIM,3 sept 2026,null,null,No,ABIERTAS,null,Monolínea,Mono_item,Lima - Callao,null,null,null
Netcall,1 sept 2026,14,914855409,9148554098166198666967,9283,Outbound,Portabilidad Postpago,EXPRESS,Logixtal,9001,CERRADAS,Entregado,Entregado,NET_AARANDAB,SIM,1 sept 2026,1 sept 2026,02/09/2026,Sí,CERRADAS,2026-09-02 00:58:42,Monolínea,Mono_item,Lima - Callao,29.95,Power 59.90 N,Power 59.90 N
Netcall,3 sept 2026,12,915678447,91567844789511710111073785772,9283,Outbound,Venta Regular / Alta,EXPRESS,Logixtal,9001,ABIERTAS,Entregado,Entregado,NET_LRUIZH,SIM,3 sept 2026,null,null,No,ABIERTAS,null,Monolínea,Mono_item,Lima - Callao,null,null,null
Netcall,1 sept 2026,18,914936013,9149360138167057509846,9283,Outbound,Portabilidad Postpago,PROGRAMADO,Logixtal,9001,CANCELADAS,Anulado,CLIENTE DESISTE - NO BRINDA MOTIVOS,NET_AARANAS,SIM,2 sept 2026,null,null,No,CANCELADAS,2026-09-02 15:27:19,Multilínea,Multi_item,Lima - Callao,null,null,Power 59.90 N
Netcall,3 sept 2026,10,915649870,91564987089511710111071527549,9283,Outbound,Portabilidad Postpago,EXPRESS,Logixtal,9001,ABIERTAS,Pendiente Entrega,Pendiente de Picking,NET_GMENDIGUETE,SIM,3 sept 2026,null,null,No,ABIERTAS,null,Monolínea,Mono_item,Lima - Callao,null,null,null
Netcall,1 sept 2026,15,914867564,9148675648166334592418,9283,Outbound,Portabilidad Postpago,EXPRESS,Logixtal,9001,CERRADAS,Entregado,Entregado,NET_MCVASQUEZ,SIM,1 sept 2026,1 sept 2026,02/09/2026,Sí,CERRADAS,2026-09-02 00:23:50,Monolínea,Mono_item,Lima - Callao,29.95,Power 59.90 N,Power 59.90 N
Netcall,1 sept 2026,16,914901857,9149018578166711908383,9283,Outbound,Portabilidad Postpago,EXPRESS,Logixtal,9001,CERRADAS,Entregado,Entregado,NET_MCELISG,SIM,1 sept 2026,1 sept 2026,null,No,CERRADAS,2026-09-03 03:36:17,Multilínea,Mono_item,Lima - Callao,null,Power ilim 79.90 SD N,Power ilim 79.90 SD N
Netcall,1 sept 2026,12,914834338,9148343388165970325683,9283,Outbound,Portabilidad Postpago,EXPRESS,Logixtal,9001,CERRADAS,Entregado,Entregado,NET_MORIHUELAQ,SIM,1 sept 2026,1 sept 2026,02/09/2026,Sí,CERRADAS,2026-09-02 01:17:49,Monolínea,Mono_item,Lima - Callao,39.95,Power ilim 79.90 SD N,Power ilim 79.90 SD N
Netcall,1 sept 2026,17,914904015,9149040158166736895491,9283,Outbound,Portabilidad Postpago,EXPRESS,Logixtal,9001,CERRADAS,Entregado,Entregado,NET_MCELISG,SIM,1 sept 2026,1 sept 2026,null,No,CERRADAS,2026-09-03 00:43:05,Multilínea,Mono_item,Lima - Callao,null,Power ilim 79.90 SD N,Power ilim 79.90 SD N
Netcall,1 sept 2026,15,914880604,9148806048166478906769,9283,Outbound,Portabilidad Postpago,EXPRESS,Logixtal,9001,CERRADAS,Entregado,Entregado,TLV_NET_JMORO,SIM,1 sept 2026,1 sept 2026,02/09/2026,Sí,CERRADAS,2026-09-02 00:29:09,Monolínea,Mono_item,Lima - Callao,29.95,Power 59.90 N,Power 59.90 N
Netcall,1 sept 2026,14,914854068,9148540688166185318479,9283,Outbound,Portabilidad Postpago,EXPRESS,Logixtal,9001,CERRADAS,Entregado,Entregado,TLV_NET_CSILVAP,SIM,1 sept 2026,1 sept 2026,02/09/2026,Sí,CERRADAS,2026-09-02 00:49:19,Multilínea,Mono_item,Lima - Callao,19.95,Power ilim 79.90 SD N,Power ilim 79.90 SD N
Netcall,3 sept 2026,14,915712221,915712221Empty,9283,Outbound,Portabilidad Postpago,EXPRESS,Logixtal,9001,ABIERTAS,Pendiente Entrega,Pendiente de Picking,NET_TMUNOZCALDE,SIM,3 sept 2026,null,null,No,ABIERTAS,null,Monolínea,Mono_item,Lima - Callao,null,null,null
Netcall,1 sept 2026,17,914905762,9149057628166756595692,9283,Outbound,Portabilidad Postpago,EXPRESS,Logixtal,9001,CERRADAS,Entregado,Entregado,NET_MCELISG,SIM,1 sept 2026,1 sept 2026,null,No,CERRADAS,2026-09-03 01:36:49,Multilínea,Mono_item,Lima - Callao,null,Power ilim 79.90 SD N,Power ilim 79.90 SD N
Netcall,3 sept 2026,12,915685733,915685733Empty,9283,Outbound,Portabilidad Postpago,PROGRAMADO,Logixtal,9001,ABIERTAS,Pendiente Entrega,Pendiente de Picking,NET_BBELLIDOP,SIM,5 sept 2026,null,null,No,ABIERTAS,null,Monolínea,Mono_item,Lima - Callao,null,null,null
Netcall,2 sept 2026,17,915370302,9153703028171478396962,5299,Outbound,Portabilidad Postpago,EXPRESS,Logixtal,9001,ABIERTAS,Pendiente Entrega,Pendiente Entrega,NET_CSIRRAZABAC,SIM,2 sept 2026,null,null,No,ABIERTAS,null,Monolínea,Mono_item,Lima - Callao,null,null,Power ilim 79.90 SD N
Netcall,3 sept 2026,9,915629590,91562959089511710101080504712,9283,Outbound,Portabilidad Postpago,PROGRAMADO,Logixtal,9001,ABIERTAS,Pendiente Entrega,Pendiente de Picking,NET_DMORENOL,SIM,5 sept 2026,null,null,No,ABIERTAS,null,Multilínea,Mono_item,Lima - Callao,null,null,null
Netcall,1 sept 2026,17,914904586,9149045868166740571943,9283,Outbound,Portabilidad Postpago,EXPRESS,Logixtal,9001,CERRADAS,Entregado,Entregado,NET_DFRANCIAH,SIM,1 sept 2026,1 sept 2026,02/09/2026,Sí,CERRADAS,2026-09-02 01:12:31,Monolínea,Mono_item,Lima - Callao,29.91303,Power ilim 79.90 SD N,Power ilim 79.90 SD N
Netcall,1 sept 2026,15,914881052,9148810528166485029141,9283,Outbound,Portabilidad Postpago,EXPRESS,Logixtal,9001,CERRADAS,Entregado,Entregado,NET_VZEGARRAAGU,SIM,1 sept 2026,1 sept 2026,null,No,CERRADAS,2026-09-03 03:35:23,Monolínea,Mono_item,Lima - Callao,null,Power ilim 79.90 SD N,Power ilim 79.90 SD N
Netcall,3 sept 2026,9,915627661,91562766189511710101080504613,9283,Outbound,Portabilidad Postpago,PROGRAMADO,Logixtal,9001,ABIERTAS,Pendiente Entrega,Pendiente de Picking,TLV_NET_JSOTOZ,SIM,4 sept 2026,null,null,No,ABIERTAS,null,Monolínea,Mono_item,Lima - Callao,null,null,null
Netcall,1 sept 2026,16,914900076,914900076,9283,Outbound,Portabilidad Postpago,EXPRESS,Logixtal,9001,CERRADAS,Entregado,Entregado,NET_MCELISG,SIM,1 sept 2026,1 sept 2026,null,No,CERRADAS,2026-09-03 00:38:08,Multilínea,Mono_item,Lima - Callao,null,Power ilim 79.90 SD N,null
Netcall,1 sept 2026,14,914861680,9148616808166267336814,9283,Outbound,Portabilidad Postpago,EXPRESS,Logixtal,9001,CERRADAS,Entregado,Entregado,TLV_NET_CURCIAR,SIM,1 sept 2026,1 sept 2026,02/09/2026,Sí,CERRADAS,2026-09-02 01:46:43,Monolínea,Mono_item,Lima - Callao,39.95,Power ilim 79.90 SD N,Power ilim 79.90 SD N
Netcall,1 sept 2026,16,914898425,9148984258166668881512,9283,Outbound,Portabilidad Postpago,EXPRESS,Logixtal,9001,CERRADAS,Entregado,Entregado,NET_MCELISG,SIM,1 sept 2026,1 sept 2026,null,No,CERRADAS,2026-09-03 02:33:27,Multilínea,Mono_item,Lima - Callao,null,Power ilim 79.90 SD N,Power ilim 79.90 SD N
Netcall,2 sept 2026,11,915258863,9152588638170315807545,9283,Outbound,Portabilidad Postpago,EXPRESS,Logixtal,9001,CERRADAS,Entregado,Entregado,NET_TANCHANTEG,SIM,2 sept 2026,2 sept 2026,null,No,CERRADAS,2026-09-03 02:33:15,Multilínea,Mono_item,Lima - Callao,null,Power ilim 79.90 SD N,Power ilim 79.90 SD N
Netcall,1 sept 2026,0,914593079,9145930798163503785676,9283,Outbound,Portabilidad Postpago,EXPRESS,Logixtal,9001,CERRADAS,Entregado,Entregado,NET_JAMASIFUENT,SIM,1 sept 2026,1 sept 2026,02/09/2026,Sí,CERRADAS,2026-09-02 01:34:09,Monolínea,Mono_item,Lima - Callao,29.95,Power 59.90 N,Power 59.90 N
Netcall,2 sept 2026,16,915341003,9153410038171173745649,9283,Outbound,Portabilidad Postpago,EXPRESS,Logixtal,9001,CERRADAS,Entregado,Entregado,NET_AARANAS,SIM,2 sept 2026,2 sept 2026,null,No,CERRADAS,2026-09-03 01:50:29,Multilínea,Multi_item,Lima - Callao,null,Power 59.90 N,Power 59.90 N
Netcall,2 sept 2026,11,915250924,9152509248170238304942,9283,Outbound,Portabilidad Postpago,EXPRESS,Logixtal,9001,CANCELADAS,Anulado,PUNTO DE ENCUENTRO CAMUFLADO,NET_LTVENTURAG,SIM,2 sept 2026,null,null,No,CANCELADAS,2026-09-02 11:57:27,Monolínea,Mono_item,Lima - Callao,null,null,Power ilim 79.90 SD N
Netcall,2 sept 2026,16,915341003,9153410038171173745430,9283,Outbound,Portabilidad Postpago,EXPRESS,Logixtal,9001,CERRADAS,Entregado,Entregado,NET_AARANAS,SIM,2 sept 2026,2 sept 2026,null,No,CERRADAS,2026-09-03 01:50:29,Multilínea,Multi_item,Lima - Callao,null,Power 59.90 N,Power 59.90 N
Netcall,1 sept 2026,19,914955654,9149556548167256839884,9283,Outbound,Portabilidad Postpago,PROGRAMADO,Logixtal,9001,CANCELADAS,Entregado,Entregado,NET_JTORRESQ,SIM,2 sept 2026,2 sept 2026,null,No,CANCELADAS,2026-09-02 22:00:36,Monolínea,Mono_item,Lima - Callao,null,null,Power 59.90 N
Netcall,1 sept 2026,16,914856098,9148560988166512041578,9271,Outbound,Portabilidad Postpago,EXPRESS,Logixtal,9001,CERRADAS,Entregado,Entregado,NET_LTVENTURAG,SIM,1 sept 2026,1 sept 2026,02/09/2026,Sí,CERRADAS,2026-09-02 01:40:11,Monolínea,Mono_item,Lima - Callao,29.95,Power 59.90 N,Power 59.90 N
Netcall,2 sept 2026,17,915359447,9153594478171368688365,9283,Outbound,Venta Regular / Alta,EXPRESS,Logixtal,9001,ABIERTAS,Pendiente Entrega,Pendiente Entrega,NET_MCHAMPIR,SIM,2 sept 2026,null,null,No,ABIERTAS,null,Monolínea,Mono_item,Lima - Callao,null,null,Power 39.90 N
Netcall,3 sept 2026,10,915634930,91563493089511710111073785905,9283,Outbound,Venta Regular / Alta,EXPRESS,Logixtal,9001,CERRADAS,Entregado,Entregado,NET_OSANCHEZP,SIM,3 sept 2026,3 sept 2026,null,No,CERRADAS,2026-09-03 11:50:08,Multilínea,Mono_item,Lima - Callao,null,Power ilim 79.90 SD N,null
Netcall,1 sept 2026,15,914883497,9148834978166510145851,9283,Outbound,Portabilidad Postpago,EXPRESS,Logixtal,9001,CERRADAS,Entregado,Entregado,NET_YCASTILLOO,SIM,1 sept 2026,1 sept 2026,02/09/2026,Sí,CERRADAS,2026-09-02 01:29:33,Monolínea,Mono_item,Lima - Callao,29.95,Power 59.90 N,Power 59.90 N
Netcall,1 sept 2026,8,914735355,9147353558165070640963,9283,Outbound,Portabilidad Postpago,EXPRESS,Logixtal,9001,CANCELADAS,Anulado,PIN PORTA_NO VALIDO,NET_SLAZOB,SIM,1 sept 2026,null,null,No,CANCELADAS,2026-09-01 15:14:15,Monolínea,Mono_item,Lima - Callao,null,null,Power 59.90 N
Netcall,1 sept 2026,16,914892716,9148927168166609733212,9283,Outbound,Portabilidad Postpago,EXPRESS,Logixtal,9001,CERRADAS,Entregado,Entregado,NET_CTRAVIM,SIM,1 sept 2026,1 sept 2026,02/09/2026,Sí,CERRADAS,2026-09-02 01:16:55,Monolínea,Mono_item,Lima - Callao,39.95,Power ilim 79.90 SD N,Power ilim 79.90 SD N
Netcall,1 sept 2026,16,914897344,9148973448166658529225,9283,Outbound,Portabilidad Postpago,EXPRESS,Logixtal,9001,CERRADAS,Entregado,Entregado,NET_JFAJARDOR,SIM,1 sept 2026,1 sept 2026,02/09/2026,Sí,CERRADAS,2026-09-02 01:59:20,Monolínea,Mono_item,Lima - Callao,39.95,Power ilim 79.90 SD N,Power ilim 79.90 SD N
Netcall,1 sept 2026,14,914854523,9148545238166188549944,9283,Outbound,Portabilidad Postpago,EXPRESS,Logixtal,9001,CERRADAS,Entregado,Entregado,NET_DREVILLAN,SIM,1 sept 2026,1 sept 2026,02/09/2026,Sí,CERRADAS,2026-09-02 01:33:35,Monolínea,Mono_item,Lima - Callao,29.95,Power 59.90 N,Power 59.90 N
Netcall,2 sept 2026,12,915277716,9152777168170511969704,9283,Outbound,Portabilidad Postpago,EXPRESS,Logixtal,9001,ABIERTAS,Pendiente Entrega,Pendiente Entrega,NET_MMREVILLA,SIM,2 sept 2026,null,null,No,ABIERTAS,null,Monolínea,Mono_item,Lima - Callao,null,null,Power 59.90 N
Netcall,2 sept 2026,16,915326363,9153263638171175896120,9283,Outbound,Portabilidad Postpago,EXPRESS,Logixtal,9001,CERRADAS,Entregado,Entregado,NET_ADOMINGUEZF,SIM,2 sept 2026,2 sept 2026,null,No,CERRADAS,2026-09-03 01:53:24,Multilínea,Mono_item,Lima - Callao,null,Power ilim 79.90 SD N,Power ilim 79.90 SD N
Netcall,1 sept 2026,13,914851722,9148517228166155364702,9283,Outbound,Portabilidad Postpago,EXPRESS,Logixtal,9001,CERRADAS,Entregado,Entregado,TLV_NET_CSILVAP,SIM,1 sept 2026,1 sept 2026,02/09/2026,Sí,CERRADAS,2026-09-02 01:12:10,Multilínea,Mono_item,Lima - Callao,19.95,Power ilim 79.90 SD N,Power ilim 79.90 SD N
Netcall,3 sept 2026,9,915623757,91562375789511710101080368183,5299,Outbound,Portabilidad Postpago,EXPRESS,Logixtal,9001,ABIERTAS,Entregado,Entregado,NET_JBOZAC,SIM,3 sept 2026,null,null,No,ABIERTAS,null,Monolínea,Mono_item,Lima - Callao,null,null,null
Netcall,2 sept 2026,11,915265973,9152659738170382986628,9265,Outbound,Portabilidad Postpago,PROGRAMADO,Logixtal,9001,ABIERTAS,No bop,No bop,NET_IRODRIGUEZS,SIM,4 sept 2026,null,null,No,ABIERTAS,null,Monolínea,Mono_item,Lima - Callao,null,null,Power 59.90 N
Netcall,1 sept 2026,9,914772674,9147726748165360908886,9283,Outbound,Venta Regular / Alta,EXPRESS,Logixtal,9001,CERRADAS,Entregado,Entregado,TLV_NET_JSILVAT,SIM,1 sept 2026,1 sept 2026,01/09/2026,Sí,CERRADAS,2026-09-01 16:29:54,Monolínea,Mono_item,Lima - Callao,29.91303,Power ilim 79.90 SD N,Power ilim 79.90 SD N
Netcall,1 sept 2026,13,914852831,9148528318166168585714,9283,Outbound,Portabilidad Postpago,EXPRESS,Logixtal,9001,CERRADAS,Entregado,Entregado,TLV_NET_CSILVAP,SIM,1 sept 2026,1 sept 2026,02/09/2026,Sí,CERRADAS,2026-09-02 01:17:02,Multilínea,Mono_item,Lima - Callao,39.95,Power ilim 79.90 SD N,Power ilim 79.90 SD N
Netcall,1 sept 2026,9,914774663,9147746638165381670078,9283,Outbound,Portabilidad Postpago,PROGRAMADO,Logixtal,9001,ABIERTAS,Pendiente Entrega,Pendiente Entrega,NET_GHERRERAG,SIM,3 sept 2026,null,null,No,ABIERTAS,null,Monolínea,Mono_item,Lima - Callao,null,null,Power 59.90 N
Netcall,1 sept 2026,18,914936013,9149360138167057509627,9283,Outbound,Portabilidad Postpago,PROGRAMADO,Logixtal,9001,CANCELADAS,Anulado,CLIENTE DESISTE - NO BRINDA MOTIVOS,NET_AARANAS,SIM,2 sept 2026,null,null,No,CANCELADAS,2026-09-02 15:27:19,Multilínea,Multi_item,Lima - Callao,null,null,Power 59.90 N
Netcall,2 sept 2026,16,915346623,915346623,9283,Outbound,Portabilidad Postpago,EXPRESS,Logixtal,9001,CERRADAS,Entregado,Entregado,NET_AARANAS,SIM,2 sept 2026,2 sept 2026,null,No,CERRADAS,2026-09-03 00:29:51,Multilínea,Mono_item,Lima - Callao,null,Power 59.90 N,null
Netcall,2 sept 2026,11,915260022,9152600228170321904475,9283,Outbound,Portabilidad Postpago,EXPRESS,Logixtal,9001,CERRADAS,Entregado,Entregado,NET_TANCHANTEG,SIM,2 sept 2026,2 sept 2026,null,No,CERRADAS,2026-09-03 01:45:57,Multilínea,Mono_item,Lima - Callao,null,Power ilim 79.90 SD N,Power ilim 79.90 SD N
Netcall,3 sept 2026,11,915655044,91565504489511710111073785798,9283,Outbound,Portabilidad Postpago,EXPRESS,Logixtal,9001,ABIERTAS,Pendiente Entrega,Pendiente de Picking,NET_AATOCHEH,SIM,3 sept 2026,null,null,No,ABIERTAS,null,Monolínea,Mono_item,Lima - Callao,null,null,null
Netcall,1 sept 2026,13,914839990,9148399908166028807139,9283,Outbound,Portabilidad Postpago,PROGRAMADO,Logixtal,9001,ABIERTAS,Pendiente Entrega,Pendiente Entrega,NET_GHERRERAG,SIM,3 sept 2026,null,null,No,ABIERTAS,null,Monolínea,Mono_item,Lima - Callao,null,null,Power ilim 69.90 N
Netcall,3 sept 2026,10,915633594,91563359489511710111073785970,9283,Outbound,Portabilidad Postpago,EXPRESS,Logixtal,9001,ABIERTAS,Entregado,Entregado,NET_OSANCHEZP,SIM,3 sept 2026,null,null,No,ABIERTAS,null,Multilínea,Mono_item,Lima - Callao,null,null,null
Netcall,1 sept 2026,9,914773616,9147736168165370717032,9271,Outbound,Venta Regular / Alta,EXPRESS,Logixtal,9001,CERRADAS,Entregado,Entregado,NET_CREYESJ,SIM,1 sept 2026,1 sept 2026,01/09/2026,Sí,CERRADAS,2026-09-01 12:46:32,Monolínea,Mono_item,Lima - Callao,29.91303,Power 59.90 N,Power 59.90 N
Netcall,2 sept 2026,16,915349983,915349983,9283,Outbound,Portabilidad Postpago,EXPRESS,Logixtal,9001,CERRADAS,Entregado,Entregado,NET_JYPEREZV,SIM,2 sept 2026,2 sept 2026,null,No,CERRADAS,2026-09-03 00:09:59,Monolínea,Mono_item,Lima - Callao,null,Power 59.90 N,null
Netcall,1 sept 2026,20,914960816,9149608168167303573928,9283,Outbound,Portabilidad Postpago,PROGRAMADO,Logixtal,9001,CANCELADAS,Anulado,CLIENTE DESISTE - NO BRINDA MOTIVOS,NET_AARANAS,SIM,2 sept 2026,null,null,No,CANCELADAS,2026-09-02 15:27:56,Multilínea,Mono_item,Lima - Callao,null,null,Power 59.90 N
Netcall,3 sept 2026,9,915630271,91563027189511710101080500926,9283,Outbound,Portabilidad Postpago,PROGRAMADO,Logixtal,9001,ABIERTAS,Pendiente Entrega,Pendiente de Picking,NET_DMORENOL,SIM,5 sept 2026,null,null,No,ABIERTAS,null,Multilínea,Mono_item,Lima - Callao,null,null,null
Netcall,2 sept 2026,12,915272772,9152727728170455214097,9283,Outbound,Portabilidad Postpago,PROGRAMADO,Logixtal,9001,ABIERTAS,Pendiente Entrega,Pendiente Entrega,NET_JCAVEROC,SIM,3 sept 2026,null,null,No,ABIERTAS,null,Monolínea,Mono_item,Lima - Callao,null,null,Power 59.90 N
Netcall,1 sept 2026,13,914850043,9148500438166133465855,9283,Outbound,Portabilidad Postpago,EXPRESS,Logixtal,9001,CERRADAS,Entregado,Entregado,TLV_NET_CSILVAP,SIM,1 sept 2026,1 sept 2026,02/09/2026,Sí,CERRADAS,2026-09-02 00:38:26,Multilínea,Mono_item,Lima - Callao,19.95,Power ilim 79.90 SD N,Power ilim 79.90 SD N
Netcall,2 sept 2026,13,915291793,9152917938170652612416,9271,Outbound,Portabilidad Postpago,EXPRESS,Logixtal,9001,CERRADAS,Entregado,Entregado,NET_LGOMEZA,SIM,2 sept 2026,2 sept 2026,null,No,CERRADAS,2026-09-03 02:37:50,Monolínea,Mono_item,Lima - Callao,null,Power ilim 69.90 N,Power ilim 69.90 N
Netcall,1 sept 2026,12,914824564,9148245648165867636205,9283,Outbound,Portabilidad Postpago,PROGRAMADO,Logixtal,9001,ABIERTAS,Pendiente Entrega,Pendiente Entrega,NET_LTELLOC,SIM,2 sept 2026,null,null,No,ABIERTAS,null,Monolínea,Mono_item,Lima - Callao,null,null,Power ilim 69.90 N
Netcall,1 sept 2026,18,914940303,9149403038167104683612,9271,Outbound,Venta Regular / Alta,PROGRAMADO,Logixtal,9001,CERRADAS,Entregado,Entregado,NET_VAYALAS,SIM,2 sept 2026,2 sept 2026,02/09/2026,Sí,CERRADAS,2026-09-02 16:43:11,Monolínea,Mono_item,Lima - Callao,39.9,Power 39.90 N,Power 39.90 N
Netcall,1 sept 2026,11,914816284,9148162848165787580211,9283,Outbound,Portabilidad Postpago,EXPRESS,Logixtal,9001,CERRADAS,Entregado,Entregado,NET_LMUSAYONS,SIM,1 sept 2026,1 sept 2026,02/09/2026,Sí,CERRADAS,2026-09-02 00:55:13,Multilínea,Multi_item,Lima - Callao,39.95,Power ilim 79.90 SD N,Power ilim 79.90 SD N
Netcall,1 sept 2026,16,914896310,9148963108166659501710,9283,Outbound,Portabilidad Postpago,EXPRESS,Logixtal,9342,CERRADAS,Entregado,Entregado,NET_MLFERNANDEV,SIM,1 sept 2026,1 sept 2026,02/09/2026,Sí,CERRADAS,2026-09-02 00:59:47,Monolínea,Mono_item,Lima - Callao,29.91303,Power 49.90 N,Power 49.90 N
Netcall,3 sept 2026,9,915626951,91562695189511710101029975783,9283,Outbound,Portabilidad Postpago,EXPRESS,Logixtal,9342,ABIERTAS,Pendiente Entrega,Pendiente de Picking,NET_GURBINAA,SIM,3 sept 2026,null,null,No,ABIERTAS,null,Monolínea,Mono_item,Lima - Callao,null,null,null
Netcall,1 sept 2026,11,914800068,9148000688165622172564,9283,Outbound,Portabilidad Postpago,EXPRESS,Logixtal,9342,CERRADAS,Entregado,Entregado,NET_SLIZARDOPER,SIM,1 sept 2026,1 sept 2026,02/09/2026,Sí,CERRADAS,2026-09-02 00:49:22,Monolínea,Mono_item,Lima - Callao,39.95,Power ilim 79.90 SD N,Power ilim 79.90 SD N
Netcall,1 sept 2026,12,914825897,9148258978165884933643,9283,Outbound,Portabilidad Postpago,PROGRAMADO,Logixtal,9342,ABIERTAS,Pendiente Entrega,Pendiente Entrega,NET_GHERRERAG,SIM,3 sept 2026,null,null,No,ABIERTAS,null,Monolínea,Mono_item,Lima - Callao,null,null,Power 59.90 N
Netcall,2 sept 2026,13,915289851,9152898518170726469213,9283,Outbound,Portabilidad Postpago,PROGRAMADO,Logixtal,9342,ABIERTAS,No bop,No bop,NET_GHERRERAG,SIM,4 sept 2026,null,null,No,ABIERTAS,null,Monolínea,Mono_item,Lima - Callao,null,null,Power ilim 79.90 SD N
Netcall,1 sept 2026,11,914797845,9147978458165602199036,9283,Outbound,Portabilidad Postpago,EXPRESS,Logixtal,9342,CANCELADAS,Anulado,DIRECCIÓN ERRADA,NET_GURBINAA,SIM,1 sept 2026,null,null,No,CANCELADAS,2026-09-02 15:49:52,Monolínea,Mono_item,Lima - Callao,null,null,Power ilim 69.90 N
Netcall,3 sept 2026,11,915660629,91566062989511710111067974358,9283,Outbound,Portabilidad Postpago,EXPRESS,Logixtal,9342,ABIERTAS,Entregado,Entregado,NET_JGUIOP,SIM,3 sept 2026,null,null,No,ABIERTAS,null,Multilínea,Mono_item,Lima - Callao,null,null,null
Netcall,2 sept 2026,10,915236871,9152368718170105684849,9283,Outbound,Portabilidad Postpago,EXPRESS,Logixtal,9342,ABIERTAS,Pendiente Entrega,Pendiente Entrega,NET_PSANCHEZE,SIM,2 sept 2026,null,null,No,ABIERTAS,null,Multilínea,Mono_item,Lima - Callao,null,null,Power ilim 79.90 SD N
Netcall,1 sept 2026,16,914892932,9148929328166606065327,9283,Outbound,Portabilidad Postpago,EXPRESS,Logixtal,9342,CANCELADAS,Anulado,PUNTO DE ENCUENTRO NO CONTACTADO,NET_JGUIOP,SIM,1 sept 2026,null,null,No,CANCELADAS,2026-09-02 20:25:24,Monolínea,Mono_item,Lima - Callao,null,null,Power ilim 69.90 N
Netcall,3 sept 2026,11,915659445,91565944589511710111067974366,9283,Outbound,Portabilidad Postpago,EXPRESS,Logixtal,9342,ABIERTAS,Entregado,Entregado,NET_JGUIOP,SIM,3 sept 2026,null,null,No,ABIERTAS,null,Multilínea,Mono_item,Lima - Callao,null,null,null
Netcall,3 sept 2026,11,915667857,91566785789511710111070873241,9283,Outbound,Portabilidad Postpago,EXPRESS,Logixtal,9342,ABIERTAS,Entregado,Entregado,NET_IMOGOLLONC,SIM,3 sept 2026,null,null,No,ABIERTAS,null,Monolínea,Mono_item,Lima - Callao,null,null,null
Netcall,1 sept 2026,16,914892935,9148929358166609821064,9283,Outbound,Portabilidad Postpago,EXPRESS,Logixtal,9342,CERRADAS,Entregado,Entregado,NET_JIYASHAMAR,SIM,1 sept 2026,1 sept 2026,02/09/2026,Sí,CERRADAS,2026-09-02 00:13:08,Monolínea,Mono_item,Lima - Callao,29.95,Power 59.90 N,Power 59.90 N
Netcall,2 sept 2026,10,915239341,9152393418170130146527,9283,Outbound,Portabilidad Postpago,EXPRESS,Logixtal,9342,ABIERTAS,Pendiente Entrega,Pendiente Entrega,NET_PSANCHEZE,SIM,2 sept 2026,null,null,No,ABIERTAS,null,Multilínea,Mono_item,Lima - Callao,null,null,Power ilim 79.90 SD N
Netcall,1 sept 2026,9,914767747,9147677478165308624402,9283,Outbound,Portabilidad Prepago,EXPRESS,Logixtal,9342,CERRADAS,Entregado,Entregado,NET_GHERRERAG,SIM,1 sept 2026,1 sept 2026,02/09/2026,Sí,CERRADAS,2026-09-02 00:34:08,Monolínea,Mono_item,Lima - Callao,39.95,Power ilim 79.90 SD N,Power ilim 79.90 SD N
Netcall,2 sept 2026,16,915350207,9153502078171270815733,5299,Outbound,Venta Regular / Alta,EXPRESS,Logixtal,9342,CERRADAS,Entregado,Entregado,NET_CSIRRAZABAC,SIM,2 sept 2026,2 sept 2026,02/09/2026,Sí,CERRADAS,2026-09-02 18:44:52,Multilínea,Mono_item,Lima - Callao,39.95,Power ilim 79.90 SD N,Power ilim 79.90 SD N
Netcall,1 sept 2026,14,914863558,9148635588166283297146,9283,Outbound,Portabilidad Postpago,EXPRESS,Logixtal,9342,CERRADAS,Entregado,Entregado,TLV_NET_ALANDAS,SIM,1 sept 2026,1 sept 2026,02/09/2026,Sí,CERRADAS,2026-09-02 01:57:23,Monolínea,Mono_item,Lima - Callao,39.95,Power ilim 79.90 SD N,Power ilim 79.90 SD N
Netcall,1 sept 2026,9,914769032,9147690328165326347606,9283,Outbound,Portabilidad Postpago,PROGRAMADO,Logixtal,9342,CANCELADAS,Anulado,CLIENTE SE ENCUENTRA DE VIAJE,TLV_NET_LVILLLA,SIM,2 sept 2026,null,null,No,CANCELADAS,2026-09-02 14:26:27,Monolínea,Mono_item,Lima - Callao,null,null,Power ilim 79.90 SD N
Netcall,1 sept 2026,12,914833161,9148331618165956085447,9283,Outbound,Portabilidad Postpago,EXPRESS,Logixtal,9342,CERRADAS,Entregado,Entregado,NET_EZAPATAC,SIM,1 sept 2026,1 sept 2026,02/09/2026,Sí,CERRADAS,2026-09-02 01:25:35,Monolínea,Mono_item,Lima - Callao,34.95,Power ilim 69.90 N,Power ilim 69.90 N
Netcall,1 sept 2026,15,914882237,9148822378166499156012,9283,Outbound,Portabilidad Postpago,EXPRESS,Logixtal,9342,CERRADAS,Entregado,Entregado,NET_CULLOAC,SIM,1 sept 2026,1 sept 2026,02/09/2026,Sí,CERRADAS,2026-09-02 01:57:59,Multilínea,Multi_item,Lima - Callao,19.95,Power ilim 79.90 SD N,Power ilim 79.90 SD N
Netcall,3 sept 2026,12,915685096,915685096Empty,9283,Outbound,Portabilidad Postpago,PROGRAMADO,Logixtal,9342,ABIERTAS,Pendiente Entrega,Pendiente de Picking,TLV_NET_LVILLLA,SIM,5 sept 2026,null,null,No,ABIERTAS,null,Monolínea,Mono_item,Lima - Callao,null,null,null
Netcall,3 sept 2026,12,915689496,91568949689511710111067974341,9283,Outbound,Portabilidad Postpago,EXPRESS,Logixtal,9342,ABIERTAS,Pendiente Entrega,Pendiente de Picking,NET_JSIADEN,SIM,3 sept 2026,null,null,No,ABIERTAS,null,Monolínea,Mono_item,Lima - Callao,null,null,null
Netcall,1 sept 2026,15,914882237,9148822378166499156231,9283,Outbound,Portabilidad Postpago,EXPRESS,Logixtal,9342,CERRADAS,Entregado,Entregado,NET_CULLOAC,SIM,1 sept 2026,1 sept 2026,02/09/2026,Sí,CERRADAS,2026-09-02 01:57:59,Multilínea,Multi_item,Lima - Callao,39.95,Power ilim 79.90 SD N,Power ilim 79.90 SD N
Netcall,1 sept 2026,13,914840251,9148402518166035574611,9283,Outbound,Portabilidad Postpago,EXPRESS,Logixtal,9342,CERRADAS,Entregado,Entregado,NET_IQUEREVALUL,SIM,1 sept 2026,1 sept 2026,02/09/2026,Sí,CERRADAS,2026-09-02 00:14:26,Monolínea,Mono_item,Lima - Callao,39.95,Power ilim 79.90 SD N,Power ilim 79.90 SD N
Netcall,2 sept 2026,7,915150339,9151503398169435532391,9283,Outbound,Portabilidad Postpago,EXPRESS,Logixtal,9342,ABIERTAS,Pendiente Entrega,Pendiente Entrega,TLV_NET_DVALOI,SIM,2 sept 2026,null,null,No,ABIERTAS,null,Monolínea,Mono_item,Lima - Callao,null,null,Power ilim 79.90 SD N
Netcall,2 sept 2026,16,915347904,9153479048171240771988,5299,Outbound,Portabilidad Postpago,EXPRESS,Logixtal,9342,CANCELADAS,Entregado,Entregado,NET_CSIRRAZABAC,SIM,2 sept 2026,2 sept 2026,null,No,CANCELADAS,2026-09-02 22:00:21,Multilínea,Mono_item,Lima - Callao,null,null,Power ilim 79.90 SD N
Netcall,1 sept 2026,10,914783393,9147833938165457184100,9271,Outbound,Portabilidad Postpago,EXPRESS,Logixtal,9342,CERRADAS,Entregado,Entregado,NET_VAYALAS,SIM,1 sept 2026,1 sept 2026,02/09/2026,Sí,CERRADAS,2026-09-02 00:54:20,Monolínea,Mono_item,Lima - Callao,29.95,Power 59.90 N,Power 59.90 N
Netcall,2 sept 2026,10,915241223,9152412238170144531979,9283,Outbound,Venta Regular / Alta,EXPRESS,Logixtal,9342,ABIERTAS,Pendiente Entrega,Pendiente Entrega,NET_PSANCHEZE,SIM,2 sept 2026,null,null,No,ABIERTAS,null,Multilínea,Mono_item,Lima - Callao,null,null,Power ilim 79.90 SD N
Netcall,2 sept 2026,20,915412244,9154122448171909382553,9283,Outbound,Portabilidad Postpago,PROGRAMADO,Logixtal,9001,ABIERTAS,Pendiente Entrega,Pendiente Entrega,NET_ANCASTROR,SIM,3 sept 2026,null,null,No,ABIERTAS,null,Monolínea,Mono_item,Lima - Callao,null,null,Power ilim 79.90 SD N
Netcall,1 sept 2026,14,914852638,9148526388166175375992,9283,Outbound,Portabilidad Prepago,EXPRESS,Logixtal,9342,CERRADAS,Entregado,Entregado,NET_KROJASNAUPA,SIM,1 sept 2026,1 sept 2026,02/09/2026,Sí,CERRADAS,2026-09-02 00:55:57,Monolínea,Mono_item,Lima - Callao,29.95,Power 59.90 N,Power 59.90 N
Netcall,2 sept 2026,14,915304557,9153045578170805297477,9271,Outbound,Portabilidad Postpago,EXPRESS,Logixtal,9001,ERROR,Entregado,Entregado,NET_SBACAD,SIM,2 sept 2026,2 sept 2026,null,No,ERROR,null,Monolínea,Mono_item,Lima - Callao,null,null,Power ilim 69.90 N
Netcall,1 sept 2026,15,914873832,9148738328166399678942,9283,Outbound,Portabilidad Postpago,EXPRESS,Logixtal,9001,CANCELADAS,Cancelado,CANCELADA EN OMNIX,NET_PFLOREST,SIM,1 sept 2026,null,null,No,CANCELADAS,2026-09-01 15:59:43,Multilínea,Multi_item,Lima - Callao,null,null,Power ilim 79.90 SD N
Netcall,2 sept 2026,11,915263117,9152631178170354660306,9283,Outbound,Portabilidad Postpago,EXPRESS,Logixtal,9001,CERRADAS,Entregado,Entregado,NET_LCASTILLORI,SIM,2 sept 2026,2 sept 2026,null,No,CERRADAS,2026-09-03 03:30:17,Monolínea,Mono_item,Lima - Callao,null,Power 59.90 N,Power 59.90 N
Netcall,3 sept 2026,13,915703339,91570333989511710111071530717,9271,Outbound,Portabilidad Postpago,EXPRESS,Logixtal,9001,ABIERTAS,Entregado,Entregado,NET_GHUANCASS,SIM,3 sept 2026,null,null,No,ABIERTAS,null,Monolínea,Mono_item,Lima - Callao,null,null,null
Netcall,1 sept 2026,16,914890492,9148904928166606863416,9283,Outbound,Portabilidad Postpago,EXPRESS,Logixtal,9001,CERRADAS,Entregado,Entregado,NET_LFIESTASG,SIM,1 sept 2026,2 sept 2026,null,No,CERRADAS,2026-09-03 01:25:31,Monolínea,Mono_item,Lima - Callao,null,Power 59.90 N,Power 59.90 N
Netcall,3 sept 2026,13,915704388,91570438889511710111073921047,9283,Outbound,Venta Regular / Alta,EXPRESS,Logixtal,9001,ABIERTAS,Entregado,Entregado,NET_YMILLA,SIM,3 sept 2026,null,null,No,ABIERTAS,null,Multilínea,Mono_item,Lima - Callao,null,null,null
Netcall,3 sept 2026,13,915703903,915703903Empty,9283,Outbound,Portabilidad Postpago,EXPRESS,Logixtal,9001,ABIERTAS,Pendiente Entrega,Pendiente de Picking,NET_NCANCHOP,SIM,3 sept 2026,null,null,No,ABIERTAS,null,Monolínea,Mono_item,Lima - Callao,null,null,null
Netcall,2 sept 2026,16,915338883,9153388838171149091441,9283,Outbound,Portabilidad Postpago,EXPRESS,Logixtal,9001,CERRADAS,Entregado,Entregado,NET_LFLORESY,SIM,2 sept 2026,2 sept 2026,null,No,CERRADAS,2026-09-03 00:47:51,Monolínea,Mono_item,Lima - Callao,null,Power ilim 79.90 SD N,Power ilim 79.90 SD N
Netcall,1 sept 2026,9,914773287,9147732878165363639039,9283,Outbound,Portabilidad Postpago,EXPRESS,Logixtal,9001,CERRADAS,Entregado,Entregado,NET_DFRANCIAH,SIM,1 sept 2026,1 sept 2026,02/09/2026,Sí,CERRADAS,2026-09-02 00:39:13,Monolínea,Mono_item,Lima - Callao,39.95,Power ilim 79.90 SD N,Power ilim 79.90 SD N
Netcall,2 sept 2026,12,915283852,9152838528170574977548,9283,Outbound,Portabilidad Postpago,EXPRESS,Logixtal,9001,CERRADAS,Entregado,Entregado,NET_KBRACOV,SIM,2 sept 2026,2 sept 2026,null,No,CERRADAS,2026-09-03 02:26:57,Multilínea,Mono_item,Lima - Callao,null,Power ilim 79.90 SD N,Power ilim 79.90 SD N
Netcall,1 sept 2026,12,914834613,9148346138165968357052,9283,Outbound,Portabilidad Postpago,EXPRESS,Logixtal,9001,ABIERTAS,Pendiente Entrega,Pendiente Entrega,NET_KEMENDOZAJ,SIM,1 sept 2026,null,null,No,ABIERTAS,null,Monolínea,Mono_item,Lima - Callao,null,null,Power ilim 79.90 SD N
Netcall,2 sept 2026,12,915282229,9152822298170553043735,9283,Outbound,Portabilidad Postpago,EXPRESS,Logixtal,9001,CERRADAS,Entregado,Entregado,NET_KBRACOV,SIM,2 sept 2026,2 sept 2026,null,No,CERRADAS,2026-09-03 01:03:37,Multilínea,Mono_item,Lima - Callao,null,Power ilim 79.90 SD N,Power ilim 79.90 SD N
Netcall,3 sept 2026,9,915622388,91562238889511710111073924264,9283,Outbound,Portabilidad Postpago,EXPRESS,Logixtal,9001,ABIERTAS,Entregado,Entregado,TLV_NET_BCHAVEZ,SIM,3 sept 2026,null,null,No,ABIERTAS,null,Monolínea,Mono_item,Lima - Callao,null,null,null
Netcall,2 sept 2026,15,915330225,9153302258171058390890,9283,Outbound,Portabilidad Postpago,EXPRESS,Logixtal,9001,CERRADAS,Entregado,Entregado,NET_EGOMEZB,SIM,2 sept 2026,2 sept 2026,null,No,CERRADAS,2026-09-03 02:03:41,Monolínea,Mono_item,Lima - Callao,null,Power ilim 79.90 SD N,Power ilim 79.90 SD N
Netcall,3 sept 2026,10,915644022,91564402289511710111071535153,9283,Outbound,Portabilidad Postpago,EXPRESS,Logixtal,9001,ABIERTAS,Entregado,Entregado,TLV_NET_MFARFAN,SIM,3 sept 2026,null,null,No,ABIERTAS,null,Monolínea,Mono_item,Lima - Callao,null,null,null
Netcall,3 sept 2026,11,915662530,91566253089511710111071513564,9283,Outbound,Portabilidad Postpago,EXPRESS,Logixtal,9001,ABIERTAS,Entregado,Entregado,NET_SBENITOV,SIM,3 sept 2026,null,null,No,ABIERTAS,null,Monolínea,Mono_item,Lima - Callao,null,null,null
Netcall,3 sept 2026,11,915673763,91567376389511710101029984397,9283,Outbound,Portabilidad Postpago,EXPRESS,Logixtal,9001,ABIERTAS,Entregado,Entregado,NET_MMREVILLA,SIM,3 sept 2026,null,null,No,ABIERTAS,null,Multilínea,Mono_item,Lima - Callao,null,null,null
Netcall,1 sept 2026,13,914845584,9148455848166091672409,9283,Outbound,Portabilidad Postpago,EXPRESS,Logixtal,9001,CERRADAS,Entregado,Entregado,NET_BBELLIDOP,SIM,1 sept 2026,1 sept 2026,02/09/2026,Sí,CERRADAS,2026-09-02 00:50:00,Monolínea,Mono_item,Lima - Callao,29.95,Power 59.90 N,Power 59.90 N
Netcall,3 sept 2026,11,915667174,91566717489511710111071510768,9283,Outbound,Portabilidad Postpago,EXPRESS,Logixtal,9001,ABIERTAS,Entregado,Entregado,NET_MMREVILLA,SIM,3 sept 2026,null,null,No,ABIERTAS,null,Multilínea,Mono_item,Lima - Callao,null,null,null
Netcall,2 sept 2026,13,915285156,9152851568170600124916,9283,Outbound,Portabilidad Postpago,EXPRESS,Logixtal,9001,CERRADAS,Entregado,Entregado,NET_GLOPEZF,SIM,2 sept 2026,2 sept 2026,null,No,CERRADAS,2026-09-03 00:57:53,Monolínea,Mono_item,Lima - Callao,null,Power ilim 69.90 N,Power ilim 69.90 N
Netcall,3 sept 2026,14,915723830,91572383089511710101029984439,9283,Outbound,Portabilidad Postpago,EXPRESS,Logixtal,9001,ABIERTAS,Pendiente Entrega,Pendiente de Picking,NET_YCHAVEZE,SIM,3 sept 2026,null,null,No,ABIERTAS,null,Monolínea,Mono_item,Lima - Callao,null,null,null
Netcall,2 sept 2026,11,915256707,9152567078170291363584,9283,Outbound,Portabilidad Postpago,PROGRAMADO,Logixtal,9001,ABIERTAS,Pendiente Entrega,Pendiente Entrega,NET_BBELLIDOP,SIM,3 sept 2026,null,null,No,ABIERTAS,null,Multilínea,Mono_item,Lima - Callao,null,null,Power ilim 79.90 SD N
Netcall,3 sept 2026,11,915661654,915661654Empty,9283,Outbound,Portabilidad Postpago,PROGRAMADO,Logixtal,9001,ABIERTAS,Pendiente Entrega,Pendiente de Picking,NET_LCALDERONC,SIM,4 sept 2026,null,null,No,ABIERTAS,null,Multilínea,Mono_item,Lima - Callao,null,null,null
Netcall,3 sept 2026,13,915703275,91570327589511710111071528794,9283,Outbound,Portabilidad Postpago,EXPRESS,Logixtal,9001,ABIERTAS,Entregado,Entregado,NET_YMILLA,SIM,3 sept 2026,null,null,No,ABIERTAS,null,Multilínea,Mono_item,Lima - Callao,null,null,null
Netcall,2 sept 2026,13,915293969,9152939698170673336584,9283,Outbound,Portabilidad Postpago,EXPRESS,Logixtal,9001,ABIERTAS,Pendiente Entrega,Pendiente Entrega,NET_MMREVILLA,SIM,2 sept 2026,null,null,No,ABIERTAS,null,Monolínea,Mono_item,Lima - Callao,null,null,Power 59.90 N
Netcall,1 sept 2026,9,914767973,9147679738165322786019,9283,Outbound,Portabilidad Postpago,EXPRESS,Logixtal,9001,CERRADAS,Entregado,Entregado,TLV_NET_MCHAMBI,SIM,1 sept 2026,1 sept 2026,02/09/2026,Sí,CERRADAS,2026-09-02 01:48:39,Monolínea,Mono_item,Lima - Callao,39.95,Power ilim 79.90 SD N,Power ilim 79.90 SD N
Netcall,3 sept 2026,12,915683940,91568394089511710111071535104,9283,Outbound,Portabilidad Postpago,EXPRESS,Logixtal,9001,CANCELADAS,Pendiente Entrega,Pendiente de Picking,NET_MLFERNANDEV,SIM,3 sept 2026,null,null,No,CANCELADAS,2026-09-03 13:19:23,Monolínea,Mono_item,Lima - Callao,null,null,null
Netcall,1 sept 2026,11,914799089,9147990898165607882874,9283,Outbound,Portabilidad Postpago,EXPRESS,Logixtal,9001,CERRADAS,Entregado,Entregado,NET_DNIEVESNIMA,SIM,1 sept 2026,1 sept 2026,02/09/2026,Sí,CERRADAS,2026-09-02 00:07:48,Monolínea,Mono_item,Lima - Callao,29.95,Power 59.90 N,Power 59.90 N
Netcall,2 sept 2026,10,915227920,9152279208170020320183,9283,Outbound,Portabilidad Postpago,EXPRESS,Logixtal,9001,CERRADAS,Entregado,Entregado,NET_JSIADEN,SIM,2 sept 2026,2 sept 2026,null,No,CERRADAS,2026-09-03 01:09:33,Multilínea,Multi_item,Lima - Callao,null,Power ilim 79.90 SD N,Power ilim 79.90 SD N
Netcall,1 sept 2026,18,914932693,9149326938167025023006,9283,Outbound,Portabilidad Postpago,PROGRAMADO,Logixtal,9001,ABIERTAS,Pendiente Entrega,Pendiente Entrega,NET_SGONZALESP,SIM,2 sept 2026,null,null,No,ABIERTAS,null,Monolínea,Mono_item,Lima - Callao,null,null,Power 59.90 N
Netcall,2 sept 2026,12,915281246,9152812468170544045232,9283,Outbound,Portabilidad Postpago,EXPRESS,Logixtal,9001,CERRADAS,Entregado,Entregado,TLV_NET_MFARFAN,SIM,2 sept 2026,2 sept 2026,null,No,CERRADAS,2026-09-03 02:33:14,Monolínea,Mono_item,Lima - Callao,null,Power 59.90 N,Power 59.90 N
Netcall,1 sept 2026,16,914891528,9148915288166592470281,9283,Outbound,Portabilidad Postpago,EXPRESS,Logixtal,9001,CANCELADAS,Anulado,DIRECCIÓN ERRADA,NET_PFLOREST,SIM,1 sept 2026,null,null,No,CANCELADAS,2026-09-02 19:35:23,Multilínea,Mono_item,Lima - Callao,null,null,Power ilim 79.90 SD N
Netcall,2 sept 2026,17,915365277,9153652778171426399536,9283,Outbound,Portabilidad Postpago,EXPRESS,Logixtal,9001,CERRADAS,Entregado,Entregado,NET_MMREVILLA,SIM,2 sept 2026,2 sept 2026,null,No,CERRADAS,2026-09-03 01:01:17,Monolínea,Mono_item,Lima - Callao,null,Power 59.90 N,Power 59.90 N
Netcall,1 sept 2026,16,914896833,9148968338166650324212,9283,Outbound,Portabilidad Postpago,EXPRESS,Logixtal,9001,CERRADAS,Entregado,Entregado,TLV_NET_ECUROS,SIM,1 sept 2026,1 sept 2026,02/09/2026,Sí,CERRADAS,2026-09-02 00:17:32,Monolínea,Mono_item,Lima - Callao,29.95,Power 59.90 N,Power 59.90 N
Netcall,2 sept 2026,12,915275246,9152752468170482330642,9283,Outbound,Portabilidad Postpago,EXPRESS,Logixtal,9001,CERRADAS,Entregado,Entregado,NET_ZRAMIREZG,SIM,2 sept 2026,2 sept 2026,null,No,CERRADAS,2026-09-03 01:41:40,Monolínea,Mono_item,Lima - Callao,null,Power 59.90 N,Power 59.90 N
Netcall,3 sept 2026,12,915684618,91568461889511710111071530709,9283,Outbound,Portabilidad Postpago,EXPRESS,Logixtal,9001,ABIERTAS,Pendiente Entrega,Pendiente de Picking,NET_RGUTIERREZS,SIM,3 sept 2026,null,null,No,ABIERTAS,null,Monolínea,Mono_item,Lima - Callao,null,null,null
Netcall,1 sept 2026,18,914930828,914930828,9283,Outbound,Portabilidad Postpago,EXPRESS,Logixtal,9001,CERRADAS,Entregado,Entregado,NET_GMENDIGUETE,SIM,1 sept 2026,1 sept 2026,null,No,CERRADAS,2026-09-03 00:38:14,Monolínea,Mono_item,Lima - Callao,null,Power 59.90 N,null
Netcall,2 sept 2026,10,915231905,915231905,9271,Outbound,Portabilidad Postpago,EXPRESS,Logixtal,9001,CERRADAS,Entregado,Entregado,NET_CDACHAC,SIM,2 sept 2026,2 sept 2026,null,No,CERRADAS,2026-09-03 00:22:26,Monolínea,Mono_item,Lima - Callao,null,Power 59.90 N,null
Netcall,1 sept 2026,11,914806939,9148069398165688115710,9283,Outbound,Portabilidad Postpago,EXPRESS,Logixtal,9001,CERRADAS,Entregado,Entregado,NET_MCHAVEZV,SIM,1 sept 2026,1 sept 2026,02/09/2026,Sí,CERRADAS,2026-09-02 01:14:54,Multilínea,Mono_item,Lima - Callao,39.95,Power ilim 79.90 SD N,Power ilim 79.90 SD N
Netcall,1 sept 2026,12,914824118,9148241188165860984109,9283,Outbound,Portabilidad Prepago,EXPRESS,Logixtal,9001,CERRADAS,Entregado,Entregado,NET_FRIVERAO,SIM,1 sept 2026,1 sept 2026,02/09/2026,Sí,CERRADAS,2026-09-02 00:57:28,Monolínea,Mono_item,Lima - Callao,29.95,Power 59.90 N,Power 59.90 N
Netcall,3 sept 2026,12,915677800,91567780089511710111071463802,9283,Outbound,Portabilidad Postpago,EXPRESS,Logixtal,9001,CANCELADAS,Pendiente Entrega,Pendiente de Picking,TLV_NET_KARANDA,SIM,3 sept 2026,null,null,No,CANCELADAS,2026-09-03 13:21:56,Monolínea,Mono_item,Lima - Callao,null,null,null
Netcall,1 sept 2026,10,914787092,9147870928165496381746,9283,Outbound,Portabilidad Postpago,EXPRESS,Logixtal,9001,CERRADAS,Entregado,Entregado,NET_MMREVILLA,SIM,1 sept 2026,1 sept 2026,02/09/2026,Sí,CERRADAS,2026-09-02 01:28:54,Monolínea,Mono_item,Lima - Callao,39.95,Power ilim 79.90 SD N,Power ilim 79.90 SD N
Netcall,3 sept 2026,13,915698489,91569848989511710101029984413,9283,Outbound,Portabilidad Postpago,EXPRESS,Logixtal,9001,ABIERTAS,Pendiente Entrega,Pendiente de Picking,NET_PCHAVESTAY,SIM,3 sept 2026,null,null,No,ABIERTAS,null,Multilínea,Mono_item,Lima - Callao,null,null,null
Netcall,1 sept 2026,14,914863605,9148636058166286099824,9283,Outbound,Portabilidad Postpago,EXPRESS,Logixtal,9001,CERRADAS,Entregado,Entregado,NET_AMENDOZAV,SIM,1 sept 2026,1 sept 2026,02/09/2026,Sí,CERRADAS,2026-09-02 00:04:52,Monolínea,Mono_item,Lima - Callao,29.95,Power 59.90 N,Power 59.90 N
Netcall,2 sept 2026,16,915336032,9153360328171120650899,9283,Outbound,Portabilidad Postpago,EXPRESS,Logixtal,9001,CERRADAS,Entregado,Entregado,NET_MCVASQUEZ,SIM,2 sept 2026,2 sept 2026,null,No,CERRADAS,2026-09-03 01:34:05,Monolínea,Mono_item,Lima - Callao,null,Power ilim 79.90 SD N,Power ilim 79.90 SD N
Netcall,3 sept 2026,14,915718153,915718153Empty,9283,Outbound,Portabilidad Postpago,EXPRESS,Logixtal,9001,ABIERTAS,Pendiente Entrega,Pendiente de Picking,NET_KROJASNAUPA,SIM,3 sept 2026,null,null,No,ABIERTAS,null,Monolínea,Mono_item,Lima - Callao,null,null,null
Netcall,3 sept 2026,13,915698268,915698268Empty,9283,Outbound,Portabilidad Postpago,PROGRAMADO,Logixtal,9001,ABIERTAS,Pendiente Entrega,Pendiente de Picking,NET_ARIVERA,SIM,5 sept 2026,null,null,No,ABIERTAS,null,Monolínea,Mono_item,Lima - Callao,null,null,null
Netcall,1 sept 2026,17,914914345,9149143458166844116741,9283,Outbound,Portabilidad Postpago,EXPRESS,Logixtal,9001,CERRADAS,Entregado,Entregado,NET_SRAMOSC,SIM,1 sept 2026,1 sept 2026,02/09/2026,Sí,CERRADAS,2026-09-02 01:22:32,Monolínea,Mono_item,Lima - Callao,29.95,Power 59.90 N,Power 59.90 N
Netcall,3 sept 2026,11,915671101,91567110189511710101029985469,9283,Outbound,Portabilidad Postpago,EXPRESS,Logixtal,9001,ABIERTAS,Entregado,Entregado,NET_MORIHUELAQ,SIM,3 sept 2026,null,null,No,ABIERTAS,null,Monolínea,Mono_item,Lima - Callao,null,null,null
Netcall,2 sept 2026,10,915227534,9152275348170008962400,9271,Outbound,Portabilidad Postpago,EXPRESS,Logixtal,9001,CERRADAS,Entregado,Entregado,TLV_NET_GANACLE,SIM,2 sept 2026,2 sept 2026,null,No,CERRADAS,2026-09-03 00:46:33,Monolínea,Mono_item,Lima - Callao,null,Power 59.90 N,Power 59.90 N
Netcall,2 sept 2026,16,915345204,9153452048171213995435,9283,Outbound,Venta Regular / Alta,EXPRESS,Logixtal,9001,CANCELADAS,Anulado,CLIENTE DESISTE - INFORMACIÓN INCORRECTA,TLV_NET_NHUAMAA,SIM,2 sept 2026,null,null,No,CANCELADAS,2026-09-02 18:29:24,Monolínea,Mono_item,Lima - Callao,null,null,Power 39.90 N
Netcall,3 sept 2026,10,915646514,915646514Empty,9283,Outbound,Portabilidad Postpago,PROGRAMADO,Logixtal,9001,ABIERTAS,Pendiente Entrega,Pendiente de Picking,NET_ELAURAQ,SIM,4 sept 2026,null,null,No,ABIERTAS,null,Monolínea,Mono_item,Lima - Callao,null,null,null
Netcall,1 sept 2026,12,914828869,9148288698165908557868,9283,Outbound,Portabilidad Postpago,EXPRESS,Logixtal,9001,CERRADAS,Entregado,Entregado,NET_JORTIZV,SIM,1 sept 2026,1 sept 2026,02/09/2026,Sí,CERRADAS,2026-09-02 03:17:29,Monolínea,Mono_item,Lima - Callao,29.95,Power 59.90 N,Power 59.90 N
Netcall,2 sept 2026,19,915390360,9153903608171683395316,9283,Outbound,Portabilidad Postpago,EXPRESS,Logixtal,9001,ABIERTAS,Pendiente Entrega,Pendiente Entrega,NET_KROJASNAUPA,SIM,3 sept 2026,null,null,No,ABIERTAS,null,Monolínea,Mono_item,Lima - Callao,null,null,Power ilim 79.90 SD N
Netcall,1 sept 2026,16,914887189,9148871898166548797966,9283,Outbound,Portabilidad Prepago,EXPRESS,Logixtal,9001,CERRADAS,Entregado,Entregado,TLV_NET_MCHAMBI,SIM,1 sept 2026,1 sept 2026,02/09/2026,Sí,CERRADAS,2026-09-02 01:58:41,Monolínea,Mono_item,Lima - Callao,29.95,Power 59.90 N,Power 59.90 N
Netcall,3 sept 2026,13,915699376,91569937689511710101029984421,9283,Outbound,Portabilidad Postpago,EXPRESS,Logixtal,9001,ABIERTAS,Pendiente Entrega,Pendiente de Picking,NET_PCHAVESTAY,SIM,3 sept 2026,null,null,No,ABIERTAS,null,Multilínea,Mono_item,Lima - Callao,null,null,null
Netcall,2 sept 2026,12,915280775,9152807758170541663586,9271,Outbound,Portabilidad Postpago,EXPRESS,Logixtal,9001,ABIERTAS,Pendiente Entrega,Pendiente Entrega,NET_GDJULCAT,SIM,2 sept 2026,null,null,No,ABIERTAS,null,Monolínea,Mono_item,Lima - Callao,null,null,Power 59.90 N
Netcall,3 sept 2026,11,915669096,91566909689511710111071053785,9283,Outbound,Portabilidad Postpago,EXPRESS,Logixtal,9001,CANCELADAS,Pendiente Entrega,Pendiente de Picking,NET_MMREVILLA,SIM,3 sept 2026,null,null,No,CANCELADAS,2026-09-03 12:06:50,Multilínea,Mono_item,Lima - Callao,null,null,null
Netcall,3 sept 2026,12,915690194,91569019489511710111071530725,9271,Outbound,Portabilidad Postpago,EXPRESS,Logixtal,9001,ABIERTAS,Entregado,Entregado,NET_GHUANCASS,SIM,3 sept 2026,null,null,No,ABIERTAS,null,Monolínea,Mono_item,Lima - Callao,null,null,null
Netcall,2 sept 2026,18,915382381,9153823818171600744603,9283,Outbound,Portabilidad Postpago,EXPRESS,Logixtal,9001,ABIERTAS,Pendiente Entrega,Pendiente Entrega,NET_KCARRENOV,SIM,2 sept 2026,null,null,No,ABIERTAS,null,Monolínea,Mono_item,Lima - Callao,null,null,Power ilim 69.90 N
Netcall,2 sept 2026,17,915351632,915351632,9283,Outbound,Portabilidad Postpago,EXPRESS,Logixtal,9001,CERRADAS,Entregado,Entregado,NET_GCABALLEROC,SIM,2 sept 2026,2 sept 2026,null,No,CERRADAS,2026-09-03 00:31:22,Multilínea,Mono_item,Lima - Callao,null,Power ilim 79.90 SD N,null
Netcall,1 sept 2026,15,914873832,9148738328166399689161,9283,Outbound,Portabilidad Postpago,EXPRESS,Logixtal,9001,CANCELADAS,Cancelado,CANCELADA EN OMNIX,NET_PFLOREST,SIM,1 sept 2026,null,null,No,CANCELADAS,2026-09-01 15:59:43,Multilínea,Multi_item,Lima - Callao,null,null,Power ilim 79.90 SD N
Netcall,3 sept 2026,13,915700844,91570084489511710111073732568,9283,Outbound,Portabilidad Postpago,EXPRESS,Logixtal,9001,ABIERTAS,Pendiente Entrega,Pendiente de Picking,NET_MMREVILLA,SIM,3 sept 2026,null,null,No,ABIERTAS,null,Monolínea,Mono_item,Lima - Callao,null,null,null
Netcall,2 sept 2026,18,915371316,9153713168171489854061,9283,Outbound,Portabilidad Postpago,PROGRAMADO,Logixtal,9001,ABIERTAS,No bop,No bop,NET_YRAYMUNDOTA,SIM,4 sept 2026,null,null,No,ABIERTAS,null,Multilínea,Mono_item,Lima - Callao,null,null,Power ilim 79.90 SD N
Netcall,2 sept 2026,10,915227920,9152279208170020320438,9283,Outbound,Portabilidad Postpago,EXPRESS,Logixtal,9001,CERRADAS,Entregado,Entregado,NET_JSIADEN,SIM,2 sept 2026,2 sept 2026,null,No,CERRADAS,2026-09-03 01:09:33,Multilínea,Multi_item,Lima - Callao,null,Power ilim 79.90 SD N,Power ilim 79.90 SD N
Netcall,2 sept 2026,11,915264232,915264232,9283,Outbound,Portabilidad Postpago,EXPRESS,Logixtal,9001,CERRADAS,Entregado,Entregado,NET_MDIAZP,SIM,2 sept 2026,2 sept 2026,null,No,CERRADAS,2026-09-03 00:40:08,Monolínea,Mono_item,Lima - Callao,null,Power 59.90 N,null
Netcall,1 sept 2026,12,914831682,9148316828165938765277,9283,Outbound,Portabilidad Postpago,PROGRAMADO,Logixtal,9001,ABIERTAS,Pendiente Entrega,Pendiente Entrega,NET_EGOMEZB,SIM,3 sept 2026,null,null,No,ABIERTAS,null,Monolínea,Mono_item,Lima - Callao,null,null,Power 59.90 N
Netcall,1 sept 2026,16,914892979,9148929798166606657641,9283,Outbound,Portabilidad Postpago,EXPRESS,Logixtal,9001,CANCELADAS,Anulado,DIRECCIÓN ERRADA,NET_PFLOREST,SIM,1 sept 2026,null,null,No,CANCELADAS,2026-09-02 19:36:22,Multilínea,Mono_item,Lima - Callao,null,null,Power ilim 79.90 SD N
Netcall,2 sept 2026,17,915356110,9153561108171328176412,9283,Outbound,Venta Regular / Alta,EXPRESS,Logixtal,9001,CERRADAS,Entregado,Entregado,NET_MMREVILLA,SIM,2 sept 2026,2 sept 2026,02/09/2026,Sí,CERRADAS,2026-09-02 20:00:23,Monolínea,Mono_item,Lima - Callao,39.9,Power 39.90 N,Power 39.90 N
Netcall,2 sept 2026,16,915350553,9153505538171273580762,9283,Outbound,Portabilidad Postpago,PROGRAMADO,Logixtal,9001,ABIERTAS,No bop,No bop,NET_YRAYMUNDOTA,SIM,4 sept 2026,null,null,No,ABIERTAS,null,Multilínea,Mono_item,Lima - Callao,null,null,Power ilim 79.90 SD N
Netcall,2 sept 2026,17,915367014,9153670148171439062178,9283,Outbound,Portabilidad Postpago,EXPRESS,Logixtal,9001,ABIERTAS,Pendiente Entrega,Pendiente Entrega,NET_YCORNEJOA,SIM,2 sept 2026,null,null,No,ABIERTAS,null,Monolínea,Mono_item,Lima - Callao,null,null,Power ilim 79.90 SD N
Netcall,2 sept 2026,15,915315585,9153155858170924800280,9283,Outbound,Portabilidad Postpago,EXPRESS,Logixtal,9001,CERRADAS,Entregado,Entregado,NET_KROJASNAUPA,SIM,2 sept 2026,2 sept 2026,null,No,CERRADAS,2026-09-03 01:58:32,Multilínea,Mono_item,Lima - Callao,null,Power ilim 79.90 SD N,Power ilim 79.90 SD N
Netcall,2 sept 2026,6,915137007,9151370078169338710476,9283,Outbound,Portabilidad Postpago,EXPRESS,Logixtal,9001,CERRADAS,Entregado,Entregado,TLV_NET_DVALOI,SIM,2 sept 2026,2 sept 2026,null,No,CERRADAS,2026-09-03 00:50:00,Monolínea,Mono_item,Lima - Callao,null,Power 59.90 N,Power 59.90 N
Netcall,3 sept 2026,11,915668142,91566814289511710101029984389,9283,Outbound,Portabilidad Postpago,EXPRESS,Logixtal,9001,ABIERTAS,Entregado,Entregado,NET_MMREVILLA,SIM,3 sept 2026,null,null,No,ABIERTAS,null,Multilínea,Mono_item,Lima - Callao,null,null,null
Netcall,3 sept 2026,12,915674567,91567456789511710101029984405,9283,Outbound,Portabilidad Postpago,EXPRESS,Logixtal,9001,ABIERTAS,Entregado,Entregado,NET_BBELLIDOP,SIM,3 sept 2026,null,null,No,ABIERTAS,null,Monolínea,Mono_item,Lima - Callao,null,null,null
Netcall,1 sept 2026,11,914808533,9148085338165703638680,9283,Outbound,Portabilidad Postpago,EXPRESS,Logixtal,9001,CERRADAS,Entregado,Entregado,NET_MCHAVEZV,SIM,1 sept 2026,1 sept 2026,02/09/2026,Sí,CERRADAS,2026-09-02 01:55:54,Multilínea,Mono_item,Lima - Callao,19.95,Power ilim 79.90 SD N,Power ilim 79.90 SD N
Netcall,3 sept 2026,11,915660097,91566009789511710111073791317,9283,Outbound,Portabilidad Postpago,EXPRESS,Logixtal,9001,ABIERTAS,Pendiente Entrega,Pendiente de Picking,NET_LCALDERONC,SIM,4 sept 2026,null,null,No,ABIERTAS,null,Multilínea,Mono_item,Lima - Callao,null,null,null
Netcall,3 sept 2026,11,915663965,91566396589511710111073732501,9283,Outbound,Venta Regular / Alta,EXPRESS,Logixtal,9001,ABIERTAS,Pendiente Entrega,Pendiente de Picking,NET_GMENDIGUETE,SIM,3 sept 2026,null,null,No,ABIERTAS,null,Monolínea,Mono_item,Lima - Callao,null,null,null
Netcall,1 sept 2026,17,914909192,9149091928166786564775,9283,Outbound,Portabilidad Postpago,PROGRAMADO,Logixtal,9001,CANCELADAS,Anulado,Cliente sin equipo Pin Porta,NET_SCAMPOSR,SIM,2 sept 2026,null,null,No,CANCELADAS,2026-09-02 12:04:20,Monolínea,Mono_item,Lima - Callao,null,null,Power 59.90 N
Netcall,2 sept 2026,17,915367119,9153671198171447874585,9283,Outbound,Portabilidad Postpago,PROGRAMADO,Logixtal,9001,ABIERTAS,No bop,No bop,NET_KROJASNAUPA,SIM,4 sept 2026,null,null,No,ABIERTAS,null,Multilínea,Mono_item,Lima - Callao,null,null,Power ilim 79.90 SD N
Netcall,3 sept 2026,13,915702049,91570204989511710111070825019,9283,Outbound,Portabilidad Postpago,EXPRESS,Logixtal,9001,ABIERTAS,Entregado,Entregado,NET_GSANCHEZO,SIM,3 sept 2026,null,null,No,ABIERTAS,null,Monolínea,Mono_item,Lima - Callao,null,null,null
Netcall,1 sept 2026,10,914796456,9147964568165586879888,9271,Outbound,Portabilidad Postpago,PROGRAMADO,Logixtal,9001,ABIERTAS,Pendiente Entrega,Pendiente Entrega,NET_DMALCAD,SIM,3 sept 2026,null,null,No,ABIERTAS,null,Monolínea,Mono_item,Lima - Callao,null,null,Power ilim 79.90 SD N
Netcall,1 sept 2026,16,914889269,9148892698166563685292,9283,Outbound,Portabilidad Postpago,EXPRESS,Logixtal,9001,CERRADAS,Entregado,Entregado,NET_MCELISG,SIM,1 sept 2026,1 sept 2026,02/09/2026,Sí,CERRADAS,2026-09-02 01:19:02,Monolínea,Mono_item,Lima - Callao,29.95,Power 59.90 N,Power 59.90 N
Netcall,1 sept 2026,15,914880551,9148805518166476615390,9283,Outbound,Portabilidad Postpago,EXPRESS,Logixtal,9354,CERRADAS,Entregado,Entregado,TLV_NET_KCHAVEZ,SIM,1 sept 2026,1 sept 2026,02/09/2026,Sí,CERRADAS,2026-09-02 01:12:19,Multilínea,Mono_item,Ayacucho,19.95,Power ilim 79.90 SD N,Power ilim 79.90 SD N
Netcall,2 sept 2026,19,915402955,9154029558171807197879,9283,Outbound,Portabilidad Postpago,PROGRAMADO,Logixtal,9355,ABIERTAS,Pendiente Entrega,Pendiente Entrega,NET_VSANTISTEBV,SIM,3 sept 2026,null,null,No,ABIERTAS,null,Monolínea,Mono_item,Loreto,null,null,Power ilim 79.90 SD N
Netcall,2 sept 2026,12,915273721,9152737218170481773144,9283,Outbound,Portabilidad Postpago,EXPRESS,Logixtal,9355,CERRADAS,Entregado,Entregado,NET_ANCASTROR,SIM,2 sept 2026,2 sept 2026,null,No,CERRADAS,2026-09-03 01:36:19,Monolínea,Mono_item,Loreto,null,Power ilim 79.90 SD N,Power ilim 79.90 SD N
Netcall,1 sept 2026,15,914881416,9148814168166485939692,9283,Outbound,Portabilidad Postpago,EXPRESS,Logixtal,9354,CERRADAS,Entregado,Entregado,TLV_NET_KCHAVEZ,SIM,1 sept 2026,1 sept 2026,02/09/2026,Sí,CERRADAS,2026-09-02 00:46:26,Multilínea,Mono_item,Ayacucho,39.95,Power ilim 79.90 SD N,Power ilim 79.90 SD N
Netcall,1 sept 2026,15,914870859,9148708598166364823302,9283,Outbound,Portabilidad Postpago,EXPRESS,Logixtal,9355,CERRADAS,Entregado,Entregado,NET_MCVASQUEZ,SIM,1 sept 2026,2 sept 2026,null,No,CERRADAS,2026-09-03 01:29:42,Monolínea,Mono_item,Loreto,null,Power 59.90 N,Power 59.90 N
Netcall,2 sept 2026,15,915329882,9153298828171057441907,9283,Outbound,Venta Regular / Alta,EXPRESS,Logixtal,9355,ABIERTAS,Anulado,CLIENTE AUSENTE,NET_DFRANCIAH,SIM,2 sept 2026,null,null,No,ABIERTAS,null,Monolínea,Mono_item,Loreto,null,null,Power 39.90 N
Netcall,1 sept 2026,7,914679594,9146795948164685586206,9283,Outbound,Portabilidad Postpago,EXPRESS,Logixtal,9354,CANCELADAS,Anulado,SOLICITADO POR CANAL,TLV_NET_DCASTIA,SIM,1 sept 2026,null,null,No,CANCELADAS,2026-09-01 12:24:25,Monolínea,Mono_item,Ayacucho,null,null,Power 59.90 N
Netcall,2 sept 2026,9,915223652,9152236528169975524762,9283,Outbound,Portabilidad Postpago,PROGRAMADO,Logixtal,9354,ABIERTAS,Pendiente Entrega,Pendiente Entrega,NET_ATRIVINOS,SIM,3 sept 2026,null,null,No,ABIERTAS,null,Monolínea,Mono_item,Ayacucho,null,null,Power 59.90 N
Netcall,1 sept 2026,13,914852489,9148524898166159213463,9283,Outbound,Portabilidad Postpago,EXPRESS,Logixtal,9354,CANCELADAS,Anulado,CLIENTE YA NO DESEA PRODUCTO,NET_LMANRIQUED,SIM,1 sept 2026,null,null,No,CANCELADAS,2026-09-02 11:52:38,Monolínea,Mono_item,Ayacucho,null,null,Power 59.90 N
Netcall,3 sept 2026,13,915694147,91569414789511710121058059739,9283,Outbound,Venta Regular / Alta,EXPRESS,Retiro en tienda,9354,ABIERTAS,Pendiente Entrega,Pendiente Entrega,NET_SLAZOB,SIM,3 sept 2026,null,null,No,ABIERTAS,null,Monolínea,Mono_item,Ayacucho,null,null,null
Netcall,2 sept 2026,10,915239278,9152392788170125250906,9283,Outbound,Portabilidad Postpago,EXPRESS,Logixtal,9355,CANCELADAS,Cancelado,CANCELADA EN OMNIX,NET_ELAURAQ,SIM,2 sept 2026,null,null,No,CANCELADAS,2026-09-02 11:43:35,Multilínea,Mono_item,Loreto,null,null,Power 59.90 N
Netcall,1 sept 2026,9,914769719,9147697198165335569845,9283,Outbound,Portabilidad Postpago,EXPRESS,Logixtal,9355,CERRADAS,Entregado,Entregado,NET_SSALAZARV,SIM,1 sept 2026,1 sept 2026,02/09/2026,Sí,CERRADAS,2026-09-02 00:38:31,Monolínea,Mono_item,Loreto,39.95,Power ilim 79.90 SD N,Power ilim 79.90 SD N
Netcall,1 sept 2026,11,914817082,9148170828165795411171,9283,Outbound,Portabilidad Postpago,EXPRESS,Logixtal,9354,CERRADAS,Entregado,Entregado,NET_CIOLAYAR,SIM,1 sept 2026,1 sept 2026,02/09/2026,Sí,CERRADAS,2026-09-02 00:08:51,Monolínea,Mono_item,Ayacucho,29.95,Power 59.90 N,Power 59.90 N
Netcall,2 sept 2026,12,915283028,9152830288170567385677,9271,Outbound,Portabilidad Postpago,EXPRESS,Logixtal,9354,CERRADAS,Entregado,Entregado,NET_KLGARCIAA,SIM,2 sept 2026,2 sept 2026,null,No,CERRADAS,2026-09-03 00:54:08,Monolínea,Mono_item,Ayacucho,null,Power 59.90 N,Power 59.90 N
Netcall,2 sept 2026,23,915462512,9154625128172164020977,9283,Outbound,Portabilidad Postpago,PROGRAMADO,Logixtal,5023,ABIERTAS,No bop,No bop,TLV_NET_DVALOI,SIM,4 sept 2026,null,null,No,ABIERTAS,null,Monolínea,Mono_item,La Libertad,null,null,Power 59.90 N
Netcall,2 sept 2026,9,915222817,9152228178169962679102,9283,Outbound,Portabilidad Postpago,EXPRESS,Logixtal,9343,ABIERTAS,Pendiente Entrega,Pendiente Entrega,NET_VZEGARRAAGU,SIM,2 sept 2026,null,null,No,ABIERTAS,null,Monolínea,Mono_item,Cusco,null,null,Power 59.90 N
Netcall,3 sept 2026,11,915648375,91564837589511710121058246476,9283,Outbound,Portabilidad Postpago,EXPRESS,Retiro en tienda,9343,CANCELADAS,Cancelado,Cancelado,NET_JRAMIREZQ,SIM,3 sept 2026,null,null,No,CANCELADAS,2026-09-03 11:42:56,Multilínea,Mono_item,Cusco,null,null,null
Netcall,1 sept 2026,8,914734788,9147347888165109874350,9283,Outbound,Portabilidad Prepago,EXPRESS,Logixtal,9343,CERRADAS,Entregado,Entregado,NET_TANCHANTEG,SIM,1 sept 2026,1 sept 2026,02/09/2026,Sí,CERRADAS,2026-09-02 00:27:03,Monolínea,Mono_item,Cusco,29.95,Power 59.90 N,Power 59.90 N
Netcall,1 sept 2026,11,914809705,9148097058165723186550,9283,Outbound,Portabilidad Postpago,EXPRESS,Logixtal,9343,CERRADAS,Entregado,Entregado,NET_GDELGADO,SIM,1 sept 2026,1 sept 2026,02/09/2026,Sí,CERRADAS,2026-09-02 00:48:39,Monolínea,Mono_item,Cusco,39.95,Power ilim 79.90 SD N,Power ilim 79.90 SD N
Netcall,1 sept 2026,9,914774393,9147743938165379954281,9283,Outbound,Portabilidad Postpago,EXPRESS,Logixtal,9343,CERRADAS,Entregado,Entregado,NET_ATRIVINOS,SIM,1 sept 2026,1 sept 2026,02/09/2026,Sí,CERRADAS,2026-09-02 02:01:47,Monolínea,Mono_item,Cusco,34.95,Power ilim 69.90 N,Power ilim 69.90 N
Netcall,2 sept 2026,12,915283540,9152835408170570960928,9283,Outbound,Venta Regular / Alta,EXPRESS,Logixtal,9001,CERRADAS,Entregado,Entregado,NET_MCVASQUEZ,SIM,2 sept 2026,2 sept 2026,02/09/2026,Sí,CERRADAS,2026-09-02 16:21:00,Monolínea,Mono_item,Lima - Callao,29.91303,Power ilim 79.90 SD N,Power ilim 79.90 SD N
Netcall,1 sept 2026,12,914818494,9148184948165807687350,9283,Outbound,Portabilidad Postpago,EXPRESS,Logixtal,9001,CERRADAS,Entregado,Entregado,NET_SPALACIOSA,SIM,1 sept 2026,1 sept 2026,02/09/2026,Sí,CERRADAS,2026-09-02 01:00:05,Monolínea,Mono_item,Lima - Callao,29.95,Power 59.90 N,Power 59.90 N
Netcall,1 sept 2026,12,914833569,9148335698165959807957,9283,Outbound,Portabilidad Postpago,EXPRESS,Logixtal,9001,CERRADAS,Entregado,Entregado,NET_SLIZARDOPER,SIM,1 sept 2026,1 sept 2026,02/09/2026,Sí,CERRADAS,2026-09-02 00:20:07,Multilínea,Mono_item,Lima - Callao,39.95,Power ilim 79.90 SD N,Power ilim 79.90 SD N
Netcall,1 sept 2026,12,914834541,9148345418165970584540,9283,Outbound,Portabilidad Postpago,EXPRESS,Logixtal,9001,CERRADAS,Entregado,Entregado,NET_SLIZARDOPER,SIM,1 sept 2026,1 sept 2026,02/09/2026,Sí,CERRADAS,2026-09-02 03:15:39,Multilínea,Mono_item,Lima - Callao,19.95,Power ilim 79.90 SD N,Power ilim 79.90 SD N
Netcall,3 sept 2026,9,915623737,91562373789511710111073940922,9283,Outbound,Portabilidad Postpago,EXPRESS,Logixtal,9001,ABIERTAS,Entregado,Entregado,NET_LALARCONP,SIM,3 sept 2026,null,null,No,ABIERTAS,null,Multilínea,Mono_item,Lima - Callao,null,null,null
Netcall,3 sept 2026,9,915622795,91562279589511710111073940930,9283,Outbound,Portabilidad Postpago,EXPRESS,Logixtal,9001,ABIERTAS,Entregado,Entregado,NET_LALARCONP,SIM,3 sept 2026,null,null,No,ABIERTAS,null,Multilínea,Mono_item,Lima - Callao,null,null,null
Netcall,2 sept 2026,16,915345802,9153458028171222360508,9283,Outbound,Portabilidad Postpago,PROGRAMADO,Logixtal,9001,ABIERTAS,Pendiente Entrega,Pendiente Entrega,NET_SLIZARDOPER,SIM,3 sept 2026,null,null,No,ABIERTAS,null,Monolínea,Mono_item,Lima - Callao,null,null,Power ilim 69.90 N
Netcall,2 sept 2026,10,915231777,9152317778170049015744,9283,Outbound,Portabilidad Postpago,EXPRESS,Logixtal,9001,ABIERTAS,Pendiente Entrega,Pendiente Entrega,NET_VCARMENG,SIM,2 sept 2026,null,null,No,ABIERTAS,null,Monolínea,Mono_item,Lima - Callao,null,null,Power ilim 79.90 SD N
Netcall,2 sept 2026,16,915345340,9153453408171219626732,9283,Outbound,Portabilidad Postpago,PROGRAMADO,Logixtal,9001,ABIERTAS,Pendiente Entrega,Pendiente Entrega,NET_JLIL,SIM,3 sept 2026,null,null,No,ABIERTAS,null,Monolínea,Mono_item,Lima - Callao,null,null,Power ilim 79.90 SD N
Netcall,3 sept 2026,10,915637956,91563795689511710111073940880,9283,Outbound,Portabilidad Postpago,EXPRESS,Logixtal,9001,ABIERTAS,Entregado,Entregado,NET_DGHERRERA,SIM,3 sept 2026,null,null,No,ABIERTAS,null,Multilínea,Mono_item,Lima - Callao,null,null,null
Netcall,1 sept 2026,18,914924248,9149242488166946027974,9283,Outbound,Portabilidad Postpago,EXPRESS,Logixtal,9001,CERRADAS,Entregado,Entregado,NET_AYROJASS,SIM,1 sept 2026,1 sept 2026,02/09/2026,Sí,CERRADAS,2026-09-02 00:38:02,Monolínea,Mono_item,Lima - Callao,29.91303,Power ilim 79.90 SD N,Power ilim 79.90 SD N
Netcall,1 sept 2026,18,914924277,9149242778166946044444,9283,Outbound,Portabilidad Postpago,EXPRESS,Logixtal,9001,CERRADAS,Entregado,Entregado,NET_JGUEVARAM,SIM,2 sept 2026,2 sept 2026,null,No,CERRADAS,2026-09-03 01:09:33,Monolínea,Mono_item,Lima - Callao,null,Power ilim 79.90 SD N,Power ilim 79.90 SD N
Netcall,3 sept 2026,10,915638893,91563889389511710111073940872,9283,Outbound,Portabilidad Postpago,EXPRESS,Logixtal,9001,ABIERTAS,Entregado,Entregado,NET_DGHERRERA,SIM,3 sept 2026,null,null,No,ABIERTAS,null,Multilínea,Mono_item,Lima - Callao,null,null,null
Netcall,2 sept 2026,13,915293776,9152937768170677305695,9283,Outbound,Portabilidad Postpago,EXPRESS,Logixtal,9001,CERRADAS,Entregado,Entregado,NET_SRAMOSC,SIM,2 sept 2026,2 sept 2026,null,No,CERRADAS,2026-09-03 00:48:49,Multilínea,Multi_item,Lima - Callao,null,Power ilim 79.90 SD N,Power ilim 79.90 SD N
Netcall,1 sept 2026,14,914865455,9148654558166305875582,9271,Outbound,Portabilidad Postpago,EXPRESS,Logixtal,9001,CERRADAS,Entregado,Entregado,NET_LNECIOSUPC,SIM,1 sept 2026,1 sept 2026,02/09/2026,Sí,CERRADAS,2026-09-02 00:11:09,Monolínea,Mono_item,Lima - Callao,34.95,Power ilim 69.90 N,Power ilim 69.90 N
Netcall,2 sept 2026,9,915226747,915226747,9283,Outbound,Portabilidad Postpago,EXPRESS,Logixtal,9001,CERRADAS,Entregado,Entregado,TLV_NET_BCHAVEZ,SIM,2 sept 2026,2 sept 2026,null,No,CERRADAS,2026-09-03 00:16:04,Monolínea,Mono_item,Lima - Callao,null,Power ilim 79.90 SD N,null
Netcall,2 sept 2026,15,915330698,9153306988171069686368,9283,Outbound,Portabilidad Postpago,EXPRESS,Logixtal,9001,CERRADAS,Entregado,Entregado,NET_SDEDIOSO,SIM,2 sept 2026,2 sept 2026,null,No,CERRADAS,2026-09-03 02:02:12,Monolínea,Mono_item,Lima - Callao,null,Power 59.90 N,Power 59.90 N
Netcall,2 sept 2026,13,915293776,9152937768170677305476,9283,Outbound,Portabilidad Postpago,EXPRESS,Logixtal,9001,CERRADAS,Entregado,Entregado,NET_SRAMOSC,SIM,2 sept 2026,2 sept 2026,null,No,CERRADAS,2026-09-03 00:48:49,Multilínea,Multi_item,Lima - Callao,null,Power ilim 79.90 SD N,Power ilim 79.90 SD N
Netcall,2 sept 2026,18,915375558,9153755588171527489361,9283,Outbound,Portabilidad Postpago,PROGRAMADO,Logixtal,9001,ABIERTAS,Pendiente Entrega,Pendiente Entrega,NET_JCHAVEZPINT,SIM,3 sept 2026,null,null,No,ABIERTAS,null,Monolínea,Mono_item,Lima - Callao,null,null,Power ilim 69.90 N
Netcall,2 sept 2026,18,915374252,9153742528171522239731,9271,Outbound,Portabilidad Postpago,PROGRAMADO,Logixtal,9001,ABIERTAS,Pendiente Entrega,Pendiente Entrega,NET_PTORRESR,SIM,3 sept 2026,null,null,No,ABIERTAS,null,Monolínea,Mono_item,Lima - Callao,null,null,Power 59.90 N
Netcall,1 sept 2026,14,914861821,9148618218166262451522,9283,Outbound,Venta Regular / Alta,EXPRESS,Logixtal,9345,CERRADAS,Entregado,Entregado,NET_YHUAMAN,SIM,1 sept 2026,2 sept 2026,02/09/2026,Sí,CERRADAS,2026-09-02 22:01:38,Monolínea,Mono_item,Ica,39.9,Power 39.90 N,Power 39.90 N
Netcall,3 sept 2026,12,915688750,915688750Empty,9283,Outbound,Portabilidad Postpago,EXPRESS,Retiro en tienda,9345,ABIERTAS,Pendiente Entrega,Pendiente Entrega,TLV_NET_YQUITOV,SIM,3 sept 2026,null,null,No,ABIERTAS,null,Monolínea,Mono_item,Ica,null,null,null
Netcall,2 sept 2026,15,915328344,9153283448171038898279,9283,Outbound,Portabilidad Postpago,EXPRESS,Logixtal,9345,ABIERTAS,Entregado,Entregado,NET_ETORRE,SIM,2 sept 2026,2 sept 2026,null,No,ABIERTAS,null,Monolínea,Mono_item,Ica,null,null,Power ilim 79.90 SD N
Netcall,3 sept 2026,13,915703992,915703992Empty,9271,Outbound,Portabilidad Postpago,PROGRAMADO,Retiro en tienda,9345,ABIERTAS,Pendiente Entrega,Pendiente Entrega,NET_DMALCAD,SIM,5 sept 2026,null,null,No,ABIERTAS,null,Monolínea,Mono_item,Ica,null,null,null
Netcall,1 sept 2026,10,914777763,9147777638165408021778,9283,Outbound,Portabilidad Postpago,EXPRESS,Logixtal,9345,CANCELADAS,Anulado,CLIENTE DESISTE - NO BRINDA MOTIVOS,TLV_NET_BRAMIRE,SIM,1 sept 2026,null,null,No,CANCELADAS,2026-09-01 12:59:19,Multilínea,Mono_item,Ica,null,null,Power 59.90 N
Netcall,1 sept 2026,14,914864605,9148646058166297176590,9283,Outbound,Portabilidad Postpago,EXPRESS,Logixtal,9345,CERRADAS,Entregado,Entregado,TLV_NET_BRAMIRE,SIM,1 sept 2026,1 sept 2026,null,No,CERRADAS,2026-09-03 02:33:13,Multilínea,Mono_item,Ica,null,Power 59.90 N,Power 59.90 N
Netcall,2 sept 2026,11,915249925,9152499258170226034966,9271,Outbound,Portabilidad Postpago,EXPRESS,Logixtal,9345,ABIERTAS,Pendiente Entrega,Pendiente Entrega,TLV_NET_LPULIDO,SIM,2 sept 2026,null,null,No,ABIERTAS,null,Monolínea,Mono_item,Ica,null,null,Power 59.90 N
Netcall,2 sept 2026,10,915237686,9152376868170108613048,9283,Outbound,Portabilidad Postpago,EXPRESS,Logixtal,9345,ABIERTAS,Pendiente Entrega,Pendiente Entrega,TLV_NET_LSANCHA,SIM,2 sept 2026,null,null,No,ABIERTAS,null,Monolínea,Mono_item,Ica,null,null,Power 59.90 N
Netcall,1 sept 2026,17,914902605,9149026058166718889618,9283,Outbound,Portabilidad Postpago,PROGRAMADO,Logixtal,9345,ABIERTAS,Pendiente Entrega,Pendiente Entrega,TLV_NET_YQUITOV,SIM,2 sept 2026,null,null,No,ABIERTAS,null,Monolínea,Mono_item,Ica,null,null,Power ilim 69.90 N
Netcall,2 sept 2026,13,915295584,9152955848170695729898,5299,Outbound,Portabilidad Postpago,EXPRESS,Logixtal,9001,CERRADAS,Entregado,Entregado,NET_JBOZAC,SIM,2 sept 2026,2 sept 2026,null,No,CERRADAS,2026-09-03 01:35:09,Multilínea,Mono_item,Lima - Callao,null,Power ilim 79.90 SD N,Power ilim 79.90 SD N
Netcall,1 sept 2026,14,914858188,9148581888166227121115,5299,Outbound,Portabilidad Postpago,EXPRESS,Logixtal,9001,CERRADAS,Entregado,Entregado,NET_AEREYES,SIM,1 sept 2026,1 sept 2026,02/09/2026,Sí,CERRADAS,2026-09-02 00:52:09,Monolínea,Mono_item,Lima - Callao,29.91303,Power ilim 79.90 SD N,Power ilim 79.90 SD N
Netcall,3 sept 2026,13,915692833,91569283389511710101080369470,9271,Outbound,Portabilidad Postpago,EXPRESS,Logixtal,9001,ABIERTAS,Entregado,Entregado,NET_AAVENDANOR,SIM,3 sept 2026,null,null,No,ABIERTAS,null,Monolínea,Mono_item,Lima - Callao,null,null,null
Netcall,1 sept 2026,16,914885015,9148850158166524229513,9283,Outbound,Portabilidad Postpago,EXPRESS,Logixtal,9001,CERRADAS,Entregado,Entregado,NET_MROJASS,SIM,1 sept 2026,1 sept 2026,02/09/2026,Sí,CERRADAS,2026-09-02 00:25:29,Multilínea,Multi_item,Lima - Callao,39.95,Power ilim 79.90 SD N,Power ilim 79.90 SD N
Netcall,2 sept 2026,13,915296271,9152962718170702369986,5299,Outbound,Portabilidad Postpago,EXPRESS,Logixtal,9001,CERRADAS,Entregado,Entregado,NET_JBOZAC,SIM,2 sept 2026,2 sept 2026,null,No,CERRADAS,2026-09-03 01:33:24,Multilínea,Mono_item,Lima - Callao,null,Power ilim 79.90 SD N,Power ilim 79.90 SD N
Netcall,1 sept 2026,14,914855414,9148554148166199831086,9283,Outbound,Portabilidad Postpago,EXPRESS,Logixtal,9001,CERRADAS,Entregado,Entregado,NET_PCHAVESTAY,SIM,1 sept 2026,1 sept 2026,02/09/2026,Sí,CERRADAS,2026-09-02 01:45:12,Monolínea,Mono_item,Lima - Callao,29.95,Power 59.90 N,Power 59.90 N
Netcall,1 sept 2026,16,914885015,9148850158166524229732,9283,Outbound,Portabilidad Postpago,EXPRESS,Logixtal,9001,CERRADAS,Entregado,Entregado,NET_MROJASS,SIM,1 sept 2026,1 sept 2026,02/09/2026,Sí,CERRADAS,2026-09-02 00:25:29,Multilínea,Multi_item,Lima - Callao,19.95,Power ilim 79.90 SD N,Power ilim 79.90 SD N
Netcall,2 sept 2026,12,915267496,9152674968170400630782,9283,Outbound,Venta Regular / Alta,EXPRESS,Logixtal,9001,CERRADAS,Entregado,Entregado,NET_MMREVILLA,SIM,2 sept 2026,2 sept 2026,02/09/2026,Sí,CERRADAS,2026-09-02 14:46:27,Monolínea,Mono_item,Lima - Callao,39.9,Power 39.90 N,Power 39.90 N
Netcall,1 sept 2026,16,914887088,9148870888166548271552,9283,Outbound,Portabilidad Postpago,EXPRESS,Logixtal,9001,CERRADAS,Entregado,Entregado,NET_MROJASS,SIM,1 sept 2026,1 sept 2026,02/09/2026,Sí,CERRADAS,2026-09-02 01:08:04,Multilínea,Multi_item,Lima - Callao,19.95,Power ilim 79.90 SD N,Power ilim 79.90 SD N
Netcall,1 sept 2026,16,914887088,9148870888166548271771,9283,Outbound,Portabilidad Postpago,EXPRESS,Logixtal,9001,CERRADAS,Entregado,Entregado,NET_MROJASS,SIM,1 sept 2026,1 sept 2026,02/09/2026,Sí,CERRADAS,2026-09-02 01:08:04,Multilínea,Multi_item,Lima - Callao,19.95,Power ilim 79.90 SD N,Power ilim 79.90 SD N
Netcall,1 sept 2026,9,914774089,9147740898165372703437,9283,Outbound,Venta Regular / Alta,EXPRESS,Logixtal,9001,CERRADAS,Entregado,Entregado,NET_GCABALLEROC,SIM,1 sept 2026,1 sept 2026,01/09/2026,Sí,CERRADAS,2026-09-01 12:11:28,Monolínea,Mono_item,Lima - Callao,39.9,Power 39.90 N,Power 39.90 N
Netcall,3 sept 2026,9,915625677,91562567789511710101045193064,9283,Outbound,Portabilidad Postpago,EXPRESS,Retiro en tienda,9356,ABIERTAS,Entregado,Entregado,NET_CGARCIAC,SIM,3 sept 2026,null,null,No,ABIERTAS,null,Monolínea,Mono_item,Moquegua,null,null,null
Netcall,1 sept 2026,18,914939440,9149394408167095790626,9283,Outbound,Portabilidad Postpago,PROGRAMADO,Logixtal,9356,CERRADAS,Entregado,Entregado,NET_AARNAIZA,SIM,2 sept 2026,2 sept 2026,null,No,CERRADAS,2026-09-03 01:10:28,Monolínea,Mono_item,Moquegua,null,Power 59.90 N,Power 59.90 N
Netcall,1 sept 2026,9,914760515,9147605158165303423353,9283,Outbound,Portabilidad Postpago,EXPRESS,Logixtal,9345,CANCELADAS,Anulado,CLIENTE YA NO DESEA PRODUCTO,NET_VCARMENG,SIM,1 sept 2026,null,null,No,CANCELADAS,2026-09-01 11:26:09,Monolínea,Mono_item,Ica,null,null,Power ilim 79.90 SD N
Netcall,1 sept 2026,9,914766666,9147666668165303463556,9283,Outbound,Portabilidad Postpago,EXPRESS,Logixtal,9345,CANCELADAS,Anulado,CLIENTE YA NO DESEA PRODUCTO,NET_VCARMENG,SIM,1 sept 2026,null,null,No,CANCELADAS,2026-09-01 11:26:10,Monolínea,Mono_item,Ica,null,null,Power ilim 79.90 SD N
Netcall,1 sept 2026,17,914911213,9149112138166811790354,9283,Outbound,Venta Regular / Alta,PROGRAMADO,Logixtal,5023,CERRADAS,Entregado,Entregado,NET_SSALAZARV,SIM,2 sept 2026,2 sept 2026,02/09/2026,Sí,CERRADAS,2026-09-02 15:57:47,Monolínea,Mono_item,La Libertad,34.95,Power ilim 69.90 N,Power ilim 69.90 N
Netcall,2 sept 2026,10,915243407,9152434078170165059761,9283,Outbound,Portabilidad Postpago,PROGRAMADO,Logixtal,5023,ABIERTAS,Pendiente Entrega,Pendiente Entrega,TLV_NET_DCABEZU,SIM,5 sept 2026,null,null,No,ABIERTAS,null,Monolínea,Mono_item,La Libertad,null,null,Power ilim 79.90 SD N
Netcall,2 sept 2026,12,915268475,9152684758170409015277,9283,Outbound,Portabilidad Postpago,PROGRAMADO,Logixtal,5022,ABIERTAS,Pendiente Entrega,Pendiente Entrega,NET_JCHAVEZC,SIM,3 sept 2026,null,null,No,ABIERTAS,null,Monolínea,Mono_item,Arequipa,null,null,Power 59.90 N
Netcall,1 sept 2026,13,914836988,9148369888165997207532,9283,Outbound,Portabilidad Postpago,PROGRAMADO,Logixtal,5022,CERRADAS,Entregado,Entregado,NET_EMMENDIZF,SIM,2 sept 2026,2 sept 2026,null,No,CERRADAS,2026-09-03 01:06:15,Multilínea,Mono_item,Arequipa,null,Power ilim 79.90 SD N,Power ilim 79.90 SD N
Netcall,1 sept 2026,14,914866234,9148662348166315961139,9283,Outbound,Portabilidad Postpago,PROGRAMADO,Logixtal,5022,CERRADAS,Entregado,Entregado,NET_EMMENDIZF,SIM,2 sept 2026,2 sept 2026,null,No,CERRADAS,2026-09-03 01:30:38,Multilínea,Mono_item,Arequipa,null,Power ilim 79.90 SD N,Power ilim 79.90 SD N
Netcall,1 sept 2026,14,914865430,9148654308166298989961,9283,Outbound,Portabilidad Postpago,PROGRAMADO,Logixtal,5022,CERRADAS,Entregado,Entregado,NET_EMMENDIZF,SIM,2 sept 2026,2 sept 2026,null,No,CERRADAS,2026-09-03 01:27:23,Multilínea,Mono_item,Arequipa,null,Power ilim 79.90 SD N,Power ilim 79.90 SD N
Netcall,1 sept 2026,14,914867136,9148671368166326931365,9283,Outbound,Portabilidad Postpago,PROGRAMADO,Logixtal,5022,CERRADAS,Entregado,Entregado,NET_EMMENDIZF,SIM,2 sept 2026,2 sept 2026,null,No,CERRADAS,2026-09-03 01:39:04,Multilínea,Mono_item,Arequipa,null,Power ilim 79.90 SD N,Power ilim 79.90 SD N
Netcall,2 sept 2026,14,915308616,9153086168170834847602,9271,Outbound,Portabilidad Postpago,EXPRESS,Logixtal,9353,CERRADAS,Entregado,Entregado,NET_JVILLANUEVL,SIM,2 sept 2026,2 sept 2026,null,No,CERRADAS,2026-09-03 00:41:47,Multilínea,Mono_item,Huanuco,null,Power ilim 79.90 SD N,Power ilim 79.90 SD N
Netcall,3 sept 2026,11,915652984,91565298489511710111069297758,9283,Outbound,Portabilidad Postpago,EXPRESS,Retiro en tienda,9353,ABIERTAS,Entregado,Entregado,NET_LOPEZDI,SIM,3 sept 2026,null,null,No,ABIERTAS,null,Monolínea,Mono_item,Huanuco,null,null,null
Netcall,2 sept 2026,14,915307511,9153075118170822820071,9271,Outbound,Portabilidad Postpago,EXPRESS,Logixtal,9353,CERRADAS,Entregado,Entregado,NET_JVILLANUEVL,SIM,2 sept 2026,2 sept 2026,null,No,CERRADAS,2026-09-03 01:56:36,Multilínea,Mono_item,Huanuco,null,Power ilim 79.90 SD N,Power ilim 79.90 SD N
Netcall,3 sept 2026,14,915715398,915715398Empty,9283,Outbound,Portabilidad Postpago,EXPRESS,Retiro en tienda,9353,ABIERTAS,Pendiente Entrega,Pendiente Entrega,NET_CULLOAC,SIM,3 sept 2026,null,null,No,ABIERTAS,null,Monolínea,Mono_item,Huanuco,null,null,null
Netcall,3 sept 2026,8,915601502,91560150289511710111069297915,9265,Outbound,Portabilidad Postpago,EXPRESS,Retiro en tienda,9353,ABIERTAS,Entregado,Entregado,NET_IRODRIGUEZS,SIM,3 sept 2026,null,null,No,ABIERTAS,null,Monolínea,Mono_item,Huanuco,null,null,null
Netcall,2 sept 2026,9,915224663,9152246638169985601113,9283,Outbound,Portabilidad Postpago,EXPRESS,Logixtal,9001,CERRADAS,Entregado,Entregado,NET_EVALDIVIEZO,SIM,2 sept 2026,2 sept 2026,null,No,CERRADAS,2026-09-03 01:16:48,Multilínea,Mono_item,Lima - Callao,null,Power ilim 79.90 SD N,Power ilim 79.90 SD N
Netcall,3 sept 2026,7,915583313,91558331389511710111071490425,9283,Outbound,Portabilidad Postpago,EXPRESS,Logixtal,9001,ABIERTAS,Entregado,Entregado,NET_GMENDIGUETE,SIM,3 sept 2026,null,null,No,ABIERTAS,null,Multilínea,Mono_item,Lima - Callao,null,null,null
Netcall,2 sept 2026,17,915360755,9153607558171380939885,9283,Outbound,Portabilidad Postpago,PROGRAMADO,Logixtal,9001,ABIERTAS,Pendiente Entrega,Pendiente Entrega,NET_SSALAZARV,SIM,3 sept 2026,null,null,No,ABIERTAS,null,Monolínea,Mono_item,Lima - Callao,null,null,Power ilim 69.90 N
Netcall,2 sept 2026,16,915332870,9153328708171088783024,9283,Outbound,Portabilidad Postpago,EXPRESS,Logixtal,9001,ABIERTAS,Pendiente Entrega,Pendiente Entrega,NET_CMUNOZC,SIM,2 sept 2026,null,null,No,ABIERTAS,null,Monolínea,Mono_item,Lima - Callao,null,null,Power ilim 79.90 SD N
Netcall,2 sept 2026,12,915273389,915273389,9283,Outbound,Portabilidad Postpago,EXPRESS,Logixtal,9001,CERRADAS,Entregado,Entregado,TLV_NET_CSILVAP,SIM,2 sept 2026,2 sept 2026,null,No,CERRADAS,2026-09-03 00:38:51,Monolínea,Mono_item,Lima - Callao,null,Power ilim 69.90 N,null
Netcall,1 sept 2026,11,914807964,9148079648165699178796,9271,Outbound,Portabilidad Postpago,EXPRESS,Logixtal,9001,CERRADAS,Entregado,Entregado,NET_MVALIENTES,SIM,1 sept 2026,1 sept 2026,02/09/2026,Sí,CERRADAS,2026-09-02 00:14:02,Multilínea,Mono_item,Lima - Callao,39.95,Power ilim 79.90 SD N,Power ilim 79.90 SD N
Netcall,1 sept 2026,17,914910102,9149101028166797759582,9271,Outbound,Portabilidad Postpago,EXPRESS,Logixtal,9001,CERRADAS,Entregado,Entregado,NET_PTORRESR,SIM,1 sept 2026,1 sept 2026,02/09/2026,Sí,CERRADAS,2026-09-02 00:39:25,Monolínea,Mono_item,Lima - Callao,39.95,Power ilim 79.90 SD N,Power ilim 79.90 SD N
Netcall,3 sept 2026,14,915713489,91571348989511710111073920106,9283,Outbound,Portabilidad Postpago,EXPRESS,Logixtal,9001,ABIERTAS,Pendiente Entrega,Pendiente de Picking,NET_LRUIZH,SIM,3 sept 2026,null,null,No,ABIERTAS,null,Monolínea,Mono_item,Lima - Callao,null,null,null
Netcall,3 sept 2026,10,915650078,91565007889511710111073920155,9283,Outbound,Portabilidad Postpago,EXPRESS,Logixtal,9001,ABIERTAS,Entregado,Entregado,NET_DVILLALOBOS,SIM,3 sept 2026,null,null,No,ABIERTAS,null,Monolínea,Mono_item,Lima - Callao,null,null,null
Netcall,1 sept 2026,11,914806575,9148065758165689832538,9271,Outbound,Portabilidad Postpago,EXPRESS,Logixtal,9001,CERRADAS,Entregado,Entregado,NET_MVALIENTES,SIM,1 sept 2026,1 sept 2026,02/09/2026,Sí,CERRADAS,2026-09-02 01:26:20,Multilínea,Mono_item,Lima - Callao,19.95,Power ilim 79.90 SD N,Power ilim 79.90 SD N
Netcall,1 sept 2026,13,914841604,9148416048166042884858,9283,Outbound,Venta Regular / Alta,EXPRESS,Logixtal,9001,CERRADAS,Entregado,Entregado,NET_GFLORESS,SIM,1 sept 2026,1 sept 2026,null,No,CERRADAS,2026-09-01 15:17:11,Monolínea,Mono_item,Lima - Callao,null,Power ilim 79.90 SD N,Power ilim 79.90 SD N
Netcall,2 sept 2026,9,915223248,915223248,9283,Outbound,Portabilidad Postpago,EXPRESS,Logixtal,9001,CERRADAS,Entregado,Entregado,NET_EVALDIVIEZO,SIM,2 sept 2026,2 sept 2026,null,No,CERRADAS,2026-09-03 00:15:04,Multilínea,Mono_item,Lima - Callao,null,Power ilim 79.90 SD N,null
Netcall,3 sept 2026,7,915585182,91558518289511710111071482315,9283,Outbound,Venta Regular / Alta,EXPRESS,Logixtal,9001,CERRADAS,Entregado,Entregado,NET_GMENDIGUETE,SIM,3 sept 2026,3 sept 2026,null,No,CERRADAS,2026-09-03 11:26:21,Multilínea,Mono_item,Lima - Callao,null,Power ilim 79.90 SD N,null
Netcall,2 sept 2026,10,915241189,9152411898170143053143,9283,Outbound,Portabilidad Postpago,PROGRAMADO,Logixtal,9342,ABIERTAS,No bop,No bop,NET_RCASTANEDAR,SIM,5 sept 2026,null,null,No,ABIERTAS,null,Monolínea,Mono_item,Lima - Callao,null,null,Power ilim 79.90 SD N
Netcall,3 sept 2026,12,915684165,91568416589511710111070967431,9271,Outbound,Portabilidad Postpago,EXPRESS,Retiro en tienda,9351,ABIERTAS,Entregado,Entregado,TLV_NET_BREYESR,SIM,3 sept 2026,null,null,No,ABIERTAS,null,Monolínea,Mono_item,Puno,null,null,null
Netcall,1 sept 2026,13,914845800,9148458008166093407322,5299,Outbound,Portabilidad Postpago,EXPRESS,Logixtal,9351,CERRADAS,Entregado,Entregado,NET_JBOZAC,SIM,1 sept 2026,1 sept 2026,02/09/2026,Sí,CERRADAS,2026-09-02 00:51:09,Monolínea,Mono_item,Puno,29.95,Power 59.90 N,Power 59.90 N
Netcall,2 sept 2026,15,915323116,9153231168170988649995,9283,Outbound,Portabilidad Postpago,RETIRO EN TIENDA,Retiro en tienda,3034,CERRADAS,Entregado,Entregado,NET_GMENDIGUETE,SIM,2 sept 2026,2 sept 2026,null,No,CERRADAS,2026-09-03 01:13:12,Monolínea,Mono_item,Puno,null,Power ilim 79.90 SD N,Power ilim 79.90 SD N
Netcall,2 sept 2026,17,915362969,9153629698171405829379,9283,Outbound,Portabilidad Postpago,PROGRAMADO,Logixtal,9351,ABIERTAS,Pendiente Entrega,Pendiente Entrega,TLV_NET_JPENAM,SIM,3 sept 2026,null,null,No,ABIERTAS,null,Multilínea,Multi_item,Puno,null,null,Power ilim 79.90 SD N
Netcall,2 sept 2026,17,915362969,9153629698171405829160,9283,Outbound,Portabilidad Postpago,PROGRAMADO,Logixtal,9351,ABIERTAS,Pendiente Entrega,Pendiente Entrega,TLV_NET_JPENAM,SIM,3 sept 2026,null,null,No,ABIERTAS,null,Multilínea,Multi_item,Puno,null,null,Power ilim 79.90 SD N
Netcall,3 sept 2026,11,915654728,91565472889511710111070968751,9283,Outbound,Portabilidad Postpago,EXPRESS,Retiro en tienda,9351,ABIERTAS,Entregado,Entregado,NET_GMENDIGUETE,SIM,3 sept 2026,null,null,No,ABIERTAS,null,Monolínea,Mono_item,Puno,null,null,null
Netcall,2 sept 2026,14,915302372,915302372,9271,Outbound,Portabilidad Postpago,EXPRESS,Logixtal,9351,CERRADAS,Entregado,Entregado,NET_STANANTAM,SIM,2 sept 2026,2 sept 2026,null,No,CERRADAS,2026-09-03 00:27:01,Monolínea,Mono_item,Puno,null,Power ilim 79.90 SD N,null
Netcall,1 sept 2026,15,914877205,9148772058166435202039,9283,Outbound,Portabilidad Postpago,PROGRAMADO,Logixtal,9351,ABIERTAS,Pendiente Entrega,Pendiente Entrega,NET_AMORALEST,SIM,3 sept 2026,null,null,No,ABIERTAS,null,Monolínea,Mono_item,Puno,null,null,Power ilim 79.90 SD N
Netcall,2 sept 2026,12,915270380,9152703808170430306740,9283,Outbound,Portabilidad Postpago,PROGRAMADO,Logixtal,9351,ABIERTAS,Pendiente Entrega,Pendiente Entrega,NET_GHERRERAG,SIM,4 sept 2026,null,null,No,ABIERTAS,null,Monolínea,Mono_item,Puno,null,null,Power ilim 79.90 SD N
Netcall,3 sept 2026,14,915712667,915712667Empty,9283,Outbound,Portabilidad Postpago,RETIRO EN TIENDA,Retiro en tienda,3034,ABIERTAS,Pendiente Entrega,Pendiente Entrega,NET_MORIHUELAQ,SIM,3 sept 2026,null,null,No,ABIERTAS,null,Monolínea,Mono_item,Puno,null,null,null
Netcall,1 sept 2026,13,914850749,9148507498166149291853,9289,Outbound,Portabilidad Postpago,EXPRESS,Logixtal,9351,CERRADAS,Entregado,Entregado,TLV_NET_MLANDAR,SIM,1 sept 2026,1 sept 2026,02/09/2026,Sí,CERRADAS,2026-09-02 00:51:50,Monolínea,Mono_item,Puno,34.95,Power ilim 69.90 N,Power ilim 69.90 N
Netcall,1 sept 2026,11,914743038,9147430388165759953567,9283,Outbound,Portabilidad Postpago,RETIRO EN TIENDA,Retiro en tienda,3034,CERRADAS,Entregado,Entregado,NET_SBENITESL,SIM,1 sept 2026,1 sept 2026,02/09/2026,Sí,CERRADAS,2026-09-02 00:52:17,Multilínea,Mono_item,Puno,19.95,Power ilim 79.90 SD N,Power ilim 79.90 SD N
Netcall,2 sept 2026,11,915258725,9152587258170315157335,9283,Outbound,Portabilidad Postpago,EXPRESS,Logixtal,9351,CERRADAS,Entregado,Entregado,NET_RGUTIERREZS,SIM,2 sept 2026,2 sept 2026,null,No,CERRADAS,2026-09-03 00:48:27,Multilínea,Mono_item,Puno,null,Power ilim 79.90 SD N,Power ilim 79.90 SD N
Netcall,1 sept 2026,11,914748702,9147487028165756018044,9283,Outbound,Portabilidad Prepago,RETIRO EN TIENDA,Retiro en tienda,3034,CERRADAS,Entregado,Entregado,NET_SBENITESL,SIM,1 sept 2026,1 sept 2026,02/09/2026,Sí,CERRADAS,2026-09-02 00:17:39,Multilínea,Mono_item,Puno,39.95,Power ilim 79.90 SD N,Power ilim 79.90 SD N
Netcall,3 sept 2026,14,915713194,91571319489511710111070966359,9283,Outbound,Portabilidad Postpago,EXPRESS,Retiro en tienda,9351,ABIERTAS,Entregado,Entregado,NET_LFLORESY,SIM,3 sept 2026,null,null,No,ABIERTAS,null,Monolínea,Mono_item,Puno,null,null,null
Netcall,3 sept 2026,10,915634380,91563438089511710111070966375,9283,Outbound,Portabilidad Postpago,EXPRESS,Retiro en tienda,9351,ABIERTAS,Entregado,Entregado,TLV_NET_APINTAD,SIM,3 sept 2026,null,null,No,ABIERTAS,null,Monolínea,Mono_item,Puno,null,null,null
Netcall,2 sept 2026,12,915280780,9152807808170543303284,9283,Outbound,Portabilidad Postpago,EXPRESS,Logixtal,9351,CERRADAS,Entregado,Entregado,NET_LOPEZDI,SIM,2 sept 2026,2 sept 2026,null,No,CERRADAS,2026-09-03 01:10:50,Monolínea,Mono_item,Puno,null,Power ilim 79.90 SD N,Power ilim 79.90 SD N
Netcall,1 sept 2026,10,914782523,9147825238165453185841,9283,Outbound,Portabilidad Postpago,EXPRESS,Logixtal,9351,CERRADAS,Entregado,Entregado,NET_JCAVEROC,SIM,1 sept 2026,1 sept 2026,02/09/2026,Sí,CERRADAS,2026-09-02 01:39:32,Monolínea,Mono_item,Puno,29.95,Power 59.90 N,Power 59.90 N
Netcall,1 sept 2026,10,914776700,9147767008165404271296,9283,Outbound,Portabilidad Postpago,PROGRAMADO,Logixtal,9351,CERRADAS,Entregado,Entregado,NET_JRAMIREZQ,SIM,2 sept 2026,2 sept 2026,null,No,CERRADAS,2026-09-03 01:12:45,Monolínea,Mono_item,Puno,null,Power 59.90 N,Power 59.90 N
Netcall,2 sept 2026,11,915259999,9152599998170322107531,9283,Outbound,Portabilidad Postpago,EXPRESS,Logixtal,9351,CERRADAS,Entregado,Entregado,NET_RGUTIERREZS,SIM,2 sept 2026,2 sept 2026,null,No,CERRADAS,2026-09-03 01:52:57,Multilínea,Mono_item,Puno,null,Power ilim 79.90 SD N,Power ilim 79.90 SD N
Netcall,1 sept 2026,12,914832824,9148328248165950122518,9271,Outbound,Portabilidad Postpago,EXPRESS,Logixtal,9351,CERRADAS,Entregado,Entregado,NET_GHUAMANT,SIM,1 sept 2026,1 sept 2026,02/09/2026,Sí,CERRADAS,2026-09-02 00:13:07,Monolínea,Mono_item,Puno,39.95,Power ilim 79.90 SD N,Power ilim 79.90 SD N
Netcall,3 sept 2026,8,915599530,915599530Empty,9283,Outbound,Portabilidad Postpago,EXPRESS,Retiro en tienda,9355,CANCELADAS,Cancelado,Cancelado,NET_JSIADEN,SIM,3 sept 2026,null,null,No,CANCELADAS,2026-09-03 09:37:20,Multilínea,Mono_item,Loreto,null,null,null
Netcall,3 sept 2026,11,915655441,91565544189511710101029852644,9283,Outbound,Portabilidad Postpago,EXPRESS,Retiro en tienda,9355,ABIERTAS,Entregado,Entregado,NET_JSIADEN,SIM,3 sept 2026,null,null,No,ABIERTAS,null,Multilínea,Mono_item,Loreto,null,null,null
Netcall,3 sept 2026,11,915657564,91565756489511710101029852636,9283,Outbound,Portabilidad Postpago,EXPRESS,Retiro en tienda,9355,ABIERTAS,Entregado,Entregado,NET_JSIADEN,SIM,3 sept 2026,null,null,No,ABIERTAS,null,Multilínea,Mono_item,Loreto,null,null,null
Netcall,1 sept 2026,14,914853698,9148536988166178163416,9283,Outbound,Portabilidad Postpago,EXPRESS,Logixtal,9355,CERRADAS,Entregado,Entregado,NET_MROJASS,SIM,1 sept 2026,1 sept 2026,02/09/2026,Sí,CERRADAS,2026-09-02 00:20:03,Monolínea,Mono_item,Loreto,34.95,Power ilim 69.90 N,Power ilim 69.90 N
Netcall,3 sept 2026,8,915601355,915601355Empty,9283,Outbound,Portabilidad Postpago,EXPRESS,Retiro en tienda,9355,CANCELADAS,Cancelado,Cancelado,NET_JSIADEN,SIM,3 sept 2026,null,null,No,CANCELADAS,2026-09-03 09:26:33,Multilínea,Mono_item,Loreto,null,null,null
Netcall,1 sept 2026,9,914771045,9147710458165342151863,9283,Outbound,Portabilidad Postpago,EXPRESS,Logixtal,9355,CERRADAS,Entregado,Entregado,TLV_NET_MFARFAN,SIM,1 sept 2026,1 sept 2026,02/09/2026,Sí,CERRADAS,2026-09-02 01:47:46,Monolínea,Mono_item,Loreto,34.95,Power ilim 69.90 N,Power ilim 69.90 N
Netcall,2 sept 2026,8,915184527,9151845278169672421171,9283,Outbound,Portabilidad Postpago,PROGRAMADO,Logixtal,9355,ABIERTAS,Pendiente Entrega,Pendiente Entrega,NET_SRAMOSC,SIM,4 sept 2026,null,null,No,ABIERTAS,null,Monolínea,Mono_item,Loreto,null,null,Power ilim 69.90 N
Netcall,1 sept 2026,14,914856291,9148562918166210506448,9283,Outbound,Portabilidad Prepago,EXPRESS,Logixtal,9001,CERRADAS,Entregado,Entregado,NET_KBRACOV,SIM,1 sept 2026,1 sept 2026,02/09/2026,Sí,CERRADAS,2026-09-02 01:23:47,Monolínea,Mono_item,Lima - Callao,39.95,Power ilim 79.90 SD N,Power ilim 79.90 SD N
Netcall,2 sept 2026,13,915285239,9152852398170586132190,9283,Outbound,Portabilidad Postpago,EXPRESS,Logixtal,9001,CERRADAS,Entregado,Entregado,NET_BDELGADOC,SIM,2 sept 2026,2 sept 2026,null,No,CERRADAS,2026-09-03 02:38:53,Monolínea,Mono_item,Lima - Callao,null,Power 59.90 N,Power 59.90 N
Netcall,2 sept 2026,13,915290359,9152903598170637910997,9283,Outbound,Portabilidad Postpago,EXPRESS,Logixtal,9001,ABIERTAS,Pendiente Entrega,Pendiente Entrega,NET_GSILVAF,SIM,2 sept 2026,null,null,No,ABIERTAS,null,Monolínea,Mono_item,Lima - Callao,null,null,Power 59.90 N
Netcall,2 sept 2026,15,915331340,9153313408171076154140,9283,Outbound,Portabilidad Postpago,EXPRESS,Logixtal,9001,CANCELADAS,Anulado,PIN PORTA_NO VALIDO,NET_GSILVAF,SIM,2 sept 2026,null,null,No,CANCELADAS,2026-09-02 16:52:18,Multilínea,Mono_item,Lima - Callao,null,null,Power 59.90 N
Netcall,1 sept 2026,11,914803507,9148035078165659940104,9271,Outbound,Venta Regular / Alta,EXPRESS,Logixtal,9001,CANCELADAS,Anulado,DIRECCIÓN ERRADA,NET_SNIMAG,SIM,1 sept 2026,null,null,No,CANCELADAS,2026-09-01 12:40:39,Multilínea,Mono_item,Lima - Callao,null,null,Power ilim 79.90 SD N
Netcall,3 sept 2026,7,915573074,91557307489511710101080504688,9283,Outbound,Portabilidad Postpago,PROGRAMADO,Logixtal,9001,ABIERTAS,No bop,No bop,TLV_NET_MFARFAN,SIM,5 sept 2026,null,null,No,ABIERTAS,null,Monolínea,Mono_item,Lima - Callao,null,null,null
Netcall,2 sept 2026,11,915262006,9152620068170344705938,9283,Outbound,Portabilidad Postpago,EXPRESS,Logixtal,9001,ABIERTAS,Pendiente Entrega,Pendiente Entrega,NET_JCHEROO,SIM,2 sept 2026,null,null,No,ABIERTAS,null,Monolínea,Mono_item,Lima - Callao,null,null,Power 59.90 N
Netcall,2 sept 2026,14,915315777,9153157778170908434200,9283,Outbound,Portabilidad Postpago,EXPRESS,Logixtal,9001,CANCELADAS,Anulado,CLIENTE YA NO DESEA PRODUCTO,NET_JRIVADENEIC,SIM,2 sept 2026,null,null,No,CANCELADAS,2026-09-02 15:25:38,Monolínea,Mono_item,Lima - Callao,null,null,Power ilim 79.90 SD N
Netcall,1 sept 2026,17,914906028,9149060288166758295950,9283,Outbound,Portabilidad Postpago,PROGRAMADO,Logixtal,9001,CERRADAS,Entregado,Entregado,TLV_NET_DCABEZU,SIM,2 sept 2026,2 sept 2026,null,No,CERRADAS,2026-09-03 02:26:34,Monolínea,Mono_item,Lima - Callao,null,Power ilim 69.90 N,Power ilim 69.90 N
Netcall,1 sept 2026,15,914880252,9148802528166469866316,9283,Outbound,Portabilidad Postpago,EXPRESS,Logixtal,9001,CANCELADAS,Anulado,DIRECCIÓN ERRADA,NET_GSANCHEZO,SIM,1 sept 2026,null,null,No,CANCELADAS,2026-09-02 14:10:36,Monolínea,Mono_item,Lima - Callao,null,null,Power 59.90 N
Netcall,2 sept 2026,9,915222365,9152223658169953712583,9283,Outbound,Portabilidad Postpago,EXPRESS,Logixtal,9001,CERRADAS,Entregado,Entregado,NET_SGONZALESF,SIM,2 sept 2026,2 sept 2026,null,No,CERRADAS,2026-09-03 01:48:24,Multilínea,Mono_item,Lima - Callao,null,Power ilim 79.90 SD N,Power ilim 79.90 SD N
Netcall,2 sept 2026,9,915223133,9152231338169963724940,9283,Outbound,Portabilidad Postpago,EXPRESS,Logixtal,9001,CERRADAS,Entregado,Entregado,NET_SGONZALESF,SIM,2 sept 2026,2 sept 2026,null,No,CERRADAS,2026-09-03 01:28:53,Multilínea,Mono_item,Lima - Callao,null,Power ilim 79.90 SD N,Power ilim 79.90 SD N
Netcall,1 sept 2026,11,914805565,9148055658165680593490,9271,Outbound,Portabilidad Postpago,EXPRESS,Logixtal,9001,CANCELADAS,Anulado,DIRECCIÓN ERRADA,NET_SNIMAG,SIM,1 sept 2026,null,null,No,CANCELADAS,2026-09-01 12:39:13,Multilínea,Mono_item,Lima - Callao,null,null,Power ilim 79.90 SD N
Netcall,3 sept 2026,10,915633717,91563371789511710111073735918,9283,Outbound,Portabilidad Postpago,EXPRESS,Logixtal,9001,ABIERTAS,Entregado,Entregado,NET_KBRACOV,SIM,3 sept 2026,null,null,No,ABIERTAS,null,Multilínea,Mono_item,Lima - Callao,null,null,null
Netcall,3 sept 2026,10,915635757,91563575789511710100969295277,9283,Outbound,Portabilidad Postpago,EXPRESS,Logixtal,9001,ABIERTAS,Entregado,Entregado,NET_KBRACOV,SIM,3 sept 2026,null,null,No,ABIERTAS,null,Multilínea,Mono_item,Lima - Callao,null,null,null
Netcall,2 sept 2026,16,915341208,9153412088171173955701,9283,Outbound,Portabilidad Postpago,EXPRESS,Logixtal,9001,CERRADAS,Entregado,Entregado,NET_GMENDIGUETE,SIM,2 sept 2026,2 sept 2026,null,No,CERRADAS,2026-09-03 02:29:10,Monolínea,Mono_item,Lima - Callao,null,Power 59.90 N,Power 59.90 N
Netcall,2 sept 2026,10,915226688,915226688,9283,Outbound,Portabilidad Postpago,EXPRESS,Logixtal,9001,CERRADAS,Entregado,Entregado,NET_VTURKOWSKYG,SIM,2 sept 2026,2 sept 2026,null,No,CERRADAS,2026-09-03 00:26:26,Monolínea,Mono_item,Lima - Callao,null,Power ilim 79.90 SD N,null
Netcall,3 sept 2026,9,915628565,91562856589511710111071539726,9283,Outbound,Portabilidad Postpago,EXPRESS,Logixtal,9001,ABIERTAS,Entregado,Entregado,NET_LCALDERONC,SIM,3 sept 2026,null,null,No,ABIERTAS,null,Monolínea,Mono_item,Lima - Callao,null,null,null
Netcall,2 sept 2026,12,915277289,9152772898170519629798,9283,Outbound,Portabilidad Postpago,EXPRESS,Logixtal,9001,CERRADAS,Entregado,Entregado,TLV_NET_MCHAMBI,SIM,2 sept 2026,2 sept 2026,null,No,CERRADAS,2026-09-03 02:00:20,Monolínea,Mono_item,Lima - Callao,null,Power ilim 79.90 SD N,Power ilim 79.90 SD N
Netcall,1 sept 2026,16,914894507,9148945078166627410226,9283,Outbound,Portabilidad Postpago,EXPRESS,Logixtal,9001,CERRADAS,Entregado,Entregado,TLV_NET_ECODARL,SIM,1 sept 2026,2 sept 2026,null,No,CERRADAS,2026-09-03 01:17:51,Multilínea,Multi_item,Lima - Callao,null,Power ilim 79.90 SD N,Power ilim 79.90 SD N
Netcall,1 sept 2026,21,914983311,914983311,9283,Outbound,Portabilidad Postpago,PROGRAMADO,Logixtal,9001,CERRADAS,Entregado,Entregado,TLV_NET_RSORIAH,SIM,2 sept 2026,2 sept 2026,null,No,CERRADAS,2026-09-03 00:27:59,Monolínea,Mono_item,Lima - Callao,null,Power 59.90 N,null
Netcall,1 sept 2026,10,914788723,9147887238165508208233,9283,Outbound,Portabilidad Postpago,EXPRESS,Logixtal,9001,CANCELADAS,Anulado,Cliente sin equipo Pin Porta,NET_AARANAS,SIM,1 sept 2026,null,null,No,CANCELADAS,2026-09-02 13:14:37,Monolínea,Mono_item,Lima - Callao,null,null,Power ilim 79.90 SD N
Netcall,2 sept 2026,12,915272400,9152724008170448877423,9283,Outbound,Portabilidad Postpago,EXPRESS,Logixtal,9001,CERRADAS,Entregado,Entregado,NET_AARNAIZA,SIM,2 sept 2026,2 sept 2026,null,No,CERRADAS,2026-09-03 01:39:49,Monolínea,Mono_item,Lima - Callao,null,Power ilim 79.90 SD N,Power ilim 79.90 SD N
Netcall,3 sept 2026,13,915697676,91569767689511710101029351142,9283,Outbound,Portabilidad Postpago,EXPRESS,Logixtal,9001,CANCELADAS,Pendiente Entrega,Pendiente de Picking,NET_JIYASHAMAR,SIM,3 sept 2026,null,null,No,CANCELADAS,2026-09-03 14:18:07,Monolínea,Mono_item,Lima - Callao,null,null,null
Netcall,3 sept 2026,10,915645907,91564590789511710111071539742,9283,Outbound,Portabilidad Postpago,EXPRESS,Logixtal,9001,ABIERTAS,Entregado,Entregado,NET_MFERRER,SIM,3 sept 2026,null,null,No,ABIERTAS,null,Monolínea,Mono_item,Lima - Callao,null,null,null
Netcall,3 sept 2026,14,915717911,91571791189511710111073790962,9283,Outbound,Portabilidad Postpago,EXPRESS,Logixtal,9001,ABIERTAS,Pendiente Entrega,Pendiente de Picking,NET_GSILVAF,SIM,3 sept 2026,null,null,No,ABIERTAS,null,Monolínea,Mono_item,Lima - Callao,null,null,null
Netcall,1 sept 2026,13,914846988,9148469888166113180388,9283,Outbound,Portabilidad Postpago,EXPRESS,Logixtal,9001,ABIERTAS,Pendiente Entrega,Pendiente Entrega,TLV_NET_SVALDEZ,SIM,1 sept 2026,null,null,No,ABIERTAS,null,Monolínea,Mono_item,Lima - Callao,null,null,Power ilim 69.90 N
Netcall,1 sept 2026,16,914894507,9148945078166627410445,9283,Outbound,Portabilidad Postpago,EXPRESS,Logixtal,9001,CERRADAS,Entregado,Entregado,TLV_NET_ECODARL,SIM,1 sept 2026,2 sept 2026,null,No,CERRADAS,2026-09-03 01:17:51,Multilínea,Multi_item,Lima - Callao,null,Power ilim 79.90 SD N,Power ilim 79.90 SD N
Netcall,1 sept 2026,12,914818445,9148184458165812395842,9283,Outbound,Portabilidad Postpago,EXPRESS,Logixtal,9001,CERRADAS,Entregado,Entregado,NET_KZAVALETAZ,SIM,1 sept 2026,2 sept 2026,null,No,CERRADAS,2026-09-03 03:32:04,Monolínea,Mono_item,Lima - Callao,null,Power ilim 69.90 N,Power ilim 69.90 N
Netcall,1 sept 2026,11,914808121,9148081218165701674603,9283,Outbound,Portabilidad Postpago,EXPRESS,Logixtal,9001,CERRADAS,Entregado,Entregado,NET_RCASTANEDAR,SIM,1 sept 2026,1 sept 2026,02/09/2026,Sí,CERRADAS,2026-09-02 01:30:40,Multilínea,Mono_item,Lima - Callao,19.95,Power ilim 79.90 SD N,Power ilim 79.90 SD N
Netcall,2 sept 2026,17,915360315,9153603158171373894643,5299,Outbound,Portabilidad Postpago,EXPRESS,Logixtal,9001,CANCELADAS,Anulado,DIRECCIÓN ERRADA,NET_OLAVADOS,SIM,2 sept 2026,null,null,No,CANCELADAS,2026-09-02 19:25:10,Monolínea,Mono_item,Lima - Callao,null,null,Power 59.90 N
Netcall,1 sept 2026,13,914840347,9148403478166031952558,9271,Outbound,Portabilidad Postpago,EXPRESS,Logixtal,9001,CERRADAS,Entregado,Entregado,NET_SNIMAG,SIM,1 sept 2026,1 sept 2026,02/09/2026,Sí,CERRADAS,2026-09-02 00:32:30,Multilínea,Mono_item,Lima - Callao,29.91303,Power ilim 79.90 SD N,Power ilim 79.90 SD N
Netcall,2 sept 2026,10,915236572,9152365728170100504307,9283,Outbound,Portabilidad Postpago,PROGRAMADO,Logixtal,9001,ABIERTAS,Pendiente Entrega,Pendiente Entrega,TLV_NET_DCABEZU,SIM,3 sept 2026,null,null,No,ABIERTAS,null,Monolínea,Mono_item,Lima - Callao,null,null,Power ilim 79.90 SD N
Netcall,2 sept 2026,13,915294430,9152944308170687130031,9283,Outbound,Venta Regular / Alta,EXPRESS,Logixtal,9001,CERRADAS,Entregado,Entregado,TLV_NET_SVALDEZ,SIM,2 sept 2026,2 sept 2026,02/09/2026,Sí,CERRADAS,2026-09-02 15:13:46,Multilínea,Mono_item,Lima - Callao,39.95,Power ilim 79.90 SD N,Power ilim 79.90 SD N
Netcall,2 sept 2026,11,915262521,9152625218170350789439,9283,Outbound,Portabilidad Postpago,EXPRESS,Logixtal,9001,CANCELADAS,Anulado,PIN PORTA_NO VALIDO,NET_GSILVAF,SIM,2 sept 2026,null,null,No,CANCELADAS,2026-09-02 12:51:03,Multilínea,Mono_item,Lima - Callao,null,null,Power 59.90 N
Netcall,2 sept 2026,14,915311554,9153115548170863535159,9283,Outbound,Portabilidad Postpago,EXPRESS,Logixtal,9001,ABIERTAS,Pendiente Entrega,Pendiente Entrega,NET_EZAPATAC,SIM,2 sept 2026,null,null,No,ABIERTAS,null,Monolínea,Mono_item,Lima - Callao,null,null,Power ilim 79.90 SD N
Netcall,2 sept 2026,13,915295884,915295884,9283,Outbound,Portabilidad Postpago,EXPRESS,Logixtal,9001,CERRADAS,Entregado,Entregado,TLV_NET_SVALDEZ,SIM,2 sept 2026,2 sept 2026,null,No,CERRADAS,2026-09-03 00:38:02,Multilínea,Mono_item,Lima - Callao,null,Power ilim 79.90 SD N,null
Netcall,1 sept 2026,11,914806466,9148064668165686636706,9283,Outbound,Portabilidad Postpago,EXPRESS,Logixtal,9001,CERRADAS,Entregado,Entregado,NET_RCASTANEDAR,SIM,1 sept 2026,1 sept 2026,02/09/2026,Sí,CERRADAS,2026-09-02 00:25:29,Multilínea,Mono_item,Lima - Callao,39.95,Power ilim 79.90 SD N,Power ilim 79.90 SD N
Netcall,1 sept 2026,11,914811905,9148119058165741469122,9283,Outbound,Portabilidad Prepago,EXPRESS,Logixtal,9001,CERRADAS,Entregado,Entregado,NET_LCALDERONC,SIM,1 sept 2026,1 sept 2026,02/09/2026,Sí,CERRADAS,2026-09-02 00:45:54,Monolínea,Mono_item,Lima - Callao,39.95,Power ilim 79.90 SD N,Power ilim 79.90 SD N
Netcall,2 sept 2026,13,915299997,915299997,9283,Outbound,Portabilidad Postpago,EXPRESS,Logixtal,9001,CERRADAS,Entregado,Entregado,NET_ADOMINGUEZF,SIM,2 sept 2026,2 sept 2026,null,No,CERRADAS,2026-09-03 00:14:14,Monolínea,Mono_item,Lima - Callao,null,Power 59.90 N,null
Netcall,1 sept 2026,13,914839069,9148390698166017996085,9271,Outbound,Venta Regular / Alta,EXPRESS,Logixtal,9001,CERRADAS,Entregado,Entregado,NET_SNIMAG,SIM,1 sept 2026,1 sept 2026,01/09/2026,Sí,CERRADAS,2026-09-01 14:23:16,Multilínea,Mono_item,Lima - Callao,39.95,Power ilim 79.90 SD N,Power ilim 79.90 SD N
Netcall,2 sept 2026,10,915243128,9152431288170158966622,9283,Outbound,Portabilidad Postpago,EXPRESS,Logixtal,9001,CERRADAS,Entregado,Entregado,NET_SCAVEROC,SIM,2 sept 2026,2 sept 2026,null,No,CERRADAS,2026-09-03 02:33:12,Monolínea,Mono_item,Lima - Callao,null,Power ilim 69.90 N,Power ilim 69.90 N
Netcall,1 sept 2026,14,914867734,9148677348166323819229,9283,Outbound,Portabilidad Postpago,EXPRESS,Logixtal,9345,CERRADAS,Entregado,Entregado,NET_ADOROTEOSAL,SIM,1 sept 2026,2 sept 2026,null,No,CERRADAS,2026-09-03 00:41:48,Multilínea,Mono_item,Ica,null,Power ilim 79.90 SD N,Power ilim 79.90 SD N
Netcall,1 sept 2026,13,914851136,9148511368166147592237,9271,Outbound,Portabilidad Postpago,EXPRESS,Logixtal,9345,CERRADAS,Entregado,Entregado,NET_KTORRESP,SIM,1 sept 2026,1 sept 2026,02/09/2026,Sí,CERRADAS,2026-09-02 02:11:28,Monolínea,Mono_item,Ica,29.95,Power 59.90 N,Power 59.90 N
Netcall,1 sept 2026,9,914764839,9147648398165286144080,9283,Outbound,Portabilidad Postpago,EXPRESS,Logixtal,9345,CANCELADAS,Anulado,DIRECCIÓN ERRADA,NET_ARAMOSR,SIM,1 sept 2026,null,null,No,CANCELADAS,2026-09-02 11:51:47,Monolínea,Mono_item,Ica,null,null,Power ilim 79.90 SD N
Netcall,3 sept 2026,11,915668825,91566882589511710111069283212,9283,Outbound,Venta Regular / Alta,EXPRESS,Retiro en tienda,9345,ABIERTAS,Pendiente Entrega,Pendiente Entrega,NET_ADOROTEOSAL,SIM,3 sept 2026,null,null,No,ABIERTAS,null,Monolínea,Mono_item,Ica,null,null,null
Netcall,2 sept 2026,11,915257419,9152574198170298192300,9271,Outbound,Portabilidad Postpago,EXPRESS,Logixtal,9345,ABIERTAS,Pendiente Entrega,Pendiente Entrega,NET_KLGARCIAA,SIM,2 sept 2026,null,null,No,ABIERTAS,null,Monolínea,Mono_item,Ica,null,null,Power ilim 69.90 N
Netcall,3 sept 2026,7,915591481,91559148189511710111069286397,9283,Outbound,Portabilidad Postpago,EXPRESS,Retiro en tienda,9345,ABIERTAS,Entregado,Entregado,TLV_NET_DVALOI,SIM,3 sept 2026,null,null,No,ABIERTAS,null,Multilínea,Mono_item,Ica,null,null,null
Netcall,3 sept 2026,7,915589634,91558963489511710111069286082,9283,Outbound,Portabilidad Postpago,EXPRESS,Retiro en tienda,9345,ABIERTAS,Entregado,Entregado,TLV_NET_DVALOI,SIM,3 sept 2026,null,null,No,ABIERTAS,null,Multilínea,Mono_item,Ica,null,null,null
Netcall,1 sept 2026,14,914867025,9148670258166320944072,9283,Outbound,Portabilidad Postpago,PROGRAMADO,Logixtal,9345,CERRADAS,Entregado,Entregado,NET_ADOROTEOSAL,SIM,2 sept 2026,2 sept 2026,null,No,CERRADAS,2026-09-03 01:20:41,Multilínea,Mono_item,Ica,null,Power ilim 79.90 SD N,Power ilim 79.90 SD N
Netcall,1 sept 2026,14,914853834,9148538348166180094467,9283,Outbound,Portabilidad Prepago,EXPRESS,Logixtal,9001,CERRADAS,Entregado,Entregado,NET_AMANRIQUEC,SIM,1 sept 2026,1 sept 2026,02/09/2026,Sí,CERRADAS,2026-09-02 01:38:06,Multilínea,Mono_item,Lima - Callao,19.95,Power ilim 79.90 SD N,Power ilim 79.90 SD N
Netcall,1 sept 2026,12,914829451,9148294518165917151846,9283,Outbound,Portabilidad Postpago,EXPRESS,Logixtal,9001,CERRADAS,Entregado,Entregado,NET_MCVASQUEZ,SIM,1 sept 2026,1 sept 2026,02/09/2026,Sí,CERRADAS,2026-09-02 00:55:57,Monolínea,Mono_item,Lima - Callao,29.95,Power 59.90 N,Power 59.90 N
Netcall,1 sept 2026,14,914854726,9148547268166189914722,9283,Outbound,Portabilidad Prepago,EXPRESS,Logixtal,9001,CERRADAS,Entregado,Entregado,NET_AMANRIQUEC,SIM,1 sept 2026,1 sept 2026,02/09/2026,Sí,CERRADAS,2026-09-02 00:47:33,Multilínea,Mono_item,Lima - Callao,39.95,Power ilim 79.90 SD N,Power ilim 79.90 SD N
Netcall,1 sept 2026,17,914913508,9149135088166838598407,9283,Outbound,Portabilidad Prepago,EXPRESS,Logixtal,9001,CERRADAS,Entregado,Entregado,NET_LLEONAN,SIM,1 sept 2026,1 sept 2026,02/09/2026,Sí,CERRADAS,2026-09-02 00:34:37,Multilínea,Mono_item,Lima - Callao,19.95,Power ilim 79.90 SD N,Power ilim 79.90 SD N
Netcall,1 sept 2026,17,914911753,9149117538166824588316,9283,Outbound,Portabilidad Postpago,EXPRESS,Logixtal,9001,CERRADAS,Entregado,Entregado,NET_LLEONAN,SIM,1 sept 2026,1 sept 2026,02/09/2026,Sí,CERRADAS,2026-09-02 01:03:16,Multilínea,Mono_item,Lima - Callao,19.95,Power ilim 79.90 SD N,Power ilim 79.90 SD N
Netcall,1 sept 2026,17,914915265,9149152658166856725480,9283,Outbound,Venta Regular / Alta,EXPRESS,Logixtal,9001,CERRADAS,Entregado,Entregado,NET_LLEONAN,SIM,1 sept 2026,1 sept 2026,01/09/2026,Sí,CERRADAS,2026-09-01 20:14:04,Multilínea,Mono_item,Lima - Callao,39.95,Power ilim 79.90 SD N,Power ilim 79.90 SD N
Netcall,1 sept 2026,9,914766242,9147662428165300851225,9283,Outbound,Venta Regular / Alta,PROGRAMADO,Logixtal,5024,CERRADAS,Entregado,Entregado,NET_ADOROTEOSAL,SIM,2 sept 2026,2 sept 2026,02/09/2026,Sí,CERRADAS,2026-09-02 13:48:29,Monolínea,Mono_item,Lambayeque,39.95,Power ilim 79.90 SD N,Power ilim 79.90 SD N
Netcall,1 sept 2026,10,914791644,9147916448165536854870,9283,Outbound,Portabilidad Postpago,PROGRAMADO,Logixtal,5024,CANCELADAS,Entregado,Entregado,TLV_NET_DVALOI,SIM,2 sept 2026,2 sept 2026,null,No,CANCELADAS,2026-09-02 22:00:27,Monolínea,Mono_item,Lambayeque,null,null,Power ilim 69.90 N
Netcall,3 sept 2026,13,915705612,91570561289511710121058093720,9283,Outbound,Portabilidad Postpago,PROGRAMADO,Logixtal,5024,ABIERTAS,Pendiente Entrega,Pendiente de Picking,NET_SRODRIGUEZP,SIM,9 sept 2026,null,null,No,ABIERTAS,null,Monolínea,Mono_item,Lambayeque,null,null,null
Netcall,2 sept 2026,17,915363121,9153631218171409853343,9283,Outbound,Portabilidad Postpago,PROGRAMADO,Logixtal,5024,ABIERTAS,Pendiente Entrega,Pendiente Entrega,NET_JORTIZV,SIM,9 sept 2026,null,null,No,ABIERTAS,null,Monolínea,Mono_item,Lambayeque,null,null,Power 59.90 N
Netcall,3 sept 2026,14,915713837,915713837Empty,9283,Outbound,Portabilidad Postpago,RETIRO EN TIENDA,Retiro en tienda,8007,ABIERTAS,Pendiente Entrega,Pendiente Entrega,NET_YPEREZV,SIM,3 sept 2026,null,null,No,ABIERTAS,null,Monolínea,Mono_item,Ancash,null,null,null
Netcall,1 sept 2026,14,914853397,9148533978166182885737,9283,Outbound,Portabilidad Postpago,EXPRESS,Logixtal,9348,CERRADAS,Entregado,Entregado,TLV_NET_SVALDEZ,SIM,1 sept 2026,1 sept 2026,02/09/2026,Sí,CERRADAS,2026-09-02 00:42:04,Monolínea,Mono_item,Tacna,34.95,Power ilim 69.90 N,Power ilim 69.90 N
Netcall,1 sept 2026,10,914779032,9147790328165424292819,5299,Outbound,Portabilidad Postpago,RETIRO EN TIENDA,Retiro en tienda,8008,ABIERTAS,Pendiente Entrega,Pendiente Entrega,NET_MCORDOVACRU,SIM,1 sept 2026,null,null,No,ABIERTAS,null,Monolínea,Mono_item,Piura,null,null,Power ilim 69.90 N
Netcall,1 sept 2026,15,914879208,9148792088166459516515,9283,Outbound,Portabilidad Postpago,EXPRESS,Logixtal,5021,CERRADAS,Entregado,Entregado,NET_ZRAMIREZG,SIM,1 sept 2026,1 sept 2026,02/09/2026,Sí,CERRADAS,2026-09-02 00:06:17,Monolínea,Mono_item,Piura,29.95,Power 59.90 N,Power 59.90 N
Netcall,2 sept 2026,11,915245876,9152458768170188049507,9283,Outbound,Portabilidad Postpago,EXPRESS,Logixtal,5021,ABIERTAS,Pendiente Entrega,Pendiente Entrega,NET_PWEILLH,SIM,2 sept 2026,null,null,No,ABIERTAS,null,Monolínea,Mono_item,Piura,null,null,Power 59.90 N
Netcall,2 sept 2026,12,915272364,9152723648170450072450,9283,Outbound,Portabilidad Postpago,RETIRO EN TIENDA,Retiro en tienda,7141,CANCELADAS,Cancelado,Cancelado,TLV_NET_YAQUINO,SIM,2 sept 2026,null,null,No,CANCELADAS,2026-09-02 13:41:33,Multilínea,Mono_item,Piura,null,null,Power 59.90 N
Netcall,3 sept 2026,11,915654498,91565449889511710101047108391,9271,Outbound,Portabilidad Postpago,EXPRESS,Logixtal,5021,ABIERTAS,Entregado,Entregado,NET_LRODRIGUEZC,SIM,3 sept 2026,null,null,No,ABIERTAS,null,Monolínea,Mono_item,Piura,null,null,null
Netcall,3 sept 2026,10,915640450,91564045089511710111068564836,9283,Outbound,Portabilidad Postpago,EXPRESS,Logixtal,5021,ABIERTAS,Entregado,Entregado,NET_SBENITOV,SIM,3 sept 2026,null,null,No,ABIERTAS,null,Monolínea,Mono_item,Piura,null,null,null
Netcall,3 sept 2026,14,915720658,915720658Empty,9283,Outbound,Portabilidad Postpago,EXPRESS,Logixtal,5021,ABIERTAS,Pendiente Entrega,Pendiente de Picking,NET_LNARVAEZR,SIM,3 sept 2026,null,null,No,ABIERTAS,null,Monolínea,Mono_item,Piura,null,null,null
Netcall,2 sept 2026,18,915371307,9153713078171489770534,9283,Outbound,Portabilidad Postpago,RETIRO EN TIENDA,Retiro en tienda,3120,ABIERTAS,Pendiente Entrega,Pendiente Entrega,NET_MORIHUELAQ,SIM,2 sept 2026,null,null,No,ABIERTAS,null,Multilínea,Mono_item,Piura,null,null,Power ilim 79.90 SD N
Netcall,2 sept 2026,9,915226131,9152261318170001187263,9283,Outbound,Portabilidad Postpago,RETIRO EN TIENDA,Retiro en tienda,8008,CERRADAS,Entregado,Entregado,NET_EBOZA,SIM,2 sept 2026,2 sept 2026,null,No,CERRADAS,2026-09-03 01:15:13,Monolínea,Mono_item,Piura,null,Power ilim 79.90 SD N,Power ilim 79.90 SD N
Netcall,1 sept 2026,12,914831123,9148311238165932065177,9283,Outbound,Portabilidad Postpago,EXPRESS,Logixtal,5021,CERRADAS,Entregado,Entregado,TLV_NET_LSANCHA,SIM,1 sept 2026,1 sept 2026,02/09/2026,Sí,CERRADAS,2026-09-02 00:38:13,Multilínea,Mono_item,Piura,19.95,Power ilim 79.90 SD N,Power ilim 79.90 SD N
Netcall,1 sept 2026,16,914885032,9148850328166523912556,9271,Outbound,Portabilidad Postpago,RETIRO EN TIENDA,Retiro en tienda,3120,ABIERTAS,Pendiente Entrega,Pendiente Entrega,NET_SNIMAG,SIM,1 sept 2026,null,null,No,ABIERTAS,null,Monolínea,Mono_item,Piura,null,null,Power ilim 69.90 N
Netcall,2 sept 2026,10,915227495,9152274958170008731517,9283,Outbound,Portabilidad Postpago,EXPRESS,Logixtal,5021,CERRADAS,Entregado,Entregado,NET_ADOROTEOSAL,SIM,2 sept 2026,2 sept 2026,null,No,CERRADAS,2026-09-03 01:34:24,Multilínea,Mono_item,Piura,null,Power ilim 79.90 SD N,Power ilim 79.90 SD N
Netcall,2 sept 2026,11,915246308,915246308,9283,Outbound,Portabilidad Postpago,EXPRESS,Logixtal,5021,CERRADAS,Entregado,Entregado,TLV_NET_FVALQUI,SIM,2 sept 2026,2 sept 2026,null,No,CERRADAS,2026-09-03 00:21:02,Monolínea,Mono_item,Piura,null,Power ilim 69.90 N,null
Netcall,1 sept 2026,12,914829763,9148297638165918788544,9283,Outbound,Portabilidad Postpago,EXPRESS,Logixtal,5021,CERRADAS,Entregado,Entregado,TLV_NET_LSANCHA,SIM,1 sept 2026,1 sept 2026,02/09/2026,Sí,CERRADAS,2026-09-02 00:29:00,Multilínea,Mono_item,Piura,39.95,Power ilim 79.90 SD N,Power ilim 79.90 SD N
Netcall,2 sept 2026,11,915256825,9152568258170291695295,9283,Outbound,Portabilidad Postpago,PROGRAMADO,Logixtal,5021,ABIERTAS,Pendiente Entrega,Pendiente Entrega,NET_EGOMEZB,SIM,4 sept 2026,null,null,No,ABIERTAS,null,Monolínea,Mono_item,Piura,null,null,Power ilim 69.90 N
Netcall,2 sept 2026,17,915368306,9153683068171476997644,9283,Outbound,Portabilidad Postpago,RETIRO EN TIENDA,Retiro en tienda,3120,CERRADAS,Entregado,Entregado,NET_MORIHUELAQ,SIM,2 sept 2026,2 sept 2026,null,No,CERRADAS,2026-09-03 00:58:21,Multilínea,Mono_item,Piura,null,Power ilim 79.90 SD N,Power ilim 79.90 SD N
Netcall,2 sept 2026,15,915323080,9153230808170988487887,9283,Outbound,Portabilidad Postpago,RETIRO EN TIENDA,Retiro en tienda,8008,ABIERTAS,Pendiente Entrega,Pendiente Entrega,NET_JCHINGAA,SIM,2 sept 2026,null,null,No,ABIERTAS,null,Monolínea,Mono_item,Piura,null,null,Power 59.90 N
Netcall,1 sept 2026,18,914927779,9149277798166983649903,9283,Outbound,Venta Regular / Alta,RETIRO EN TIENDA,Retiro en tienda,3120,ABIERTAS,Pendiente Entrega,Pendiente Entrega,NET_YNEYRAM,SIM,1 sept 2026,null,null,No,ABIERTAS,null,Monolínea,Mono_item,Piura,null,null,Power 39.90 N
Netcall,3 sept 2026,14,915726667,915726667Empty,9283,Outbound,Portabilidad Postpago,RETIRO EN TIENDA,Retiro en tienda,7270,ABIERTAS,Pendiente Entrega,Pendiente Entrega,TLV_NET_DVALOI,SIM,3 sept 2026,null,null,No,ABIERTAS,null,Monolínea,Mono_item,Piura,null,null,null
Netcall,2 sept 2026,9,915136850,9151368508169888619576,9283,Outbound,Portabilidad Postpago,EXPRESS,Logixtal,5021,CERRADAS,Entregado,Entregado,NET_KBRACOV,SIM,2 sept 2026,2 sept 2026,null,No,CERRADAS,2026-09-03 01:28:43,Multilínea,Mono_item,Piura,null,Power ilim 79.90 SD N,Power ilim 79.90 SD N
Netcall,2 sept 2026,8,915205889,9152058898169826099094,9283,Outbound,Portabilidad Postpago,EXPRESS,Logixtal,5021,CANCELADAS,Anulado,PEDIDO MAL GENERADO,NET_ADOROTEOSAL,SIM,2 sept 2026,null,null,No,CANCELADAS,2026-09-02 09:01:22,Multilínea,Mono_item,Piura,null,null,Power ilim 79.90 SD N
Netcall,3 sept 2026,10,915646714,91564671489511710111070522921,9283,Outbound,Portabilidad Postpago,EXPRESS,Logixtal,5021,ABIERTAS,Entregado,Entregado,NET_RALVAREZV,SIM,3 sept 2026,null,null,No,ABIERTAS,null,Monolínea,Mono_item,Piura,null,null,null
Netcall,1 sept 2026,12,914826869,9148268698165888786264,9283,Outbound,Portabilidad Postpago,RETIRO EN TIENDA,Retiro en tienda,3120,ABIERTAS,Pendiente Entrega,Pendiente Entrega,NET_AMILTONL,SIM,1 sept 2026,null,null,No,ABIERTAS,null,Monolínea,Mono_item,Piura,null,null,Power 59.90 N
Netcall,1 sept 2026,15,914880983,9148809838166480295980,9283,Outbound,Portabilidad Prepago,RETIRO EN TIENDA,Retiro en tienda,7135,CERRADAS,Entregado,Entregado,NET_JSIADEN,SIM,1 sept 2026,1 sept 2026,02/09/2026,Sí,CERRADAS,2026-09-02 01:40:02,Monolínea,Mono_item,Piura,39.95,Power ilim 79.90 SD N,Power ilim 79.90 SD N
Netcall,3 sept 2026,14,915727250,915727250Empty,9271,Outbound,Portabilidad Postpago,EXPRESS,Logixtal,5021,ABIERTAS,Pendiente Entrega,Pendiente de Picking,NET_FCASTILLOG,SIM,3 sept 2026,null,null,No,ABIERTAS,null,Monolínea,Mono_item,Piura,null,null,null
Netcall,2 sept 2026,11,915257712,915257712,9283,Outbound,Portabilidad Postpago,EXPRESS,Logixtal,5021,CERRADAS,Entregado,Entregado,NET_KAGRAMONTEM,SIM,2 sept 2026,2 sept 2026,null,No,CERRADAS,2026-09-03 00:08:08,Multilínea,Mono_item,Piura,null,Power ilim 79.90 SD N,null
Netcall,2 sept 2026,9,915216764,9152167648169903338029,9283,Outbound,Portabilidad Postpago,EXPRESS,Logixtal,5021,CERRADAS,Entregado,Entregado,NET_KBRACOV,SIM,2 sept 2026,2 sept 2026,null,No,CERRADAS,2026-09-03 00:50:28,Multilínea,Mono_item,Piura,null,Power ilim 79.90 SD N,Power ilim 79.90 SD N
Netcall,2 sept 2026,16,915345230,9153452308171217226838,9283,Outbound,Portabilidad Postpago,RETIRO EN TIENDA,Retiro en tienda,3027,CERRADAS,Entregado,Entregado,NET_AMILTONL,SIM,2 sept 2026,2 sept 2026,null,No,CERRADAS,2026-09-03 00:41:53,Monolínea,Mono_item,Piura,null,Power ilim 69.90 N,Power ilim 69.90 N
Netcall,1 sept 2026,11,914813068,9148130688165748136297,9283,Outbound,Portabilidad Postpago,RETIRO EN TIENDA,Retiro en tienda,8008,CANCELADAS,Cancelado,Cancelado,NET_GFLORESS,SIM,1 sept 2026,null,null,No,CANCELADAS,2026-09-01 17:47:00,Monolínea,Mono_item,Piura,null,null,Power ilim 79.90 SD N
Netcall,2 sept 2026,15,915317562,9153175628170950612790,9283,Outbound,Portabilidad Postpago,EXPRESS,Logixtal,5021,CERRADAS,Entregado,Entregado,NET_OSANCHEZP,SIM,2 sept 2026,2 sept 2026,null,No,CERRADAS,2026-09-03 02:04:06,Multilínea,Mono_item,Piura,null,Power ilim 79.90 SD N,Power ilim 79.90 SD N
Netcall,2 sept 2026,15,915320196,9153201968170958110185,9283,Outbound,Portabilidad Postpago,EXPRESS,Logixtal,5021,CERRADAS,Entregado,Entregado,NET_OSANCHEZP,SIM,2 sept 2026,2 sept 2026,null,No,CERRADAS,2026-09-03 03:35:06,Multilínea,Mono_item,Piura,null,Power ilim 79.90 SD N,Power ilim 79.90 SD N
Netcall,1 sept 2026,16,914892466,9148924668166599221695,9283,Outbound,Portabilidad Postpago,EXPRESS,Logixtal,5021,CERRADAS,Entregado,Entregado,NET_SPEREZR,SIM,1 sept 2026,1 sept 2026,02/09/2026,Sí,CERRADAS,2026-09-02 01:44:32,Monolínea,Mono_item,Piura,34.95,Power ilim 69.90 N,Power ilim 69.90 N
Netcall,1 sept 2026,12,914826390,9148263908165883671123,9271,Outbound,Portabilidad Postpago,EXPRESS,Logixtal,5021,ABIERTAS,Pendiente Entrega,Pendiente Entrega,NET_EQUIROZH,SIM,1 sept 2026,null,null,No,ABIERTAS,null,Monolínea,Mono_item,Piura,null,null,Power ilim 79.90 SD N
Netcall,2 sept 2026,17,915359354,9153593548171411435153,9283,Outbound,Portabilidad Postpago,RETIRO EN TIENDA,Retiro en tienda,3027,CERRADAS,Entregado,Entregado,TLV_NET_YQUITOV,SIM,2 sept 2026,2 sept 2026,null,No,CERRADAS,2026-09-03 01:26:15,Monolínea,Mono_item,Piura,null,Power ilim 69.90 N,Power ilim 69.90 N
Netcall,3 sept 2026,11,915655287,915655287Empty,9283,Outbound,Portabilidad Postpago,RETIRO EN TIENDA,Retiro en tienda,3120,ABIERTAS,Pendiente Entrega,Pendiente Entrega,NET_JORELLANAS,SIM,3 sept 2026,null,null,No,ABIERTAS,null,Monolínea,Mono_item,Piura,null,null,null
Netcall,2 sept 2026,14,915302940,9153029408170772032469,9283,Outbound,Portabilidad Postpago,RETIRO EN TIENDA,Retiro en tienda,7135,ABIERTAS,Pendiente Entrega,Pendiente Entrega,NET_MHUAPAYAQ,SIM,2 sept 2026,null,null,No,ABIERTAS,null,Monolínea,Mono_item,Piura,null,null,Power ilim 69.90 N
Netcall,2 sept 2026,11,915258842,9152588428170310735680,9283,Outbound,Portabilidad Postpago,EXPRESS,Logixtal,5021,CERRADAS,Entregado,Entregado,NET_KAGRAMONTEM,SIM,2 sept 2026,2 sept 2026,null,No,CERRADAS,2026-09-03 01:37:55,Multilínea,Mono_item,Piura,null,Power ilim 79.90 SD N,Power ilim 79.90 SD N
Netcall,1 sept 2026,10,914784146,9147841468165470600295,5299,Outbound,Portabilidad Postpago,RETIRO EN TIENDA,Retiro en tienda,8008,ABIERTAS,Pendiente Entrega,Pendiente Entrega,NET_MCORDOVACRU,SIM,1 sept 2026,null,null,No,ABIERTAS,null,Monolínea,Mono_item,Piura,null,null,Power ilim 69.90 N
Netcall,3 sept 2026,11,915672199,915672199Empty,9283,Outbound,Portabilidad Postpago,RETIRO EN TIENDA,Retiro en tienda,7270,ABIERTAS,Pendiente Entrega,Pendiente Entrega,NET_GSANTOSC,SIM,3 sept 2026,null,null,No,ABIERTAS,null,Monolínea,Mono_item,Piura,null,null,null
Netcall,3 sept 2026,10,915635189,91563518989511710111070522764,9283,Outbound,Portabilidad Postpago,EXPRESS,Logixtal,5021,ABIERTAS,Pendiente Entrega,Pendiente de Picking,NET_SBENITOV,SIM,3 sept 2026,null,null,No,ABIERTAS,null,Monolínea,Mono_item,Piura,null,null,null
Netcall,1 sept 2026,16,914894279,9148942798166625693223,9271,Outbound,Portabilidad Prepago,EXPRESS,Logixtal,5021,CERRADAS,Entregado,Entregado,NET_CGRANADOSC,SIM,1 sept 2026,1 sept 2026,02/09/2026,Sí,CERRADAS,2026-09-02 00:46:08,Monolínea,Mono_item,Piura,34.95,Power ilim 69.90 N,Power ilim 69.90 N
Netcall,1 sept 2026,11,914815332,9148153328165776083108,9283,Outbound,Portabilidad Postpago,EXPRESS,Logixtal,9345,CERRADAS,Entregado,Entregado,NET_JQUINECHEB,SIM,1 sept 2026,1 sept 2026,02/09/2026,Sí,CERRADAS,2026-09-02 00:03:58,Monolínea,Mono_item,Ica,29.95,Power 59.90 N,Power 59.90 N
Netcall,1 sept 2026,12,914833437,914833437,9283,Outbound,Portabilidad Postpago,PROGRAMADO,Logixtal,9345,CERRADAS,Entregado,Entregado,NET_ACONTRERASG,SIM,2 sept 2026,2 sept 2026,null,No,CERRADAS,2026-09-03 00:40:26,Monolínea,Mono_item,Ica,null,Power ilim 79.90 SD N,null
Netcall,1 sept 2026,12,914828717,9148287178165907394451,9283,Outbound,Portabilidad Postpago,EXPRESS,Logixtal,9345,CERRADAS,Entregado,Entregado,NET_JSANGAMA,SIM,1 sept 2026,1 sept 2026,02/09/2026,Sí,CERRADAS,2026-09-02 00:20:56,Multilínea,Mono_item,Ica,39.95,Power ilim 79.90 SD N,Power ilim 79.90 SD N
Netcall,1 sept 2026,12,914822377,9148223778165846176343,9283,Outbound,Portabilidad Postpago,EXPRESS,Logixtal,9345,ABIERTAS,Pendiente Entrega,Pendiente Entrega,TLV_NET_DCABEZU,SIM,1 sept 2026,null,null,No,ABIERTAS,null,Monolínea,Mono_item,Ica,null,null,Power 59.90 N
Netcall,3 sept 2026,10,915645910,91564591089511710111070906058,9283,Outbound,Portabilidad Postpago,EXPRESS,Retiro en tienda,9345,CANCELADAS,Cancelado,Cancelado,NET_JSIADEN,SIM,3 sept 2026,null,null,No,CANCELADAS,2026-09-03 13:55:09,Monolínea,Mono_item,Ica,null,null,null
Netcall,1 sept 2026,10,914790793,9147907938165526649953,9283,Outbound,Portabilidad Postpago,EXPRESS,Logixtal,9345,CERRADAS,Entregado,Entregado,NET_GCABALLEROC,SIM,1 sept 2026,1 sept 2026,02/09/2026,Sí,CERRADAS,2026-09-02 00:25:08,Monolínea,Mono_item,Ica,34.95,Power ilim 69.90 N,Power ilim 69.90 N
Netcall,1 sept 2026,9,914774401,9147744018165379560052,9283,Outbound,Portabilidad Postpago,EXPRESS,Logixtal,9345,CANCELADAS,Anulado,CLIENTE DESISTE - NO BRINDA MOTIVOS,NET_JSANGAMA,SIM,1 sept 2026,null,null,No,CANCELADAS,2026-09-01 11:24:39,Multilínea,Mono_item,Ica,null,null,Power ilim 79.90 SD N
Netcall,1 sept 2026,14,914865592,9148655928166309867147,9283,Outbound,Portabilidad Postpago,PROGRAMADO,Logixtal,9345,ABIERTAS,Pendiente Entrega,Pendiente Entrega,NET_AYROJASS,SIM,2 sept 2026,null,null,No,ABIERTAS,null,Monolínea,Mono_item,Ica,null,null,Power 59.90 N
Netcall,2 sept 2026,16,915339593,9153395938171156987882,9283,Outbound,Portabilidad Postpago,EXPRESS,Logixtal,9345,CANCELADAS,Anulado,CLIENTE YA NO DESEA PRODUCTO,NET_AYROJASS,SIM,2 sept 2026,null,null,No,CANCELADAS,2026-09-02 18:25:24,Monolínea,Mono_item,Ica,null,null,Power 59.90 N
Netcall,2 sept 2026,9,915221796,9152217968169951157817,9283,Outbound,Portabilidad Postpago,EXPRESS,Logixtal,9345,ABIERTAS,Pendiente Entrega,Pendiente Entrega,NET_AAFLORESG,SIM,2 sept 2026,null,null,No,ABIERTAS,null,Monolínea,Mono_item,Ica,null,null,Power 59.90 N
Netcall,1 sept 2026,6,914669204,9146692048164613907557,9283,Outbound,Portabilidad Postpago,EXPRESS,Logixtal,9345,ABIERTAS,Pendiente Entrega,Pendiente Entrega,NET_KDIAZPISCOY,SIM,1 sept 2026,null,null,No,ABIERTAS,null,Monolínea,Mono_item,Ica,null,null,Power 59.90 N
Netcall,2 sept 2026,13,915300339,9153003398170750273119,9283,Outbound,Portabilidad Postpago,EXPRESS,Logixtal,9345,ABIERTAS,Entregado,Entregado,NET_FRIVERAO,SIM,2 sept 2026,2 sept 2026,null,No,ABIERTAS,null,Monolínea,Mono_item,Ica,null,null,Power ilim 69.90 N
Netcall,1 sept 2026,17,914913011,9149130118166830493752,9271,Outbound,Portabilidad Postpago,PROGRAMADO,Logixtal,9345,ABIERTAS,Pendiente Entrega,Pendiente Entrega,NET_GHUANCASS,SIM,3 sept 2026,null,null,No,ABIERTAS,null,Monolínea,Mono_item,Ica,null,null,Power ilim 69.90 N
Netcall,2 sept 2026,8,915201072,9152010728169787323837,9283,Outbound,Portabilidad Postpago,PROGRAMADO,Logixtal,5024,ABIERTAS,Pendiente Entrega,Pendiente Entrega,TLV_NET_DVALOI,SIM,4 sept 2026,null,null,No,ABIERTAS,null,Monolínea,Mono_item,Lambayeque,null,null,Power 59.90 N
Netcall,3 sept 2026,12,915690307,91569030789511710121058098224,9283,Outbound,Portabilidad Postpago,PROGRAMADO,Logixtal,5024,ABIERTAS,Pendiente Entrega,Pendiente de Picking,NET_LALVAREZD,SIM,4 sept 2026,null,null,No,ABIERTAS,null,Monolínea,Mono_item,Lambayeque,null,null,null
Netcall,2 sept 2026,15,915324438,9153244388171001630125,9283,Outbound,Portabilidad Postpago,EXPRESS,Logixtal,9353,CANCELADAS,Entregado,Entregado,NET_MMREVILLA,SIM,2 sept 2026,2 sept 2026,null,No,CANCELADAS,2026-09-02 22:00:22,Monolínea,Mono_item,Huanuco,null,null,Power 59.90 N
Netcall,2 sept 2026,12,915282030,9152820308170553532874,9283,Outbound,Portabilidad Postpago,PROGRAMADO,Logixtal,9353,ABIERTAS,Pendiente Entrega,Pendiente Entrega,TLV_NET_YAQUINO,SIM,3 sept 2026,null,null,No,ABIERTAS,null,Monolínea,Mono_item,Huanuco,null,null,Power ilim 69.90 N
Netcall,3 sept 2026,14,915719432,915719432Empty,9289,Outbound,Portabilidad Postpago,EXPRESS,Retiro en tienda,9353,ABIERTAS,Pendiente Entrega,Pendiente Entrega,TLV_NET_MLANDAR,SIM,3 sept 2026,null,null,No,ABIERTAS,null,Monolínea,Mono_item,Huanuco,null,null,null
Netcall,1 sept 2026,13,914852444,9148524448166158877812,9271,Outbound,Portabilidad Postpago,EXPRESS,Logixtal,9353,CERRADAS,Entregado,Entregado,NET_PHUAMANM,SIM,1 sept 2026,1 sept 2026,02/09/2026,Sí,CERRADAS,2026-09-02 00:13:20,Monolínea,Mono_item,Huanuco,29.95,Power 59.90 N,Power 59.90 N
Netcall,2 sept 2026,12,915270312,915270312,9283,Outbound,Portabilidad Postpago,EXPRESS,Logixtal,9353,CERRADAS,Entregado,Entregado,NET_DFRANCIAH,SIM,2 sept 2026,2 sept 2026,null,No,CERRADAS,2026-09-03 00:37:58,Monolínea,Mono_item,Huanuco,null,Power ilim 79.90 SD N,null
Netcall,3 sept 2026,13,915703866,915703866Empty,9283,Outbound,Portabilidad Postpago,PROGRAMADO,Retiro en tienda,9346,ABIERTAS,Pendiente Entrega,Pendiente Entrega,NET_LCASTILLORI,SIM,4 sept 2026,null,null,No,ABIERTAS,null,Monolínea,Mono_item,Junin,null,null,null
Netcall,3 sept 2026,11,915657931,915657931Empty,9283,Outbound,Portabilidad Postpago,PROGRAMADO,Retiro en tienda,9346,ABIERTAS,Pendiente Entrega,Pendiente Entrega,NET_AYROJASS,SIM,4 sept 2026,null,null,No,ABIERTAS,null,Monolínea,Mono_item,Junin,null,null,null
Netcall,1 sept 2026,18,914934318,9149343188167036580778,9283,Outbound,Portabilidad Postpago,RETIRO EN TIENDA,Retiro en tienda,3057,CERRADAS,Entregado,Entregado,NET_LTVENTURAG,SIM,1 sept 2026,1 sept 2026,02/09/2026,Sí,CERRADAS,2026-09-02 01:33:16,Monolínea,Mono_item,Arequipa,29.95,Power 59.90 N,Power 59.90 N
Netcall,1 sept 2026,18,914937207,9149372078167064140308,9283,Outbound,Portabilidad Postpago,RETIRO EN TIENDA,Retiro en tienda,3057,CERRADAS,Entregado,Entregado,NET_LTVENTURAG,SIM,1 sept 2026,1 sept 2026,02/09/2026,Sí,CERRADAS,2026-09-02 00:20:12,Monolínea,Mono_item,Arequipa,29.95,Power 59.90 N,Power 59.90 N
Netcall,2 sept 2026,18,915385644,9153856448171639366503,9283,Outbound,Portabilidad Postpago,RETIRO EN TIENDA,Retiro en tienda,3057,CERRADAS,Entregado,Entregado,NET_LCALDERONC,SIM,2 sept 2026,2 sept 2026,null,No,CERRADAS,2026-09-03 01:09:46,Monolínea,Mono_item,Arequipa,null,Power ilim 79.90 SD N,Power ilim 79.90 SD N
Netcall,2 sept 2026,16,915350126,9153501268171268095074,9283,Outbound,Portabilidad Postpago,RETIRO EN TIENDA,Retiro en tienda,3057,CERRADAS,Entregado,Entregado,NET_LMORAO,SIM,2 sept 2026,2 sept 2026,null,No,CERRADAS,2026-09-03 01:32:21,Monolínea,Mono_item,Arequipa,null,Power 59.90 N,Power 59.90 N
Netcall,1 sept 2026,7,914680385,9146803858164694880572,9289,Outbound,Portabilidad Postpago,EXPRESS,Logixtal,5022,CERRADAS,Entregado,Entregado,TLV_NET_MLANDAR,SIM,1 sept 2026,1 sept 2026,02/09/2026,Sí,CERRADAS,2026-09-02 01:09:36,Monolínea,Mono_item,Arequipa,29.95,Power 59.90 N,Power 59.90 N
Netcall,1 sept 2026,15,914873017,914873017,9301,Outbound,Portabilidad Postpago,PROGRAMADO,Logixtal,5022,CERRADAS,Entregado,Entregado,NET_FBARTET,SIM,2 sept 2026,2 sept 2026,null,No,CERRADAS,2026-09-03 00:06:05,Multilínea,Mono_item,Arequipa,null,Power ilim 79.90 SD N,null
Netcall,1 sept 2026,9,914766765,9147667658165304401161,9271,Outbound,Portabilidad Postpago,EXPRESS,Logixtal,5022,CANCELADAS,Entregado,Entregado,NET_YPAREDESG,SIM,1 sept 2026,1 sept 2026,null,No,CANCELADAS,2026-09-01 22:00:42,Monolínea,Mono_item,Arequipa,null,null,Power 59.90 N
Netcall,2 sept 2026,13,915287640,9152876408170608654332,9283,Outbound,Portabilidad Postpago,EXPRESS,Logixtal,5022,CERRADAS,Entregado,Entregado,NET_VMEJIAC,SIM,2 sept 2026,2 sept 2026,null,No,CERRADAS,2026-09-03 01:37:43,Monolínea,Mono_item,Arequipa,null,Power ilim 69.90 N,Power ilim 69.90 N
Netcall,2 sept 2026,16,915340436,9153404368171169855248,9283,Outbound,Portabilidad Postpago,EXPRESS,Logixtal,5022,CERRADAS,Entregado,Entregado,TLV_NET_JPENAM,SIM,2 sept 2026,2 sept 2026,null,No,CERRADAS,2026-09-03 03:35:44,Multilínea,Mono_item,Arequipa,null,Power ilim 79.90 SD N,Power ilim 79.90 SD N
Netcall,3 sept 2026,11,915671931,915671931Empty,9283,Outbound,Portabilidad Postpago,PROGRAMADO,Logixtal,5022,ABIERTAS,Pendiente Entrega,Pendiente de Picking,NET_GHERRERAG,SIM,5 sept 2026,null,null,No,ABIERTAS,null,Multilínea,Mono_item,Arequipa,null,null,null
Netcall,2 sept 2026,16,915333348,9153333488171091455121,9283,Outbound,Portabilidad Postpago,EXPRESS,Logixtal,5022,CERRADAS,Entregado,Entregado,NET_JIYASHAMAR,SIM,2 sept 2026,2 sept 2026,null,No,CERRADAS,2026-09-03 01:12:21,Monolínea,Mono_item,Arequipa,null,Power ilim 79.90 SD N,Power ilim 79.90 SD N
Netcall,2 sept 2026,8,915182124,9151821248169660076938,9283,Outbound,Portabilidad Postpago,EXPRESS,Logixtal,5022,CERRADAS,Entregado,Entregado,NET_CIOLAYAR,SIM,2 sept 2026,2 sept 2026,null,No,CERRADAS,2026-09-03 01:46:19,Multilínea,Mono_item,Arequipa,null,Power ilim 79.90 SD N,Power ilim 79.90 SD N
Netcall,1 sept 2026,10,914781147,9147811478165441135459,9283,Outbound,Portabilidad Postpago,EXPRESS,Logixtal,5022,CERRADAS,Entregado,Entregado,NET_MDIAZP,SIM,1 sept 2026,1 sept 2026,null,No,CERRADAS,2026-09-02 02:01:10,Monolínea,Mono_item,Arequipa,null,Power ilim 79.90 SD N,Power ilim 79.90 SD N
Netcall,1 sept 2026,13,914838530,9148385308166014875947,9283,Outbound,Portabilidad Postpago,EXPRESS,Logixtal,5022,CERRADAS,Entregado,Entregado,NET_AARNAIZA,SIM,1 sept 2026,1 sept 2026,02/09/2026,Sí,CERRADAS,2026-09-02 00:47:58,Monolínea,Mono_item,Arequipa,29.95,Power 59.90 N,Power 59.90 N
Netcall,3 sept 2026,11,915670421,915670421Empty,9283,Outbound,Portabilidad Postpago,PROGRAMADO,Logixtal,5022,ABIERTAS,Pendiente Entrega,Pendiente de Picking,NET_GHERRERAG,SIM,5 sept 2026,null,null,No,ABIERTAS,null,Multilínea,Mono_item,Arequipa,null,null,null
Netcall,3 sept 2026,13,915705196,91570519689511710111070748468,9283,Outbound,Portabilidad Postpago,EXPRESS,Logixtal,5022,ABIERTAS,Pendiente Entrega,Pendiente de Picking,NET_DGHERRERA,SIM,3 sept 2026,null,null,No,ABIERTAS,null,Monolínea,Mono_item,Arequipa,null,null,null
Netcall,2 sept 2026,16,915340366,9153403668171165194997,9283,Outbound,Portabilidad Postpago,EXPRESS,Logixtal,5022,CERRADAS,Entregado,Entregado,NET_JIYASHAMAR,SIM,2 sept 2026,2 sept 2026,null,No,CERRADAS,2026-09-03 01:33:38,Monolínea,Mono_item,Arequipa,null,Power ilim 69.90 N,Power ilim 69.90 N
Netcall,2 sept 2026,16,915339149,915339149,9283,Outbound,Portabilidad Postpago,EXPRESS,Logixtal,5022,CERRADAS,Entregado,Entregado,TLV_NET_JPENAM,SIM,2 sept 2026,2 sept 2026,null,No,CERRADAS,2026-09-03 00:28:31,Multilínea,Mono_item,Arequipa,null,Power ilim 79.90 SD N,null
Netcall,1 sept 2026,12,914817888,9148178888165804510554,9283,Outbound,Portabilidad Postpago,EXPRESS,Logixtal,5022,CERRADAS,Entregado,Entregado,NET_MMORANM,SIM,1 sept 2026,2 sept 2026,null,No,CERRADAS,2026-09-03 02:04:57,Monolínea,Mono_item,Arequipa,null,Power ilim 79.90 SD N,Power ilim 79.90 SD N
Netcall,1 sept 2026,15,914876628,9148766288166431275876,9283,Outbound,Portabilidad Postpago,EXPRESS,Logixtal,5022,CERRADAS,Entregado,Entregado,NET_LMANRIQUED,SIM,1 sept 2026,1 sept 2026,02/09/2026,Sí,CERRADAS,2026-09-02 02:02:37,Monolínea,Mono_item,Arequipa,29.95,Power 59.90 N,Power 59.90 N
Netcall,1 sept 2026,15,914874156,914874156,9301,Outbound,Portabilidad Postpago,PROGRAMADO,Logixtal,5022,CERRADAS,Entregado,Entregado,NET_FBARTET,SIM,2 sept 2026,2 sept 2026,null,No,CERRADAS,2026-09-03 00:11:55,Multilínea,Mono_item,Arequipa,null,Power ilim 79.90 SD N,null
Netcall,1 sept 2026,11,914801413,9148014138165633394549,9283,Outbound,Portabilidad Postpago,EXPRESS,Logixtal,5022,CERRADAS,Entregado,Entregado,NET_VZEGARRAAGU,SIM,1 sept 2026,1 sept 2026,02/09/2026,Sí,CERRADAS,2026-09-02 03:07:14,Monolínea,Mono_item,Arequipa,34.95,Power ilim 69.90 N,Power ilim 69.90 N
Netcall,1 sept 2026,13,914839348,9148393488166032226649,9283,Outbound,Portabilidad Postpago,EXPRESS,Logixtal,5022,CERRADAS,Entregado,Entregado,NET_CMDELACRUZV,SIM,1 sept 2026,2 sept 2026,null,No,CERRADAS,2026-09-03 00:52:23,Monolínea,Mono_item,Arequipa,null,Power ilim 69.90 N,Power ilim 69.90 N
Netcall,3 sept 2026,12,915683997,91568399789511710111070747379,9283,Outbound,Portabilidad Postpago,EXPRESS,Logixtal,5022,ABIERTAS,Entregado,Entregado,NET_JCHEROO,SIM,3 sept 2026,null,null,No,ABIERTAS,null,Monolínea,Mono_item,Arequipa,null,null,null
Netcall,3 sept 2026,14,915714178,91571417889511710111070748476,9283,Outbound,Venta Regular / Alta,EXPRESS,Logixtal,5022,ABIERTAS,Pendiente Entrega,Pendiente de Picking,NET_MFERRER,SIM,3 sept 2026,null,null,No,ABIERTAS,null,Monolínea,Mono_item,Arequipa,null,null,null
Netcall,3 sept 2026,12,915685982,91568598289511710111070712001,9283,Outbound,Portabilidad Postpago,PROGRAMADO,Logixtal,5022,ABIERTAS,Pendiente Entrega,Pendiente de Picking,TLV_NET_LPULIDO,SIM,4 sept 2026,null,null,No,ABIERTAS,null,Monolínea,Mono_item,Arequipa,null,null,null
Netcall,1 sept 2026,15,914868239,9148682398166335855517,9283,Outbound,Portabilidad Postpago,EXPRESS,Logixtal,5022,CERRADAS,Entregado,Entregado,TLV_NET_RSORIAH,SIM,1 sept 2026,1 sept 2026,02/09/2026,Sí,CERRADAS,2026-09-02 00:59:08,Monolínea,Mono_item,Arequipa,19.95,Power ilim 79.90 SD N,Power ilim 79.90 SD N
Netcall,2 sept 2026,8,915184795,9151847958169673265810,9283,Outbound,Portabilidad Postpago,EXPRESS,Logixtal,5022,CERRADAS,Entregado,Entregado,NET_CIOLAYAR,SIM,2 sept 2026,2 sept 2026,null,No,CERRADAS,2026-09-03 01:27:09,Multilínea,Mono_item,Arequipa,null,Power ilim 79.90 SD N,Power ilim 79.90 SD N
Netcall,2 sept 2026,13,915289002,9152890028170624963983,9283,Outbound,Portabilidad Postpago,EXPRESS,Logixtal,5022,CERRADAS,Entregado,Entregado,TLV_NET_ECUROS,SIM,2 sept 2026,2 sept 2026,null,No,CERRADAS,2026-09-03 01:21:57,Monolínea,Mono_item,Arequipa,null,Power ilim 79.90 SD N,Power ilim 79.90 SD N
Netcall,1 sept 2026,11,914803224,9148032248165655897928,9283,Outbound,Portabilidad Postpago,PROGRAMADO,Logixtal,5024,ABIERTAS,Entregado,Entregado,NET_SRAMOSC,SIM,2 sept 2026,2 sept 2026,null,No,ABIERTAS,null,Multilínea,Multi_item,Lambayeque,null,null,Power ilim 79.90 SD N
Netcall,1 sept 2026,11,914803224,9148032248165652534147,9283,Outbound,Portabilidad Postpago,PROGRAMADO,Logixtal,5024,ABIERTAS,Entregado,Entregado,NET_SRAMOSC,SIM,2 sept 2026,2 sept 2026,null,No,ABIERTAS,null,Multilínea,Multi_item,Lambayeque,null,null,Power ilim 79.90 SD N
Netcall,1 sept 2026,11,914813184,914813184,9283,Outbound,Portabilidad Postpago,PROGRAMADO,Logixtal,5024,CERRADAS,Entregado,Entregado,NET_SRAMOSC,SIM,2 sept 2026,2 sept 2026,null,No,CERRADAS,2026-09-03 00:34:49,Monolínea,Mono_item,Lambayeque,null,Power ilim 69.90 N,null
Netcall,1 sept 2026,15,914876562,9148765628166430916762,9283,Outbound,Portabilidad Postpago,RETIRO EN TIENDA,Retiro en tienda,7151,CERRADAS,Entregado,Entregado,NET_JSANGAMA,SIM,1 sept 2026,1 sept 2026,02/09/2026,Sí,CERRADAS,2026-09-02 00:56:39,Multilínea,Mono_item,Pasco,39.95,Power ilim 79.90 SD N,Power ilim 79.90 SD N
Netcall,1 sept 2026,9,914767798,9147677988165308555336,9271,Outbound,Portabilidad Postpago,RETIRO EN TIENDA,Retiro en tienda,7151,CERRADAS,Entregado,Entregado,NET_KTAYAB,SIM,1 sept 2026,1 sept 2026,02/09/2026,Sí,CERRADAS,2026-09-02 01:05:16,Monolínea,Mono_item,Pasco,39.95,Power ilim 79.90 SD N,Power ilim 79.90 SD N
Netcall,1 sept 2026,15,914875279,9148752798166412449173,9283,Outbound,Portabilidad Postpago,RETIRO EN TIENDA,Retiro en tienda,7151,CERRADAS,Entregado,Entregado,NET_JSANGAMA,SIM,1 sept 2026,1 sept 2026,02/09/2026,Sí,CERRADAS,2026-09-02 02:01:47,Multilínea,Mono_item,Pasco,19.95,Power ilim 79.90 SD N,Power ilim 79.90 SD N
Netcall,1 sept 2026,17,914913016,9149130168166830597004,9283,Outbound,Portabilidad Postpago,RETIRO EN TIENDA,Retiro en tienda,3115,CANCELADAS,Cancelado,Cancelado,NET_KDIAZPISCOY,SIM,1 sept 2026,null,null,No,CANCELADAS,2026-09-01 19:17:41,Multilínea,Mono_item,Pasco,null,null,Power ilim 79.90 SD N
Netcall,2 sept 2026,18,915378387,9153783878171556736336,9283,Outbound,Portabilidad Postpago,RETIRO EN TIENDA,Retiro en tienda,7151,CANCELADAS,Cancelado,Cancelado,NET_YFLORESR,SIM,2 sept 2026,null,null,No,CANCELADAS,2026-09-02 19:13:44,Monolínea,Mono_item,Pasco,null,null,Power ilim 79.90 SD N
Netcall,1 sept 2026,16,914886845,9148868458166546279457,9283,Outbound,Portabilidad Postpago,RETIRO EN TIENDA,Retiro en tienda,3115,CANCELADAS,Cancelado,Cancelado,NET_KDIAZPISCOY,SIM,1 sept 2026,null,null,No,CANCELADAS,2026-09-01 18:37:10,Multilínea,Mono_item,Pasco,null,null,Power ilim 79.90 SD N
Netcall,2 sept 2026,10,915242942,9152429428170160985779,9283,Outbound,Portabilidad Postpago,PROGRAMADO,Logixtal,5021,ABIERTAS,Pendiente Entrega,Pendiente Entrega,NET_EBOZA,SIM,4 sept 2026,null,null,No,ABIERTAS,null,Multilínea,Mono_item,Piura,null,null,Power ilim 79.90 SD N
Netcall,2 sept 2026,10,915244420,9152444208170172290319,9283,Outbound,Venta Regular / Alta,PROGRAMADO,Logixtal,5021,ABIERTAS,Pendiente Entrega,Pendiente Entrega,NET_EBOZA,SIM,4 sept 2026,null,null,No,ABIERTAS,null,Multilínea,Mono_item,Piura,null,null,Power ilim 79.90 SD N
Netcall,2 sept 2026,10,915243941,9152439418170170811405,9283,Outbound,Portabilidad Postpago,PROGRAMADO,Logixtal,5021,ABIERTAS,Pendiente Entrega,Pendiente Entrega,NET_ANCASTROR,SIM,4 sept 2026,null,null,No,ABIERTAS,null,Monolínea,Mono_item,Piura,null,null,Power ilim 79.90 SD N
Netcall,1 sept 2026,14,914858559,9148585598166233965582,9283,Outbound,Portabilidad Postpago,PROGRAMADO,Logixtal,9345,CANCELADAS,Anulado,CLIENTE DESISTE - INFORMACIÓN INCORRECTA,NET_MRIOSA,SIM,2 sept 2026,null,null,No,CANCELADAS,2026-09-02 14:35:44,Multilínea,Mono_item,Ica,null,null,Power 59.90 N
Netcall,2 sept 2026,15,915318202,9153182028170940892113,9283,Outbound,Portabilidad Postpago,EXPRESS,Logixtal,9345,CERRADAS,Entregado,Entregado,NET_LCCASTILLO,SIM,2 sept 2026,2 sept 2026,null,No,CERRADAS,2026-09-03 00:50:10,Monolínea,Mono_item,Ica,null,Power ilim 69.90 N,Power ilim 69.90 N
Netcall,1 sept 2026,10,914788432,9147884328165506964340,9283,Outbound,Portabilidad Postpago,EXPRESS,Logixtal,9345,CANCELADAS,Anulado,POSIBLE FRAUDE,NET_MRIOSA,SIM,1 sept 2026,null,null,No,CANCELADAS,2026-09-01 12:50:12,Multilínea,Mono_item,Ica,null,null,Power 59.90 N
Netcall,1 sept 2026,13,914847200,9148472008166106186078,9271,Outbound,Portabilidad Postpago,EXPRESS,Logixtal,9345,CANCELADAS,Anulado,CLIENTE DESISTE - INFORMACIÓN INCORRECTA,NET_DOLIDENC,SIM,1 sept 2026,null,null,No,CANCELADAS,2026-09-01 16:30:39,Monolínea,Mono_item,Ica,null,null,Power ilim 79.90 SD N
Netcall,3 sept 2026,8,915621727,91562172789511710121058256210,9283,Outbound,Portabilidad Postpago,EXPRESS,Retiro en tienda,9345,ABIERTAS,Pendiente Entrega,Pendiente Entrega,NET_AAPOLAYACAC,SIM,3 sept 2026,null,null,No,ABIERTAS,null,Monolínea,Mono_item,Ica,null,null,null
Netcall,1 sept 2026,15,914876352,9148763528166429741660,9283,Outbound,Portabilidad Postpago,PROGRAMADO,Logixtal,9345,CANCELADAS,Anulado,CLIENTE DESISTE - INFORMACIÓN INCORRECTA,NET_GCABALLEROC,SIM,2 sept 2026,null,null,No,CANCELADAS,2026-09-02 16:55:52,Multilínea,Mono_item,Ica,null,null,Power ilim 79.90 SD N
Netcall,1 sept 2026,15,914877146,9148771468166428433444,9283,Outbound,Portabilidad Postpago,PROGRAMADO,Logixtal,9345,CANCELADAS,Anulado,CLIENTE DESISTE - INFORMACIÓN INCORRECTA,NET_GCABALLEROC,SIM,2 sept 2026,null,null,No,CANCELADAS,2026-09-02 16:56:14,Multilínea,Mono_item,Ica,null,null,Power ilim 79.90 SD N
Netcall,3 sept 2026,10,915650430,91565043089511710121058255881,9283,Outbound,Portabilidad Postpago,EXPRESS,Retiro en tienda,9345,ABIERTAS,Pendiente Entrega,Pendiente Entrega,NET_CCURAYG,SIM,3 sept 2026,null,null,No,ABIERTAS,null,Monolínea,Mono_item,Ica,null,null,null
Netcall,1 sept 2026,13,914847839,9148478398166116031592,9283,Outbound,Portabilidad Postpago,EXPRESS,Logixtal,9345,CERRADAS,Entregado,Entregado,NET_CIOLAYAR,SIM,1 sept 2026,1 sept 2026,02/09/2026,Sí,CERRADAS,2026-09-02 00:42:24,Monolínea,Mono_item,Ica,29.95,Power 59.90 N,Power 59.90 N
Netcall,1 sept 2026,15,914880820,9148808208166479649823,9271,Outbound,Portabilidad Postpago,PROGRAMADO,Logixtal,9345,CERRADAS,Entregado,Entregado,NET_AYZAGUIRREH,SIM,2 sept 2026,2 sept 2026,null,No,CERRADAS,2026-09-03 00:46:30,Monolínea,Mono_item,Ica,null,Power 59.90 N,Power 59.90 N
Netcall,2 sept 2026,9,915225186,9152251868169988019899,9271,Outbound,Portabilidad Postpago,EXPRESS,Logixtal,9345,CERRADAS,Entregado,Entregado,NET_RCEVERINOL,SIM,2 sept 2026,2 sept 2026,null,No,CERRADAS,2026-09-03 01:30:05,Monolínea,Mono_item,Ica,null,Power ilim 69.90 N,Power ilim 69.90 N
Netcall,2 sept 2026,16,915350983,9153509838171281086272,9283,Outbound,Portabilidad Postpago,RETIRO EN TIENDA,Retiro en tienda,3161,CERRADAS,Entregado,Entregado,TLV_NET_CACEVED,SIM,2 sept 2026,2 sept 2026,null,No,CERRADAS,2026-09-03 01:28:18,Multilínea,Mono_item,Piura,null,Power ilim 69.90 N,Power ilim 69.90 N
Netcall,3 sept 2026,11,915654756,915654756Empty,9283,Outbound,Portabilidad Postpago,RETIRO EN TIENDA,Retiro en tienda,3161,ABIERTAS,Pendiente Entrega,Pendiente Entrega,NET_VCARMENG,SIM,3 sept 2026,null,null,No,ABIERTAS,null,Multilínea,Mono_item,Piura,null,null,null
Netcall,2 sept 2026,11,915252276,9152522768170246111351,9283,Outbound,Portabilidad Postpago,PROGRAMADO,Logixtal,5021,ABIERTAS,Pendiente Entrega,Pendiente Entrega,NET_YFLORESR,SIM,3 sept 2026,null,null,No,ABIERTAS,null,Monolínea,Mono_item,Piura,null,null,Power 59.90 N
Netcall,3 sept 2026,10,915636214,915636214Empty,9283,Outbound,Venta Regular / Alta,RETIRO EN TIENDA,Retiro en tienda,3161,CERRADAS,Entregado,Entregado,NET_RMRAMIREZ,SIM,3 sept 2026,3 sept 2026,null,No,CERRADAS,2026-09-03 13:53:59,Multilínea,Mono_item,Piura,null,Power 59.90 N,null
Netcall,2 sept 2026,13,915294579,9152945798170681563876,9283,Outbound,Portabilidad Postpago,RETIRO EN TIENDA,Retiro en tienda,3161,CERRADAS,Entregado,Entregado,TLV_NET_CSILVAP,SIM,2 sept 2026,2 sept 2026,null,No,CERRADAS,2026-09-03 01:24:16,Multilínea,Mono_item,Piura,null,Power ilim 79.90 SD N,Power ilim 79.90 SD N
Netcall,2 sept 2026,13,915293290,9152932908170669785087,9283,Outbound,Portabilidad Postpago,RETIRO EN TIENDA,Retiro en tienda,3161,CERRADAS,Entregado,Entregado,TLV_NET_CSILVAP,SIM,2 sept 2026,2 sept 2026,null,No,CERRADAS,2026-09-03 02:03:28,Multilínea,Mono_item,Piura,null,Power ilim 79.90 SD N,Power ilim 79.90 SD N
Netcall,3 sept 2026,10,915639154,915639154Empty,9283,Outbound,Portabilidad Postpago,RETIRO EN TIENDA,Retiro en tienda,3161,ABIERTAS,Pendiente Entrega,Pendiente Entrega,NET_RMRAMIREZ,SIM,3 sept 2026,null,null,No,ABIERTAS,null,Multilínea,Mono_item,Piura,null,null,null
Netcall,3 sept 2026,11,915651910,915651910Empty,9283,Outbound,Portabilidad Postpago,RETIRO EN TIENDA,Retiro en tienda,3161,ABIERTAS,Pendiente Entrega,Pendiente Entrega,NET_VCARMENG,SIM,3 sept 2026,null,null,No,ABIERTAS,null,Multilínea,Mono_item,Piura,null,null,null
Netcall,2 sept 2026,18,915374718,9153747188171518343641,9283,Outbound,Portabilidad Postpago,RETIRO EN TIENDA,Retiro en tienda,3161,ABIERTAS,Pendiente Entrega,Pendiente Entrega,NET_CIOLAYAR,SIM,2 sept 2026,null,null,No,ABIERTAS,null,Monolínea,Mono_item,Piura,null,null,Power ilim 69.90 N
Netcall,2 sept 2026,17,915351908,9153519088171286816819,9283,Outbound,Portabilidad Postpago,RETIRO EN TIENDA,Retiro en tienda,3161,CERRADAS,Entregado,Entregado,TLV_NET_CACEVED,SIM,2 sept 2026,2 sept 2026,null,No,CERRADAS,2026-09-03 03:35:51,Multilínea,Mono_item,Piura,null,Power ilim 69.90 N,Power ilim 69.90 N
Netcall,2 sept 2026,10,915227007,9152270078170010025232,9283,Outbound,Portabilidad Postpago,PROGRAMADO,Logixtal,5023,ABIERTAS,Pendiente Entrega,Pendiente Entrega,NET_JIYASHAMAR,SIM,9 sept 2026,null,null,No,ABIERTAS,null,Monolínea,Mono_item,La Libertad,null,null,Power 59.90 N
Netcall,2 sept 2026,16,915334977,9153349778171111978391,9283,Outbound,Portabilidad Postpago,PROGRAMADO,Logixtal,9001,ABIERTAS,No bop,No bop,NET_JLCASTILLOU,SIM,5 sept 2026,null,null,No,ABIERTAS,null,Multilínea,Multi_item,Lima - Callao,null,null,Power ilim 79.90 SD N
Netcall,2 sept 2026,15,915331929,9153319298171078876314,9283,Outbound,Portabilidad Postpago,PROGRAMADO,Logixtal,9001,ABIERTAS,No bop,No bop,NET_JLCASTILLOU,SIM,5 sept 2026,null,null,No,ABIERTAS,null,Multilínea,Multi_item,Lima - Callao,null,null,Power ilim 79.90 SD N
Netcall,2 sept 2026,15,915331929,9153319298171078876533,9283,Outbound,Portabilidad Postpago,PROGRAMADO,Logixtal,9001,ABIERTAS,No bop,No bop,NET_JLCASTILLOU,SIM,5 sept 2026,null,null,No,ABIERTAS,null,Multilínea,Multi_item,Lima - Callao,null,null,Power ilim 79.90 SD N
Netcall,2 sept 2026,16,915334977,9153349778171111978171,9283,Outbound,Portabilidad Postpago,PROGRAMADO,Logixtal,9001,ABIERTAS,No bop,No bop,NET_JLCASTILLOU,SIM,5 sept 2026,null,null,No,ABIERTAS,null,Multilínea,Multi_item,Lima - Callao,null,null,Power ilim 79.90 SD N
Netcall,2 sept 2026,15,915331929,9153319298171078876786,9283,Outbound,Portabilidad Postpago,PROGRAMADO,Logixtal,9001,ABIERTAS,No bop,No bop,NET_JLCASTILLOU,SIM,5 sept 2026,null,null,No,ABIERTAS,null,Multilínea,Multi_item,Lima - Callao,null,null,Power ilim 79.90 SD N
Netcall,2 sept 2026,16,915346525,9153465258171228132239,9283,Outbound,Portabilidad Postpago,PROGRAMADO,Logixtal,9001,ABIERTAS,No bop,No bop,NET_LNARVAEZR,SIM,5 sept 2026,null,null,No,ABIERTAS,null,Monolínea,Mono_item,Lima - Callao,null,null,Power ilim 79.90 SD N
Netcall,3 sept 2026,11,915664551,915664551Empty,9283,Outbound,Portabilidad Postpago,PROGRAMADO,Logixtal,9001,ABIERTAS,Pendiente Entrega,Pendiente de Picking,NET_KAGRAMONTEM,SIM,5 sept 2026,null,null,No,ABIERTAS,null,Monolínea,Mono_item,Lima - Callao,null,null,null
Netcall,2 sept 2026,16,915337754,9153377548171166160250,9283,Outbound,Portabilidad Postpago,PROGRAMADO,Logixtal,9001,ABIERTAS,Pendiente Entrega,Pendiente Entrega,NET_MCELISG,SIM,4 sept 2026,null,null,No,ABIERTAS,null,Monolínea,Mono_item,Lima - Callao,null,null,Power ilim 69.90 N
Netcall,2 sept 2026,9,915218660,9152186608169922317329,9283,Outbound,Portabilidad Postpago,PROGRAMADO,Logixtal,9344,ABIERTAS,Pendiente Entrega,Pendiente Entrega,NET_EMACHEROT,SIM,3 sept 2026,null,null,No,ABIERTAS,null,Monolínea,Mono_item,Ancash,null,null,Power 59.90 N
Netcall,1 sept 2026,14,914853339,9148533398166176636815,9283,Outbound,Venta Regular / Alta,PROGRAMADO,Logixtal,9344,CANCELADAS,Anulado,CLIENTE DESISTE - PROBLEMAS ECONÓMICOS,NET_ELAURAQ,SIM,2 sept 2026,null,null,No,CANCELADAS,2026-09-02 11:33:24,Monolínea,Mono_item,Ancash,null,null,Power 39.90 N
Netcall,1 sept 2026,11,914807071,9148070718165694728858,9283,Outbound,Portabilidad Postpago,EXPRESS,Logixtal,9344,CERRADAS,Entregado,Entregado,NET_CLOPEZA,SIM,1 sept 2026,1 sept 2026,02/09/2026,Sí,CERRADAS,2026-09-02 00:13:26,Monolínea,Mono_item,Ancash,29.95,Power 59.90 N,Power 59.90 N
Netcall,1 sept 2026,9,914771825,9147718258165349097405,9283,Outbound,Portabilidad Postpago,EXPRESS,Logixtal,9344,CERRADAS,Entregado,Entregado,NET_DVILLALOBOS,SIM,1 sept 2026,1 sept 2026,null,No,CERRADAS,2026-09-03 01:32:44,Monolínea,Mono_item,Ancash,null,Power 59.90 N,Power 59.90 N
Netcall,3 sept 2026,10,915642430,91564243089511710111069187785,9271,Outbound,Portabilidad Postpago,EXPRESS,Retiro en tienda,9344,ABIERTAS,Entregado,Entregado,NET_KTAYAB,SIM,3 sept 2026,null,null,No,ABIERTAS,null,Monolínea,Mono_item,Ancash,null,null,null
Netcall,2 sept 2026,17,915368202,9153682028171456502353,9283,Outbound,Portabilidad Postpago,PROGRAMADO,Logixtal,9344,ABIERTAS,Pendiente Entrega,Pendiente Entrega,NET_GHERRERAG,SIM,4 sept 2026,null,null,No,ABIERTAS,null,Monolínea,Mono_item,Ancash,null,null,Power ilim 79.90 SD N
Netcall,1 sept 2026,16,914886975,9148869758166543693364,9283,Outbound,Portabilidad Postpago,PROGRAMADO,Logixtal,9344,CERRADAS,Entregado,Entregado,NET_CMENESESV,SIM,2 sept 2026,2 sept 2026,null,No,CERRADAS,2026-09-03 01:03:56,Monolínea,Mono_item,Ancash,null,Power 59.90 N,Power 59.90 N
Netcall,1 sept 2026,13,914848722,9148487228166135400966,9283,Outbound,Portabilidad Postpago,PROGRAMADO,Logixtal,9344,CERRADAS,Entregado,Entregado,NET_NCANCHOP,SIM,2 sept 2026,2 sept 2026,null,No,CERRADAS,2026-09-03 01:14:37,Monolínea,Mono_item,Ancash,null,Power ilim 79.90 SD N,Power ilim 79.90 SD N
Netcall,1 sept 2026,14,914855124,9148551248166197346242,9283,Outbound,Venta Regular / Alta,PROGRAMADO,Logixtal,9344,CERRADAS,Entregado,Entregado,NET_ELAURAQ,SIM,2 sept 2026,2 sept 2026,02/09/2026,Sí,CERRADAS,2026-09-02 20:32:18,Monolínea,Mono_item,Ancash,39.9,Power 39.90 N,Power 39.90 N
Netcall,2 sept 2026,17,915356853,9153568538171338097431,9283,Outbound,Portabilidad Postpago,PROGRAMADO,Logixtal,9344,ABIERTAS,Pendiente Entrega,Pendiente Entrega,NET_NRUBIOMARCO,SIM,3 sept 2026,null,null,No,ABIERTAS,null,Multilínea,Mono_item,Ancash,null,null,Power ilim 79.90 SD N
Netcall,1 sept 2026,16,914894581,9148945818166629610922,9283,Outbound,Venta Regular / Alta,PROGRAMADO,Logixtal,9344,CERRADAS,Entregado,Entregado,NET_JMENDOZAN,SIM,2 sept 2026,2 sept 2026,02/09/2026,Sí,CERRADAS,2026-09-02 18:04:50,Monolínea,Mono_item,Ancash,34.95,Power ilim 69.90 N,Power ilim 69.90 N
Netcall,1 sept 2026,15,914876747,9148767478166442468449,9283,Outbound,Portabilidad Postpago,EXPRESS,Logixtal,9344,CERRADAS,Entregado,Entregado,NET_TDILAST,SIM,1 sept 2026,1 sept 2026,null,No,CERRADAS,2026-09-03 00:48:40,Monolínea,Mono_item,Ancash,null,Power 59.90 N,Power 59.90 N
Netcall,2 sept 2026,17,915359568,9153595688171363827972,9283,Outbound,Portabilidad Postpago,PROGRAMADO,Logixtal,9344,ABIERTAS,Pendiente Entrega,Pendiente Entrega,NET_NRUBIOMARCO,SIM,3 sept 2026,null,null,No,ABIERTAS,null,Multilínea,Mono_item,Ancash,null,null,Power ilim 79.90 SD N
Netcall,2 sept 2026,17,915358292,9153582928171352627589,9283,Outbound,Portabilidad Postpago,PROGRAMADO,Logixtal,9344,ABIERTAS,Pendiente Entrega,Pendiente Entrega,NET_NRUBIOMARCO,SIM,3 sept 2026,null,null,No,ABIERTAS,null,Multilínea,Mono_item,Ancash,null,null,Power ilim 79.90 SD N
Netcall,1 sept 2026,18,914932157,9149321578167021213948,5299,Outbound,Portabilidad Postpago,PROGRAMADO,Logixtal,9344,ABIERTAS,Pendiente Entrega,Pendiente Entrega,NET_AREYNOSAC,SIM,2 sept 2026,null,null,No,ABIERTAS,null,Monolínea,Mono_item,Ancash,null,null,Power ilim 79.90 SD N
Netcall,2 sept 2026,15,915327524,9153275248171034494735,9283,Outbound,Venta Regular / Alta,EXPRESS,Logixtal,9344,CERRADAS,Entregado,Entregado,NET_CMENESESV,SIM,2 sept 2026,2 sept 2026,02/09/2026,Sí,CERRADAS,2026-09-02 18:17:23,Monolínea,Mono_item,Ancash,44.90703,Power 59.90 N,Power 59.90 N
Netcall,3 sept 2026,10,915648734,91564873489511710111070999046,9283,Outbound,Portabilidad Postpago,EXPRESS,Retiro en tienda,9344,ABIERTAS,Entregado,Entregado,NET_MGONZALESPE,SIM,3 sept 2026,null,null,No,ABIERTAS,null,Monolínea,Mono_item,Ancash,null,null,null
Netcall,3 sept 2026,13,915701792,915701792Empty,9283,Outbound,Portabilidad Postpago,RETIRO EN TIENDA,Retiro en tienda,3025,ABIERTAS,Pendiente Entrega,Pendiente Entrega,NET_PVEGAC,SIM,3 sept 2026,null,null,No,ABIERTAS,null,Multilínea,Mono_item,San Martin,null,null,null
Netcall,2 sept 2026,7,915137247,915137247,9283,Outbound,Portabilidad Postpago,RETIRO EN TIENDA,Retiro en tienda,3025,CERRADAS,Entregado,Entregado,TLV_NET_DVALOI,SIM,2 sept 2026,2 sept 2026,null,No,CERRADAS,2026-09-03 00:07:09,Multilínea,Mono_item,San Martin,null,Power ilim 79.90 SD N,null
Netcall,3 sept 2026,13,915696479,915696479Empty,9283,Outbound,Portabilidad Postpago,RETIRO EN TIENDA,Retiro en tienda,3025,ABIERTAS,Pendiente Entrega,Pendiente Entrega,NET_PVEGAC,SIM,3 sept 2026,null,null,No,ABIERTAS,null,Multilínea,Mono_item,San Martin,null,null,null
Netcall,3 sept 2026,14,915726695,915726695Empty,9283,Outbound,Portabilidad Postpago,RETIRO EN TIENDA,Retiro en tienda,3025,ABIERTAS,Pendiente Entrega,Pendiente Entrega,NET_WBENITESA,SIM,3 sept 2026,null,null,No,ABIERTAS,null,Monolínea,Mono_item,San Martin,null,null,null
Netcall,2 sept 2026,13,915291560,9152915608170650428326,9283,Outbound,Portabilidad Postpago,RETIRO EN TIENDA,Retiro en tienda,3025,CERRADAS,Entregado,Entregado,NET_KDIAZPISCOY,SIM,2 sept 2026,2 sept 2026,null,No,CERRADAS,2026-09-03 01:11:47,Multilínea,Mono_item,San Martin,null,Power ilim 79.90 SD N,Power ilim 79.90 SD N
Netcall,2 sept 2026,13,915299516,915299516,9283,Outbound,Portabilidad Postpago,RETIRO EN TIENDA,Retiro en tienda,3025,CERRADAS,Entregado,Entregado,NET_JCHAVEZC,SIM,2 sept 2026,2 sept 2026,null,No,CERRADAS,2026-09-03 00:21:07,Monolínea,Mono_item,San Martin,null,Power ilim 69.90 N,null
Netcall,3 sept 2026,10,915634569,915634569Empty,9283,Outbound,Portabilidad Postpago,RETIRO EN TIENDA,Retiro en tienda,3025,ABIERTAS,Pendiente Entrega,Pendiente Entrega,NET_ADOROTEOSAL,SIM,3 sept 2026,null,null,No,ABIERTAS,null,Multilínea,Mono_item,San Martin,null,null,null
Netcall,2 sept 2026,7,915137321,9151373218169343224395,9283,Outbound,Portabilidad Postpago,RETIRO EN TIENDA,Retiro en tienda,3025,CERRADAS,Entregado,Entregado,TLV_NET_DVALOI,SIM,2 sept 2026,2 sept 2026,null,No,CERRADAS,2026-09-03 01:39:26,Multilínea,Mono_item,San Martin,null,Power ilim 79.90 SD N,Power ilim 79.90 SD N
Netcall,3 sept 2026,9,915630398,915630398Empty,9283,Outbound,Portabilidad Postpago,RETIRO EN TIENDA,Retiro en tienda,3025,ABIERTAS,Pendiente Entrega,Pendiente Entrega,NET_ADOROTEOSAL,SIM,3 sept 2026,null,null,No,ABIERTAS,null,Multilínea,Mono_item,San Martin,null,null,null
Netcall,3 sept 2026,11,915670431,915670431Empty,9283,Outbound,Portabilidad Postpago,RETIRO EN TIENDA,Retiro en tienda,3025,ABIERTAS,Pendiente Entrega,Pendiente Entrega,NET_RFIGUEROAR,SIM,3 sept 2026,null,null,No,ABIERTAS,null,Monolínea,Mono_item,San Martin,null,null,null
Netcall,2 sept 2026,16,915290190,9152901908171165914508,9283,Outbound,Portabilidad Postpago,RETIRO EN TIENDA,Retiro en tienda,3025,CERRADAS,Entregado,Entregado,TLV_NET_BRAMIRE,SIM,2 sept 2026,2 sept 2026,null,No,CERRADAS,2026-09-03 00:45:57,Monolínea,Mono_item,San Martin,null,Power 59.90 N,Power 59.90 N
Netcall,3 sept 2026,13,915700678,915700678Empty,9283,Outbound,Portabilidad Postpago,RETIRO EN TIENDA,Retiro en tienda,3025,ABIERTAS,Pendiente Entrega,Pendiente Entrega,NET_PVEGAC,SIM,3 sept 2026,null,null,No,ABIERTAS,null,Multilínea,Mono_item,San Martin,null,null,null
Netcall,2 sept 2026,13,915290064,9152900648170633454499,9283,Outbound,Portabilidad Postpago,RETIRO EN TIENDA,Retiro en tienda,3025,CERRADAS,Entregado,Entregado,NET_KDIAZPISCOY,SIM,2 sept 2026,2 sept 2026,null,No,CERRADAS,2026-09-03 01:40:04,Multilínea,Mono_item,San Martin,null,Power ilim 79.90 SD N,Power ilim 79.90 SD N
Netcall,3 sept 2026,10,915635656,915635656Empty,9283,Outbound,Portabilidad Postpago,RETIRO EN TIENDA,Retiro en tienda,3025,ABIERTAS,Pendiente Entrega,Pendiente Entrega,NET_ADOROTEOSAL,SIM,3 sept 2026,null,null,No,ABIERTAS,null,Multilínea,Mono_item,San Martin,null,null,null
Netcall,3 sept 2026,13,915702869,915702869Empty,9283,Outbound,Portabilidad Postpago,RETIRO EN TIENDA,Retiro en tienda,3025,CANCELADAS,Cancelado,Cancelado,NET_PVEGAC,SIM,3 sept 2026,null,null,No,CANCELADAS,2026-09-03 14:59:44,Multilínea,Mono_item,San Martin,null,null,null
Netcall,3 sept 2026,13,915699590,915699590Empty,9283,Outbound,Portabilidad Postpago,RETIRO EN TIENDA,Retiro en tienda,3025,ABIERTAS,Pendiente Entrega,Pendiente Entrega,NET_PVEGAC,SIM,3 sept 2026,null,null,No,ABIERTAS,null,Multilínea,Mono_item,San Martin,null,null,null
Netcall,1 sept 2026,15,914870003,9148700038166360320405,9283,Outbound,Portabilidad Postpago,PROGRAMADO,Logixtal,5024,ABIERTAS,Pendiente Entrega,Pendiente Entrega,NET_BCUSQUISIVA,SIM,7 sept 2026,null,null,No,ABIERTAS,null,Monolínea,Mono_item,Lambayeque,null,null,Power ilim 79.90 SD N
Netcall,2 sept 2026,18,915373830,9153738308171511640631,9283,Outbound,Portabilidad Postpago,PROGRAMADO,Logixtal,5024,ABIERTAS,Pendiente Entrega,Pendiente Entrega,NET_RCORDOVAC,SIM,3 sept 2026,null,null,No,ABIERTAS,null,Multilínea,Mono_item,Lambayeque,null,null,Power ilim 79.90 SD N
Netcall,2 sept 2026,18,915375228,9153752288171525372949,9283,Outbound,Portabilidad Postpago,PROGRAMADO,Logixtal,5024,ABIERTAS,Pendiente Entrega,Pendiente Entrega,NET_RCORDOVAC,SIM,3 sept 2026,null,null,No,ABIERTAS,null,Multilínea,Mono_item,Lambayeque,null,null,Power ilim 79.90 SD N
Netcall,3 sept 2026,14,915721509,915721509Empty,9271,Outbound,Portabilidad Postpago,EXPRESS,Retiro en tienda,9356,ABIERTAS,Pendiente Entrega,Pendiente Entrega,NET_MGSGRADOS,SIM,3 sept 2026,null,null,No,ABIERTAS,null,Multilínea,Mono_item,Moquegua,null,null,null
Netcall,2 sept 2026,13,915293376,915293376,9283,Outbound,Portabilidad Postpago,EXPRESS,Logixtal,9356,CERRADAS,Entregado,Entregado,NET_CSALAZARP,SIM,2 sept 2026,2 sept 2026,null,No,CERRADAS,2026-09-03 00:07:49,Multilínea,Mono_item,Moquegua,null,Power ilim 79.90 SD N,null
Netcall,2 sept 2026,13,915294470,9152944708170685513957,9283,Outbound,Portabilidad Postpago,EXPRESS,Logixtal,9356,CERRADAS,Entregado,Entregado,NET_CSALAZARP,SIM,2 sept 2026,2 sept 2026,null,No,CERRADAS,2026-09-03 01:37:07,Multilínea,Mono_item,Moquegua,null,Power ilim 79.90 SD N,Power ilim 79.90 SD N
Netcall,1 sept 2026,12,914835149,9148351498165975770390,9283,Outbound,Portabilidad Postpago,EXPRESS,Logixtal,9356,CERRADAS,Entregado,Entregado,NET_PYGARCIAG,SIM,1 sept 2026,1 sept 2026,02/09/2026,Sí,CERRADAS,2026-09-02 00:51:43,Monolínea,Mono_item,Moquegua,39.95,Power ilim 79.90 SD N,Power ilim 79.90 SD N
Netcall,2 sept 2026,8,915179253,9151792538169636804380,9283,Outbound,Portabilidad Postpago,EXPRESS,Logixtal,9356,CERRADAS,Entregado,Entregado,NET_GCABALLEROC,SIM,2 sept 2026,2 sept 2026,null,No,CERRADAS,2026-09-03 03:36:28,Monolínea,Mono_item,Moquegua,null,Power ilim 79.90 SD N,Power ilim 79.90 SD N
Netcall,2 sept 2026,10,915228792,915228792,9283,Outbound,Portabilidad Postpago,EXPRESS,Logixtal,9356,CERRADAS,Entregado,Entregado,NET_SBENITOV,SIM,2 sept 2026,2 sept 2026,null,No,CERRADAS,2026-09-03 00:20:37,Multilínea,Mono_item,Moquegua,null,Power ilim 79.90 SD N,null
Netcall,2 sept 2026,10,915241747,9152417478170147944969,9283,Outbound,Portabilidad Postpago,EXPRESS,Logixtal,9356,CERRADAS,Entregado,Entregado,TLV_NET_CACEVED,SIM,2 sept 2026,2 sept 2026,null,No,CERRADAS,2026-09-03 00:48:42,Monolínea,Mono_item,Moquegua,null,Power ilim 79.90 SD N,Power ilim 79.90 SD N
Netcall,1 sept 2026,14,914853490,9148534908166176871485,9283,Outbound,Portabilidad Postpago,EXPRESS,Logixtal,9356,CERRADAS,Entregado,Entregado,TLV_NET_EBULNES,SIM,1 sept 2026,1 sept 2026,02/09/2026,Sí,CERRADAS,2026-09-02 00:22:15,Monolínea,Mono_item,Moquegua,39.95,Power ilim 79.90 SD N,Power ilim 79.90 SD N
Netcall,2 sept 2026,10,915227400,9152274008170012799747,9283,Outbound,Portabilidad Postpago,EXPRESS,Logixtal,9356,CANCELADAS,Anulado,CLIENTE DESISTE - CONTRAOFERTA,NET_SBENITOV,SIM,2 sept 2026,null,null,No,CANCELADAS,2026-09-02 17:47:08,Multilínea,Mono_item,Moquegua,null,null,Power ilim 79.90 SD N
Netcall,1 sept 2026,17,914915398,9149153988166920188412,5299,Outbound,Portabilidad Postpago,PROGRAMADO,Logixtal,9356,CERRADAS,Entregado,Entregado,NET_LVIZCARRARO,SIM,2 sept 2026,2 sept 2026,null,No,CERRADAS,2026-09-03 02:00:20,Monolínea,Mono_item,Moquegua,null,Power 59.90 N,Power 59.90 N
Netcall,1 sept 2026,9,914763332,9147633328165275376440,9283,Outbound,Portabilidad Postpago,EXPRESS,Logixtal,9356,CERRADAS,Entregado,Entregado,NET_DMORENOL,SIM,1 sept 2026,1 sept 2026,02/09/2026,Sí,CERRADAS,2026-09-02 00:18:02,Monolínea,Mono_item,Moquegua,29.95,Power 59.90 N,Power 59.90 N
Netcall,3 sept 2026,14,915722319,915722319Empty,9271,Outbound,Portabilidad Postpago,EXPRESS,Retiro en tienda,9356,ABIERTAS,Pendiente Entrega,Pendiente Entrega,NET_MGSGRADOS,SIM,3 sept 2026,null,null,No,ABIERTAS,null,Multilínea,Mono_item,Moquegua,null,null,null
Netcall,1 sept 2026,16,914892390,9148923908166597102433,9283,Outbound,Portabilidad Postpago,EXPRESS,Logixtal,9356,CANCELADAS,Anulado,DIRECCIÓN ERRADA,NET_GMENDIGUETE,SIM,1 sept 2026,null,null,No,CANCELADAS,2026-09-01 17:35:39,Multilínea,Mono_item,Moquegua,null,null,Power ilim 79.90 SD N
Netcall,1 sept 2026,11,914812251,9148122518165746249452,9283,Outbound,Portabilidad Postpago,PROGRAMADO,Logixtal,5024,ABIERTAS,Pendiente Entrega,Pendiente Entrega,TLV_NET_KARANDA,SIM,5 sept 2026,null,null,No,ABIERTAS,null,Monolínea,Mono_item,Lambayeque,null,null,Power ilim 79.90 SD N
Netcall,3 sept 2026,10,915634602,91563460289511710111068655535,5299,Outbound,Portabilidad Postpago,PROGRAMADO,Logixtal,5024,ABIERTAS,Pendiente Entrega,Pendiente de Picking,NET_LVIZCARRARO,SIM,10 sept 2026,null,null,No,ABIERTAS,null,Monolínea,Mono_item,Lambayeque,null,null,null
Netcall,1 sept 2026,17,914912506,9149125068166827365879,9283,Outbound,Portabilidad Postpago,PROGRAMADO,Logixtal,5023,CERRADAS,Entregado,Entregado,NET_ACREGALADO,SIM,2 sept 2026,2 sept 2026,null,No,CERRADAS,2026-09-03 02:10:37,Monolínea,Mono_item,La Libertad,null,Power 59.90 N,Power 59.90 N
Netcall,1 sept 2026,10,914785934,9147859348165485192409,9283,Outbound,Venta Regular / Alta,PROGRAMADO,Logixtal,5023,CERRADAS,Entregado,Entregado,NET_LDIAZM,SIM,2 sept 2026,2 sept 2026,02/09/2026,Sí,CERRADAS,2026-09-02 16:31:15,Multilínea,Mono_item,La Libertad,39.95,Power ilim 79.90 SD N,Power ilim 79.90 SD N
Netcall,1 sept 2026,10,914787706,9147877068165493763464,9283,Outbound,Portabilidad Postpago,PROGRAMADO,Logixtal,5023,CERRADAS,Entregado,Entregado,NET_LDIAZM,SIM,2 sept 2026,2 sept 2026,null,No,CERRADAS,2026-09-03 01:08:15,Multilínea,Mono_item,La Libertad,null,Power ilim 79.90 SD N,Power ilim 79.90 SD N
Netcall,3 sept 2026,7,915580579,91558057989511710111070749474,9283,Outbound,Portabilidad Postpago,EXPRESS,Logixtal,5022,ABIERTAS,Pendiente Entrega,Pendiente de Picking,NET_SINGAC,SIM,3 sept 2026,null,null,No,ABIERTAS,null,Multilínea,Mono_item,Arequipa,null,null,null
Netcall,3 sept 2026,7,915582840,91558284089511710111070748062,9283,Outbound,Portabilidad Postpago,EXPRESS,Logixtal,5022,ABIERTAS,Pendiente Entrega,Pendiente de Picking,NET_SINGAC,SIM,3 sept 2026,null,null,No,ABIERTAS,null,Multilínea,Mono_item,Arequipa,null,null,null
Netcall,2 sept 2026,17,915369191,9153691918171469464787,9283,Outbound,Portabilidad Postpago,PROGRAMADO,Logixtal,9001,ABIERTAS,Pendiente Entrega,Pendiente Entrega,NET_AVIVANCOE,SIM,3 sept 2026,null,null,No,ABIERTAS,null,Monolínea,Mono_item,Lima - Callao,null,null,Power 59.90 N
Netcall,1 sept 2026,10,914793428,9147934288165557928413,9283,Outbound,Portabilidad Postpago,PROGRAMADO,Logixtal,9001,ABIERTAS,Pendiente Entrega,Pendiente Entrega,NET_GHERRERAG,SIM,3 sept 2026,null,null,No,ABIERTAS,null,Multilínea,Mono_item,Lima - Callao,null,null,Power ilim 79.90 SD N
Netcall,2 sept 2026,14,915308376,9153083768170828299704,9283,Outbound,Portabilidad Postpago,EXPRESS,Logixtal,9001,CERRADAS,Entregado,Entregado,NET_CBIELICHR,SIM,2 sept 2026,2 sept 2026,null,No,CERRADAS,2026-09-03 01:48:43,Monolínea,Mono_item,Lima - Callao,null,Power 59.90 N,Power 59.90 N
Netcall,1 sept 2026,9,914767330,9147673308165311112950,5299,Outbound,Portabilidad Postpago,EXPRESS,Logixtal,9001,CERRADAS,Entregado,Entregado,NET_RCANDIOTTIA,SIM,1 sept 2026,1 sept 2026,02/09/2026,Sí,CERRADAS,2026-09-02 01:45:27,Monolínea,Mono_item,Lima - Callao,34.95,Power ilim 69.90 N,Power ilim 69.90 N
Netcall,3 sept 2026,11,915671852,91567185289511710101080362053,9271,Outbound,Portabilidad Postpago,EXPRESS,Logixtal,9001,ABIERTAS,Entregado,Entregado,NET_VAYALAS,SIM,3 sept 2026,null,null,No,ABIERTAS,null,Monolínea,Mono_item,Lima - Callao,null,null,null
Netcall,3 sept 2026,12,915686071,91568607189511710101029957658,9283,Outbound,Portabilidad Postpago,EXPRESS,Logixtal,9001,ABIERTAS,Pendiente Entrega,Pendiente de Picking,NET_AARANAS,SIM,3 sept 2026,null,null,No,ABIERTAS,null,Multilínea,Mono_item,Lima - Callao,null,null,null
Netcall,3 sept 2026,12,915677482,91567748289511710101080362079,9283,Outbound,Portabilidad Postpago,EXPRESS,Logixtal,9001,ABIERTAS,Entregado,Entregado,NET_JTITOM,SIM,3 sept 2026,null,null,No,ABIERTAS,null,Monolínea,Mono_item,Lima - Callao,null,null,null
Netcall,3 sept 2026,13,915702205,91570220589511710101029957674,9265,Outbound,Portabilidad Postpago,EXPRESS,Logixtal,9001,ABIERTAS,Entregado,Entregado,NET_IRODRIGUEZS,SIM,3 sept 2026,null,null,No,ABIERTAS,null,Monolínea,Mono_item,Lima - Callao,null,null,null
Netcall,2 sept 2026,16,915348225,9153482258171242567571,9271,Outbound,Portabilidad Postpago,EXPRESS,Logixtal,5022,CERRADAS,Entregado,Entregado,NET_KANGELESS,SIM,2 sept 2026,2 sept 2026,null,No,CERRADAS,2026-09-03 01:27:52,Multilínea,Mono_item,Arequipa,null,Power ilim 79.90 SD N,Power ilim 79.90 SD N
Netcall,3 sept 2026,13,915704921,91570492189511710111070706409,9283,Outbound,Portabilidad Postpago,EXPRESS,Logixtal,5022,ABIERTAS,Pendiente Entrega,Pendiente de Picking,NET_LCCASTILLO,SIM,3 sept 2026,null,null,No,ABIERTAS,null,Monolínea,Mono_item,Arequipa,null,null,null
Netcall,3 sept 2026,13,915706608,91570660889511710101029957682,9283,Outbound,Portabilidad Postpago,EXPRESS,Logixtal,9001,ABIERTAS,Pendiente Entrega,Pendiente de Picking,NET_DHUAYACGONZ,SIM,3 sept 2026,null,null,No,ABIERTAS,null,Monolínea,Mono_item,Lima - Callao,null,null,null
Netcall,2 sept 2026,12,915276660,915276660,9283,Outbound,Portabilidad Postpago,EXPRESS,Logixtal,9001,CERRADAS,Entregado,Entregado,TLV_NET_CACEVED,SIM,2 sept 2026,2 sept 2026,null,No,CERRADAS,2026-09-03 00:15:26,Monolínea,Mono_item,Lima - Callao,null,Power ilim 79.90 SD N,null
Netcall,2 sept 2026,16,915347221,9153472218171232576784,9271,Outbound,Portabilidad Postpago,EXPRESS,Logixtal,5022,CERRADAS,Entregado,Entregado,NET_KANGELESS,SIM,2 sept 2026,2 sept 2026,null,No,CERRADAS,2026-09-03 01:06:39,Multilínea,Mono_item,Arequipa,null,Power ilim 79.90 SD N,Power ilim 79.90 SD N
Netcall,3 sept 2026,13,915698708,91569870889511710111071541201,9283,Outbound,Portabilidad Postpago,EXPRESS,Logixtal,9001,ABIERTAS,Entregado,Entregado,NET_LCALDERONC,SIM,3 sept 2026,null,null,No,ABIERTAS,null,Monolínea,Mono_item,Lima - Callao,null,null,null
Netcall,2 sept 2026,11,915261136,915261136,9283,Outbound,Portabilidad Postpago,EXPRESS,Logixtal,9001,CERRADAS,Entregado,Entregado,NET_DGHERRERA,SIM,2 sept 2026,2 sept 2026,null,No,CERRADAS,2026-09-03 00:35:33,Monolínea,Mono_item,Lima - Callao,null,Power 59.90 N,null
Netcall,1 sept 2026,10,914790397,9147903978165530419362,9283,Outbound,Venta Regular / Alta,PROGRAMADO,Logixtal,9001,ABIERTAS,Pendiente Entrega,Pendiente Entrega,NET_GHERRERAG,SIM,3 sept 2026,null,null,No,ABIERTAS,null,Multilínea,Mono_item,Lima - Callao,null,null,Power ilim 79.90 SD N
Netcall,2 sept 2026,10,915230693,9152306938170044499315,9283,Outbound,Portabilidad Postpago,EXPRESS,Logixtal,9001,CANCELADAS,Anulado,CLIENTE DESISTE - CONTRAOFERTA,NET_KGCORTEZP,SIM,2 sept 2026,null,null,No,CANCELADAS,2026-09-02 13:02:51,Monolínea,Mono_item,Lima - Callao,null,null,Power ilim 79.90 SD N
Netcall,2 sept 2026,16,915345554,9153455548171220100991,9271,Outbound,Portabilidad Postpago,EXPRESS,Logixtal,5022,CERRADAS,Entregado,Entregado,NET_KANGELESS,SIM,2 sept 2026,2 sept 2026,null,No,CERRADAS,2026-09-03 01:03:03,Multilínea,Mono_item,Arequipa,null,Power ilim 79.90 SD N,Power ilim 79.90 SD N
Netcall,1 sept 2026,17,914905073,9149050738166750569249,9283,Outbound,Portabilidad Postpago,PROGRAMADO,Logixtal,9001,ABIERTAS,Pendiente Entrega,Pendiente Entrega,NET_ATUMEH,SIM,2 sept 2026,null,null,No,ABIERTAS,null,Monolínea,Mono_item,Lima - Callao,null,null,Power 59.90 N
Netcall,1 sept 2026,12,914823082,9148230828165851796064,9283,Outbound,Portabilidad Postpago,EXPRESS,Logixtal,9001,CERRADAS,Entregado,Entregado,NET_MROJASS,SIM,1 sept 2026,1 sept 2026,02/09/2026,Sí,CERRADAS,2026-09-02 01:17:30,Monolínea,Mono_item,Lima - Callao,34.95,Power ilim 69.90 N,Power ilim 69.90 N
Netcall,3 sept 2026,7,915581300,91558130089511710101080577999,9283,Outbound,Portabilidad Postpago,PROGRAMADO,Logixtal,9001,ABIERTAS,Pendiente Entrega,Pendiente de Picking,NET_SLAZOB,SIM,4 sept 2026,null,null,No,ABIERTAS,null,Multilínea,Mono_item,Lima - Callao,null,null,null
Netcall,2 sept 2026,12,915280717,9152807178170545575576,9283,Outbound,Portabilidad Postpago,PROGRAMADO,Logixtal,9001,ABIERTAS,Pendiente Entrega,Pendiente Entrega,NET_JSANGAMA,SIM,3 sept 2026,null,null,No,ABIERTAS,null,Monolínea,Mono_item,Lima - Callao,null,null,Power ilim 69.90 N
Netcall,2 sept 2026,12,915283599,9152835998170571119771,9283,Outbound,Portabilidad Postpago,PROGRAMADO,Logixtal,9001,ABIERTAS,Pendiente Entrega,Pendiente Entrega,TLV_NET_DCASTIA,SIM,3 sept 2026,null,null,No,ABIERTAS,null,Monolínea,Mono_item,Lima - Callao,null,null,Power ilim 69.90 N
Netcall,1 sept 2026,17,914915413,9149154138166860353677,9283,Outbound,Portabilidad Postpago,PROGRAMADO,Logixtal,9001,CANCELADAS,Anulado,PIN-PORTA NO LLEGA SMS,NET_SLAZOB,SIM,2 sept 2026,null,null,No,CANCELADAS,2026-09-02 18:17:23,Multilínea,Mono_item,Lima - Callao,null,null,Power ilim 79.90 SD N
Netcall,2 sept 2026,10,915230381,9152303818170041096548,9271,Outbound,Portabilidad Postpago,PROGRAMADO,Logixtal,9001,ABIERTAS,Pendiente Entrega,Pendiente Entrega,NET_CREYESJ,SIM,3 sept 2026,null,null,No,ABIERTAS,null,Monolínea,Mono_item,Lima - Callao,null,null,Power 59.90 N
Netcall,3 sept 2026,8,915601985,91560198589511710101080504514,9283,Outbound,Portabilidad Postpago,PROGRAMADO,Logixtal,9001,ABIERTAS,Pendiente Entrega,Pendiente de Picking,NET_SLAZOB,SIM,4 sept 2026,null,null,No,ABIERTAS,null,Multilínea,Mono_item,Lima - Callao,null,null,null
Netcall,1 sept 2026,23,915074012,9150740128168309640601,9283,Outbound,Portabilidad Postpago,PROGRAMADO,Logixtal,9001,ABIERTAS,Pendiente Entrega,Pendiente Entrega,TLV_NET_DVALOI,SIM,2 sept 2026,null,null,No,ABIERTAS,null,Monolínea,Mono_item,Lima - Callao,null,null,Power ilim 79.90 SD N
Netcall,1 sept 2026,17,914917685,9149176858166882134993,9283,Outbound,Portabilidad Postpago,PROGRAMADO,Logixtal,9001,CANCELADAS,Anulado,PIN-PORTA NO LLEGA SMS,NET_SLAZOB,SIM,2 sept 2026,null,null,No,CANCELADAS,2026-09-02 18:20:53,Multilínea,Mono_item,Lima - Callao,null,null,Power ilim 79.90 SD N
Netcall,3 sept 2026,11,915671346,915671346Empty,9283,Outbound,Portabilidad Postpago,PROGRAMADO,Logixtal,9001,ABIERTAS,Pendiente Entrega,Pendiente de Picking,NET_GFLORESS,SIM,4 sept 2026,null,null,No,ABIERTAS,null,Monolínea,Mono_item,Lima - Callao,null,null,null
Netcall,2 sept 2026,12,915281180,915281180,9283,Outbound,Portabilidad Postpago,RETIRO EN TIENDA,Retiro en tienda,2103,CERRADAS,Entregado,Entregado,NET_VOBESOS,SIM,2 sept 2026,2 sept 2026,null,No,CERRADAS,2026-09-03 00:19:43,Monolínea,Mono_item,Loreto,null,Power ilim 69.90 N,null
Netcall,2 sept 2026,11,915257714,9152577148170301076959,9283,Outbound,Portabilidad Postpago,RETIRO EN TIENDA,Retiro en tienda,2103,CANCELADAS,Cancelado,Cancelado,TLV_NET_KARANDA,SIM,2 sept 2026,null,null,No,CANCELADAS,2026-09-02 11:50:51,Multilínea,Mono_item,Loreto,null,null,Power ilim 79.90 SD N
Netcall,2 sept 2026,7,915137217,9151372178169342646628,9283,Outbound,Portabilidad Postpago,RETIRO EN TIENDA,Retiro en tienda,2103,CANCELADAS,Cancelado,Cancelado,NET_JIYASHAMAR,SIM,2 sept 2026,null,null,No,CANCELADAS,2026-09-02 22:15:40,Monolínea,Mono_item,Loreto,null,null,Power ilim 79.90 SD N
Netcall,2 sept 2026,9,915221608,9152216088169952251746,9283,Outbound,Portabilidad Postpago,RETIRO EN TIENDA,Retiro en tienda,2103,CANCELADAS,Cancelado,Cancelado,TLV_NET_KARANDA,SIM,2 sept 2026,null,null,No,CANCELADAS,2026-09-02 11:31:56,Multilínea,Mono_item,Loreto,null,null,Power ilim 79.90 SD N
Netcall,3 sept 2026,10,915644955,915644955Empty,9283,Outbound,Portabilidad Postpago,RETIRO EN TIENDA,Retiro en tienda,7379,ABIERTAS,Pendiente Entrega,Pendiente Entrega,NET_HEULOGIO,SIM,3 sept 2026,null,null,No,ABIERTAS,null,Monolínea,Mono_item,Moquegua,null,null,null
Netcall,1 sept 2026,17,914916997,9149169978166868497457,9283,Outbound,Portabilidad Postpago,RETIRO EN TIENDA,Retiro en tienda,7379,CERRADAS,Entregado,Entregado,NET_GMENDIGUETE,SIM,1 sept 2026,1 sept 2026,02/09/2026,Sí,CERRADAS,2026-09-02 02:04:36,Multilínea,Mono_item,Moquegua,39.95,Power ilim 79.90 SD N,Power ilim 79.90 SD N
Netcall,2 sept 2026,17,915355172,9153551728171318211158,9283,Outbound,Portabilidad Postpago,RETIRO EN TIENDA,Retiro en tienda,7379,CERRADAS,Entregado,Entregado,NET_SBENITOV,SIM,2 sept 2026,2 sept 2026,null,No,CERRADAS,2026-09-03 01:41:55,Multilínea,Mono_item,Moquegua,null,Power ilim 79.90 SD N,Power ilim 79.90 SD N
Netcall,2 sept 2026,14,915303437,915303437,9283,Outbound,Portabilidad Postpago,EXPRESS,Logixtal,5022,CERRADAS,Entregado,Entregado,NET_DFRANCIAH,SIM,2 sept 2026,2 sept 2026,null,No,CERRADAS,2026-09-03 00:18:26,Multilínea,Mono_item,Arequipa,null,Power ilim 79.90 SD N,null
Netcall,1 sept 2026,13,914846228,9148462288166100177746,9283,Outbound,Portabilidad Postpago,EXPRESS,Logixtal,5022,CERRADAS,Entregado,Entregado,NET_NCASTILLOF,SIM,1 sept 2026,1 sept 2026,02/09/2026,Sí,CERRADAS,2026-09-02 01:53:08,Monolínea,Mono_item,Arequipa,29.95,Power 59.90 N,Power 59.90 N
Netcall,2 sept 2026,11,915256403,9152564038170290090083,9283,Outbound,Portabilidad Postpago,EXPRESS,Logixtal,5022,CERRADAS,Entregado,Entregado,NET_KBRACOV,SIM,2 sept 2026,2 sept 2026,null,No,CERRADAS,2026-09-03 01:05:23,Monolínea,Mono_item,Arequipa,null,Power ilim 79.90 SD N,Power ilim 79.90 SD N
Netcall,1 sept 2026,12,914820339,9148203398165825742186,9283,Outbound,Portabilidad Postpago,EXPRESS,Logixtal,5022,CERRADAS,Entregado,Entregado,NET_JSANGAMA,SIM,1 sept 2026,1 sept 2026,02/09/2026,Sí,CERRADAS,2026-09-02 00:56:13,Monolínea,Mono_item,Arequipa,29.95,Power 59.90 N,Power 59.90 N
Netcall,2 sept 2026,14,915304464,9153044648170794370749,9283,Outbound,Portabilidad Postpago,EXPRESS,Logixtal,5022,CERRADAS,Entregado,Entregado,NET_DFRANCIAH,SIM,2 sept 2026,2 sept 2026,null,No,CERRADAS,2026-09-03 00:48:05,Multilínea,Mono_item,Arequipa,null,Power ilim 79.90 SD N,Power ilim 79.90 SD N
Netcall,1 sept 2026,13,914841269,9148412698166041671468,9283,Outbound,Portabilidad Postpago,PROGRAMADO,Logixtal,5021,ABIERTAS,Pendiente Entrega,Pendiente Entrega,NET_SBENITOV,SIM,4 sept 2026,null,null,No,ABIERTAS,null,Multilínea,Mono_item,Piura,null,null,Power ilim 79.90 SD N
Netcall,1 sept 2026,13,914842660,9148426608166058206075,9283,Outbound,Venta Regular / Alta,PROGRAMADO,Logixtal,5021,ABIERTAS,Pendiente Entrega,Pendiente Entrega,NET_SBENITOV,SIM,4 sept 2026,null,null,No,ABIERTAS,null,Multilínea,Mono_item,Piura,null,null,Power ilim 79.90 SD N
Netcall,2 sept 2026,13,915299754,9152997548170739287653,9283,Outbound,Portabilidad Postpago,PROGRAMADO,Logixtal,5021,ABIERTAS,Pendiente Entrega,Pendiente Entrega,NET_MGONZALESPE,SIM,4 sept 2026,null,null,No,ABIERTAS,null,Monolínea,Mono_item,Piura,null,null,Power ilim 79.90 SD N
Netcall,1 sept 2026,11,914798928,9147989288165613460309,9283,Outbound,Portabilidad Postpago,PROGRAMADO,Logixtal,9349,CERRADAS,Entregado,Entregado,NET_TMUNOZCALDE,SIM,2 sept 2026,2 sept 2026,null,No,CERRADAS,2026-09-03 01:07:29,Monolínea,Mono_item,Ucayali,null,Power 59.90 N,Power 59.90 N
Netcall,2 sept 2026,18,915374274,9153742748171524636372,9283,Outbound,Portabilidad Postpago,PROGRAMADO,Logixtal,9349,ABIERTAS,Pendiente Entrega,Pendiente Entrega,NET_KYUPANQUIC,SIM,3 sept 2026,null,null,No,ABIERTAS,null,Multilínea,Mono_item,Ucayali,null,null,Power 59.90 N
Netcall,1 sept 2026,11,914797201,9147972018165593831061,9283,Outbound,Portabilidad Postpago,PROGRAMADO,Logixtal,9349,ABIERTAS,Pendiente Entrega,Pendiente Entrega,NET_CULLOAC,SIM,2 sept 2026,null,null,No,ABIERTAS,null,Monolínea,Mono_item,Ucayali,null,null,Power 59.90 N
Netcall,2 sept 2026,15,915317786,9153177868170934438739,9283,Outbound,Portabilidad Postpago,EXPRESS,Logixtal,9349,CANCELADAS,Anulado,CLIENTE YA NO DESEA PRODUCTO,NET_KYUPANQUIC,SIM,2 sept 2026,null,null,No,CANCELADAS,2026-09-02 16:23:53,Multilínea,Mono_item,Ucayali,null,null,Power 59.90 N
Netcall,3 sept 2026,13,915710668,915710668Empty,9283,Outbound,Portabilidad Postpago,PROGRAMADO,Logixtal,9001,ABIERTAS,Pendiente Entrega,Pendiente de Picking,NET_GFLORESS,SIM,5 sept 2026,null,null,No,ABIERTAS,null,Multilínea,Mono_item,Lima - Callao,null,null,null
Netcall,3 sept 2026,14,915712803,915712803Empty,9283,Outbound,Venta Regular / Alta,PROGRAMADO,Logixtal,9001,ABIERTAS,Pendiente Entrega,Pendiente de Picking,NET_GFLORESS,SIM,5 sept 2026,null,null,No,ABIERTAS,null,Multilínea,Mono_item,Lima - Callao,null,null,null
Netcall,2 sept 2026,12,915275378,915275378,9283,Outbound,Portabilidad Postpago,EXPRESS,Logixtal,9001,CERRADAS,Entregado,Entregado,TLV_NET_BCHAVEZ,SIM,2 sept 2026,2 sept 2026,null,No,CERRADAS,2026-09-03 00:19:07,Monolínea,Mono_item,Lima - Callao,null,Power ilim 69.90 N,null
Netcall,1 sept 2026,12,914821760,9148217608165842584744,9283,Outbound,Portabilidad Postpago,EXPRESS,Logixtal,9001,CERRADAS,Entregado,Entregado,NET_CBIELICHR,SIM,1 sept 2026,1 sept 2026,02/09/2026,Sí,CERRADAS,2026-09-02 00:51:18,Monolínea,Mono_item,Lima - Callao,19.95,Power ilim 79.90 SD N,Power ilim 79.90 SD N
Netcall,2 sept 2026,18,915375939,915375939,9283,Outbound,Portabilidad Postpago,EXPRESS,Logixtal,9001,CERRADAS,Entregado,Entregado,NET_MLFERNANDEV,SIM,2 sept 2026,2 sept 2026,null,No,CERRADAS,2026-09-03 00:06:42,Monolínea,Mono_item,Lima - Callao,null,Power ilim 69.90 N,null
Netcall,3 sept 2026,10,915635128,91563512889511710111073922672,9283,Outbound,Portabilidad Postpago,EXPRESS,Logixtal,9001,ABIERTAS,Entregado,Entregado,NET_SINGAC,SIM,3 sept 2026,null,null,No,ABIERTAS,null,Multilínea,Mono_item,Lima - Callao,null,null,null
Netcall,3 sept 2026,10,915636176,91563617689511710111073922680,9283,Outbound,Portabilidad Postpago,EXPRESS,Logixtal,9001,ABIERTAS,Entregado,Entregado,NET_SINGAC,SIM,3 sept 2026,null,null,No,ABIERTAS,null,Multilínea,Mono_item,Lima - Callao,null,null,null
Netcall,2 sept 2026,12,915274528,9152745288170468497778,9283,Outbound,Portabilidad Postpago,PROGRAMADO,Logixtal,9342,ABIERTAS,Pendiente Entrega,Pendiente Entrega,NET_JVELASQUEZS,SIM,3 sept 2026,null,null,No,ABIERTAS,null,Monolínea,Mono_item,Lima - Callao,null,null,Power ilim 69.90 N
Netcall,2 sept 2026,7,915171460,9151714608169582221756,9283,Outbound,Venta Regular / Alta,PROGRAMADO,Logixtal,9342,ABIERTAS,Pendiente Entrega,Pendiente Entrega,NET_JIYASHAMAR,SIM,3 sept 2026,null,null,No,ABIERTAS,null,Monolínea,Mono_item,Lima - Callao,null,null,Power 39.90 N
Netcall,1 sept 2026,10,914795312,9147953128165572319568,9283,Outbound,Portabilidad Postpago,PROGRAMADO,Logixtal,9342,ABIERTAS,Pendiente Entrega,Pendiente Entrega,NET_VCHIRIA,SIM,2 sept 2026,null,null,No,ABIERTAS,null,Monolínea,Mono_item,Lima - Callao,null,null,Power 59.90 N
Netcall,3 sept 2026,13,915706356,91570635689511710101029976286,9283,Outbound,Portabilidad Postpago,PROGRAMADO,Logixtal,9342,ABIERTAS,Pendiente Entrega,Pendiente de Picking,NET_ABARRERAY,SIM,4 sept 2026,null,null,No,ABIERTAS,null,Multilínea,Mono_item,Lima - Callao,null,null,null
Netcall,3 sept 2026,13,915702329,91570232989511710101029976294,9283,Outbound,Portabilidad Postpago,PROGRAMADO,Logixtal,9342,ABIERTAS,Pendiente Entrega,Pendiente de Picking,NET_ABARRERAY,SIM,4 sept 2026,null,null,No,ABIERTAS,null,Multilínea,Mono_item,Lima - Callao,null,null,null
Netcall,2 sept 2026,9,915218331,9152183318169921007508,9283,Outbound,Portabilidad Postpago,PROGRAMADO,Logixtal,9342,ABIERTAS,Pendiente Entrega,Pendiente Entrega,NET_TMUNOZCALDE,SIM,3 sept 2026,null,null,No,ABIERTAS,null,Monolínea,Mono_item,Lima - Callao,null,null,Power 59.90 N
Netcall,2 sept 2026,14,915307935,9153079358170827923459,9283,Outbound,Portabilidad Postpago,PROGRAMADO,Logixtal,9342,ABIERTAS,Pendiente Entrega,Pendiente Entrega,TLV_NET_MFARFAN,SIM,3 sept 2026,null,null,No,ABIERTAS,null,Monolínea,Mono_item,Lima - Callao,null,null,Power 59.90 N
Netcall,1 sept 2026,11,914806956,9148069568165692303864,9283,Outbound,Portabilidad Postpago,PROGRAMADO,Logixtal,9342,ABIERTAS,Pendiente Entrega,Pendiente Entrega,NET_EZAPATAC,SIM,2 sept 2026,null,null,No,ABIERTAS,null,Monolínea,Mono_item,Lima - Callao,null,null,Power ilim 69.90 N
Netcall,3 sept 2026,13,915702329,91570232989511710101029976302,9283,Outbound,Portabilidad Postpago,PROGRAMADO,Logixtal,9342,ABIERTAS,Pendiente Entrega,Pendiente de Picking,NET_ABARRERAY,SIM,4 sept 2026,null,null,No,ABIERTAS,null,Multilínea,Mono_item,Lima - Callao,null,null,null
Netcall,2 sept 2026,15,915324205,9153242058170998896109,9283,Outbound,Portabilidad Postpago,PROGRAMADO,Logixtal,9342,ABIERTAS,Pendiente Entrega,Pendiente Entrega,TLV_NET_JPENAM,SIM,3 sept 2026,null,null,No,ABIERTAS,null,Monolínea,Mono_item,Lima - Callao,null,null,Power 59.90 N
Netcall,2 sept 2026,11,915255665,9152556658170284401592,9283,Outbound,Portabilidad Postpago,PROGRAMADO,Logixtal,9342,ABIERTAS,Pendiente Entrega,Pendiente Entrega,NET_ELAURAQ,SIM,3 sept 2026,null,null,No,ABIERTAS,null,Monolínea,Mono_item,Lima - Callao,null,null,Power ilim 69.90 N
Netcall,2 sept 2026,20,915406008,9154060088171837548814,9283,Outbound,Venta Regular / Alta,PROGRAMADO,Logixtal,9001,ABIERTAS,Pendiente Entrega,Pendiente Entrega,NET_JMENDOZAN,SIM,3 sept 2026,null,null,No,ABIERTAS,null,Multilínea,Mono_item,Lima - Callao,null,null,Power ilim 69.90 N
Netcall,3 sept 2026,13,915707731,915707731Empty,9283,Outbound,Portabilidad Postpago,PROGRAMADO,Logixtal,9001,ABIERTAS,Pendiente Entrega,Pendiente de Picking,NET_PSANCHEZE,SIM,4 sept 2026,null,null,No,ABIERTAS,null,Monolínea,Mono_item,Lima - Callao,null,null,null
Netcall,3 sept 2026,10,915635784,91563578489511710101080504852,9283,Outbound,Portabilidad Postpago,PROGRAMADO,Logixtal,9001,ABIERTAS,Pendiente Entrega,Pendiente de Picking,NET_ELAURAQ,SIM,4 sept 2026,null,null,No,ABIERTAS,null,Multilínea,Mono_item,Lima - Callao,null,null,null
Netcall,3 sept 2026,13,915702232,915702232Empty,9271,Outbound,Portabilidad Postpago,PROGRAMADO,Logixtal,9001,ABIERTAS,Pendiente Entrega,Pendiente de Picking,NET_FCASTILLOG,SIM,4 sept 2026,null,null,No,ABIERTAS,null,Monolínea,Mono_item,Lima - Callao,null,null,null
Netcall,1 sept 2026,0,914592365,9145923658163467879655,9283,Outbound,Portabilidad Postpago,PROGRAMADO,Logixtal,9001,ABIERTAS,Pendiente Entrega,Pendiente Entrega,NET_MMREVILLA,SIM,2 sept 2026,null,null,No,ABIERTAS,null,Monolínea,Mono_item,Lima - Callao,null,null,Power ilim 79.90 SD N
Netcall,2 sept 2026,14,915309216,9153092168170837895839,9283,Outbound,Portabilidad Postpago,PROGRAMADO,Logixtal,9001,ABIERTAS,Pendiente Entrega,Pendiente Entrega,TLV_NET_ECODARL,SIM,3 sept 2026,null,null,No,ABIERTAS,null,Multilínea,Multi_item,Lima - Callao,null,null,Power ilim 79.90 SD N
Netcall,2 sept 2026,19,915392698,9153926988171703509352,9283,Outbound,Portabilidad Postpago,PROGRAMADO,Logixtal,9001,ABIERTAS,No bop,No bop,NET_GDELGADO,SIM,4 sept 2026,null,null,No,ABIERTAS,null,Monolínea,Mono_item,Lima - Callao,null,null,Power ilim 69.90 N
Netcall,2 sept 2026,12,915275556,9152755568170489475845,9283,Outbound,Portabilidad Postpago,PROGRAMADO,Logixtal,9001,ABIERTAS,Pendiente Entrega,Pendiente Entrega,NET_MQUISPEH,SIM,3 sept 2026,null,null,No,ABIERTAS,null,Monolínea,Mono_item,Lima - Callao,null,null,Power ilim 69.90 N
Netcall,2 sept 2026,10,915241396,9152413968170149323654,9283,Outbound,Portabilidad Postpago,PROGRAMADO,Logixtal,9001,ABIERTAS,Pendiente Entrega,Pendiente Entrega,NET_MRIOSA,SIM,3 sept 2026,null,null,No,ABIERTAS,null,Monolínea,Mono_item,Lima - Callao,null,null,Power 59.90 N
Netcall,2 sept 2026,14,915309216,9153092168170843379058,9283,Outbound,Portabilidad Postpago,PROGRAMADO,Logixtal,9001,ABIERTAS,Pendiente Entrega,Pendiente Entrega,TLV_NET_ECODARL,SIM,3 sept 2026,null,null,No,ABIERTAS,null,Multilínea,Multi_item,Lima - Callao,null,null,Power ilim 79.90 SD N
Netcall,3 sept 2026,10,915635258,91563525889511710101080504860,9283,Outbound,Venta Regular / Alta,PROGRAMADO,Logixtal,9001,ABIERTAS,Pendiente Entrega,Pendiente de Picking,TLV_NET_MFARFAN,SIM,4 sept 2026,null,null,No,ABIERTAS,null,Monolínea,Mono_item,Lima - Callao,null,null,null
Netcall,3 sept 2026,10,915641966,915641966Empty,9283,Outbound,Portabilidad Postpago,PROGRAMADO,Logixtal,9001,ABIERTAS,Pendiente Entrega,Pendiente de Picking,NET_ACORDOVAS,SIM,4 sept 2026,null,null,No,ABIERTAS,null,Monolínea,Mono_item,Lima - Callao,null,null,null
Netcall,2 sept 2026,19,915396893,9153968938171745475629,9283,Outbound,Portabilidad Postpago,PROGRAMADO,Logixtal,9001,ABIERTAS,Pendiente Entrega,Pendiente Entrega,NET_MORIHUELAQ,SIM,3 sept 2026,null,null,No,ABIERTAS,null,Monolínea,Mono_item,Lima - Callao,null,null,Power ilim 69.90 N
Netcall,2 sept 2026,17,915367450,9153674508171451409213,9271,Outbound,Venta Regular / Alta,PROGRAMADO,Logixtal,9001,ABIERTAS,Pendiente Entrega,Pendiente Entrega,NET_KANGELESS,SIM,3 sept 2026,null,null,No,ABIERTAS,null,Monolínea,Mono_item,Lima - Callao,null,null,Power 59.90 N
Netcall,1 sept 2026,16,914891323,9148913238166587806498,9283,Outbound,Portabilidad Postpago,PROGRAMADO,Logixtal,9001,ABIERTAS,Pendiente Entrega,Pendiente Entrega,NET_BAPAZAB,SIM,2 sept 2026,null,null,No,ABIERTAS,null,Monolínea,Mono_item,Lima - Callao,null,null,Power ilim 69.90 N
Netcall,3 sept 2026,10,915637368,915637368Empty,9283,Outbound,Portabilidad Postpago,PROGRAMADO,Logixtal,9001,ABIERTAS,Pendiente Entrega,Pendiente de Picking,NET_ELAURAQ,SIM,4 sept 2026,null,null,No,ABIERTAS,null,Multilínea,Mono_item,Lima - Callao,null,null,null
Netcall,3 sept 2026,14,915716749,915716749Empty,9271,Outbound,Portabilidad Postpago,PROGRAMADO,Logixtal,9001,ABIERTAS,Pendiente Entrega,Pendiente de Picking,NET_SANTONM,SIM,4 sept 2026,null,null,No,ABIERTAS,null,Monolínea,Mono_item,Lima - Callao,null,null,null
Netcall,3 sept 2026,9,915625420,91562542089511710101080504647,9283,Outbound,Portabilidad Postpago,PROGRAMADO,Logixtal,9001,ABIERTAS,Pendiente Entrega,Pendiente de Picking,TLV_NET_CZEGARR,SIM,5 sept 2026,null,null,No,ABIERTAS,null,Multilínea,Mono_item,Lima - Callao,null,null,null
Netcall,3 sept 2026,0,915508358,91550835889511710101080577981,9283,Outbound,Portabilidad Postpago,PROGRAMADO,Logixtal,9001,ABIERTAS,No bop,No bop,NET_GHERRERAG,SIM,4 sept 2026,null,null,No,ABIERTAS,null,Monolínea,Mono_item,Lima - Callao,null,null,null
Netcall,2 sept 2026,15,915319266,9153192668170947927723,9283,Outbound,Portabilidad Postpago,EXPRESS,Logixtal,9001,ABIERTAS,Pendiente Entrega,Pendiente Entrega,NET_TANCHANTEG,SIM,2 sept 2026,null,null,No,ABIERTAS,null,Monolínea,Mono_item,Lima - Callao,null,null,Power ilim 79.90 SD N
Netcall,2 sept 2026,9,915224897,9152248978169986500024,9283,Outbound,Portabilidad Postpago,EXPRESS,Logixtal,9001,CERRADAS,Entregado,Entregado,NET_MORIHUELAQ,SIM,2 sept 2026,2 sept 2026,null,No,CERRADAS,2026-09-03 01:56:01,Monolínea,Mono_item,Lima - Callao,null,Power ilim 79.90 SD N,Power ilim 79.90 SD N
Netcall,1 sept 2026,21,914983595,9149835958167684849225,9283,Outbound,Portabilidad Postpago,PROGRAMADO,Logixtal,9001,CANCELADAS,Anulado,CLIENTE DESISTE - INFORMACIÓN INCORRECTA,NET_MFERRER,SIM,2 sept 2026,null,null,No,CANCELADAS,2026-09-02 12:09:48,Monolínea,Mono_item,Lima - Callao,null,null,Power ilim 79.90 SD N
Netcall,3 sept 2026,14,915719721,915719721Empty,9283,Outbound,Portabilidad Postpago,PROGRAMADO,Logixtal,9001,ABIERTAS,Pendiente Entrega,Pendiente de Picking,NET_RTORRESB,SIM,4 sept 2026,null,null,No,ABIERTAS,null,Multilínea,Mono_item,Lima - Callao,null,null,null
Netcall,3 sept 2026,11,915668436,91566843689511710111071540682,9283,Outbound,Portabilidad Postpago,EXPRESS,Logixtal,9001,ABIERTAS,Pendiente Entrega,Pendiente de Picking,NET_ATRIVINOS,SIM,3 sept 2026,null,null,No,ABIERTAS,null,Multilínea,Mono_item,Lima - Callao,null,null,null
Netcall,1 sept 2026,16,914887759,9148877598166555331901,9283,Outbound,Venta Regular / Alta,EXPRESS,Logixtal,9001,CERRADAS,Entregado,Entregado,NET_PFLOREST,SIM,1 sept 2026,1 sept 2026,01/09/2026,Sí,CERRADAS,2026-09-01 22:01:51,Monolínea,Mono_item,Lima - Callao,39.9,Power 39.90 N,Power 39.90 N
Netcall,2 sept 2026,16,915333773,9153337738171093844436,9283,Outbound,Portabilidad Postpago,EXPRESS,Logixtal,9001,CERRADAS,Entregado,Entregado,NET_JVELASQUEZS,SIM,2 sept 2026,2 sept 2026,null,No,CERRADAS,2026-09-03 01:30:39,Monolínea,Mono_item,Lima - Callao,null,Power 59.90 N,Power 59.90 N
Netcall,1 sept 2026,14,914858155,9148581558166232092460,9283,Outbound,Portabilidad Postpago,EXPRESS,Logixtal,9001,CERRADAS,Entregado,Entregado,NET_ARIVERA,SIM,1 sept 2026,1 sept 2026,02/09/2026,Sí,CERRADAS,2026-09-02 00:25:32,Multilínea,Mono_item,Lima - Callao,39.95,Power ilim 79.90 SD N,Power ilim 79.90 SD N
Netcall,1 sept 2026,17,914919820,9149198208166905036964,9283,Outbound,Portabilidad Postpago,EXPRESS,Logixtal,9001,CERRADAS,Entregado,Entregado,NET_MZEVALLOSMA,SIM,1 sept 2026,1 sept 2026,02/09/2026,Sí,CERRADAS,2026-09-02 00:37:21,Monolínea,Mono_item,Lima - Callao,29.95,Power 59.90 N,Power 59.90 N
Netcall,1 sept 2026,10,914788987,9147889878165512305124,9283,Outbound,Portabilidad Postpago,EXPRESS,Logixtal,9001,CERRADAS,Entregado,Entregado,NET_YRUEDAMONDR,SIM,1 sept 2026,1 sept 2026,02/09/2026,Sí,CERRADAS,2026-09-02 01:41:44,Monolínea,Mono_item,Lima - Callao,39.95,Power ilim 79.90 SD N,Power ilim 79.90 SD N
Netcall,3 sept 2026,9,915631031,91563103189511710101029955371,9283,Outbound,Portabilidad Postpago,EXPRESS,Logixtal,9001,ABIERTAS,Pendiente Entrega,Pendiente de Picking,NET_MGUZMANP,SIM,3 sept 2026,null,null,No,ABIERTAS,null,Monolínea,Mono_item,Lima - Callao,null,null,null
Netcall,3 sept 2026,14,915720454,915720454Empty,9283,Outbound,Portabilidad Postpago,PROGRAMADO,Logixtal,9001,ABIERTAS,Pendiente Entrega,Pendiente de Picking,NET_RTORRESB,SIM,4 sept 2026,null,null,No,ABIERTAS,null,Multilínea,Mono_item,Lima - Callao,null,null,null
Netcall,2 sept 2026,13,915298472,9152984728170730526963,9289,Outbound,Portabilidad Postpago,EXPRESS,Logixtal,9001,CERRADAS,Entregado,Entregado,TLV_NET_MLANDAR,SIM,2 sept 2026,2 sept 2026,null,No,CERRADAS,2026-09-03 01:20:01,Monolínea,Mono_item,Lima - Callao,null,Power ilim 69.90 N,Power ilim 69.90 N
Netcall,2 sept 2026,11,915252484,9152524848170246855670,9283,Outbound,Portabilidad Postpago,EXPRESS,Logixtal,9001,ABIERTAS,Pendiente Entrega,Pendiente Entrega,NET_CMUNOZC,SIM,2 sept 2026,null,null,No,ABIERTAS,null,Multilínea,Mono_item,Lima - Callao,null,null,Power ilim 79.90 SD N
Netcall,3 sept 2026,9,915626830,91562683089511710101030123415,9283,Outbound,Portabilidad Postpago,EXPRESS,Logixtal,9001,ABIERTAS,Entregado,Entregado,NET_JVASQUEZMEN,SIM,3 sept 2026,null,null,No,ABIERTAS,null,Multilínea,Mono_item,Lima - Callao,null,null,null
Netcall,2 sept 2026,17,915355310,9153553108171322538524,9283,Outbound,Portabilidad Postpago,EXPRESS,Logixtal,9001,CERRADAS,Entregado,Entregado,TLV_NET_JSOTOZ,SIM,2 sept 2026,2 sept 2026,null,No,CERRADAS,2026-09-03 01:46:29,Multilínea,Mono_item,Lima - Callao,null,Power ilim 79.90 SD N,Power ilim 79.90 SD N
Netcall,2 sept 2026,17,915353728,9153537288171306216902,9283,Outbound,Venta Regular / Alta,EXPRESS,Logixtal,9001,CERRADAS,Entregado,Entregado,TLV_NET_JSOTOZ,SIM,2 sept 2026,2 sept 2026,02/09/2026,Sí,CERRADAS,2026-09-02 20:35:32,Multilínea,Mono_item,Lima - Callao,39.95,Power ilim 79.90 SD N,Power ilim 79.90 SD N
Netcall,2 sept 2026,17,915361806,9153618068171391644768,9283,Outbound,Portabilidad Postpago,EXPRESS,Logixtal,9001,ABIERTAS,Pendiente Entrega,Pendiente Entrega,NET_MORIHUELAQ,SIM,2 sept 2026,null,null,No,ABIERTAS,null,Monolínea,Mono_item,Lima - Callao,null,null,Power 59.90 N
Netcall,2 sept 2026,12,915275771,915275771,9283,Outbound,Portabilidad Postpago,EXPRESS,Logixtal,9001,CERRADAS,Entregado,Entregado,NET_MFERRER,SIM,2 sept 2026,2 sept 2026,null,No,CERRADAS,2026-09-03 00:37:18,Monolínea,Mono_item,Lima - Callao,null,Power ilim 69.90 N,null
Netcall,3 sept 2026,11,915662440,91566244089511710111071540708,9283,Outbound,Portabilidad Postpago,EXPRESS,Logixtal,9001,ABIERTAS,Entregado,Entregado,TLV_NET_APINTAD,SIM,3 sept 2026,null,null,No,ABIERTAS,null,Monolínea,Mono_item,Lima - Callao,null,null,null
Netcall,1 sept 2026,14,914857357,9148573578166218374538,9283,Outbound,Portabilidad Postpago,EXPRESS,Logixtal,9001,CERRADAS,Entregado,Entregado,NET_ARIVERA,SIM,1 sept 2026,1 sept 2026,02/09/2026,Sí,CERRADAS,2026-09-02 01:47:38,Multilínea,Mono_item,Lima - Callao,19.95,Power ilim 79.90 SD N,Power ilim 79.90 SD N
Netcall,3 sept 2026,11,915669920,91566992089511710101029988778,9271,Outbound,Portabilidad Postpago,EXPRESS,Logixtal,9001,ABIERTAS,Pendiente Entrega,Pendiente de Picking,NET_SANTONM,SIM,3 sept 2026,null,null,No,ABIERTAS,null,Monolínea,Mono_item,Lima - Callao,null,null,null
Netcall,3 sept 2026,12,915632740,91563274089511710101030123209,9271,Outbound,Portabilidad Postpago,EXPRESS,Logixtal,9001,ABIERTAS,Entregado,Entregado,NET_SCOVENASC,SIM,3 sept 2026,null,null,No,ABIERTAS,null,Monolínea,Mono_item,Lima - Callao,null,null,null
Netcall,3 sept 2026,11,915666983,91566698389511710111071540690,9283,Outbound,Portabilidad Postpago,EXPRESS,Logixtal,9001,ABIERTAS,Pendiente Entrega,Pendiente de Picking,NET_ATRIVINOS,SIM,3 sept 2026,null,null,No,ABIERTAS,null,Multilínea,Mono_item,Lima - Callao,null,null,null
Netcall,3 sept 2026,9,915627908,91562790889511710101030123225,9283,Outbound,Portabilidad Postpago,EXPRESS,Logixtal,9001,ABIERTAS,Entregado,Entregado,NET_JVASQUEZMEN,SIM,3 sept 2026,null,null,No,ABIERTAS,null,Multilínea,Mono_item,Lima - Callao,null,null,null
Netcall,3 sept 2026,11,915669668,915669668Empty,9283,Outbound,Portabilidad Postpago,PROGRAMADO,Logixtal,9001,ABIERTAS,Pendiente Entrega,Pendiente de Picking,NET_BCUSQUISIVA,SIM,5 sept 2026,null,null,No,ABIERTAS,null,Multilínea,Mono_item,Lima - Callao,null,null,null
Netcall,1 sept 2026,15,914874109,9148741098166400064655,9283,Outbound,Portabilidad Postpago,EXPRESS,Logixtal,9001,CERRADAS,Entregado,Entregado,NET_MCVASQUEZ,SIM,1 sept 2026,1 sept 2026,02/09/2026,Sí,CERRADAS,2026-09-02 00:19:05,Monolínea,Mono_item,Lima - Callao,29.95,Power 59.90 N,Power 59.90 N
Netcall,1 sept 2026,12,914834753,9148347538165971723376,9283,Outbound,Portabilidad Postpago,EXPRESS,Logixtal,9001,CERRADAS,Entregado,Entregado,NET_JSANGAMA,SIM,1 sept 2026,1 sept 2026,02/09/2026,Sí,CERRADAS,2026-09-02 01:10:17,Monolínea,Mono_item,Lima - Callao,29.95,Power 59.90 N,Power 59.90 N
Netcall,3 sept 2026,9,915624659,91562465989511710101080504654,9283,Outbound,Portabilidad Postpago,PROGRAMADO,Logixtal,9001,ABIERTAS,Pendiente Entrega,Pendiente de Picking,TLV_NET_CZEGARR,SIM,5 sept 2026,null,null,No,ABIERTAS,null,Multilínea,Mono_item,Lima - Callao,null,null,null
Netcall,2 sept 2026,12,915278568,9152785688170518692558,9283,Outbound,Portabilidad Postpago,EXPRESS,Logixtal,9001,ABIERTAS,Pendiente Entrega,Pendiente Entrega,NET_CMUNOZC,SIM,2 sept 2026,null,null,No,ABIERTAS,null,Multilínea,Mono_item,Lima - Callao,null,null,Power ilim 79.90 SD N
Netcall,1 sept 2026,11,914669657,9146696578165782176122,9283,Outbound,Portabilidad Postpago,EXPRESS,Logixtal,9001,CERRADAS,Entregado,Entregado,NET_KROJASNAUPA,SIM,1 sept 2026,1 sept 2026,02/09/2026,Sí,CERRADAS,2026-09-02 01:18:28,Monolínea,Mono_item,Lima - Callao,29.95,Power 59.90 N,Power 59.90 N
Netcall,2 sept 2026,12,915270825,915270825,9283,Outbound,Portabilidad Postpago,EXPRESS,Logixtal,9001,CERRADAS,Entregado,Entregado,NET_SINGAC,SIM,2 sept 2026,2 sept 2026,null,No,CERRADAS,2026-09-03 00:28:31,Monolínea,Mono_item,Lima - Callao,null,Power ilim 69.90 N,null
Netcall,3 sept 2026,11,915671700,915671700Empty,9283,Outbound,Portabilidad Postpago,PROGRAMADO,Logixtal,9001,ABIERTAS,Pendiente Entrega,Pendiente de Picking,NET_BCUSQUISIVA,SIM,5 sept 2026,null,null,No,ABIERTAS,null,Multilínea,Mono_item,Lima - Callao,null,null,null
Netcall,1 sept 2026,14,914856643,9148566438166215006517,9283,Outbound,Portabilidad Postpago,EXPRESS,Logixtal,9001,CERRADAS,Entregado,Entregado,NET_ARIVERA,SIM,1 sept 2026,1 sept 2026,02/09/2026,Sí,CERRADAS,2026-09-02 01:41:45,Multilínea,Mono_item,Lima - Callao,19.95,Power ilim 79.90 SD N,Power ilim 79.90 SD N
Netcall,1 sept 2026,12,914830950,9148309508165935364040,9283,Outbound,Portabilidad Postpago,PROGRAMADO,Logixtal,9350,ABIERTAS,Pendiente Entrega,Pendiente Entrega,NET_INAVARROI,SIM,5 sept 2026,null,null,No,ABIERTAS,null,Monolínea,Mono_item,Cajamarca,null,null,Power 59.90 N
Netcall,2 sept 2026,14,915302032,9153020328170763696948,9283,Outbound,Portabilidad Postpago,EXPRESS,Logixtal,9350,CERRADAS,Entregado,Entregado,NET_ATORRESP,SIM,2 sept 2026,2 sept 2026,null,No,CERRADAS,2026-09-03 00:59:06,Monolínea,Mono_item,Cajamarca,null,Power 59.90 N,Power 59.90 N
Netcall,2 sept 2026,19,915403187,9154031878171803733192,9283,Outbound,Portabilidad Postpago,RETIRO EN TIENDA,Retiro en tienda,7103,CERRADAS,Entregado,Entregado,TLV_NET_BCHAVEZ,SIM,2 sept 2026,2 sept 2026,null,No,CERRADAS,2026-09-03 02:27:53,Monolínea,Mono_item,Loreto,null,Power ilim 69.90 N,Power ilim 69.90 N
Netcall,3 sept 2026,12,915682713,915682713Empty,9271,Outbound,Portabilidad Postpago,RETIRO EN TIENDA,Retiro en tienda,7103,ABIERTAS,Pendiente Entrega,Pendiente Entrega,NET_ACUEVAC,SIM,3 sept 2026,null,null,No,ABIERTAS,null,Monolínea,Mono_item,Loreto,null,null,null
Netcall,2 sept 2026,17,915363710,9153637108171414602310,9283,Outbound,Portabilidad Postpago,RETIRO EN TIENDA,Retiro en tienda,7103,ABIERTAS,Pendiente Entrega,Pendiente Entrega,NET_MHUAPAYAQ,SIM,2 sept 2026,null,null,No,ABIERTAS,null,Monolínea,Mono_item,Loreto,null,null,Power ilim 69.90 N
Netcall,2 sept 2026,11,915263009,9152630098170354431022,9283,Outbound,Portabilidad Postpago,RETIRO EN TIENDA,Retiro en tienda,7103,CERRADAS,Entregado,Entregado,NET_MROLDANM,SIM,2 sept 2026,2 sept 2026,null,No,CERRADAS,2026-09-03 01:18:58,Monolínea,Mono_item,Loreto,null,Power ilim 69.90 N,Power ilim 69.90 N
Netcall,1 sept 2026,14,914854376,9148543768166182820376,9283,Outbound,Portabilidad Postpago,EXPRESS,Logixtal,9001,CERRADAS,Entregado,Entregado,NET_YMILLA,SIM,1 sept 2026,1 sept 2026,02/09/2026,Sí,CERRADAS,2026-09-02 03:19:15,Multilínea,Mono_item,Lima - Callao,19.95,Power ilim 79.90 SD N,Power ilim 79.90 SD N
Netcall,1 sept 2026,14,914855144,9148551448166192936767,9283,Outbound,Portabilidad Prepago,EXPRESS,Logixtal,9001,CERRADAS,Entregado,Entregado,NET_YMILLA,SIM,1 sept 2026,1 sept 2026,02/09/2026,Sí,CERRADAS,2026-09-02 00:25:15,Multilínea,Mono_item,Lima - Callao,39.95,Power ilim 79.90 SD N,Power ilim 79.90 SD N
Netcall,1 sept 2026,14,914858219,9148582198166232017897,9283,Outbound,Venta Regular / Alta,EXPRESS,Logixtal,9001,CANCELADAS,Anulado,CLIENTE YA NO DESEA PRODUCTO,NET_YMILLA,SIM,1 sept 2026,null,null,No,CANCELADAS,2026-09-01 19:31:19,Multilínea,Mono_item,Lima - Callao,null,null,Power ilim 79.90 SD N
Netcall,3 sept 2026,13,915694010,91569401089511710101030125600,9283,Outbound,Portabilidad Postpago,EXPRESS,Logixtal,9001,ABIERTAS,Entregado,Entregado,NET_ATUMEH,SIM,3 sept 2026,null,null,No,ABIERTAS,null,Monolínea,Mono_item,Lima - Callao,null,null,null
Netcall,3 sept 2026,14,915725769,915725769Empty,9283,Outbound,Portabilidad Postpago,EXPRESS,Logixtal,9001,ABIERTAS,Pendiente Entrega,Pendiente de Picking,NET_EVALDIVIEZO,SIM,3 sept 2026,null,null,No,ABIERTAS,null,Monolínea,Mono_item,Lima - Callao,null,null,null
Netcall,1 sept 2026,14,914856456,9148564568166212040919,9283,Outbound,Portabilidad Postpago,EXPRESS,Logixtal,9001,CANCELADAS,Anulado,CLIENTE YA NO DESEA PRODUCTO,NET_YMILLA,SIM,1 sept 2026,null,null,No,CANCELADAS,2026-09-01 19:31:20,Multilínea,Mono_item,Lima - Callao,null,null,Power ilim 79.90 SD N
Netcall,3 sept 2026,10,915649506,91564950689511710101029992440,9283,Outbound,Portabilidad Postpago,EXPRESS,Logixtal,9001,ABIERTAS,Entregado,Entregado,NET_YCHAVEZ,SIM,3 sept 2026,null,null,No,ABIERTAS,null,Monolínea,Mono_item,Lima - Callao,null,null,null
Netcall,3 sept 2026,10,915634311,91563431189511710111071513150,9283,Outbound,Portabilidad Postpago,EXPRESS,Logixtal,9001,ABIERTAS,Entregado,Entregado,NET_CALCAB,SIM,3 sept 2026,null,null,No,ABIERTAS,null,Monolínea,Mono_item,Lima - Callao,null,null,null
Netcall,3 sept 2026,13,915707305,915707305Empty,9271,Outbound,Portabilidad Postpago,RETIRO EN TIENDA,Retiro en tienda,7105,ABIERTAS,Pendiente Entrega,Pendiente Entrega,NET_RCEVERINOL,SIM,3 sept 2026,null,null,No,ABIERTAS,null,Monolínea,Mono_item,Lima - Callao,null,null,null
Netcall,3 sept 2026,12,915677839,915677839Empty,9283,Outbound,Portabilidad Postpago,RETIRO EN TIENDA,Retiro en tienda,7171,ABIERTAS,Pendiente Entrega,Pendiente Entrega,NET_MMREVILLA,SIM,3 sept 2026,null,null,No,ABIERTAS,null,Monolínea,Mono_item,Lima - Callao,null,null,null
Netcall,2 sept 2026,17,915361042,9153610428171386478311,9283,Outbound,Portabilidad Postpago,RETIRO EN TIENDA,Retiro en tienda,3032,ABIERTAS,Pendiente Entrega,Pendiente Entrega,NET_AARANAS,SIM,2 sept 2026,null,null,No,ABIERTAS,null,Multilínea,Mono_item,Lima - Callao,null,null,Power ilim 79.90 SD N
Netcall,3 sept 2026,12,915689026,915689026Empty,9283,Outbound,Portabilidad Postpago,RETIRO EN TIENDA,Retiro en tienda,7199,ABIERTAS,Pendiente Entrega,Pendiente Entrega,NET_VCHIRIA,SIM,3 sept 2026,null,null,No,ABIERTAS,null,Monolínea,Mono_item,Lima - Callao,null,null,null
Netcall,3 sept 2026,9,915627528,915627528Empty,9271,Outbound,Venta Regular / Alta,RETIRO EN TIENDA,Retiro en tienda,3168,ABIERTAS,Pendiente Entrega,Pendiente Entrega,NET_KANGELESS,SIM,3 sept 2026,null,null,No,ABIERTAS,null,Multilínea,Mono_item,Lima - Callao,null,null,null
Netcall,3 sept 2026,9,915626940,915626940Empty,9271,Outbound,Venta Regular / Alta,RETIRO EN TIENDA,Retiro en tienda,3168,ABIERTAS,Pendiente Entrega,Pendiente Entrega,NET_KANGELESS,SIM,3 sept 2026,null,null,No,ABIERTAS,null,Multilínea,Mono_item,Lima - Callao,null,null,null
Netcall,3 sept 2026,10,915638721,91563872189511710111071037796,9283,Outbound,Portabilidad Postpago,EXPRESS,Logixtal,9001,ABIERTAS,Entregado,Entregado,NET_LALARCONP,SIM,3 sept 2026,null,null,No,ABIERTAS,null,Monolínea,Mono_item,Lima - Callao,null,null,null
Netcall,1 sept 2026,15,914868260,9148682608166346183056,9283,Outbound,Portabilidad Postpago,EXPRESS,Logixtal,9001,CANCELADAS,Anulado,CLIENTE YA NO DESEA PRODUCTO,NET_MFERRER,SIM,1 sept 2026,null,null,No,CANCELADAS,2026-09-01 15:50:38,Multilínea,Mono_item,Lima - Callao,null,null,Power ilim 79.90 SD N
Netcall,3 sept 2026,9,915628562,915628562Empty,9271,Outbound,Venta Regular / Alta,RETIRO EN TIENDA,Retiro en tienda,3168,ABIERTAS,Pendiente Entrega,Pendiente Entrega,NET_KANGELESS,SIM,3 sept 2026,null,null,No,ABIERTAS,null,Multilínea,Mono_item,Lima - Callao,null,null,null
Netcall,3 sept 2026,9,915624592,91562459289511710101029354005,9283,Outbound,Portabilidad Postpago,EXPRESS,Logixtal,9001,ABIERTAS,Entregado,Entregado,NET_CCAVEROA,SIM,3 sept 2026,null,null,No,ABIERTAS,null,Multilínea,Mono_item,Lima - Callao,null,null,null
Netcall,2 sept 2026,10,915238078,915238078,9283,Outbound,Portabilidad Postpago,EXPRESS,Logixtal,9001,CERRADAS,Entregado,Entregado,NET_VMEJIAC,SIM,2 sept 2026,2 sept 2026,null,No,CERRADAS,2026-09-03 00:13:21,Monolínea,Mono_item,Lima - Callao,null,Power 59.90 N,null
Netcall,2 sept 2026,12,915267955,9152679558170405796284,9283,Outbound,Portabilidad Postpago,RETIRO EN TIENDA,Retiro en tienda,6036,ABIERTAS,Pendiente Entrega,Pendiente Entrega,NET_YCORNEJOA,SIM,2 sept 2026,null,null,No,ABIERTAS,null,Multilínea,Mono_item,Lima - Callao,null,null,Power ilim 79.90 SD N
Netcall,1 sept 2026,13,914841986,9148419868166050673266,9271,Outbound,Portabilidad Postpago,EXPRESS,Logixtal,9001,CERRADAS,Entregado,Entregado,NET_JCHUQUILINL,SIM,1 sept 2026,1 sept 2026,02/09/2026,Sí,CERRADAS,2026-09-02 00:15:12,Monolínea,Mono_item,Lima - Callao,29.95,Power 59.90 N,Power 59.90 N
Netcall,2 sept 2026,11,915245512,9152455128170182327309,9283,Outbound,Portabilidad Postpago,EXPRESS,Logixtal,9001,CANCELADAS,Entregado,Entregado,TLV_NET_DCASTIA,SIM,2 sept 2026,2 sept 2026,null,No,CANCELADAS,2026-09-02 22:00:27,Monolínea,Mono_item,Lima - Callao,null,null,Power ilim 79.90 SD N
Netcall,2 sept 2026,13,915289469,9152894698170631473407,9283,Outbound,Portabilidad Postpago,RETIRO EN TIENDA,Retiro en tienda,5055,CERRADAS,Entregado,Entregado,NET_KROJASNAUPA,SIM,2 sept 2026,2 sept 2026,null,No,CERRADAS,2026-09-03 01:02:45,Multilínea,Mono_item,Lima - Callao,null,Power ilim 79.90 SD N,Power ilim 79.90 SD N
Netcall,2 sept 2026,10,915237165,9152371658170106407952,9283,Outbound,Portabilidad Postpago,RETIRO EN TIENDA,Retiro en tienda,7215,ABIERTAS,Pendiente Entrega,Pendiente Entrega,TLV_NET_CURCIAR,SIM,2 sept 2026,null,null,No,ABIERTAS,null,Monolínea,Mono_item,Lima - Callao,null,null,Power 59.90 N
Netcall,2 sept 2026,13,915289174,9152891748170629982166,9283,Outbound,Portabilidad Postpago,EXPRESS,Logixtal,9001,ABIERTAS,Pendiente Entrega,Pendiente Entrega,NET_TMUNOZCALDE,SIM,2 sept 2026,null,null,No,ABIERTAS,null,Multilínea,Mono_item,Lima - Callao,null,null,Power ilim 79.90 SD N
Netcall,2 sept 2026,13,915297828,9152978288170720888404,9283,Outbound,Portabilidad Postpago,RETIRO EN TIENDA,Retiro en tienda,6036,ABIERTAS,Pendiente Entrega,Pendiente Entrega,NET_YCORNEJOA,SIM,2 sept 2026,null,null,No,ABIERTAS,null,Multilínea,Mono_item,Lima - Callao,null,null,Power ilim 79.90 SD N
Netcall,2 sept 2026,11,915250317,9152503178170228053465,9283,Outbound,Portabilidad Postpago,RETIRO EN TIENDA,Retiro en tienda,6036,CERRADAS,Entregado,Entregado,NET_ATISNADOA,SIM,2 sept 2026,2 sept 2026,null,No,CERRADAS,2026-09-03 03:28:59,Monolínea,Mono_item,Lima - Callao,null,Power 59.90 N,Power 59.90 N
Netcall,2 sept 2026,13,915291562,9152915628170648123206,9283,Outbound,Venta Regular / Alta,RETIRO EN TIENDA,Retiro en tienda,5055,CERRADAS,Entregado,Entregado,NET_KROJASNAUPA,SIM,2 sept 2026,2 sept 2026,02/09/2026,Sí,CERRADAS,2026-09-02 14:00:10,Multilínea,Mono_item,Lima - Callao,39.95,Power ilim 79.90 SD N,Power ilim 79.90 SD N
Netcall,3 sept 2026,14,915712923,915712923Empty,5299,Outbound,Venta Regular / Alta,EXPRESS,Logixtal,9001,ABIERTAS,Pendiente Entrega,Pendiente de Picking,NET_MMENDOZAV,SIM,3 sept 2026,null,null,No,ABIERTAS,null,Monolínea,Mono_item,Lima - Callao,null,null,null
Netcall,3 sept 2026,9,915624079,91562407989511710101080361402,9271,Outbound,Portabilidad Postpago,EXPRESS,Logixtal,9001,ABIERTAS,Entregado,Entregado,NET_AAVENDANOR,SIM,3 sept 2026,null,null,No,ABIERTAS,null,Multilínea,Mono_item,Lima - Callao,null,null,null
Netcall,2 sept 2026,13,915287557,9152875578170608049774,9283,Outbound,Portabilidad Postpago,EXPRESS,Logixtal,9001,ABIERTAS,Pendiente Entrega,Pendiente Entrega,NET_TMUNOZCALDE,SIM,2 sept 2026,null,null,No,ABIERTAS,null,Multilínea,Mono_item,Lima - Callao,null,null,Power ilim 79.90 SD N
Netcall,1 sept 2026,12,914833565,9148335658165958141587,9271,Outbound,Portabilidad Postpago,EXPRESS,Logixtal,9001,CERRADAS,Entregado,Entregado,NET_PTORRESR,SIM,1 sept 2026,1 sept 2026,02/09/2026,Sí,CERRADAS,2026-09-02 01:28:29,Multilínea,Mono_item,Lima - Callao,19.95,Power ilim 79.90 SD N,Power ilim 79.90 SD N
Netcall,2 sept 2026,14,915309828,9153098288170846373970,9283,Outbound,Portabilidad Postpago,EXPRESS,Logixtal,9001,ABIERTAS,Pendiente Entrega,Pendiente Entrega,NET_GSANCHEZO,SIM,2 sept 2026,null,null,No,ABIERTAS,null,Monolínea,Mono_item,Lima - Callao,null,null,Power ilim 69.90 N
Netcall,1 sept 2026,18,914924743,9149247438166947778033,9283,Outbound,Portabilidad Postpago,EXPRESS,Logixtal,9001,ABIERTAS,Pendiente Entrega,Pendiente Entrega,NET_MMREVILLA,SIM,1 sept 2026,null,null,No,ABIERTAS,null,Monolínea,Mono_item,Lima - Callao,null,null,Power ilim 69.90 N
Netcall,3 sept 2026,14,915720765,91572076589511710101029351753,9283,Outbound,Portabilidad Postpago,EXPRESS,Logixtal,9001,ABIERTAS,Entregado,Entregado,NET_SDIAZO,SIM,3 sept 2026,null,null,No,ABIERTAS,null,Monolínea,Mono_item,Lima - Callao,null,null,null
Netcall,2 sept 2026,9,915217454,9152174548169911772875,9283,Outbound,Portabilidad Postpago,PROGRAMADO,Logixtal,9001,ABIERTAS,Pendiente Entrega,Pendiente Entrega,NET_MFERRER,SIM,3 sept 2026,null,null,No,ABIERTAS,null,Monolínea,Mono_item,Lima - Callao,null,null,Power 59.90 N
Netcall,2 sept 2026,12,915280928,9152809288170542164186,9283,Outbound,Portabilidad Postpago,EXPRESS,Logixtal,9001,CERRADAS,Entregado,Entregado,NET_ARIVERA,SIM,2 sept 2026,2 sept 2026,null,No,CERRADAS,2026-09-03 01:29:26,Monolínea,Mono_item,Lima - Callao,null,Power 59.90 N,Power 59.90 N
Netcall,3 sept 2026,13,915698991,915698991Empty,9283,Outbound,Portabilidad Postpago,RETIRO EN TIENDA,Retiro en tienda,3169,ABIERTAS,Pendiente Entrega,Pendiente Entrega,NET_MDONAYRE,SIM,3 sept 2026,null,null,No,ABIERTAS,null,Monolínea,Mono_item,Lima - Callao,null,null,null
Netcall,2 sept 2026,12,915271012,9152710128170436811842,9271,Outbound,Portabilidad Postpago,RETIRO EN TIENDA,Retiro en tienda,3032,ABIERTAS,Pendiente Entrega,Pendiente Entrega,NET_EPARDOG,SIM,2 sept 2026,null,null,No,ABIERTAS,null,Monolínea,Mono_item,Lima - Callao,null,null,Power 59.90 N
Netcall,2 sept 2026,11,915257998,9152579988170301835684,9271,Outbound,Venta Regular / Alta,RETIRO EN TIENDA,Retiro en tienda,5055,ABIERTAS,Pendiente Entrega,Pendiente Entrega,NET_EQUIROZH,SIM,2 sept 2026,null,null,No,ABIERTAS,null,Multilínea,Mono_item,Lima - Callao,null,null,Power ilim 79.90 SD N
Netcall,3 sept 2026,8,915621445,915621445Empty,9283,Outbound,Portabilidad Postpago,RETIRO EN TIENDA,Retiro en tienda,5055,ABIERTAS,Pendiente Entrega,Pendiente Entrega,NET_JIYASHAMAR,SIM,3 sept 2026,null,null,No,ABIERTAS,null,Monolínea,Mono_item,Lima - Callao,null,null,null
Netcall,2 sept 2026,8,915188952,9151889528169707064831,9283,Outbound,Portabilidad Postpago,RETIRO EN TIENDA,Retiro en tienda,2107,CERRADAS,Entregado,Entregado,NET_KARAUJOC,SIM,2 sept 2026,2 sept 2026,null,No,CERRADAS,2026-09-03 01:46:02,Monolínea,Mono_item,Lima - Callao,null,Power ilim 79.90 SD N,Power ilim 79.90 SD N
Netcall,3 sept 2026,11,915657728,91565772889511710101080366054,9283,Outbound,Portabilidad Postpago,EXPRESS,Logixtal,9001,ABIERTAS,Entregado,Entregado,NET_LCAMPOSCABR,SIM,3 sept 2026,null,null,No,ABIERTAS,null,Monolínea,Mono_item,Lima - Callao,null,null,null
Netcall,1 sept 2026,12,914832761,9148327618165943759958,9283,Outbound,Portabilidad Postpago,EXPRESS,Logixtal,9001,CERRADAS,Entregado,Entregado,NET_KCHUQUIZUTC,SIM,1 sept 2026,1 sept 2026,02/09/2026,Sí,CERRADAS,2026-09-02 01:34:33,Monolínea,Mono_item,Lima - Callao,34.95,Power ilim 69.90 N,Power ilim 69.90 N
Netcall,1 sept 2026,22,914987214,9149872148167794787596,9283,Outbound,Portabilidad Postpago,RETIRO EN TIENDA,Retiro en tienda,3160,ABIERTAS,Pendiente Entrega,Pendiente Entrega,NET_MFERRER,SIM,2 sept 2026,null,null,No,ABIERTAS,null,Multilínea,Mono_item,Lima - Callao,null,null,Power ilim 79.90 SD N
Netcall,1 sept 2026,12,914824994,9148249948165877611600,9283,Outbound,Portabilidad Postpago,RETIRO EN TIENDA,Retiro en tienda,3169,CERRADAS,Entregado,Entregado,NET_ANCASTROR,SIM,1 sept 2026,1 sept 2026,02/09/2026,Sí,CERRADAS,2026-09-02 00:08:23,Monolínea,Mono_item,Lima - Callao,29.95,Power 59.90 N,Power 59.90 N
Netcall,3 sept 2026,8,915616856,91561685689511710101080361089,9271,Outbound,Portabilidad Postpago,EXPRESS,Logixtal,9001,ABIERTAS,Pendiente Entrega,Pendiente de Picking,NET_KTORRESP,SIM,3 sept 2026,null,null,No,ABIERTAS,null,Monolínea,Mono_item,Lima - Callao,null,null,null
Netcall,2 sept 2026,16,915333382,9153333828171091616907,9271,Outbound,Portabilidad Postpago,RETIRO EN TIENDA,Retiro en tienda,2107,ABIERTAS,Pendiente Entrega,Pendiente Entrega,NET_HJUNCOT,SIM,2 sept 2026,null,null,No,ABIERTAS,null,Multilínea,Mono_item,Lima - Callao,null,null,Power ilim 79.90 SD N
Netcall,2 sept 2026,14,915302546,9153025468170770366423,9271,Outbound,Venta Regular / Alta,RETIRO EN TIENDA,Retiro en tienda,3168,ABIERTAS,Pendiente Entrega,Pendiente Entrega,NET_KANGELESS,SIM,2 sept 2026,null,null,No,ABIERTAS,null,Monolínea,Mono_item,Lima - Callao,null,null,Power 39.90 N
Netcall,1 sept 2026,15,914879473,9148794738166464308158,9283,Outbound,Portabilidad Postpago,RETIRO EN TIENDA,Retiro en tienda,3220,ABIERTAS,Pendiente Entrega,Pendiente Entrega,NET_LDIAZM,SIM,1 sept 2026,null,null,No,ABIERTAS,null,Monolínea,Mono_item,Lima - Callao,null,null,Power 59.90 N
Netcall,3 sept 2026,9,915623575,91562357589511710101080361386,9271,Outbound,Portabilidad Postpago,EXPRESS,Logixtal,9001,ABIERTAS,Entregado,Entregado,NET_AAVENDANOR,SIM,3 sept 2026,null,null,No,ABIERTAS,null,Multilínea,Mono_item,Lima - Callao,null,null,null
Netcall,1 sept 2026,19,914949812,9149498128167204932403,9283,Outbound,Portabilidad Postpago,RETIRO EN TIENDA,Retiro en tienda,3151,ABIERTAS,Pendiente Entrega,Pendiente Entrega,NET_JROMEROC,SIM,1 sept 2026,null,null,No,ABIERTAS,null,Multilínea,Mono_item,Lima - Callao,null,null,Power ilim 79.90 SD N
Netcall,2 sept 2026,12,915282038,915282038,9283,Outbound,Portabilidad Postpago,RETIRO EN TIENDA,Retiro en tienda,3168,CERRADAS,Entregado,Entregado,NET_MMACHACAM,SIM,2 sept 2026,2 sept 2026,null,No,CERRADAS,2026-09-03 00:13:17,Multilínea,Mono_item,Lima - Callao,null,Power ilim 79.90 SD N,null
Netcall,2 sept 2026,14,915302547,915302547,9283,Outbound,Portabilidad Postpago,RETIRO EN TIENDA,Retiro en tienda,3168,CERRADAS,Entregado,Entregado,NET_MMACHACAM,SIM,2 sept 2026,2 sept 2026,null,No,CERRADAS,2026-09-03 00:15:27,Multilínea,Mono_item,Lima - Callao,null,Power ilim 79.90 SD N,null
Netcall,1 sept 2026,16,914899692,9148996928166684429892,9271,Outbound,Portabilidad Postpago,RETIRO EN TIENDA,Retiro en tienda,2113,CANCELADAS,Cancelado,Cancelado,NET_KANGELESS,SIM,1 sept 2026,null,null,No,CANCELADAS,2026-09-02 11:18:17,Multilínea,Mono_item,Lima - Callao,null,null,Power ilim 79.90 SD N
Netcall,2 sept 2026,12,915269474,9152694748170426426283,9283,Outbound,Portabilidad Postpago,EXPRESS,Logixtal,9001,CERRADAS,Entregado,Entregado,NET_LCALDERONC,SIM,2 sept 2026,2 sept 2026,null,No,CERRADAS,2026-09-03 00:47:59,Monolínea,Mono_item,Lima - Callao,null,Power ilim 79.90 SD N,Power ilim 79.90 SD N
Netcall,2 sept 2026,11,915258929,9152589298170311146598,9283,Outbound,Portabilidad Postpago,EXPRESS,Logixtal,9001,CANCELADAS,Anulado,CLIENTE DESISTE - INFORMACIÓN INCORRECTA,NET_TMUNOZCALDE,SIM,2 sept 2026,null,null,No,CANCELADAS,2026-09-02 12:52:21,Multilínea,Mono_item,Lima - Callao,null,null,Power ilim 79.90 SD N
Netcall,1 sept 2026,16,914900488,9149004888166693871839,9271,Outbound,Portabilidad Postpago,RETIRO EN TIENDA,Retiro en tienda,2113,CANCELADAS,Cancelado,Cancelado,NET_KANGELESS,SIM,1 sept 2026,null,null,No,CANCELADAS,2026-09-02 13:19:02,Multilínea,Mono_item,Lima - Callao,null,null,Power ilim 79.90 SD N
Netcall,1 sept 2026,12,914829632,9148296328165920743818,9283,Outbound,Portabilidad Postpago,EXPRESS,Logixtal,9001,CERRADAS,Entregado,Entregado,NET_MFERRER,SIM,1 sept 2026,1 sept 2026,02/09/2026,Sí,CERRADAS,2026-09-02 00:19:05,Monolínea,Mono_item,Lima - Callao,29.95,Power 59.90 N,Power 59.90 N
Netcall,1 sept 2026,15,914876155,9148761558166423687923,9283,Outbound,Portabilidad Postpago,RETIRO EN TIENDA,Retiro en tienda,5055,CERRADAS,Entregado,Entregado,NET_AYBECERRAS,SIM,1 sept 2026,1 sept 2026,02/09/2026,Sí,CERRADAS,2026-09-02 02:02:13,Monolínea,Mono_item,Lima - Callao,29.95,Power 59.90 N,Power 59.90 N
Netcall,2 sept 2026,11,915255600,9152556008170279197624,9271,Outbound,Venta Regular / Alta,RETIRO EN TIENDA,Retiro en tienda,5055,ABIERTAS,Pendiente Entrega,Pendiente Entrega,NET_EQUIROZH,SIM,2 sept 2026,null,null,No,ABIERTAS,null,Multilínea,Mono_item,Lima - Callao,null,null,Power ilim 79.90 SD N
Netcall,2 sept 2026,17,915353410,9153534108171298633598,9271,Outbound,Portabilidad Postpago,RETIRO EN TIENDA,Retiro en tienda,3032,ABIERTAS,Pendiente Entrega,Pendiente Entrega,NET_EPARDOG,SIM,2 sept 2026,null,null,No,ABIERTAS,null,Monolínea,Mono_item,Lima - Callao,null,null,Power 59.90 N
Netcall,2 sept 2026,11,915260440,9152604408170334716713,9283,Outbound,Portabilidad Postpago,EXPRESS,Logixtal,9001,CANCELADAS,Anulado,CLIENTE DESISTE - INFORMACIÓN INCORRECTA,NET_TMUNOZCALDE,SIM,2 sept 2026,null,null,No,CANCELADAS,2026-09-02 12:52:20,Multilínea,Mono_item,Lima - Callao,null,null,Power ilim 79.90 SD N
Netcall,1 sept 2026,16,914896981,9148969818166651511100,9283,Outbound,Portabilidad Postpago,RETIRO EN TIENDA,Retiro en tienda,6036,ABIERTAS,Pendiente Entrega,Pendiente Entrega,TLV_NET_BCHAVEZ,SIM,1 sept 2026,null,null,No,ABIERTAS,null,Monolínea,Mono_item,Lima - Callao,null,null,Power 59.90 N
Netcall,2 sept 2026,13,915299476,9152994768170738416821,9283,Outbound,Portabilidad Postpago,RETIRO EN TIENDA,Retiro en tienda,3018,CERRADAS,Entregado,Entregado,NET_SCAVEROC,SIM,2 sept 2026,2 sept 2026,null,No,CERRADAS,2026-09-03 01:50:14,Multilínea,Mono_item,Lima - Callao,null,Power ilim 79.90 SD N,Power ilim 79.90 SD N
Netcall,3 sept 2026,10,915641532,915641532Empty,9283,Outbound,Portabilidad Postpago,RETIRO EN TIENDA,Retiro en tienda,3169,CANCELADAS,Cancelado,Cancelado,NET_TANCHANTEG,SIM,3 sept 2026,null,null,No,CANCELADAS,2026-09-03 12:32:42,Monolínea,Mono_item,Lima - Callao,null,null,null
Netcall,1 sept 2026,10,914796131,9147961318165582828347,9283,Outbound,Portabilidad Postpago,RETIRO EN TIENDA,Retiro en tienda,6036,CERRADAS,Entregado,Entregado,NET_ABARRERAY,SIM,1 sept 2026,1 sept 2026,02/09/2026,Sí,CERRADAS,2026-09-02 01:37:38,Multilínea,Mono_item,Lima - Callao,34.95,Power ilim 69.90 N,Power ilim 69.90 N
Netcall,1 sept 2026,21,914983490,9149834908167677587782,9283,Outbound,Portabilidad Postpago,PROGRAMADO,Logixtal,9001,CANCELADAS,Cancelado,CANCELADA EN OMNIX,NET_CCAVEROA,SIM,3 sept 2026,null,null,No,CANCELADAS,2026-09-02 12:41:00,Multilínea,Mono_item,Lima - Callao,null,null,Power ilim 79.90 SD N
Netcall,1 sept 2026,16,914888614,9148886148166564801321,9283,Outbound,Portabilidad Postpago,RETIRO EN TIENDA,Retiro en tienda,3158,CERRADAS,Entregado,Entregado,NET_VRUIZG,SIM,1 sept 2026,1 sept 2026,02/09/2026,Sí,CERRADAS,2026-09-02 00:39:20,Monolínea,Mono_item,Lima - Callao,34.95,Power ilim 69.90 N,Power ilim 69.90 N
Netcall,3 sept 2026,11,915658558,91565855889511710111073737021,9271,Outbound,Portabilidad Postpago,EXPRESS,Logixtal,9001,CANCELADAS,Pendiente Entrega,Pendiente de Picking,NET_KTAYAB,SIM,3 sept 2026,null,null,No,CANCELADAS,2026-09-03 13:18:22,Monolínea,Mono_item,Lima - Callao,null,null,null
Netcall,1 sept 2026,19,914948789,9149487898167193736526,9283,Outbound,Portabilidad Postpago,RETIRO EN TIENDA,Retiro en tienda,3151,ABIERTAS,Pendiente Entrega,Pendiente Entrega,NET_JROMEROC,SIM,1 sept 2026,null,null,No,ABIERTAS,null,Multilínea,Mono_item,Lima - Callao,null,null,Power ilim 79.90 SD N
Netcall,1 sept 2026,16,914895283,9148952838166636145275,9283,Outbound,Portabilidad Postpago,EXPRESS,Logixtal,9001,CANCELADAS,Anulado,DIRECCIÓN ERRADA,NET_BMIRANDAFE,SIM,1 sept 2026,null,null,No,CANCELADAS,2026-09-01 18:03:41,Multilínea,Mono_item,Lima - Callao,null,null,Power ilim 79.90 SD N
Netcall,2 sept 2026,12,915272551,9152725518170451820329,9283,Outbound,Portabilidad Postpago,EXPRESS,Logixtal,9001,CERRADAS,Entregado,Entregado,NET_SPEREZM,SIM,2 sept 2026,2 sept 2026,null,No,CERRADAS,2026-09-03 01:22:56,Monolínea,Mono_item,Lima - Callao,null,Power 59.90 N,Power 59.90 N
Netcall,2 sept 2026,11,915265871,9152658718170382427385,9283,Outbound,Portabilidad Postpago,EXPRESS,Logixtal,9001,CERRADAS,Entregado,Entregado,NET_SFARIASR,SIM,2 sept 2026,2 sept 2026,null,No,CERRADAS,2026-09-03 00:44:53,Monolínea,Mono_item,Lima - Callao,null,Power 59.90 N,Power 59.90 N
Netcall,3 sept 2026,14,915715165,91571516589511710111068542956,9283,Outbound,Portabilidad Postpago,EXPRESS,Logixtal,9001,ABIERTAS,Entregado,Entregado,NET_MCVASQUEZ,SIM,3 sept 2026,null,null,No,ABIERTAS,null,Multilínea,Mono_item,Lima - Callao,null,null,null
Netcall,2 sept 2026,20,915414126,9154141268171929072090,9283,Outbound,Portabilidad Postpago,PROGRAMADO,Logixtal,9001,ABIERTAS,Pendiente Entrega,Pendiente Entrega,NET_AYROJASS,SIM,3 sept 2026,null,null,No,ABIERTAS,null,Multilínea,Mono_item,Lima - Callao,null,null,Power ilim 79.90 SD N
Netcall,1 sept 2026,9,914771352,9147713528165343549445,9283,Outbound,Portabilidad Postpago,EXPRESS,Logixtal,9001,CERRADAS,Entregado,Entregado,NET_ACORDOVAS,SIM,1 sept 2026,1 sept 2026,02/09/2026,Sí,CERRADAS,2026-09-02 01:05:47,Monolínea,Mono_item,Lima - Callao,29.95,Power 59.90 N,Power 59.90 N
Netcall,3 sept 2026,10,915634537,91563453789511710101080360602,9271,Outbound,Portabilidad Postpago,EXPRESS,Logixtal,9001,ABIERTAS,Entregado,Entregado,NET_PTORRESR,SIM,3 sept 2026,null,null,No,ABIERTAS,null,Monolínea,Mono_item,Lima - Callao,null,null,null
Netcall,2 sept 2026,13,915300401,9153004018170747882137,9283,Outbound,Portabilidad Postpago,RETIRO EN TIENDA,Retiro en tienda,3018,CERRADAS,Entregado,Entregado,NET_SCAVEROC,SIM,2 sept 2026,2 sept 2026,null,No,CERRADAS,2026-09-03 01:29:42,Multilínea,Mono_item,Lima - Callao,null,Power ilim 79.90 SD N,Power ilim 79.90 SD N
Netcall,2 sept 2026,16,915346591,9153465918171228575700,9283,Outbound,Portabilidad Postpago,EXPRESS,Logixtal,9001,CERRADAS,Entregado,Entregado,NET_ECASTILLOH,SIM,2 sept 2026,2 sept 2026,null,No,CERRADAS,2026-09-03 02:02:22,Monolínea,Mono_item,Lima - Callao,null,Power ilim 79.90 SD N,Power ilim 79.90 SD N
Netcall,2 sept 2026,13,915296174,9152961748170702139065,9283,Outbound,Portabilidad Postpago,RETIRO EN TIENDA,Retiro en tienda,3151,CERRADAS,Entregado,Entregado,NET_SBENITESL,SIM,2 sept 2026,2 sept 2026,null,No,CERRADAS,2026-09-03 01:01:30,Monolínea,Mono_item,Lima - Callao,null,Power ilim 79.90 SD N,Power ilim 79.90 SD N
Netcall,2 sept 2026,13,915293913,915293913,9283,Outbound,Portabilidad Postpago,RETIRO EN TIENDA,Retiro en tienda,3006,CERRADAS,Entregado,Entregado,NET_YHUAMAN,SIM,2 sept 2026,2 sept 2026,null,No,CERRADAS,2026-09-03 00:31:23,Monolínea,Mono_item,Lima - Callao,null,Power ilim 69.90 N,null
Netcall,1 sept 2026,9,914766777,9147667778165299037527,9283,Outbound,Portabilidad Postpago,RETIRO EN TIENDA,Retiro en tienda,2106,ABIERTAS,Pendiente Entrega,Pendiente Entrega,NET_MGONZALESR,SIM,1 sept 2026,null,null,No,ABIERTAS,null,Monolínea,Mono_item,Lima - Callao,null,null,Power 59.90 N
Netcall,2 sept 2026,20,915413605,9154136058171926170166,9283,Outbound,Portabilidad Postpago,PROGRAMADO,Logixtal,9001,ABIERTAS,Pendiente Entrega,Pendiente Entrega,NET_AYROJASS,SIM,3 sept 2026,null,null,No,ABIERTAS,null,Multilínea,Mono_item,Lima - Callao,null,null,Power ilim 79.90 SD N
Netcall,1 sept 2026,10,914789699,9147896998165517193276,9265,Outbound,Portabilidad Postpago,EXPRESS,Logixtal,9001,CERRADAS,Entregado,Entregado,NET_IRODRIGUEZS,SIM,1 sept 2026,1 sept 2026,02/09/2026,Sí,CERRADAS,2026-09-02 00:36:40,Monolínea,Mono_item,Lima - Callao,29.95,Power 59.90 N,Power 59.90 N
Netcall,3 sept 2026,10,915653083,91565308389511710101029351522,5299,Outbound,Venta Regular / Alta,EXPRESS,Logixtal,9001,CERRADAS,Entregado,Entregado,NET_AREYNOSAC,SIM,3 sept 2026,3 sept 2026,null,No,CERRADAS,2026-09-03 12:51:07,Multilínea,Mono_item,Lima - Callao,null,Power 59.90 N,null
Netcall,2 sept 2026,13,915300982,9153009828170756227267,9283,Outbound,Portabilidad Postpago,RETIRO EN TIENDA,Retiro en tienda,3168,CERRADAS,Entregado,Entregado,NET_MMACHACAM,SIM,2 sept 2026,2 sept 2026,null,No,CERRADAS,2026-09-03 02:01:23,Multilínea,Mono_item,Lima - Callao,null,Power ilim 79.90 SD N,Power ilim 79.90 SD N
Netcall,3 sept 2026,10,915650143,91565014389511710101029351530,5299,Outbound,Portabilidad Postpago,EXPRESS,Logixtal,9001,ABIERTAS,Entregado,Entregado,NET_AREYNOSAC,SIM,3 sept 2026,null,null,No,ABIERTAS,null,Multilínea,Mono_item,Lima - Callao,null,null,null
Netcall,1 sept 2026,12,914834912,9148349128165972451947,9271,Outbound,Portabilidad Postpago,EXPRESS,Logixtal,9001,CERRADAS,Entregado,Entregado,NET_PTORRESR,SIM,1 sept 2026,1 sept 2026,02/09/2026,Sí,CERRADAS,2026-09-02 01:50:53,Multilínea,Mono_item,Lima - Callao,39.95,Power ilim 79.90 SD N,Power ilim 79.90 SD N
Netcall,3 sept 2026,14,915716368,915716368Empty,9271,Outbound,Venta Regular / Alta,RETIRO EN TIENDA,Retiro en tienda,3168,ABIERTAS,Pendiente Entrega,Pendiente Entrega,NET_EQUIROZH,SIM,3 sept 2026,null,null,No,ABIERTAS,null,Multilínea,Mono_item,Lima - Callao,null,null,null
Netcall,2 sept 2026,13,915293984,9152939848170739761638,9283,Outbound,Portabilidad Postpago,RETIRO EN TIENDA,Retiro en tienda,3032,CERRADAS,Entregado,Entregado,NET_KROJASNAUPA,SIM,2 sept 2026,2 sept 2026,null,No,CERRADAS,2026-09-03 01:48:11,Monolínea,Mono_item,Lima - Callao,null,Power 59.90 N,Power 59.90 N
Netcall,1 sept 2026,13,914850286,9148502868166138349282,9283,Outbound,Portabilidad Postpago,EXPRESS,Logixtal,9001,CERRADAS,Entregado,Entregado,NET_DNIEVESNIMA,SIM,1 sept 2026,1 sept 2026,02/09/2026,Sí,CERRADAS,2026-09-02 02:06:48,Multilínea,Mono_item,Lima - Callao,19.95,Power ilim 79.90 SD N,Power ilim 79.90 SD N
Netcall,1 sept 2026,13,914849571,9148495718166135111325,9271,Outbound,Venta Regular / Alta,EXPRESS,Logixtal,9001,CERRADAS,Entregado,Entregado,NET_KANGELESS,SIM,1 sept 2026,1 sept 2026,01/09/2026,Sí,CERRADAS,2026-09-01 15:59:56,Monolínea,Mono_item,Lima - Callao,39.9,Power 39.90 N,Power 39.90 N
Netcall,1 sept 2026,11,914793165,9147931658165605255830,9283,Outbound,Portabilidad Postpago,EXPRESS,Logixtal,9001,CERRADAS,Entregado,Entregado,NET_JRAMIREZQ,SIM,1 sept 2026,1 sept 2026,02/09/2026,Sí,CERRADAS,2026-09-02 00:43:10,Monolínea,Mono_item,Lima - Callao,39.95,Power ilim 79.90 SD N,Power ilim 79.90 SD N
Netcall,2 sept 2026,10,915240072,9152400728170133961768,9283,Outbound,Portabilidad Postpago,RETIRO EN TIENDA,Retiro en tienda,2106,CERRADAS,Entregado,Entregado,NET_NSANTAMARIS,SIM,2 sept 2026,2 sept 2026,null,No,CERRADAS,2026-09-03 00:54:52,Monolínea,Mono_item,Lima - Callao,null,Power 59.90 N,Power 59.90 N
Netcall,2 sept 2026,17,915358205,9153582058171356072103,9283,Outbound,Portabilidad Postpago,RETIRO EN TIENDA,Retiro en tienda,3032,ABIERTAS,Pendiente Entrega,Pendiente Entrega,NET_AARANAS,SIM,2 sept 2026,null,null,No,ABIERTAS,null,Multilínea,Mono_item,Lima - Callao,null,null,Power ilim 79.90 SD N
Netcall,2 sept 2026,18,915382431,9153824318171602500430,9283,Outbound,Portabilidad Postpago,EXPRESS,Logixtal,9001,ABIERTAS,Pendiente Entrega,Pendiente Entrega,TLV_NET_ACUBASS,SIM,2 sept 2026,null,null,No,ABIERTAS,null,Monolínea,Mono_item,Lima - Callao,null,null,Power ilim 69.90 N
Netcall,2 sept 2026,15,915327996,9153279968171041882504,9271,Outbound,Portabilidad Postpago,EXPRESS,Logixtal,9001,CERRADAS,Entregado,Entregado,NET_CGRANADOSC,SIM,2 sept 2026,2 sept 2026,null,No,CERRADAS,2026-09-03 01:44:55,Monolínea,Mono_item,Lima - Callao,null,Power 59.90 N,Power 59.90 N
Netcall,2 sept 2026,16,915334641,9153346418171103169802,9283,Outbound,Portabilidad Postpago,EXPRESS,Logixtal,9001,ABIERTAS,Pendiente Entrega,Pendiente Entrega,NET_LFIESTASG,SIM,2 sept 2026,null,null,No,ABIERTAS,null,Monolínea,Mono_item,Lima - Callao,null,null,Power 59.90 N
Netcall,2 sept 2026,13,915286478,9152864788170597726006,9283,Outbound,Portabilidad Postpago,RETIRO EN TIENDA,Retiro en tienda,3168,CERRADAS,Entregado,Entregado,NET_FRIVERAO,SIM,2 sept 2026,2 sept 2026,null,No,CERRADAS,2026-09-03 02:32:12,Multilínea,Mono_item,Lima - Callao,null,Power ilim 79.90 SD N,Power ilim 79.90 SD N
Netcall,2 sept 2026,13,915289193,915289193,9283,Outbound,Portabilidad Postpago,RETIRO EN TIENDA,Retiro en tienda,3168,CERRADAS,Entregado,Entregado,NET_FRIVERAO,SIM,2 sept 2026,2 sept 2026,null,No,CERRADAS,2026-09-03 00:11:38,Multilínea,Mono_item,Lima - Callao,null,Power ilim 79.90 SD N,null
Netcall,3 sept 2026,9,915625819,915625819Empty,9271,Outbound,Venta Regular / Alta,RETIRO EN TIENDA,Retiro en tienda,3168,ABIERTAS,Pendiente Entrega,Pendiente Entrega,NET_KANGELESS,SIM,3 sept 2026,null,null,No,ABIERTAS,null,Multilínea,Mono_item,Lima - Callao,null,null,null
Netcall,1 sept 2026,10,914796236,9147962368165586106438,9283,Outbound,Portabilidad Postpago,RETIRO EN TIENDA,Retiro en tienda,3032,CERRADAS,Entregado,Entregado,NET_MDIAZP,SIM,1 sept 2026,1 sept 2026,02/09/2026,Sí,CERRADAS,2026-09-02 01:17:34,Monolínea,Mono_item,Lima - Callao,39.95,Power ilim 79.90 SD N,Power ilim 79.90 SD N
Netcall,1 sept 2026,10,914790736,9147907368165532344673,9283,Outbound,Portabilidad Postpago,RETIRO EN TIENDA,Retiro en tienda,8018,CERRADAS,Entregado,Entregado,NET_MGONZALESR,SIM,1 sept 2026,1 sept 2026,02/09/2026,Sí,CERRADAS,2026-09-02 00:30:04,Monolínea,Mono_item,Lima - Callao,39.95,Power ilim 79.90 SD N,Power ilim 79.90 SD N
Netcall,1 sept 2026,12,914829899,9148298998165919131610,9283,Outbound,Portabilidad Postpago,EXPRESS,Logixtal,9001,CANCELADAS,Anulado,DIRECCIÓN ERRADA,TLV_NET_FVALQUI,SIM,1 sept 2026,null,null,No,CANCELADAS,2026-09-01 13:56:12,Monolínea,Mono_item,Lima - Callao,null,null,Power 59.90 N
Netcall,2 sept 2026,16,915339411,9153394118171156137258,9283,Outbound,Portabilidad Postpago,EXPRESS,Logixtal,9001,ABIERTAS,Pendiente Entrega,Pendiente Entrega,NET_ECASTILLOH,SIM,2 sept 2026,null,null,No,ABIERTAS,null,Monolínea,Mono_item,Lima - Callao,null,null,Power ilim 69.90 N
Netcall,1 sept 2026,17,914922398,9149223988166922783165,9283,Outbound,Portabilidad Postpago,RETIRO EN TIENDA,Retiro en tienda,3162,CERRADAS,Entregado,Entregado,NET_MCVASQUEZ,SIM,1 sept 2026,1 sept 2026,02/09/2026,Sí,CERRADAS,2026-09-02 00:54:38,Multilínea,Mono_item,Lima - Callao,39.95,Power ilim 79.90 SD N,Power ilim 79.90 SD N
Netcall,1 sept 2026,17,914910976,9149109768166825696186,9283,Outbound,Portabilidad Postpago,RETIRO EN TIENDA,Retiro en tienda,3032,CERRADAS,Entregado,Entregado,NET_INAVARROI,SIM,1 sept 2026,1 sept 2026,02/09/2026,Sí,CERRADAS,2026-09-02 01:31:56,Monolínea,Mono_item,Lima - Callao,29.95,Power 59.90 N,Power 59.90 N
Netcall,1 sept 2026,18,914922588,9149225888166923217279,9283,Outbound,Portabilidad Postpago,RETIRO EN TIENDA,Retiro en tienda,5055,CANCELADAS,Cancelado,Cancelado,NET_JLIL,SIM,1 sept 2026,null,null,No,CANCELADAS,2026-09-02 22:14:46,Monolínea,Mono_item,Lima - Callao,null,null,Power ilim 69.90 N
Netcall,2 sept 2026,14,915304693,9153046938170800210126,9283,Outbound,Portabilidad Postpago,RETIRO EN TIENDA,Retiro en tienda,2113,ABIERTAS,Pendiente Entrega,Pendiente Entrega,TLV_NET_JMORO,SIM,2 sept 2026,null,null,No,ABIERTAS,null,Monolínea,Mono_item,Lima - Callao,null,null,Power ilim 79.90 SD N
Netcall,1 sept 2026,20,914963743,9149637438167340447251,9271,Outbound,Portabilidad Postpago,RETIRO EN TIENDA,Retiro en tienda,3162,ABIERTAS,Pendiente Entrega,Pendiente Entrega,NET_YPAREDESG,SIM,1 sept 2026,null,null,No,ABIERTAS,null,Monolínea,Mono_item,Lima - Callao,null,null,Power 59.90 N
Netcall,2 sept 2026,14,915314784,9153147848170904380358,9283,Outbound,Portabilidad Postpago,RETIRO EN TIENDA,Retiro en tienda,8041,ABIERTAS,Pendiente Entrega,Pendiente Entrega,NET_BBELLIDOP,SIM,2 sept 2026,null,null,No,ABIERTAS,null,Monolínea,Mono_item,Lima - Callao,null,null,Power 59.90 N
Netcall,1 sept 2026,12,914820056,914820056,9283,Outbound,Portabilidad Postpago,RETIRO EN TIENDA,Retiro en tienda,3158,CERRADAS,Entregado,Entregado,NET_CMENESESV,SIM,1 sept 2026,2 sept 2026,null,No,CERRADAS,2026-09-03 00:22:42,Monolínea,Mono_item,Lima - Callao,null,Power 59.90 N,null
Netcall,3 sept 2026,14,915715137,915715137Empty,9283,Outbound,Portabilidad Postpago,RETIRO EN TIENDA,Retiro en tienda,3169,ABIERTAS,Pendiente Entrega,Pendiente Entrega,NET_AUCEDAENEQU,SIM,3 sept 2026,null,null,No,ABIERTAS,null,Monolínea,Mono_item,Lima - Callao,null,null,null
Netcall,1 sept 2026,13,914850395,9148503958166139048160,9283,Outbound,Portabilidad Postpago,EXPRESS,Logixtal,9001,CANCELADAS,Anulado,DIRECCIÓN ERRADA,NET_BMIRANDAFE,SIM,1 sept 2026,null,null,No,CANCELADAS,2026-09-01 15:06:09,Multilínea,Mono_item,Lima - Callao,null,null,Power ilim 79.90 SD N
Netcall,1 sept 2026,8,914730256,9147302568165030090673,9283,Outbound,Portabilidad Postpago,RETIRO EN TIENDA,Retiro en tienda,5055,ABIERTAS,Pendiente Entrega,Pendiente Entrega,TLV_NET_EBULNES,SIM,1 sept 2026,null,null,No,ABIERTAS,null,Multilínea,Mono_item,Lima - Callao,null,null,Power ilim 79.90 SD N
Netcall,2 sept 2026,9,915225118,915225118,9271,Outbound,Portabilidad Postpago,EXPRESS,Logixtal,9001,CERRADAS,Entregado,Entregado,NET_CCAVEROA,SIM,2 sept 2026,2 sept 2026,null,No,CERRADAS,2026-09-03 00:20:35,Multilínea,Mono_item,Lima - Callao,null,Power ilim 79.90 SD N,null
Netcall,2 sept 2026,10,915234622,9152346228170079809744,9271,Outbound,Portabilidad Postpago,RETIRO EN TIENDA,Retiro en tienda,2101,ABIERTAS,Pendiente Entrega,Pendiente Entrega,NET_KTAYAB,SIM,2 sept 2026,null,null,No,ABIERTAS,null,Multilínea,Multi_item,Lima - Callao,null,null,Power ilim 79.90 SD N
Netcall,2 sept 2026,8,915181840,9151818408169653764446,9283,Outbound,Portabilidad Postpago,EXPRESS,Logixtal,9001,CANCELADAS,Anulado,CLIENTE YA NO DESEA PRODUCTO,NET_ADOROTEOSAL,SIM,2 sept 2026,null,null,No,CANCELADAS,2026-09-02 09:40:50,Monolínea,Mono_item,Lima - Callao,null,null,Power ilim 69.90 N
Netcall,2 sept 2026,16,915334803,9153348038171103569190,9271,Outbound,Portabilidad Postpago,RETIRO EN TIENDA,Retiro en tienda,2107,ABIERTAS,Pendiente Entrega,Pendiente Entrega,NET_HJUNCOT,SIM,2 sept 2026,null,null,No,ABIERTAS,null,Multilínea,Mono_item,Lima - Callao,null,null,Power ilim 79.90 SD N
Netcall,2 sept 2026,11,915255538,9152555388170288529501,9283,Outbound,Portabilidad Postpago,RETIRO EN TIENDA,Retiro en tienda,6036,CANCELADAS,Cancelado,Cancelado,NET_YCORNEJOA,SIM,2 sept 2026,null,null,No,CANCELADAS,2026-09-02 13:31:24,Multilínea,Multi_item,Lima - Callao,null,null,Power ilim 79.90 SD N
Netcall,1 sept 2026,13,914849086,9148490868166128208223,9283,Outbound,Venta Regular / Alta,EXPRESS,Logixtal,9001,CERRADAS,Entregado,Entregado,NET_DNIEVESNIMA,SIM,1 sept 2026,1 sept 2026,01/09/2026,Sí,CERRADAS,2026-09-01 15:58:24,Multilínea,Mono_item,Lima - Callao,39.95,Power ilim 79.90 SD N,Power ilim 79.90 SD N
Netcall,2 sept 2026,14,915314579,915314579,9283,Outbound,Portabilidad Postpago,RETIRO EN TIENDA,Retiro en tienda,7245,CERRADAS,Entregado,Entregado,NET_THUAMANIP,SIM,2 sept 2026,2 sept 2026,null,No,CERRADAS,2026-09-03 00:07:21,Multilínea,Mono_item,Lima - Callao,null,Power ilim 79.90 SD N,null
Netcall,1 sept 2026,8,914732929,9147329298165050578637,9283,Outbound,Portabilidad Postpago,RETIRO EN TIENDA,Retiro en tienda,5055,ABIERTAS,Pendiente Entrega,Pendiente Entrega,TLV_NET_EBULNES,SIM,1 sept 2026,null,null,No,ABIERTAS,null,Multilínea,Mono_item,Lima - Callao,null,null,Power ilim 79.90 SD N
Netcall,1 sept 2026,15,914872393,9148723938166374280876,9283,Outbound,Portabilidad Postpago,EXPRESS,Logixtal,9001,CANCELADAS,Anulado,DIRECCIÓN ERRADA,NET_BMIRANDAFE,SIM,1 sept 2026,null,null,No,CANCELADAS,2026-09-01 16:08:47,Multilínea,Mono_item,Lima - Callao,null,null,Power ilim 79.90 SD N
Netcall,2 sept 2026,11,915256906,9152569068170295575128,9271,Outbound,Venta Regular / Alta,RETIRO EN TIENDA,Retiro en tienda,5055,ABIERTAS,Pendiente Entrega,Pendiente Entrega,NET_EQUIROZH,SIM,2 sept 2026,null,null,No,ABIERTAS,null,Multilínea,Mono_item,Lima - Callao,null,null,Power ilim 79.90 SD N
Netcall,2 sept 2026,17,915357504,9153575048171343135279,9271,Outbound,Portabilidad Postpago,RETIRO EN TIENDA,Retiro en tienda,3168,ABIERTAS,Pendiente Entrega,Pendiente Entrega,NET_ACUEVAC,SIM,2 sept 2026,null,null,No,ABIERTAS,null,Monolínea,Mono_item,Lima - Callao,null,null,Power 59.90 N
Netcall,1 sept 2026,16,914882550,914882550,9283,Outbound,Portabilidad Postpago,PROGRAMADO,Logixtal,9001,CERRADAS,Entregado,Entregado,NET_VJAUREGUIM,SIM,2 sept 2026,2 sept 2026,null,No,CERRADAS,2026-09-03 00:39:41,Monolínea,Mono_item,Lima - Callao,null,Power 59.90 N,null
Netcall,2 sept 2026,9,915216174,9152161748169900635141,9283,Outbound,Portabilidad Postpago,RETIRO EN TIENDA,Retiro en tienda,3160,CERRADAS,Entregado,Entregado,NET_BROMANS,SIM,2 sept 2026,2 sept 2026,null,No,CERRADAS,2026-09-03 00:55:39,Monolínea,Mono_item,Lima - Callao,null,Power ilim 69.90 N,Power ilim 69.90 N
Netcall,2 sept 2026,9,915225772,9152257728169993559563,9271,Outbound,Portabilidad Postpago,EXPRESS,Logixtal,9001,CERRADAS,Entregado,Entregado,NET_CCAVEROA,SIM,2 sept 2026,2 sept 2026,null,No,CERRADAS,2026-09-03 03:36:38,Multilínea,Mono_item,Lima - Callao,null,Power ilim 79.90 SD N,Power ilim 79.90 SD N
Netcall,2 sept 2026,13,915298913,9152989138170727518104,9283,Outbound,Portabilidad Postpago,RETIRO EN TIENDA,Retiro en tienda,6036,ABIERTAS,Pendiente Entrega,Pendiente Entrega,NET_YCORNEJOA,SIM,2 sept 2026,null,null,No,ABIERTAS,null,Multilínea,Mono_item,Lima - Callao,null,null,Power ilim 79.90 SD N
Netcall,2 sept 2026,19,915402411,9154024118171794203688,5299,Outbound,Portabilidad Postpago,PROGRAMADO,Logixtal,9001,ABIERTAS,Pendiente Entrega,Pendiente Entrega,NET_CPORRASP,SIM,3 sept 2026,null,null,No,ABIERTAS,null,Monolínea,Mono_item,Lima - Callao,null,null,Power 59.90 N
Netcall,2 sept 2026,11,915255538,9152555388170288529720,9283,Outbound,Portabilidad Postpago,RETIRO EN TIENDA,Retiro en tienda,6036,CANCELADAS,Cancelado,Cancelado,NET_YCORNEJOA,SIM,2 sept 2026,null,null,No,CANCELADAS,2026-09-02 13:31:24,Multilínea,Multi_item,Lima - Callao,null,null,Power ilim 79.90 SD N
Netcall,2 sept 2026,13,915287575,9152875758170612410259,9283,Outbound,Portabilidad Postpago,RETIRO EN TIENDA,Retiro en tienda,3168,CANCELADAS,Cancelado,Cancelado,NET_FRIVERAO,SIM,2 sept 2026,null,null,No,CANCELADAS,2026-09-02 15:38:39,Multilínea,Mono_item,Lima - Callao,null,null,Power ilim 79.90 SD N
Netcall,2 sept 2026,12,915269086,9152690868170413033194,9283,Outbound,Portabilidad Postpago,EXPRESS,Logixtal,9001,CERRADAS,Entregado,Entregado,NET_DVALVERDEM,SIM,2 sept 2026,2 sept 2026,null,No,CERRADAS,2026-09-03 01:47:52,Monolínea,Mono_item,Lima - Callao,null,Power ilim 69.90 N,Power ilim 69.90 N
Netcall,2 sept 2026,12,915266828,9152668288170394845698,9283,Outbound,Portabilidad Postpago,RETIRO EN TIENDA,Retiro en tienda,6036,ABIERTAS,Pendiente Entrega,Pendiente Entrega,NET_YCORNEJOA,SIM,2 sept 2026,null,null,No,ABIERTAS,null,Multilínea,Mono_item,Lima - Callao,null,null,Power ilim 79.90 SD N
Netcall,1 sept 2026,9,914774608,9147746088165380997932,5299,Outbound,Portabilidad Postpago,EXPRESS,Logixtal,9001,CERRADAS,Entregado,Entregado,NET_AEREYES,SIM,1 sept 2026,1 sept 2026,02/09/2026,Sí,CERRADAS,2026-09-02 01:50:04,Monolínea,Mono_item,Lima - Callao,34.95,Power ilim 69.90 N,Power ilim 69.90 N
Netcall,2 sept 2026,9,915226427,915226427,9271,Outbound,Portabilidad Postpago,EXPRESS,Logixtal,9001,CERRADAS,Entregado,Entregado,NET_CCAVEROA,SIM,2 sept 2026,2 sept 2026,null,No,CERRADAS,2026-09-03 00:40:38,Multilínea,Mono_item,Lima - Callao,null,Power ilim 79.90 SD N,null
Netcall,1 sept 2026,15,914881418,9148814188166482335296,9283,Outbound,Portabilidad Postpago,EXPRESS,Logixtal,9001,CERRADAS,Entregado,Entregado,NET_FRIVERAO,SIM,1 sept 2026,1 sept 2026,02/09/2026,Sí,CERRADAS,2026-09-02 00:48:10,Monolínea,Mono_item,Lima - Callao,34.95,Power ilim 69.90 N,Power ilim 69.90 N
Netcall,2 sept 2026,16,915349654,9153496548171262437431,9271,Outbound,Venta Regular / Alta,PROGRAMADO,Logixtal,9001,ABIERTAS,Pendiente Entrega,Pendiente Entrega,NET_GHUANCASS,SIM,3 sept 2026,null,null,No,ABIERTAS,null,Monolínea,Mono_item,Lima - Callao,null,null,Power 39.90 N
Netcall,2 sept 2026,15,915316038,9153160388170914887059,9283,Outbound,Portabilidad Postpago,RETIRO EN TIENDA,Retiro en tienda,7245,ABIERTAS,Pendiente Entrega,Pendiente Entrega,NET_THUAMANIP,SIM,2 sept 2026,null,null,No,ABIERTAS,null,Multilínea,Mono_item,Lima - Callao,null,null,Power ilim 79.90 SD N
Netcall,2 sept 2026,10,915231592,9152315928170050624876,9283,Outbound,Portabilidad Postpago,RETIRO EN TIENDA,Retiro en tienda,3168,ABIERTAS,Pendiente Entrega,Pendiente Entrega,NET_EBOZA,SIM,2 sept 2026,null,null,No,ABIERTAS,null,Monolínea,Mono_item,Lima - Callao,null,null,Power ilim 79.90 SD N
Netcall,2 sept 2026,16,915334809,9153348098171109352756,9283,Outbound,Venta Regular / Alta,PROGRAMADO,Logixtal,9001,ABIERTAS,Pendiente Entrega,Pendiente Entrega,NET_AHUAMANZ,SIM,3 sept 2026,null,null,No,ABIERTAS,null,Multilínea,Multi_item,Lima - Callao,null,null,Power ilim 79.90 SD N
Netcall,1 sept 2026,12,914834659,9148346598165969078908,9283,Outbound,Portabilidad Postpago,EXPRESS,Logixtal,9001,CERRADAS,Entregado,Entregado,NET_RTORRESB,SIM,1 sept 2026,1 sept 2026,02/09/2026,Sí,CERRADAS,2026-09-02 01:29:31,Monolínea,Mono_item,Lima - Callao,29.95,Power 59.90 N,Power 59.90 N
Netcall,2 sept 2026,11,915255538,9152555388170288529280,9283,Outbound,Portabilidad Postpago,RETIRO EN TIENDA,Retiro en tienda,6036,CANCELADAS,Cancelado,Cancelado,NET_YCORNEJOA,SIM,2 sept 2026,null,null,No,CANCELADAS,2026-09-02 13:31:24,Multilínea,Multi_item,Lima - Callao,null,null,Power ilim 79.90 SD N
Netcall,1 sept 2026,11,914810668,9148106688165729244326,9283,Outbound,Portabilidad Postpago,RETIRO EN TIENDA,Retiro en tienda,6036,CERRADAS,Entregado,Entregado,NET_JVELASQUEZS,SIM,1 sept 2026,1 sept 2026,02/09/2026,Sí,CERRADAS,2026-09-02 01:04:07,Monolínea,Mono_item,Lima - Callao,29.95,Power 59.90 N,Power 59.90 N
Netcall,1 sept 2026,18,914923837,9149238378166944435308,9283,Outbound,Portabilidad Postpago,RETIRO EN TIENDA,Retiro en tienda,3162,CERRADAS,Entregado,Entregado,NET_MCVASQUEZ,SIM,1 sept 2026,1 sept 2026,02/09/2026,Sí,CERRADAS,2026-09-02 03:19:27,Multilínea,Mono_item,Lima - Callao,19.95,Power ilim 79.90 SD N,Power ilim 79.90 SD N
Netcall,2 sept 2026,16,915334809,9153348098171109352975,9283,Outbound,Venta Regular / Alta,PROGRAMADO,Logixtal,9001,ABIERTAS,Pendiente Entrega,Pendiente Entrega,NET_AHUAMANZ,SIM,3 sept 2026,null,null,No,ABIERTAS,null,Multilínea,Multi_item,Lima - Callao,null,null,Power ilim 79.90 SD N
Netcall,3 sept 2026,12,915684675,915684675Empty,9283,Outbound,Portabilidad Postpago,RETIRO EN TIENDA,Retiro en tienda,3032,ABIERTAS,Pendiente Entrega,Pendiente Entrega,NET_GMENDIGUETE,SIM,3 sept 2026,null,null,No,ABIERTAS,null,Monolínea,Mono_item,Lima - Callao,null,null,null
Netcall,3 sept 2026,11,915656427,915656427Empty,9271,Outbound,Portabilidad Postpago,RETIRO EN TIENDA,Retiro en tienda,3169,ABIERTAS,Pendiente Entrega,Pendiente Entrega,NET_PTORRESR,SIM,3 sept 2026,null,null,No,ABIERTAS,null,Monolínea,Mono_item,Lima - Callao,null,null,null
Netcall,2 sept 2026,13,915296260,9152962608170702698311,9283,Outbound,Portabilidad Postpago,RETIRO EN TIENDA,Retiro en tienda,7245,ABIERTAS,Pendiente Entrega,Pendiente Entrega,NET_MBARBOZAC,SIM,2 sept 2026,null,null,No,ABIERTAS,null,Monolínea,Mono_item,Lima - Callao,null,null,Power 59.90 N
Netcall,2 sept 2026,15,915331660,9153316608171073670962,9271,Outbound,Portabilidad Postpago,RETIRO EN TIENDA,Retiro en tienda,2107,ABIERTAS,Pendiente Entrega,Pendiente Entrega,NET_HJUNCOT,SIM,2 sept 2026,null,null,No,ABIERTAS,null,Multilínea,Mono_item,Lima - Callao,null,null,Power ilim 79.90 SD N
Netcall,1 sept 2026,13,914846923,9148469238166104852189,9283,Outbound,Portabilidad Postpago,RETIRO EN TIENDA,Retiro en tienda,3220,CERRADAS,Entregado,Entregado,NET_KCARRENOV,SIM,1 sept 2026,1 sept 2026,02/09/2026,Sí,CERRADAS,2026-09-02 01:07:17,Monolínea,Mono_item,Lima - Callao,34.95,Power ilim 69.90 N,Power ilim 69.90 N
Netcall,2 sept 2026,14,915314186,9153141868170904475505,9283,Outbound,Portabilidad Postpago,RETIRO EN TIENDA,Retiro en tienda,3160,CERRADAS,Entregado,Entregado,TLV_NET_JMORO,SIM,2 sept 2026,2 sept 2026,null,No,CERRADAS,2026-09-03 03:29:37,Monolínea,Mono_item,Lima - Callao,null,Power 59.90 N,Power 59.90 N
Netcall,1 sept 2026,14,914858644,914858644,9283,Outbound,Portabilidad Postpago,EXPRESS,Logixtal,9001,CERRADAS,Entregado,Entregado,NET_DGHERRERA,SIM,1 sept 2026,2 sept 2026,null,No,CERRADAS,2026-09-03 00:40:08,Monolínea,Mono_item,Lima - Callao,null,Power ilim 69.90 N,null
Netcall,3 sept 2026,14,915716238,91571623889511710101029351712,9283,Outbound,Portabilidad Postpago,EXPRESS,Logixtal,9001,ABIERTAS,Entregado,Entregado,NET_RCORDOVAC,SIM,3 sept 2026,null,null,No,ABIERTAS,null,Multilínea,Mono_item,Lima - Callao,null,null,null
Netcall,3 sept 2026,8,915616856,91561685689511710101080361097,9271,Outbound,Portabilidad Postpago,EXPRESS,Logixtal,9001,ABIERTAS,Pendiente Entrega,Pendiente de Picking,NET_KTORRESP,SIM,3 sept 2026,null,null,No,ABIERTAS,null,Monolínea,Mono_item,Lima - Callao,null,null,null
Netcall,2 sept 2026,15,915328375,9153283758171051610281,9283,Outbound,Portabilidad Postpago,RETIRO EN TIENDA,Retiro en tienda,6036,CERRADAS,Entregado,Entregado,NET_SLIZARDOPER,SIM,2 sept 2026,2 sept 2026,null,No,CERRADAS,2026-09-03 00:47:26,Monolínea,Mono_item,Lima - Callao,null,Power ilim 69.90 N,Power ilim 69.90 N
Netcall,2 sept 2026,16,915336085,9153360858171120910124,9283,Outbound,Portabilidad Postpago,EXPRESS,Logixtal,9001,ABIERTAS,Pendiente Entrega,Pendiente Entrega,NET_AHUAMANZ,SIM,2 sept 2026,null,null,No,ABIERTAS,null,Multilínea,Mono_item,Lima - Callao,null,null,Power ilim 79.90 SD N
Netcall,2 sept 2026,11,915245744,915245744,9283,Outbound,Portabilidad Postpago,RETIRO EN TIENDA,Retiro en tienda,3160,CERRADAS,Entregado,Entregado,NET_TBECERRAC,SIM,2 sept 2026,2 sept 2026,null,No,CERRADAS,2026-09-03 00:05:40,Monolínea,Mono_item,Lima - Callao,null,Power ilim 79.90 SD N,null
Netcall,1 sept 2026,18,914934392,914934392,9283,Outbound,Portabilidad Postpago,RETIRO EN TIENDA,Retiro en tienda,7245,CERRADAS,Entregado,Entregado,NET_AYROJASS,SIM,1 sept 2026,2 sept 2026,null,No,CERRADAS,2026-09-03 00:38:31,Monolínea,Mono_item,Lima - Callao,null,Power 59.90 N,null
Netcall,1 sept 2026,17,914909610,9149096108166788714842,9283,Outbound,Portabilidad Postpago,EXPRESS,Logixtal,9001,CANCELADAS,Anulado,CLIENTE YA NO DESEA PRODUCTO,NET_MFERRER,SIM,1 sept 2026,null,null,No,CANCELADAS,2026-09-01 17:56:39,Multilínea,Mono_item,Lima - Callao,null,null,Power ilim 79.90 SD N
Netcall,2 sept 2026,10,915234622,9152346228170079809963,9271,Outbound,Portabilidad Postpago,RETIRO EN TIENDA,Retiro en tienda,2101,ABIERTAS,Pendiente Entrega,Pendiente Entrega,NET_KTAYAB,SIM,2 sept 2026,null,null,No,ABIERTAS,null,Multilínea,Multi_item,Lima - Callao,null,null,Power ilim 79.90 SD N
Netcall,2 sept 2026,10,915234622,9152346228170079809525,9271,Outbound,Portabilidad Postpago,RETIRO EN TIENDA,Retiro en tienda,2101,ABIERTAS,Pendiente Entrega,Pendiente Entrega,NET_KTAYAB,SIM,2 sept 2026,null,null,No,ABIERTAS,null,Multilínea,Multi_item,Lima - Callao,null,null,Power ilim 79.90 SD N
Netcall,1 sept 2026,17,914903278,9149032788166727247983,9271,Outbound,Portabilidad Postpago,RETIRO EN TIENDA,Retiro en tienda,2113,CANCELADAS,Cancelado,Cancelado,NET_KANGELESS,SIM,1 sept 2026,null,null,No,CANCELADAS,2026-09-02 11:39:34,Multilínea,Mono_item,Lima - Callao,null,null,Power ilim 79.90 SD N
Netcall,1 sept 2026,21,914982989,9149829898167665326248,9283,Outbound,Portabilidad Postpago,PROGRAMADO,Logixtal,9001,CANCELADAS,Cancelado,CANCELADA EN OMNIX,NET_CCAVEROA,SIM,3 sept 2026,null,null,No,CANCELADAS,2026-09-02 11:53:15,Multilínea,Mono_item,Lima - Callao,null,null,Power ilim 79.90 SD N
Netcall,3 sept 2026,9,915625624,91562562489511710101029354013,9283,Outbound,Portabilidad Postpago,EXPRESS,Logixtal,9001,ABIERTAS,Entregado,Entregado,NET_CCAVEROA,SIM,3 sept 2026,null,null,No,ABIERTAS,null,Multilínea,Mono_item,Lima - Callao,null,null,null
Netcall,1 sept 2026,11,914809357,9148093578165713237283,9283,Outbound,Portabilidad Postpago,RETIRO EN TIENDA,Retiro en tienda,3151,CERRADAS,Entregado,Entregado,NET_JCHAVEZPINT,SIM,1 sept 2026,1 sept 2026,02/09/2026,Sí,CERRADAS,2026-09-02 02:20:41,Monolínea,Mono_item,Lima - Callao,34.95,Power ilim 69.90 N,Power ilim 69.90 N
Netcall,1 sept 2026,11,914814640,9148146408165769923827,9283,Outbound,Portabilidad Postpago,EXPRESS,Logixtal,9001,CERRADAS,Entregado,Entregado,TLV_NET_MMURGAF,SIM,1 sept 2026,1 sept 2026,02/09/2026,Sí,CERRADAS,2026-09-02 01:18:54,Multilínea,Mono_item,Lima - Callao,19.95,Power ilim 79.90 SD N,Power ilim 79.90 SD N
Netcall,1 sept 2026,11,914815742,9148157428165778387151,9283,Outbound,Portabilidad Postpago,EXPRESS,Logixtal,9001,CERRADAS,Entregado,Entregado,TLV_NET_MMURGAF,SIM,1 sept 2026,1 sept 2026,02/09/2026,Sí,CERRADAS,2026-09-02 01:56:53,Multilínea,Mono_item,Lima - Callao,39.95,Power ilim 79.90 SD N,Power ilim 79.90 SD N
Netcall,3 sept 2026,14,915715615,915715615Empty,9271,Outbound,Venta Regular / Alta,RETIRO EN TIENDA,Retiro en tienda,3168,ABIERTAS,Pendiente Entrega,Pendiente Entrega,NET_EQUIROZH,SIM,3 sept 2026,null,null,No,ABIERTAS,null,Multilínea,Mono_item,Lima - Callao,null,null,null
Netcall,3 sept 2026,13,915707935,91570793589511710111068542980,9283,Outbound,Venta Regular / Alta,EXPRESS,Logixtal,9001,ABIERTAS,Entregado,Entregado,NET_JCHAVEZPINT,SIM,3 sept 2026,null,null,No,ABIERTAS,null,Monolínea,Mono_item,Lima - Callao,null,null,null
Netcall,1 sept 2026,11,914813447,9148134478165755448332,9283,Outbound,Portabilidad Postpago,EXPRESS,Logixtal,9001,CERRADAS,Entregado,Entregado,TLV_NET_MMURGAF,SIM,1 sept 2026,1 sept 2026,02/09/2026,Sí,CERRADAS,2026-09-02 01:06:48,Multilínea,Mono_item,Lima - Callao,19.95,Power ilim 79.90 SD N,Power ilim 79.90 SD N
Netcall,2 sept 2026,11,915258731,9152587318170310457669,9271,Outbound,Portabilidad Postpago,EXPRESS,Logixtal,9001,CERRADAS,Entregado,Entregado,NET_BATOP,SIM,2 sept 2026,2 sept 2026,null,No,CERRADAS,2026-09-03 01:52:13,Monolínea,Mono_item,Lima - Callao,null,Power 59.90 N,Power 59.90 N
Netcall,2 sept 2026,16,915341019,9153410198171173064193,9283,Outbound,Venta Regular / Alta,RETIRO EN TIENDA,Retiro en tienda,3151,ABIERTAS,Pendiente Entrega,Pendiente Entrega,NET_JMENDOZAN,SIM,2 sept 2026,null,null,No,ABIERTAS,null,Multilínea,Mono_item,Lima - Callao,null,null,Power ilim 69.90 N
Netcall,2 sept 2026,13,915298098,915298098,9283,Outbound,Portabilidad Postpago,RETIRO EN TIENDA,Retiro en tienda,3018,CERRADAS,Entregado,Entregado,NET_SCAVEROC,SIM,2 sept 2026,2 sept 2026,null,No,CERRADAS,2026-09-03 00:39:49,Multilínea,Mono_item,Lima - Callao,null,Power ilim 79.90 SD N,null
Netcall,1 sept 2026,17,914916850,9149168508166878146362,9283,Outbound,Portabilidad Postpago,RETIRO EN TIENDA,Retiro en tienda,3139,CERRADAS,Entregado,Entregado,NET_ARIVERA,SIM,1 sept 2026,1 sept 2026,02/09/2026,Sí,CERRADAS,2026-09-02 01:37:43,Monolínea,Mono_item,Huanuco,34.95,Power ilim 69.90 N,Power ilim 69.90 N
Netcall,1 sept 2026,17,914905267,9149052678166751851565,9283,Outbound,Portabilidad Postpago,PROGRAMADO,Logixtal,5021,ABIERTAS,Pendiente Entrega,Pendiente Entrega,NET_MHUAPAYAQ,SIM,7 sept 2026,null,null,No,ABIERTAS,null,Monolínea,Mono_item,Piura,null,null,Power 59.90 N
Netcall,2 sept 2026,15,915323449,9153234498170995162583,9283,Outbound,Portabilidad Postpago,PROGRAMADO,Logixtal,5024,ABIERTAS,Pendiente Entrega,Pendiente Entrega,TLV_NET_DVALOI,SIM,3 sept 2026,null,null,No,ABIERTAS,null,Monolínea,Mono_item,Lambayeque,null,null,Power ilim 79.90 SD N
Netcall,3 sept 2026,9,915623368,915623368Empty,9283,Outbound,Portabilidad Postpago,RETIRO EN TIENDA,Retiro en tienda,7126,ABIERTAS,Pendiente Entrega,Pendiente Entrega,NET_ATISNADOA,SIM,3 sept 2026,null,null,No,ABIERTAS,null,Monolínea,Mono_item,Lambayeque,null,null,null
Netcall,3 sept 2026,13,915702848,915702848Empty,9283,Outbound,Portabilidad Postpago,RETIRO EN TIENDA,Retiro en tienda,7126,ABIERTAS,Pendiente Entrega,Pendiente Entrega,NET_JIYASHAMAR,SIM,3 sept 2026,null,null,No,ABIERTAS,null,Monolínea,Mono_item,Lambayeque,null,null,null
Netcall,2 sept 2026,13,915299439,915299439,9271,Outbound,Portabilidad Postpago,RETIRO EN TIENDA,Retiro en tienda,1003,CERRADAS,Entregado,Entregado,NET_LGOMEZA,SIM,2 sept 2026,2 sept 2026,null,No,CERRADAS,2026-09-03 00:07:20,Monolínea,Mono_item,Lambayeque,null,Power 59.90 N,null
Netcall,1 sept 2026,10,914791272,9147912728165541969432,9283,Outbound,Portabilidad Postpago,RETIRO EN TIENDA,Retiro en tienda,8014,ABIERTAS,Pendiente Entrega,Pendiente Entrega,NET_SGONZALESF,SIM,1 sept 2026,null,null,No,ABIERTAS,null,Monolínea,Mono_item,Lambayeque,null,null,Power 59.90 N
Netcall,2 sept 2026,14,915304350,9153043508170816922937,9283,Outbound,Portabilidad Postpago,PROGRAMADO,Logixtal,5024,ABIERTAS,Pendiente Entrega,Pendiente Entrega,NET_ABARRERAY,SIM,3 sept 2026,null,null,No,ABIERTAS,null,Monolínea,Mono_item,Lambayeque,null,null,Power 59.90 N
Netcall,1 sept 2026,12,914826483,9148264838165884170460,9283,Outbound,Portabilidad Postpago,RETIRO EN TIENDA,Retiro en tienda,8014,CERRADAS,Entregado,Entregado,NET_CDACHAC,SIM,1 sept 2026,1 sept 2026,02/09/2026,Sí,CERRADAS,2026-09-02 01:32:28,Monolínea,Mono_item,Lambayeque,39.95,Power ilim 79.90 SD N,Power ilim 79.90 SD N
Netcall,2 sept 2026,10,915230748,9152307488170042575441,9283,Outbound,Portabilidad Postpago,RETIRO EN TIENDA,Retiro en tienda,8014,ABIERTAS,Pendiente Entrega,Pendiente Entrega,NET_SRAMOSC,SIM,2 sept 2026,null,null,No,ABIERTAS,null,Monolínea,Mono_item,Lambayeque,null,null,Power 59.90 N
Netcall,1 sept 2026,11,914813715,9148137158165761666212,9283,Outbound,Portabilidad Prepago,RETIRO EN TIENDA,Retiro en tienda,1003,CERRADAS,Entregado,Entregado,NET_VJAUREGUIM,SIM,1 sept 2026,1 sept 2026,02/09/2026,Sí,CERRADAS,2026-09-02 01:05:47,Monolínea,Mono_item,Lambayeque,29.95,Power 59.90 N,Power 59.90 N
Netcall,3 sept 2026,13,915697578,91569757889511710121058099339,9283,Outbound,Portabilidad Postpago,PROGRAMADO,Logixtal,5024,ABIERTAS,Pendiente Entrega,Pendiente de Picking,NET_ELAURAQ,SIM,10 sept 2026,null,null,No,ABIERTAS,null,Monolínea,Mono_item,Lambayeque,null,null,null
Netcall,1 sept 2026,15,914872279,9148722798166373874052,9283,Outbound,Portabilidad Postpago,RETIRO EN TIENDA,Retiro en tienda,8014,CERRADAS,Entregado,Entregado,NET_PVEGAC,SIM,1 sept 2026,1 sept 2026,02/09/2026,Sí,CERRADAS,2026-09-02 01:04:50,Monolínea,Mono_item,Lambayeque,39.95,Power ilim 79.90 SD N,Power ilim 79.90 SD N
Netcall,2 sept 2026,10,915227040,9152270408170006659189,9283,Outbound,Portabilidad Postpago,RETIRO EN TIENDA,Retiro en tienda,8014,ABIERTAS,Pendiente Entrega,Pendiente Entrega,NET_SRAMOSC,SIM,2 sept 2026,null,null,No,ABIERTAS,null,Multilínea,Mono_item,Lambayeque,null,null,Power ilim 79.90 SD N
Netcall,2 sept 2026,15,915327661,915327661,9283,Outbound,Portabilidad Postpago,RETIRO EN TIENDA,Retiro en tienda,7126,CERRADAS,Entregado,Entregado,NET_MGUZMANP,SIM,2 sept 2026,2 sept 2026,null,No,CERRADAS,2026-09-03 00:13:50,Monolínea,Mono_item,Lambayeque,null,Power 59.90 N,null
Netcall,1 sept 2026,9,914764797,9147647978165286053411,9283,Outbound,Portabilidad Postpago,RETIRO EN TIENDA,Retiro en tienda,7126,CERRADAS,Entregado,Entregado,NET_SFAJARDON,SIM,1 sept 2026,1 sept 2026,02/09/2026,Sí,CERRADAS,2026-09-02 00:59:01,Monolínea,Mono_item,Lambayeque,39.95,Power ilim 79.90 SD N,Power ilim 79.90 SD N
Netcall,3 sept 2026,11,915665435,91566543589511710111068660477,9283,Outbound,Portabilidad Postpago,PROGRAMADO,Logixtal,5024,ABIERTAS,Pendiente Entrega,Pendiente de Picking,NET_RALVAREZV,SIM,10 sept 2026,null,null,No,ABIERTAS,null,Monolínea,Mono_item,Lambayeque,null,null,null
Netcall,2 sept 2026,11,915248415,9152484158170210623736,9283,Outbound,Portabilidad Postpago,PROGRAMADO,Logixtal,5024,ABIERTAS,Pendiente Entrega,Pendiente Entrega,TLV_NET_EBULNES,SIM,3 sept 2026,null,null,No,ABIERTAS,null,Multilínea,Mono_item,Lambayeque,null,null,Power ilim 79.90 SD N
Netcall,2 sept 2026,11,915245328,9152453288170181328208,9283,Outbound,Portabilidad Postpago,PROGRAMADO,Logixtal,5024,ABIERTAS,Pendiente Entrega,Pendiente Entrega,TLV_NET_EBULNES,SIM,3 sept 2026,null,null,No,ABIERTAS,null,Multilínea,Mono_item,Lambayeque,null,null,Power ilim 79.90 SD N
Netcall,2 sept 2026,10,915228034,9152280348170021003008,9283,Outbound,Portabilidad Postpago,RETIRO EN TIENDA,Retiro en tienda,8014,ABIERTAS,Pendiente Entrega,Pendiente Entrega,NET_SRAMOSC,SIM,2 sept 2026,null,null,No,ABIERTAS,null,Multilínea,Mono_item,Lambayeque,null,null,Power ilim 79.90 SD N
Netcall,2 sept 2026,11,915254018,915254018,9271,Outbound,Portabilidad Postpago,EXPRESS,Logixtal,9001,CERRADAS,Entregado,Entregado,NET_FCASTILLOG,SIM,2 sept 2026,2 sept 2026,null,No,CERRADAS,2026-09-03 00:39:46,Monolínea,Mono_item,Lima - Callao,null,Power 59.90 N,null
Netcall,2 sept 2026,12,915270433,9152704338170429994407,9271,Outbound,Portabilidad Postpago,EXPRESS,Logixtal,9001,CERRADAS,Entregado,Entregado,NET_FQUISPEP,SIM,2 sept 2026,2 sept 2026,null,No,CERRADAS,2026-09-03 01:12:44,Monolínea,Mono_item,Lima - Callao,null,Power ilim 69.90 N,Power ilim 69.90 N
Netcall,2 sept 2026,11,915259441,9152594418170325465084,9283,Outbound,Portabilidad Postpago,PROGRAMADO,Logixtal,9001,ABIERTAS,Pendiente Entrega,Pendiente Entrega,NET_GLOPEZF,SIM,3 sept 2026,null,null,No,ABIERTAS,null,Monolínea,Mono_item,Lima - Callao,null,null,Power ilim 69.90 N
Netcall,2 sept 2026,14,915311015,9153110158170858050958,9265,Outbound,Portabilidad Postpago,PROGRAMADO,Logixtal,9001,ABIERTAS,Pendiente Entrega,Pendiente Entrega,NET_IRODRIGUEZS,SIM,3 sept 2026,null,null,No,ABIERTAS,null,Monolínea,Mono_item,Lima - Callao,null,null,Power ilim 79.90 SD N
Netcall,2 sept 2026,9,915221482,9152214828169951320642,9283,Outbound,Portabilidad Postpago,PROGRAMADO,Logixtal,5024,ABIERTAS,Pendiente Entrega,Pendiente Entrega,NET_JSANGAMA,SIM,4 sept 2026,null,null,No,ABIERTAS,null,Monolínea,Mono_item,Lambayeque,null,null,Power ilim 79.90 SD N
Netcall,2 sept 2026,10,915227900,9152279008170019935978,9283,Outbound,Portabilidad Postpago,EXPRESS,Logixtal,9001,CERRADAS,Entregado,Entregado,TLV_NET_RSORIAH,SIM,2 sept 2026,2 sept 2026,null,No,CERRADAS,2026-09-03 00:46:09,Monolínea,Mono_item,Lima - Callao,null,Power 59.90 N,Power 59.90 N
Netcall,1 sept 2026,11,914808002,9148080028165704973151,9283,Outbound,Portabilidad Postpago,EXPRESS,Logixtal,9001,CERRADAS,Entregado,Entregado,NET_MDONAYRE,SIM,1 sept 2026,1 sept 2026,02/09/2026,Sí,CERRADAS,2026-09-02 01:11:02,Multilínea,Mono_item,Lima - Callao,29.91303,Power ilim 79.90 SD N,Power ilim 79.90 SD N
Netcall,2 sept 2026,15,915329584,9153295848171053659142,9271,Outbound,Portabilidad Postpago,PROGRAMADO,Logixtal,9001,ABIERTAS,Pendiente Entrega,Pendiente Entrega,NET_CDIAZG,SIM,3 sept 2026,null,null,No,ABIERTAS,null,Monolínea,Mono_item,Lima - Callao,null,null,Power 59.90 N
Netcall,2 sept 2026,17,915363653,9153636538171415129613,9259,Outbound,Portabilidad Postpago,PROGRAMADO,Logixtal,9001,ABIERTAS,Pendiente Entrega,Pendiente Entrega,TLV_NET_MRONCAL,SIM,3 sept 2026,null,null,No,ABIERTAS,null,Monolínea,Mono_item,Lima - Callao,null,null,Power 59.90 N
Netcall,1 sept 2026,19,914945252,9149452528167158025043,9283,Outbound,Portabilidad Postpago,PROGRAMADO,Logixtal,5024,ABIERTAS,Pendiente Entrega,Pendiente Entrega,NET_EVELASQUEZB,SIM,2 sept 2026,null,null,No,ABIERTAS,null,Monolínea,Mono_item,Lambayeque,null,null,Power 59.90 N
Netcall,1 sept 2026,12,914830541,9148305418165929050108,9283,Outbound,Portabilidad Postpago,EXPRESS,Logixtal,9001,CERRADAS,Entregado,Entregado,NET_MCSANCHEZ,SIM,1 sept 2026,1 sept 2026,02/09/2026,Sí,CERRADAS,2026-09-02 01:18:13,Monolínea,Mono_item,Lima - Callao,39.95,Power ilim 79.90 SD N,Power ilim 79.90 SD N
Netcall,1 sept 2026,11,914800784,9148007848165628569782,9283,Outbound,Portabilidad Postpago,EXPRESS,Logixtal,9001,CERRADAS,Entregado,Entregado,NET_SCANTOT,SIM,1 sept 2026,1 sept 2026,02/09/2026,Sí,CERRADAS,2026-09-02 00:27:25,Monolínea,Mono_item,Lima - Callao,29.95,Power 59.90 N,Power 59.90 N
Netcall,1 sept 2026,11,914807019,9148070198165688698865,9283,Outbound,Venta Regular / Alta,EXPRESS,Logixtal,9001,CERRADAS,Entregado,Entregado,NET_MDONAYRE,SIM,1 sept 2026,1 sept 2026,01/09/2026,Sí,CERRADAS,2026-09-01 13:31:56,Multilínea,Mono_item,Lima - Callao,39.95,Power ilim 79.90 SD N,Power ilim 79.90 SD N
Netcall,2 sept 2026,10,915228306,9152283068170017256189,9283,Outbound,Portabilidad Postpago,EXPRESS,Logixtal,9001,CERRADAS,Entregado,Entregado,NET_ATORRESP,SIM,2 sept 2026,2 sept 2026,null,No,CERRADAS,2026-09-03 01:52:20,Multilínea,Mono_item,Lima - Callao,null,Power ilim 79.90 SD N,Power ilim 79.90 SD N
Netcall,1 sept 2026,14,914857372,9148573728166218365343,9283,Outbound,Portabilidad Postpago,EXPRESS,Logixtal,9001,CERRADAS,Entregado,Entregado,NET_APACHECO,SIM,1 sept 2026,1 sept 2026,02/09/2026,Sí,CERRADAS,2026-09-02 00:20:15,Multilínea,Mono_item,Lima - Callao,19.95,Power ilim 79.90 SD N,Power ilim 79.90 SD N
Netcall,2 sept 2026,18,915371446,9153714468171495062171,9283,Outbound,Portabilidad Postpago,PROGRAMADO,Logixtal,9001,ABIERTAS,Pendiente Entrega,Pendiente Entrega,NET_ACORDOVAS,SIM,3 sept 2026,null,null,No,ABIERTAS,null,Monolínea,Mono_item,Lima - Callao,null,null,Power ilim 79.90 SD N
Netcall,1 sept 2026,12,914834700,9148347008165971483361,9283,Outbound,Portabilidad Postpago,EXPRESS,Logixtal,9001,CERRADAS,Entregado,Entregado,NET_ELAURAQ,SIM,1 sept 2026,1 sept 2026,02/09/2026,Sí,CERRADAS,2026-09-02 01:15:20,Monolínea,Mono_item,Lima - Callao,39.95,Power ilim 79.90 SD N,Power ilim 79.90 SD N
Netcall,2 sept 2026,11,915261990,9152619908170342169904,9271,Outbound,Portabilidad Postpago,EXPRESS,Logixtal,9001,CERRADAS,Entregado,Entregado,NET_PHUAMANM,SIM,2 sept 2026,2 sept 2026,null,No,CERRADAS,2026-09-03 01:52:24,Monolínea,Mono_item,Lima - Callao,null,Power 59.90 N,Power 59.90 N
Netcall,1 sept 2026,16,914895759,9148957598166638857525,9283,Outbound,Portabilidad Postpago,PROGRAMADO,Logixtal,9001,CERRADAS,Entregado,Entregado,NET_LCALDERONC,SIM,2 sept 2026,2 sept 2026,null,No,CERRADAS,2026-09-03 00:54:28,Monolínea,Mono_item,Lima - Callao,null,Power ilim 79.90 SD N,Power ilim 79.90 SD N
Netcall,1 sept 2026,8,914732573,9147325738165047215265,9283,Outbound,Portabilidad Postpago,EXPRESS,Logixtal,9001,CERRADAS,Entregado,Entregado,TLV_NET_DVALOI,SIM,1 sept 2026,1 sept 2026,02/09/2026,Sí,CERRADAS,2026-09-02 04:00:48,Multilínea,Mono_item,Lima - Callao,39.95,Power ilim 79.90 SD N,Power ilim 79.90 SD N
Netcall,1 sept 2026,10,914785349,9147853498165476514321,9283,Outbound,Portabilidad Postpago,EXPRESS,Logixtal,9001,CANCELADAS,Anulado,CLIENTE DESISTE - NO BRINDA MOTIVOS,NET_LCCASTILLO,SIM,1 sept 2026,null,null,No,CANCELADAS,2026-09-01 17:54:45,Monolínea,Mono_item,Lima - Callao,null,null,Power ilim 79.90 SD N
Netcall,1 sept 2026,10,914778530,9147785308165418471739,9283,Outbound,Portabilidad Postpago,EXPRESS,Logixtal,9001,CANCELADAS,Anulado,PIN PORTA_NO VALIDO,NET_KCHUNAP,SIM,1 sept 2026,null,null,No,CANCELADAS,2026-09-02 10:47:49,Monolínea,Mono_item,Lima - Callao,null,null,Power 59.90 N
Netcall,3 sept 2026,10,915635997,91563599789511710111073974301,9283,Outbound,Portabilidad Postpago,EXPRESS,Logixtal,9001,CANCELADAS,Pendiente Entrega,Pendiente de Picking,NET_JIYASHAMAR,SIM,3 sept 2026,null,null,No,CANCELADAS,2026-09-03 10:59:21,Multilínea,Mono_item,Lima - Callao,null,null,null
Netcall,1 sept 2026,13,914845216,9148452168166089872118,9283,Outbound,Portabilidad Postpago,PROGRAMADO,Logixtal,9001,CERRADAS,Entregado,Entregado,NET_MVASQUEZV,SIM,2 sept 2026,2 sept 2026,null,No,CERRADAS,2026-09-03 02:29:38,Multilínea,Mono_item,Lima - Callao,null,Power ilim 79.90 SD N,Power ilim 79.90 SD N
Netcall,1 sept 2026,17,914912114,9149121148166825887653,9283,Outbound,Portabilidad Postpago,PROGRAMADO,Logixtal,9001,CERRADAS,Entregado,Entregado,NET_KORTIZD,SIM,2 sept 2026,2 sept 2026,null,No,CERRADAS,2026-09-03 01:52:13,Monolínea,Mono_item,Lima - Callao,null,Power ilim 79.90 SD N,Power ilim 79.90 SD N
Netcall,1 sept 2026,8,914730849,9147308498165032664625,9283,Outbound,Portabilidad Postpago,EXPRESS,Logixtal,9001,CERRADAS,Entregado,Entregado,TLV_NET_DVALOI,SIM,1 sept 2026,1 sept 2026,02/09/2026,Sí,CERRADAS,2026-09-02 00:42:29,Multilínea,Mono_item,Lima - Callao,19.95,Power ilim 79.90 SD N,Power ilim 79.90 SD N
Netcall,1 sept 2026,12,914834587,9148345878165971130397,9283,Outbound,Portabilidad Postpago,EXPRESS,Logixtal,9001,CERRADAS,Entregado,Entregado,NET_LTVENTURAG,SIM,1 sept 2026,1 sept 2026,02/09/2026,Sí,CERRADAS,2026-09-02 00:59:22,Multilínea,Multi_item,Lima - Callao,39.95,Power ilim 79.90 SD N,Power ilim 79.90 SD N
Netcall,1 sept 2026,10,914795802,9147958028165579003636,9283,Outbound,Portabilidad Postpago,EXPRESS,Logixtal,9001,CANCELADAS,Anulado,CLIENTE DESISTE - NO BRINDA MOTIVOS,TLV_NET_JSILVAT,SIM,1 sept 2026,null,null,No,CANCELADAS,2026-09-02 13:54:50,Monolínea,Mono_item,Lima - Callao,null,null,Power ilim 79.90 SD N
Netcall,1 sept 2026,11,914809014,9148090148165715610254,9283,Outbound,Portabilidad Postpago,EXPRESS,Logixtal,9001,CERRADAS,Entregado,Entregado,NET_JGUIOP,SIM,1 sept 2026,1 sept 2026,02/09/2026,Sí,CERRADAS,2026-09-02 01:06:19,Monolínea,Mono_item,Lima - Callao,34.95,Power ilim 69.90 N,Power ilim 69.90 N
Netcall,1 sept 2026,12,914834587,9148345878165971130616,9283,Outbound,Portabilidad Postpago,EXPRESS,Logixtal,9001,CERRADAS,Entregado,Entregado,NET_LTVENTURAG,SIM,1 sept 2026,1 sept 2026,02/09/2026,Sí,CERRADAS,2026-09-02 00:59:22,Multilínea,Multi_item,Lima - Callao,19.95,Power ilim 79.90 SD N,Power ilim 79.90 SD N
Netcall,2 sept 2026,16,915343521,915343521,9283,Outbound,Portabilidad Postpago,EXPRESS,Logixtal,5024,CERRADAS,Entregado,Entregado,NET_SMENDOZAV,SIM,2 sept 2026,2 sept 2026,null,No,CERRADAS,2026-09-03 00:10:32,Multilínea,Mono_item,Lambayeque,null,Power ilim 79.90 SD N,null
Netcall,3 sept 2026,14,915722325,915722325Empty,9283,Outbound,Portabilidad Postpago,EXPRESS,Logixtal,9001,ABIERTAS,Pendiente Entrega,Pendiente de Picking,NET_BYAUYOD,SIM,3 sept 2026,null,null,No,ABIERTAS,null,Monolínea,Mono_item,Lima - Callao,null,null,null
Netcall,3 sept 2026,9,915627022,91562702289511710111068699772,9283,Outbound,Portabilidad Postpago,EXPRESS,Logixtal,5024,ABIERTAS,Pendiente Entrega,Pendiente de Picking,NET_JVALVERDEV,SIM,3 sept 2026,null,null,No,ABIERTAS,null,Monolínea,Mono_item,Lambayeque,null,null,null
Netcall,3 sept 2026,13,915695456,91569545689511710111071475103,9283,Outbound,Portabilidad Postpago,EXPRESS,Logixtal,9001,ABIERTAS,Entregado,Entregado,NET_LYAIPENARRO,SIM,3 sept 2026,null,null,No,ABIERTAS,null,Monolínea,Mono_item,Lima - Callao,null,null,null
Netcall,2 sept 2026,16,915345278,9153452788171214064145,9283,Outbound,Portabilidad Postpago,EXPRESS,Logixtal,5024,CERRADAS,Entregado,Entregado,NET_SMENDOZAV,SIM,2 sept 2026,2 sept 2026,null,No,CERRADAS,2026-09-03 01:55:24,Multilínea,Mono_item,Lambayeque,null,Power ilim 79.90 SD N,Power ilim 79.90 SD N
Netcall,2 sept 2026,15,915320876,9153208768170968013360,9283,Outbound,Portabilidad Postpago,PROGRAMADO,Logixtal,9001,ABIERTAS,Pendiente Entrega,Pendiente Entrega,TLV_NET_NHUAMAA,SIM,3 sept 2026,null,null,No,ABIERTAS,null,Monolínea,Mono_item,Lima - Callao,null,null,Power ilim 69.90 N
Netcall,2 sept 2026,10,915229352,9152293528170031836204,9283,Outbound,Portabilidad Postpago,EXPRESS,Logixtal,9001,CERRADAS,Entregado,Entregado,NET_ATORRESP,SIM,2 sept 2026,2 sept 2026,null,No,CERRADAS,2026-09-03 00:41:08,Multilínea,Mono_item,Lima - Callao,null,Power ilim 79.90 SD N,Power ilim 79.90 SD N
Netcall,2 sept 2026,16,915344371,9153443718171209699195,9283,Outbound,Portabilidad Postpago,EXPRESS,Logixtal,5024,CERRADAS,Entregado,Entregado,NET_SMENDOZAV,SIM,2 sept 2026,2 sept 2026,null,No,CERRADAS,2026-09-03 01:14:53,Multilínea,Mono_item,Lambayeque,null,Power ilim 79.90 SD N,Power ilim 79.90 SD N
Netcall,3 sept 2026,14,915720513,915720513Empty,9283,Outbound,Portabilidad Postpago,PROGRAMADO,Logixtal,9001,ABIERTAS,Pendiente Entrega,Pendiente de Picking,NET_CIOLAYAR,SIM,4 sept 2026,null,null,No,ABIERTAS,null,Multilínea,Mono_item,Lima - Callao,null,null,null
Netcall,3 sept 2026,10,915646200,91564620089511710111073738417,9283,Outbound,Portabilidad Postpago,EXPRESS,Logixtal,9001,ABIERTAS,Entregado,Entregado,TLV_NET_BRAMIRE,SIM,3 sept 2026,null,null,No,ABIERTAS,null,Monolínea,Mono_item,Lima - Callao,null,null,null
Netcall,3 sept 2026,10,915648135,91564813589511710101029352991,9265,Outbound,Venta Regular / Alta,EXPRESS,Logixtal,9001,CERRADAS,Entregado,Entregado,NET_IRODRIGUEZS,SIM,3 sept 2026,3 sept 2026,null,No,CERRADAS,2026-09-03 14:43:02,Multilínea,Mono_item,Lima - Callao,null,null,null
Netcall,2 sept 2026,10,915230813,9152308138170043010354,9283,Outbound,Portabilidad Postpago,EXPRESS,Logixtal,9001,CERRADAS,Entregado,Entregado,NET_MORIHUELAQ,SIM,2 sept 2026,2 sept 2026,null,No,CERRADAS,2026-09-03 02:04:25,Monolínea,Mono_item,Lima - Callao,null,Power 59.90 N,Power 59.90 N
Netcall,3 sept 2026,10,915634689,91563468989511710111073974418,9283,Outbound,Portabilidad Postpago,EXPRESS,Logixtal,9001,CANCELADAS,Pendiente Entrega,Pendiente de Picking,NET_JIYASHAMAR,SIM,3 sept 2026,null,null,No,CANCELADAS,2026-09-03 10:57:09,Multilínea,Mono_item,Lima - Callao,null,null,null
Netcall,2 sept 2026,12,915267013,9152670138170395726148,9283,Outbound,Portabilidad Postpago,EXPRESS,Logixtal,9001,ABIERTAS,Pendiente Entrega,Pendiente Entrega,NET_MFERRER,SIM,2 sept 2026,null,null,No,ABIERTAS,null,Multilínea,Mono_item,Lima - Callao,null,null,Power ilim 69.90 N
Netcall,2 sept 2026,10,915236593,9152365938170100041304,9283,Outbound,Portabilidad Postpago,EXPRESS,Logixtal,9001,CERRADAS,Entregado,Entregado,NET_KAGRAMONTEM,SIM,2 sept 2026,2 sept 2026,null,No,CERRADAS,2026-09-03 02:03:02,Multilínea,Mono_item,Lima - Callao,null,Power ilim 79.90 SD N,Power ilim 79.90 SD N
Netcall,1 sept 2026,14,914858358,9148583588166227440104,9283,Outbound,Venta Regular / Alta,EXPRESS,Logixtal,9001,CERRADAS,Entregado,Entregado,NET_APACHECO,SIM,1 sept 2026,1 sept 2026,01/09/2026,Sí,CERRADAS,2026-09-01 15:50:46,Multilínea,Mono_item,Lima - Callao,39.95,Power ilim 79.90 SD N,Power ilim 79.90 SD N
Netcall,3 sept 2026,10,915649990,91564999089511710101029352983,9265,Outbound,Portabilidad Postpago,EXPRESS,Logixtal,9001,ABIERTAS,Entregado,Entregado,NET_IRODRIGUEZS,SIM,3 sept 2026,null,null,No,ABIERTAS,null,Multilínea,Mono_item,Lima - Callao,null,null,null
Netcall,1 sept 2026,12,914821077,9148210778165833710766,9283,Outbound,Portabilidad Postpago,EXPRESS,Logixtal,9001,CERRADAS,Entregado,Entregado,NET_MORIHUELAQ,SIM,1 sept 2026,1 sept 2026,02/09/2026,Sí,CERRADAS,2026-09-02 00:06:25,Monolínea,Mono_item,Lima - Callao,34.95,Power ilim 69.90 N,Power ilim 69.90 N
Netcall,2 sept 2026,7,915146173,9151461738169402874786,9283,Outbound,Portabilidad Postpago,EXPRESS,Logixtal,9001,CANCELADAS,Anulado,PIN PORTA_NO VALIDO,NET_MFERRER,SIM,2 sept 2026,null,null,No,CANCELADAS,2026-09-02 08:45:30,Multilínea,Mono_item,Lima - Callao,null,null,Power ilim 69.90 N
Netcall,2 sept 2026,10,915235415,915235415,9283,Outbound,Portabilidad Postpago,EXPRESS,Logixtal,9001,CERRADAS,Entregado,Entregado,NET_KAGRAMONTEM,SIM,2 sept 2026,2 sept 2026,null,No,CERRADAS,2026-09-03 00:09:03,Multilínea,Mono_item,Lima - Callao,null,Power ilim 79.90 SD N,null
Netcall,1 sept 2026,17,914910064,9149100648166801043350,9271,Outbound,Portabilidad Postpago,PROGRAMADO,Logixtal,9001,CERRADAS,Entregado,Entregado,NET_LNECIOSUPC,SIM,2 sept 2026,2 sept 2026,null,No,CERRADAS,2026-09-03 03:30:29,Monolínea,Mono_item,Lima - Callao,null,Power 59.90 N,Power 59.90 N
Netcall,2 sept 2026,11,915258085,915258085,5299,Outbound,Portabilidad Postpago,EXPRESS,Logixtal,5024,CERRADAS,Entregado,Entregado,NET_MMENDOZAV,SIM,2 sept 2026,2 sept 2026,null,No,CERRADAS,2026-09-03 00:29:59,Monolínea,Mono_item,Lambayeque,null,Power 59.90 N,null
Netcall,3 sept 2026,9,915627430,91562743089511710111068699780,9283,Outbound,Portabilidad Postpago,EXPRESS,Logixtal,5024,ABIERTAS,Entregado,Entregado,TLV_NET_SVALDEZ,SIM,3 sept 2026,null,null,No,ABIERTAS,null,Monolínea,Mono_item,Lambayeque,null,null,null
Netcall,1 sept 2026,11,914800519,9148005198165630365247,9283,Outbound,Portabilidad Postpago,EXPRESS,Logixtal,9001,CANCELADAS,Anulado,ZONA PELIGROSA,NET_LLOBATONV,SIM,1 sept 2026,null,null,No,CANCELADAS,2026-09-01 11:33:13,Monolínea,Mono_item,Lima - Callao,null,null,Power ilim 79.90 SD N
Netcall,1 sept 2026,15,914875599,9148755998166419494328,9283,Outbound,Portabilidad Postpago,EXPRESS,Logixtal,5024,ABIERTAS,Anulado,CLIENTE NO PODRA ATENDER,NET_PWEILLH,SIM,1 sept 2026,null,null,No,ABIERTAS,null,Monolínea,Mono_item,Lambayeque,null,null,Power ilim 79.90 SD N
Netcall,1 sept 2026,16,914901130,9149011308166698006962,9271,Outbound,Portabilidad Postpago,PROGRAMADO,Logixtal,9001,CERRADAS,Entregado,Entregado,NET_MGSGRADOS,SIM,2 sept 2026,2 sept 2026,null,No,CERRADAS,2026-09-03 00:48:50,Monolínea,Mono_item,Lima - Callao,null,Power 59.90 N,Power 59.90 N
Netcall,2 sept 2026,11,915263048,915263048,9283,Outbound,Portabilidad Postpago,EXPRESS,Logixtal,5024,CERRADAS,Entregado,Entregado,NET_EVELASQUEZB,SIM,2 sept 2026,2 sept 2026,null,No,CERRADAS,2026-09-03 00:23:18,Monolínea,Mono_item,Lambayeque,null,Power 59.90 N,null
Netcall,3 sept 2026,9,915626094,91562609489511710111073738433,5299,Outbound,Portabilidad Postpago,EXPRESS,Logixtal,9001,ABIERTAS,Entregado,Entregado,NET_JBOZAC,SIM,3 sept 2026,null,null,No,ABIERTAS,null,Monolínea,Mono_item,Lima - Callao,null,null,null
Netcall,3 sept 2026,10,915638462,91563846289511710111073974319,9283,Outbound,Portabilidad Postpago,EXPRESS,Logixtal,9001,ABIERTAS,Entregado,Entregado,NET_MMREVILLA,SIM,3 sept 2026,null,null,No,ABIERTAS,null,Monolínea,Mono_item,Lima - Callao,null,null,null
Netcall,3 sept 2026,14,915717577,915717577Empty,9283,Outbound,Portabilidad Postpago,PROGRAMADO,Logixtal,9001,ABIERTAS,Pendiente Entrega,Pendiente de Picking,NET_CIOLAYAR,SIM,4 sept 2026,null,null,No,ABIERTAS,null,Multilínea,Mono_item,Lima - Callao,null,null,null
Netcall,1 sept 2026,13,914847006,9148470068166105647016,9283,Outbound,Portabilidad Postpago,PROGRAMADO,Logixtal,9001,CERRADAS,Entregado,Entregado,NET_MVASQUEZV,SIM,2 sept 2026,2 sept 2026,null,No,CERRADAS,2026-09-03 02:19:29,Multilínea,Mono_item,Lima - Callao,null,Power ilim 79.90 SD N,Power ilim 79.90 SD N
Netcall,1 sept 2026,8,914749949,9147499498165176284848,9283,Outbound,Portabilidad Postpago,PROGRAMADO,Logixtal,5021,CERRADAS,Entregado,Entregado,NET_YVEGASA,SIM,9 sept 2026,2 sept 2026,null,No,CERRADAS,2026-09-03 01:48:47,Multilínea,Mono_item,Piura,null,Power ilim 79.90 SD N,Power ilim 79.90 SD N
Netcall,2 sept 2026,10,915234381,9152343818170073344217,9283,Outbound,Portabilidad Postpago,PROGRAMADO,Logixtal,5021,ABIERTAS,Pendiente Entrega,Pendiente Entrega,NET_JIYASHAMAR,SIM,9 sept 2026,null,null,No,ABIERTAS,null,Monolínea,Mono_item,Piura,null,null,Power ilim 69.90 N
Netcall,3 sept 2026,12,915691838,91569183889511710111070511825,9283,Outbound,Portabilidad Postpago,PROGRAMADO,Logixtal,5021,ABIERTAS,Pendiente Entrega,Pendiente de Picking,NET_SMORES,SIM,9 sept 2026,null,null,No,ABIERTAS,null,Monolínea,Mono_item,Piura,null,null,null
Netcall,2 sept 2026,16,915332132,9153321328171175251126,9271,Outbound,Portabilidad Postpago,PROGRAMADO,Logixtal,5021,ABIERTAS,Pendiente Entrega,Pendiente Entrega,NET_BATOP,SIM,9 sept 2026,null,null,No,ABIERTAS,null,Monolínea,Mono_item,Piura,null,null,Power ilim 69.90 N
Netcall,3 sept 2026,13,915696264,91569626489511710111070510389,9283,Outbound,Portabilidad Postpago,PROGRAMADO,Logixtal,5021,ABIERTAS,Pendiente Entrega,Pendiente de Picking,NET_JCALDASB,SIM,9 sept 2026,null,null,No,ABIERTAS,null,Monolínea,Mono_item,Piura,null,null,null
Netcall,1 sept 2026,8,914740354,914740354,9283,Outbound,Portabilidad Postpago,PROGRAMADO,Logixtal,5021,CERRADAS,Entregado,Entregado,NET_YVEGASA,SIM,2 sept 2026,2 sept 2026,null,No,CERRADAS,2026-09-03 00:28:23,Multilínea,Mono_item,Piura,null,Power ilim 79.90 SD N,null
Netcall,3 sept 2026,10,915643103,91564310389511710101080366005,9271,Outbound,Portabilidad Postpago,EXPRESS,Logixtal,9001,ABIERTAS,Pendiente Entrega,Pendiente de Picking,NET_LGOMEZA,SIM,3 sept 2026,null,null,No,ABIERTAS,null,Multilínea,Mono_item,Lima - Callao,null,null,null
Netcall,3 sept 2026,10,915649021,91564902189511710101080366039,9271,Outbound,Venta Regular / Alta,EXPRESS,Logixtal,9001,ABIERTAS,Pendiente Entrega,Pendiente de Picking,NET_LGOMEZA,SIM,3 sept 2026,null,null,No,ABIERTAS,null,Multilínea,Mono_item,Lima - Callao,null,null,null
Netcall,3 sept 2026,10,915645632,91564563289511710101080366021,9271,Outbound,Portabilidad Postpago,EXPRESS,Logixtal,9001,ABIERTAS,Pendiente Entrega,Pendiente de Picking,NET_LGOMEZA,SIM,3 sept 2026,null,null,No,ABIERTAS,null,Multilínea,Mono_item,Lima - Callao,null,null,null
Netcall,3 sept 2026,10,915644454,91564445489511710101080366013,9271,Outbound,Portabilidad Postpago,EXPRESS,Logixtal,9001,ABIERTAS,Pendiente Entrega,Pendiente de Picking,NET_LGOMEZA,SIM,3 sept 2026,null,null,No,ABIERTAS,null,Multilínea,Mono_item,Lima - Callao,null,null,null
Netcall,3 sept 2026,14,915726888,915726888Empty,9283,Outbound,Portabilidad Postpago,EXPRESS,Logixtal,9001,ABIERTAS,Pendiente Entrega,Pendiente de Picking,NET_JSANGAMAT,SIM,3 sept 2026,null,null,No,ABIERTAS,null,Multilínea,Mono_item,Lima - Callao,null,null,null
Netcall,2 sept 2026,9,915220531,9152205318169940526844,9283,Outbound,Portabilidad Postpago,EXPRESS,Logixtal,9001,CERRADAS,Entregado,Entregado,NET_JYPEREZV,SIM,2 sept 2026,2 sept 2026,null,No,CERRADAS,2026-09-03 01:16:17,Monolínea,Mono_item,Lima - Callao,null,Power 59.90 N,Power 59.90 N
Netcall,1 sept 2026,18,914923714,9149237148166941717436,9289,Outbound,Portabilidad Postpago,EXPRESS,Logixtal,9001,CERRADAS,Entregado,Entregado,TLV_NET_MLANDAR,SIM,1 sept 2026,1 sept 2026,02/09/2026,Sí,CERRADAS,2026-09-02 00:55:09,Monolínea,Mono_item,Lima - Callao,29.95,Power 59.90 N,Power 59.90 N
Netcall,3 sept 2026,14,915715324,91571532489511710111073924967,9271,Outbound,Portabilidad Postpago,EXPRESS,Logixtal,9001,CANCELADAS,Pendiente Entrega,Pendiente de Picking,NET_LDIAZA,SIM,3 sept 2026,null,null,No,CANCELADAS,2026-09-03 14:57:24,Monolínea,Mono_item,Lima - Callao,null,null,null
Netcall,1 sept 2026,14,914853895,9148538958166179045924,9283,Outbound,Portabilidad Postpago,EXPRESS,Logixtal,9001,CERRADAS,Entregado,Entregado,NET_JRIVADENEIC,SIM,1 sept 2026,1 sept 2026,02/09/2026,Sí,CERRADAS,2026-09-02 01:50:02,Monolínea,Mono_item,Lima - Callao,29.95,Power 59.90 N,Power 59.90 N
Netcall,1 sept 2026,16,914898774,9148987748166675095295,9289,Outbound,Portabilidad Postpago,EXPRESS,Logixtal,9001,CERRADAS,Entregado,Entregado,TLV_NET_MLANDAR,SIM,1 sept 2026,1 sept 2026,02/09/2026,Sí,CERRADAS,2026-09-02 00:29:01,Monolínea,Mono_item,Lima - Callao,29.95,Power 59.90 N,Power 59.90 N
Netcall,2 sept 2026,12,915277742,9152777428170549098869,9283,Outbound,Portabilidad Postpago,EXPRESS,Logixtal,9001,ABIERTAS,Pendiente Entrega,Pendiente Entrega,NET_LFIESTASG,SIM,2 sept 2026,null,null,No,ABIERTAS,null,Monolínea,Mono_item,Lima - Callao,null,null,Power 59.90 N
Netcall,3 sept 2026,9,915632699,91563269989511710111073796563,9283,Outbound,Portabilidad Postpago,EXPRESS,Logixtal,9001,ABIERTAS,Entregado,Entregado,TLV_NET_LSANCHA,SIM,3 sept 2026,null,null,No,ABIERTAS,null,Multilínea,Mono_item,Lima - Callao,null,null,null
Netcall,1 sept 2026,17,914908237,9149082378166782213544,9283,Outbound,Portabilidad Postpago,EXPRESS,Logixtal,9001,CERRADAS,Entregado,Entregado,NET_KROJASNAUPA,SIM,1 sept 2026,1 sept 2026,02/09/2026,Sí,CERRADAS,2026-09-02 03:18:06,Monolínea,Mono_item,Lima - Callao,39.95,Power ilim 79.90 SD N,Power ilim 79.90 SD N
Netcall,3 sept 2026,9,915631148,91563114889511710111073796571,9283,Outbound,Portabilidad Postpago,EXPRESS,Logixtal,9001,ABIERTAS,Entregado,Entregado,TLV_NET_LSANCHA,SIM,3 sept 2026,null,null,No,ABIERTAS,null,Multilínea,Mono_item,Lima - Callao,null,null,null
Netcall,3 sept 2026,12,915684745,91568474589511710111073796506,9283,Outbound,Portabilidad Postpago,EXPRESS,Logixtal,9001,ABIERTAS,Pendiente Entrega,Pendiente de Picking,TLV_NET_FVALQUI,SIM,3 sept 2026,null,null,No,ABIERTAS,null,Monolínea,Mono_item,Lima - Callao,null,null,null
Netcall,2 sept 2026,11,915246305,915246305,9283,Outbound,Portabilidad Postpago,EXPRESS,Logixtal,9001,CERRADAS,Entregado,Entregado,TLV_NET_KARANDA,SIM,2 sept 2026,2 sept 2026,null,No,CERRADAS,2026-09-03 00:31:11,Multilínea,Mono_item,Lima - Callao,null,Power ilim 79.90 SD N,null
Netcall,1 sept 2026,10,914780802,9147808028165436745633,9283,Outbound,Portabilidad Postpago,EXPRESS,Logixtal,9001,CANCELADAS,Anulado,PIN PORTA_NO VALIDO,NET_JQUINECHEB,SIM,1 sept 2026,null,null,No,CANCELADAS,2026-09-01 15:33:05,Monolínea,Mono_item,Lima - Callao,null,null,Power 59.90 N
Netcall,2 sept 2026,11,915249274,915249274,9283,Outbound,Portabilidad Postpago,EXPRESS,Logixtal,9001,CERRADAS,Entregado,Entregado,TLV_NET_KARANDA,SIM,2 sept 2026,2 sept 2026,null,No,CERRADAS,2026-09-03 00:18:07,Multilínea,Mono_item,Lima - Callao,null,Power ilim 79.90 SD N,null
Netcall,1 sept 2026,9,914775284,9147752848165389520040,5299,Outbound,Portabilidad Postpago,EXPRESS,Logixtal,9001,CERRADAS,Entregado,Entregado,NET_JBOZAC,SIM,1 sept 2026,1 sept 2026,02/09/2026,Sí,CERRADAS,2026-09-02 00:16:29,Monolínea,Mono_item,Lima - Callao,29.95,Power 59.90 N,Power 59.90 N
Netcall,3 sept 2026,9,915622592,91562259289511710101029951370,9283,Outbound,Portabilidad Postpago,EXPRESS,Logixtal,9001,ABIERTAS,Entregado,Entregado,NET_CIOLAYAR,SIM,3 sept 2026,null,null,No,ABIERTAS,null,Multilínea,Mono_item,Lima - Callao,null,null,null
Netcall,2 sept 2026,12,915283883,915283883,9283,Outbound,Portabilidad Postpago,EXPRESS,Logixtal,9001,CERRADAS,Entregado,Entregado,NET_SPALACIOSA,SIM,2 sept 2026,2 sept 2026,null,No,CERRADAS,2026-09-03 00:13:49,Monolínea,Mono_item,Lima - Callao,null,Power 59.90 N,null
Netcall,1 sept 2026,11,914806186,9148061868165683983345,9271,Outbound,Portabilidad Postpago,EXPRESS,Logixtal,9001,CERRADAS,Entregado,Entregado,NET_HDOMINGUEZC,SIM,1 sept 2026,1 sept 2026,02/09/2026,Sí,CERRADAS,2026-09-02 00:17:11,Monolínea,Mono_item,Lima - Callao,29.95,Power 59.90 N,Power 59.90 N
Netcall,2 sept 2026,18,915384155,9153841558171618414409,9283,Outbound,Venta Regular / Alta,EXPRESS,Logixtal,9001,ABIERTAS,Pendiente Entrega,Pendiente Entrega,NET_JLCASTILLOU,SIM,2 sept 2026,null,null,No,ABIERTAS,null,Monolínea,Mono_item,Lima - Callao,null,null,Power ilim 79.90 SD N
Netcall,3 sept 2026,9,915623089,91562308989511710101029951362,9283,Outbound,Portabilidad Postpago,EXPRESS,Logixtal,9001,ABIERTAS,Entregado,Entregado,NET_CIOLAYAR,SIM,3 sept 2026,null,null,No,ABIERTAS,null,Multilínea,Mono_item,Lima - Callao,null,null,null
Netcall,1 sept 2026,9,914763852,9147638528165273985553,9283,Outbound,Portabilidad Prepago,EXPRESS,Logixtal,9001,CERRADAS,Entregado,Entregado,TLV_NET_BCHAVEZ,SIM,1 sept 2026,1 sept 2026,02/09/2026,Sí,CERRADAS,2026-09-02 00:27:31,Monolínea,Mono_item,Lima - Callao,29.95,Power 59.90 N,Power 59.90 N
Netcall,2 sept 2026,10,915234760,9152347608170080269505,9283,Outbound,Portabilidad Postpago,EXPRESS,Logixtal,9001,CERRADAS,Entregado,Entregado,NET_FLABANM,SIM,2 sept 2026,2 sept 2026,null,No,CERRADAS,2026-09-03 01:34:10,Monolínea,Mono_item,Lima - Callao,null,Power ilim 79.90 SD N,Power ilim 79.90 SD N
Netcall,3 sept 2026,11,915659523,91565952389511710101029951347,9283,Outbound,Portabilidad Postpago,EXPRESS,Logixtal,9001,ABIERTAS,Entregado,Entregado,NET_SFARIASR,SIM,3 sept 2026,null,null,No,ABIERTAS,null,Monolínea,Mono_item,Lima - Callao,null,null,null
Netcall,2 sept 2026,17,915370082,9153700828171476933539,9283,Outbound,Portabilidad Postpago,PROGRAMADO,Logixtal,5023,ABIERTAS,Pendiente Entrega,Pendiente Entrega,NET_GDIAZS,SIM,3 sept 2026,null,null,No,ABIERTAS,null,Monolínea,Mono_item,La Libertad,null,null,Power 59.90 N
Netcall,2 sept 2026,10,915227073,9152270738170006974780,5299,Outbound,Portabilidad Postpago,EXPRESS,Logixtal,5023,CERRADAS,Entregado,Entregado,NET_RCANDIOTTIA,SIM,2 sept 2026,2 sept 2026,null,No,CERRADAS,2026-09-03 03:34:59,Multilínea,Mono_item,La Libertad,null,Power ilim 79.90 SD N,Power ilim 79.90 SD N
Netcall,1 sept 2026,14,914862090,9148620908166269259455,9283,Outbound,Portabilidad Postpago,EXPRESS,Logixtal,5023,CERRADAS,Entregado,Entregado,NET_RURBINAG,SIM,1 sept 2026,1 sept 2026,02/09/2026,Sí,CERRADAS,2026-09-02 00:28:05,Monolínea,Mono_item,La Libertad,34.95,Power ilim 69.90 N,Power ilim 69.90 N
Netcall,2 sept 2026,9,915220751,9152207518169941459639,9283,Outbound,Venta Regular / Alta,EXPRESS,Logixtal,5023,CERRADAS,Entregado,Entregado,NET_LRUIZH,SIM,2 sept 2026,2 sept 2026,02/09/2026,Sí,CERRADAS,2026-09-02 16:04:03,Monolínea,Mono_item,La Libertad,29.95,Power 59.90 N,Power 59.90 N
Netcall,2 sept 2026,11,915257933,9152579338170303197518,5299,Outbound,Venta Regular / Alta,EXPRESS,Logixtal,5023,CERRADAS,Entregado,Entregado,NET_RCANDIOTTIA,SIM,2 sept 2026,2 sept 2026,02/09/2026,Sí,CERRADAS,2026-09-02 14:59:25,Multilínea,Mono_item,La Libertad,39.95,Power ilim 79.90 SD N,Power ilim 79.90 SD N
Netcall,3 sept 2026,9,915628957,91562895789511710111071753251,9283,Outbound,Venta Regular / Alta,EXPRESS,Logixtal,5023,CERRADAS,Entregado,Entregado,NET_CQUISPITONO,SIM,3 sept 2026,3 sept 2026,null,No,CERRADAS,2026-09-03 12:35:54,Monolínea,Mono_item,La Libertad,null,Power ilim 69.90 N,null
Netcall,1 sept 2026,14,914866578,9148665788166319523360,9283,Outbound,Venta Regular / Alta,EXPRESS,Logixtal,5023,CERRADAS,Entregado,Entregado,NET_ARIVERA,SIM,1 sept 2026,1 sept 2026,01/09/2026,Sí,CERRADAS,2026-09-01 18:13:17,Monolínea,Mono_item,La Libertad,19.95,Power ilim 79.90 SD N,Power ilim 79.90 SD N
Netcall,3 sept 2026,10,915649160,91564916089511710111068681127,9283,Outbound,Portabilidad Postpago,EXPRESS,Logixtal,5023,ABIERTAS,Entregado,Entregado,NET_CGARCIAC,SIM,3 sept 2026,null,null,No,ABIERTAS,null,Monolínea,Mono_item,La Libertad,null,null,null
Netcall,2 sept 2026,10,915229476,915229476,5299,Outbound,Portabilidad Postpago,EXPRESS,Logixtal,5023,CERRADAS,Entregado,Entregado,NET_RCANDIOTTIA,SIM,2 sept 2026,2 sept 2026,null,No,CERRADAS,2026-09-03 00:26:26,Multilínea,Mono_item,La Libertad,null,Power ilim 79.90 SD N,null
Netcall,1 sept 2026,9,914765912,9147659128165293644735,9271,Outbound,Portabilidad Prepago,EXPRESS,Logixtal,5023,CERRADAS,Entregado,Entregado,NET_CREYESJ,SIM,1 sept 2026,1 sept 2026,02/09/2026,Sí,CERRADAS,2026-09-02 00:16:42,Monolínea,Mono_item,La Libertad,29.95,Power 59.90 N,Power 59.90 N
Netcall,2 sept 2026,10,915228227,915228227,5299,Outbound,Portabilidad Postpago,EXPRESS,Logixtal,5023,CERRADAS,Entregado,Entregado,NET_RCANDIOTTIA,SIM,2 sept 2026,2 sept 2026,null,No,CERRADAS,2026-09-03 00:36:53,Multilínea,Mono_item,La Libertad,null,Power ilim 79.90 SD N,null
Netcall,2 sept 2026,10,915231925,9152319258170052196619,9283,Outbound,Portabilidad Postpago,RETIRO EN TIENDA,Retiro en tienda,3215,ABIERTAS,Pendiente Entrega,Pendiente Entrega,NET_JCAVEROC,SIM,2 sept 2026,null,null,No,ABIERTAS,null,Multilínea,Mono_item,Cusco,null,null,Power ilim 79.90 SD N
Netcall,2 sept 2026,17,915364156,9153641568171418196540,9283,Outbound,Portabilidad Postpago,RETIRO EN TIENDA,Retiro en tienda,3215,CERRADAS,Entregado,Entregado,TLV_NET_JSOTOZ,SIM,2 sept 2026,2 sept 2026,null,No,CERRADAS,2026-09-03 00:56:19,Monolínea,Mono_item,Cusco,null,Power ilim 69.90 N,Power ilim 69.90 N
Netcall,1 sept 2026,10,914781011,9147810118165440507966,9283,Outbound,Portabilidad Postpago,RETIRO EN TIENDA,Retiro en tienda,3215,CANCELADAS,Cancelado,Cancelado,NET_DGHERRERA,SIM,1 sept 2026,null,null,No,CANCELADAS,2026-09-02 22:00:17,Multilínea,Mono_item,Cusco,null,null,Power ilim 79.90 SD N
Netcall,1 sept 2026,10,914780285,9147802858165431693203,9283,Outbound,Portabilidad Postpago,RETIRO EN TIENDA,Retiro en tienda,3215,ABIERTAS,Pendiente Entrega,Pendiente Entrega,NET_DGHERRERA,SIM,1 sept 2026,null,null,No,ABIERTAS,null,Multilínea,Mono_item,Cusco,null,null,Power ilim 79.90 SD N
Netcall,2 sept 2026,12,915275685,9152756858170489487694,9283,Outbound,Portabilidad Postpago,RETIRO EN TIENDA,Retiro en tienda,3215,CERRADAS,Entregado,Entregado,NET_JRIVADENEIC,SIM,2 sept 2026,2 sept 2026,null,No,CERRADAS,2026-09-03 01:10:56,Monolínea,Mono_item,Cusco,null,Power ilim 79.90 SD N,Power ilim 79.90 SD N
Netcall,1 sept 2026,10,914781814,9147818148165449660554,9283,Outbound,Portabilidad Postpago,RETIRO EN TIENDA,Retiro en tienda,3215,CERRADAS,Entregado,Entregado,NET_DGHERRERA,SIM,1 sept 2026,1 sept 2026,02/09/2026,Sí,CERRADAS,2026-09-02 01:35:48,Multilínea,Mono_item,Cusco,39.95,Power ilim 79.90 SD N,Power ilim 79.90 SD N
Netcall,2 sept 2026,10,915230833,9152308338170043042355,9283,Outbound,Portabilidad Postpago,RETIRO EN TIENDA,Retiro en tienda,3215,ABIERTAS,Pendiente Entrega,Pendiente Entrega,NET_JCAVEROC,SIM,2 sept 2026,null,null,No,ABIERTAS,null,Multilínea,Mono_item,Cusco,null,null,Power ilim 79.90 SD N
Netcall,3 sept 2026,11,915671253,915671253Empty,9283,Outbound,Portabilidad Postpago,RETIRO EN TIENDA,Retiro en tienda,3215,ABIERTAS,Pendiente Entrega,Pendiente Entrega,NET_JCAVEROC,SIM,3 sept 2026,null,null,No,ABIERTAS,null,Multilínea,Mono_item,Cusco,null,null,null
Netcall,3 sept 2026,11,915669694,915669694Empty,9283,Outbound,Portabilidad Postpago,RETIRO EN TIENDA,Retiro en tienda,3215,ABIERTAS,Pendiente Entrega,Pendiente Entrega,NET_JCAVEROC,SIM,3 sept 2026,null,null,No,ABIERTAS,null,Multilínea,Mono_item,Cusco,null,null,null
Netcall,2 sept 2026,11,915255598,9152555988170281698319,9283,Outbound,Portabilidad Postpago,RETIRO EN TIENDA,Retiro en tienda,3215,ABIERTAS,Pendiente Entrega,Pendiente Entrega,NET_BDELGADOC,SIM,2 sept 2026,null,null,No,ABIERTAS,null,Monolínea,Mono_item,Cusco,null,null,Power 59.90 N
Netcall,2 sept 2026,14,915305688,9153056888170805392772,9283,Outbound,Portabilidad Postpago,PROGRAMADO,Logixtal,5021,CANCELADAS,Cancelado,ERROR EN DATOS,NET_AARANDAB,SIM,4 sept 2026,null,null,No,CANCELADAS,2026-09-02 14:54:53,Multilínea,Mono_item,Piura,null,null,Power 59.90 N
Netcall,2 sept 2026,13,915287345,9152873458170611257026,9283,Outbound,Portabilidad Postpago,PROGRAMADO,Logixtal,5021,CANCELADAS,Cancelado,CANCELADA EN OMNIX,NET_AARANDAB,SIM,4 sept 2026,null,null,No,CANCELADAS,2026-09-02 13:48:23,Multilínea,Mono_item,Piura,null,null,Power 59.90 N
Netcall,1 sept 2026,13,914835690,9148356908165995804290,9283,Outbound,Venta Regular / Alta,EXPRESS,Logixtal,9352,CERRADAS,Entregado,Entregado,NET_MCELISG,SIM,1 sept 2026,1 sept 2026,01/09/2026,Sí,CERRADAS,2026-09-01 18:23:31,Monolínea,Mono_item,San Martin,39.9,Power 39.90 N,Power 39.90 N
Netcall,1 sept 2026,13,914848702,914848702,9283,Outbound,Portabilidad Postpago,PROGRAMADO,Logixtal,5021,CERRADAS,Entregado,Entregado,NET_YVEGASA,SIM,2 sept 2026,2 sept 2026,null,No,CERRADAS,2026-09-03 00:17:26,Multilínea,Mono_item,Piura,null,Power ilim 79.90 SD N,null
Netcall,1 sept 2026,13,914847782,9148477828166112510046,9283,Outbound,Venta Regular / Alta,PROGRAMADO,Logixtal,5021,CERRADAS,Entregado,Entregado,NET_YVEGASA,SIM,2 sept 2026,2 sept 2026,02/09/2026,Sí,CERRADAS,2026-09-02 10:26:21,Multilínea,Mono_item,Piura,39.95,Power ilim 79.90 SD N,Power ilim 79.90 SD N
Netcall,3 sept 2026,11,915661995,915661995Empty,9283,Outbound,Portabilidad Postpago,RETIRO EN TIENDA,Retiro en tienda,7229,ABIERTAS,Pendiente Entrega,Pendiente Entrega,NET_RMRAMIREZ,SIM,3 sept 2026,null,null,No,ABIERTAS,null,Monolínea,Mono_item,Junin,null,null,null
Netcall,2 sept 2026,18,915377921,9153779218171554187283,9283,Outbound,Portabilidad Postpago,RETIRO EN TIENDA,Retiro en tienda,3013,CERRADAS,Entregado,Entregado,NET_LMANRIQUED,SIM,2 sept 2026,2 sept 2026,null,No,CERRADAS,2026-09-03 01:59:37,Monolínea,Mono_item,Junin,null,Power ilim 79.90 SD N,Power ilim 79.90 SD N
Netcall,1 sept 2026,10,914778824,9147788248165421818474,9283,Outbound,Portabilidad Prepago,RETIRO EN TIENDA,Retiro en tienda,3013,CERRADAS,Entregado,Entregado,NET_MLFERNANDEV,SIM,1 sept 2026,1 sept 2026,02/09/2026,Sí,CERRADAS,2026-09-02 03:16:11,Monolínea,Mono_item,Junin,29.95,Power 59.90 N,Power 59.90 N
Netcall,3 sept 2026,9,915627014,915627014Empty,9283,Outbound,Portabilidad Postpago,RETIRO EN TIENDA,Retiro en tienda,7229,ABIERTAS,Pendiente Entrega,Pendiente Entrega,NET_GFLORESS,SIM,3 sept 2026,null,null,No,ABIERTAS,null,Monolínea,Mono_item,Junin,null,null,null
Netcall,1 sept 2026,13,914840704,9148407048166037636983,9283,Outbound,Portabilidad Postpago,RETIRO EN TIENDA,Retiro en tienda,3013,ABIERTAS,Pendiente Entrega,Pendiente Entrega,TLV_NET_SFERNAN,SIM,1 sept 2026,null,null,No,ABIERTAS,null,Multilínea,Mono_item,Junin,null,null,Power ilim 79.90 SD N
Netcall,2 sept 2026,10,915227070,9152270708170006985484,9283,Outbound,Portabilidad Postpago,RETIRO EN TIENDA,Retiro en tienda,3013,CERRADAS,Entregado,Entregado,NET_ECHEROS,SIM,2 sept 2026,2 sept 2026,null,No,CERRADAS,2026-09-03 01:37:16,Monolínea,Mono_item,Junin,null,Power 59.90 N,Power 59.90 N
Netcall,1 sept 2026,11,914802088,9148020888165649020878,9283,Outbound,Portabilidad Postpago,RETIRO EN TIENDA,Retiro en tienda,3013,CANCELADAS,Cancelado,Cancelado,NET_STAVARALIVI,SIM,1 sept 2026,null,null,No,CANCELADAS,2026-09-02 15:42:59,Multilínea,Multi_item,Junin,null,null,Power ilim 79.90 SD N
Netcall,1 sept 2026,9,914763279,9147632798165301235634,9283,Outbound,Portabilidad Postpago,RETIRO EN TIENDA,Retiro en tienda,3013,ABIERTAS,Pendiente Entrega,Pendiente Entrega,NET_ACREGALADO,SIM,1 sept 2026,null,null,No,ABIERTAS,null,Monolínea,Mono_item,Junin,null,null,Power ilim 69.90 N
Netcall,1 sept 2026,11,914801261,9148012618165637663513,9283,Outbound,Portabilidad Postpago,RETIRO EN TIENDA,Retiro en tienda,7106,CANCELADAS,Cancelado,Cancelado,NET_ALOPEZD,SIM,1 sept 2026,null,null,No,CANCELADAS,2026-09-02 22:00:09,Multilínea,Mono_item,Junin,null,null,Power ilim 79.90 SD N
Netcall,1 sept 2026,16,914901517,9149015178166710014215,9283,Outbound,Portabilidad Postpago,RETIRO EN TIENDA,Retiro en tienda,3013,CANCELADAS,Cancelado,Cancelado,NET_JSIADEN,SIM,1 sept 2026,null,null,No,CANCELADAS,2026-09-01 22:00:21,Monolínea,Mono_item,Junin,null,null,Power ilim 79.90 SD N
Netcall,2 sept 2026,9,915223688,9152236888169976097238,5299,Outbound,Portabilidad Postpago,RETIRO EN TIENDA,Retiro en tienda,3013,CERRADAS,Entregado,Entregado,NET_LVIZCARRARO,SIM,2 sept 2026,2 sept 2026,null,No,CERRADAS,2026-09-03 03:30:56,Monolínea,Mono_item,Junin,null,Power ilim 79.90 SD N,Power ilim 79.90 SD N
Netcall,3 sept 2026,13,915702123,915702123Empty,9283,Outbound,Portabilidad Postpago,RETIRO EN TIENDA,Retiro en tienda,8028,ABIERTAS,Pendiente Entrega,Pendiente Entrega,NET_EBOZA,SIM,3 sept 2026,null,null,No,ABIERTAS,null,Monolínea,Mono_item,Junin,null,null,null
Netcall,1 sept 2026,12,914825745,9148257458165880223226,9289,Outbound,Portabilidad Postpago,RETIRO EN TIENDA,Retiro en tienda,3013,CANCELADAS,Cancelado,Cancelado,TLV_NET_MLANDAR,SIM,1 sept 2026,null,null,No,CANCELADAS,2026-09-01 14:16:04,Multilínea,Mono_item,Junin,null,null,Power ilim 79.90 SD N
Netcall,1 sept 2026,13,914841935,9148419358166050952447,9283,Outbound,Portabilidad Postpago,RETIRO EN TIENDA,Retiro en tienda,3013,ABIERTAS,Pendiente Entrega,Pendiente Entrega,TLV_NET_SFERNAN,SIM,1 sept 2026,null,null,No,ABIERTAS,null,Multilínea,Mono_item,Junin,null,null,Power ilim 79.90 SD N
Netcall,2 sept 2026,18,915378436,9153784368171560697167,9283,Outbound,Portabilidad Postpago,RETIRO EN TIENDA,Retiro en tienda,3013,ABIERTAS,Pendiente Entrega,Pendiente Entrega,NET_MHUAPAYAQ,SIM,2 sept 2026,null,null,No,ABIERTAS,null,Monolínea,Mono_item,Junin,null,null,Power ilim 79.90 SD N
Netcall,1 sept 2026,16,914889381,9148893818166569652717,9283,Outbound,Portabilidad Postpago,RETIRO EN TIENDA,Retiro en tienda,7229,CANCELADAS,Cancelado,Cancelado,NET_DVALVERDEM,SIM,1 sept 2026,null,null,No,CANCELADAS,2026-09-01 19:07:21,Multilínea,Mono_item,Junin,null,null,Power ilim 79.90 SD N
Netcall,1 sept 2026,16,914890466,9148904668166581163064,9283,Outbound,Portabilidad Postpago,RETIRO EN TIENDA,Retiro en tienda,7229,CANCELADAS,Cancelado,Cancelado,NET_DVALVERDEM,SIM,1 sept 2026,null,null,No,CANCELADAS,2026-09-01 19:17:24,Multilínea,Mono_item,Junin,null,null,Power ilim 79.90 SD N
Netcall,3 sept 2026,9,915629146,915629146Empty,9283,Outbound,Portabilidad Postpago,RETIRO EN TIENDA,Retiro en tienda,7229,ABIERTAS,Pendiente Entrega,Pendiente Entrega,NET_NSANTAMARIA,SIM,3 sept 2026,null,null,No,ABIERTAS,null,Multilínea,Mono_item,Junin,null,null,null
Netcall,3 sept 2026,14,915713718,915713718Empty,9283,Outbound,Portabilidad Postpago,RETIRO EN TIENDA,Retiro en tienda,3013,ABIERTAS,Pendiente Entrega,Pendiente Entrega,NET_EMONZONP,SIM,3 sept 2026,null,null,No,ABIERTAS,null,Monolínea,Mono_item,Junin,null,null,null
Netcall,1 sept 2026,9,914757358,9147573588165231234508,9283,Outbound,Portabilidad Postpago,RETIRO EN TIENDA,Retiro en tienda,7229,ABIERTAS,Pendiente Entrega,Pendiente Entrega,NET_MCASTILLOC,SIM,1 sept 2026,null,null,No,ABIERTAS,null,Monolínea,Mono_item,Junin,null,null,Power 59.90 N
Netcall,2 sept 2026,13,915288423,915288423,9271,Outbound,Portabilidad Postpago,RETIRO EN TIENDA,Retiro en tienda,7229,CERRADAS,Entregado,Entregado,NET_BATOP,SIM,2 sept 2026,2 sept 2026,null,No,CERRADAS,2026-09-03 00:26:08,Monolínea,Mono_item,Junin,null,Power 59.90 N,null
Netcall,1 sept 2026,16,914890352,9148903528166580196949,9283,Outbound,Portabilidad Postpago,RETIRO EN TIENDA,Retiro en tienda,3013,CERRADAS,Entregado,Entregado,NET_SDIAZO,SIM,1 sept 2026,1 sept 2026,02/09/2026,Sí,CERRADAS,2026-09-02 01:23:54,Monolínea,Mono_item,Junin,39.95,Power ilim 79.90 SD N,Power ilim 79.90 SD N
Netcall,1 sept 2026,11,914802813,9148028138165649751259,9283,Outbound,Portabilidad Postpago,RETIRO EN TIENDA,Retiro en tienda,7106,ABIERTAS,Pendiente Entrega,Pendiente Entrega,NET_ALOPEZD,SIM,1 sept 2026,null,null,No,ABIERTAS,null,Multilínea,Mono_item,Junin,null,null,Power ilim 79.90 SD N
Netcall,1 sept 2026,17,914903962,9149039628166736901076,9283,Outbound,Portabilidad Postpago,RETIRO EN TIENDA,Retiro en tienda,7229,CANCELADAS,Cancelado,Cancelado,NET_DVALVERDEM,SIM,1 sept 2026,null,null,No,CANCELADAS,2026-09-01 18:47:31,Multilínea,Mono_item,Junin,null,null,Power ilim 79.90 SD N
Netcall,3 sept 2026,9,915627796,915627796Empty,9283,Outbound,Portabilidad Postpago,RETIRO EN TIENDA,Retiro en tienda,7229,ABIERTAS,Pendiente Entrega,Pendiente Entrega,NET_NSANTAMARIA,SIM,3 sept 2026,null,null,No,ABIERTAS,null,Multilínea,Mono_item,Junin,null,null,null
Netcall,1 sept 2026,13,914847754,9148477548166115636928,9283,Outbound,Portabilidad Postpago,RETIRO EN TIENDA,Retiro en tienda,7229,ABIERTAS,Pendiente Entrega,Pendiente Entrega,NET_THUAMANIP,SIM,1 sept 2026,null,null,No,ABIERTAS,null,Monolínea,Mono_item,Junin,null,null,Power ilim 79.90 SD N
Netcall,1 sept 2026,13,914843261,9148432618166066413687,9283,Outbound,Portabilidad Postpago,RETIRO EN TIENDA,Retiro en tienda,3013,CANCELADAS,Cancelado,Cancelado,NET_CQUISPITONO,SIM,1 sept 2026,null,null,No,CANCELADAS,2026-09-02 20:27:57,Monolínea,Mono_item,Junin,null,null,Power 59.90 N
Netcall,2 sept 2026,9,915214229,915214229,9283,Outbound,Portabilidad Postpago,RETIRO EN TIENDA,Retiro en tienda,3013,CERRADAS,Entregado,Entregado,NET_JSIADEN,SIM,2 sept 2026,2 sept 2026,null,No,CERRADAS,2026-09-03 00:27:04,Monolínea,Mono_item,Junin,null,Power ilim 79.90 SD N,null
Netcall,1 sept 2026,18,914877613,9148776138166978779614,9283,Outbound,Portabilidad Prepago,RETIRO EN TIENDA,Retiro en tienda,3013,CERRADAS,Entregado,Entregado,NET_JSIADEN,SIM,1 sept 2026,1 sept 2026,02/09/2026,Sí,CERRADAS,2026-09-02 00:36:28,Monolínea,Mono_item,Junin,29.91303,Power ilim 79.90 SD N,Power ilim 79.90 SD N
Netcall,1 sept 2026,13,914845106,9148451068166089446540,9283,Outbound,Portabilidad Postpago,RETIRO EN TIENDA,Retiro en tienda,8028,CANCELADAS,Cancelado,Cancelado,NET_LCAMPOSCABR,SIM,1 sept 2026,null,null,No,CANCELADAS,2026-09-02 11:50:42,Monolínea,Mono_item,Junin,null,null,Power ilim 79.90 SD N
Netcall,3 sept 2026,9,915628440,915628440Empty,9283,Outbound,Portabilidad Postpago,RETIRO EN TIENDA,Retiro en tienda,7229,ABIERTAS,Pendiente Entrega,Pendiente Entrega,NET_NSANTAMARIA,SIM,3 sept 2026,null,null,No,ABIERTAS,null,Multilínea,Mono_item,Junin,null,null,null
Netcall,3 sept 2026,9,915626492,915626492Empty,9283,Outbound,Portabilidad Postpago,RETIRO EN TIENDA,Retiro en tienda,7229,ABIERTAS,Pendiente Entrega,Pendiente Entrega,NET_NSANTAMARIA,SIM,3 sept 2026,null,null,No,ABIERTAS,null,Multilínea,Mono_item,Junin,null,null,null
Netcall,1 sept 2026,11,914802088,9148020888165649038097,9283,Outbound,Portabilidad Postpago,RETIRO EN TIENDA,Retiro en tienda,3013,CANCELADAS,Cancelado,Cancelado,NET_STAVARALIVI,SIM,1 sept 2026,null,null,No,CANCELADAS,2026-09-02 15:42:59,Multilínea,Multi_item,Junin,null,null,Power ilim 79.90 SD N
Netcall,3 sept 2026,9,915627188,915627188Empty,9283,Outbound,Portabilidad Postpago,RETIRO EN TIENDA,Retiro en tienda,7229,ABIERTAS,Pendiente Entrega,Pendiente Entrega,NET_NSANTAMARIA,SIM,3 sept 2026,null,null,No,ABIERTAS,null,Multilínea,Mono_item,Junin,null,null,null
Netcall,1 sept 2026,16,914896761,9148967618166651483003,5299,Outbound,Portabilidad Postpago,EXPRESS,Logixtal,9351,CERRADAS,Entregado,Entregado,NET_MCORDOVACRU,SIM,1 sept 2026,1 sept 2026,02/09/2026,Sí,CERRADAS,2026-09-02 00:37:56,Multilínea,Multi_item,Puno,39.95,Power ilim 79.90 SD N,Power ilim 79.90 SD N
Netcall,1 sept 2026,9,914772986,9147729868165362236793,9283,Outbound,Portabilidad Postpago,EXPRESS,Logixtal,9351,CERRADAS,Entregado,Entregado,NET_RCARDENASH,SIM,1 sept 2026,1 sept 2026,02/09/2026,Sí,CERRADAS,2026-09-02 00:42:22,Multilínea,Mono_item,Puno,19.95,Power ilim 79.90 SD N,Power ilim 79.90 SD N
Netcall,2 sept 2026,14,915308200,9153082008170827172327,9283,Outbound,Portabilidad Postpago,EXPRESS,Logixtal,9351,CERRADAS,Entregado,Entregado,NET_LCALDERONC,SIM,2 sept 2026,2 sept 2026,null,No,CERRADAS,2026-09-03 03:34:18,Multilínea,Mono_item,Puno,null,Power ilim 79.90 SD N,Power ilim 79.90 SD N
Netcall,1 sept 2026,10,914779551,9147795518165426294931,9283,Outbound,Portabilidad Postpago,EXPRESS,Logixtal,9351,CERRADAS,Entregado,Entregado,NET_AAPOLAYACAC,SIM,1 sept 2026,1 sept 2026,02/09/2026,Sí,CERRADAS,2026-09-02 01:00:56,Monolínea,Mono_item,Puno,29.95,Power 59.90 N,Power 59.90 N
Netcall,1 sept 2026,12,914819468,9148194688165819492355,9289,Outbound,Portabilidad Postpago,EXPRESS,Logixtal,9351,CERRADAS,Entregado,Entregado,TLV_NET_MLANDAR,SIM,1 sept 2026,1 sept 2026,02/09/2026,Sí,CERRADAS,2026-09-02 01:05:44,Monolínea,Mono_item,Puno,29.95,Power 59.90 N,Power 59.90 N
Netcall,3 sept 2026,12,915692324,91569232489511710111070991555,9271,Outbound,Venta Regular / Alta,EXPRESS,Retiro en tienda,9351,ABIERTAS,Entregado,Entregado,NET_GHUAMANT,SIM,3 sept 2026,null,null,No,ABIERTAS,null,Multilínea,Mono_item,Puno,null,null,null
Netcall,2 sept 2026,14,915304430,915304430,5299,Outbound,Portabilidad Postpago,EXPRESS,Logixtal,9351,CERRADAS,Entregado,Entregado,NET_MCORDOVACRU,SIM,2 sept 2026,2 sept 2026,null,No,CERRADAS,2026-09-03 00:24:17,Monolínea,Mono_item,Puno,null,Power ilim 79.90 SD N,null
Netcall,3 sept 2026,10,915646915,91564691589511710111070993791,9283,Outbound,Portabilidad Postpago,EXPRESS,Retiro en tienda,9351,ABIERTAS,Pendiente Entrega,Pendiente Entrega,NET_BZUASNABARF,SIM,3 sept 2026,null,null,No,ABIERTAS,null,Multilínea,Mono_item,Puno,null,null,null
Netcall,1 sept 2026,9,914773178,9147731788165358886010,9283,Outbound,Portabilidad Postpago,EXPRESS,Logixtal,9351,CERRADAS,Entregado,Entregado,NET_AAPOLAYACAC,SIM,1 sept 2026,1 sept 2026,02/09/2026,Sí,CERRADAS,2026-09-02 01:02:40,Monolínea,Mono_item,Puno,29.95,Power 59.90 N,Power 59.90 N
Netcall,2 sept 2026,11,915253864,9152538648170258084555,5299,Outbound,Portabilidad Postpago,PROGRAMADO,Logixtal,9351,ABIERTAS,Pendiente Entrega,Pendiente Entrega,NET_BTRUJILLOT,SIM,3 sept 2026,null,null,No,ABIERTAS,null,Monolínea,Mono_item,Puno,null,null,Power 59.90 N
Netcall,3 sept 2026,13,915693475,91569347589511710111070991548,9271,Outbound,Portabilidad Postpago,EXPRESS,Retiro en tienda,9351,ABIERTAS,Entregado,Entregado,NET_GHUAMANT,SIM,3 sept 2026,null,null,No,ABIERTAS,null,Multilínea,Mono_item,Puno,null,null,null
Netcall,2 sept 2026,11,915254355,9152543558170270209252,9283,Outbound,Portabilidad Postpago,EXPRESS,Logixtal,9351,CERRADAS,Entregado,Entregado,NET_EMMENDIZF,SIM,2 sept 2026,2 sept 2026,null,No,CERRADAS,2026-09-03 00:50:47,Monolínea,Mono_item,Puno,null,Power ilim 79.90 SD N,Power ilim 79.90 SD N
Netcall,1 sept 2026,12,914817732,9148177328165799556650,9283,Outbound,Portabilidad Postpago,EXPRESS,Logixtal,9351,CERRADAS,Entregado,Entregado,NET_LCIRILOS,SIM,1 sept 2026,1 sept 2026,02/09/2026,Sí,CERRADAS,2026-09-02 00:15:27,Monolínea,Mono_item,Puno,29.95,Power 59.90 N,Power 59.90 N
Netcall,2 sept 2026,11,915248785,9152487858170212984186,9283,Outbound,Portabilidad Postpago,EXPRESS,Logixtal,9351,CERRADAS,Entregado,Entregado,NET_AARNAIZA,SIM,2 sept 2026,2 sept 2026,null,No,CERRADAS,2026-09-03 01:58:23,Monolínea,Mono_item,Puno,null,Power 59.90 N,Power 59.90 N
Netcall,1 sept 2026,10,914777467,9147774678165407118074,9283,Outbound,Portabilidad Postpago,EXPRESS,Logixtal,9351,CERRADAS,Entregado,Entregado,NET_RTORRESB,SIM,1 sept 2026,1 sept 2026,02/09/2026,Sí,CERRADAS,2026-09-02 01:49:03,Monolínea,Mono_item,Puno,39.95,Power ilim 79.90 SD N,Power ilim 79.90 SD N
Netcall,3 sept 2026,12,915683080,91568308089511710111070991530,9283,Outbound,Venta Regular / Alta,EXPRESS,Retiro en tienda,9351,ABIERTAS,Entregado,Entregado,NET_MFERRER,SIM,3 sept 2026,null,null,No,ABIERTAS,null,Monolínea,Mono_item,Puno,null,null,null
Netcall,2 sept 2026,9,915224053,9152240538169978576653,9283,Outbound,Portabilidad Postpago,PROGRAMADO,Logixtal,9351,ABIERTAS,Pendiente Entrega,Pendiente Entrega,NET_MDIAZP,SIM,3 sept 2026,null,null,No,ABIERTAS,null,Monolínea,Mono_item,Puno,null,null,Power 59.90 N
Netcall,1 sept 2026,9,914774148,9147741488165374035715,9283,Outbound,Portabilidad Prepago,EXPRESS,Logixtal,9351,CERRADAS,Entregado,Entregado,NET_RCARDENASH,SIM,1 sept 2026,1 sept 2026,02/09/2026,Sí,CERRADAS,2026-09-02 01:47:57,Multilínea,Mono_item,Puno,39.95,Power ilim 79.90 SD N,Power ilim 79.90 SD N
Netcall,3 sept 2026,10,915633690,91563369089511710111070957499,9283,Outbound,Portabilidad Postpago,EXPRESS,Retiro en tienda,9351,ABIERTAS,Entregado,Entregado,NET_MDIAZP,SIM,3 sept 2026,null,null,No,ABIERTAS,null,Monolínea,Mono_item,Puno,null,null,null
Netcall,2 sept 2026,14,915304761,915304761,9283,Outbound,Portabilidad Postpago,EXPRESS,Logixtal,9351,CERRADAS,Entregado,Entregado,NET_MGONZALESPE,SIM,2 sept 2026,2 sept 2026,null,No,CERRADAS,2026-09-03 00:18:05,Multilínea,Mono_item,Puno,null,Power ilim 79.90 SD N,null
Netcall,2 sept 2026,16,915338764,9153387648171159771991,9271,Outbound,Portabilidad Postpago,PROGRAMADO,Logixtal,9351,ABIERTAS,Pendiente Entrega,Pendiente Entrega,TLV_NET_GANACLE,SIM,3 sept 2026,null,null,No,ABIERTAS,null,Monolínea,Mono_item,Puno,null,null,Power ilim 79.90 SD N
Netcall,2 sept 2026,16,915350114,915350114,9283,Outbound,Portabilidad Postpago,EXPRESS,Logixtal,9351,CERRADAS,Entregado,Entregado,NET_LCAMPOSCABR,SIM,2 sept 2026,2 sept 2026,null,No,CERRADAS,2026-09-03 00:11:13,Monolínea,Mono_item,Puno,null,Power ilim 69.90 N,null
Netcall,3 sept 2026,13,915662125,91566212589511710111070956541,9271,Outbound,Portabilidad Postpago,EXPRESS,Retiro en tienda,9351,ABIERTAS,Entregado,Entregado,NET_LDIAZ,SIM,3 sept 2026,null,null,No,ABIERTAS,null,Monolínea,Mono_item,Puno,null,null,null
Netcall,2 sept 2026,10,915240674,9152406748170140941406,9283,Outbound,Portabilidad Postpago,EXPRESS,Logixtal,9351,CERRADAS,Entregado,Entregado,NET_JIYASHAMAR,SIM,2 sept 2026,2 sept 2026,null,No,CERRADAS,2026-09-03 02:02:08,Monolínea,Mono_item,Puno,null,Power ilim 69.90 N,Power ilim 69.90 N
Netcall,1 sept 2026,11,914814301,9148143018165765036918,5299,Outbound,Portabilidad Postpago,EXPRESS,Logixtal,9351,CERRADAS,Entregado,Entregado,NET_MCORDOVACRU,SIM,1 sept 2026,1 sept 2026,02/09/2026,Sí,CERRADAS,2026-09-02 00:47:37,Monolínea,Mono_item,Puno,29.95,Power 59.90 N,Power 59.90 N
Netcall,2 sept 2026,15,915325510,9153255108171015813773,9271,Outbound,Portabilidad Postpago,EXPRESS,Logixtal,9351,ABIERTAS,Anulado,CLIENTE AUSENTE,NET_CREYESJ,SIM,2 sept 2026,null,null,No,ABIERTAS,null,Monolínea,Mono_item,Puno,null,null,Power ilim 79.90 SD N
Netcall,1 sept 2026,16,914896761,9148967618166651483222,5299,Outbound,Portabilidad Postpago,EXPRESS,Logixtal,9351,CERRADAS,Entregado,Entregado,NET_MCORDOVACRU,SIM,1 sept 2026,1 sept 2026,02/09/2026,Sí,CERRADAS,2026-09-02 00:37:56,Multilínea,Multi_item,Puno,19.95,Power ilim 79.90 SD N,Power ilim 79.90 SD N
Netcall,2 sept 2026,16,915347835,9153478358171240481113,9283,Outbound,Portabilidad Postpago,PROGRAMADO,Logixtal,9351,ABIERTAS,Pendiente Entrega,Pendiente Entrega,NET_CPINELLAC,SIM,3 sept 2026,null,null,No,ABIERTAS,null,Monolínea,Mono_item,Puno,null,null,Power 59.90 N
Netcall,2 sept 2026,14,915314223,9153142238170891251420,9283,Outbound,Portabilidad Postpago,EXPRESS,Logixtal,9351,CERRADAS,Entregado,Entregado,NET_JSANGAMA,SIM,2 sept 2026,2 sept 2026,null,No,CERRADAS,2026-09-03 01:11:12,Multilínea,Mono_item,Puno,null,Power ilim 79.90 SD N,Power ilim 79.90 SD N
Netcall,3 sept 2026,11,915658321,915658321Empty,9271,Outbound,Portabilidad Postpago,PROGRAMADO,Retiro en tienda,9351,ABIERTAS,Pendiente Entrega,Pendiente Entrega,TLV_NET_BREYESR,SIM,4 sept 2026,null,null,No,ABIERTAS,null,Monolínea,Mono_item,Puno,null,null,null
Netcall,3 sept 2026,14,915719260,91571926089511710111070969510,9283,Outbound,Venta Regular / Alta,EXPRESS,Retiro en tienda,9351,ABIERTAS,Pendiente Entrega,Pendiente Entrega,NET_APACHECO,SIM,3 sept 2026,null,null,No,ABIERTAS,null,Multilínea,Mono_item,Puno,null,null,null
Netcall,1 sept 2026,8,914714537,9147145378164922414187,9283,Outbound,Portabilidad Postpago,EXPRESS,Logixtal,9351,CERRADAS,Entregado,Entregado,NET_SLAZOB,SIM,1 sept 2026,1 sept 2026,02/09/2026,Sí,CERRADAS,2026-09-02 00:32:53,Monolínea,Mono_item,Puno,34.95,Power ilim 69.90 N,Power ilim 69.90 N
Netcall,2 sept 2026,11,915260728,9152607288170354654185,9283,Outbound,Portabilidad Postpago,EXPRESS,Logixtal,9351,CANCELADAS,Anulado,CLIENTE DESISTE - INFORMACIÓN INCORRECTA,NET_LMORAO,SIM,2 sept 2026,null,null,No,CANCELADAS,2026-09-02 13:51:49,Monolínea,Mono_item,Puno,null,null,Power 59.90 N
Netcall,2 sept 2026,16,915347774,9153477748171242652683,9283,Outbound,Portabilidad Postpago,EXPRESS,Logixtal,9351,CERRADAS,Entregado,Entregado,NET_MORIHUELAQ,SIM,2 sept 2026,2 sept 2026,null,No,CERRADAS,2026-09-03 01:20:39,Monolínea,Mono_item,Puno,null,Power 59.90 N,Power 59.90 N
Netcall,1 sept 2026,13,914837953,9148379538166010574576,9289,Outbound,Portabilidad Postpago,EXPRESS,Logixtal,9351,CERRADAS,Entregado,Entregado,TLV_NET_MLANDAR,SIM,1 sept 2026,1 sept 2026,02/09/2026,Sí,CERRADAS,2026-09-02 00:31:10,Monolínea,Mono_item,Puno,39.95,Power ilim 79.90 SD N,Power ilim 79.90 SD N
Netcall,2 sept 2026,9,915216864,9152168648169904025443,9283,Outbound,Portabilidad Postpago,EXPRESS,Logixtal,9351,CERRADAS,Entregado,Entregado,NET_JCHAVEZC,SIM,2 sept 2026,2 sept 2026,null,No,CERRADAS,2026-09-03 03:32:47,Monolínea,Mono_item,Puno,null,Power 59.90 N,Power 59.90 N
Netcall,2 sept 2026,19,915390623,9153906238171692514419,9283,Outbound,Portabilidad Postpago,PROGRAMADO,Logixtal,9351,ABIERTAS,Pendiente Entrega,Pendiente Entrega,NET_YRAYMUNDOTA,SIM,3 sept 2026,null,null,No,ABIERTAS,null,Monolínea,Mono_item,Puno,null,null,Power ilim 79.90 SD N
Netcall,3 sept 2026,9,915625217,91562521789511710111070957457,9283,Outbound,Portabilidad Postpago,EXPRESS,Retiro en tienda,9351,ABIERTAS,Entregado,Entregado,NET_JIYASHAMAR,SIM,3 sept 2026,null,null,No,ABIERTAS,null,Monolínea,Mono_item,Puno,null,null,null
Netcall,2 sept 2026,13,915290519,9152905198170637744685,9283,Outbound,Portabilidad Postpago,EXPRESS,Logixtal,9351,CERRADAS,Entregado,Entregado,TLV_NET_EBULNES,SIM,2 sept 2026,2 sept 2026,null,No,CERRADAS,2026-09-03 01:18:30,Monolínea,Mono_item,Puno,null,Power 59.90 N,Power 59.90 N
Netcall,2 sept 2026,14,915308991,9153089918170837004055,9283,Outbound,Portabilidad Postpago,EXPRESS,Logixtal,9351,CERRADAS,Entregado,Entregado,NET_LCALDERONC,SIM,2 sept 2026,2 sept 2026,null,No,CERRADAS,2026-09-03 03:36:37,Multilínea,Mono_item,Puno,null,Power ilim 79.90 SD N,Power ilim 79.90 SD N
Netcall,2 sept 2026,14,915301263,9153012638170769412142,9283,Outbound,Portabilidad Postpago,EXPRESS,Logixtal,9351,CERRADAS,Entregado,Entregado,TLV_NET_MCHAMBI,SIM,2 sept 2026,2 sept 2026,null,No,CERRADAS,2026-09-03 01:57:47,Monolínea,Mono_item,Puno,null,Power 59.90 N,Power 59.90 N
Netcall,1 sept 2026,14,914865535,9148655358166309742744,9283,Outbound,Portabilidad Prepago,EXPRESS,Logixtal,9351,CERRADAS,Entregado,Entregado,NET_JCHAVEZC,SIM,1 sept 2026,1 sept 2026,02/09/2026,Sí,CERRADAS,2026-09-02 00:49:01,Monolínea,Mono_item,Puno,29.95,Power 59.90 N,Power 59.90 N
Netcall,2 sept 2026,14,915305559,9153055598170804588148,9283,Outbound,Portabilidad Postpago,EXPRESS,Logixtal,9351,CERRADAS,Entregado,Entregado,NET_MGONZALESPE,SIM,2 sept 2026,2 sept 2026,null,No,CERRADAS,2026-09-03 02:03:53,Multilínea,Mono_item,Puno,null,Power ilim 79.90 SD N,Power ilim 79.90 SD N
Netcall,3 sept 2026,14,915718471,91571847189511710111070969502,9283,Outbound,Portabilidad Postpago,EXPRESS,Retiro en tienda,9351,ABIERTAS,Pendiente Entrega,Pendiente Entrega,NET_APACHECO,SIM,3 sept 2026,null,null,No,ABIERTAS,null,Multilínea,Mono_item,Puno,null,null,null
Netcall,3 sept 2026,10,915650676,91565067689511710111069150239,9283,Outbound,Portabilidad Postpago,EXPRESS,Retiro en tienda,9351,ABIERTAS,Pendiente Entrega,Pendiente Entrega,NET_BZUASNABARF,SIM,3 sept 2026,null,null,No,ABIERTAS,null,Multilínea,Mono_item,Puno,null,null,null
Netcall,3 sept 2026,9,915626476,91562647689511710111070969916,9283,Outbound,Portabilidad Postpago,EXPRESS,Retiro en tienda,9351,ABIERTAS,Pendiente Entrega,Pendiente Entrega,NET_RCASTANEDAR,SIM,4 sept 2026,null,null,No,ABIERTAS,null,Monolínea,Mono_item,Puno,null,null,null
Netcall,3 sept 2026,11,915657699,91565769989511710111069150254,9283,Outbound,Portabilidad Postpago,EXPRESS,Retiro en tienda,9351,ABIERTAS,Entregado,Entregado,NET_ARIVERA,SIM,3 sept 2026,null,null,No,ABIERTAS,null,Monolínea,Mono_item,Puno,null,null,null
Netcall,2 sept 2026,15,915323223,9153232238170990607421,9283,Outbound,Portabilidad Postpago,EXPRESS,Logixtal,9351,ABIERTAS,Anulado,CLIENTE AUSENTE,NET_SRAMOSC,SIM,2 sept 2026,null,null,No,ABIERTAS,null,Monolínea,Mono_item,Puno,null,null,Power ilim 79.90 SD N
Netcall,1 sept 2026,19,914957366,9149573668167269139071,9283,Outbound,Portabilidad Postpago,PROGRAMADO,Logixtal,9351,CANCELADAS,Anulado,PIN PORTA_NO VALIDO,NET_JIYASHAMAR,SIM,2 sept 2026,null,null,No,CANCELADAS,2026-09-02 10:07:34,Monolínea,Mono_item,Puno,null,null,Power 59.90 N
Netcall,2 sept 2026,17,915352596,9153525968171299454961,9283,Outbound,Portabilidad Postpago,PROGRAMADO,Logixtal,9351,ABIERTAS,Pendiente Entrega,Pendiente Entrega,NET_MBARBOZAC,SIM,3 sept 2026,null,null,No,ABIERTAS,null,Monolínea,Mono_item,Puno,null,null,Power 59.90 N
Netcall,1 sept 2026,13,914839345,9148393458166022585578,9283,Outbound,Portabilidad Postpago,EXPRESS,Logixtal,9351,CANCELADAS,Entregado,Entregado,NET_MCHAMPIR,SIM,1 sept 2026,1 sept 2026,null,No,CANCELADAS,2026-09-01 22:00:43,Monolínea,Mono_item,Puno,null,null,Power 59.90 N
Netcall,3 sept 2026,11,915670104,91567010489511710111070965542,9283,Outbound,Portabilidad Postpago,EXPRESS,Retiro en tienda,9351,ABIERTAS,Entregado,Entregado,NET_EZAPATAC,SIM,3 sept 2026,null,null,No,ABIERTAS,null,Monolínea,Mono_item,Puno,null,null,null
Netcall,3 sept 2026,9,915626918,915626918Empty,9283,Outbound,Portabilidad Postpago,PROGRAMADO,Retiro en tienda,9351,ABIERTAS,Pendiente Entrega,Pendiente Entrega,NET_JSANGAMA,SIM,5 sept 2026,null,null,No,ABIERTAS,null,Monolínea,Mono_item,Puno,null,null,null
Netcall,2 sept 2026,14,915313560,9153135608170883327605,9283,Outbound,Venta Regular / Alta,EXPRESS,Logixtal,9351,CERRADAS,Entregado,Entregado,NET_JSANGAMA,SIM,2 sept 2026,2 sept 2026,02/09/2026,Sí,CERRADAS,2026-09-02 18:17:55,Multilínea,Mono_item,Puno,39.95,Power ilim 79.90 SD N,Power ilim 79.90 SD N
Netcall,3 sept 2026,10,915639557,91563955789511710111069150213,9283,Outbound,Portabilidad Postpago,EXPRESS,Retiro en tienda,9351,ABIERTAS,Entregado,Entregado,NET_JSIADEN,SIM,3 sept 2026,null,null,No,ABIERTAS,null,Monolínea,Mono_item,Puno,null,null,null
Netcall,1 sept 2026,13,914838384,9148383848166012094982,9283,Outbound,Venta Regular / Alta,EXPRESS,Logixtal,9351,CERRADAS,Entregado,Entregado,NET_JSIADEN,SIM,1 sept 2026,1 sept 2026,01/09/2026,Sí,CERRADAS,2026-09-01 18:25:47,Monolínea,Mono_item,Puno,39.9,Power 39.90 N,Power 39.90 N
Netcall,1 sept 2026,11,914808667,9148086678165724793263,9283,Outbound,Portabilidad Postpago,EXPRESS,Logixtal,5022,CERRADAS,Entregado,Entregado,NET_CULLOAC,SIM,1 sept 2026,1 sept 2026,02/09/2026,Sí,CERRADAS,2026-09-02 01:38:13,Monolínea,Mono_item,Arequipa,29.95,Power 59.90 N,Power 59.90 N
Netcall,2 sept 2026,11,915248986,9152489868170216750744,9271,Outbound,Portabilidad Postpago,EXPRESS,Logixtal,5022,CANCELADAS,Cancelado,ERROR EN CSV,NET_STANANTAM,SIM,2 sept 2026,null,null,No,CANCELADAS,2026-09-02 11:12:19,Monolínea,Mono_item,Arequipa,null,null,Power 59.90 N
Netcall,3 sept 2026,11,915662052,915662052Empty,9283,Outbound,Portabilidad Postpago,EXPRESS,Logixtal,5022,CANCELADAS,Pendiente Entrega,Pendiente de Picking,TLV_NET_CURCIAR,SIM,3 sept 2026,null,null,No,CANCELADAS,2026-09-03 11:25:54,Multilínea,Mono_item,Arequipa,null,null,null
Netcall,3 sept 2026,13,915704330,915704330Empty,9283,Outbound,Portabilidad Postpago,EXPRESS,Logixtal,5022,CANCELADAS,Pendiente Entrega,Pendiente de Picking,TLV_NET_CURCIAR,SIM,3 sept 2026,null,null,No,CANCELADAS,2026-09-03 13:38:19,Multilínea,Mono_item,Arequipa,null,null,null
Netcall,3 sept 2026,11,915658121,915658121Empty,9283,Outbound,Portabilidad Postpago,EXPRESS,Logixtal,5022,CANCELADAS,Pendiente Entrega,Pendiente de Picking,TLV_NET_CURCIAR,SIM,3 sept 2026,null,null,No,CANCELADAS,2026-09-03 11:15:09,Multilínea,Mono_item,Arequipa,null,null,null
Netcall,1 sept 2026,12,914816083,914816083,5299,Outbound,Portabilidad Postpago,PROGRAMADO,Logixtal,5022,CERRADAS,Entregado,Entregado,NET_LVIZCARRARO,SIM,2 sept 2026,2 sept 2026,null,No,CERRADAS,2026-09-03 00:21:40,Monolínea,Mono_item,Arequipa,null,Power 59.90 N,null
Netcall,2 sept 2026,12,915278805,9152788058170522888323,9283,Outbound,Portabilidad Postpago,EXPRESS,Logixtal,5022,CANCELADAS,Anulado,CLIENTE YA NO DESEA PRODUCTO,NET_SCAVEROC,SIM,2 sept 2026,null,null,No,CANCELADAS,2026-09-02 16:42:55,Monolínea,Mono_item,Arequipa,null,null,Power ilim 79.90 SD N
Netcall,2 sept 2026,12,915282784,9152827848170561807252,9283,Outbound,Portabilidad Postpago,EXPRESS,Logixtal,5022,CERRADAS,Entregado,Entregado,NET_GARROYOR,SIM,2 sept 2026,2 sept 2026,null,No,CERRADAS,2026-09-03 00:49:18,Multilínea,Mono_item,Arequipa,null,Power ilim 79.90 SD N,Power ilim 79.90 SD N
Netcall,3 sept 2026,8,915610829,91561082989511710111070749227,9271,Outbound,Portabilidad Postpago,EXPRESS,Logixtal,5022,ABIERTAS,Entregado,Entregado,NET_ACUEVAC,SIM,3 sept 2026,null,null,No,ABIERTAS,null,Monolínea,Mono_item,Arequipa,null,null,null
Netcall,1 sept 2026,12,914831117,9148311178165932031290,9283,Outbound,Portabilidad Postpago,EXPRESS,Logixtal,5022,CERRADAS,Entregado,Entregado,NET_VCHIRIA,SIM,1 sept 2026,1 sept 2026,02/09/2026,Sí,CERRADAS,2026-09-02 01:20:54,Monolínea,Mono_item,Arequipa,29.95,Power 59.90 N,Power 59.90 N
Netcall,1 sept 2026,9,914766292,9147662928165301477268,9283,Outbound,Portabilidad Postpago,EXPRESS,Logixtal,5022,CERRADAS,Entregado,Entregado,NET_HEULOGIO,SIM,1 sept 2026,1 sept 2026,02/09/2026,Sí,CERRADAS,2026-09-02 00:34:00,Monolínea,Mono_item,Arequipa,39.95,Power ilim 79.90 SD N,Power ilim 79.90 SD N
Netcall,2 sept 2026,12,915281421,915281421,9283,Outbound,Portabilidad Postpago,EXPRESS,Logixtal,5022,CERRADAS,Entregado,Entregado,NET_GARROYOR,SIM,2 sept 2026,2 sept 2026,null,No,CERRADAS,2026-09-03 00:23:27,Multilínea,Mono_item,Arequipa,null,Power ilim 79.90 SD N,null
Netcall,3 sept 2026,11,915670721,915670721Empty,9283,Outbound,Portabilidad Postpago,EXPRESS,Logixtal,5022,CANCELADAS,Pendiente Entrega,Pendiente de Picking,NET_ACHAPONANZ,SIM,3 sept 2026,null,null,No,CANCELADAS,2026-09-03 11:49:56,Monolínea,Mono_item,Arequipa,null,null,null
Netcall,1 sept 2026,12,914823636,9148236368165854034290,9271,Outbound,Portabilidad Postpago,PROGRAMADO,Logixtal,5022,CANCELADAS,Cancelado,ERROR EN CSV,NET_STANANTAM,SIM,1 sept 2026,null,null,No,CANCELADAS,2026-09-01 12:21:10,Monolínea,Mono_item,Arequipa,null,null,Power 59.90 N
Netcall,1 sept 2026,15,914872543,9148725438166385798070,9283,Outbound,Portabilidad Postpago,EXPRESS,Logixtal,5022,CERRADAS,Entregado,Entregado,NET_JSIADEN,SIM,1 sept 2026,1 sept 2026,02/09/2026,Sí,CERRADAS,2026-09-02 00:28:20,Monolínea,Mono_item,Arequipa,34.95,Power ilim 69.90 N,Power ilim 69.90 N
Netcall,2 sept 2026,9,915218872,9152188728169923147916,9283,Outbound,Portabilidad Postpago,PROGRAMADO,Logixtal,5022,ABIERTAS,No bop,No bop,NET_MMREVILLA,SIM,4 sept 2026,null,null,No,ABIERTAS,null,Monolínea,Mono_item,Arequipa,null,null,Power ilim 79.90 SD N
Netcall,1 sept 2026,9,914772163,9147721638165353348468,9271,Outbound,Portabilidad Postpago,EXPRESS,Logixtal,5024,CANCELADAS,Anulado,CLIENTE DESISTE - INFORMACIÓN INCORRECTA,NET_FCASTILLOG,SIM,1 sept 2026,null,null,No,CANCELADAS,2026-09-01 10:57:24,Monolínea,Mono_item,Lambayeque,null,null,Power ilim 79.90 SD N
Netcall,2 sept 2026,14,915307655,9153076558170823759176,9283,Outbound,Portabilidad Postpago,PROGRAMADO,Logixtal,5024,ABIERTAS,Pendiente Entrega,Pendiente Entrega,NET_AUCEDAENEQU,SIM,3 sept 2026,null,null,No,ABIERTAS,null,Monolínea,Mono_item,Lambayeque,null,null,Power 59.90 N
Netcall,2 sept 2026,12,915275156,9152751568170476939193,9271,Outbound,Portabilidad Postpago,EXPRESS,Logixtal,5024,CERRADAS,Entregado,Entregado,NET_SCOVENASC,SIM,2 sept 2026,2 sept 2026,null,No,CERRADAS,2026-09-03 03:36:36,Monolínea,Mono_item,Lambayeque,null,Power ilim 79.90 SD N,Power ilim 79.90 SD N
Netcall,1 sept 2026,14,914861521,9148615218166261066629,9271,Outbound,Portabilidad Postpago,EXPRESS,Logixtal,5024,CERRADAS,Entregado,Entregado,NET_JAMASIFUENT,SIM,1 sept 2026,1 sept 2026,02/09/2026,Sí,CERRADAS,2026-09-02 00:49:38,Monolínea,Mono_item,Lambayeque,29.95,Power 59.90 N,Power 59.90 N
Netcall,1 sept 2026,10,914796377,9147963778165583816666,5299,Outbound,Venta Regular / Alta,EXPRESS,Logixtal,5024,CERRADAS,Entregado,Entregado,NET_MCORDOVACRU,SIM,1 sept 2026,1 sept 2026,01/09/2026,Sí,CERRADAS,2026-09-01 17:08:04,Monolínea,Mono_item,Lambayeque,39.95,Power ilim 79.90 SD N,Power ilim 79.90 SD N
Netcall,2 sept 2026,14,915315444,9153154448170904193886,9283,Outbound,Portabilidad Postpago,EXPRESS,Logixtal,5024,CANCELADAS,Anulado,CLIENTE DESISTE - INFORMACIÓN INCORRECTA,NET_EMONZONP,SIM,2 sept 2026,null,null,No,CANCELADAS,2026-09-02 15:57:53,Monolínea,Mono_item,Lambayeque,null,null,Power 59.90 N
Netcall,3 sept 2026,13,915709250,915709250Empty,9283,Outbound,Portabilidad Postpago,EXPRESS,Logixtal,5024,ABIERTAS,Pendiente Entrega,Pendiente de Picking,NET_BZUASNABARF,SIM,3 sept 2026,null,null,No,ABIERTAS,null,Multilínea,Mono_item,Lambayeque,null,null,null
Netcall,2 sept 2026,8,915213722,9152137228169882697248,5299,Outbound,Portabilidad Postpago,EXPRESS,Logixtal,5024,CERRADAS,Entregado,Entregado,NET_MMENDOZAV,SIM,2 sept 2026,2 sept 2026,null,No,CERRADAS,2026-09-03 01:08:55,Monolínea,Mono_item,Lambayeque,null,Power 39.90 N,Power 39.90 N
Netcall,2 sept 2026,18,915375803,9153758038171531846947,9283,Outbound,Portabilidad Postpago,PROGRAMADO,Logixtal,5024,ABIERTAS,Pendiente Entrega,Pendiente Entrega,NET_JLIL,SIM,3 sept 2026,null,null,No,ABIERTAS,null,Monolínea,Mono_item,Lambayeque,null,null,Power ilim 79.90 SD N
Netcall,3 sept 2026,12,915689754,91568975489511710111068661582,9283,Outbound,Portabilidad Postpago,EXPRESS,Logixtal,5024,ABIERTAS,Pendiente Entrega,Pendiente de Picking,NET_LCAMPOSCABR,SIM,4 sept 2026,null,null,No,ABIERTAS,null,Monolínea,Mono_item,Lambayeque,null,null,null
Netcall,2 sept 2026,17,915357285,9153572858171342120990,9283,Outbound,Portabilidad Postpago,PROGRAMADO,Logixtal,5024,ABIERTAS,Pendiente Entrega,Pendiente Entrega,NET_BHUACHUHUIB,SIM,3 sept 2026,null,null,No,ABIERTAS,null,Monolínea,Mono_item,Lambayeque,null,null,Power ilim 79.90 SD N
Netcall,3 sept 2026,11,915673528,91567352889511710111068661590,9283,Outbound,Portabilidad Postpago,EXPRESS,Logixtal,5024,CANCELADAS,Pendiente Entrega,Pendiente de Picking,NET_BZUASNABARF,SIM,3 sept 2026,null,null,No,CANCELADAS,2026-09-03 13:30:25,Multilínea,Mono_item,Lambayeque,null,null,null
Netcall,1 sept 2026,11,914817044,9148170448165791846769,9283,Outbound,Portabilidad Postpago,EXPRESS,Logixtal,5024,CANCELADAS,Cancelado,NO PUEDEN PAGAR,NET_JCHEROO,SIM,1 sept 2026,null,null,No,CANCELADAS,2026-09-01 13:11:20,Multilínea,Mono_item,Lambayeque,null,null,Power 59.90 N
Netcall,3 sept 2026,9,915626373,91562637389511710111068661665,9283,Outbound,Portabilidad Postpago,EXPRESS,Logixtal,5024,ABIERTAS,Entregado,Entregado,TLV_NET_BCHAVEZ,SIM,3 sept 2026,null,null,No,ABIERTAS,null,Monolínea,Mono_item,Lambayeque,null,null,null
Netcall,2 sept 2026,12,915275440,9152754408170483168078,9283,Outbound,Portabilidad Postpago,EXPRESS,Logixtal,5024,CERRADAS,Entregado,Entregado,NET_DVILLALOBOS,SIM,2 sept 2026,2 sept 2026,null,No,CERRADAS,2026-09-03 03:30:35,Monolínea,Mono_item,Lambayeque,null,Power ilim 79.90 SD N,Power ilim 79.90 SD N
Netcall,1 sept 2026,10,914792399,9147923998165543255821,9283,Outbound,Venta Regular / Alta,EXPRESS,Logixtal,5024,CERRADAS,Entregado,Entregado,NET_CSALAZARP,SIM,1 sept 2026,1 sept 2026,01/09/2026,Sí,CERRADAS,2026-09-01 16:57:34,Monolínea,Mono_item,Lambayeque,39.9,Power 39.90 N,Power 39.90 N
Netcall,3 sept 2026,10,915641254,91564125489511710111068661657,9283,Outbound,Portabilidad Postpago,EXPRESS,Logixtal,5024,ABIERTAS,Entregado,Entregado,NET_KGCORTEZP,SIM,3 sept 2026,null,null,No,ABIERTAS,null,Monolínea,Mono_item,Lambayeque,null,null,null
Netcall,1 sept 2026,14,914862295,9148622958166270994837,9283,Outbound,Portabilidad Postpago,EXPRESS,Logixtal,5024,CERRADAS,Entregado,Entregado,TLV_NET_ECUROS,SIM,1 sept 2026,1 sept 2026,02/09/2026,Sí,CERRADAS,2026-09-02 00:23:21,Monolínea,Mono_item,Lambayeque,29.95,Power 59.90 N,Power 59.90 N
Netcall,1 sept 2026,15,914876233,9148762338166418974458,9283,Outbound,Portabilidad Postpago,EXPRESS,Logixtal,5024,CANCELADAS,Anulado,CLIENTE DESISTE - INFORMACIÓN INCORRECTA,NET_JCHEROO,SIM,1 sept 2026,null,null,No,CANCELADAS,2026-09-02 12:29:42,Multilínea,Mono_item,Lambayeque,null,null,Power 59.90 N
Netcall,3 sept 2026,11,915655440,91565544089511710121058093233,9283,Outbound,Portabilidad Postpago,EXPRESS,Logixtal,5024,ABIERTAS,Entregado,Entregado,NET_LFIESTASG,SIM,3 sept 2026,null,null,No,ABIERTAS,null,Monolínea,Mono_item,Lambayeque,null,null,null
Netcall,3 sept 2026,13,915701871,91570187189511710121058094017,9283,Outbound,Portabilidad Postpago,PROGRAMADO,Logixtal,5024,ABIERTAS,Pendiente Entrega,Pendiente de Picking,TLV_NET_ACUBASS,SIM,5 sept 2026,null,null,No,ABIERTAS,null,Monolínea,Mono_item,Lambayeque,null,null,null
Netcall,1 sept 2026,11,914803210,9148032108165659790536,9271,Outbound,Portabilidad Postpago,EXPRESS,Logixtal,5024,ABIERTAS,Entregado,Entregado,NET_LNECIOSUPC,SIM,1 sept 2026,2 sept 2026,null,No,ABIERTAS,null,Monolínea,Mono_item,Lambayeque,null,null,Power 59.90 N
Netcall,1 sept 2026,17,914917145,914917145,9283,Outbound,Portabilidad Postpago,PROGRAMADO,Logixtal,9354,CERRADAS,Entregado,Entregado,TLV_NET_ECODARL,SIM,2 sept 2026,2 sept 2026,null,No,CERRADAS,2026-09-03 00:21:31,Monolínea,Mono_item,Ayacucho,null,Power ilim 79.90 SD N,null
Netcall,2 sept 2026,12,915270387,9152703878170434332325,5299,Outbound,Portabilidad Postpago,EXPRESS,Logixtal,9001,ABIERTAS,Pendiente Entrega,Pendiente Entrega,NET_AEREYES,SIM,2 sept 2026,null,null,No,ABIERTAS,null,Monolínea,Mono_item,Lima - Callao,null,null,Power ilim 69.90 N
Netcall,1 sept 2026,19,914943629,9149436298167136503359,9283,Outbound,Portabilidad Postpago,EXPRESS,Logixtal,9001,CERRADAS,Entregado,Entregado,NET_GMENDIGUETE,SIM,2 sept 2026,2 sept 2026,null,No,CERRADAS,2026-09-03 01:06:43,Monolínea,Mono_item,Lima - Callao,null,Power 59.90 N,Power 59.90 N
Netcall,2 sept 2026,14,915309441,9153094418170838424646,9283,Outbound,Portabilidad Postpago,EXPRESS,Logixtal,9001,CERRADAS,Entregado,Entregado,TLV_NET_DCASTIA,SIM,2 sept 2026,2 sept 2026,null,No,CERRADAS,2026-09-03 00:59:01,Monolínea,Mono_item,Lima - Callao,null,Power 59.90 N,Power 59.90 N
Netcall,2 sept 2026,10,915240773,915240773,9283,Outbound,Portabilidad Postpago,EXPRESS,Logixtal,9001,CERRADAS,Entregado,Entregado,TLV_NET_JSILVAT,SIM,2 sept 2026,2 sept 2026,null,No,CERRADAS,2026-09-03 00:38:43,Monolínea,Mono_item,Lima - Callao,null,Power ilim 79.90 SD N,null
Netcall,3 sept 2026,12,915688452,91568845289511710101080360149,9283,Outbound,Portabilidad Postpago,EXPRESS,Logixtal,9001,ABIERTAS,Entregado,Entregado,NET_BROMANS,SIM,3 sept 2026,null,null,No,ABIERTAS,null,Monolínea,Mono_item,Lima - Callao,null,null,null
Netcall,1 sept 2026,10,914791925,9147919258165541421633,9283,Outbound,Portabilidad Postpago,PROGRAMADO,Logixtal,9001,ABIERTAS,Pendiente Entrega,Pendiente Entrega,NET_KEMENDOZAJ,SIM,3 sept 2026,null,null,No,ABIERTAS,null,Monolínea,Mono_item,Lima - Callao,null,null,Power 59.90 N
Netcall,3 sept 2026,14,915723484,91572348489511710101080361162,9283,Outbound,Portabilidad Postpago,EXPRESS,Logixtal,9001,ABIERTAS,Pendiente Entrega,Pendiente de Picking,NET_KZAVALETAZ,SIM,3 sept 2026,null,null,No,ABIERTAS,null,Multilínea,Mono_item,Lima - Callao,null,null,null
Netcall,3 sept 2026,10,915649742,91564974289511710101030125683,9283,Outbound,Portabilidad Postpago,EXPRESS,Logixtal,9001,ABIERTAS,Entregado,Entregado,NET_MVASQUEZV,SIM,3 sept 2026,null,null,No,ABIERTAS,null,Multilínea,Mono_item,Lima - Callao,null,null,null
Netcall,2 sept 2026,14,915314281,915314281,9283,Outbound,Portabilidad Postpago,EXPRESS,Logixtal,9001,CERRADAS,Entregado,Entregado,NET_LRODRIGUEZC,SIM,2 sept 2026,2 sept 2026,null,No,CERRADAS,2026-09-03 00:06:10,Monolínea,Mono_item,Lima - Callao,null,Power ilim 69.90 N,null
Netcall,1 sept 2026,12,914825787,9148257878165880429098,9271,Outbound,Portabilidad Postpago,EXPRESS,Logixtal,9001,CERRADAS,Entregado,Entregado,NET_LDIAZ,SIM,1 sept 2026,1 sept 2026,02/09/2026,Sí,CERRADAS,2026-09-02 01:34:30,Multilínea,Mono_item,Lima - Callao,39.95,Power ilim 79.90 SD N,Power ilim 79.90 SD N
Netcall,3 sept 2026,14,915724721,915724721Empty,9283,Outbound,Portabilidad Postpago,EXPRESS,Logixtal,9001,ABIERTAS,Pendiente Entrega,Pendiente de Picking,NET_KZAVALETAZ,SIM,3 sept 2026,null,null,No,ABIERTAS,null,Multilínea,Mono_item,Lima - Callao,null,null,null
Netcall,1 sept 2026,12,914827898,9148278988165898387446,9271,Outbound,Portabilidad Postpago,EXPRESS,Logixtal,9001,CANCELADAS,Entregado,Entregado,NET_LDIAZ,SIM,1 sept 2026,1 sept 2026,null,No,CANCELADAS,2026-09-01 22:00:40,Multilínea,Mono_item,Lima - Callao,null,null,Power ilim 79.90 SD N
Netcall,1 sept 2026,11,914802121,9148021218165646859538,9283,Outbound,Portabilidad Postpago,EXPRESS,Logixtal,9001,CANCELADAS,Anulado,PIN PORTA_NO VALIDO,NET_CMUNOZC,SIM,1 sept 2026,null,null,No,CANCELADAS,2026-09-01 12:30:11,Monolínea,Mono_item,Lima - Callao,null,null,Power 59.90 N
Netcall,2 sept 2026,12,915271700,9152717008170445045943,9283,Outbound,Portabilidad Postpago,EXPRESS,Logixtal,9001,CERRADAS,Entregado,Entregado,TLV_NET_BCHAVEZ,SIM,2 sept 2026,2 sept 2026,null,No,CERRADAS,2026-09-03 01:45:36,Multilínea,Mono_item,Lima - Callao,null,Power ilim 79.90 SD N,Power ilim 79.90 SD N
Netcall,2 sept 2026,12,915272611,9152726118170449144983,9283,Outbound,Portabilidad Postpago,EXPRESS,Logixtal,9001,CERRADAS,Entregado,Entregado,TLV_NET_BCHAVEZ,SIM,2 sept 2026,2 sept 2026,null,No,CERRADAS,2026-09-03 01:47:01,Multilínea,Mono_item,Lima - Callao,null,Power ilim 79.90 SD N,Power ilim 79.90 SD N
Netcall,3 sept 2026,10,915652023,91565202389511710101030125733,9283,Outbound,Portabilidad Postpago,EXPRESS,Logixtal,9001,ABIERTAS,Entregado,Entregado,NET_MVASQUEZV,SIM,3 sept 2026,null,null,No,ABIERTAS,null,Multilínea,Mono_item,Lima - Callao,null,null,null
Netcall,2 sept 2026,14,915310039,9153100398170850944361,9271,Outbound,Portabilidad Postpago,EXPRESS,Logixtal,9001,CERRADAS,Entregado,Entregado,NET_ATENORIOM,SIM,2 sept 2026,2 sept 2026,null,No,CERRADAS,2026-09-03 01:55:33,Monolínea,Mono_item,Lima - Callao,null,Power ilim 69.90 N,Power ilim 69.90 N
Netcall,1 sept 2026,14,914856041,9148560418166203873329,9283,Outbound,Portabilidad Postpago,PROGRAMADO,Logixtal,5023,ABIERTAS,Pendiente Entrega,Pendiente Entrega,NET_VOBESOS,SIM,4 sept 2026,null,null,No,ABIERTAS,null,Multilínea,Mono_item,La Libertad,null,null,Power ilim 79.90 SD N
Netcall,1 sept 2026,14,914856809,9148568098166214138024,9283,Outbound,Venta Regular / Alta,PROGRAMADO,Logixtal,5023,ABIERTAS,Pendiente Entrega,Pendiente Entrega,NET_VOBESOS,SIM,4 sept 2026,null,null,No,ABIERTAS,null,Multilínea,Mono_item,La Libertad,null,null,Power ilim 79.90 SD N
Netcall,2 sept 2026,9,915217861,9152178618169915357256,9283,Outbound,Portabilidad Postpago,PROGRAMADO,Logixtal,5024,ABIERTAS,Pendiente Entrega,Pendiente Entrega,NET_KAGRAMONTEM,SIM,3 sept 2026,null,null,No,ABIERTAS,null,Monolínea,Mono_item,Lambayeque,null,null,Power ilim 79.90 SD N
Netcall,2 sept 2026,13,915285423,9152854238170586872719,9283,Outbound,Portabilidad Postpago,PROGRAMADO,Logixtal,5024,ABIERTAS,Pendiente Entrega,Pendiente Entrega,NET_JMENDOZAN,SIM,3 sept 2026,null,null,No,ABIERTAS,null,Monolínea,Mono_item,Lambayeque,null,null,Power 59.90 N
Netcall,2 sept 2026,9,915223912,9152239128169974288163,9283,Outbound,Portabilidad Postpago,PROGRAMADO,Logixtal,5024,ABIERTAS,Pendiente Entrega,Pendiente Entrega,NET_KAGRAMONTEM,SIM,3 sept 2026,null,null,No,ABIERTAS,null,Monolínea,Mono_item,Lambayeque,null,null,Power 59.90 N
Netcall,2 sept 2026,16,915342565,9153425658171216608843,9283,Outbound,Portabilidad Postpago,RETIRO EN TIENDA,Retiro en tienda,3157,CERRADAS,Entregado,Entregado,NET_VZEGARRAAGU,SIM,2 sept 2026,2 sept 2026,null,No,CERRADAS,2026-09-03 01:22:08,Monolínea,Mono_item,Junin,null,Power ilim 79.90 SD N,Power ilim 79.90 SD N
Netcall,2 sept 2026,9,915226284,915226284,9283,Outbound,Portabilidad Postpago,RETIRO EN TIENDA,Retiro en tienda,3157,CERRADAS,Entregado,Entregado,NET_KDIAZPISCOY,SIM,2 sept 2026,2 sept 2026,null,No,CERRADAS,2026-09-03 00:08:11,Monolínea,Mono_item,Junin,null,Power ilim 79.90 SD N,null
Netcall,3 sept 2026,11,915656880,915656880Empty,9283,Outbound,Portabilidad Postpago,RETIRO EN TIENDA,Retiro en tienda,3157,ABIERTAS,Pendiente Entrega,Pendiente Entrega,NET_MFERRER,SIM,3 sept 2026,null,null,No,ABIERTAS,null,Monolínea,Mono_item,Junin,null,null,null
Netcall,3 sept 2026,8,915599642,915599642Empty,9289,Outbound,Portabilidad Postpago,RETIRO EN TIENDA,Retiro en tienda,3157,CANCELADAS,Cancelado,Cancelado,TLV_NET_MLANDAR,SIM,3 sept 2026,null,null,No,CANCELADAS,2026-09-03 11:22:31,Multilínea,Mono_item,Junin,null,null,null
Netcall,3 sept 2026,11,915659302,915659302Empty,9289,Outbound,Portabilidad Postpago,RETIRO EN TIENDA,Retiro en tienda,3157,ABIERTAS,Pendiente Entrega,Pendiente Entrega,TLV_NET_MLANDAR,SIM,3 sept 2026,null,null,No,ABIERTAS,null,Multilínea,Mono_item,Junin,null,null,null
Netcall,3 sept 2026,12,915689937,915689937Empty,9283,Outbound,Portabilidad Postpago,RETIRO EN TIENDA,Retiro en tienda,3101,ABIERTAS,Pendiente Entrega,Pendiente Entrega,NET_MROJASS,SIM,3 sept 2026,null,null,No,ABIERTAS,null,Monolínea,Mono_item,Cajamarca,null,null,null
Netcall,2 sept 2026,12,915266701,915266701,9271,Outbound,Portabilidad Postpago,RETIRO EN TIENDA,Retiro en tienda,3101,CERRADAS,Entregado,Entregado,NET_SVELASQUEZL,SIM,2 sept 2026,2 sept 2026,null,No,CERRADAS,2026-09-03 00:31:18,Monolínea,Mono_item,Cajamarca,null,Power ilim 69.90 N,null
Netcall,2 sept 2026,10,915230350,9152303508170037796915,9283,Outbound,Portabilidad Postpago,RETIRO EN TIENDA,Retiro en tienda,3101,CERRADAS,Entregado,Entregado,NET_SSUAREZG,SIM,2 sept 2026,2 sept 2026,null,No,CERRADAS,2026-09-03 01:00:01,Monolínea,Mono_item,Cajamarca,null,Power 29.90 N,Power 29.90 N
Netcall,1 sept 2026,11,914815354,9148153548165777233509,9283,Outbound,Portabilidad Postpago,RETIRO EN TIENDA,Retiro en tienda,3101,CANCELADAS,Cancelado,Cancelado,NET_SSUAREZG,SIM,1 sept 2026,null,null,No,CANCELADAS,2026-09-01 20:03:43,Monolínea,Mono_item,Cajamarca,null,null,Power 59.90 N
Netcall,1 sept 2026,14,914854536,9148545368166183576321,9283,Outbound,Portabilidad Postpago,RETIRO EN TIENDA,Retiro en tienda,3101,CERRADAS,Entregado,Entregado,NET_PSANCHEZE,SIM,1 sept 2026,1 sept 2026,02/09/2026,Sí,CERRADAS,2026-09-02 01:02:30,Multilínea,Mono_item,Cajamarca,39.95,Power ilim 79.90 SD N,Power ilim 79.90 SD N
Netcall,2 sept 2026,9,915219868,915219868,9283,Outbound,Portabilidad Postpago,RETIRO EN TIENDA,Retiro en tienda,3101,CERRADAS,Entregado,Entregado,NET_GCABALLEROC,SIM,2 sept 2026,2 sept 2026,null,No,CERRADAS,2026-09-03 00:26:46,Monolínea,Mono_item,Cajamarca,null,Power ilim 79.90 SD N,null
Netcall,2 sept 2026,9,915214719,9152147198169889171937,9283,Outbound,Portabilidad Postpago,RETIRO EN TIENDA,Retiro en tienda,3101,CERRADAS,Entregado,Entregado,NET_LCALDERONC,SIM,2 sept 2026,2 sept 2026,null,No,CERRADAS,2026-09-03 00:42:08,Monolínea,Mono_item,Cajamarca,null,Power 59.90 N,Power 59.90 N
Netcall,1 sept 2026,14,914853521,9148535218166177850465,9283,Outbound,Portabilidad Postpago,RETIRO EN TIENDA,Retiro en tienda,3101,CERRADAS,Entregado,Entregado,TLV_NET_CACEVED,SIM,1 sept 2026,2 sept 2026,null,No,CERRADAS,2026-09-03 01:15:25,Monolínea,Mono_item,Cajamarca,null,Power ilim 69.90 N,Power ilim 69.90 N
Netcall,1 sept 2026,14,914853452,9148534528166179485205,9283,Outbound,Portabilidad Postpago,RETIRO EN TIENDA,Retiro en tienda,3101,CERRADAS,Entregado,Entregado,NET_PSANCHEZE,SIM,1 sept 2026,1 sept 2026,02/09/2026,Sí,CERRADAS,2026-09-02 00:44:34,Multilínea,Mono_item,Cajamarca,19.95,Power ilim 79.90 SD N,Power ilim 79.90 SD N
Netcall,2 sept 2026,10,915232204,9152322048170056563896,9283,Outbound,Portabilidad Postpago,RETIRO EN TIENDA,Retiro en tienda,3101,ABIERTAS,Pendiente Entrega,Pendiente Entrega,NET_LLEONAN,SIM,2 sept 2026,null,null,No,ABIERTAS,null,Monolínea,Mono_item,Cajamarca,null,null,Power ilim 79.90 SD N
Netcall,1 sept 2026,12,914836644,9148366448165992662792,9283,Outbound,Portabilidad Postpago,EXPRESS,Logixtal,5022,CERRADAS,Entregado,Entregado,NET_DVILLALOBOS,SIM,1 sept 2026,2 sept 2026,null,No,CERRADAS,2026-09-03 01:05:51,Multilínea,Mono_item,Arequipa,null,Power ilim 79.90 SD N,Power ilim 79.90 SD N
Netcall,1 sept 2026,12,914833864,9148338648165961706619,9283,Outbound,Portabilidad Postpago,EXPRESS,Logixtal,5022,CERRADAS,Entregado,Entregado,NET_DVILLALOBOS,SIM,1 sept 2026,2 sept 2026,null,No,CERRADAS,2026-09-03 01:41:18,Multilínea,Mono_item,Arequipa,null,Power ilim 79.90 SD N,Power ilim 79.90 SD N
Netcall,1 sept 2026,17,914914207,9149142078166843352133,9283,Outbound,Portabilidad Postpago,PROGRAMADO,Logixtal,5022,CERRADAS,Entregado,Entregado,TLV_NET_YQUITOV,SIM,2 sept 2026,2 sept 2026,null,No,CERRADAS,2026-09-03 01:56:38,Monolínea,Mono_item,Arequipa,null,Power 59.90 N,Power 59.90 N
Netcall,1 sept 2026,12,914835738,9148357388165982126641,9283,Outbound,Portabilidad Postpago,EXPRESS,Logixtal,5022,CERRADAS,Entregado,Entregado,NET_DVILLALOBOS,SIM,1 sept 2026,2 sept 2026,null,No,CERRADAS,2026-09-03 03:34:32,Multilínea,Mono_item,Arequipa,null,Power ilim 79.90 SD N,Power ilim 79.90 SD N
Netcall,2 sept 2026,9,915224710,9152247108169985787470,9283,Outbound,Portabilidad Postpago,EXPRESS,Logixtal,5022,ABIERTAS,Pendiente Entrega,Pendiente Entrega,NET_KSOLORZANOV,SIM,2 sept 2026,null,null,No,ABIERTAS,null,Monolínea,Mono_item,Arequipa,null,null,Power 59.90 N
Netcall,1 sept 2026,11,914801317,9148013178165636829878,9283,Outbound,Portabilidad Postpago,EXPRESS,Logixtal,5022,CERRADAS,Entregado,Entregado,NET_MFERRER,SIM,1 sept 2026,1 sept 2026,02/09/2026,Sí,CERRADAS,2026-09-02 00:51:13,Monolínea,Mono_item,Arequipa,39.95,Power ilim 79.90 SD N,Power ilim 79.90 SD N
Netcall,3 sept 2026,10,915646016,91564601689511710111070747262,9283,Outbound,Portabilidad Postpago,EXPRESS,Logixtal,5022,ABIERTAS,Entregado,Entregado,NET_RCORDOVAC,SIM,3 sept 2026,null,null,No,ABIERTAS,null,Monolínea,Mono_item,Arequipa,null,null,null
Netcall,2 sept 2026,8,915208946,9152089468169843699683,9283,Outbound,Portabilidad Postpago,EXPRESS,Logixtal,5022,CERRADAS,Entregado,Entregado,NET_DVILLALOBOS,SIM,2 sept 2026,2 sept 2026,null,No,CERRADAS,2026-09-03 02:29:32,Monolínea,Mono_item,Arequipa,null,Power ilim 79.90 SD N,Power ilim 79.90 SD N
Netcall,1 sept 2026,15,914874756,9148747568166409851903,9283,Outbound,Portabilidad Postpago,EXPRESS,Logixtal,5022,CERRADAS,Entregado,Entregado,NET_LDIAZM,SIM,1 sept 2026,1 sept 2026,02/09/2026,Sí,CERRADAS,2026-09-02 00:14:31,Monolínea,Mono_item,Arequipa,34.95,Power ilim 69.90 N,Power ilim 69.90 N
Netcall,1 sept 2026,12,914834769,9148347698165969074562,9283,Outbound,Portabilidad Postpago,EXPRESS,Logixtal,5022,CERRADAS,Entregado,Entregado,NET_DVILLALOBOS,SIM,1 sept 2026,2 sept 2026,null,No,CERRADAS,2026-09-03 01:33:23,Multilínea,Mono_item,Arequipa,null,Power ilim 79.90 SD N,Power ilim 79.90 SD N
Netcall,2 sept 2026,12,915273750,9152737508170464776750,9283,Outbound,Portabilidad Postpago,EXPRESS,Logixtal,9355,CANCELADAS,Anulado,PIN PORTA_CLIENTE RECHAZA,NET_ELAURAQ,SIM,2 sept 2026,null,null,No,CANCELADAS,2026-09-02 15:23:58,Multilínea,Mono_item,Loreto,null,null,Power 59.90 N
Netcall,2 sept 2026,17,915356855,9153568558171340032249,9283,Outbound,Portabilidad Postpago,PROGRAMADO,Logixtal,9355,ABIERTAS,Pendiente Entrega,Pendiente Entrega,NET_YRAYMUNDOTA,SIM,3 sept 2026,null,null,No,ABIERTAS,null,Monolínea,Mono_item,Loreto,null,null,Power 59.90 N
Netcall,2 sept 2026,14,915305833,9153058338170803564175,9283,Outbound,Portabilidad Postpago,PROGRAMADO,Logixtal,9355,ABIERTAS,Pendiente Entrega,Pendiente Entrega,NET_MROJASS,SIM,3 sept 2026,null,null,No,ABIERTAS,null,Monolínea,Mono_item,Loreto,null,null,Power 59.90 N
Netcall,2 sept 2026,9,915217503,9152175038169911946169,9283,Outbound,Portabilidad Postpago,PROGRAMADO,Logixtal,9355,ABIERTAS,Pendiente Entrega,Pendiente Entrega,NET_AAPOLAYACAC,SIM,3 sept 2026,null,null,No,ABIERTAS,null,Multilínea,Mono_item,Loreto,null,null,Power ilim 79.90 SD N
Netcall,3 sept 2026,13,915703550,91570355089511710101029852206,9283,Outbound,Portabilidad Postpago,EXPRESS,Retiro en tienda,9355,ABIERTAS,Pendiente Entrega,Pendiente Entrega,TLV_NET_RSORIAH,SIM,3 sept 2026,null,null,No,ABIERTAS,null,Monolínea,Mono_item,Loreto,null,null,null
Netcall,1 sept 2026,15,914874254,9148742548166399262645,9283,Outbound,Portabilidad Postpago,PROGRAMADO,Logixtal,9355,CANCELADAS,Anulado,PUNTO DE ENCUENTRO CAMUFLADO,TLV_NET_RSORIAH,SIM,2 sept 2026,null,null,No,CANCELADAS,2026-09-02 15:46:21,Monolínea,Mono_item,Loreto,null,null,Power ilim 79.90 SD N
Netcall,3 sept 2026,9,915630232,91563023289511710101029852677,9283,Outbound,Portabilidad Postpago,EXPRESS,Retiro en tienda,9355,ABIERTAS,Entregado,Entregado,NET_GHERRERAG,SIM,3 sept 2026,null,null,No,ABIERTAS,null,Monolínea,Mono_item,Loreto,null,null,null
Netcall,3 sept 2026,11,915655523,91565552389511710101029852263,9283,Outbound,Portabilidad Postpago,EXPRESS,Retiro en tienda,9355,CANCELADAS,Cancelado,Cancelado,NET_SGONZALESF,SIM,3 sept 2026,null,null,No,CANCELADAS,2026-09-03 12:44:20,Multilínea,Mono_item,Loreto,null,null,null
Netcall,1 sept 2026,9,914760762,9147607628165256845852,9283,Outbound,Portabilidad Postpago,EXPRESS,Logixtal,9355,CERRADAS,Entregado,Entregado,NET_KORTIZD,SIM,1 sept 2026,1 sept 2026,02/09/2026,Sí,CERRADAS,2026-09-02 01:20:32,Monolínea,Mono_item,Loreto,39.95,Power ilim 79.90 SD N,Power ilim 79.90 SD N
Netcall,2 sept 2026,11,915258819,9152588198170324384816,9283,Outbound,Portabilidad Postpago,EXPRESS,Logixtal,9355,CANCELADAS,Anulado,PUNTO DE ENCUENTRO CAMUFLADO,NET_CCURAYG,SIM,2 sept 2026,null,null,No,CANCELADAS,2026-09-02 13:30:20,Monolínea,Mono_item,Loreto,null,null,Power ilim 79.90 SD N
Netcall,1 sept 2026,11,914800815,9148008158165634491072,5299,Outbound,Portabilidad Postpago,EXPRESS,Logixtal,9355,CERRADAS,Entregado,Entregado,NET_BTRUJILLOT,SIM,1 sept 2026,1 sept 2026,02/09/2026,Sí,CERRADAS,2026-09-02 01:04:53,Multilínea,Mono_item,Loreto,19.95,Power ilim 79.90 SD N,Power ilim 79.90 SD N
Netcall,2 sept 2026,9,915220827,915220827,9283,Outbound,Portabilidad Postpago,EXPRESS,Logixtal,9355,CERRADAS,Entregado,Entregado,NET_JRAMIREZQ,SIM,2 sept 2026,2 sept 2026,null,No,CERRADAS,2026-09-03 00:38:15,Monolínea,Mono_item,Loreto,null,Power ilim 79.90 SD N,null
Netcall,2 sept 2026,6,915136440,9151364408169334892960,9283,Outbound,Portabilidad Postpago,EXPRESS,Logixtal,9355,CERRADAS,Entregado,Entregado,NET_SLAZOB,SIM,2 sept 2026,2 sept 2026,null,No,CERRADAS,2026-09-03 01:18:36,Monolínea,Mono_item,Loreto,null,Power ilim 69.90 N,Power ilim 69.90 N
Netcall,1 sept 2026,12,914835707,914835707,9283,Outbound,Portabilidad Postpago,PROGRAMADO,Logixtal,9355,CERRADAS,Entregado,Entregado,NET_CRAMOSC,SIM,2 sept 2026,2 sept 2026,null,No,CERRADAS,2026-09-03 00:19:04,Multilínea,Mono_item,Loreto,null,Power ilim 79.90 SD N,null
Netcall,3 sept 2026,11,915671608,91567160889511710101029852248,9283,Outbound,Portabilidad Postpago,EXPRESS,Retiro en tienda,9355,ABIERTAS,Pendiente Entrega,Pendiente Entrega,NET_MUBILLUSR,SIM,3 sept 2026,null,null,No,ABIERTAS,null,Monolínea,Mono_item,Loreto,null,null,null
Netcall,2 sept 2026,20,915415525,9154155258171947151745,9283,Outbound,Portabilidad Postpago,PROGRAMADO,Logixtal,9355,ABIERTAS,Pendiente Entrega,Pendiente Entrega,NET_JAMASIFUENT,SIM,3 sept 2026,null,null,No,ABIERTAS,null,Monolínea,Mono_item,Loreto,null,null,Power ilim 79.90 SD N
Netcall,1 sept 2026,11,914802316,9148023168165647215349,5299,Outbound,Portabilidad Prepago,EXPRESS,Logixtal,9355,CERRADAS,Entregado,Entregado,NET_BTRUJILLOT,SIM,1 sept 2026,1 sept 2026,02/09/2026,Sí,CERRADAS,2026-09-02 02:03:02,Multilínea,Mono_item,Loreto,39.95,Power ilim 79.90 SD N,Power ilim 79.90 SD N
Netcall,3 sept 2026,12,915692101,91569210189511710101029852230,9283,Outbound,Portabilidad Postpago,EXPRESS,Retiro en tienda,9355,ABIERTAS,Pendiente Entrega,Pendiente Entrega,NET_SGONZALESF,SIM,3 sept 2026,null,null,No,ABIERTAS,null,Multilínea,Mono_item,Loreto,null,null,null
Netcall,1 sept 2026,12,914835519,914835519,9283,Outbound,Portabilidad Postpago,PROGRAMADO,Logixtal,9355,CERRADAS,Entregado,Entregado,NET_CRAMOSC,SIM,2 sept 2026,2 sept 2026,null,No,CERRADAS,2026-09-03 00:07:07,Multilínea,Mono_item,Loreto,null,Power ilim 79.90 SD N,null
Netcall,1 sept 2026,12,914835260,9148352608165977084649,9283,Outbound,Portabilidad Postpago,PROGRAMADO,Logixtal,9355,CERRADAS,Entregado,Entregado,NET_CRAMOSC,SIM,2 sept 2026,2 sept 2026,null,No,CERRADAS,2026-09-03 01:07:01,Multilínea,Mono_item,Loreto,null,Power ilim 79.90 SD N,Power ilim 79.90 SD N
Netcall,1 sept 2026,14,914861520,9148615208166265902572,9283,Outbound,Portabilidad Postpago,EXPRESS,Logixtal,9355,CANCELADAS,Anulado,CLIENTE DESISTE - NO BRINDA MOTIVOS,TLV_NET_CZEGARR,SIM,2 sept 2026,null,null,No,CANCELADAS,2026-09-02 16:45:56,Monolínea,Mono_item,Loreto,null,null,Power ilim 69.90 N
Netcall,1 sept 2026,16,914899660,9148996608166686051706,9283,Outbound,Portabilidad Postpago,PROGRAMADO,Logixtal,9355,CERRADAS,Entregado,Entregado,NET_YVEGASA,SIM,2 sept 2026,2 sept 2026,null,No,CERRADAS,2026-09-03 01:20:18,Monolínea,Mono_item,Loreto,null,Power ilim 79.90 SD N,Power ilim 79.90 SD N
Netcall,1 sept 2026,16,914898262,9148982628166664228225,9283,Outbound,Portabilidad Postpago,PROGRAMADO,Logixtal,9355,CERRADAS,Entregado,Entregado,NET_MDONAYRE,SIM,2 sept 2026,2 sept 2026,null,No,CERRADAS,2026-09-03 01:44:40,Monolínea,Mono_item,Loreto,null,Power 59.90 N,Power 59.90 N
Netcall,2 sept 2026,11,915253213,9152532138170255359014,9283,Outbound,Portabilidad Postpago,EXPRESS,Logixtal,9355,CERRADAS,Entregado,Entregado,TLV_NET_RSORIAH,SIM,2 sept 2026,2 sept 2026,null,No,CERRADAS,2026-09-03 01:28:17,Monolínea,Mono_item,Loreto,null,Power ilim 69.90 N,Power ilim 69.90 N
Netcall,1 sept 2026,12,914835676,9148356768165982361083,9283,Outbound,Portabilidad Postpago,PROGRAMADO,Logixtal,9355,CERRADAS,Entregado,Entregado,NET_CRAMOSC,SIM,2 sept 2026,2 sept 2026,null,No,CERRADAS,2026-09-03 01:57:54,Multilínea,Mono_item,Loreto,null,Power ilim 79.90 SD N,Power ilim 79.90 SD N
Netcall,1 sept 2026,12,914835666,9148356668165978261607,9283,Outbound,Portabilidad Postpago,PROGRAMADO,Logixtal,9355,CERRADAS,Entregado,Entregado,NET_CRAMOSC,SIM,2 sept 2026,2 sept 2026,null,No,CERRADAS,2026-09-03 00:41:25,Multilínea,Mono_item,Loreto,null,Power ilim 79.90 SD N,Power ilim 79.90 SD N
Netcall,1 sept 2026,9,914768958,9147689588165327478151,9283,Outbound,Portabilidad Postpago,EXPRESS,Logixtal,9355,CERRADAS,Entregado,Entregado,NET_KORTIZD,SIM,1 sept 2026,1 sept 2026,02/09/2026,Sí,CERRADAS,2026-09-02 00:54:56,Monolínea,Mono_item,Loreto,39.95,Power ilim 79.90 SD N,Power ilim 79.90 SD N
Netcall,2 sept 2026,17,915365343,9153653438171426899933,9271,Outbound,Portabilidad Postpago,PROGRAMADO,Logixtal,9355,ABIERTAS,Pendiente Entrega,Pendiente Entrega,NET_HDOMINGUEZC,SIM,3 sept 2026,null,null,No,ABIERTAS,null,Monolínea,Mono_item,Loreto,null,null,Power ilim 79.90 SD N
Netcall,3 sept 2026,10,915651736,91565173689511710101029852396,9271,Outbound,Portabilidad Postpago,EXPRESS,Retiro en tienda,9355,ABIERTAS,Entregado,Entregado,NET_LDIAZ,SIM,3 sept 2026,null,null,No,ABIERTAS,null,Monolínea,Mono_item,Loreto,null,null,null
Netcall,1 sept 2026,9,914774463,9147744638165380116282,9283,Outbound,Portabilidad Postpago,EXPRESS,Logixtal,9355,CERRADAS,Entregado,Entregado,NET_AMANRIQUEC,SIM,1 sept 2026,1 sept 2026,02/09/2026,Sí,CERRADAS,2026-09-02 00:44:43,Monolínea,Mono_item,Loreto,39.95,Power ilim 79.90 SD N,Power ilim 79.90 SD N
Netcall,1 sept 2026,11,914811849,9148118498165741140118,9283,Outbound,Portabilidad Postpago,EXPRESS,Logixtal,9355,CERRADAS,Entregado,Entregado,NET_JYPEREZV,SIM,1 sept 2026,1 sept 2026,02/09/2026,Sí,CERRADAS,2026-09-02 00:39:24,Monolínea,Mono_item,Loreto,29.95,Power 59.90 N,Power 59.90 N
Netcall,3 sept 2026,12,915688484,91568848489511710101029852610,9271,Outbound,Portabilidad Postpago,EXPRESS,Retiro en tienda,9355,ABIERTAS,Entregado,Entregado,NET_CREYESJ,SIM,3 sept 2026,null,null,No,ABIERTAS,null,Monolínea,Mono_item,Loreto,null,null,null
Netcall,2 sept 2026,11,915259040,9152590408170316895009,9283,Outbound,Portabilidad Postpago,EXPRESS,Logixtal,9355,CANCELADAS,Anulado,PEDIDO MAL GENERADO,TLV_NET_NHUAMAA,SIM,2 sept 2026,null,null,No,CANCELADAS,2026-09-02 13:29:18,Multilínea,Mono_item,Loreto,null,null,Power ilim 79.90 SD N
Netcall,2 sept 2026,7,915160638,9151606388169503108334,9283,Outbound,Portabilidad Postpago,EXPRESS,Logixtal,9355,CERRADAS,Entregado,Entregado,NET_YVEGASA,SIM,2 sept 2026,2 sept 2026,null,No,CERRADAS,2026-09-03 01:19:55,Monolínea,Mono_item,Loreto,null,Power ilim 79.90 SD N,Power ilim 79.90 SD N
Netcall,2 sept 2026,7,915157861,915157861,9283,Outbound,Portabilidad Postpago,EXPRESS,Logixtal,9355,CERRADAS,Entregado,Entregado,NET_JIYASHAMAR,SIM,2 sept 2026,2 sept 2026,null,No,CERRADAS,2026-09-03 00:14:35,Monolínea,Mono_item,Loreto,null,Power 59.90 N,null
Netcall,2 sept 2026,9,915219827,9152198278169932575566,9283,Outbound,Portabilidad Postpago,EXPRESS,Logixtal,9355,CERRADAS,Entregado,Entregado,NET_SDIAZO,SIM,2 sept 2026,2 sept 2026,null,No,CERRADAS,2026-09-03 00:44:16,Monolínea,Mono_item,Loreto,null,Power ilim 69.90 N,Power ilim 69.90 N
Netcall,1 sept 2026,15,914871352,9148713528166367940388,9283,Outbound,Portabilidad Postpago,PROGRAMADO,Logixtal,9355,CERRADAS,Entregado,Entregado,NET_AAPOLAYACAC,SIM,2 sept 2026,2 sept 2026,null,No,CERRADAS,2026-09-03 01:46:13,Monolínea,Mono_item,Loreto,null,Power 59.90 N,Power 59.90 N
Netcall,3 sept 2026,13,915692850,91569285089511710101029852222,9283,Outbound,Portabilidad Postpago,EXPRESS,Retiro en tienda,9355,ABIERTAS,Pendiente Entrega,Pendiente Entrega,NET_EVALDIVIEZO,SIM,3 sept 2026,null,null,No,ABIERTAS,null,Monolínea,Mono_item,Loreto,null,null,null
Netcall,2 sept 2026,9,915216980,9152169808169909508856,9283,Outbound,Portabilidad Postpago,PROGRAMADO,Logixtal,9355,ABIERTAS,Pendiente Entrega,Pendiente Entrega,NET_AAPOLAYACAC,SIM,3 sept 2026,null,null,No,ABIERTAS,null,Multilínea,Mono_item,Loreto,null,null,Power ilim 79.90 SD N
Netcall,2 sept 2026,17,915352708,9153527088171300561905,9283,Outbound,Portabilidad Postpago,PROGRAMADO,Logixtal,9355,ABIERTAS,Pendiente Entrega,Pendiente Entrega,TLV_NET_NHUAMAA,SIM,4 sept 2026,null,null,No,ABIERTAS,null,Multilínea,Mono_item,Loreto,null,null,Power ilim 79.90 SD N
Netcall,3 sept 2026,11,915671033,91567103389511710101029852255,9283,Outbound,Portabilidad Postpago,EXPRESS,Retiro en tienda,9355,ABIERTAS,Entregado,Entregado,NET_AROJASF,SIM,3 sept 2026,null,null,No,ABIERTAS,null,Monolínea,Mono_item,Loreto,null,null,null
Netcall,3 sept 2026,10,915638597,91563859789511710101029852289,9283,Outbound,Portabilidad Postpago,EXPRESS,Retiro en tienda,9355,ABIERTAS,Entregado,Entregado,TLV_NET_BCHAVEZ,SIM,3 sept 2026,null,null,No,ABIERTAS,null,Monolínea,Mono_item,Loreto,null,null,null
Netcall,1 sept 2026,11,914812422,9148124228165750645068,9283,Outbound,Portabilidad Postpago,PROGRAMADO,Logixtal,9355,CANCELADAS,Anulado,PEDIDO MAL GENERADO,NET_GHERRERAG,SIM,2 sept 2026,null,null,No,CANCELADAS,2026-09-02 10:42:24,Monolínea,Mono_item,Loreto,null,null,Power ilim 79.90 SD N
Netcall,1 sept 2026,10,914795351,914795351,9283,Outbound,Portabilidad Postpago,EXPRESS,Logixtal,9355,CERRADAS,Entregado,Entregado,NET_JLUCIANOT,SIM,1 sept 2026,2 sept 2026,null,No,CERRADAS,2026-09-03 00:09:22,Monolínea,Mono_item,Loreto,null,Power 59.90 N,null
Netcall,2 sept 2026,10,915238693,915238693,9283,Outbound,Portabilidad Postpago,EXPRESS,Logixtal,9355,CERRADAS,Entregado,Entregado,NET_JRAMIREZQ,SIM,2 sept 2026,2 sept 2026,null,No,CERRADAS,2026-09-03 00:30:45,Monolínea,Mono_item,Loreto,null,Power ilim 79.90 SD N,null
Netcall,3 sept 2026,10,915642964,91564296489511710101029852271,9283,Outbound,Venta Regular / Alta,EXPRESS,Retiro en tienda,9355,ABIERTAS,Entregado,Entregado,NET_LMUSAYONS,SIM,3 sept 2026,null,null,No,ABIERTAS,null,Monolínea,Mono_item,Loreto,null,null,null
Netcall,3 sept 2026,10,915644746,91564474689511710111073798809,9283,Outbound,Portabilidad Postpago,EXPRESS,Logixtal,9001,ABIERTAS,Entregado,Entregado,NET_ABARRERAY,SIM,3 sept 2026,null,null,No,ABIERTAS,null,Monolínea,Mono_item,Lima - Callao,null,null,null
Netcall,3 sept 2026,10,915650384,91565038489511710111073798759,9283,Outbound,Portabilidad Postpago,EXPRESS,Logixtal,9001,ABIERTAS,Entregado,Entregado,NET_VZEGARRAAGU,SIM,3 sept 2026,null,null,No,ABIERTAS,null,Multilínea,Mono_item,Lima - Callao,null,null,null
Netcall,3 sept 2026,10,915646350,91564635089511710111068525407,9283,Outbound,Portabilidad Postpago,EXPRESS,Logixtal,9001,CANCELADAS,Pendiente Entrega,Pendiente de Picking,NET_PFLOREST,SIM,3 sept 2026,null,null,No,CANCELADAS,2026-09-03 14:46:21,Monolínea,Mono_item,Lima - Callao,null,null,null
Netcall,1 sept 2026,16,914901648,9149016488166710267633,9289,Outbound,Portabilidad Postpago,EXPRESS,Logixtal,9001,CERRADAS,Entregado,Entregado,TLV_NET_MLANDAR,SIM,1 sept 2026,1 sept 2026,02/09/2026,Sí,CERRADAS,2026-09-02 00:18:07,Monolínea,Mono_item,Lima - Callao,34.95,Power ilim 69.90 N,Power ilim 69.90 N
Netcall,1 sept 2026,2,914600094,9146000948164079901275,9271,Outbound,Portabilidad Postpago,EXPRESS,Logixtal,9001,CERRADAS,Entregado,Entregado,NET_CCAVEROA,SIM,1 sept 2026,1 sept 2026,02/09/2026,Sí,CERRADAS,2026-09-02 01:34:29,Monolínea,Mono_item,Lima - Callao,29.95,Power 59.90 N,Power 59.90 N
Netcall,3 sept 2026,14,915715598,91571559889511710111073799666,9283,Outbound,Portabilidad Postpago,EXPRESS,Logixtal,9001,ABIERTAS,Pendiente Entrega,Pendiente de Picking,NET_TANCHANTEG,SIM,3 sept 2026,null,null,No,ABIERTAS,null,Monolínea,Mono_item,Lima - Callao,null,null,null
Netcall,3 sept 2026,10,915648574,91564857489511710111073798783,9283,Outbound,Portabilidad Postpago,EXPRESS,Logixtal,9001,ABIERTAS,Entregado,Entregado,NET_VZEGARRAAGU,SIM,3 sept 2026,null,null,No,ABIERTAS,null,Multilínea,Mono_item,Lima - Callao,null,null,null
Netcall,3 sept 2026,13,915711872,91571187289511710111073799708,9283,Outbound,Venta Regular / Alta,EXPRESS,Logixtal,9001,ABIERTAS,Pendiente Entrega,Pendiente de Picking,NET_MMREVILLA,SIM,3 sept 2026,null,null,No,ABIERTAS,null,Monolínea,Mono_item,Lima - Callao,null,null,null
Netcall,1 sept 2026,19,914947523,9149475238167185349046,9283,Outbound,Portabilidad Postpago,PROGRAMADO,Logixtal,9001,CANCELADAS,Anulado,PIN PORTA_NO VALIDO,NET_JIYASHAMAR,SIM,2 sept 2026,null,null,No,CANCELADAS,2026-09-02 19:49:06,Monolínea,Mono_item,Lima - Callao,null,Power 49.90 N,Power ilim 79.90 SD N
Netcall,2 sept 2026,14,915308431,915308431,9283,Outbound,Portabilidad Postpago,EXPRESS,Logixtal,9001,CERRADAS,Entregado,Entregado,NET_MCVASQUEZ,SIM,2 sept 2026,2 sept 2026,null,No,CERRADAS,2026-09-03 00:15:09,Monolínea,Mono_item,Lima - Callao,null,Power ilim 79.90 SD N,null
Netcall,3 sept 2026,14,915713992,915713992Empty,9283,Outbound,Portabilidad Postpago,EXPRESS,Logixtal,9001,ABIERTAS,Pendiente Entrega,Pendiente de Picking,NET_SGONZALESP,SIM,3 sept 2026,null,null,No,ABIERTAS,null,Monolínea,Mono_item,Lima - Callao,null,null,null
Netcall,3 sept 2026,10,915646957,91564695789511710111073798825,9283,Outbound,Portabilidad Postpago,EXPRESS,Logixtal,9001,ABIERTAS,Entregado,Entregado,NET_VZEGARRAAGU,SIM,3 sept 2026,null,null,No,ABIERTAS,null,Multilínea,Mono_item,Lima - Callao,null,null,null
Netcall,3 sept 2026,14,915717175,915717175Empty,9283,Outbound,Portabilidad Postpago,PROGRAMADO,Logixtal,9001,ABIERTAS,Pendiente Entrega,Pendiente de Picking,NET_JVELASQUEZS,SIM,4 sept 2026,null,null,No,ABIERTAS,null,Monolínea,Mono_item,Lima - Callao,null,null,null
Netcall,1 sept 2026,16,914897914,9148979148166663300363,9283,Outbound,Portabilidad Postpago,EXPRESS,Logixtal,9001,CERRADAS,Entregado,Entregado,NET_ACREGALADO,SIM,1 sept 2026,1 sept 2026,02/09/2026,Sí,CERRADAS,2026-09-02 01:58:43,Monolínea,Mono_item,Lima - Callao,34.95,Power ilim 69.90 N,Power ilim 69.90 N
Netcall,1 sept 2026,11,914798253,9147982538165604577583,9283,Outbound,Venta Regular / Alta,EXPRESS,Logixtal,9344,CERRADAS,Entregado,Entregado,NET_SRODRIGUEZP,SIM,1 sept 2026,1 sept 2026,01/09/2026,Sí,CERRADAS,2026-09-01 14:36:04,Multilínea,Mono_item,Ancash,34.95,Power ilim 69.90 N,Power ilim 69.90 N
Netcall,2 sept 2026,10,915230716,9152307168170043491118,9283,Outbound,Portabilidad Postpago,PROGRAMADO,Logixtal,9344,ABIERTAS,Pendiente Entrega,Pendiente Entrega,NET_GHERRERAG,SIM,4 sept 2026,null,null,No,ABIERTAS,null,Monolínea,Mono_item,Ancash,null,null,Power ilim 79.90 SD N
Netcall,3 sept 2026,12,915687416,91568741689511710111071528000,9283,Outbound,Portabilidad Postpago,EXPRESS,Logixtal,9001,ABIERTAS,Pendiente Entrega,Pendiente de Picking,NET_GMENDIGUETE,SIM,3 sept 2026,null,null,No,ABIERTAS,null,Monolínea,Mono_item,Lima - Callao,null,null,null
Netcall,3 sept 2026,13,915710355,91571035589511710101029987341,9283,Outbound,Portabilidad Postpago,EXPRESS,Logixtal,9001,ABIERTAS,Pendiente Entrega,Pendiente de Picking,NET_SGONZALESP,SIM,3 sept 2026,null,null,No,ABIERTAS,null,Monolínea,Mono_item,Lima - Callao,null,null,null
Netcall,1 sept 2026,18,914935242,9149352428167062363926,9283,Outbound,Portabilidad Postpago,EXPRESS,Logixtal,9001,CERRADAS,Entregado,Entregado,NET_CBIELICHR,SIM,1 sept 2026,1 sept 2026,null,No,CERRADAS,2026-09-03 00:57:13,Monolínea,Mono_item,Lima - Callao,null,Power ilim 79.90 SD N,Power ilim 79.90 SD N
Netcall,2 sept 2026,13,915283410,9152834108170577508924,9283,Outbound,Portabilidad Postpago,EXPRESS,Logixtal,9344,CANCELADAS,Anulado,PIN PORTA_CLIENTE RECHAZA,NET_MUBILLUSR,SIM,2 sept 2026,null,null,No,CANCELADAS,2026-09-02 15:52:16,Monolínea,Mono_item,Ancash,null,null,Power ilim 79.90 SD N
Netcall,1 sept 2026,14,914863494,9148634948166283780871,9283,Outbound,Portabilidad Postpago,EXPRESS,Logixtal,9001,CERRADAS,Entregado,Entregado,NET_ARIVERA,SIM,1 sept 2026,1 sept 2026,02/09/2026,Sí,CERRADAS,2026-09-02 00:55:18,Monolínea,Mono_item,Lima - Callao,34.95,Power ilim 69.90 N,Power ilim 69.90 N
Netcall,2 sept 2026,12,915282669,9152826698170564830010,9283,Outbound,Portabilidad Postpago,EXPRESS,Logixtal,9001,CERRADAS,Entregado,Entregado,NET_MCASTILLOC,SIM,2 sept 2026,2 sept 2026,null,No,CERRADAS,2026-09-03 00:55:56,Monolínea,Mono_item,Lima - Callao,null,Power 59.90 N,Power 59.90 N
Netcall,1 sept 2026,10,914792811,9147928118165568277958,9283,Outbound,Portabilidad Postpago,EXPRESS,Logixtal,9344,CERRADAS,Entregado,Entregado,NET_SRODRIGUEZP,SIM,1 sept 2026,1 sept 2026,02/09/2026,Sí,CERRADAS,2026-09-02 00:50:03,Multilínea,Mono_item,Ancash,19.95,Power ilim 69.90 N,Power ilim 69.90 N
Netcall,2 sept 2026,11,915259900,9152599008170325544145,9283,Outbound,Portabilidad Postpago,EXPRESS,Logixtal,9344,CERRADAS,Entregado,Entregado,NET_CULLOAC,SIM,2 sept 2026,2 sept 2026,null,No,CERRADAS,2026-09-03 01:00:37,Monolínea,Mono_item,Ancash,null,Power ilim 79.90 SD N,Power ilim 79.90 SD N
Netcall,3 sept 2026,12,915682317,91568231789511710101029987358,9283,Outbound,Portabilidad Postpago,EXPRESS,Logixtal,9001,ABIERTAS,Pendiente Entrega,Pendiente de Picking,NET_MGONZALESPE,SIM,3 sept 2026,null,null,No,ABIERTAS,null,Monolínea,Mono_item,Lima - Callao,null,null,null
Netcall,2 sept 2026,16,915335545,9153355458171120238638,9283,Outbound,Portabilidad Postpago,EXPRESS,Logixtal,9001,CANCELADAS,Anulado,DIRECCIÓN ERRADA,TLV_NET_JSILVAT,SIM,2 sept 2026,null,null,No,CANCELADAS,2026-09-02 18:08:18,Monolínea,Mono_item,Lima - Callao,null,null,Power ilim 79.90 SD N
Netcall,2 sept 2026,9,915220990,9152209908169942644241,9283,Outbound,Venta Regular / Alta,EXPRESS,Logixtal,9356,CERRADAS,Entregado,Entregado,NET_SSALAZARV,SIM,2 sept 2026,2 sept 2026,02/09/2026,Sí,CERRADAS,2026-09-02 15:59:51,Monolínea,Mono_item,Moquegua,39.95,Power ilim 79.90 SD N,Power ilim 79.90 SD N
Netcall,1 sept 2026,13,914845440,9148454408166090925378,9283,Outbound,Portabilidad Postpago,RETIRO EN TIENDA,Retiro en tienda,7254,ABIERTAS,Pendiente Entrega,Pendiente Entrega,NET_JIYASHAMAR,SIM,1 sept 2026,null,null,No,ABIERTAS,null,Multilínea,Mono_item,Moquegua,null,null,Power ilim 79.90 SD N
Netcall,1 sept 2026,13,914841376,9148413768166041968785,9283,Outbound,Portabilidad Postpago,RETIRO EN TIENDA,Retiro en tienda,7254,ABIERTAS,Pendiente Entrega,Pendiente Entrega,NET_JIYASHAMAR,SIM,1 sept 2026,null,null,No,ABIERTAS,null,Multilínea,Mono_item,Moquegua,null,null,Power ilim 79.90 SD N
Netcall,2 sept 2026,16,915333459,9153334598171092077808,9283,Outbound,Portabilidad Postpago,PROGRAMADO,Logixtal,9345,ABIERTAS,Pendiente Entrega,Pendiente Entrega,NET_JROMEROC,SIM,3 sept 2026,null,null,No,ABIERTAS,null,Multilínea,Mono_item,Ica,null,null,Power ilim 79.90 SD N
Netcall,2 sept 2026,20,915409853,9154098538171882174961,9283,Outbound,Portabilidad Postpago,RETIRO EN TIENDA,Retiro en tienda,1009,ABIERTAS,Pendiente Entrega,Pendiente Entrega,NET_JIYASHAMAR,SIM,2 sept 2026,null,null,No,ABIERTAS,null,Monolínea,Mono_item,Ica,null,null,Power ilim 79.90 SD N
Netcall,1 sept 2026,10,914786646,9147866468165488644621,9283,Outbound,Portabilidad Postpago,RETIRO EN TIENDA,Retiro en tienda,7161,ABIERTAS,Pendiente Entrega,Pendiente Entrega,NET_LCASTILLORI,SIM,1 sept 2026,null,null,No,ABIERTAS,null,Multilínea,Mono_item,Ica,null,null,Power ilim 79.90 SD N
Netcall,1 sept 2026,17,914906070,914906070,5299,Outbound,Portabilidad Postpago,PROGRAMADO,Logixtal,9345,CERRADAS,Entregado,Entregado,NET_LVIZCARRARO,SIM,2 sept 2026,2 sept 2026,null,No,CERRADAS,2026-09-03 00:25:42,Monolínea,Mono_item,Ica,null,Power ilim 79.90 SD N,null
Netcall,1 sept 2026,16,914895297,9148952978166636517233,9283,Outbound,Portabilidad Postpago,RETIRO EN TIENDA,Retiro en tienda,1009,CERRADAS,Entregado,Entregado,NET_JCHEROO,SIM,1 sept 2026,1 sept 2026,02/09/2026,Sí,CERRADAS,2026-09-02 01:08:31,Monolínea,Mono_item,Ica,29.95,Power 59.90 N,Power 59.90 N
Netcall,1 sept 2026,14,914862498,9148624988166272148416,9283,Outbound,Portabilidad Postpago,PROGRAMADO,Logixtal,9345,CERRADAS,Entregado,Entregado,NET_SMENDOZAV,SIM,2 sept 2026,2 sept 2026,null,No,CERRADAS,2026-09-03 01:50:27,Monolínea,Mono_item,Ica,null,Power ilim 79.90 SD N,Power ilim 79.90 SD N
Netcall,2 sept 2026,10,915240996,9152409968170149306880,9283,Outbound,Portabilidad Postpago,EXPRESS,Logixtal,9345,CANCELADAS,Anulado,PIN PORTA_CLIENTE RECHAZA,NET_SLAZOB,SIM,2 sept 2026,null,null,No,CANCELADAS,2026-09-02 12:00:54,Multilínea,Mono_item,Ica,null,null,Power ilim 79.90 SD N
Netcall,2 sept 2026,10,915227792,9152277928170019427987,9283,Outbound,Portabilidad Postpago,RETIRO EN TIENDA,Retiro en tienda,7161,CERRADAS,Entregado,Entregado,NET_CSALAZARP,SIM,2 sept 2026,2 sept 2026,null,No,CERRADAS,2026-09-03 01:57:58,Monolínea,Mono_item,Ica,null,Power ilim 79.90 SD N,Power ilim 79.90 SD N
Netcall,2 sept 2026,8,915211374,9152113748169869995055,9283,Outbound,Portabilidad Postpago,EXPRESS,Logixtal,9345,CERRADAS,Entregado,Entregado,NET_LCAMPOSCABR,SIM,2 sept 2026,2 sept 2026,null,No,CERRADAS,2026-09-03 00:49:00,Monolínea,Mono_item,Ica,null,Power ilim 79.90 SD N,Power ilim 79.90 SD N
Netcall,2 sept 2026,15,915322827,9153228278170983391998,9271,Outbound,Portabilidad Postpago,RETIRO EN TIENDA,Retiro en tienda,1009,ABIERTAS,Pendiente Entrega,Pendiente Entrega,TLV_NET_BREYESR,SIM,2 sept 2026,null,null,No,ABIERTAS,null,Monolínea,Mono_item,Ica,null,null,Power ilim 79.90 SD N
Netcall,3 sept 2026,12,915679156,91567915689511710121076744437,9283,Outbound,Portabilidad Postpago,RETIRO EN TIENDA,Retiro en tienda,1009,ABIERTAS,Pendiente Entrega,Pendiente Entrega,NET_VSANTISTEBV,SIM,3 sept 2026,null,null,No,ABIERTAS,null,Monolínea,Mono_item,Ica,null,null,null
Netcall,1 sept 2026,15,914875780,9148757808166416661366,9271,Outbound,Portabilidad Postpago,RETIRO EN TIENDA,Retiro en tienda,7161,CERRADAS,Entregado,Entregado,NET_FCASTILLOG,SIM,1 sept 2026,1 sept 2026,02/09/2026,Sí,CERRADAS,2026-09-02 01:28:32,Multilínea,Mono_item,Ica,34.95,Power ilim 69.90 N,Power ilim 69.90 N
Netcall,1 sept 2026,13,914838674,9148386748166119855626,9283,Outbound,Portabilidad Postpago,RETIRO EN TIENDA,Retiro en tienda,1009,CERRADAS,Entregado,Entregado,NET_CULLOAC,SIM,1 sept 2026,2 sept 2026,null,No,CERRADAS,2026-09-03 01:56:42,Monolínea,Mono_item,Ica,null,Power 59.90 N,Power 59.90 N
Netcall,3 sept 2026,9,915627779,915627779Empty,9283,Outbound,Portabilidad Postpago,RETIRO EN TIENDA,Retiro en tienda,1009,ABIERTAS,Pendiente Entrega,Pendiente Entrega,TLV_NET_GCUEVAC,SIM,3 sept 2026,null,null,No,ABIERTAS,null,Monolínea,Mono_item,Ica,null,null,null
Netcall,1 sept 2026,12,914820090,9148200908165822676794,9283,Outbound,Venta Regular / Alta,EXPRESS,Logixtal,9345,CERRADAS,Entregado,Entregado,NET_GMENDIGUETE,SIM,1 sept 2026,2 sept 2026,02/09/2026,Sí,CERRADAS,2026-09-02 10:55:20,Monolínea,Mono_item,Ica,39.9,Power 39.90 N,Power 39.90 N
Netcall,3 sept 2026,12,915689587,91568958789511710111070913344,9283,Outbound,Venta Regular / Alta,EXPRESS,Retiro en tienda,9345,ABIERTAS,Entregado,Entregado,NET_JSANCHEZC,SIM,3 sept 2026,null,null,No,ABIERTAS,null,Monolínea,Mono_item,Ica,null,null,null
Netcall,3 sept 2026,11,915656108,915656108Empty,9283,Outbound,Portabilidad Postpago,RETIRO EN TIENDA,Retiro en tienda,1009,ABIERTAS,Pendiente Entrega,Pendiente Entrega,NET_BROMANS,SIM,3 sept 2026,null,null,No,ABIERTAS,null,Monolínea,Mono_item,Ica,null,null,null
Netcall,1 sept 2026,10,914779891,9147798918165448084982,9283,Outbound,Portabilidad Postpago,EXPRESS,Logixtal,9345,CERRADAS,Entregado,Entregado,NET_BCUSQUISIVA,SIM,1 sept 2026,1 sept 2026,02/09/2026,Sí,CERRADAS,2026-09-02 01:10:00,Monolínea,Mono_item,Ica,34.95,Power ilim 69.90 N,Power ilim 69.90 N
Netcall,1 sept 2026,10,914786343,9147863438165486867256,9283,Outbound,Portabilidad Postpago,RETIRO EN TIENDA,Retiro en tienda,1009,ABIERTAS,Pendiente Entrega,Pendiente Entrega,NET_SDIAZO,SIM,1 sept 2026,null,null,No,ABIERTAS,null,Monolínea,Mono_item,Ica,null,null,Power ilim 79.90 SD N
Netcall,1 sept 2026,12,914833400,9148334008165959443037,9271,Outbound,Portabilidad Postpago,RETIRO EN TIENDA,Retiro en tienda,1009,CERRADAS,Entregado,Entregado,NET_LGOMEZA,SIM,1 sept 2026,2 sept 2026,null,No,CERRADAS,2026-09-03 03:34:03,Monolínea,Mono_item,Ica,null,Power ilim 69.90 N,Power ilim 69.90 N
Netcall,3 sept 2026,14,915716929,915716929Empty,9283,Outbound,Portabilidad Postpago,PROGRAMADO,Retiro en tienda,9345,CANCELADAS,Cancelado,Cancelado,NET_RNUNEZH,SIM,4 sept 2026,null,null,No,CANCELADAS,2026-09-03 14:17:27,Monolínea,Mono_item,Ica,null,null,null
Netcall,2 sept 2026,16,915334432,9153344328171106869426,9283,Outbound,Portabilidad Postpago,PROGRAMADO,Logixtal,9345,ABIERTAS,Pendiente Entrega,Pendiente Entrega,NET_JROMEROC,SIM,3 sept 2026,null,null,No,ABIERTAS,null,Multilínea,Mono_item,Ica,null,null,Power ilim 79.90 SD N
Netcall,2 sept 2026,11,915260702,9152607028170331528044,9283,Outbound,Portabilidad Postpago,EXPRESS,Logixtal,9345,CANCELADAS,Anulado,CLIENTE YA NO DESEA PRODUCTO,TLV_NET_JSOTOZ,SIM,2 sept 2026,null,null,No,CANCELADAS,2026-09-02 12:33:40,Monolínea,Mono_item,Ica,null,null,Power ilim 69.90 N
Netcall,3 sept 2026,12,915681635,91568163589511710111070915752,9283,Outbound,Portabilidad Postpago,EXPRESS,Retiro en tienda,9345,ABIERTAS,Entregado,Entregado,NET_GBUITRONL,SIM,3 sept 2026,null,null,No,ABIERTAS,null,Monolínea,Mono_item,Ica,null,null,null
Netcall,1 sept 2026,14,914859948,9148599488166247293346,9283,Outbound,Portabilidad Postpago,EXPRESS,Logixtal,9345,CERRADAS,Entregado,Entregado,NET_MHUAPAYAQ,SIM,1 sept 2026,1 sept 2026,02/09/2026,Sí,CERRADAS,2026-09-02 00:58:44,Monolínea,Mono_item,Ica,39.95,Power ilim 79.90 SD N,Power ilim 79.90 SD N
Netcall,3 sept 2026,13,915693152,915693152Empty,9283,Outbound,Portabilidad Postpago,PROGRAMADO,Retiro en tienda,9345,ABIERTAS,Pendiente Entrega,Pendiente Entrega,NET_ANCASTROR,SIM,5 sept 2026,null,null,No,ABIERTAS,null,Monolínea,Mono_item,Ica,null,null,null
Netcall,1 sept 2026,17,914920453,9149204538166912541667,9283,Outbound,Portabilidad Postpago,RETIRO EN TIENDA,Retiro en tienda,1009,CERRADAS,Entregado,Entregado,NET_JCAVEROC,SIM,1 sept 2026,1 sept 2026,02/09/2026,Sí,CERRADAS,2026-09-02 01:01:20,Monolínea,Mono_item,Ica,29.95,Power 59.90 N,Power 59.90 N
Netcall,2 sept 2026,12,915274946,9152749468170475462228,9283,Outbound,Portabilidad Postpago,PROGRAMADO,Logixtal,9345,ABIERTAS,Pendiente Entrega,Pendiente Entrega,NET_SLAZOB,SIM,4 sept 2026,null,null,No,ABIERTAS,null,Multilínea,Mono_item,Ica,null,null,Power ilim 79.90 SD N
Netcall,1 sept 2026,13,914848160,9148481608166118105988,9271,Outbound,Portabilidad Postpago,RETIRO EN TIENDA,Retiro en tienda,7161,CANCELADAS,Cancelado,Cancelado,NET_FCASTILLOG,SIM,1 sept 2026,null,null,No,CANCELADAS,2026-09-01 15:36:18,Multilínea,Mono_item,Ica,null,null,Power ilim 69.90 N
Netcall,3 sept 2026,12,915686902,915686902Empty,9283,Outbound,Portabilidad Postpago,RETIRO EN TIENDA,Retiro en tienda,1009,ABIERTAS,Pendiente Entrega,Pendiente Entrega,NET_TCRISANTOV,SIM,3 sept 2026,null,null,No,ABIERTAS,null,Monolínea,Mono_item,Ica,null,null,null
Netcall,3 sept 2026,9,915623178,91562317889511710111070915661,9283,Outbound,Portabilidad Postpago,EXPRESS,Retiro en tienda,9345,ABIERTAS,Entregado,Entregado,NET_SLIZARDOPER,SIM,3 sept 2026,null,null,No,ABIERTAS,null,Monolínea,Mono_item,Ica,null,null,null
Netcall,1 sept 2026,15,914882122,9148821228166502967940,9283,Outbound,Portabilidad Postpago,PROGRAMADO,Logixtal,9345,CERRADAS,Entregado,Entregado,NET_ACREGALADO,SIM,2 sept 2026,2 sept 2026,null,No,CERRADAS,2026-09-03 01:03:16,Monolínea,Mono_item,Ica,null,Power 59.90 N,Power 59.90 N
Netcall,2 sept 2026,14,915304897,9153048978170793313362,9283,Outbound,Portabilidad Postpago,RETIRO EN TIENDA,Retiro en tienda,1009,ABIERTAS,Pendiente Entrega,Pendiente Entrega,NET_DCONVERCIOA,SIM,2 sept 2026,null,null,No,ABIERTAS,null,Monolínea,Mono_item,Ica,null,null,Power ilim 79.90 SD N
Netcall,2 sept 2026,12,915272429,915272429,9283,Outbound,Portabilidad Postpago,EXPRESS,Logixtal,9345,CERRADAS,Entregado,Entregado,NET_ATORRESP,SIM,2 sept 2026,2 sept 2026,null,No,CERRADAS,2026-09-03 00:15:29,Monolínea,Mono_item,Ica,null,Power ilim 69.90 N,null
Netcall,1 sept 2026,15,914874398,914874398,9283,Outbound,Portabilidad Postpago,PROGRAMADO,Logixtal,9345,CERRADAS,Entregado,Entregado,NET_FLABANM,SIM,2 sept 2026,2 sept 2026,null,No,CERRADAS,2026-09-03 00:06:43,Monolínea,Mono_item,Ica,null,Power ilim 79.90 SD N,null
Netcall,1 sept 2026,10,914786995,9147869958165495868216,9283,Outbound,Portabilidad Postpago,RETIRO EN TIENDA,Retiro en tienda,7161,ABIERTAS,Pendiente Entrega,Pendiente Entrega,NET_LCASTILLORI,SIM,1 sept 2026,null,null,No,ABIERTAS,null,Multilínea,Mono_item,Ica,null,null,Power ilim 79.90 SD N
Netcall,2 sept 2026,16,915332254,9153322548171081613796,9283,Outbound,Venta Regular / Alta,EXPRESS,Logixtal,9345,ABIERTAS,Pendiente Entrega,Pendiente Entrega,NET_JROMEROC,SIM,2 sept 2026,null,null,No,ABIERTAS,null,Multilínea,Mono_item,Ica,null,null,Power ilim 79.90 SD N
Netcall,1 sept 2026,15,914868679,9148686798166341609381,9271,Outbound,Portabilidad Postpago,RETIRO EN TIENDA,Retiro en tienda,8006,ABIERTAS,Pendiente Entrega,Pendiente Entrega,NET_ATENORIOM,SIM,1 sept 2026,null,null,No,ABIERTAS,null,Monolínea,Mono_item,Ancash,null,null,Power ilim 69.90 N
Netcall,1 sept 2026,16,914893172,9148931728166611428952,9283,Outbound,Portabilidad Postpago,RETIRO EN TIENDA,Retiro en tienda,8006,ABIERTAS,Pendiente Entrega,Pendiente Entrega,NET_CBIELICHR,SIM,1 sept 2026,null,null,No,ABIERTAS,null,Multilínea,Mono_item,Ancash,null,null,Power ilim 79.90 SD N
Netcall,1 sept 2026,19,914947404,9149474048167184835977,9283,Outbound,Portabilidad Postpago,RETIRO EN TIENDA,Retiro en tienda,8006,ABIERTAS,Pendiente Entrega,Pendiente Entrega,NET_CBIELICHR,SIM,1 sept 2026,null,null,No,ABIERTAS,null,Multilínea,Mono_item,Ancash,null,null,Power ilim 79.90 SD N
Netcall,1 sept 2026,16,914891939,9148919398166600370532,9283,Outbound,Portabilidad Postpago,RETIRO EN TIENDA,Retiro en tienda,8006,CERRADAS,Entregado,Entregado,NET_CBIELICHR,SIM,1 sept 2026,1 sept 2026,02/09/2026,Sí,CERRADAS,2026-09-02 01:08:42,Multilínea,Mono_item,Ancash,39.95,Power ilim 79.90 SD N,Power ilim 79.90 SD N
Netcall,2 sept 2026,11,915245803,9152458038170183650867,9271,Outbound,Portabilidad Postpago,RETIRO EN TIENDA,Retiro en tienda,8006,ABIERTAS,Pendiente Entrega,Pendiente Entrega,NET_SCOVENASC,SIM,2 sept 2026,null,null,No,ABIERTAS,null,Monolínea,Mono_item,Ancash,null,null,Power ilim 79.90 SD N
Netcall,2 sept 2026,10,915239205,9152392058170125055139,9283,Outbound,Portabilidad Postpago,RETIRO EN TIENDA,Retiro en tienda,3203,ABIERTAS,Pendiente Entrega,Pendiente Entrega,NET_DNIEVESNIMA,SIM,2 sept 2026,null,null,No,ABIERTAS,null,Monolínea,Mono_item,Lima - Callao,null,null,Power 59.90 N
Netcall,3 sept 2026,10,915636249,915636249Empty,9283,Outbound,Portabilidad Postpago,PROGRAMADO,Logixtal,9001,ABIERTAS,Pendiente Entrega,Pendiente de Picking,NET_AYZAGUIRREH,SIM,5 sept 2026,null,null,No,ABIERTAS,null,Multilínea,Mono_item,Lima - Callao,null,null,null
Netcall,2 sept 2026,16,915349322,9153493228171261692713,9283,Outbound,Portabilidad Postpago,PROGRAMADO,Logixtal,9001,ABIERTAS,Pendiente Entrega,Pendiente Entrega,NET_LLEONAN,SIM,3 sept 2026,null,null,No,ABIERTAS,null,Multilínea,Mono_item,Lima - Callao,null,null,Power ilim 79.90 SD N
Netcall,1 sept 2026,14,914853249,9148532498166176556939,9283,Outbound,Portabilidad Postpago,RETIRO EN TIENDA,Retiro en tienda,3203,CERRADAS,Entregado,Entregado,NET_JCAVEROC,SIM,1 sept 2026,1 sept 2026,02/09/2026,Sí,CERRADAS,2026-09-02 01:22:40,Monolínea,Mono_item,Lima - Callao,39.95,Power ilim 79.90 SD N,Power ilim 79.90 SD N
Netcall,2 sept 2026,16,915350765,9153507658171279850992,9283,Outbound,Portabilidad Postpago,PROGRAMADO,Logixtal,9001,ABIERTAS,Pendiente Entrega,Pendiente Entrega,NET_LLEONAN,SIM,3 sept 2026,null,null,No,ABIERTAS,null,Multilínea,Mono_item,Lima - Callao,null,null,Power ilim 79.90 SD N
Netcall,3 sept 2026,12,915679933,915679933Empty,9283,Outbound,Portabilidad Postpago,RETIRO EN TIENDA,Retiro en tienda,3203,CANCELADAS,Cancelado,Cancelado,NET_DNIEVESNIMA,SIM,3 sept 2026,null,null,No,CANCELADAS,2026-09-03 12:22:03,Monolínea,Mono_item,Lima - Callao,null,null,null
Netcall,3 sept 2026,12,915674538,915674538Empty,9283,Outbound,Venta Regular / Alta,RETIRO EN TIENDA,Retiro en tienda,3203,ABIERTAS,Pendiente Entrega,Pendiente Entrega,TLV_NET_CURCIAR,SIM,3 sept 2026,null,null,No,ABIERTAS,null,Monolínea,Mono_item,Lima - Callao,null,null,null
Netcall,3 sept 2026,10,915634716,915634716Empty,9283,Outbound,Portabilidad Postpago,PROGRAMADO,Logixtal,9001,ABIERTAS,Pendiente Entrega,Pendiente de Picking,NET_AYZAGUIRREH,SIM,5 sept 2026,null,null,No,ABIERTAS,null,Multilínea,Mono_item,Lima - Callao,null,null,null
Netcall,1 sept 2026,10,914788480,9147884808165509747323,9283,Outbound,Portabilidad Postpago,RETIRO EN TIENDA,Retiro en tienda,7169,CERRADAS,Entregado,Entregado,NET_PSANCHEZE,SIM,1 sept 2026,1 sept 2026,02/09/2026,Sí,CERRADAS,2026-09-02 03:01:57,Multilínea,Mono_item,Ancash,19.95,Power ilim 79.90 SD N,Power ilim 79.90 SD N
Netcall,2 sept 2026,17,915365642,9153656428171435219792,9283,Outbound,Portabilidad Postpago,RETIRO EN TIENDA,Retiro en tienda,7169,ABIERTAS,Pendiente Entrega,Pendiente Entrega,NET_SGONZALESP,SIM,2 sept 2026,null,null,No,ABIERTAS,null,Monolínea,Mono_item,Ancash,null,null,Power ilim 79.90 SD N
Netcall,2 sept 2026,13,915297524,9152975248170715137172,9283,Outbound,Portabilidad Postpago,RETIRO EN TIENDA,Retiro en tienda,7169,ABIERTAS,Pendiente Entrega,Pendiente Entrega,NET_YCASTILLOO,SIM,2 sept 2026,null,null,No,ABIERTAS,null,Monolínea,Mono_item,Ancash,null,null,Power 59.90 N
Netcall,1 sept 2026,10,914782955,9147829558165472712480,9283,Outbound,Portabilidad Postpago,RETIRO EN TIENDA,Retiro en tienda,7169,CERRADAS,Entregado,Entregado,NET_PSANCHEZE,SIM,1 sept 2026,1 sept 2026,02/09/2026,Sí,CERRADAS,2026-09-02 01:28:44,Multilínea,Mono_item,Ancash,39.95,Power ilim 79.90 SD N,Power ilim 79.90 SD N
Netcall,1 sept 2026,10,914786518,9147865188165489963950,9283,Outbound,Portabilidad Postpago,RETIRO EN TIENDA,Retiro en tienda,7169,CERRADAS,Entregado,Entregado,NET_PSANCHEZE,SIM,1 sept 2026,1 sept 2026,02/09/2026,Sí,CERRADAS,2026-09-02 00:53:52,Multilínea,Mono_item,Ancash,19.95,Power ilim 79.90 SD N,Power ilim 79.90 SD N
Netcall,2 sept 2026,23,915503908,9155039088172284806443,9283,Outbound,Portabilidad Postpago,RETIRO EN TIENDA,Retiro en tienda,3016,ABIERTAS,Pendiente Entrega,Pendiente Entrega,TLV_NET_DVALOI,SIM,3 sept 2026,null,null,No,ABIERTAS,null,Monolínea,Mono_item,Ancash,null,null,Power 59.90 N
Netcall,2 sept 2026,10,915239254,9152392548170125139152,9283,Outbound,Portabilidad Postpago,EXPRESS,Logixtal,9344,ABIERTAS,Pendiente Entrega,Pendiente Entrega,NET_SBENITOV,SIM,2 sept 2026,null,null,No,ABIERTAS,null,Monolínea,Mono_item,Ancash,null,null,Power ilim 79.90 SD N
Netcall,2 sept 2026,15,915318060,9153180608170935827909,9283,Outbound,Portabilidad Postpago,PROGRAMADO,Logixtal,9344,ABIERTAS,Pendiente Entrega,Pendiente Entrega,NET_LRODRIGUEZC,SIM,3 sept 2026,null,null,No,ABIERTAS,null,Multilínea,Mono_item,Ancash,null,null,Power ilim 79.90 SD N
Netcall,1 sept 2026,10,914779434,9147794348165426183857,9283,Outbound,Portabilidad Postpago,PROGRAMADO,Logixtal,9344,CANCELADAS,Anulado,PIN-PORTA NO LLEGA SMS,NET_SBENITOV,SIM,2 sept 2026,null,null,No,CANCELADAS,2026-09-02 09:58:49,Monolínea,Mono_item,Ancash,null,null,Power ilim 79.90 SD N
Netcall,1 sept 2026,19,914943702,9149437028167137102117,9283,Outbound,Portabilidad Postpago,PROGRAMADO,Logixtal,9344,CERRADAS,Entregado,Entregado,NET_YENCARNACIH,SIM,2 sept 2026,2 sept 2026,null,No,CERRADAS,2026-09-03 00:55:44,Monolínea,Mono_item,Ancash,null,Power 59.90 N,Power 59.90 N
Netcall,2 sept 2026,21,915416379,9154163798171961644795,9283,Outbound,Portabilidad Postpago,RETIRO EN TIENDA,Retiro en tienda,3016,ABIERTAS,Pendiente Entrega,Pendiente Entrega,TLV_NET_DVALOI,SIM,3 sept 2026,null,null,No,ABIERTAS,null,Monolínea,Mono_item,Ancash,null,null,Power 59.90 N
Netcall,2 sept 2026,15,915319610,9153196108170954481493,9283,Outbound,Portabilidad Postpago,PROGRAMADO,Logixtal,9344,ABIERTAS,Pendiente Entrega,Pendiente Entrega,NET_LRODRIGUEZC,SIM,3 sept 2026,null,null,No,ABIERTAS,null,Multilínea,Mono_item,Ancash,null,null,Power ilim 79.90 SD N
Netcall,1 sept 2026,16,914899474,9148994748166682171350,9271,Outbound,Portabilidad Postpago,RETIRO EN TIENDA,Retiro en tienda,3016,ABIERTAS,Pendiente Entrega,Pendiente Entrega,NET_KTAYAB,SIM,1 sept 2026,null,null,No,ABIERTAS,null,Monolínea,Mono_item,Ancash,null,null,Power 59.90 N
Netcall,2 sept 2026,15,915323924,9153239248170999433380,9283,Outbound,Portabilidad Postpago,PROGRAMADO,Logixtal,9344,ABIERTAS,Pendiente Entrega,Pendiente Entrega,NET_LRODRIGUEZC,SIM,3 sept 2026,null,null,No,ABIERTAS,null,Multilínea,Mono_item,Ancash,null,null,Power ilim 79.90 SD N
Netcall,2 sept 2026,10,915232508,9152325088170063563987,9271,Outbound,Portabilidad Postpago,RETIRO EN TIENDA,Retiro en tienda,3016,ABIERTAS,Pendiente Entrega,Pendiente Entrega,NET_BATOP,SIM,2 sept 2026,null,null,No,ABIERTAS,null,Monolínea,Mono_item,Ancash,null,null,Power 59.90 N
Netcall,2 sept 2026,13,915286529,915286529,9283,Outbound,Portabilidad Postpago,RETIRO EN TIENDA,Retiro en tienda,3016,CERRADAS,Entregado,Entregado,TLV_NET_CSILVAP,SIM,2 sept 2026,2 sept 2026,null,No,CERRADAS,2026-09-03 00:29:43,Multilínea,Mono_item,Ancash,null,Power ilim 69.90 N,null
Netcall,2 sept 2026,16,915332676,9153326768171083849638,9283,Outbound,Portabilidad Postpago,RETIRO EN TIENDA,Retiro en tienda,3016,CERRADAS,Entregado,Entregado,TLV_NET_CSILVAP,SIM,2 sept 2026,2 sept 2026,null,No,CERRADAS,2026-09-03 01:24:12,Multilínea,Mono_item,Ancash,null,Power ilim 69.90 N,Power ilim 69.90 N
Netcall,2 sept 2026,9,915218758,915218758,9283,Outbound,Portabilidad Postpago,EXPRESS,Logixtal,9001,CERRADAS,Entregado,Entregado,NET_FRIVERAO,SIM,2 sept 2026,2 sept 2026,null,No,CERRADAS,2026-09-03 00:29:05,Monolínea,Mono_item,Lima - Callao,null,Power 59.90 N,null
Netcall,2 sept 2026,13,915300496,9153004968170754308782,9283,Outbound,Portabilidad Postpago,EXPRESS,Logixtal,9001,ABIERTAS,Pendiente Entrega,Pendiente Entrega,NET_SMORES,SIM,2 sept 2026,null,null,No,ABIERTAS,null,Monolínea,Mono_item,Lima - Callao,null,null,Power ilim 79.90 SD N
Netcall,3 sept 2026,14,915726224,915726224Empty,9283,Outbound,Portabilidad Postpago,PROGRAMADO,Logixtal,9001,ABIERTAS,Pendiente Entrega,Pendiente de Picking,NET_GBUITRONL,SIM,4 sept 2026,null,null,No,ABIERTAS,null,Multilínea,Mono_item,Lima - Callao,null,null,null
Netcall,1 sept 2026,13,914846563,914846563,9283,Outbound,Portabilidad Postpago,PROGRAMADO,Logixtal,9001,CERRADAS,Entregado,Entregado,NET_RGUTIERREZS,SIM,2 sept 2026,2 sept 2026,null,No,CERRADAS,2026-09-03 00:20:55,Monolínea,Mono_item,Lima - Callao,null,Power ilim 69.90 N,null
Netcall,2 sept 2026,10,915229267,9152292678170027364928,9283,Outbound,Portabilidad Postpago,EXPRESS,Logixtal,9001,CERRADAS,Entregado,Entregado,NET_PCHAVESTAY,SIM,2 sept 2026,2 sept 2026,null,No,CERRADAS,2026-09-03 03:36:26,Multilínea,Mono_item,Lima - Callao,null,Power ilim 79.90 SD N,Power ilim 79.90 SD N
Netcall,2 sept 2026,10,915230069,9152300698170036379746,9283,Outbound,Portabilidad Postpago,EXPRESS,Logixtal,9001,CERRADAS,Entregado,Entregado,NET_PCHAVESTAY,SIM,2 sept 2026,2 sept 2026,null,No,CERRADAS,2026-09-03 01:46:27,Multilínea,Mono_item,Lima - Callao,null,Power ilim 79.90 SD N,Power ilim 79.90 SD N
Netcall,2 sept 2026,10,915228637,9152286378170023714578,9283,Outbound,Portabilidad Postpago,EXPRESS,Logixtal,9001,CERRADAS,Entregado,Entregado,NET_PCHAVESTAY,SIM,2 sept 2026,2 sept 2026,null,No,CERRADAS,2026-09-03 01:09:14,Multilínea,Mono_item,Lima - Callao,null,Power ilim 79.90 SD N,Power ilim 79.90 SD N
Netcall,2 sept 2026,9,915223724,9152237248169976697896,9283,Outbound,Portabilidad Postpago,EXPRESS,Logixtal,9001,CERRADAS,Entregado,Entregado,NET_LFLORESY,SIM,2 sept 2026,2 sept 2026,null,No,CERRADAS,2026-09-03 01:40:27,Monolínea,Mono_item,Lima - Callao,null,Power ilim 69.90 N,Power ilim 69.90 N
Netcall,2 sept 2026,14,915306645,9153066458170813087780,9283,Outbound,Portabilidad Postpago,RETIRO EN TIENDA,Retiro en tienda,3091,CANCELADAS,Cancelado,Cancelado,NET_MMREVILLA,SIM,2 sept 2026,null,null,No,CANCELADAS,2026-09-02 19:03:19,Monolínea,Mono_item,Lima - Callao,null,null,Power 59.90 N
Netcall,3 sept 2026,11,915672818,915672818Empty,9283,Outbound,Portabilidad Postpago,PROGRAMADO,Logixtal,9001,ABIERTAS,Pendiente Entrega,Pendiente de Picking,NET_ACASTROS,SIM,4 sept 2026,null,null,No,ABIERTAS,null,Monolínea,Mono_item,Lima - Callao,null,null,null
Netcall,3 sept 2026,10,915651897,915651897Empty,9283,Outbound,Portabilidad Postpago,PROGRAMADO,Logixtal,9001,ABIERTAS,Pendiente Entrega,Pendiente de Picking,NET_KBRACOV,SIM,4 sept 2026,null,null,No,ABIERTAS,null,Monolínea,Mono_item,Lima - Callao,null,null,null
Netcall,3 sept 2026,10,915640386,915640386Empty,9283,Outbound,Portabilidad Postpago,PROGRAMADO,Logixtal,9001,ABIERTAS,Pendiente Entrega,Pendiente de Picking,NET_CCONDEM,SIM,4 sept 2026,null,null,No,ABIERTAS,null,Monolínea,Mono_item,Lima - Callao,null,null,null
Netcall,2 sept 2026,18,915377432,9153774328171550995725,9283,Outbound,Portabilidad Postpago,RETIRO EN TIENDA,Retiro en tienda,3091,ABIERTAS,Pendiente Entrega,Pendiente Entrega,NET_BHUACHUHUIB,SIM,2 sept 2026,null,null,No,ABIERTAS,null,Monolínea,Mono_item,Lima - Callao,null,null,Power ilim 79.90 SD N
Netcall,2 sept 2026,13,915295711,9152957118170696388521,9283,Outbound,Portabilidad Postpago,PROGRAMADO,Logixtal,9001,ABIERTAS,Pendiente Entrega,Pendiente Entrega,NET_SDIAZO,SIM,4 sept 2026,null,null,No,ABIERTAS,null,Monolínea,Mono_item,Lima - Callao,null,null,Power 59.90 N
Netcall,2 sept 2026,16,915350645,9153506458171273275437,9283,Outbound,Portabilidad Postpago,RETIRO EN TIENDA,Retiro en tienda,3091,ABIERTAS,Pendiente Entrega,Pendiente Entrega,NET_MCVASQUEZ,SIM,2 sept 2026,null,null,No,ABIERTAS,null,Monolínea,Mono_item,Lima - Callao,null,null,Power ilim 69.90 N
Netcall,3 sept 2026,9,915629618,91562961889511710111069299903,9283,Outbound,Portabilidad Postpago,EXPRESS,Retiro en tienda,9353,ABIERTAS,Entregado,Entregado,TLV_NET_BCHAVEZ,SIM,3 sept 2026,null,null,No,ABIERTAS,null,Multilínea,Mono_item,Huanuco,null,null,null
Netcall,2 sept 2026,11,915260249,9152602498170327217675,9283,Outbound,Venta Regular / Alta,EXPRESS,Logixtal,9353,CERRADAS,Entregado,Entregado,NET_EMONZONP,SIM,2 sept 2026,2 sept 2026,02/09/2026,Sí,CERRADAS,2026-09-02 18:31:36,Monolínea,Mono_item,Huanuco,29.95,Power 59.90 N,Power 59.90 N
Netcall,2 sept 2026,10,915238640,9152386408170123679960,9283,Outbound,Portabilidad Postpago,EXPRESS,Logixtal,9353,ABIERTAS,Anulado,CLIENTE NO PODRA ATENDER,NET_SDIAZO,SIM,2 sept 2026,null,null,No,ABIERTAS,null,Monolínea,Mono_item,Huanuco,null,null,Power ilim 69.90 N
Netcall,2 sept 2026,15,915332044,9153320448171080542670,9271,Outbound,Portabilidad Postpago,EXPRESS,Logixtal,9353,CANCELADAS,Anulado,DIRECCIÓN ERRADA,NET_PTORRESR,SIM,2 sept 2026,null,null,No,CANCELADAS,2026-09-02 17:47:56,Monolínea,Mono_item,Huanuco,null,null,Power 59.90 N
Netcall,1 sept 2026,17,914917209,9149172098166874483536,9283,Outbound,Portabilidad Postpago,RETIRO EN TIENDA,Retiro en tienda,3015,CERRADAS,Entregado,Entregado,NET_PCHAVESTAY,SIM,1 sept 2026,1 sept 2026,02/09/2026,Sí,CERRADAS,2026-09-02 01:36:08,Multilínea,Mono_item,Huanuco,39.95,Power ilim 79.90 SD N,Power ilim 79.90 SD N
Netcall,1 sept 2026,12,914826497,9148264978165886623703,9283,Outbound,Portabilidad Postpago,EXPRESS,Logixtal,9353,CERRADAS,Entregado,Entregado,NET_MHOYOSV,SIM,1 sept 2026,1 sept 2026,02/09/2026,Sí,CERRADAS,2026-09-02 00:57:29,Monolínea,Mono_item,Huanuco,29.95,Power 59.90 N,Power 59.90 N
Netcall,2 sept 2026,9,915215528,9152155288169893255435,9283,Outbound,Portabilidad Postpago,PROGRAMADO,Logixtal,9353,ABIERTAS,Pendiente Entrega,Pendiente Entrega,TLV_NET_JSILVAT,SIM,4 sept 2026,null,null,No,ABIERTAS,null,Monolínea,Mono_item,Huanuco,null,null,Power ilim 69.90 N
Netcall,3 sept 2026,9,915625868,91562586889511710111069299762,9271,Outbound,Portabilidad Postpago,EXPRESS,Retiro en tienda,9353,ABIERTAS,Entregado,Entregado,NET_BATOP,SIM,3 sept 2026,null,null,No,ABIERTAS,null,Monolínea,Mono_item,Huanuco,null,null,null
Netcall,1 sept 2026,9,914768649,9147686498165318341266,9283,Outbound,Portabilidad Postpago,EXPRESS,Logixtal,9353,CANCELADAS,Anulado,CLIENTE DESISTE - NO BRINDA MOTIVOS,NET_SDIAZO,SIM,1 sept 2026,null,null,No,CANCELADAS,2026-09-01 11:19:41,Monolínea,Mono_item,Huanuco,null,null,Power ilim 69.90 N
Netcall,1 sept 2026,8,914745060,9147450608165147078875,9271,Outbound,Portabilidad Postpago,EXPRESS,Logixtal,9353,CERRADAS,Entregado,Entregado,TLV_NET_MAYALAM,SIM,1 sept 2026,1 sept 2026,02/09/2026,Sí,CERRADAS,2026-09-02 00:05:59,Monolínea,Mono_item,Huanuco,34.95,Power ilim 69.90 N,Power ilim 69.90 N
Netcall,3 sept 2026,12,915674917,915674917Empty,9283,Outbound,Portabilidad Postpago,EXPRESS,Retiro en tienda,9353,ABIERTAS,Pendiente Entrega,Pendiente Entrega,TLV_NET_RSORIAH,SIM,3 sept 2026,null,null,No,ABIERTAS,null,Monolínea,Mono_item,Huanuco,null,null,null
Netcall,3 sept 2026,7,915588962,915588962Empty,9283,Outbound,Venta Regular / Alta,RETIRO EN TIENDA,Retiro en tienda,3015,ABIERTAS,Pendiente Entrega,Pendiente Entrega,TLV_NET_CACEVED,SIM,3 sept 2026,null,null,No,ABIERTAS,null,Multilínea,Mono_item,Huanuco,null,null,null
Netcall,3 sept 2026,9,915630648,91563064889511710111069299911,9283,Outbound,Portabilidad Postpago,EXPRESS,Retiro en tienda,9353,ABIERTAS,Entregado,Entregado,TLV_NET_BCHAVEZ,SIM,3 sept 2026,null,null,No,ABIERTAS,null,Multilínea,Mono_item,Huanuco,null,null,null
Netcall,3 sept 2026,11,915671597,915671597Empty,9283,Outbound,Portabilidad Postpago,RETIRO EN TIENDA,Retiro en tienda,3015,ABIERTAS,Pendiente Entrega,Pendiente Entrega,NET_MCVASQUEZ,SIM,3 sept 2026,null,null,No,ABIERTAS,null,Monolínea,Mono_item,Huanuco,null,null,null
Netcall,2 sept 2026,9,915218888,915218888,9283,Outbound,Portabilidad Postpago,EXPRESS,Logixtal,9353,CERRADAS,Entregado,Entregado,NET_MCELISG,SIM,2 sept 2026,2 sept 2026,null,No,CERRADAS,2026-09-03 00:16:34,Monolínea,Mono_item,Huanuco,null,Power ilim 69.90 N,null
Netcall,1 sept 2026,13,914837346,9148373468165997458113,9271,Outbound,Portabilidad Postpago,EXPRESS,Logixtal,9353,CERRADAS,Entregado,Entregado,TLV_NET_MAYALAM,SIM,1 sept 2026,1 sept 2026,02/09/2026,Sí,CERRADAS,2026-09-02 01:13:11,Monolínea,Mono_item,Huanuco,34.95,Power ilim 69.90 N,Power ilim 69.90 N
Netcall,1 sept 2026,10,914788463,9147884638165506865075,9283,Outbound,Portabilidad Postpago,EXPRESS,Logixtal,9353,CERRADAS,Entregado,Entregado,NET_MFERRER,SIM,1 sept 2026,1 sept 2026,02/09/2026,Sí,CERRADAS,2026-09-02 00:36:07,Multilínea,Mono_item,Huanuco,19.95,Power ilim 79.90 SD N,Power ilim 79.90 SD N
Netcall,2 sept 2026,15,915331903,9153319038171080069549,9283,Outbound,Portabilidad Postpago,EXPRESS,Logixtal,9353,CANCELADAS,Anulado,CLIENTE DESISTE - NO BRINDA MOTIVOS,TLV_NET_GCUEVAC,SIM,2 sept 2026,null,null,No,CANCELADAS,2026-09-02 17:48:24,Monolínea,Mono_item,Huanuco,null,null,Power ilim 79.90 SD N
Netcall,3 sept 2026,7,915585864,915585864Empty,9283,Outbound,Portabilidad Postpago,RETIRO EN TIENDA,Retiro en tienda,3015,ABIERTAS,Pendiente Entrega,Pendiente Entrega,TLV_NET_CACEVED,SIM,3 sept 2026,null,null,No,ABIERTAS,null,Multilínea,Mono_item,Huanuco,null,null,null
Netcall,2 sept 2026,12,915280158,915280158,9283,Outbound,Portabilidad Postpago,EXPRESS,Logixtal,9353,CERRADAS,Entregado,Entregado,NET_CIOLAYAR,SIM,2 sept 2026,2 sept 2026,null,No,CERRADAS,2026-09-03 00:32:03,Monolínea,Mono_item,Huanuco,null,Power 59.90 N,null
Netcall,1 sept 2026,13,914839322,9148393228166024349095,9283,Outbound,Venta Regular / Alta,EXPRESS,Logixtal,9353,CERRADAS,Entregado,Entregado,NET_MFERRER,SIM,1 sept 2026,1 sept 2026,01/09/2026,Sí,CERRADAS,2026-09-01 16:51:53,Multilínea,Mono_item,Huanuco,39.95,Power ilim 79.90 SD N,Power ilim 79.90 SD N
Netcall,1 sept 2026,16,914891195,9148911958166592994037,9283,Outbound,Portabilidad Postpago,EXPRESS,Logixtal,9353,CANCELADAS,Anulado,CLIENTE DESISTE - NO BRINDA MOTIVOS,TLV_NET_APINTAD,SIM,1 sept 2026,null,null,No,CANCELADAS,2026-09-01 18:53:41,Monolínea,Mono_item,Huanuco,null,null,Power ilim 79.90 SD N
Netcall,3 sept 2026,12,915690022,915690022Empty,9283,Outbound,Portabilidad Postpago,EXPRESS,Retiro en tienda,9353,ABIERTAS,Pendiente Entrega,Pendiente Entrega,NET_ATORRESP,SIM,3 sept 2026,null,null,No,ABIERTAS,null,Monolínea,Mono_item,Huanuco,null,null,null
Netcall,1 sept 2026,10,914789373,9147893738165514185730,9283,Outbound,Portabilidad Postpago,EXPRESS,Logixtal,9353,CANCELADAS,Anulado,Cliente sin equipo Pin Porta,NET_MFERRER,SIM,1 sept 2026,null,null,No,CANCELADAS,2026-09-01 13:40:17,Multilínea,Mono_item,Huanuco,null,null,Power ilim 79.90 SD N
Netcall,1 sept 2026,18,914925644,9149256448166961392258,9283,Outbound,Portabilidad Postpago,RETIRO EN TIENDA,Retiro en tienda,3015,CANCELADAS,Cancelado,Cancelado,NET_MCELISG,SIM,1 sept 2026,null,null,No,CANCELADAS,2026-09-01 19:37:39,Monolínea,Mono_item,Huanuco,null,null,Power ilim 69.90 N
Netcall,1 sept 2026,12,914831863,9148318638165944507380,9283,Outbound,Portabilidad Postpago,EXPRESS,Logixtal,9353,CERRADAS,Entregado,Entregado,NET_JSANCHEZC,SIM,1 sept 2026,1 sept 2026,02/09/2026,Sí,CERRADAS,2026-09-02 00:52:53,Monolínea,Mono_item,Huanuco,34.95,Power ilim 69.90 N,Power ilim 69.90 N
Netcall,2 sept 2026,11,915251248,9152512488170240338187,9283,Outbound,Portabilidad Postpago,EXPRESS,Logixtal,9353,CERRADAS,Entregado,Entregado,NET_EMONZONP,SIM,2 sept 2026,2 sept 2026,null,No,CERRADAS,2026-09-03 02:33:43,Multilínea,Mono_item,Huanuco,null,Power ilim 79.90 SD N,Power ilim 79.90 SD N
Netcall,3 sept 2026,10,915642596,91564259689511710111069293385,9271,Outbound,Portabilidad Postpago,EXPRESS,Retiro en tienda,9353,ABIERTAS,Entregado,Entregado,TLV_NET_MAYALAM,SIM,3 sept 2026,null,null,No,ABIERTAS,null,Monolínea,Mono_item,Huanuco,null,null,null
Netcall,3 sept 2026,12,915675804,91567580489511710111069299853,5299,Outbound,Portabilidad Postpago,EXPRESS,Retiro en tienda,9353,ABIERTAS,Entregado,Entregado,NET_RCANDIOTTIA,SIM,3 sept 2026,null,null,No,ABIERTAS,null,Monolínea,Mono_item,Huanuco,null,null,null
Netcall,1 sept 2026,11,914805019,9148050198165668613637,9283,Outbound,Portabilidad Postpago,PROGRAMADO,Logixtal,9353,ABIERTAS,Pendiente Entrega,Pendiente Entrega,NET_JSANGAMA,SIM,3 sept 2026,null,null,No,ABIERTAS,null,Monolínea,Mono_item,Huanuco,null,null,Power 59.90 N
Netcall,2 sept 2026,11,915245019,9152450198170178833988,9283,Outbound,Portabilidad Postpago,EXPRESS,Logixtal,9353,CANCELADAS,Anulado,CLIENTE DESISTE - NO BRINDA MOTIVOS,NET_MCVASQUEZ,SIM,2 sept 2026,null,null,No,CANCELADAS,2026-09-02 11:48:23,Monolínea,Mono_item,Huanuco,null,null,Power 59.90 N
Netcall,2 sept 2026,8,915199332,9151993328169779605122,9283,Outbound,Portabilidad Postpago,EXPRESS,Logixtal,9353,CANCELADAS,Entregado,Entregado,TLV_NET_BCHAVEZ,SIM,2 sept 2026,2 sept 2026,null,No,CANCELADAS,2026-09-02 22:00:22,Multilínea,Mono_item,Huanuco,null,null,Power ilim 79.90 SD N
Netcall,2 sept 2026,11,915250215,9152502158170227549241,9283,Outbound,Portabilidad Postpago,EXPRESS,Logixtal,9353,CERRADAS,Entregado,Entregado,NET_EMONZONP,SIM,2 sept 2026,2 sept 2026,null,No,CERRADAS,2026-09-03 00:42:41,Multilínea,Mono_item,Huanuco,null,Power ilim 79.90 SD N,Power ilim 79.90 SD N
Netcall,2 sept 2026,14,915314498,9153144988170898793209,9283,Outbound,Portabilidad Postpago,EXPRESS,Logixtal,9353,CERRADAS,Entregado,Entregado,NET_MCVASQUEZ,SIM,2 sept 2026,2 sept 2026,null,No,CERRADAS,2026-09-03 00:52:26,Monolínea,Mono_item,Huanuco,null,Power 59.90 N,Power 59.90 N
Netcall,2 sept 2026,8,915196789,9151967898169757232764,9283,Outbound,Portabilidad Postpago,EXPRESS,Logixtal,9353,CERRADAS,Entregado,Entregado,TLV_NET_BCHAVEZ,SIM,2 sept 2026,2 sept 2026,null,No,CERRADAS,2026-09-03 01:05:35,Multilínea,Mono_item,Huanuco,null,Power ilim 79.90 SD N,Power ilim 79.90 SD N
Netcall,2 sept 2026,11,915258671,9152586718170309984983,9283,Outbound,Portabilidad Postpago,PROGRAMADO,Logixtal,9353,ABIERTAS,Pendiente Entrega,Pendiente Entrega,NET_EZAPATAC,SIM,3 sept 2026,null,null,No,ABIERTAS,null,Monolínea,Mono_item,Huanuco,null,null,Power 59.90 N
Netcall,1 sept 2026,16,914897580,9148975808166659926205,9283,Outbound,Portabilidad Postpago,RETIRO EN TIENDA,Retiro en tienda,7211,CANCELADAS,Cancelado,Cancelado,NET_GMENDIGUETE,SIM,1 sept 2026,null,null,No,CANCELADAS,2026-09-02 17:53:10,Multilínea,Mono_item,Ayacucho,null,null,Power ilim 79.90 SD N
Netcall,1 sept 2026,16,914898913,9148989138166673159533,9283,Outbound,Venta Regular / Alta,RETIRO EN TIENDA,Retiro en tienda,7211,CANCELADAS,Cancelado,Cancelado,NET_GMENDIGUETE,SIM,1 sept 2026,null,null,No,CANCELADAS,2026-09-02 17:53:40,Multilínea,Mono_item,Ayacucho,null,null,Power ilim 79.90 SD N
Netcall,1 sept 2026,12,914820632,9148206328165827514321,9283,Outbound,Portabilidad Postpago,PROGRAMADO,Logixtal,5023,ABIERTAS,Pendiente Entrega,Pendiente Entrega,NET_LCASTILLORI,SIM,3 sept 2026,null,null,No,ABIERTAS,null,Monolínea,Mono_item,La Libertad,null,null,Power ilim 79.90 SD N
Netcall,1 sept 2026,10,914790471,9147904718165530244672,9283,Outbound,Portabilidad Prepago,EXPRESS,Logixtal,9346,CERRADAS,Entregado,Entregado,NET_NRUBIOMARCO,SIM,1 sept 2026,1 sept 2026,02/09/2026,Sí,CERRADAS,2026-09-02 00:37:14,Monolínea,Mono_item,Junin,29.95,Power 59.90 N,Power 59.90 N
Netcall,3 sept 2026,11,915673659,91567365989511710111070942590,9283,Outbound,Portabilidad Postpago,EXPRESS,Retiro en tienda,9346,ABIERTAS,Entregado,Entregado,NET_JSIADEN,SIM,3 sept 2026,null,null,No,ABIERTAS,null,Multilínea,Mono_item,Junin,null,null,null
Netcall,1 sept 2026,9,914770321,9147703218165332962062,9289,Outbound,Portabilidad Postpago,EXPRESS,Logixtal,9346,CERRADAS,Entregado,Entregado,TLV_NET_MLANDAR,SIM,1 sept 2026,1 sept 2026,02/09/2026,Sí,CERRADAS,2026-09-02 01:42:11,Monolínea,Mono_item,Junin,19.95,Power ilim 79.90 SD N,Power ilim 79.90 SD N
Netcall,1 sept 2026,13,914836989,9148369898165999710411,9283,Outbound,Portabilidad Postpago,EXPRESS,Logixtal,9346,CERRADAS,Entregado,Entregado,NET_YRAYMUNDOTA,SIM,1 sept 2026,1 sept 2026,02/09/2026,Sí,CERRADAS,2026-09-02 00:03:33,Monolínea,Mono_item,Junin,39.95,Power ilim 79.90 SD N,Power ilim 79.90 SD N
Netcall,3 sept 2026,10,915639427,915639427Empty,9283,Outbound,Venta Regular / Alta,RETIRO EN TIENDA,Retiro en tienda,1008,ABIERTAS,Pendiente Entrega,Pendiente Entrega,NET_DNIEVESNIMA,SIM,3 sept 2026,null,null,No,ABIERTAS,null,Multilínea,Mono_item,Junin,null,null,null
Netcall,2 sept 2026,9,915216727,9152167278169904935317,5299,Outbound,Portabilidad Postpago,EXPRESS,Logixtal,9346,CANCELADAS,Anulado,PIN PORTA_CLIENTE RECHAZA,NET_JBOZAC,SIM,2 sept 2026,null,null,No,CANCELADAS,2026-09-02 10:11:02,Monolínea,Mono_item,Junin,null,null,Power ilim 69.90 N
Netcall,1 sept 2026,14,914856505,9148565058166209209774,9289,Outbound,Portabilidad Postpago,EXPRESS,Logixtal,9346,ABIERTAS,Pendiente Entrega,Pendiente Entrega,TLV_NET_MLANDAR,SIM,1 sept 2026,null,null,No,ABIERTAS,null,Multilínea,Mono_item,Junin,null,null,Power ilim 79.90 SD N
Netcall,3 sept 2026,13,915698323,915698323Empty,9283,Outbound,Portabilidad Postpago,PROGRAMADO,Retiro en tienda,9346,ABIERTAS,Pendiente Entrega,Pendiente Entrega,NET_JCABANILLAR,SIM,5 sept 2026,null,null,No,ABIERTAS,null,Monolínea,Mono_item,Junin,null,null,null
Netcall,1 sept 2026,9,914771640,9147716408165350601231,9283,Outbound,Portabilidad Postpago,EXPRESS,Logixtal,9346,CERRADAS,Entregado,Entregado,NET_ADOMINGUEZF,SIM,1 sept 2026,1 sept 2026,02/09/2026,Sí,CERRADAS,2026-09-02 00:44:34,Monolínea,Mono_item,Junin,29.95,Power 59.90 N,Power 59.90 N
Netcall,1 sept 2026,14,914859266,9148592668166238736356,9283,Outbound,Portabilidad Prepago,EXPRESS,Logixtal,9346,CERRADAS,Entregado,Entregado,NET_EMMENDIZF,SIM,1 sept 2026,1 sept 2026,02/09/2026,Sí,CERRADAS,2026-09-02 03:18:59,Multilínea,Mono_item,Junin,19.95,Power ilim 79.90 SD N,Power ilim 79.90 SD N
Netcall,2 sept 2026,12,915278833,9152788338170523137507,9283,Outbound,Portabilidad Postpago,PROGRAMADO,Logixtal,9346,ABIERTAS,Pendiente Entrega,Pendiente Entrega,NET_LYAIPENARRO,SIM,3 sept 2026,null,null,No,ABIERTAS,null,Monolínea,Mono_item,Junin,null,null,Power 59.90 N
Netcall,3 sept 2026,15,915727538,915727538Empty,9283,Outbound,Portabilidad Postpago,EXPRESS,Retiro en tienda,9346,ABIERTAS,Pendiente Entrega,Pendiente Entrega,NET_ECARRETEROH,SIM,3 sept 2026,null,null,No,ABIERTAS,null,Multilínea,Mono_item,Junin,null,null,null
Netcall,1 sept 2026,10,914778349,914778349,9283,Outbound,Portabilidad Postpago,EXPRESS,Logixtal,9346,CERRADAS,Entregado,Entregado,NET_BZUASNABARF,SIM,1 sept 2026,2 sept 2026,null,No,CERRADAS,2026-09-03 00:13:39,Monolínea,Mono_item,Junin,null,Power ilim 69.90 N,null
Netcall,3 sept 2026,10,915638509,915638509Empty,9283,Outbound,Portabilidad Postpago,RETIRO EN TIENDA,Retiro en tienda,1008,ABIERTAS,Pendiente Entrega,Pendiente Entrega,NET_LVASQUEZT,SIM,3 sept 2026,null,null,No,ABIERTAS,null,Monolínea,Mono_item,Junin,null,null,null
Netcall,1 sept 2026,16,914886921,9148869218166545355732,9271,Outbound,Portabilidad Postpago,EXPRESS,Logixtal,9346,CERRADAS,Entregado,Entregado,NET_JAMASIFUENT,SIM,1 sept 2026,1 sept 2026,02/09/2026,Sí,CERRADAS,2026-09-02 00:15:53,Monolínea,Mono_item,Junin,29.95,Power 59.90 N,Power 59.90 N
Netcall,3 sept 2026,10,915640748,915640748Empty,9283,Outbound,Portabilidad Postpago,RETIRO EN TIENDA,Retiro en tienda,1008,ABIERTAS,Pendiente Entrega,Pendiente Entrega,NET_DNIEVESNIMA,SIM,3 sept 2026,null,null,No,ABIERTAS,null,Multilínea,Mono_item,Junin,null,null,null
Netcall,3 sept 2026,12,915675901,91567590189511710111070942616,9283,Outbound,Portabilidad Postpago,EXPRESS,Retiro en tienda,9346,ABIERTAS,Entregado,Entregado,NET_JSIADEN,SIM,3 sept 2026,null,null,No,ABIERTAS,null,Multilínea,Mono_item,Junin,null,null,null
Netcall,3 sept 2026,8,915621578,91562157889511710111070928763,9283,Outbound,Portabilidad Postpago,EXPRESS,Retiro en tienda,9346,ABIERTAS,Pendiente Entrega,Pendiente Entrega,NET_BBELLIDOP,SIM,3 sept 2026,null,null,No,ABIERTAS,null,Monolínea,Mono_item,Junin,null,null,null
Netcall,1 sept 2026,14,914861267,9148612678166259048081,9283,Outbound,Portabilidad Postpago,EXPRESS,Logixtal,9346,CERRADAS,Entregado,Entregado,NET_EMMENDIZF,SIM,1 sept 2026,1 sept 2026,02/09/2026,Sí,CERRADAS,2026-09-02 00:22:46,Multilínea,Mono_item,Junin,39.95,Power ilim 79.90 SD N,Power ilim 79.90 SD N
Netcall,3 sept 2026,11,915656243,91565624389511710121058275160,9283,Outbound,Portabilidad Postpago,EXPRESS,Retiro en tienda,9346,ABIERTAS,Entregado,Entregado,NET_JVELASQUEZS,SIM,3 sept 2026,null,null,No,ABIERTAS,null,Monolínea,Mono_item,Junin,null,null,null
Netcall,3 sept 2026,14,915724834,915724834Empty,9283,Outbound,Portabilidad Postpago,EXPRESS,Retiro en tienda,9346,ABIERTAS,Pendiente Entrega,Pendiente Entrega,NET_RCORDOVAC,SIM,3 sept 2026,null,null,No,ABIERTAS,null,Multilínea,Mono_item,Junin,null,null,null
Netcall,3 sept 2026,10,915644007,915644007Empty,9283,Outbound,Portabilidad Postpago,RETIRO EN TIENDA,Retiro en tienda,1008,ABIERTAS,Pendiente Entrega,Pendiente Entrega,NET_DNIEVESNIMA,SIM,3 sept 2026,null,null,No,ABIERTAS,null,Multilínea,Mono_item,Junin,null,null,null
Netcall,2 sept 2026,18,915374080,9153740808171519640941,9283,Outbound,Portabilidad Postpago,RETIRO EN TIENDA,Retiro en tienda,1008,CANCELADAS,Cancelado,Cancelado,TLV_NET_KCHAVEZ,SIM,2 sept 2026,null,null,No,CANCELADAS,2026-09-02 18:37:44,Multilínea,Mono_item,Junin,null,null,Power ilim 79.90 SD N
Netcall,2 sept 2026,9,915215772,9152157728169893708810,9283,Outbound,Portabilidad Postpago,EXPRESS,Logixtal,9346,CANCELADAS,Anulado,PUNTO DE ENCUENTRO CAMUFLADO,NET_MMREVILLA,SIM,2 sept 2026,null,null,No,CANCELADAS,2026-09-02 09:36:21,Multilínea,Mono_item,Junin,null,null,Power ilim 69.90 N
Netcall,3 sept 2026,12,915674925,91567492589511710111070942608,9283,Outbound,Portabilidad Postpago,EXPRESS,Retiro en tienda,9346,ABIERTAS,Entregado,Entregado,NET_JSIADEN,SIM,3 sept 2026,null,null,No,ABIERTAS,null,Multilínea,Mono_item,Junin,null,null,null
Netcall,2 sept 2026,0,915077910,9150779108168441047487,9283,Outbound,Portabilidad Postpago,EXPRESS,Logixtal,9346,CANCELADAS,Anulado,PUNTO DE ENCUENTRO CAMUFLADO,NET_MMREVILLA,SIM,2 sept 2026,null,null,No,CANCELADAS,2026-09-02 08:42:38,Multilínea,Mono_item,Junin,null,null,Power ilim 69.90 N
Netcall,2 sept 2026,15,915324678,9153246788171003221355,9283,Outbound,Portabilidad Postpago,EXPRESS,Logixtal,9346,CANCELADAS,Anulado,PUNTO DE ENCUENTRO CAMUFLADO,TLV_NET_KCHAVEZ,SIM,2 sept 2026,null,null,No,CANCELADAS,2026-09-02 16:58:53,Multilínea,Mono_item,Junin,null,null,Power ilim 79.90 SD N
Netcall,1 sept 2026,11,914800657,9148006578165629781346,9283,Outbound,Portabilidad Postpago,EXPRESS,Logixtal,9346,CANCELADAS,Anulado,DNI CADUCO,TLV_NET_DVALOI,SIM,1 sept 2026,null,null,No,CANCELADAS,2026-09-01 12:13:12,Monolínea,Mono_item,Junin,null,null,Power ilim 79.90 SD N
Netcall,2 sept 2026,15,915327057,9153270578171027024678,9283,Outbound,Portabilidad Postpago,EXPRESS,Logixtal,9346,CERRADAS,Entregado,Entregado,NET_GDELGADO,SIM,2 sept 2026,2 sept 2026,null,No,CERRADAS,2026-09-03 03:27:36,Monolínea,Mono_item,Junin,null,Power ilim 79.90 SD N,Power ilim 79.90 SD N
Netcall,3 sept 2026,13,915696254,915696254Empty,9283,Outbound,Portabilidad Postpago,EXPRESS,Retiro en tienda,3217,ABIERTAS,Pendiente Entrega,Pendiente Entrega,NET_JSIADEN,SIM,3 sept 2026,null,null,No,ABIERTAS,null,Monolínea,Mono_item,Huancavelica,null,null,null
Netcall,2 sept 2026,10,915244361,9152443618170172167032,9283,Outbound,Portabilidad Postpago,EXPRESS,Logixtal,3217,CERRADAS,Entregado,Entregado,NET_LCAMPOSCABR,SIM,2 sept 2026,2 sept 2026,null,No,CERRADAS,2026-09-03 03:34:12,Monolínea,Mono_item,Huancavelica,null,Power ilim 79.90 SD N,Power ilim 79.90 SD N
Netcall,3 sept 2026,10,915645439,91564543989511710101046511603,9283,Outbound,Portabilidad Postpago,EXPRESS,Retiro en tienda,3217,ABIERTAS,Entregado,Entregado,NET_AYBECERRAS,SIM,3 sept 2026,null,null,No,ABIERTAS,null,Monolínea,Mono_item,Huancavelica,null,null,null
Netcall,2 sept 2026,11,915245795,9152457958170183688208,9283,Outbound,Portabilidad Postpago,EXPRESS,Logixtal,3217,CERRADAS,Entregado,Entregado,NET_SLAZOB,SIM,2 sept 2026,2 sept 2026,null,No,CERRADAS,2026-09-03 01:24:11,Monolínea,Mono_item,Huancavelica,null,Power ilim 79.90 SD N,Power ilim 79.90 SD N
Netcall,2 sept 2026,18,915383820,9153838208171616822863,9283,Outbound,Portabilidad Postpago,RETIRO EN TIENDA,Retiro en tienda,3217,ABIERTAS,Pendiente Entrega,Pendiente Entrega,NET_NSANTAMARIS,SIM,2 sept 2026,null,null,No,ABIERTAS,null,Monolínea,Mono_item,Huancavelica,null,null,Power 59.90 N
Netcall,2 sept 2026,19,915392907,9153929078171719471651,9283,Outbound,Portabilidad Postpago,RETIRO EN TIENDA,Retiro en tienda,3217,CERRADAS,Entregado,Entregado,NET_GSILVAJ,SIM,2 sept 2026,2 sept 2026,null,No,CERRADAS,2026-09-03 03:31:08,Monolínea,Mono_item,Huancavelica,null,Power 59.90 N,Power 59.90 N
Netcall,2 sept 2026,9,915219140,9152191408169927202510,5299,Outbound,Portabilidad Postpago,EXPRESS,Logixtal,3217,CERRADAS,Entregado,Entregado,NET_BTRUJILLOT,SIM,2 sept 2026,2 sept 2026,null,No,CERRADAS,2026-09-03 03:34:17,Monolínea,Mono_item,Huancavelica,null,Power ilim 69.90 N,Power ilim 69.90 N
Netcall,1 sept 2026,14,914865651,9148656518166308318951,9271,Outbound,Portabilidad Prepago,EXPRESS,Logixtal,9346,CERRADAS,Entregado,Entregado,NET_LDIAZ,SIM,1 sept 2026,1 sept 2026,02/09/2026,Sí,CERRADAS,2026-09-02 00:52:26,Monolínea,Mono_item,Junin,39.95,Power ilim 79.90 SD N,Power ilim 79.90 SD N
Netcall,1 sept 2026,8,914740098,9147400988165104825660,9283,Outbound,Portabilidad Postpago,EXPRESS,Logixtal,9346,CERRADAS,Entregado,Entregado,NET_DMORENOL,SIM,1 sept 2026,1 sept 2026,02/09/2026,Sí,CERRADAS,2026-09-02 00:17:37,Monolínea,Mono_item,Junin,29.95,Power 59.90 N,Power 59.90 N
Netcall,1 sept 2026,17,914910847,9149108478166809935382,9283,Outbound,Portabilidad Postpago,RETIRO EN TIENDA,Retiro en tienda,3208,CERRADAS,Entregado,Entregado,NET_SINGAC,SIM,1 sept 2026,1 sept 2026,02/09/2026,Sí,CERRADAS,2026-09-02 00:44:06,Monolínea,Mono_item,Ayacucho,34.95,Power ilim 69.90 N,Power ilim 69.90 N
Netcall,2 sept 2026,17,915365877,915365877,9283,Outbound,Portabilidad Postpago,RETIRO EN TIENDA,Retiro en tienda,3208,CERRADAS,Entregado,Entregado,NET_CIOLAYAR,SIM,2 sept 2026,2 sept 2026,null,No,CERRADAS,2026-09-03 00:10:22,Multilínea,Mono_item,Ayacucho,null,Power ilim 79.90 SD N,null
Netcall,2 sept 2026,14,915301686,9153016868170761723506,9283,Outbound,Portabilidad Postpago,RETIRO EN TIENDA,Retiro en tienda,3065,ABIERTAS,Pendiente Entrega,Pendiente Entrega,TLV_NET_LMONTED,SIM,2 sept 2026,null,null,No,ABIERTAS,null,Monolínea,Mono_item,Ayacucho,null,null,Power 59.90 N
Netcall,2 sept 2026,17,915366424,9153664248171436978233,9283,Outbound,Portabilidad Postpago,RETIRO EN TIENDA,Retiro en tienda,3065,ABIERTAS,Pendiente Entrega,Pendiente Entrega,NET_KDIAZPISCOY,SIM,2 sept 2026,null,null,No,ABIERTAS,null,Monolínea,Mono_item,Ayacucho,null,null,Power ilim 79.90 SD N
Netcall,1 sept 2026,17,914911158,9149111588166818974965,9271,Outbound,Portabilidad Prepago,RETIRO EN TIENDA,Retiro en tienda,3208,CERRADAS,Entregado,Entregado,NET_MGSGRADOS,SIM,1 sept 2026,1 sept 2026,02/09/2026,Sí,CERRADAS,2026-09-02 01:32:21,Monolínea,Mono_item,Ayacucho,34.95,Power ilim 69.90 N,Power ilim 69.90 N
Netcall,2 sept 2026,17,915364553,9153645538171422466181,9283,Outbound,Portabilidad Postpago,RETIRO EN TIENDA,Retiro en tienda,3208,CERRADAS,Entregado,Entregado,NET_CIOLAYAR,SIM,2 sept 2026,2 sept 2026,null,No,CERRADAS,2026-09-03 02:07:45,Multilínea,Mono_item,Ayacucho,null,Power ilim 79.90 SD N,Power ilim 79.90 SD N
Netcall,3 sept 2026,13,915703310,915703310Empty,9283,Outbound,Portabilidad Postpago,RETIRO EN TIENDA,Retiro en tienda,3065,ABIERTAS,Pendiente Entrega,Pendiente Entrega,NET_EMMENDIZF,SIM,3 sept 2026,null,null,No,ABIERTAS,null,Monolínea,Mono_item,Ayacucho,null,null,null
Netcall,1 sept 2026,11,914813873,9148138738165761503160,9283,Outbound,Portabilidad Postpago,PROGRAMADO,Logixtal,9001,CERRADAS,Entregado,Entregado,TLV_NET_CSILVAP,SIM,2 sept 2026,2 sept 2026,null,No,CERRADAS,2026-09-03 02:01:52,Multilínea,Mono_item,Lima - Callao,null,Power ilim 79.90 SD N,Power ilim 79.90 SD N
Netcall,1 sept 2026,11,914810153,914810153,9283,Outbound,Portabilidad Postpago,PROGRAMADO,Logixtal,9001,CERRADAS,Entregado,Entregado,TLV_NET_CSILVAP,SIM,2 sept 2026,2 sept 2026,null,No,CERRADAS,2026-09-03 00:28:43,Multilínea,Mono_item,Lima - Callao,null,Power ilim 79.90 SD N,null
Netcall,2 sept 2026,11,915261180,9152611808170336171154,9283,Outbound,Venta Regular / Alta,EXPRESS,Logixtal,9001,CERRADAS,Entregado,Entregado,NET_LLOBATONV,SIM,2 sept 2026,2 sept 2026,02/09/2026,Sí,CERRADAS,2026-09-02 14:33:25,Multilínea,Mono_item,Lima - Callao,39.95,Power ilim 79.90 SD N,Power ilim 79.90 SD N
Netcall,2 sept 2026,13,915289748,9152897488170628198757,9283,Outbound,Portabilidad Postpago,EXPRESS,Logixtal,9001,ABIERTAS,Pendiente Entrega,Pendiente Entrega,NET_JCHEROO,SIM,2 sept 2026,null,null,No,ABIERTAS,null,Multilínea,Mono_item,Lima - Callao,null,null,Power ilim 79.90 SD N
Netcall,1 sept 2026,11,914811809,9148118098165737799688,9283,Outbound,Portabilidad Postpago,PROGRAMADO,Logixtal,9001,CERRADAS,Entregado,Entregado,TLV_NET_CSILVAP,SIM,2 sept 2026,2 sept 2026,null,No,CERRADAS,2026-09-03 01:03:59,Multilínea,Mono_item,Lima - Callao,null,Power ilim 79.90 SD N,Power ilim 79.90 SD N
Netcall,1 sept 2026,13,914843133,9148431338166066327222,9283,Outbound,Portabilidad Postpago,PROGRAMADO,Logixtal,9001,CERRADAS,Entregado,Entregado,NET_NPINAR,SIM,2 sept 2026,2 sept 2026,null,No,CERRADAS,2026-09-03 01:33:39,Monolínea,Mono_item,Lima - Callao,null,Power 59.90 N,Power 59.90 N
Netcall,1 sept 2026,13,914836954,9148369548165999447412,9283,Outbound,Portabilidad Postpago,PROGRAMADO,Logixtal,9001,CANCELADAS,Anulado,CLIENTE SE ENCUENTRA DE VIAJE,TLV_NET_FVALQUI,SIM,2 sept 2026,null,null,No,CANCELADAS,2026-09-02 11:14:40,Monolínea,Mono_item,Lima - Callao,null,null,Power ilim 69.90 N
Netcall,2 sept 2026,13,915294345,9152943458170684718949,9283,Outbound,Portabilidad Postpago,PROGRAMADO,Logixtal,9001,ABIERTAS,Pendiente Entrega,Pendiente Entrega,NET_JCHEROO,SIM,4 sept 2026,null,null,No,ABIERTAS,null,Multilínea,Mono_item,Lima - Callao,null,null,Power ilim 79.90 SD N
Netcall,2 sept 2026,11,915258955,9152589558170313531298,9283,Outbound,Portabilidad Postpago,EXPRESS,Logixtal,9001,CERRADAS,Entregado,Entregado,NET_LLOBATONV,SIM,2 sept 2026,2 sept 2026,null,No,CERRADAS,2026-09-03 01:37:35,Multilínea,Mono_item,Lima - Callao,null,Power ilim 79.90 SD N,Power ilim 79.90 SD N
Netcall,2 sept 2026,10,915234916,915234916,9283,Outbound,Portabilidad Postpago,EXPRESS,Logixtal,9001,CERRADAS,Entregado,Entregado,NET_SLAZOB,SIM,2 sept 2026,2 sept 2026,null,No,CERRADAS,2026-09-03 00:32:24,Monolínea,Mono_item,Lima - Callao,null,Power 59.90 N,null
Netcall,1 sept 2026,13,914843410,9148434108166070973303,9289,Outbound,Portabilidad Postpago,PROGRAMADO,Logixtal,9001,CERRADAS,Entregado,Entregado,TLV_NET_MLANDAR,SIM,2 sept 2026,2 sept 2026,null,No,CERRADAS,2026-09-03 00:43:49,Monolínea,Mono_item,Lima - Callao,null,Power ilim 79.90 SD N,Power ilim 79.90 SD N
Netcall,2 sept 2026,13,915295216,9152952168170690681078,9283,Outbound,Portabilidad Postpago,PROGRAMADO,Logixtal,9001,ABIERTAS,Pendiente Entrega,Pendiente Entrega,NET_JCHEROO,SIM,4 sept 2026,null,null,No,ABIERTAS,null,Multilínea,Mono_item,Lima - Callao,null,null,Power ilim 79.90 SD N
Netcall,3 sept 2026,10,915648171,91564817189511710111069283402,9271,Outbound,Portabilidad Postpago,EXPRESS,Retiro en tienda,9345,ABIERTAS,Entregado,Entregado,NET_AGRIMALDOE,SIM,3 sept 2026,null,null,No,ABIERTAS,null,Monolínea,Mono_item,Ica,null,null,null
Netcall,2 sept 2026,10,915242660,9152426608170156483685,9283,Outbound,Portabilidad Postpago,EXPRESS,Logixtal,9345,CERRADAS,Entregado,Entregado,NET_MROJASS,SIM,2 sept 2026,2 sept 2026,null,No,CERRADAS,2026-09-03 01:49:31,Monolínea,Mono_item,Ica,null,Power ilim 69.90 N,Power ilim 69.90 N
Netcall,2 sept 2026,17,915367409,9153674098171447220817,9283,Outbound,Portabilidad Postpago,PROGRAMADO,Logixtal,9345,ABIERTAS,Pendiente Entrega,Pendiente Entrega,TLV_NET_KCHAVEZ,SIM,3 sept 2026,null,null,No,ABIERTAS,null,Multilínea,Mono_item,Ica,null,null,Power ilim 79.90 SD N
Netcall,2 sept 2026,17,915366595,9153665958171442525323,9283,Outbound,Portabilidad Postpago,PROGRAMADO,Logixtal,9345,ABIERTAS,Pendiente Entrega,Pendiente Entrega,TLV_NET_KCHAVEZ,SIM,3 sept 2026,null,null,No,ABIERTAS,null,Multilínea,Mono_item,Ica,null,null,Power ilim 79.90 SD N
Netcall,2 sept 2026,9,915218610,915218610,9283,Outbound,Portabilidad Postpago,EXPRESS,Logixtal,5023,CERRADAS,Entregado,Entregado,NET_MORIHUELAQ,SIM,2 sept 2026,2 sept 2026,null,No,CERRADAS,2026-09-03 00:32:16,Multilínea,Mono_item,La Libertad,null,Power ilim 79.90 SD N,null
Netcall,2 sept 2026,17,915364407,9153644078171417806723,9283,Outbound,Venta Regular / Alta,PROGRAMADO,Logixtal,5023,ABIERTAS,Pendiente Entrega,Pendiente Entrega,NET_VOBESOS,SIM,4 sept 2026,null,null,No,ABIERTAS,null,Monolínea,Mono_item,La Libertad,null,null,Power ilim 69.90 N
Netcall,3 sept 2026,11,915660994,91566099489511710111071753269,9283,Outbound,Portabilidad Postpago,EXPRESS,Logixtal,5023,ABIERTAS,Entregado,Entregado,NET_CULLOAC,SIM,3 sept 2026,null,null,No,ABIERTAS,null,Monolínea,Mono_item,La Libertad,null,null,null
Netcall,2 sept 2026,9,915217625,9152176258169912717498,9283,Outbound,Portabilidad Postpago,EXPRESS,Logixtal,5023,CERRADAS,Entregado,Entregado,NET_MORIHUELAQ,SIM,2 sept 2026,2 sept 2026,null,No,CERRADAS,2026-09-03 00:45:43,Multilínea,Mono_item,La Libertad,null,Power ilim 79.90 SD N,Power ilim 79.90 SD N
Netcall,2 sept 2026,8,915200406,915200406,9283,Outbound,Portabilidad Postpago,EXPRESS,Logixtal,5023,CERRADAS,Entregado,Entregado,NET_CIOLAYAR,SIM,2 sept 2026,2 sept 2026,null,No,CERRADAS,2026-09-03 00:23:10,Monolínea,Mono_item,La Libertad,null,Power ilim 79.90 SD N,null
Netcall,2 sept 2026,15,915322950,9153229508170988654433,9271,Outbound,Portabilidad Postpago,PROGRAMADO,Logixtal,5023,ABIERTAS,Pendiente Entrega,Pendiente Entrega,NET_KESCORZAC,SIM,3 sept 2026,null,null,No,ABIERTAS,null,Monolínea,Mono_item,La Libertad,null,null,Power ilim 69.90 N
Netcall,3 sept 2026,10,915634978,91563497889511710111071756353,9283,Outbound,Portabilidad Postpago,PROGRAMADO,Logixtal,5023,ABIERTAS,Pendiente Entrega,Pendiente de Picking,NET_EMACHEROT,SIM,5 sept 2026,null,null,No,ABIERTAS,null,Monolínea,Mono_item,La Libertad,null,null,null
Netcall,1 sept 2026,8,914730761,9147307618165037829913,9283,Outbound,Portabilidad Postpago,EXPRESS,Logixtal,5023,CERRADAS,Entregado,Entregado,NET_MCHAVEZV,SIM,1 sept 2026,1 sept 2026,02/09/2026,Sí,CERRADAS,2026-09-02 00:06:07,Monolínea,Mono_item,La Libertad,29.95,Power 59.90 N,Power 59.90 N
Netcall,2 sept 2026,9,915218182,9152181828169916975901,9283,Outbound,Portabilidad Postpago,EXPRESS,Logixtal,5023,CERRADAS,Entregado,Entregado,NET_MORIHUELAQ,SIM,2 sept 2026,2 sept 2026,null,No,CERRADAS,2026-09-03 01:39:03,Multilínea,Mono_item,La Libertad,null,Power ilim 79.90 SD N,Power ilim 79.90 SD N
Netcall,2 sept 2026,9,915225369,9152253698169989070300,9271,Outbound,Portabilidad Postpago,EXPRESS,Logixtal,5023,CERRADAS,Entregado,Entregado,NET_KESCORZAC,SIM,2 sept 2026,2 sept 2026,null,No,CERRADAS,2026-09-03 00:46:26,Monolínea,Mono_item,La Libertad,null,Power ilim 69.90 N,Power ilim 69.90 N
Netcall,1 sept 2026,12,914826076,9148260768165881947932,9283,Outbound,Portabilidad Postpago,PROGRAMADO,Logixtal,5024,ABIERTAS,Pendiente Entrega,Pendiente Entrega,TLV_NET_NHUAMAA,SIM,5 sept 2026,null,null,No,ABIERTAS,null,Monolínea,Mono_item,Lambayeque,null,null,Power 59.90 N
Netcall,2 sept 2026,15,915326926,9153269268171027719327,9271,Outbound,Portabilidad Postpago,RETIRO EN TIENDA,Retiro en tienda,7137,ABIERTAS,Pendiente Entrega,Pendiente Entrega,NET_JAREVALOC,SIM,2 sept 2026,null,null,No,ABIERTAS,null,Multilínea,Multi_item,Cusco,null,null,Power ilim 79.90 SD N
Netcall,2 sept 2026,15,915326926,9153269268171027719546,9271,Outbound,Portabilidad Postpago,RETIRO EN TIENDA,Retiro en tienda,7137,ABIERTAS,Pendiente Entrega,Pendiente Entrega,NET_JAREVALOC,SIM,2 sept 2026,null,null,No,ABIERTAS,null,Multilínea,Multi_item,Cusco,null,null,Power ilim 79.90 SD N
Netcall,2 sept 2026,14,915303024,9153030248170777572835,9283,Outbound,Portabilidad Postpago,PROGRAMADO,Logixtal,9346,ABIERTAS,Pendiente Entrega,Pendiente Entrega,NET_LDIAZM,SIM,3 sept 2026,null,null,No,ABIERTAS,null,Monolínea,Mono_item,Junin,null,null,Power 59.90 N
Netcall,1 sept 2026,13,914840150,914840150,9283,Outbound,Portabilidad Postpago,PROGRAMADO,Logixtal,9346,CERRADAS,Entregado,Entregado,NET_SDIAZO,SIM,2 sept 2026,2 sept 2026,null,No,CERRADAS,2026-09-03 00:10:32,Multilínea,Mono_item,Junin,null,Power ilim 79.90 SD N,null
Netcall,1 sept 2026,13,914840935,9148409358166039967175,9283,Outbound,Portabilidad Postpago,PROGRAMADO,Logixtal,9346,CERRADAS,Entregado,Entregado,NET_SDIAZO,SIM,2 sept 2026,2 sept 2026,null,No,CERRADAS,2026-09-03 01:59:32,Multilínea,Mono_item,Junin,null,Power ilim 79.90 SD N,Power ilim 79.90 SD N
Netcall,1 sept 2026,14,914854849,9148548498166195452064,9283,Outbound,Portabilidad Postpago,PROGRAMADO,Logixtal,9346,ABIERTAS,Pendiente Entrega,Pendiente Entrega,TLV_NET_NHUAMAA,SIM,3 sept 2026,null,null,No,ABIERTAS,null,Monolínea,Mono_item,Junin,null,null,Power ilim 69.90 N
Netcall,2 sept 2026,10,915237277,9152372778170106975414,9283,Outbound,Portabilidad Postpago,EXPRESS,Logixtal,9346,CANCELADAS,Anulado,CLIENTE DESISTE - INFORMACIÓN INCORRECTA,NET_CSALAZARP,SIM,2 sept 2026,null,null,No,CANCELADAS,2026-09-02 11:34:48,Monolínea,Mono_item,Junin,null,null,Power 59.90 N
Netcall,2 sept 2026,9,915215370,9152153708169888483097,9283,Outbound,Portabilidad Postpago,PROGRAMADO,Logixtal,9346,ABIERTAS,Pendiente Entrega,Pendiente Entrega,NET_CIOLAYAR,SIM,3 sept 2026,null,null,No,ABIERTAS,null,Monolínea,Mono_item,Junin,null,null,Power 59.90 N
Netcall,1 sept 2026,13,914841473,9148414738166047208288,9283,Outbound,Portabilidad Postpago,EXPRESS,Logixtal,9346,CANCELADAS,Anulado,PIN-PORTA NO LLEGA SMS,NET_JSIADEN,SIM,1 sept 2026,null,null,No,CANCELADAS,2026-09-01 16:00:43,Multilínea,Mono_item,Junin,null,null,Power 59.90 N
Netcall,1 sept 2026,9,914764766,9147647668165283752307,9283,Outbound,Portabilidad Prepago,EXPRESS,Logixtal,9346,CERRADAS,Entregado,Entregado,NET_DFRANCIAH,SIM,1 sept 2026,1 sept 2026,02/09/2026,Sí,CERRADAS,2026-09-02 01:36:18,Monolínea,Mono_item,Junin,29.95,Power 59.90 N,Power 59.90 N
Netcall,3 sept 2026,12,915689538,91568953889511710111070927112,9283,Outbound,Portabilidad Postpago,EXPRESS,Retiro en tienda,9346,ABIERTAS,Pendiente Entrega,Pendiente Entrega,NET_MDIAZP,SIM,3 sept 2026,null,null,No,ABIERTAS,null,Monolínea,Mono_item,Junin,null,null,null
Netcall,2 sept 2026,8,915193504,915193504,9283,Outbound,Portabilidad Postpago,EXPRESS,Logixtal,9346,CERRADAS,Entregado,Entregado,NET_YCHAVEZ,SIM,2 sept 2026,2 sept 2026,null,No,CERRADAS,2026-09-03 00:25:28,Monolínea,Mono_item,Junin,null,Power 59.90 N,null
Netcall,2 sept 2026,13,915284136,9152841368170576378297,9283,Outbound,Portabilidad Postpago,PROGRAMADO,Logixtal,9346,ABIERTAS,Pendiente Entrega,Pendiente Entrega,NET_MBARBOZAC,SIM,3 sept 2026,null,null,No,ABIERTAS,null,Monolínea,Mono_item,Junin,null,null,Power ilim 79.90 SD N
Netcall,1 sept 2026,16,914897311,914897311,9283,Outbound,Portabilidad Postpago,PROGRAMADO,Logixtal,9346,CERRADAS,Entregado,Entregado,NET_JSIADEN,SIM,2 sept 2026,2 sept 2026,null,No,CERRADAS,2026-09-03 00:30:02,Multilínea,Mono_item,Junin,null,Power 59.90 N,null
Netcall,1 sept 2026,17,914919733,914919733,9283,Outbound,Portabilidad Postpago,PROGRAMADO,Logixtal,9346,CERRADAS,Entregado,Entregado,NET_AARANAS,SIM,2 sept 2026,2 sept 2026,null,No,CERRADAS,2026-09-03 00:14:11,Monolínea,Mono_item,Junin,null,Power ilim 79.90 SD N,null
Netcall,1 sept 2026,9,914772554,9147725548165356987864,9283,Outbound,Portabilidad Postpago,EXPRESS,Logixtal,9346,CANCELADAS,Anulado,PUNTO DE ENCUENTRO CAMUFLADO,NET_SMENDOZAV,SIM,1 sept 2026,null,null,No,CANCELADAS,2026-09-01 10:10:40,Monolínea,Mono_item,Junin,null,null,Power ilim 69.90 N
Netcall,3 sept 2026,10,915641375,91564137589511710111070942541,9283,Outbound,Portabilidad Postpago,EXPRESS,Retiro en tienda,9346,ABIERTAS,Entregado,Entregado,TLV_NET_CSILVAP,SIM,3 sept 2026,null,null,No,ABIERTAS,null,Monolínea,Mono_item,Junin,null,null,null
Netcall,2 sept 2026,11,915245363,9152453638170181763874,9271,Outbound,Portabilidad Postpago,EXPRESS,Logixtal,9346,CERRADAS,Entregado,Entregado,NET_LDIAZ,SIM,2 sept 2026,2 sept 2026,null,No,CERRADAS,2026-09-03 01:31:10,Monolínea,Mono_item,Junin,null,Power ilim 69.90 N,Power ilim 69.90 N
Netcall,3 sept 2026,12,915683150,91568315089511710111070927120,9283,Outbound,Portabilidad Postpago,EXPRESS,Retiro en tienda,9346,ABIERTAS,Pendiente Entrega,Pendiente Entrega,NET_DMORENOL,SIM,3 sept 2026,null,null,No,ABIERTAS,null,Monolínea,Mono_item,Junin,null,null,null
Netcall,2 sept 2026,12,915274524,9152745248170472494936,9283,Outbound,Venta Regular / Alta,EXPRESS,Logixtal,5023,CERRADAS,Entregado,Entregado,NET_DNIEVESNIMA,SIM,2 sept 2026,2 sept 2026,02/09/2026,Sí,CERRADAS,2026-09-02 15:06:03,Multilínea,Mono_item,La Libertad,39.95,Power ilim 79.90 SD N,Power ilim 79.90 SD N
Netcall,1 sept 2026,13,914850969,9148509698166146960105,9283,Outbound,Portabilidad Postpago,EXPRESS,Logixtal,5023,CERRADAS,Entregado,Entregado,NET_LVASQUEZT,SIM,1 sept 2026,1 sept 2026,02/09/2026,Sí,CERRADAS,2026-09-02 01:51:49,Monolínea,Mono_item,La Libertad,34.95,Power ilim 69.90 N,Power ilim 69.90 N
Netcall,1 sept 2026,15,914883509,9148835098166510449001,9283,Outbound,Portabilidad Postpago,PROGRAMADO,Logixtal,5023,CERRADAS,Entregado,Entregado,NET_MUBILLUSR,SIM,2 sept 2026,2 sept 2026,null,No,CERRADAS,2026-09-03 03:35:21,Monolínea,Mono_item,La Libertad,null,Power ilim 79.90 SD N,Power ilim 79.90 SD N
Netcall,2 sept 2026,11,915255061,9152550618170280951386,9283,Outbound,Portabilidad Postpago,EXPRESS,Logixtal,5023,CERRADAS,Entregado,Entregado,NET_LMARTINEZAR,SIM,2 sept 2026,2 sept 2026,null,No,CERRADAS,2026-09-03 01:13:12,Multilínea,Mono_item,La Libertad,null,Power ilim 79.90 SD N,Power ilim 79.90 SD N
Netcall,1 sept 2026,9,914763092,9147630928165270524105,9271,Outbound,Portabilidad Postpago,EXPRESS,Logixtal,5023,CANCELADAS,Anulado,DIRECCIÓN ERRADA,NET_BATOP,SIM,1 sept 2026,null,null,No,CANCELADAS,2026-09-01 10:17:23,Monolínea,Mono_item,La Libertad,null,null,Power 59.90 N
Netcall,1 sept 2026,11,914810781,9148107818165728660029,9283,Outbound,Portabilidad Postpago,EXPRESS,Logixtal,5023,CANCELADAS,Cancelado,CANCELADA EN OMNIX,NET_SBENITOV,SIM,1 sept 2026,null,null,No,CANCELADAS,2026-09-01 12:25:03,Multilínea,Mono_item,La Libertad,null,null,Power 59.90 N
Netcall,2 sept 2026,16,915350644,9153506448171273968414,9283,Outbound,Portabilidad Postpago,EXPRESS,Logixtal,5023,CERRADAS,Entregado,Entregado,NET_TVASQUEZANG,SIM,2 sept 2026,2 sept 2026,null,No,CERRADAS,2026-09-03 01:54:57,Monolínea,Mono_item,La Libertad,null,Power ilim 69.90 N,Power ilim 69.90 N
Netcall,2 sept 2026,11,915253621,915253621,9283,Outbound,Portabilidad Postpago,EXPRESS,Logixtal,5023,CERRADAS,Entregado,Entregado,NET_LMARTINEZAR,SIM,2 sept 2026,2 sept 2026,null,No,CERRADAS,2026-09-03 00:28:58,Multilínea,Mono_item,La Libertad,null,Power ilim 79.90 SD N,null
Netcall,2 sept 2026,15,915320085,9153200858170954281748,9283,Outbound,Portabilidad Postpago,EXPRESS,Logixtal,5023,CERRADAS,Entregado,Entregado,NET_CIOLAYAR,SIM,2 sept 2026,2 sept 2026,null,No,CERRADAS,2026-09-03 00:44:41,Monolínea,Mono_item,La Libertad,null,Power 59.90 N,Power 59.90 N
Netcall,1 sept 2026,16,914889527,9148895278166571297534,9283,Outbound,Portabilidad Postpago,EXPRESS,Logixtal,5023,CANCELADAS,Anulado,CLIENTE DESISTE - INFORMACIÓN INCORRECTA,NET_JLIL,SIM,1 sept 2026,null,null,No,CANCELADAS,2026-09-01 17:47:26,Monolínea,Mono_item,La Libertad,null,null,Power 59.90 N
Netcall,1 sept 2026,16,914900881,9149008818166696117908,9283,Outbound,Portabilidad Postpago,EXPRESS,Logixtal,5023,CANCELADAS,Anulado,CLIENTE SE ENCUENTRA DE VIAJE,NET_MJQUISPEM,SIM,1 sept 2026,null,null,No,CANCELADAS,2026-09-01 18:28:41,Monolínea,Mono_item,La Libertad,null,null,Power ilim 79.90 SD N
Netcall,1 sept 2026,13,914846030,9148460308166094601598,9283,Outbound,Portabilidad Postpago,EXPRESS,Logixtal,5023,CERRADAS,Entregado,Entregado,NET_SBENITOV,SIM,1 sept 2026,1 sept 2026,02/09/2026,Sí,CERRADAS,2026-09-02 00:11:39,Multilínea,Mono_item,La Libertad,19.95,Power 59.90 N,Power 59.90 N
Netcall,2 sept 2026,18,915385149,9153851498171632322962,9283,Outbound,Portabilidad Postpago,PROGRAMADO,Logixtal,5023,ABIERTAS,Pendiente Entrega,Pendiente Entrega,NET_KDIAZPISCOY,SIM,3 sept 2026,null,null,No,ABIERTAS,null,Monolínea,Mono_item,La Libertad,null,null,Power 59.90 N
Netcall,2 sept 2026,10,915236326,9152363268170097378619,9283,Outbound,Venta Regular / Alta,EXPRESS,Logixtal,5023,CERRADAS,Entregado,Entregado,TLV_NET_DCASTIA,SIM,2 sept 2026,2 sept 2026,02/09/2026,Sí,CERRADAS,2026-09-02 13:56:23,Monolínea,Mono_item,La Libertad,39.95,Power ilim 79.90 SD N,Power ilim 79.90 SD N
Netcall,1 sept 2026,17,914911646,9149116468166817227078,9283,Outbound,Portabilidad Postpago,PROGRAMADO,Logixtal,5023,ABIERTAS,Anulado,NO DAN RAZÓN DEL CLIENTE,NET_MBARBOZAC,SIM,2 sept 2026,null,null,No,ABIERTAS,null,Multilínea,Mono_item,La Libertad,null,null,Power ilim 79.90 SD N
Netcall,3 sept 2026,12,915676609,91567660989511710111071784405,9283,Outbound,Portabilidad Postpago,EXPRESS,Logixtal,5023,CANCELADAS,Pendiente Entrega,Pendiente de Picking,TLV_NET_YAQUINO,SIM,3 sept 2026,null,null,No,CANCELADAS,2026-09-03 13:31:53,Monolínea,Mono_item,La Libertad,null,null,null
Netcall,3 sept 2026,10,915644776,91564477689511710111068573605,9283,Outbound,Portabilidad Postpago,PROGRAMADO,Logixtal,5023,ABIERTAS,Pendiente Entrega,Pendiente de Picking,NET_JTITOM,SIM,4 sept 2026,null,null,No,ABIERTAS,null,Monolínea,Mono_item,La Libertad,null,null,null
Netcall,1 sept 2026,10,914776651,9147766518165397770159,9283,Outbound,Portabilidad Postpago,EXPRESS,Logixtal,5023,CERRADAS,Entregado,Entregado,NET_GVILELAR,SIM,1 sept 2026,1 sept 2026,02/09/2026,Sí,CERRADAS,2026-09-02 00:18:15,Monolínea,Mono_item,La Libertad,29.95,Power 59.90 N,Power 59.90 N
Netcall,2 sept 2026,12,915276546,9152765468170495572554,9283,Outbound,Portabilidad Postpago,EXPRESS,Logixtal,5023,CERRADAS,Entregado,Entregado,NET_DNIEVESNIMA,SIM,2 sept 2026,2 sept 2026,null,No,CERRADAS,2026-09-03 02:04:03,Multilínea,Mono_item,La Libertad,null,Power ilim 79.90 SD N,Power ilim 79.90 SD N
Netcall,1 sept 2026,17,914909789,9149097898166796104916,9283,Outbound,Portabilidad Postpago,PROGRAMADO,Logixtal,5023,ABIERTAS,Anulado,NO DAN RAZÓN DEL CLIENTE,NET_MBARBOZAC,SIM,2 sept 2026,null,null,No,ABIERTAS,null,Multilínea,Mono_item,La Libertad,null,null,Power ilim 79.90 SD N
Netcall,2 sept 2026,10,915238698,915238698,9283,Outbound,Portabilidad Postpago,EXPRESS,Logixtal,5023,CERRADAS,Entregado,Entregado,NET_LCCASTILLO,SIM,2 sept 2026,2 sept 2026,null,No,CERRADAS,2026-09-03 00:25:47,Monolínea,Mono_item,La Libertad,null,Power 59.90 N,null
Netcall,3 sept 2026,13,915704695,91570469589511710111071784397,9271,Outbound,Portabilidad Postpago,EXPRESS,Logixtal,5023,ABIERTAS,Pendiente Entrega,Pendiente de Picking,NET_LRODRIGUEZC,SIM,3 sept 2026,null,null,No,ABIERTAS,null,Monolínea,Mono_item,La Libertad,null,null,null
Netcall,2 sept 2026,10,915243848,9152438488170167320392,5299,Outbound,Portabilidad Postpago,EXPRESS,Logixtal,9001,CANCELADAS,Cancelado,ERROR EN CSV,NET_OLAVADOS,SIM,2 sept 2026,null,null,No,CANCELADAS,2026-09-02 10:57:20,Multilínea,Mono_item,Lima - Callao,null,null,Power ilim 79.90 SD N
Netcall,2 sept 2026,11,915263063,9152630638170359455278,9283,Outbound,Portabilidad Postpago,EXPRESS,Logixtal,9001,CERRADAS,Entregado,Entregado,NET_NBURGAR,SIM,2 sept 2026,2 sept 2026,null,No,CERRADAS,2026-09-03 01:38:47,Multilínea,Mono_item,Lima - Callao,null,Power ilim 79.90 SD N,Power ilim 79.90 SD N
Netcall,2 sept 2026,10,915232205,9152322058170053658859,9283,Outbound,Portabilidad Postpago,EXPRESS,Logixtal,9001,CANCELADAS,Cancelado,ERROR EN CSV,NET_YMILLA,SIM,2 sept 2026,null,null,No,CANCELADAS,2026-09-02 10:21:21,Multilínea,Multi_item,Lima - Callao,null,null,Power ilim 79.90 SD N
Netcall,2 sept 2026,14,915303549,9153035498170780673810,9283,Outbound,Portabilidad Postpago,EXPRESS,Logixtal,9001,CERRADAS,Entregado,Entregado,NET_CMDELACRUZV,SIM,2 sept 2026,2 sept 2026,null,No,CERRADAS,2026-09-03 00:47:57,Monolínea,Mono_item,Lima - Callao,null,Power ilim 79.90 SD N,Power ilim 79.90 SD N
Netcall,2 sept 2026,10,915232205,9152322058170056350078,9283,Outbound,Portabilidad Postpago,EXPRESS,Logixtal,9001,CANCELADAS,Cancelado,ERROR EN CSV,NET_YMILLA,SIM,2 sept 2026,null,null,No,CANCELADAS,2026-09-02 10:21:21,Multilínea,Multi_item,Lima - Callao,null,null,Power ilim 79.90 SD N
Netcall,1 sept 2026,13,914841378,9148413788166046666862,9283,Outbound,Portabilidad Postpago,EXPRESS,Logixtal,9001,CERRADAS,Entregado,Entregado,NET_CBIELICHR,SIM,1 sept 2026,1 sept 2026,02/09/2026,Sí,CERRADAS,2026-09-02 01:02:49,Monolínea,Mono_item,Lima - Callao,34.95,Power ilim 69.90 N,Power ilim 69.90 N
Netcall,2 sept 2026,10,915242901,9152429018170157396460,5299,Outbound,Portabilidad Postpago,EXPRESS,Logixtal,9001,CANCELADAS,Cancelado,ERROR EN CSV,NET_OLAVADOS,SIM,2 sept 2026,null,null,No,CANCELADAS,2026-09-02 10:54:25,Multilínea,Mono_item,Lima - Callao,null,null,Power ilim 79.90 SD N
Netcall,1 sept 2026,0,914593910,9145939108163570630434,9283,Outbound,Portabilidad Postpago,EXPRESS,Logixtal,9001,CERRADAS,Entregado,Entregado,NET_MMREVILLA,SIM,1 sept 2026,1 sept 2026,02/09/2026,Sí,CERRADAS,2026-09-02 01:34:43,Monolínea,Mono_item,Lima - Callao,19.95,Power ilim 79.90 SD N,Power ilim 79.90 SD N
Netcall,2 sept 2026,11,915265184,915265184,9283,Outbound,Portabilidad Postpago,EXPRESS,Logixtal,9001,CERRADAS,Entregado,Entregado,NET_NBURGAR,SIM,2 sept 2026,2 sept 2026,null,No,CERRADAS,2026-09-03 00:12:41,Multilínea,Mono_item,Lima - Callao,null,Power ilim 79.90 SD N,null
Netcall,2 sept 2026,13,915288067,9152880678170615258814,9283,Outbound,Portabilidad Postpago,EXPRESS,Logixtal,9001,ABIERTAS,Pendiente Entrega,Pendiente Entrega,NET_MCVASQUEZ,SIM,2 sept 2026,null,null,No,ABIERTAS,null,Monolínea,Mono_item,Lima - Callao,null,null,Power 59.90 N
Netcall,2 sept 2026,12,915273546,9152735468170462098290,9283,Outbound,Portabilidad Postpago,EXPRESS,Logixtal,9001,CERRADAS,Entregado,Entregado,NET_LCAMPOSCABR,SIM,2 sept 2026,2 sept 2026,null,No,CERRADAS,2026-09-03 00:58:13,Monolínea,Mono_item,Lima - Callao,null,Power ilim 69.90 N,Power ilim 69.90 N
Netcall,1 sept 2026,14,914856868,9148568688166214274729,9271,Outbound,Portabilidad Postpago,EXPRESS,Logixtal,9001,CANCELADAS,Anulado,DIRECCIÓN ERRADA,NET_FRIVERAO,SIM,1 sept 2026,null,null,No,CANCELADAS,2026-09-01 14:45:53,Monolínea,Mono_item,Lima - Callao,null,null,Power 59.90 N
Netcall,1 sept 2026,9,914775744,9147757448165388280814,9283,Outbound,Portabilidad Postpago,EXPRESS,Logixtal,9001,ABIERTAS,Pendiente Entrega,Pendiente Entrega,NET_PWEILLH,SIM,1 sept 2026,null,null,No,ABIERTAS,null,Monolínea,Mono_item,Lima - Callao,null,null,Power ilim 79.90 SD N
Netcall,2 sept 2026,10,915229141,9152291418170030850506,9283,Outbound,Portabilidad Postpago,EXPRESS,Logixtal,9001,CANCELADAS,Cancelado,ERROR EN CSV,NET_YMILLA,SIM,2 sept 2026,null,null,No,CANCELADAS,2026-09-02 10:11:23,Multilínea,Multi_item,Lima - Callao,null,null,Power ilim 79.90 SD N
Netcall,1 sept 2026,10,914776688,9147766888165397965393,9271,Outbound,Portabilidad Postpago,EXPRESS,Logixtal,9001,CERRADAS,Entregado,Entregado,NET_CGRANADOSC,SIM,1 sept 2026,1 sept 2026,02/09/2026,Sí,CERRADAS,2026-09-02 01:34:55,Monolínea,Mono_item,Lima - Callao,29.95,Power 59.90 N,Power 59.90 N
Netcall,3 sept 2026,12,915689925,91568992589511710101029354856,9283,Outbound,Portabilidad Postpago,EXPRESS,Logixtal,9001,ABIERTAS,Entregado,Entregado,NET_MMREVILLA,SIM,3 sept 2026,null,null,No,ABIERTAS,null,Monolínea,Mono_item,Lima - Callao,null,null,null
Netcall,2 sept 2026,10,915229141,9152291418170030850287,9283,Outbound,Portabilidad Postpago,EXPRESS,Logixtal,9001,CANCELADAS,Cancelado,ERROR EN CSV,NET_YMILLA,SIM,2 sept 2026,null,null,No,CANCELADAS,2026-09-02 10:11:23,Multilínea,Multi_item,Lima - Callao,null,null,Power ilim 79.90 SD N
Netcall,2 sept 2026,7,915153967,9151539678169461294305,9289,Outbound,Portabilidad Postpago,EXPRESS,Logixtal,9343,CERRADAS,Entregado,Entregado,TLV_NET_MLANDAR,SIM,2 sept 2026,2 sept 2026,null,No,CERRADAS,2026-09-03 01:08:11,Monolínea,Mono_item,Cusco,null,Power ilim 69.90 N,Power ilim 69.90 N
Netcall,3 sept 2026,9,915628256,91562825689511710121058724266,9283,Outbound,Portabilidad Postpago,EXPRESS,Retiro en tienda,9343,ABIERTAS,Entregado,Entregado,TLV_NET_DCABEZU,SIM,3 sept 2026,null,null,No,ABIERTAS,null,Monolínea,Mono_item,Cusco,null,null,null
Netcall,3 sept 2026,13,915695746,915695746Empty,9283,Outbound,Portabilidad Postpago,RETIRO EN TIENDA,Retiro en tienda,2102,ABIERTAS,Pendiente Entrega,Pendiente Entrega,NET_SBENITOV,SIM,3 sept 2026,null,null,No,ABIERTAS,null,Monolínea,Mono_item,Cusco,null,null,null
Netcall,1 sept 2026,13,914839123,9148391238166021016563,5299,Outbound,Portabilidad Postpago,EXPRESS,Logixtal,9343,CERRADAS,Entregado,Entregado,NET_JBOZAC,SIM,1 sept 2026,1 sept 2026,02/09/2026,Sí,CERRADAS,2026-09-02 00:42:29,Monolínea,Mono_item,Cusco,39.95,Power ilim 79.90 SD N,Power ilim 79.90 SD N
Netcall,3 sept 2026,14,915716284,915716284Empty,9283,Outbound,Portabilidad Postpago,RETIRO EN TIENDA,Retiro en tienda,1006,ABIERTAS,Pendiente Entrega,Pendiente Entrega,NET_JORTIZV,SIM,3 sept 2026,null,null,No,ABIERTAS,null,Monolínea,Mono_item,Cusco,null,null,null
Netcall,1 sept 2026,11,914803865,9148038658165664579648,5299,Outbound,Portabilidad Postpago,RETIRO EN TIENDA,Retiro en tienda,1006,ABIERTAS,Pendiente Entrega,Pendiente Entrega,NET_KDREYNA,SIM,1 sept 2026,null,null,No,ABIERTAS,null,Monolínea,Mono_item,Cusco,null,null,Power ilim 79.90 SD N
Netcall,2 sept 2026,15,915317825,9153178258170928991930,9283,Outbound,Venta Regular / Alta,RETIRO EN TIENDA,Retiro en tienda,2102,ABIERTAS,Pendiente Entrega,Pendiente Entrega,NET_BBELLIDOP,SIM,2 sept 2026,null,null,No,ABIERTAS,null,Monolínea,Mono_item,Cusco,null,null,Power 39.90 N
Netcall,3 sept 2026,10,915636876,91563687689511710121058244455,9271,Outbound,Venta Regular / Alta,EXPRESS,Retiro en tienda,9343,ABIERTAS,Pendiente Entrega,Pendiente Entrega,NET_JAREVALOC,SIM,3 sept 2026,null,null,No,ABIERTAS,null,Multilínea,Mono_item,Cusco,null,null,null
Netcall,2 sept 2026,11,915253790,9152537908170257653892,9283,Outbound,Portabilidad Postpago,RETIRO EN TIENDA,Retiro en tienda,2102,ABIERTAS,Pendiente Entrega,Pendiente Entrega,NET_MMREVILLA,SIM,2 sept 2026,null,null,No,ABIERTAS,null,Multilínea,Mono_item,Cusco,null,null,Power ilim 79.90 SD N
Netcall,3 sept 2026,11,915670445,915670445Empty,9283,Outbound,Portabilidad Postpago,RETIRO EN TIENDA,Retiro en tienda,2102,ABIERTAS,Pendiente Entrega,Pendiente Entrega,NET_WMAYLLEM,SIM,3 sept 2026,null,null,No,ABIERTAS,null,Multilínea,Mono_item,Cusco,null,null,null
Netcall,1 sept 2026,16,914892117,9148921178166602268621,9283,Outbound,Portabilidad Postpago,PROGRAMADO,Logixtal,9343,ABIERTAS,Pendiente Entrega,Pendiente Entrega,NET_LLEONAN,SIM,2 sept 2026,null,null,No,ABIERTAS,null,Monolínea,Mono_item,Cusco,null,null,Power 59.90 N
Netcall,1 sept 2026,10,914788809,9147888098165513077472,9283,Outbound,Portabilidad Postpago,EXPRESS,Logixtal,9343,ABIERTAS,Pendiente Entrega,Pendiente Entrega,NET_JTORRESQ,SIM,1 sept 2026,null,null,No,ABIERTAS,null,Monolínea,Mono_item,Cusco,null,null,Power 59.90 N
Netcall,3 sept 2026,13,915701776,915701776Empty,9283,Outbound,Portabilidad Postpago,RETIRO EN TIENDA,Retiro en tienda,7107,ABIERTAS,Pendiente Entrega,Pendiente Entrega,TLV_NET_NHUAMAA,SIM,3 sept 2026,null,null,No,ABIERTAS,null,Monolínea,Mono_item,Cusco,null,null,null
Netcall,3 sept 2026,11,915654552,91565455289511710101047259715,9283,Outbound,Portabilidad Postpago,EXPRESS,Retiro en tienda,9343,ABIERTAS,Entregado,Entregado,NET_MDIAZP,SIM,3 sept 2026,null,null,No,ABIERTAS,null,Monolínea,Mono_item,Cusco,null,null,null
Netcall,1 sept 2026,9,914759596,9147595968165244062413,9283,Outbound,Portabilidad Postpago,EXPRESS,Logixtal,9343,CANCELADAS,Anulado,CLIENTE YA NO DESEA PRODUCTO,NET_MQUISPEH,SIM,1 sept 2026,null,null,No,CANCELADAS,2026-09-01 10:49:12,Monolínea,Mono_item,Cusco,null,null,Power 59.90 N
Netcall,1 sept 2026,7,914689203,9146892038164746828275,9283,Outbound,Portabilidad Postpago,RETIRO EN TIENDA,Retiro en tienda,1006,ABIERTAS,Pendiente Entrega,Pendiente Entrega,NET_JIYASHAMAR,SIM,1 sept 2026,null,null,No,ABIERTAS,null,Multilínea,Mono_item,Cusco,null,null,Power ilim 79.90 SD N
Netcall,1 sept 2026,17,914903224,9149032248166727413679,9283,Outbound,Portabilidad Postpago,PROGRAMADO,Logixtal,9343,ABIERTAS,Anulado,CLIENTE AUSENTE,NET_JORTIZV,SIM,2 sept 2026,null,null,No,ABIERTAS,null,Monolínea,Mono_item,Cusco,null,null,Power ilim 69.90 N
Netcall,3 sept 2026,11,915671816,915671816Empty,9283,Outbound,Portabilidad Postpago,RETIRO EN TIENDA,Retiro en tienda,2102,ABIERTAS,Pendiente Entrega,Pendiente Entrega,NET_WMAYLLEM,SIM,3 sept 2026,null,null,No,ABIERTAS,null,Multilínea,Mono_item,Cusco,null,null,null
Netcall,1 sept 2026,7,914683751,9146837518164715924707,9283,Outbound,Portabilidad Postpago,RETIRO EN TIENDA,Retiro en tienda,1006,ABIERTAS,Pendiente Entrega,Pendiente Entrega,NET_JIYASHAMAR,SIM,1 sept 2026,null,null,No,ABIERTAS,null,Multilínea,Mono_item,Cusco,null,null,Power ilim 79.90 SD N
Netcall,3 sept 2026,12,915689649,915689649Empty,9283,Outbound,Portabilidad Postpago,RETIRO EN TIENDA,Retiro en tienda,2102,ABIERTAS,Pendiente Entrega,Pendiente Entrega,NET_LCALDERONC,SIM,3 sept 2026,null,null,No,ABIERTAS,null,Monolínea,Mono_item,Cusco,null,null,null
Netcall,2 sept 2026,16,915339387,9153393878171156273248,9283,Outbound,Portabilidad Postpago,RETIRO EN TIENDA,Retiro en tienda,2102,CERRADAS,Entregado,Entregado,NET_SRUIZS,SIM,2 sept 2026,2 sept 2026,null,No,CERRADAS,2026-09-03 01:32:57,Monolínea,Mono_item,Cusco,null,Power 59.90 N,Power 59.90 N
Netcall,1 sept 2026,17,914904195,9149041958166739910322,5299,Outbound,Portabilidad Postpago,RETIRO EN TIENDA,Retiro en tienda,7162,CERRADAS,Entregado,Entregado,NET_JBOZAC,SIM,1 sept 2026,1 sept 2026,02/09/2026,Sí,CERRADAS,2026-09-02 00:41:49,Monolínea,Mono_item,Cusco,39.95,Power ilim 79.90 SD N,Power ilim 79.90 SD N
Netcall,1 sept 2026,7,914670019,9146700198164625555028,9283,Outbound,Portabilidad Postpago,RETIRO EN TIENDA,Retiro en tienda,1006,ABIERTAS,Pendiente Entrega,Pendiente Entrega,NET_JIYASHAMAR,SIM,1 sept 2026,null,null,No,ABIERTAS,null,Multilínea,Mono_item,Cusco,null,null,Power ilim 79.90 SD N
Netcall,3 sept 2026,10,915640027,91564002789511710101051123229,9283,Outbound,Portabilidad Postpago,EXPRESS,Retiro en tienda,9343,ABIERTAS,Entregado,Entregado,NET_YCASTILLOO,SIM,3 sept 2026,null,null,No,ABIERTAS,null,Monolínea,Mono_item,Cusco,null,null,null
Netcall,1 sept 2026,15,914879123,9148791238166453875256,9283,Outbound,Portabilidad Postpago,EXPRESS,Logixtal,9343,CERRADAS,Entregado,Entregado,NET_JSIADEN,SIM,1 sept 2026,1 sept 2026,02/09/2026,Sí,CERRADAS,2026-09-02 02:04:39,Multilínea,Mono_item,Cusco,39.95,Power ilim 79.90 SD N,Power ilim 79.90 SD N
Netcall,1 sept 2026,7,914693561,9146935618164774376469,9283,Outbound,Portabilidad Postpago,RETIRO EN TIENDA,Retiro en tienda,1006,ABIERTAS,Pendiente Entrega,Pendiente Entrega,NET_JIYASHAMAR,SIM,1 sept 2026,null,null,No,ABIERTAS,null,Multilínea,Mono_item,Cusco,null,null,Power ilim 79.90 SD N
Netcall,2 sept 2026,12,915275586,9152755868170483961116,9283,Outbound,Portabilidad Postpago,EXPRESS,Logixtal,9343,ABIERTAS,Anulado,CLIENTE AUSENTE,NET_JSIADEN,SIM,2 sept 2026,null,null,No,ABIERTAS,null,Monolínea,Mono_item,Cusco,null,null,Power 59.90 N
Netcall,1 sept 2026,13,914852152,9148521528166157568227,9283,Outbound,Portabilidad Postpago,EXPRESS,Logixtal,9343,CERRADAS,Entregado,Entregado,NET_SLIZARDOPER,SIM,1 sept 2026,1 sept 2026,02/09/2026,Sí,CERRADAS,2026-09-02 00:06:28,Monolínea,Mono_item,Cusco,29.95,Power 59.90 N,Power 59.90 N
Netcall,3 sept 2026,13,915705290,915705290Empty,9283,Outbound,Portabilidad Postpago,RETIRO EN TIENDA,Retiro en tienda,7162,ABIERTAS,Pendiente Entrega,Pendiente Entrega,NET_JRAMIREZQ,SIM,3 sept 2026,null,null,No,ABIERTAS,null,Multilínea,Mono_item,Cusco,null,null,null
Netcall,2 sept 2026,15,915321652,9153216528170973060661,9283,Outbound,Portabilidad Postpago,RETIRO EN TIENDA,Retiro en tienda,2102,CERRADAS,Entregado,Entregado,NET_LCALDERONC,SIM,2 sept 2026,2 sept 2026,null,No,CERRADAS,2026-09-03 01:53:17,Monolínea,Mono_item,Cusco,null,Power ilim 79.90 SD N,Power ilim 79.90 SD N
Netcall,3 sept 2026,12,915686284,915686284Empty,9283,Outbound,Portabilidad Postpago,RETIRO EN TIENDA,Retiro en tienda,2102,ABIERTAS,Pendiente Entrega,Pendiente Entrega,NET_LTAMAYOD,SIM,3 sept 2026,null,null,No,ABIERTAS,null,Monolínea,Mono_item,Cusco,null,null,null
Netcall,2 sept 2026,16,915340272,9153402728171169427782,9283,Outbound,Portabilidad Postpago,PROGRAMADO,Logixtal,9343,ABIERTAS,Pendiente Entrega,Pendiente Entrega,NET_MMACHACAM,SIM,3 sept 2026,null,null,No,ABIERTAS,null,Monolínea,Mono_item,Cusco,null,null,Power 59.90 N
Netcall,1 sept 2026,12,914823866,9148238668165860086380,9283,Outbound,Portabilidad Postpago,EXPRESS,Logixtal,9343,CERRADAS,Entregado,Entregado,TLV_NET_ECODARL,SIM,1 sept 2026,1 sept 2026,02/09/2026,Sí,CERRADAS,2026-09-02 00:20:04,Monolínea,Mono_item,Cusco,29.95,Power 59.90 N,Power 59.90 N
Netcall,2 sept 2026,12,915267271,9152672718170400052231,9283,Outbound,Portabilidad Postpago,RETIRO EN TIENDA,Retiro en tienda,2102,CERRADAS,Entregado,Entregado,NET_CULLOAC,SIM,2 sept 2026,2 sept 2026,null,No,CERRADAS,2026-09-03 00:52:26,Multilínea,Multi_item,Cusco,null,Power ilim 79.90 SD N,Power ilim 79.90 SD N
Netcall,3 sept 2026,10,915638511,91563851189511710121058244463,9271,Outbound,Portabilidad Postpago,EXPRESS,Retiro en tienda,9343,ABIERTAS,Pendiente Entrega,Pendiente Entrega,NET_JAREVALOC,SIM,3 sept 2026,null,null,No,ABIERTAS,null,Multilínea,Mono_item,Cusco,null,null,null
Netcall,2 sept 2026,11,915248611,9152486118170215172315,9283,Outbound,Portabilidad Postpago,RETIRO EN TIENDA,Retiro en tienda,2102,ABIERTAS,Pendiente Entrega,Pendiente Entrega,NET_MMREVILLA,SIM,2 sept 2026,null,null,No,ABIERTAS,null,Multilínea,Mono_item,Cusco,null,null,Power ilim 79.90 SD N
Netcall,1 sept 2026,11,914810721,9148107218165730555606,9283,Outbound,Portabilidad Postpago,RETIRO EN TIENDA,Retiro en tienda,2102,CANCELADAS,Cancelado,Cancelado,NET_JSIADEN,SIM,1 sept 2026,null,null,No,CANCELADAS,2026-09-01 15:36:07,Multilínea,Mono_item,Cusco,null,null,Power ilim 79.90 SD N
Netcall,1 sept 2026,19,914951594,9149515948167225020383,9289,Outbound,Portabilidad Postpago,RETIRO EN TIENDA,Retiro en tienda,2102,CERRADAS,Entregado,Entregado,TLV_NET_MLANDAR,SIM,1 sept 2026,1 sept 2026,02/09/2026,Sí,CERRADAS,2026-09-02 01:49:01,Monolínea,Mono_item,Cusco,39.95,Power ilim 79.90 SD N,Power ilim 79.90 SD N
Netcall,3 sept 2026,11,915671664,915671664Empty,9283,Outbound,Portabilidad Postpago,RETIRO EN TIENDA,Retiro en tienda,2102,ABIERTAS,Pendiente Entrega,Pendiente Entrega,NET_JCHIRINOSP,SIM,3 sept 2026,null,null,No,ABIERTAS,null,Monolínea,Mono_item,Cusco,null,null,null
Netcall,2 sept 2026,12,915267271,9152672718170400052010,9283,Outbound,Portabilidad Postpago,RETIRO EN TIENDA,Retiro en tienda,2102,CERRADAS,Entregado,Entregado,NET_CULLOAC,SIM,2 sept 2026,2 sept 2026,null,No,CERRADAS,2026-09-03 00:52:26,Multilínea,Multi_item,Cusco,null,Power ilim 79.90 SD N,Power ilim 79.90 SD N
Netcall,1 sept 2026,17,914905852,9149058528166753744376,9283,Outbound,Portabilidad Postpago,RETIRO EN TIENDA,Retiro en tienda,3031,CERRADAS,Entregado,Entregado,NET_GGUTIERREZM,SIM,1 sept 2026,1 sept 2026,02/09/2026,Sí,CERRADAS,2026-09-02 00:40:03,Monolínea,Mono_item,Ucayali,29.95,Power 59.90 N,Power 59.90 N
Netcall,3 sept 2026,14,915699421,915699421Empty,9283,Outbound,Portabilidad Postpago,RETIRO EN TIENDA,Retiro en tienda,3031,ABIERTAS,Pendiente Entrega,Pendiente Entrega,NET_TDILAST,SIM,3 sept 2026,null,null,No,ABIERTAS,null,Monolínea,Mono_item,Ucayali,null,null,null
Netcall,2 sept 2026,13,915297515,9152975158170719692452,9283,Outbound,Portabilidad Postpago,RETIRO EN TIENDA,Retiro en tienda,3031,ABIERTAS,Pendiente Entrega,Pendiente Entrega,NET_MCSANCHEZ,SIM,2 sept 2026,null,null,No,ABIERTAS,null,Multilínea,Mono_item,Ucayali,null,null,Power ilim 79.90 SD N
Netcall,3 sept 2026,13,915706542,915706542Empty,9283,Outbound,Portabilidad Postpago,RETIRO EN TIENDA,Retiro en tienda,7170,ABIERTAS,Pendiente Entrega,Pendiente Entrega,NET_RMRAMIREZ,SIM,3 sept 2026,null,null,No,ABIERTAS,null,Multilínea,Mono_item,Ucayali,null,null,null
Netcall,3 sept 2026,13,915710742,915710742Empty,9283,Outbound,Portabilidad Postpago,RETIRO EN TIENDA,Retiro en tienda,3031,ABIERTAS,Pendiente Entrega,Pendiente Entrega,NET_TVASQUEZANG,SIM,3 sept 2026,null,null,No,ABIERTAS,null,Monolínea,Mono_item,Ucayali,null,null,null
Netcall,1 sept 2026,9,914770399,9147703998165333118546,9283,Outbound,Portabilidad Postpago,RETIRO EN TIENDA,Retiro en tienda,3031,ABIERTAS,Pendiente Entrega,Pendiente Entrega,NET_ACHAPONANZ,SIM,1 sept 2026,null,null,No,ABIERTAS,null,Monolínea,Mono_item,Ucayali,null,null,Power 59.90 N
Netcall,2 sept 2026,13,915296199,9152961998170704727353,9283,Outbound,Portabilidad Postpago,RETIRO EN TIENDA,Retiro en tienda,3031,ABIERTAS,Pendiente Entrega,Pendiente Entrega,NET_MCSANCHEZ,SIM,2 sept 2026,null,null,No,ABIERTAS,null,Multilínea,Mono_item,Ucayali,null,null,Power ilim 79.90 SD N
Netcall,3 sept 2026,13,915705057,915705057Empty,9283,Outbound,Portabilidad Postpago,RETIRO EN TIENDA,Retiro en tienda,7170,ABIERTAS,Pendiente Entrega,Pendiente Entrega,NET_RMRAMIREZ,SIM,3 sept 2026,null,null,No,ABIERTAS,null,Multilínea,Mono_item,Ucayali,null,null,null
Netcall,3 sept 2026,9,915624063,915624063Empty,9283,Outbound,Portabilidad Postpago,PROGRAMADO,Retiro en tienda,9348,ABIERTAS,Pendiente Entrega,Pendiente Entrega,NET_RTORRESB,SIM,5 sept 2026,null,null,No,ABIERTAS,null,Monolínea,Mono_item,Tacna,null,null,null
Netcall,2 sept 2026,11,915248313,9152483138170209872919,9283,Outbound,Portabilidad Postpago,EXPRESS,Logixtal,9348,CERRADAS,Entregado,Entregado,NET_JSANCHEZC,SIM,2 sept 2026,2 sept 2026,null,No,CERRADAS,2026-09-03 03:25:40,Monolínea,Mono_item,Tacna,null,Power 59.90 N,Power 59.90 N
Netcall,3 sept 2026,10,915647043,91564704389511710101051059233,9271,Outbound,Portabilidad Postpago,EXPRESS,Retiro en tienda,9348,ABIERTAS,Entregado,Entregado,NET_YPAREDESG,SIM,3 sept 2026,null,null,No,ABIERTAS,null,Multilínea,Mono_item,Tacna,null,null,null
Netcall,3 sept 2026,12,915675351,91567535189511710101051059019,9283,Outbound,Portabilidad Postpago,EXPRESS,Retiro en tienda,9348,ABIERTAS,Pendiente Entrega,Pendiente Entrega,NET_GZUNIGAO,SIM,4 sept 2026,null,null,No,ABIERTAS,null,Multilínea,Mono_item,Tacna,null,null,null
Netcall,2 sept 2026,12,915277826,9152778268170512580584,9283,Outbound,Venta Regular / Alta,EXPRESS,Logixtal,9348,CERRADAS,Entregado,Entregado,NET_GVELASQUEZA,SIM,2 sept 2026,2 sept 2026,02/09/2026,Sí,CERRADAS,2026-09-02 20:08:17,Multilínea,Mono_item,Tacna,39.95,Power ilim 79.90 SD N,Power ilim 79.90 SD N
Netcall,2 sept 2026,7,915137127,9151371278169344561847,9289,Outbound,Portabilidad Postpago,EXPRESS,Logixtal,9348,CANCELADAS,Anulado,CLIENTE YA NO DESEA PRODUCTO,TLV_NET_MLANDAR,SIM,2 sept 2026,null,null,No,CANCELADAS,2026-09-02 09:11:19,Monolínea,Mono_item,Tacna,null,null,Power 59.90 N
Netcall,1 sept 2026,10,914788089,9147880898165505170604,9283,Outbound,Portabilidad Prepago,EXPRESS,Logixtal,9348,CERRADAS,Entregado,Entregado,NET_EMACHEROT,SIM,1 sept 2026,1 sept 2026,02/09/2026,Sí,CERRADAS,2026-09-02 01:37:16,Multilínea,Mono_item,Tacna,39.95,Power ilim 79.90 SD N,Power ilim 79.90 SD N
Netcall,3 sept 2026,10,915638328,91563832889511710101051059241,9283,Outbound,Portabilidad Postpago,EXPRESS,Retiro en tienda,9348,ABIERTAS,Entregado,Entregado,NET_YFLORESR,SIM,3 sept 2026,null,null,No,ABIERTAS,null,Monolínea,Mono_item,Tacna,null,null,null
Netcall,1 sept 2026,10,914790778,9147907788165526947461,9283,Outbound,Portabilidad Postpago,EXPRESS,Logixtal,9348,CERRADAS,Entregado,Entregado,NET_JLUCIANOT,SIM,1 sept 2026,1 sept 2026,02/09/2026,Sí,CERRADAS,2026-09-02 01:44:17,Monolínea,Mono_item,Tacna,29.95,Power 59.90 N,Power 59.90 N
Netcall,3 sept 2026,12,915676560,91567656089511710101051059027,9283,Outbound,Portabilidad Postpago,EXPRESS,Retiro en tienda,9348,ABIERTAS,Pendiente Entrega,Pendiente Entrega,NET_GZUNIGAO,SIM,4 sept 2026,null,null,No,ABIERTAS,null,Multilínea,Mono_item,Tacna,null,null,null
Netcall,1 sept 2026,16,914888424,9148884248166558519053,9283,Outbound,Portabilidad Postpago,EXPRESS,Logixtal,9348,CERRADAS,Entregado,Entregado,NET_VCHIRIA,SIM,1 sept 2026,2 sept 2026,null,No,CERRADAS,2026-09-03 00:59:45,Monolínea,Mono_item,Tacna,null,Power 59.90 N,Power 59.90 N
Netcall,1 sept 2026,10,914786756,9147867568165489177118,9283,Outbound,Portabilidad Postpago,EXPRESS,Logixtal,9348,CERRADAS,Entregado,Entregado,NET_EMACHEROT,SIM,1 sept 2026,1 sept 2026,02/09/2026,Sí,CERRADAS,2026-09-02 01:15:20,Multilínea,Mono_item,Tacna,19.95,Power ilim 79.90 SD N,Power ilim 79.90 SD N
Netcall,1 sept 2026,9,914768243,9147682438165313692806,9283,Outbound,Portabilidad Postpago,EXPRESS,Logixtal,9348,CERRADAS,Entregado,Entregado,NET_MCASTILLOC,SIM,1 sept 2026,1 sept 2026,02/09/2026,Sí,CERRADAS,2026-09-02 01:34:59,Monolínea,Mono_item,Tacna,34.95,Power ilim 69.90 N,Power ilim 69.90 N
Netcall,2 sept 2026,20,915414752,9154147528171940744818,9283,Outbound,Portabilidad Postpago,PROGRAMADO,Logixtal,9348,ABIERTAS,Pendiente Entrega,Pendiente Entrega,NET_MMACHACAM,SIM,3 sept 2026,null,null,No,ABIERTAS,null,Multilínea,Mono_item,Tacna,null,null,Power ilim 79.90 SD N
Netcall,2 sept 2026,20,915413480,9154134808171925735965,9283,Outbound,Portabilidad Postpago,PROGRAMADO,Logixtal,9348,ABIERTAS,Pendiente Entrega,Pendiente Entrega,NET_MMACHACAM,SIM,3 sept 2026,null,null,No,ABIERTAS,null,Multilínea,Mono_item,Tacna,null,null,Power ilim 79.90 SD N
Netcall,2 sept 2026,12,915276033,9152760338170492023394,9283,Outbound,Portabilidad Postpago,EXPRESS,Logixtal,9348,ABIERTAS,Pendiente Entrega,Pendiente Entrega,NET_GVELASQUEZA,SIM,2 sept 2026,null,null,No,ABIERTAS,null,Multilínea,Mono_item,Tacna,null,null,Power ilim 79.90 SD N
Netcall,3 sept 2026,9,915625785,91562578589511710121058068722,9271,Outbound,Portabilidad Postpago,EXPRESS,Retiro en tienda,9348,ABIERTAS,Entregado,Entregado,NET_YPAREDESG,SIM,3 sept 2026,null,null,No,ABIERTAS,null,Multilínea,Mono_item,Tacna,null,null,null
Netcall,1 sept 2026,14,914858245,9148582458166232364719,9283,Outbound,Portabilidad Postpago,PROGRAMADO,Logixtal,9348,ABIERTAS,Pendiente Entrega,Pendiente Entrega,NET_LYESQUENP,SIM,2 sept 2026,null,null,No,ABIERTAS,null,Monolínea,Mono_item,Tacna,null,null,Power 59.90 N
Netcall,3 sept 2026,10,915643064,91564306489511710101051059225,9283,Outbound,Portabilidad Postpago,EXPRESS,Retiro en tienda,9348,ABIERTAS,Pendiente Entrega,Pendiente Entrega,NET_AARANAS,SIM,3 sept 2026,null,null,No,ABIERTAS,null,Monolínea,Mono_item,Tacna,null,null,null
Netcall,2 sept 2026,12,915274027,915274027,9283,Outbound,Portabilidad Postpago,EXPRESS,Logixtal,9348,CERRADAS,Entregado,Entregado,NET_SDEDIOSO,SIM,2 sept 2026,2 sept 2026,null,No,CERRADAS,2026-09-03 00:15:06,Monolínea,Mono_item,Tacna,null,Power 59.90 N,null
Netcall,2 sept 2026,20,915412522,9154125228171910209077,9283,Outbound,Portabilidad Postpago,PROGRAMADO,Logixtal,9348,ABIERTAS,Pendiente Entrega,Pendiente Entrega,NET_MMACHACAM,SIM,3 sept 2026,null,null,No,ABIERTAS,null,Multilínea,Mono_item,Tacna,null,null,Power ilim 79.90 SD N
Netcall,1 sept 2026,9,914772719,9147727198165358235772,9283,Outbound,Portabilidad Postpago,EXPRESS,Logixtal,9348,CERRADAS,Entregado,Entregado,TLV_NET_GJQUISP,SIM,1 sept 2026,1 sept 2026,02/09/2026,Sí,CERRADAS,2026-09-02 01:46:25,Monolínea,Mono_item,Tacna,29.95,Power 59.90 N,Power 59.90 N
Netcall,2 sept 2026,15,915328483,915328483,9283,Outbound,Portabilidad Postpago,EXPRESS,Logixtal,9001,CERRADAS,Entregado,Entregado,NET_KCHUNAP,SIM,2 sept 2026,2 sept 2026,null,No,CERRADAS,2026-09-03 00:15:35,Multilínea,Mono_item,Lima - Callao,null,Power ilim 79.90 SD N,null
Netcall,1 sept 2026,15,914870104,914870104,9283,Outbound,Portabilidad Postpago,EXPRESS,Logixtal,9001,CERRADAS,Entregado,Entregado,NET_LALARCONP,SIM,1 sept 2026,2 sept 2026,null,No,CERRADAS,2026-09-03 00:21:44,Monolínea,Mono_item,Lima - Callao,null,Power 59.90 N,null
Netcall,1 sept 2026,15,914875008,9148750088166410919254,9283,Outbound,Portabilidad Postpago,PROGRAMADO,Logixtal,9001,CERRADAS,Entregado,Entregado,NET_HEULOGIO,SIM,2 sept 2026,2 sept 2026,null,No,CERRADAS,2026-09-03 01:14:05,Monolínea,Mono_item,Lima - Callao,null,Power ilim 79.90 SD N,Power ilim 79.90 SD N
Netcall,1 sept 2026,13,914849015,9148490158166127810852,9283,Outbound,Portabilidad Postpago,EXPRESS,Logixtal,9001,CERRADAS,Entregado,Entregado,TLV_NET_BRAMIRE,SIM,1 sept 2026,1 sept 2026,02/09/2026,Sí,CERRADAS,2026-09-02 00:20:49,Multilínea,Mono_item,Lima - Callao,19.95,Power ilim 79.90 SD N,Power ilim 79.90 SD N
Netcall,2 sept 2026,11,915249563,9152495638170231244103,5299,Outbound,Portabilidad Postpago,EXPRESS,Logixtal,9001,CERRADAS,Entregado,Entregado,NET_DAYLASF,SIM,2 sept 2026,2 sept 2026,null,No,CERRADAS,2026-09-03 01:08:37,Monolínea,Mono_item,Lima - Callao,null,Power 59.90 N,Power 59.90 N
Netcall,2 sept 2026,12,915276554,9152765548170495820274,9283,Outbound,Portabilidad Postpago,EXPRESS,Logixtal,9001,CERRADAS,Entregado,Entregado,NET_GMENDIGUETE,SIM,2 sept 2026,2 sept 2026,null,No,CERRADAS,2026-09-03 00:43:58,Monolínea,Mono_item,Lima - Callao,null,Power ilim 69.90 N,Power ilim 69.90 N
Netcall,3 sept 2026,13,915706305,91570630589511710101029356364,9283,Outbound,Portabilidad Postpago,EXPRESS,Logixtal,9001,ABIERTAS,Pendiente Entrega,Pendiente de Picking,NET_MCVASQUEZ,SIM,3 sept 2026,null,null,No,ABIERTAS,null,Monolínea,Mono_item,Lima - Callao,null,null,null
Netcall,1 sept 2026,13,914848321,9148483218166119996079,9283,Outbound,Portabilidad Postpago,EXPRESS,Logixtal,9001,CERRADAS,Entregado,Entregado,TLV_NET_BRAMIRE,SIM,1 sept 2026,1 sept 2026,02/09/2026,Sí,CERRADAS,2026-09-02 00:14:03,Multilínea,Mono_item,Lima - Callao,19.95,Power ilim 79.90 SD N,Power ilim 79.90 SD N
Netcall,1 sept 2026,13,914850619,9148506198166142208018,9283,Outbound,Portabilidad Postpago,EXPRESS,Logixtal,9001,CERRADAS,Entregado,Entregado,TLV_NET_BRAMIRE,SIM,1 sept 2026,1 sept 2026,02/09/2026,Sí,CERRADAS,2026-09-02 01:20:49,Multilínea,Mono_item,Lima - Callao,19.95,Power ilim 79.90 SD N,Power ilim 79.90 SD N
Netcall,1 sept 2026,16,914889994,9148899948166573827224,9283,Outbound,Portabilidad Postpago,EXPRESS,Logixtal,9001,CANCELADAS,Anulado,PUNTO DE ENCUENTRO CAMUFLADO,NET_BBELLIDOP,SIM,1 sept 2026,null,null,No,CANCELADAS,2026-09-01 17:26:38,Monolínea,Mono_item,Lima - Callao,null,null,Power 59.90 N
Netcall,1 sept 2026,17,914910254,914910254,9271,Outbound,Portabilidad Postpago,EXPRESS,Logixtal,9001,CERRADAS,Entregado,Entregado,NET_EPARDOG,SIM,1 sept 2026,1 sept 2026,null,No,CERRADAS,2026-09-03 00:15:25,Multilínea,Mono_item,Lima - Callao,null,Power ilim 79.90 SD N,null
Netcall,2 sept 2026,13,915291099,9152910998170645852971,9271,Outbound,Portabilidad Postpago,EXPRESS,Logixtal,9001,ABIERTAS,Pendiente Entrega,Pendiente Entrega,NET_CSANTIAGOQ,SIM,2 sept 2026,null,null,No,ABIERTAS,null,Monolínea,Mono_item,Lima - Callao,null,null,Power 59.90 N
Netcall,2 sept 2026,9,915218208,9152182088169920490519,9283,Outbound,Portabilidad Postpago,EXPRESS,Logixtal,9001,CERRADAS,Entregado,Entregado,NET_RCARDENASH,SIM,2 sept 2026,2 sept 2026,null,No,CERRADAS,2026-09-03 00:55:48,Monolínea,Mono_item,Lima - Callao,null,Power ilim 69.90 N,Power ilim 69.90 N
Netcall,1 sept 2026,16,914885579,9148855798166527183851,9283,Outbound,Portabilidad Postpago,EXPRESS,Logixtal,9001,CANCELADAS,Anulado,CLIENTE DESISTE - NO BRINDA MOTIVOS,NET_SLIZARDOPER,SIM,1 sept 2026,null,null,No,CANCELADAS,2026-09-01 17:54:24,Monolínea,Mono_item,Lima - Callao,null,null,Power ilim 69.90 N
Netcall,3 sept 2026,12,915683462,91568346289511710111073933216,9283,Outbound,Portabilidad Postpago,EXPRESS,Logixtal,9001,ABIERTAS,Entregado,Entregado,NET_EMONZONP,SIM,3 sept 2026,null,null,No,ABIERTAS,null,Multilínea,Mono_item,Lima - Callao,null,null,null
Netcall,1 sept 2026,8,914750686,9147506868165178580109,9283,Outbound,Portabilidad Postpago,EXPRESS,Logixtal,9001,CANCELADAS,Anulado,CLIENTE DESISTE - NO BRINDA MOTIVOS,NET_SLAZOB,SIM,1 sept 2026,null,null,No,CANCELADAS,2026-09-02 12:37:50,Monolínea,Mono_item,Lima - Callao,null,null,Power 59.90 N
Netcall,1 sept 2026,17,914909501,9149095018166787855670,9271,Outbound,Venta Regular / Alta,EXPRESS,Logixtal,9001,CERRADAS,Entregado,Entregado,NET_EPARDOG,SIM,1 sept 2026,1 sept 2026,01/09/2026,Sí,CERRADAS,2026-09-01 22:03:18,Multilínea,Mono_item,Lima - Callao,39.95,Power ilim 79.90 SD N,Power ilim 79.90 SD N
Netcall,3 sept 2026,11,915657334,91565733489511710111073933281,9283,Outbound,Portabilidad Postpago,EXPRESS,Logixtal,9001,ABIERTAS,Entregado,Entregado,TLV_NET_JPENAM,SIM,3 sept 2026,null,null,No,ABIERTAS,null,Multilínea,Mono_item,Lima - Callao,null,null,null
Netcall,2 sept 2026,16,915343360,915343360,9283,Outbound,Portabilidad Postpago,EXPRESS,Logixtal,9001,CERRADAS,Entregado,Entregado,NET_MCASTILLOC,SIM,2 sept 2026,2 sept 2026,null,No,CERRADAS,2026-09-03 00:32:50,Monolínea,Mono_item,Lima - Callao,null,Power 59.90 N,null
Netcall,1 sept 2026,11,914806234,9148062348165699211155,9283,Outbound,Portabilidad Postpago,EXPRESS,Logixtal,9001,CERRADAS,Entregado,Entregado,TLV_NET_KARANDA,SIM,1 sept 2026,1 sept 2026,02/09/2026,Sí,CERRADAS,2026-09-02 00:32:00,Monolínea,Mono_item,Lima - Callao,34.95,Power ilim 69.90 N,Power ilim 69.90 N
Netcall,2 sept 2026,17,915363228,9153632288171410087635,9283,Outbound,Portabilidad Postpago,EXPRESS,Logixtal,9001,ABIERTAS,Pendiente Entrega,Pendiente Entrega,NET_YCASTILLOO,SIM,2 sept 2026,null,null,No,ABIERTAS,null,Multilínea,Mono_item,Lima - Callao,null,null,Power 59.90 N
Netcall,2 sept 2026,15,915227109,9152271098171022844107,9283,Outbound,Portabilidad Postpago,EXPRESS,Logixtal,9001,CERRADAS,Entregado,Entregado,NET_KCHUNAP,SIM,2 sept 2026,2 sept 2026,null,No,CERRADAS,2026-09-03 01:49:45,Multilínea,Mono_item,Lima - Callao,null,Power ilim 79.90 SD N,Power ilim 79.90 SD N
Netcall,2 sept 2026,17,915365952,9153659528171434297973,9283,Outbound,Portabilidad Postpago,EXPRESS,Logixtal,9001,ABIERTAS,Pendiente Entrega,Pendiente Entrega,NET_YCASTILLOO,SIM,2 sept 2026,null,null,No,ABIERTAS,null,Multilínea,Mono_item,Lima - Callao,null,null,Power 59.90 N
Netcall,2 sept 2026,14,915312658,9153126588170878000191,9283,Outbound,Portabilidad Postpago,EXPRESS,Logixtal,9001,ABIERTAS,Pendiente Entrega,Pendiente Entrega,TLV_NET_GJQUISP,SIM,2 sept 2026,null,null,No,ABIERTAS,null,Monolínea,Mono_item,Lima - Callao,null,null,Power 59.90 N
Netcall,3 sept 2026,12,915673782,91567378289511710111071545129,9283,Outbound,Portabilidad Postpago,EXPRESS,Logixtal,9001,ABIERTAS,Pendiente Entrega,Pendiente de Picking,NET_GMENDIGUETE,SIM,3 sept 2026,null,null,No,ABIERTAS,null,Monolínea,Mono_item,Lima - Callao,null,null,null
Netcall,1 sept 2026,13,914851335,9148513358166151102148,9283,Outbound,Portabilidad Postpago,EXPRESS,Logixtal,9001,CANCELADAS,Anulado,PIN PORTA_NO VALIDO,TLV_NET_BRAMIRE,SIM,1 sept 2026,null,null,No,CANCELADAS,2026-09-01 14:25:04,Multilínea,Mono_item,Lima - Callao,null,null,Power ilim 79.90 SD N
Netcall,2 sept 2026,12,915275013,915275013,9283,Outbound,Portabilidad Postpago,EXPRESS,Logixtal,9001,CERRADAS,Entregado,Entregado,NET_LVASQUEZT,SIM,2 sept 2026,2 sept 2026,null,No,CERRADAS,2026-09-03 00:17:01,Multilínea,Mono_item,Lima - Callao,null,Power ilim 79.90 SD N,null
Netcall,2 sept 2026,16,915348268,915348268,9283,Outbound,Portabilidad Postpago,EXPRESS,Logixtal,9001,CERRADAS,Entregado,Entregado,NET_MCVASQUEZ,SIM,2 sept 2026,2 sept 2026,null,No,CERRADAS,2026-09-03 00:13:54,Monolínea,Mono_item,Lima - Callao,null,Power 59.90 N,null
Netcall,3 sept 2026,10,915634551,91563455189511710101080368662,9283,Outbound,Portabilidad Postpago,EXPRESS,Logixtal,9001,ABIERTAS,Entregado,Entregado,NET_JCHEROO,SIM,3 sept 2026,null,null,No,ABIERTAS,null,Monolínea,Mono_item,Lima - Callao,null,null,null
Netcall,1 sept 2026,13,914852037,9148520378166161115733,9283,Outbound,Portabilidad Postpago,EXPRESS,Logixtal,9001,CANCELADAS,Anulado,PIN PORTA_NO VALIDO,TLV_NET_BRAMIRE,SIM,1 sept 2026,null,null,No,CANCELADAS,2026-09-01 14:53:00,Multilínea,Mono_item,Lima - Callao,null,null,Power 39.90 N
Netcall,1 sept 2026,13,914849981,9148499818166133169968,9283,Outbound,Portabilidad Postpago,EXPRESS,Logixtal,9001,CERRADAS,Entregado,Entregado,TLV_NET_BRAMIRE,SIM,1 sept 2026,1 sept 2026,02/09/2026,Sí,CERRADAS,2026-09-02 00:27:57,Multilínea,Mono_item,Lima - Callao,39.95,Power ilim 79.90 SD N,Power ilim 79.90 SD N
Netcall,1 sept 2026,17,914902587,9149025878166720320000,9283,Outbound,Portabilidad Prepago,EXPRESS,Logixtal,9001,CERRADAS,Entregado,Entregado,NET_EZEVALLOSZ,SIM,1 sept 2026,1 sept 2026,02/09/2026,Sí,CERRADAS,2026-09-02 02:10:51,Multilínea,Mono_item,Lima - Callao,39.95,Power ilim 79.90 SD N,Power ilim 79.90 SD N
Netcall,1 sept 2026,16,914901084,9149010848166703649711,9283,Outbound,Portabilidad Postpago,EXPRESS,Logixtal,9001,CERRADAS,Entregado,Entregado,NET_EZEVALLOSZ,SIM,1 sept 2026,1 sept 2026,02/09/2026,Sí,CERRADAS,2026-09-02 01:11:00,Multilínea,Mono_item,Lima - Callao,19.95,Power ilim 79.90 SD N,Power ilim 79.90 SD N
Netcall,1 sept 2026,9,914758516,9147585168165237738779,9283,Outbound,Portabilidad Postpago,EXPRESS,Logixtal,9001,ABIERTAS,Pendiente Entrega,Pendiente Entrega,NET_SSALAZARV,SIM,1 sept 2026,null,null,No,ABIERTAS,null,Monolínea,Mono_item,Lima - Callao,null,null,Power 59.90 N
Netcall,1 sept 2026,12,914823567,9148235678165857421056,9283,Outbound,Portabilidad Postpago,PROGRAMADO,Logixtal,9001,CANCELADAS,Anulado,CLIENTE DESISTE - NO BRINDA MOTIVOS,NET_CTRAVIM,SIM,2 sept 2026,null,null,No,CANCELADAS,2026-09-02 16:31:51,Monolínea,Mono_item,Lima - Callao,null,null,Power ilim 69.90 N
Netcall,3 sept 2026,11,915667619,91566761989511710111073797520,9283,Outbound,Portabilidad Postpago,EXPRESS,Logixtal,9001,ABIERTAS,Entregado,Entregado,NET_KORTIZD,SIM,3 sept 2026,null,null,No,ABIERTAS,null,Monolínea,Mono_item,Lima - Callao,null,null,null
Netcall,2 sept 2026,9,915223159,915223159,9283,Outbound,Portabilidad Postpago,EXPRESS,Logixtal,9001,CERRADAS,Entregado,Entregado,NET_VJAUREGUIM,SIM,2 sept 2026,2 sept 2026,null,No,CERRADAS,2026-09-03 00:28:12,Monolínea,Mono_item,Lima - Callao,null,Power ilim 69.90 N,null
Netcall,3 sept 2026,13,915704968,91570496889511710101080368639,5299,Outbound,Portabilidad Postpago,EXPRESS,Logixtal,9001,ABIERTAS,Entregado,Entregado,NET_JBOZAC,SIM,3 sept 2026,null,null,No,ABIERTAS,null,Monolínea,Mono_item,Lima - Callao,null,null,null
Netcall,2 sept 2026,15,915307305,9153073058170961514686,9283,Outbound,Portabilidad Postpago,EXPRESS,Logixtal,9001,ABIERTAS,Pendiente Entrega,Pendiente Entrega,NET_JROMEROC,SIM,2 sept 2026,null,null,No,ABIERTAS,null,Monolínea,Mono_item,Lima - Callao,null,null,Power ilim 69.90 N
Netcall,2 sept 2026,17,915364452,9153644528171418028000,9283,Outbound,Portabilidad Postpago,EXPRESS,Logixtal,9001,ABIERTAS,Pendiente Entrega,Pendiente Entrega,NET_YCASTILLOO,SIM,2 sept 2026,null,null,No,ABIERTAS,null,Multilínea,Mono_item,Lima - Callao,null,null,Power 59.90 N
Netcall,3 sept 2026,12,915684640,91568464089511710111073933208,9283,Outbound,Portabilidad Postpago,EXPRESS,Logixtal,9001,ABIERTAS,Entregado,Entregado,NET_EMONZONP,SIM,3 sept 2026,null,null,No,ABIERTAS,null,Multilínea,Mono_item,Lima - Callao,null,null,null
Netcall,2 sept 2026,10,915242396,9152423968170155853237,9283,Outbound,Portabilidad Postpago,EXPRESS,Logixtal,9001,CERRADAS,Entregado,Entregado,NET_KROJASNAUPA,SIM,2 sept 2026,2 sept 2026,null,No,CERRADAS,2026-09-03 00:45:47,Monolínea,Mono_item,Lima - Callao,null,Power ilim 69.90 N,Power ilim 69.90 N
Netcall,1 sept 2026,11,914803824,9148038248165658639985,9283,Outbound,Venta Regular / Alta,EXPRESS,Logixtal,9001,CERRADAS,Entregado,Entregado,TLV_NET_RSORIAH,SIM,1 sept 2026,1 sept 2026,01/09/2026,Sí,CERRADAS,2026-09-01 13:22:56,Monolínea,Mono_item,Lima - Callao,69.9,Power ilim 69.90 N,Power ilim 69.90 N
Netcall,1 sept 2026,15,914881703,9148817038166489592434,9283,Outbound,Portabilidad Postpago,EXPRESS,Logixtal,9001,CANCELADAS,Anulado,CLIENTE DESISTE - CONTRAOFERTA,NET_LRODRIGUEZC,SIM,1 sept 2026,null,null,No,CANCELADAS,2026-09-01 16:45:46,Monolínea,Mono_item,Lima - Callao,null,null,Power ilim 79.90 SD N
Netcall,1 sept 2026,11,914803441,9148034418165654209103,9283,Outbound,Portabilidad Prepago,EXPRESS,Logixtal,9001,CERRADAS,Entregado,Entregado,NET_KBRACOV,SIM,1 sept 2026,1 sept 2026,02/09/2026,Sí,CERRADAS,2026-09-02 01:52:25,Monolínea,Mono_item,Lima - Callao,39.95,Power ilim 79.90 SD N,Power ilim 79.90 SD N
Netcall,2 sept 2026,17,915354873,915354873,9283,Outbound,Portabilidad Postpago,EXPRESS,Logixtal,9001,CERRADAS,Entregado,Entregado,NET_CIOLAYAR,SIM,2 sept 2026,2 sept 2026,null,No,CERRADAS,2026-09-03 00:35:11,Monolínea,Mono_item,Lima - Callao,null,Power ilim 79.90 SD N,null
Netcall,2 sept 2026,13,915298944,915298944,9283,Outbound,Portabilidad Postpago,EXPRESS,Logixtal,9001,CERRADAS,Entregado,Entregado,TLV_NET_BRAMIRE,SIM,2 sept 2026,2 sept 2026,null,No,CERRADAS,2026-09-03 00:40:31,Monolínea,Mono_item,Lima - Callao,null,Power ilim 79.90 SD N,null
Netcall,2 sept 2026,11,915253600,9152536008170261976914,9283,Outbound,Venta Regular / Alta,EXPRESS,Logixtal,9001,CERRADAS,Entregado,Entregado,NET_DHUAYACGONZ,SIM,2 sept 2026,2 sept 2026,02/09/2026,Sí,CERRADAS,2026-09-02 12:25:59,Monolínea,Mono_item,Lima - Callao,39.9,Power 39.90 N,Power 39.90 N
Netcall,2 sept 2026,12,915273620,9152736208170463070447,9283,Outbound,Portabilidad Postpago,EXPRESS,Logixtal,9001,CERRADAS,Entregado,Entregado,NET_LVASQUEZT,SIM,2 sept 2026,2 sept 2026,null,No,CERRADAS,2026-09-03 02:00:32,Multilínea,Mono_item,Lima - Callao,null,Power ilim 79.90 SD N,Power ilim 79.90 SD N
Netcall,2 sept 2026,7,915150346,9151503468169435634510,9283,Outbound,Portabilidad Postpago,EXPRESS,Logixtal,9001,CERRADAS,Entregado,Entregado,NET_JIYASHAMAR,SIM,2 sept 2026,2 sept 2026,null,No,CERRADAS,2026-09-03 01:05:24,Monolínea,Mono_item,Lima - Callao,null,Power ilim 79.90 SD N,Power ilim 79.90 SD N
Netcall,2 sept 2026,17,915368055,9153680558171454094694,9283,Outbound,Portabilidad Postpago,PROGRAMADO,Logixtal,9001,ABIERTAS,Pendiente Entrega,Pendiente Entrega,TLV_NET_CZEGARR,SIM,3 sept 2026,null,null,No,ABIERTAS,null,Monolínea,Mono_item,Lima - Callao,null,null,Power ilim 79.90 SD N
Netcall,2 sept 2026,15,915326000,9153260008171021621518,9283,Outbound,Portabilidad Postpago,EXPRESS,Logixtal,9001,CERRADAS,Entregado,Entregado,NET_KCHUNAP,SIM,2 sept 2026,2 sept 2026,null,No,CERRADAS,2026-09-03 01:28:39,Multilínea,Mono_item,Lima - Callao,null,Power ilim 79.90 SD N,Power ilim 79.90 SD N
Netcall,2 sept 2026,15,915326644,9153266448171025272427,9283,Outbound,Portabilidad Postpago,EXPRESS,Logixtal,9001,ABIERTAS,Pendiente Entrega,Pendiente Entrega,NET_JVASQUEZMEN,SIM,2 sept 2026,null,null,No,ABIERTAS,null,Monolínea,Mono_item,Lima - Callao,null,null,Power ilim 79.90 SD N
Netcall,1 sept 2026,17,914916726,9149167268166871562391,5299,Outbound,Venta Regular / Alta,PROGRAMADO,Logixtal,9001,ABIERTAS,Pendiente Entrega,Pendiente Entrega,NET_DAYLASF,SIM,2 sept 2026,null,null,No,ABIERTAS,null,Monolínea,Mono_item,Lima - Callao,null,null,Power 39.90 N
Netcall,1 sept 2026,14,914864303,9148643038166288981973,9271,Outbound,Portabilidad Postpago,EXPRESS,Logixtal,9001,CERRADAS,Entregado,Entregado,NET_MCHAVEZV,SIM,1 sept 2026,1 sept 2026,02/09/2026,Sí,CERRADAS,2026-09-02 00:06:03,Monolínea,Mono_item,Lima - Callao,29.95,Power 59.90 N,Power 59.90 N
Netcall,1 sept 2026,8,914739916,9147399168165102874973,9283,Outbound,Portabilidad Postpago,EXPRESS,Logixtal,9348,CERRADAS,Entregado,Entregado,TLV_NET_DVALOI,SIM,1 sept 2026,1 sept 2026,02/09/2026,Sí,CERRADAS,2026-09-02 03:16:22,Monolínea,Mono_item,Tacna,29.95,Power 59.90 N,Power 59.90 N
Netcall,2 sept 2026,17,915352733,9153527338171295910940,9283,Outbound,Portabilidad Postpago,EXPRESS,Logixtal,9342,CERRADAS,Entregado,Entregado,NET_ATRIVINOS,SIM,2 sept 2026,2 sept 2026,null,No,CERRADAS,2026-09-03 01:48:13,Monolínea,Mono_item,Lima - Callao,null,Power ilim 79.90 SD N,Power ilim 79.90 SD N
Netcall,3 sept 2026,10,915640860,91564086089511710111071084855,9283,Outbound,Portabilidad Postpago,EXPRESS,Logixtal,9342,ABIERTAS,Entregado,Entregado,NET_JVELASQUEZS,SIM,3 sept 2026,null,null,No,ABIERTAS,null,Monolínea,Mono_item,Lima - Callao,null,null,null
Netcall,2 sept 2026,12,915283531,9152835318170570834298,9283,Outbound,Portabilidad Postpago,EXPRESS,Logixtal,9342,CERRADAS,Entregado,Entregado,NET_DVILLALOBOS,SIM,2 sept 2026,2 sept 2026,null,No,CERRADAS,2026-09-03 01:36:36,Monolínea,Mono_item,Lima - Callao,null,Power 59.90 N,Power 59.90 N
Netcall,2 sept 2026,12,915273031,9152730318170454171004,9283,Outbound,Portabilidad Postpago,EXPRESS,Logixtal,9342,CERRADAS,Entregado,Entregado,NET_EZEVALLOSZ,SIM,2 sept 2026,2 sept 2026,null,No,CERRADAS,2026-09-03 03:13:16,Monolínea,Mono_item,Lima - Callao,null,Power 59.90 N,Power 59.90 N
Netcall,1 sept 2026,13,914844705,9148447058166082418658,9283,Outbound,Portabilidad Postpago,EXPRESS,Logixtal,9342,CERRADAS,Entregado,Entregado,NET_MDIAZP,SIM,1 sept 2026,1 sept 2026,02/09/2026,Sí,CERRADAS,2026-09-02 01:19:56,Monolínea,Mono_item,Lima - Callao,34.95,Power ilim 69.90 N,Power ilim 69.90 N
Netcall,1 sept 2026,11,914814071,9148140718165758656671,9283,Outbound,Portabilidad Postpago,EXPRESS,Logixtal,9342,CERRADAS,Entregado,Entregado,NET_EMEDINAU,SIM,1 sept 2026,1 sept 2026,02/09/2026,Sí,CERRADAS,2026-09-02 00:36:43,Monolínea,Mono_item,Lima - Callao,39.95,Power ilim 79.90 SD N,Power ilim 79.90 SD N
Netcall,1 sept 2026,11,914808592,9148085928165709583088,9283,Outbound,Portabilidad Postpago,EXPRESS,Logixtal,9342,CERRADAS,Entregado,Entregado,NET_ATORRESP,SIM,1 sept 2026,1 sept 2026,02/09/2026,Sí,CERRADAS,2026-09-02 01:42:16,Monolínea,Mono_item,Lima - Callao,19.95,Power ilim 79.90 SD N,Power ilim 79.90 SD N
Netcall,1 sept 2026,17,914916374,9149163748166870200398,9283,Outbound,Portabilidad Postpago,PROGRAMADO,Logixtal,9342,CERRADAS,Entregado,Entregado,NET_BAPAZAB,SIM,2 sept 2026,2 sept 2026,null,No,CERRADAS,2026-09-03 00:44:10,Monolínea,Mono_item,Lima - Callao,null,Power 59.90 N,Power 59.90 N
Netcall,2 sept 2026,10,915243831,9152438318170167335353,9283,Outbound,Portabilidad Postpago,EXPRESS,Logixtal,9342,CERRADAS,Entregado,Entregado,NET_NCASTILLOF,SIM,2 sept 2026,2 sept 2026,null,No,CERRADAS,2026-09-03 01:52:43,Monolínea,Mono_item,Lima - Callao,null,Power 59.90 N,Power 59.90 N
Netcall,3 sept 2026,11,915667300,91566730089511710111070890450,9283,Outbound,Portabilidad Postpago,EXPRESS,Logixtal,9342,ABIERTAS,Entregado,Entregado,TLV_NET_KARANDA,SIM,3 sept 2026,null,null,No,ABIERTAS,null,Multilínea,Mono_item,Lima - Callao,null,null,null
Netcall,3 sept 2026,8,915614213,91561421389511710111070890005,9283,Outbound,Portabilidad Postpago,EXPRESS,Logixtal,9342,CANCELADAS,Pendiente Entrega,Pendiente de Picking,NET_JLUCIANOT,SIM,3 sept 2026,null,null,No,CANCELADAS,2026-09-03 12:01:23,Monolínea,Mono_item,Lima - Callao,null,null,null
Netcall,3 sept 2026,11,915669448,91566944889511710111070890443,9283,Outbound,Portabilidad Postpago,EXPRESS,Logixtal,9342,ABIERTAS,Entregado,Entregado,TLV_NET_KARANDA,SIM,3 sept 2026,null,null,No,ABIERTAS,null,Multilínea,Mono_item,Lima - Callao,null,null,null
Netcall,2 sept 2026,18,915379970,9153799708171576665354,9283,Outbound,Portabilidad Postpago,PROGRAMADO,Logixtal,9342,ABIERTAS,Pendiente Entrega,Pendiente Entrega,NET_SFARIASR,SIM,3 sept 2026,null,null,No,ABIERTAS,null,Monolínea,Mono_item,Lima - Callao,null,null,Power 59.90 N
Netcall,1 sept 2026,14,914858646,9148586468166234368676,9283,Outbound,Portabilidad Postpago,EXPRESS,Logixtal,9342,CERRADAS,Entregado,Entregado,NET_JIYASHAMAR,SIM,1 sept 2026,1 sept 2026,02/09/2026,Sí,CERRADAS,2026-09-02 00:10:18,Monolínea,Mono_item,Lima - Callao,39.95,Power ilim 79.90 SD N,Power ilim 79.90 SD N
Netcall,1 sept 2026,10,914792018,9147920188165541682680,9283,Outbound,Portabilidad Postpago,EXPRESS,Logixtal,9342,CERRADAS,Entregado,Entregado,NET_LCAMPOSCABR,SIM,1 sept 2026,1 sept 2026,02/09/2026,Sí,CERRADAS,2026-09-02 00:15:32,Monolínea,Mono_item,Lima - Callao,29.95,Power 59.90 N,Power 59.90 N
Netcall,3 sept 2026,10,915641331,91564133189511710111071084848,9283,Outbound,Venta Regular / Alta,EXPRESS,Logixtal,9342,CANCELADAS,Pendiente Entrega,Pendiente de Picking,NET_JIYASHAMAR,SIM,3 sept 2026,null,null,No,CANCELADAS,2026-09-03 11:53:21,Monolínea,Mono_item,Lima - Callao,null,null,null
Netcall,2 sept 2026,12,915274850,9152748508170475144652,9271,Outbound,Portabilidad Postpago,EXPRESS,Logixtal,9342,ABIERTAS,Pendiente Entrega,Pendiente Entrega,NET_CREYESJ,SIM,2 sept 2026,null,null,No,ABIERTAS,null,Monolínea,Mono_item,Lima - Callao,null,null,Power 59.90 N
Netcall,2 sept 2026,17,915361478,9153614788171390117753,9283,Outbound,Portabilidad Postpago,EXPRESS,Logixtal,9342,CERRADAS,Entregado,Entregado,NET_JSANGAMA,SIM,2 sept 2026,2 sept 2026,null,No,CERRADAS,2026-09-03 01:12:12,Multilínea,Multi_item,Lima - Callao,null,Power 39.90 N,Power 39.90 N
Netcall,2 sept 2026,17,915354095,9153540958171311957481,9283,Outbound,Portabilidad Postpago,EXPRESS,Logixtal,9342,CERRADAS,Entregado,Entregado,NET_ATRIVINOS,SIM,2 sept 2026,2 sept 2026,null,No,CERRADAS,2026-09-03 01:31:15,Monolínea,Mono_item,Lima - Callao,null,Power ilim 79.90 SD N,Power ilim 79.90 SD N
Netcall,3 sept 2026,8,915614656,91561465689511710111071084871,9283,Outbound,Portabilidad Postpago,EXPRESS,Logixtal,9342,ABIERTAS,Entregado,Entregado,NET_DMORENOL,SIM,3 sept 2026,null,null,No,ABIERTAS,null,Monolínea,Mono_item,Lima - Callao,null,null,null
Netcall,2 sept 2026,17,915361478,9153614788171390117980,9283,Outbound,Portabilidad Postpago,EXPRESS,Logixtal,9342,CERRADAS,Entregado,Entregado,NET_JSANGAMA,SIM,2 sept 2026,2 sept 2026,null,No,CERRADAS,2026-09-03 01:12:12,Multilínea,Multi_item,Lima - Callao,null,Power 39.90 N,Power 39.90 N
Netcall,2 sept 2026,16,915339634,9153396348171161359356,9283,Outbound,Portabilidad Postpago,EXPRESS,Logixtal,9342,CERRADAS,Entregado,Entregado,NET_CDACHAC,SIM,2 sept 2026,2 sept 2026,null,No,CERRADAS,2026-09-03 03:34:16,Monolínea,Mono_item,Lima - Callao,null,Power 59.90 N,Power 59.90 N
Netcall,3 sept 2026,12,915686653,91568665389511710111071093906,9283,Outbound,Portabilidad Postpago,EXPRESS,Logixtal,9342,ABIERTAS,Entregado,Entregado,NET_YMILLA,SIM,3 sept 2026,null,null,No,ABIERTAS,null,Multilínea,Mono_item,Lima - Callao,null,null,null
Netcall,2 sept 2026,14,915309615,915309615,9283,Outbound,Portabilidad Postpago,EXPRESS,Logixtal,9342,CERRADAS,Entregado,Entregado,NET_LMARTINEZAR,SIM,2 sept 2026,2 sept 2026,null,No,CERRADAS,2026-09-03 00:08:47,Monolínea,Mono_item,Lima - Callao,null,Power ilim 79.90 SD N,null
Netcall,3 sept 2026,12,915685252,91568525289511710111071093914,9283,Outbound,Portabilidad Postpago,EXPRESS,Logixtal,9342,ABIERTAS,Entregado,Entregado,NET_YMILLA,SIM,3 sept 2026,null,null,No,ABIERTAS,null,Multilínea,Mono_item,Lima - Callao,null,null,null
Netcall,1 sept 2026,14,914864652,9148646528166297241558,9283,Outbound,Portabilidad Postpago,EXPRESS,Logixtal,9342,CERRADAS,Entregado,Entregado,NET_JIYASHAMAR,SIM,1 sept 2026,1 sept 2026,02/09/2026,Sí,CERRADAS,2026-09-02 00:40:19,Monolínea,Mono_item,Lima - Callao,39.95,Power ilim 79.90 SD N,Power ilim 79.90 SD N
Netcall,2 sept 2026,11,915257469,9152574698170299614042,9283,Outbound,Portabilidad Postpago,PROGRAMADO,Logixtal,5024,ABIERTAS,Pendiente Entrega,Pendiente Entrega,NET_SCANTOT,SIM,8 sept 2026,null,null,No,ABIERTAS,null,Multilínea,Mono_item,Lambayeque,null,null,Power ilim 79.90 SD N
Netcall,2 sept 2026,11,915255879,9152558798170285566613,9283,Outbound,Portabilidad Postpago,PROGRAMADO,Logixtal,5024,ABIERTAS,Pendiente Entrega,Pendiente Entrega,NET_SCANTOT,SIM,8 sept 2026,null,null,No,ABIERTAS,null,Multilínea,Mono_item,Lambayeque,null,null,Power ilim 79.90 SD N
Netcall,3 sept 2026,9,915631969,91563196989511710111068655501,9283,Outbound,Portabilidad Postpago,PROGRAMADO,Logixtal,5024,ABIERTAS,Pendiente Entrega,Pendiente de Picking,NET_KCEVEDONB,SIM,8 sept 2026,null,null,No,ABIERTAS,null,Monolínea,Mono_item,Lambayeque,null,null,null
Netcall,1 sept 2026,15,914864789,914864789,9283,Outbound,Portabilidad Postpago,PROGRAMADO,Logixtal,5023,CERRADAS,Entregado,Entregado,NET_DDEPINHOZ,SIM,2 sept 2026,2 sept 2026,null,No,CERRADAS,2026-09-03 00:37:48,Multilínea,Mono_item,La Libertad,null,Power ilim 79.90 SD N,null
Netcall,1 sept 2026,15,914872066,914872066,9283,Outbound,Portabilidad Postpago,PROGRAMADO,Logixtal,5023,CERRADAS,Entregado,Entregado,NET_DDEPINHOZ,SIM,2 sept 2026,2 sept 2026,null,No,CERRADAS,2026-09-03 00:24:53,Multilínea,Mono_item,La Libertad,null,Power ilim 79.90 SD N,null
Netcall,1 sept 2026,15,914870845,9148708458166365180603,9283,Outbound,Portabilidad Postpago,PROGRAMADO,Logixtal,5023,CERRADAS,Entregado,Entregado,NET_DDEPINHOZ,SIM,2 sept 2026,2 sept 2026,null,No,CERRADAS,2026-09-03 00:53:43,Multilínea,Mono_item,La Libertad,null,Power ilim 79.90 SD N,Power ilim 79.90 SD N
Netcall,1 sept 2026,15,914873119,9148731198166383282503,9283,Outbound,Portabilidad Postpago,PROGRAMADO,Logixtal,5023,CERRADAS,Entregado,Entregado,NET_DDEPINHOZ,SIM,2 sept 2026,2 sept 2026,null,No,CERRADAS,2026-09-03 03:30:31,Multilínea,Mono_item,La Libertad,null,Power ilim 79.90 SD N,Power ilim 79.90 SD N
Netcall,1 sept 2026,13,914849615,9148496158166135398907,9283,Outbound,Portabilidad Postpago,EXPRESS,Logixtal,9345,CANCELADAS,Anulado,DIRECCIÓN ERRADA,NET_CJCASTILLOM,SIM,1 sept 2026,null,null,No,CANCELADAS,2026-09-02 11:54:18,Monolínea,Mono_item,Ica,null,null,Power 59.90 N
Netcall,1 sept 2026,9,914767552,9147675528165309007671,9283,Outbound,Portabilidad Postpago,EXPRESS,Logixtal,9345,CERRADAS,Entregado,Entregado,NET_ECARRETEROH,SIM,1 sept 2026,1 sept 2026,02/09/2026,Sí,CERRADAS,2026-09-02 01:03:03,Monolínea,Mono_item,Ica,34.95,Power ilim 69.90 N,Power ilim 69.90 N
Netcall,2 sept 2026,10,915228031,9152280318170020897519,9283,Outbound,Portabilidad Postpago,PROGRAMADO,Logixtal,9345,ABIERTAS,Pendiente Entrega,Pendiente Entrega,NET_LMUSAYONS,SIM,3 sept 2026,null,null,No,ABIERTAS,null,Monolínea,Mono_item,Ica,null,null,Power 59.90 N
Netcall,2 sept 2026,13,915297721,9152977218170720021473,9283,Outbound,Portabilidad Postpago,EXPRESS,Logixtal,9345,CERRADAS,Entregado,Entregado,NET_BCUSQUISIVA,SIM,2 sept 2026,2 sept 2026,null,No,CERRADAS,2026-09-03 01:09:50,Multilínea,Mono_item,Ica,null,Power ilim 79.90 SD N,Power ilim 79.90 SD N
Netcall,3 sept 2026,12,915676472,91567647289511710111070910183,9283,Outbound,Portabilidad Postpago,EXPRESS,Retiro en tienda,9345,ABIERTAS,Entregado,Entregado,NET_CLOPEZA,SIM,3 sept 2026,null,null,No,ABIERTAS,null,Monolínea,Mono_item,Ica,null,null,null
Netcall,2 sept 2026,13,915300412,9153004128170750215659,9283,Outbound,Venta Regular / Alta,EXPRESS,Logixtal,9345,CERRADAS,Entregado,Entregado,NET_BCUSQUISIVA,SIM,2 sept 2026,2 sept 2026,02/09/2026,Sí,CERRADAS,2026-09-02 15:42:47,Multilínea,Mono_item,Ica,39.95,Power ilim 79.90 SD N,Power ilim 79.90 SD N
Netcall,2 sept 2026,13,915297606,9152976068170720950576,5299,Outbound,Portabilidad Postpago,EXPRESS,Logixtal,9345,CANCELADAS,Anulado,CLIENTE YA NO DESEA PRODUCTO,NET_AEREYES,SIM,2 sept 2026,null,null,No,CANCELADAS,2026-09-02 16:02:37,Monolínea,Mono_item,Ica,null,null,Power ilim 69.90 N
Netcall,3 sept 2026,11,915663465,91566346589511710111069279236,9283,Outbound,Portabilidad Postpago,EXPRESS,Retiro en tienda,9345,ABIERTAS,Entregado,Entregado,NET_KDIAZPISCOY,SIM,3 sept 2026,null,null,No,ABIERTAS,null,Multilínea,Mono_item,Ica,null,null,null
Netcall,1 sept 2026,14,914855839,9148558398166202731636,9283,Outbound,Portabilidad Prepago,EXPRESS,Logixtal,9345,CERRADAS,Entregado,Entregado,NET_KAGRAMONTEM,SIM,1 sept 2026,1 sept 2026,02/09/2026,Sí,CERRADAS,2026-09-02 01:48:48,Multilínea,Mono_item,Ica,39.95,Power ilim 79.90 SD N,Power ilim 79.90 SD N
Netcall,3 sept 2026,15,915723333,915723333Empty,9283,Outbound,Portabilidad Postpago,EXPRESS,Retiro en tienda,9345,ABIERTAS,Pendiente Entrega,Pendiente Entrega,NET_YFLORESR,SIM,3 sept 2026,null,null,No,ABIERTAS,null,Multilínea,Mono_item,Ica,null,null,null
Netcall,3 sept 2026,11,915661822,91566182289511710111069281026,9283,Outbound,Portabilidad Postpago,EXPRESS,Retiro en tienda,9345,ABIERTAS,Entregado,Entregado,NET_KDIAZPISCOY,SIM,3 sept 2026,null,null,No,ABIERTAS,null,Multilínea,Mono_item,Ica,null,null,null
Netcall,2 sept 2026,16,915343584,9153435848171201498752,9271,Outbound,Portabilidad Postpago,EXPRESS,Logixtal,9345,ABIERTAS,Entregado,Entregado,NET_JAREVALOC,SIM,2 sept 2026,2 sept 2026,null,No,ABIERTAS,null,Monolínea,Mono_item,Ica,null,null,Power 59.90 N
Netcall,1 sept 2026,14,914857318,9148573188166222163137,9283,Outbound,Portabilidad Postpago,EXPRESS,Logixtal,9345,CERRADAS,Entregado,Entregado,NET_KAGRAMONTEM,SIM,1 sept 2026,1 sept 2026,02/09/2026,Sí,CERRADAS,2026-09-02 01:33:38,Multilínea,Mono_item,Ica,19.95,Power ilim 79.90 SD N,Power ilim 79.90 SD N
Netcall,1 sept 2026,13,914848483,9148484838166125114768,9283,Outbound,Portabilidad Postpago,EXPRESS,Logixtal,9345,CERRADAS,Entregado,Entregado,NET_TVASQUEZANG,SIM,1 sept 2026,1 sept 2026,02/09/2026,Sí,CERRADAS,2026-09-02 01:04:09,Monolínea,Mono_item,Ica,29.95,Power 59.90 N,Power 59.90 N
Netcall,2 sept 2026,13,915298845,9152988458170726796230,9283,Outbound,Portabilidad Postpago,EXPRESS,Logixtal,9345,CERRADAS,Entregado,Entregado,NET_BCUSQUISIVA,SIM,2 sept 2026,2 sept 2026,null,No,CERRADAS,2026-09-03 01:36:05,Multilínea,Mono_item,Ica,null,Power ilim 79.90 SD N,Power ilim 79.90 SD N
Netcall,1 sept 2026,9,914773302,9147733028165369302963,9271,Outbound,Portabilidad Postpago,EXPRESS,Logixtal,9345,CERRADAS,Entregado,Entregado,NET_HJUNCOT,SIM,1 sept 2026,1 sept 2026,02/09/2026,Sí,CERRADAS,2026-09-02 00:58:16,Monolínea,Mono_item,Ica,39.95,Power ilim 79.90 SD N,Power ilim 79.90 SD N
Netcall,3 sept 2026,11,915660120,91566012089511710111070910191,9283,Outbound,Portabilidad Postpago,EXPRESS,Retiro en tienda,9345,ABIERTAS,Entregado,Entregado,NET_DREVILLAN,SIM,3 sept 2026,null,null,No,ABIERTAS,null,Monolínea,Mono_item,Ica,null,null,null
Netcall,3 sept 2026,15,915723289,915723289Empty,9283,Outbound,Portabilidad Postpago,EXPRESS,Retiro en tienda,9345,ABIERTAS,Pendiente Entrega,Pendiente Entrega,NET_YFLORESR,SIM,3 sept 2026,null,null,No,ABIERTAS,null,Multilínea,Mono_item,Ica,null,null,null
Netcall,3 sept 2026,12,915686270,915686270Empty,9271,Outbound,Portabilidad Postpago,RETIRO EN TIENDA,Retiro en tienda,3076,ABIERTAS,Pendiente Entrega,Pendiente Entrega,NET_KLGARCIAA,SIM,3 sept 2026,null,null,No,ABIERTAS,null,Monolínea,Mono_item,Ica,null,null,null
Netcall,1 sept 2026,13,914836791,9148367918166000484990,9283,Outbound,Portabilidad Postpago,RETIRO EN TIENDA,Retiro en tienda,3076,CERRADAS,Entregado,Entregado,NET_ECARRETEROH,SIM,1 sept 2026,1 sept 2026,02/09/2026,Sí,CERRADAS,2026-09-02 01:42:20,Monolínea,Mono_item,Ica,29.95,Power 59.90 N,Power 59.90 N
Netcall,1 sept 2026,17,914922094,9149220948166920670588,9283,Outbound,Portabilidad Postpago,RETIRO EN TIENDA,Retiro en tienda,3076,ABIERTAS,Pendiente Entrega,Pendiente Entrega,NET_AAYAURIO,SIM,1 sept 2026,null,null,No,ABIERTAS,null,Monolínea,Mono_item,Ica,null,null,Power ilim 79.90 SD N
Netcall,2 sept 2026,12,915272122,9152721228170443884071,9283,Outbound,Portabilidad Postpago,EXPRESS,Logixtal,9344,CANCELADAS,Anulado,NO SE CUBRE ZONA,NET_YRUEDAMONDR,SIM,2 sept 2026,null,null,No,CANCELADAS,2026-09-02 12:46:20,Monolínea,Mono_item,Ancash,null,null,Power ilim 79.90 SD N
Netcall,1 sept 2026,13,914837416,9148374168166002753897,9283,Outbound,Portabilidad Postpago,EXPRESS,Logixtal,9344,CERRADAS,Entregado,Entregado,NET_MCVASQUEZ,SIM,1 sept 2026,1 sept 2026,02/09/2026,Sí,CERRADAS,2026-09-02 00:17:08,Monolínea,Mono_item,Ancash,34.95,Power ilim 69.90 N,Power ilim 69.90 N
Netcall,1 sept 2026,12,914826753,9148267538165915417988,9283,Outbound,Portabilidad Postpago,EXPRESS,Logixtal,9344,CERRADAS,Entregado,Entregado,NET_SRUIZS,SIM,1 sept 2026,1 sept 2026,02/09/2026,Sí,CERRADAS,2026-09-02 00:05:56,Monolínea,Mono_item,Ancash,19.95,Power 59.90 N,Power 59.90 N
Netcall,2 sept 2026,15,915330845,9153308458171067103953,9283,Outbound,Portabilidad Postpago,EXPRESS,Logixtal,9344,CERRADAS,Entregado,Entregado,NET_DREVILLAN,SIM,2 sept 2026,2 sept 2026,null,No,CERRADAS,2026-09-03 01:37:53,Monolínea,Mono_item,Ancash,null,Power 59.90 N,Power 59.90 N
Netcall,3 sept 2026,14,915718192,915718192Empty,9271,Outbound,Venta Regular / Alta,EXPRESS,Retiro en tienda,9344,ABIERTAS,Pendiente Entrega,Pendiente Entrega,NET_STANANTAM,SIM,3 sept 2026,null,null,No,ABIERTAS,null,Multilínea,Mono_item,Ancash,null,null,null
Netcall,1 sept 2026,13,914851875,9148518758166160536042,9271,Outbound,Portabilidad Postpago,EXPRESS,Logixtal,9344,ABIERTAS,Pendiente Entrega,Pendiente Entrega,NET_MRUIZSANCHC,SIM,1 sept 2026,null,null,No,ABIERTAS,null,Monolínea,Mono_item,Ancash,null,null,Power 59.90 N
Netcall,1 sept 2026,16,914895831,9148958318166644530250,9283,Outbound,Venta Regular / Alta,EXPRESS,Logixtal,9344,CERRADAS,Entregado,Entregado,NET_JVMORENO,SIM,1 sept 2026,1 sept 2026,01/09/2026,Sí,CERRADAS,2026-09-01 22:35:32,Multilínea,Mono_item,Ancash,39.95,Power ilim 79.90 SD N,Power ilim 79.90 SD N
Netcall,1 sept 2026,19,914950238,9149502388167207312684,9283,Outbound,Portabilidad Postpago,PROGRAMADO,Logixtal,9344,CERRADAS,Entregado,Entregado,NET_SPALACIOSA,SIM,2 sept 2026,2 sept 2026,null,No,CERRADAS,2026-09-03 00:46:47,Multilínea,Multi_item,Ancash,null,Power ilim 79.90 SD N,Power ilim 79.90 SD N
Netcall,2 sept 2026,12,915278285,915278285,9271,Outbound,Portabilidad Postpago,EXPRESS,Logixtal,9344,CERRADAS,Entregado,Entregado,NET_CDACHAC,SIM,2 sept 2026,2 sept 2026,null,No,CERRADAS,2026-09-03 00:33:59,Monolínea,Mono_item,Ancash,null,Power ilim 79.90 SD N,null
Netcall,1 sept 2026,19,914950238,9149502388167207312465,9283,Outbound,Portabilidad Postpago,PROGRAMADO,Logixtal,9344,CERRADAS,Entregado,Entregado,NET_SPALACIOSA,SIM,2 sept 2026,2 sept 2026,null,No,CERRADAS,2026-09-03 00:46:47,Multilínea,Multi_item,Ancash,null,Power ilim 79.90 SD N,Power ilim 79.90 SD N
Netcall,1 sept 2026,9,914774772,9147747728165378587778,9283,Outbound,Portabilidad Postpago,EXPRESS,Logixtal,9344,CERRADAS,Entregado,Entregado,NET_YCHAVEZ,SIM,1 sept 2026,1 sept 2026,02/09/2026,Sí,CERRADAS,2026-09-02 03:20:57,Multilínea,Multi_item,Ancash,19.95,Power ilim 79.90 SD N,Power ilim 79.90 SD N
Netcall,3 sept 2026,9,915625944,915625944Empty,9283,Outbound,Portabilidad Postpago,PROGRAMADO,Retiro en tienda,9344,ABIERTAS,Pendiente Entrega,Pendiente Entrega,TLV_NET_BRAMIRE,SIM,5 sept 2026,null,null,No,ABIERTAS,null,Monolínea,Mono_item,Ancash,null,null,null
Netcall,2 sept 2026,10,915228576,9152285768170023222292,9271,Outbound,Venta Regular / Alta,PROGRAMADO,Logixtal,9344,ABIERTAS,Pendiente Entrega,Pendiente Entrega,NET_DMALCAD,SIM,4 sept 2026,null,null,No,ABIERTAS,null,Multilínea,Mono_item,Ancash,null,null,Power 59.90 N
Netcall,2 sept 2026,10,915227830,9152278308170015282816,9271,Outbound,Portabilidad Postpago,PROGRAMADO,Logixtal,9344,ABIERTAS,Pendiente Entrega,Pendiente Entrega,NET_DMALCAD,SIM,4 sept 2026,null,null,No,ABIERTAS,null,Multilínea,Mono_item,Ancash,null,null,Power 59.90 N
Netcall,1 sept 2026,17,914910869,9149108698166808184653,9283,Outbound,Portabilidad Postpago,PROGRAMADO,Logixtal,9344,CERRADAS,Entregado,Entregado,NET_ATORRESP,SIM,2 sept 2026,2 sept 2026,null,No,CERRADAS,2026-09-03 01:11:47,Monolínea,Mono_item,Ancash,null,Power ilim 79.90 SD N,Power ilim 79.90 SD N
Netcall,1 sept 2026,14,914857988,914857988,9283,Outbound,Portabilidad Postpago,EXPRESS,Logixtal,9344,CERRADAS,Entregado,Entregado,NET_STAVARALIVI,SIM,1 sept 2026,1 sept 2026,null,No,CERRADAS,2026-09-03 00:34:26,Monolínea,Mono_item,Ancash,null,Power ilim 79.90 SD N,null
Netcall,3 sept 2026,10,915645040,91564504089511710111069189864,9283,Outbound,Portabilidad Postpago,EXPRESS,Retiro en tienda,9344,ABIERTAS,Pendiente Entrega,Pendiente Entrega,NET_LFIESTASG,SIM,3 sept 2026,null,null,No,ABIERTAS,null,Monolínea,Mono_item,Ancash,null,null,null
Netcall,2 sept 2026,11,915255417,9152554178170280793789,9283,Outbound,Portabilidad Postpago,EXPRESS,Logixtal,9344,ABIERTAS,Pendiente Entrega,Pendiente Entrega,NET_ECHEROS,SIM,2 sept 2026,null,null,No,ABIERTAS,null,Monolínea,Mono_item,Ancash,null,null,Power ilim 79.90 SD N
Netcall,2 sept 2026,17,915355941,9153559418171330634441,9283,Outbound,Portabilidad Postpago,PROGRAMADO,Logixtal,9344,ABIERTAS,Pendiente Entrega,Pendiente Entrega,NET_MORIHUELAQ,SIM,3 sept 2026,null,null,No,ABIERTAS,null,Monolínea,Mono_item,Ancash,null,null,Power ilim 79.90 SD N
Netcall,2 sept 2026,14,915301300,9153013008170765133517,9271,Outbound,Portabilidad Postpago,EXPRESS,Logixtal,9344,CERRADAS,Entregado,Entregado,NET_CGRANADOSC,SIM,2 sept 2026,2 sept 2026,null,No,CERRADAS,2026-09-03 01:18:35,Monolínea,Mono_item,Ancash,null,Power 39.90 N,Power 39.90 N
Netcall,1 sept 2026,11,914799846,9147998468165621213450,9283,Outbound,Portabilidad Postpago,EXPRESS,Logixtal,9344,ABIERTAS,Anulado,CLIENTE AUSENTE,NET_AHUAMANZ,SIM,1 sept 2026,null,null,No,ABIERTAS,null,Monolínea,Mono_item,Ancash,null,null,Power 59.90 N
Netcall,3 sept 2026,11,915668839,91566883989511710111069188049,9283,Outbound,Portabilidad Postpago,EXPRESS,Retiro en tienda,9344,ABIERTAS,Entregado,Entregado,NET_TMUNOZCALDE,SIM,3 sept 2026,null,null,No,ABIERTAS,null,Monolínea,Mono_item,Ancash,null,null,null
Netcall,3 sept 2026,13,915707550,915707550Empty,9283,Outbound,Portabilidad Postpago,EXPRESS,Retiro en tienda,9344,ABIERTAS,Pendiente Entrega,Pendiente Entrega,NET_JCALDASB,SIM,3 sept 2026,null,null,No,ABIERTAS,null,Monolínea,Mono_item,Ancash,null,null,null
Netcall,1 sept 2026,9,914762603,9147626038165268377283,9283,Outbound,Portabilidad Postpago,EXPRESS,Logixtal,9344,CERRADAS,Entregado,Entregado,NET_HEULOGIO,SIM,1 sept 2026,2 sept 2026,null,No,CERRADAS,2026-09-03 01:05:55,Monolínea,Mono_item,Ancash,null,Power ilim 99.90 SD N,Power ilim 99.90 SD N
Netcall,3 sept 2026,10,915637484,91563748489511710111069189955,9283,Outbound,Portabilidad Postpago,EXPRESS,Retiro en tienda,9344,ABIERTAS,Entregado,Entregado,NET_WBENITESA,SIM,3 sept 2026,null,null,No,ABIERTAS,null,Monolínea,Mono_item,Ancash,null,null,null
Netcall,1 sept 2026,9,914774772,9147747728165378587559,9283,Outbound,Portabilidad Postpago,EXPRESS,Logixtal,9344,CERRADAS,Entregado,Entregado,NET_YCHAVEZ,SIM,1 sept 2026,1 sept 2026,02/09/2026,Sí,CERRADAS,2026-09-02 03:20:57,Multilínea,Multi_item,Ancash,19.95,Power ilim 79.90 SD N,Power ilim 79.90 SD N
Netcall,2 sept 2026,16,915336363,9153363638171122803081,9283,Outbound,Portabilidad Postpago,PROGRAMADO,Logixtal,9344,ABIERTAS,Pendiente Entrega,Pendiente Entrega,NET_JROMEROC,SIM,3 sept 2026,null,null,No,ABIERTAS,null,Monolínea,Mono_item,Ancash,null,null,Power ilim 69.90 N
Netcall,2 sept 2026,20,915414123,9154141238171931324756,9283,Outbound,Portabilidad Postpago,PROGRAMADO,Logixtal,9344,ABIERTAS,Pendiente Entrega,Pendiente Entrega,NET_EAYALAE,SIM,3 sept 2026,null,null,No,ABIERTAS,null,Monolínea,Mono_item,Ancash,null,null,Power 59.90 N
Netcall,2 sept 2026,14,915312027,915312027,9283,Outbound,Portabilidad Postpago,EXPRESS,Logixtal,9344,CERRADAS,Entregado,Entregado,NET_YHUAMAN,SIM,2 sept 2026,2 sept 2026,null,No,CERRADAS,2026-09-03 00:17:40,Monolínea,Mono_item,Ancash,null,Power 59.90 N,null
Netcall,1 sept 2026,12,914819448,9148194488165816676315,9283,Outbound,Portabilidad Postpago,PROGRAMADO,Logixtal,9344,CANCELADAS,Cancelado,CANCELADA EN OMNIX,NET_EGOMEZB,SIM,3 sept 2026,null,null,No,CANCELADAS,2026-09-02 14:28:35,Monolínea,Mono_item,Ancash,null,null,Power ilim 79.90 SD N
Netcall,1 sept 2026,18,914940392,9149403928167104794770,9283,Outbound,Portabilidad Postpago,PROGRAMADO,Logixtal,9344,ABIERTAS,Anulado,CLIENTE AUSENTE,NET_YPEREZV,SIM,2 sept 2026,null,null,No,ABIERTAS,null,Monolínea,Mono_item,Ancash,null,null,Power ilim 69.90 N
Netcall,3 sept 2026,14,915719113,915719113Empty,9271,Outbound,Portabilidad Postpago,EXPRESS,Retiro en tienda,9344,ABIERTAS,Pendiente Entrega,Pendiente Entrega,NET_STANANTAM,SIM,3 sept 2026,null,null,No,ABIERTAS,null,Multilínea,Mono_item,Ancash,null,null,null
Netcall,1 sept 2026,16,914894451,9148944518166627193132,9283,Outbound,Portabilidad Postpago,EXPRESS,Logixtal,9344,CERRADAS,Entregado,Entregado,NET_JVMORENO,SIM,1 sept 2026,1 sept 2026,null,No,CERRADAS,2026-09-03 03:34:13,Multilínea,Mono_item,Ancash,null,Power ilim 79.90 SD N,Power ilim 79.90 SD N
Netcall,1 sept 2026,10,914792093,9147920938165538988103,9283,Outbound,Portabilidad Postpago,EXPRESS,Logixtal,9344,CERRADAS,Entregado,Entregado,NET_MORIHUELAQ,SIM,1 sept 2026,1 sept 2026,02/09/2026,Sí,CERRADAS,2026-09-02 00:39:30,Monolínea,Mono_item,Ancash,39.95,Power ilim 79.90 SD N,Power ilim 79.90 SD N
Netcall,1 sept 2026,9,914775741,9147757418165388086054,9283,Outbound,Portabilidad Postpago,EXPRESS,Logixtal,9344,CERRADAS,Entregado,Entregado,NET_YCHAVEZ,SIM,1 sept 2026,1 sept 2026,02/09/2026,Sí,CERRADAS,2026-09-02 01:54:00,Multilínea,Mono_item,Ancash,39.95,Power ilim 79.90 SD N,Power ilim 79.90 SD N
Netcall,2 sept 2026,9,915218069,9152180698169916595808,9283,Outbound,Portabilidad Postpago,EXPRESS,Logixtal,9344,CERRADAS,Entregado,Entregado,NET_SLAZOB,SIM,2 sept 2026,2 sept 2026,null,No,CERRADAS,2026-09-03 00:43:51,Multilínea,Mono_item,Ancash,null,Power ilim 79.90 SD N,Power ilim 79.90 SD N
Netcall,2 sept 2026,9,915218976,915218976,9283,Outbound,Portabilidad Postpago,EXPRESS,Logixtal,9344,CERRADAS,Entregado,Entregado,NET_SLAZOB,SIM,2 sept 2026,2 sept 2026,null,No,CERRADAS,2026-09-03 00:06:07,Multilínea,Mono_item,Ancash,null,Power ilim 79.90 SD N,null
Netcall,2 sept 2026,9,915219858,9152198588169932713201,9283,Outbound,Portabilidad Postpago,EXPRESS,Logixtal,9344,CERRADAS,Entregado,Entregado,NET_SLAZOB,SIM,2 sept 2026,2 sept 2026,null,No,CERRADAS,2026-09-03 01:02:16,Multilínea,Mono_item,Ancash,null,Power ilim 79.90 SD N,Power ilim 79.90 SD N
Netcall,1 sept 2026,13,914851692,9148516928166154104399,9271,Outbound,Portabilidad Postpago,EXPRESS,Logixtal,9344,CERRADAS,Entregado,Entregado,NET_LGOMEZA,SIM,1 sept 2026,1 sept 2026,02/09/2026,Sí,CERRADAS,2026-09-02 01:33:22,Monolínea,Mono_item,Ancash,39.95,Power ilim 79.90 SD N,Power ilim 79.90 SD N
Netcall,2 sept 2026,15,915328865,9153288658171050154608,9283,Outbound,Portabilidad Postpago,PROGRAMADO,Logixtal,9001,ABIERTAS,Pendiente Entrega,Pendiente Entrega,TLV_NET_MFARFAN,SIM,5 sept 2026,null,null,No,ABIERTAS,null,Multilínea,Mono_item,Lima - Callao,null,null,Power ilim 79.90 SD N
Netcall,1 sept 2026,10,914794998,9147949988165571003962,9283,Outbound,Portabilidad Postpago,PROGRAMADO,Logixtal,9346,ABIERTAS,Pendiente Entrega,Pendiente Entrega,NET_CCOBENAM,SIM,2 sept 2026,null,null,No,ABIERTAS,null,Multilínea,Mono_item,Junin,null,null,Power ilim 79.90 SD N
Netcall,2 sept 2026,11,915256807,9152568078170293392660,9283,Outbound,Portabilidad Postpago,EXPRESS,Logixtal,9346,CERRADAS,Entregado,Entregado,TLV_NET_JPENAM,SIM,2 sept 2026,2 sept 2026,null,No,CERRADAS,2026-09-03 01:19:57,Monolínea,Mono_item,Junin,null,Power ilim 79.90 SD N,Power ilim 79.90 SD N
Netcall,2 sept 2026,9,915221696,915221696,9271,Outbound,Portabilidad Postpago,EXPRESS,Logixtal,9346,CERRADAS,Entregado,Entregado,NET_LNECIOSUPC,SIM,2 sept 2026,2 sept 2026,null,No,CERRADAS,2026-09-03 00:39:51,Multilínea,Mono_item,Junin,null,Power ilim 79.90 SD N,null
Netcall,2 sept 2026,10,915232449,915232449,9283,Outbound,Portabilidad Postpago,EXPRESS,Logixtal,9346,CERRADAS,Entregado,Entregado,NET_EZAPATAC,SIM,2 sept 2026,2 sept 2026,null,No,CERRADAS,2026-09-03 00:21:23,Monolínea,Mono_item,Junin,null,Power 59.90 N,null
Netcall,1 sept 2026,13,914837954,9148379548166006742706,5299,Outbound,Venta Regular / Alta,PROGRAMADO,Logixtal,9001,ABIERTAS,Pendiente Entrega,Pendiente Entrega,NET_RCANDIOTTIA,SIM,3 sept 2026,null,null,No,ABIERTAS,null,Multilínea,Mono_item,Lima - Callao,null,null,Power 39.90 N
Netcall,2 sept 2026,12,915269644,9152696448170420298016,9283,Outbound,Portabilidad Postpago,PROGRAMADO,Logixtal,9001,ABIERTAS,Pendiente Entrega,Pendiente Entrega,NET_AJSANCHEZR,SIM,3 sept 2026,null,null,No,ABIERTAS,null,Multilínea,Multi_item,Lima - Callao,null,null,Power ilim 79.90 SD N
Netcall,2 sept 2026,9,915220852,9152208528169942122681,9283,Outbound,Portabilidad Postpago,EXPRESS,Logixtal,9346,CERRADAS,Entregado,Entregado,NET_ARIVERA,SIM,2 sept 2026,2 sept 2026,null,No,CERRADAS,2026-09-03 02:07:37,Monolínea,Mono_item,Junin,null,Power 59.90 N,Power 59.90 N
Netcall,2 sept 2026,15,915330090,9153300908171060521695,9283,Outbound,Venta Regular / Alta,PROGRAMADO,Logixtal,9001,ABIERTAS,Pendiente Entrega,Pendiente Entrega,TLV_NET_MFARFAN,SIM,5 sept 2026,null,null,No,ABIERTAS,null,Multilínea,Mono_item,Lima - Callao,null,null,Power ilim 79.90 SD N
Netcall,2 sept 2026,12,915269644,9152696448170420290797,9283,Outbound,Portabilidad Postpago,PROGRAMADO,Logixtal,9001,ABIERTAS,Pendiente Entrega,Pendiente Entrega,NET_AJSANCHEZR,SIM,3 sept 2026,null,null,No,ABIERTAS,null,Multilínea,Multi_item,Lima - Callao,null,null,Power ilim 79.90 SD N
Netcall,2 sept 2026,15,915327311,9153273118171027825604,9283,Outbound,Portabilidad Postpago,EXPRESS,Logixtal,9346,CANCELADAS,Anulado,PIN PORTA_CLIENTE RECHAZA,NET_GMENDIGUETE,SIM,2 sept 2026,null,null,No,CANCELADAS,2026-09-02 16:42:40,Monolínea,Mono_item,Junin,null,null,Power ilim 69.90 N
Netcall,1 sept 2026,15,914869464,9148694648166353820591,9283,Outbound,Portabilidad Postpago,EXPRESS,Logixtal,9346,CANCELADAS,Anulado,CLIENTE DESISTE - NO BRINDA MOTIVOS,NET_ATORRESP,SIM,1 sept 2026,null,null,No,CANCELADAS,2026-09-02 09:01:40,Monolínea,Mono_item,Junin,null,null,Power 59.90 N
Netcall,1 sept 2026,12,914834530,9148345308165970275334,9283,Outbound,Portabilidad Postpago,EXPRESS,Logixtal,9346,CERRADAS,Entregado,Entregado,NET_YACHOM,SIM,1 sept 2026,1 sept 2026,02/09/2026,Sí,CERRADAS,2026-09-02 02:01:32,Monolínea,Mono_item,Junin,29.95,Power 59.90 N,Power 59.90 N
Netcall,1 sept 2026,10,914793163,9147931638165555870429,9283,Outbound,Portabilidad Postpago,PROGRAMADO,Logixtal,9346,ABIERTAS,Pendiente Entrega,Pendiente Entrega,NET_CCOBENAM,SIM,2 sept 2026,null,null,No,ABIERTAS,null,Multilínea,Mono_item,Junin,null,null,Power ilim 79.90 SD N
Netcall,1 sept 2026,13,914838999,9148389998166019175783,5299,Outbound,Venta Regular / Alta,PROGRAMADO,Logixtal,9001,ABIERTAS,Pendiente Entrega,Pendiente Entrega,NET_RCANDIOTTIA,SIM,3 sept 2026,null,null,No,ABIERTAS,null,Multilínea,Mono_item,Lima - Callao,null,null,Power 39.90 N
Netcall,2 sept 2026,9,915220840,9152208408169945665781,9271,Outbound,Portabilidad Postpago,EXPRESS,Logixtal,9346,CANCELADAS,Entregado,Entregado,NET_LNECIOSUPC,SIM,2 sept 2026,2 sept 2026,null,No,CANCELADAS,2026-09-02 22:00:36,Multilínea,Mono_item,Junin,null,null,Power ilim 79.90 SD N
Netcall,2 sept 2026,10,915229522,9152295228170032164529,9271,Outbound,Venta Regular / Alta,EXPRESS,Logixtal,9346,CERRADAS,Entregado,Entregado,NET_LNECIOSUPC,SIM,2 sept 2026,2 sept 2026,02/09/2026,Sí,CERRADAS,2026-09-02 13:02:17,Multilínea,Mono_item,Junin,39.95,Power ilim 79.90 SD N,Power ilim 79.90 SD N
Netcall,1 sept 2026,10,914783382,9147833828165462019544,9283,Outbound,Portabilidad Postpago,EXPRESS,Logixtal,9346,CERRADAS,Entregado,Entregado,NET_WBENITESA,SIM,1 sept 2026,1 sept 2026,02/09/2026,Sí,CERRADAS,2026-09-02 01:36:23,Monolínea,Mono_item,Junin,34.95,Power ilim 69.90 N,Power ilim 69.90 N
Netcall,1 sept 2026,8,914752377,9147523778165193308514,9283,Outbound,Portabilidad Postpago,EXPRESS,Logixtal,9346,CERRADAS,Entregado,Entregado,NET_BROMANS,SIM,1 sept 2026,1 sept 2026,02/09/2026,Sí,CERRADAS,2026-09-02 00:56:04,Monolínea,Mono_item,Junin,34.95,Power ilim 69.90 N,Power ilim 69.90 N
Netcall,3 sept 2026,10,915634155,91563415589511710111070926163,9283,Outbound,Portabilidad Postpago,EXPRESS,Retiro en tienda,9346,ABIERTAS,Entregado,Entregado,TLV_NET_KCHAVEZ,SIM,3 sept 2026,null,null,No,ABIERTAS,null,Monolínea,Mono_item,Junin,null,null,null
Netcall,2 sept 2026,9,915222362,9152223628169959208907,9271,Outbound,Portabilidad Postpago,PROGRAMADO,Logixtal,9346,ABIERTAS,Pendiente Entrega,Pendiente Entrega,TLV_NET_BREYESR,SIM,4 sept 2026,null,null,No,ABIERTAS,null,Monolínea,Mono_item,Junin,null,null,Power 59.90 N
Netcall,3 sept 2026,14,915720300,915720300Empty,9283,Outbound,Portabilidad Postpago,EXPRESS,Retiro en tienda,9346,ABIERTAS,Pendiente Entrega,Pendiente Entrega,NET_JCHAVEZC,SIM,3 sept 2026,null,null,No,ABIERTAS,null,Monolínea,Mono_item,Junin,null,null,null
Netcall,2 sept 2026,9,915224615,9152246158169982531460,9271,Outbound,Portabilidad Postpago,EXPRESS,Logixtal,9346,CERRADAS,Entregado,Entregado,NET_LNECIOSUPC,SIM,2 sept 2026,2 sept 2026,null,No,CERRADAS,2026-09-03 01:56:57,Multilínea,Mono_item,Junin,null,Power ilim 79.90 SD N,Power ilim 79.90 SD N
Netcall,2 sept 2026,12,915273881,9152738818170465199859,9271,Outbound,Portabilidad Postpago,EXPRESS,Logixtal,9346,ABIERTAS,Pendiente Entrega,Pendiente Entrega,TLV_NET_GQUISP,SIM,2 sept 2026,null,null,No,ABIERTAS,null,Monolínea,Mono_item,Junin,null,null,Power 59.90 N
Netcall,1 sept 2026,10,914788655,9147886558165507814871,9283,Outbound,Portabilidad Postpago,EXPRESS,Logixtal,9346,CERRADAS,Entregado,Entregado,NET_YACHOM,SIM,1 sept 2026,1 sept 2026,02/09/2026,Sí,CERRADAS,2026-09-02 01:15:53,Monolínea,Mono_item,Junin,29.95,Power 59.90 N,Power 59.90 N
Netcall,1 sept 2026,8,914747040,9147470408165157844635,9283,Outbound,Portabilidad Prepago,EXPRESS,Logixtal,9346,CERRADAS,Entregado,Entregado,NET_BROMANS,SIM,1 sept 2026,1 sept 2026,02/09/2026,Sí,CERRADAS,2026-09-02 00:09:46,Monolínea,Mono_item,Junin,34.95,Power ilim 69.90 N,Power ilim 69.90 N
Netcall,2 sept 2026,9,915217031,9152170318169906537048,9283,Outbound,Portabilidad Postpago,EXPRESS,Logixtal,9346,CERRADAS,Entregado,Entregado,NET_JIYASHAMAR,SIM,2 sept 2026,2 sept 2026,null,No,CERRADAS,2026-09-03 00:49:36,Multilínea,Mono_item,Junin,null,Power ilim 79.90 SD N,Power ilim 79.90 SD N
Netcall,2 sept 2026,9,915218720,9152187208169924313758,9283,Outbound,Portabilidad Postpago,EXPRESS,Logixtal,9346,CERRADAS,Entregado,Entregado,NET_JIYASHAMAR,SIM,2 sept 2026,2 sept 2026,null,No,CERRADAS,2026-09-03 03:29:52,Multilínea,Mono_item,Junin,null,Power ilim 79.90 SD N,Power ilim 79.90 SD N
Netcall,1 sept 2026,14,914854129,9148541298166181655510,9283,Outbound,Portabilidad Postpago,PROGRAMADO,Logixtal,9346,CERRADAS,Entregado,Entregado,NET_EGOMEZB,SIM,2 sept 2026,2 sept 2026,null,No,CERRADAS,2026-09-03 01:57:06,Monolínea,Mono_item,Junin,null,Power 59.90 N,Power 59.90 N
Netcall,1 sept 2026,18,914934131,9149341318167035742551,9283,Outbound,Portabilidad Postpago,PROGRAMADO,Logixtal,5024,CERRADAS,Entregado,Entregado,NET_VRUIZG,SIM,2 sept 2026,2 sept 2026,null,No,CERRADAS,2026-09-03 01:32:45,Monolínea,Mono_item,Lambayeque,null,Power 59.90 N,Power 59.90 N
Netcall,1 sept 2026,18,914926419,914926419,9283,Outbound,Portabilidad Postpago,PROGRAMADO,Logixtal,5024,CERRADAS,Entregado,Entregado,NET_CULLOAC,SIM,2 sept 2026,2 sept 2026,null,No,CERRADAS,2026-09-03 00:17:27,Monolínea,Mono_item,Lambayeque,null,Power 59.90 N,null
Netcall,3 sept 2026,11,915667519,91566751989511710121058098380,9283,Outbound,Portabilidad Postpago,PROGRAMADO,Logixtal,5024,ABIERTAS,Pendiente Entrega,Pendiente de Picking,NET_JIYASHAMAR,SIM,5 sept 2026,null,null,No,ABIERTAS,null,Monolínea,Mono_item,Lambayeque,null,null,null
Netcall,3 sept 2026,0,915504866,91550486689511710121058097572,9283,Outbound,Portabilidad Postpago,PROGRAMADO,Logixtal,5024,ABIERTAS,No bop,No bop,TLV_NET_CACEVED,SIM,5 sept 2026,null,null,No,ABIERTAS,null,Monolínea,Mono_item,Lambayeque,null,null,Power ilim 69.90 N
Netcall,1 sept 2026,16,914892124,914892124,9283,Outbound,Portabilidad Postpago,PROGRAMADO,Logixtal,5024,CERRADAS,Entregado,Entregado,NET_JVELASQUEZS,SIM,2 sept 2026,2 sept 2026,null,No,CERRADAS,2026-09-03 00:39:16,Monolínea,Mono_item,Lambayeque,null,Power 59.90 N,null
Netcall,1 sept 2026,16,914887382,9148873828166548850514,9283,Outbound,Portabilidad Postpago,PROGRAMADO,Logixtal,5024,ABIERTAS,Anulado,CLIENTE AUSENTE,NET_MVASQUEZV,SIM,2 sept 2026,null,null,No,ABIERTAS,null,Multilínea,Mono_item,Lambayeque,null,null,Power ilim 79.90 SD N
Netcall,2 sept 2026,16,915341307,9153413078171177905007,9283,Outbound,Portabilidad Postpago,RETIRO EN TIENDA,Retiro en tienda,3036,ABIERTAS,Pendiente Entrega,Pendiente Entrega,NET_ARAMOSR,SIM,2 sept 2026,null,null,No,ABIERTAS,null,Multilínea,Mono_item,Lambayeque,null,null,Power ilim 79.90 SD N
Netcall,1 sept 2026,12,914823194,9148231948165852400363,5299,Outbound,Portabilidad Postpago,EXPRESS,Logixtal,5024,CERRADAS,Entregado,Entregado,NET_AREYNOSAC,SIM,1 sept 2026,1 sept 2026,02/09/2026,Sí,CERRADAS,2026-09-02 00:22:24,Monolínea,Mono_item,Lambayeque,39.95,Power ilim 79.90 SD N,Power ilim 79.90 SD N
Netcall,2 sept 2026,16,915348500,9153485008171253999237,9283,Outbound,Portabilidad Postpago,RETIRO EN TIENDA,Retiro en tienda,3213,ABIERTAS,Pendiente Entrega,Pendiente Entrega,NET_PREJASD,SIM,2 sept 2026,null,null,No,ABIERTAS,null,Monolínea,Mono_item,Lambayeque,null,null,Power 59.90 N
Netcall,3 sept 2026,13,915694531,91569453189511710111068662549,9283,Outbound,Portabilidad Postpago,EXPRESS,Logixtal,5024,ABIERTAS,Pendiente Entrega,Pendiente de Picking,NET_DVILLALOBOS,SIM,3 sept 2026,null,null,No,ABIERTAS,null,Multilínea,Mono_item,Lambayeque,null,null,null
Netcall,3 sept 2026,13,915695507,91569550789511710111068662531,9283,Outbound,Portabilidad Postpago,EXPRESS,Logixtal,5024,ABIERTAS,Pendiente Entrega,Pendiente de Picking,NET_DVILLALOBOS,SIM,3 sept 2026,null,null,No,ABIERTAS,null,Multilínea,Mono_item,Lambayeque,null,null,null
Netcall,1 sept 2026,14,914853540,9148535408166177715736,9283,Outbound,Portabilidad Postpago,EXPRESS,Logixtal,5024,CERRADAS,Entregado,Entregado,NET_ATISNADOA,SIM,1 sept 2026,1 sept 2026,02/09/2026,Sí,CERRADAS,2026-09-02 00:36:58,Monolínea,Mono_item,Lambayeque,29.95,Power 59.90 N,Power 59.90 N
Netcall,2 sept 2026,16,915339811,9153398118171157749486,9283,Outbound,Portabilidad Postpago,RETIRO EN TIENDA,Retiro en tienda,3036,ABIERTAS,Pendiente Entrega,Pendiente Entrega,NET_ARAMOSR,SIM,2 sept 2026,null,null,No,ABIERTAS,null,Multilínea,Mono_item,Lambayeque,null,null,Power ilim 79.90 SD N
Netcall,2 sept 2026,18,915371566,9153715668171495647901,9283,Outbound,Portabilidad Postpago,PROGRAMADO,Logixtal,5024,ABIERTAS,Pendiente Entrega,Pendiente Entrega,NET_CALCAB,SIM,3 sept 2026,null,null,No,ABIERTAS,null,Monolínea,Mono_item,Lambayeque,null,null,Power ilim 79.90 SD N
Netcall,1 sept 2026,15,914871459,9148714598166370572321,9283,Outbound,Venta Regular / Alta,RETIRO EN TIENDA,Retiro en tienda,6037,CANCELADAS,Cancelado,Cancelado,NET_LFLORESY,SIM,1 sept 2026,null,null,No,CANCELADAS,2026-09-01 15:39:15,Monolínea,Mono_item,Lambayeque,null,null,Power ilim 79.90 SD N
Netcall,3 sept 2026,14,915712758,91571275889511710111068696406,9283,Outbound,Portabilidad Postpago,PROGRAMADO,Logixtal,5024,ABIERTAS,Pendiente Entrega,Pendiente de Picking,NET_MHUAPAYAQ,SIM,4 sept 2026,null,null,No,ABIERTAS,null,Multilínea,Mono_item,Lambayeque,null,null,null
Netcall,2 sept 2026,15,915317618,9153176188170927720307,9283,Outbound,Portabilidad Postpago,PROGRAMADO,Logixtal,5024,ABIERTAS,Pendiente Entrega,Pendiente Entrega,TLV_NET_ACUBASS,SIM,3 sept 2026,null,null,No,ABIERTAS,null,Monolínea,Mono_item,Lambayeque,null,null,Power 59.90 N
Netcall,1 sept 2026,14,914858728,9148587288166235258346,9283,Outbound,Portabilidad Postpago,PROGRAMADO,Logixtal,5024,CERRADAS,Entregado,Entregado,NET_JCORONADOC,SIM,2 sept 2026,2 sept 2026,null,No,CERRADAS,2026-09-03 00:47:59,Monolínea,Mono_item,Lambayeque,null,Power 59.90 N,Power 59.90 N
Netcall,3 sept 2026,13,915709786,91570978689511710111068696315,9283,Outbound,Portabilidad Postpago,PROGRAMADO,Logixtal,5024,ABIERTAS,Pendiente Entrega,Pendiente de Picking,NET_MHUAPAYAQ,SIM,4 sept 2026,null,null,No,ABIERTAS,null,Multilínea,Mono_item,Lambayeque,null,null,null
Netcall,1 sept 2026,12,914817916,9148179168165814583983,9283,Outbound,Venta Regular / Alta,EXPRESS,Logixtal,5024,CANCELADAS,Anulado,CLIENTE YA NO DESEA PRODUCTO,NET_EALBORNOZR,SIM,1 sept 2026,null,null,No,CANCELADAS,2026-09-02 09:55:37,Multilínea,Mono_item,Lambayeque,null,null,Power ilim 79.90 SD N
Netcall,1 sept 2026,10,914779820,9147798208165428728856,9283,Outbound,Portabilidad Postpago,EXPRESS,Logixtal,5024,CERRADAS,Entregado,Entregado,NET_KCARRENOV,SIM,1 sept 2026,1 sept 2026,02/09/2026,Sí,CERRADAS,2026-09-02 01:54:04,Monolínea,Mono_item,Lambayeque,39.95,Power ilim 79.90 SD N,Power ilim 79.90 SD N
Netcall,2 sept 2026,15,915322548,9153225488170981864903,5299,Outbound,Portabilidad Postpago,RETIRO EN TIENDA,Retiro en tienda,6037,CANCELADAS,Cancelado,Cancelado,NET_MMENDOZAV,SIM,2 sept 2026,null,null,No,CANCELADAS,2026-09-02 21:07:44,Monolínea,Mono_item,Lambayeque,null,null,Power ilim 69.90 N
Netcall,2 sept 2026,11,915260807,9152608078170330947057,9283,Outbound,Portabilidad Postpago,RETIRO EN TIENDA,Retiro en tienda,3036,CERRADAS,Entregado,Entregado,NET_JCHAVEZC,SIM,2 sept 2026,2 sept 2026,null,No,CERRADAS,2026-09-03 01:10:36,Multilínea,Mono_item,Lambayeque,null,Power ilim 79.90 SD N,Power ilim 79.90 SD N
Netcall,2 sept 2026,15,915328247,9153282478171042435142,9283,Outbound,Portabilidad Postpago,RETIRO EN TIENDA,Retiro en tienda,6037,CANCELADAS,Cancelado,Cancelado,NET_SSALAZARV,SIM,2 sept 2026,null,null,No,CANCELADAS,2026-09-02 16:53:04,Multilínea,Mono_item,Lambayeque,null,null,Power 59.90 N
Netcall,1 sept 2026,16,914889832,9148898328166572159100,9283,Outbound,Portabilidad Postpago,PROGRAMADO,Logixtal,5024,ABIERTAS,Anulado,CLIENTE AUSENTE,NET_MVASQUEZV,SIM,2 sept 2026,null,null,No,ABIERTAS,null,Multilínea,Mono_item,Lambayeque,null,null,Power ilim 79.90 SD N
Netcall,1 sept 2026,18,914937681,9149376818167072834324,9283,Outbound,Portabilidad Postpago,RETIRO EN TIENDA,Retiro en tienda,3036,CERRADAS,Entregado,Entregado,NET_JCHAVEZC,SIM,1 sept 2026,2 sept 2026,null,No,CERRADAS,2026-09-03 01:50:28,Multilínea,Mono_item,Lambayeque,null,Power ilim 79.90 SD N,Power ilim 79.90 SD N
Netcall,2 sept 2026,12,915279765,9152797658170535188577,9271,Outbound,Portabilidad Postpago,EXPRESS,Logixtal,5024,CANCELADAS,Anulado,PIN-PORTA NO LLEGA SMS,NET_LNECIOSUPC,SIM,2 sept 2026,null,null,No,CANCELADAS,2026-09-02 13:01:38,Monolínea,Mono_item,Lambayeque,null,null,Power 59.90 N
Netcall,3 sept 2026,10,915639920,91563992089511710111068662572,9283,Outbound,Portabilidad Postpago,EXPRESS,Logixtal,5024,ABIERTAS,Entregado,Entregado,TLV_NET_FVALQUI,SIM,3 sept 2026,null,null,No,ABIERTAS,null,Monolínea,Mono_item,Lambayeque,null,null,null
Netcall,1 sept 2026,18,914935838,9149358388167056414390,9283,Outbound,Portabilidad Postpago,RETIRO EN TIENDA,Retiro en tienda,3036,CERRADAS,Entregado,Entregado,NET_JCHAVEZC,SIM,1 sept 2026,2 sept 2026,null,No,CERRADAS,2026-09-03 00:52:15,Multilínea,Mono_item,Lambayeque,null,Power ilim 79.90 SD N,Power ilim 79.90 SD N
Netcall,1 sept 2026,12,914820884,9148208848165828469056,9283,Outbound,Portabilidad Postpago,EXPRESS,Logixtal,5024,CANCELADAS,Anulado,CLIENTE YA NO DESEA PRODUCTO,NET_EALBORNOZR,SIM,1 sept 2026,null,null,No,CANCELADAS,2026-09-02 09:56:23,Multilínea,Mono_item,Lambayeque,null,null,Power ilim 79.90 SD N
Netcall,1 sept 2026,11,914814466,9148144668165765513757,9283,Outbound,Portabilidad Postpago,EXPRESS,Logixtal,5024,CANCELADAS,Anulado,CLIENTE DESISTE - INFORMACIÓN INCORRECTA,TLV_NET_FVALQUI,SIM,1 sept 2026,null,null,No,CANCELADAS,2026-09-02 09:57:42,Monolínea,Mono_item,Lambayeque,null,null,Power ilim 79.90 SD N
Netcall,3 sept 2026,13,915705576,91570557689511710111068659370,9283,Outbound,Portabilidad Postpago,PROGRAMADO,Logixtal,5024,ABIERTAS,Pendiente Entrega,Pendiente de Picking,NET_EVELASQUEZB,SIM,4 sept 2026,null,null,No,ABIERTAS,null,Monolínea,Mono_item,Lambayeque,null,null,null
Netcall,3 sept 2026,13,915693158,91569315889511710121058108841,9283,Outbound,Portabilidad Postpago,EXPRESS,Logixtal,5024,ABIERTAS,Pendiente Entrega,Pendiente de Picking,NET_DVILLALOBOS,SIM,3 sept 2026,null,null,No,ABIERTAS,null,Multilínea,Mono_item,Lambayeque,null,null,null
Netcall,3 sept 2026,14,915724512,91572451289511710111068662275,9271,Outbound,Portabilidad Postpago,PROGRAMADO,Logixtal,5024,ABIERTAS,Pendiente Entrega,Pendiente de Picking,NET_MCHAVEZV,SIM,4 sept 2026,null,null,No,ABIERTAS,null,Monolínea,Mono_item,Lambayeque,null,null,null
Netcall,1 sept 2026,10,914782090,9147820908165451312258,9283,Outbound,Portabilidad Postpago,RETIRO EN TIENDA,Retiro en tienda,3036,CERRADAS,Entregado,Entregado,NET_BBELLIDOP,SIM,1 sept 2026,2 sept 2026,null,No,CERRADAS,2026-09-03 01:27:45,Monolínea,Mono_item,Lambayeque,null,Power ilim 79.90 SD N,Power ilim 79.90 SD N
Netcall,2 sept 2026,9,915222094,915222094,9283,Outbound,Portabilidad Postpago,EXPRESS,Logixtal,5024,CERRADAS,Entregado,Entregado,NET_LTAMAYOD,SIM,2 sept 2026,2 sept 2026,null,No,CERRADAS,2026-09-03 00:12:19,Monolínea,Mono_item,Lambayeque,null,Power 59.90 N,null
Netcall,1 sept 2026,13,914851109,9148511098166147545029,9283,Outbound,Portabilidad Postpago,EXPRESS,Logixtal,5024,CERRADAS,Entregado,Entregado,NET_EVALDIVIEZO,SIM,1 sept 2026,1 sept 2026,02/09/2026,Sí,CERRADAS,2026-09-02 00:18:04,Monolínea,Mono_item,Lambayeque,19.95,Power 59.90 N,Power 59.90 N
Netcall,2 sept 2026,14,915315347,9153153478170906531848,9283,Outbound,Venta Regular / Alta,PROGRAMADO,Logixtal,5024,CERRADAS,Entregado,Entregado,NET_CQUISPITONO,SIM,3 sept 2026,2 sept 2026,02/09/2026,Sí,CERRADAS,2026-09-02 17:38:21,Monolínea,Mono_item,Lambayeque,29.95,Power 59.90 N,Power 59.90 N
Netcall,2 sept 2026,16,915345739,9153457398171220908731,9283,Outbound,Portabilidad Postpago,RETIRO EN TIENDA,Retiro en tienda,3036,ABIERTAS,Pendiente Entrega,Pendiente Entrega,NET_SSALAZARV,SIM,2 sept 2026,null,null,No,ABIERTAS,null,Multilínea,Mono_item,Lambayeque,null,null,Power 59.90 N
Netcall,1 sept 2026,18,914932272,9149322728167018511061,9265,Outbound,Portabilidad Postpago,PROGRAMADO,Logixtal,5024,ABIERTAS,Anulado,NO DAN RAZÓN DEL CLIENTE,NET_IRODRIGUEZS,SIM,2 sept 2026,null,null,No,ABIERTAS,null,Monolínea,Mono_item,Lambayeque,null,null,Power 59.90 N
Netcall,2 sept 2026,13,915298935,9152989358170727602722,9283,Outbound,Portabilidad Postpago,EXPRESS,Logixtal,5024,CERRADAS,Entregado,Entregado,NET_CQUISPITONO,SIM,2 sept 2026,2 sept 2026,null,No,CERRADAS,2026-09-03 03:16:31,Monolínea,Mono_item,Lambayeque,null,Power ilim 79.90 SD N,Power ilim 79.90 SD N
Netcall,3 sept 2026,10,915648368,91564836889511710111068664339,9283,Outbound,Portabilidad Postpago,EXPRESS,Logixtal,5024,ABIERTAS,Pendiente Entrega,Pendiente de Picking,NET_INAVARROI,SIM,3 sept 2026,null,null,No,ABIERTAS,null,Multilínea,Mono_item,Lambayeque,null,null,null
Netcall,2 sept 2026,13,915286257,9152862578170599743362,9283,Outbound,Portabilidad Postpago,EXPRESS,Logixtal,5024,CANCELADAS,Anulado,CLIENTE DESISTE - INFORMACIÓN INCORRECTA,TLV_NET_FVALQUI,SIM,2 sept 2026,null,null,No,CANCELADAS,2026-09-02 13:44:41,Monolínea,Mono_item,Lambayeque,null,null,Power ilim 79.90 SD N
Netcall,2 sept 2026,11,915259155,9152591558170317483602,9283,Outbound,Portabilidad Postpago,RETIRO EN TIENDA,Retiro en tienda,3036,CERRADAS,Entregado,Entregado,NET_JCHAVEZC,SIM,2 sept 2026,2 sept 2026,null,No,CERRADAS,2026-09-03 01:43:51,Multilínea,Mono_item,Lambayeque,null,Power ilim 79.90 SD N,Power ilim 79.90 SD N
Netcall,3 sept 2026,13,915700894,915700894Empty,9283,Outbound,Portabilidad Postpago,RETIRO EN TIENDA,Retiro en tienda,3036,CANCELADAS,Cancelado,Cancelado,NET_GVELASQUEZA,SIM,3 sept 2026,null,null,No,CANCELADAS,2026-09-03 14:43:22,Monolínea,Mono_item,Lambayeque,null,null,null
Netcall,1 sept 2026,13,914840007,9148400078166030517498,9283,Outbound,Portabilidad Postpago,EXPRESS,Logixtal,5024,CERRADAS,Entregado,Entregado,NET_LFLORESY,SIM,1 sept 2026,1 sept 2026,02/09/2026,Sí,CERRADAS,2026-09-02 00:26:42,Monolínea,Mono_item,Lambayeque,29.95,Power 59.90 N,Power 59.90 N
Netcall,3 sept 2026,10,915646257,91564625789511710111068664073,9283,Outbound,Portabilidad Postpago,EXPRESS,Logixtal,5024,ABIERTAS,Pendiente Entrega,Pendiente de Picking,NET_INAVARROI,SIM,3 sept 2026,null,null,No,ABIERTAS,null,Multilínea,Mono_item,Lambayeque,null,null,null
Netcall,2 sept 2026,11,915262667,9152626678170348351603,9283,Outbound,Venta Regular / Alta,RETIRO EN TIENDA,Retiro en tienda,3036,CERRADAS,Entregado,Entregado,NET_JCHAVEZC,SIM,2 sept 2026,2 sept 2026,02/09/2026,Sí,CERRADAS,2026-09-02 19:34:21,Multilínea,Mono_item,Lambayeque,39.95,Power ilim 79.90 SD N,Power ilim 79.90 SD N
Netcall,2 sept 2026,14,915302772,9153027728170771425336,9283,Outbound,Venta Regular / Alta,EXPRESS,Logixtal,5024,CERRADAS,Entregado,Entregado,NET_CQUISPITONO,SIM,2 sept 2026,2 sept 2026,02/09/2026,Sí,CERRADAS,2026-09-02 17:39:17,Monolínea,Mono_item,Lambayeque,39.95,Power ilim 79.90 SD N,Power ilim 79.90 SD N
Netcall,3 sept 2026,10,915649534,91564953489511710111068664347,9283,Outbound,Portabilidad Postpago,EXPRESS,Logixtal,5024,ABIERTAS,Pendiente Entrega,Pendiente de Picking,NET_INAVARROI,SIM,3 sept 2026,null,null,No,ABIERTAS,null,Multilínea,Mono_item,Lambayeque,null,null,null
Netcall,3 sept 2026,14,915720250,915720250Empty,9283,Outbound,Portabilidad Postpago,RETIRO EN TIENDA,Retiro en tienda,6037,ABIERTAS,Pendiente Entrega,Pendiente Entrega,NET_ECARRETEROH,SIM,3 sept 2026,null,null,No,ABIERTAS,null,Multilínea,Mono_item,Lambayeque,null,null,null
Netcall,1 sept 2026,10,914793932,9147939328165566038715,9283,Outbound,Portabilidad Postpago,EXPRESS,Logixtal,5024,CERRADAS,Entregado,Entregado,TLV_NET_DSANC,SIM,1 sept 2026,1 sept 2026,02/09/2026,Sí,CERRADAS,2026-09-02 01:11:24,Monolínea,Mono_item,Lambayeque,29.95,Power 59.90 N,Power 59.90 N
Netcall,3 sept 2026,13,915697811,915697811Empty,9283,Outbound,Portabilidad Postpago,RETIRO EN TIENDA,Retiro en tienda,3140,ABIERTAS,Pendiente Entrega,Pendiente Entrega,NET_SDEDIOSO,SIM,3 sept 2026,null,null,No,ABIERTAS,null,Monolínea,Mono_item,La Libertad,null,null,null
Netcall,2 sept 2026,10,915234967,9152349678170082560796,9283,Outbound,Portabilidad Postpago,RETIRO EN TIENDA,Retiro en tienda,3140,ABIERTAS,Pendiente Entrega,Pendiente Entrega,NET_RCARDENASH,SIM,2 sept 2026,null,null,No,ABIERTAS,null,Monolínea,Mono_item,La Libertad,null,null,Power 59.90 N
Netcall,3 sept 2026,12,915684154,91568415489511710111071787531,9283,Outbound,Portabilidad Postpago,PROGRAMADO,Logixtal,5023,ABIERTAS,Pendiente Entrega,Pendiente de Picking,NET_ELAURAQ,SIM,10 sept 2026,null,null,No,ABIERTAS,null,Monolínea,Mono_item,La Libertad,null,null,null
Netcall,2 sept 2026,15,915324406,915324406,9283,Outbound,Portabilidad Postpago,RETIRO EN TIENDA,Retiro en tienda,3140,CERRADAS,Entregado,Entregado,NET_MQUISPEH,SIM,2 sept 2026,2 sept 2026,null,No,CERRADAS,2026-09-03 00:09:11,Monolínea,Mono_item,La Libertad,null,Power ilim 79.90 SD N,null
Netcall,1 sept 2026,14,914855860,9148558608166205807557,9283,Outbound,Portabilidad Postpago,PROGRAMADO,Logixtal,5023,ABIERTAS,Pendiente Entrega,Pendiente Entrega,TLV_NET_ECODARL,SIM,3 sept 2026,null,null,No,ABIERTAS,null,Monolínea,Mono_item,La Libertad,null,null,Power ilim 69.90 N
Netcall,3 sept 2026,13,915701775,915701775Empty,9283,Outbound,Portabilidad Postpago,EXPRESS,Retiro en tienda,3115,ABIERTAS,Pendiente Entrega,Pendiente Entrega,NET_YCASTILLOO,SIM,3 sept 2026,null,null,No,ABIERTAS,null,Monolínea,Mono_item,Pasco,null,null,null
Netcall,1 sept 2026,9,914770001,9147700018165331840355,9283,Outbound,Portabilidad Postpago,EXPRESS,Logixtal,3115,CANCELADAS,Anulado,SOLICITADO POR CANAL,NET_YCASTILLOO,SIM,1 sept 2026,null,null,No,CANCELADAS,2026-09-01 12:09:24,Monolínea,Mono_item,Pasco,null,null,Power ilim 79.90 SD N
Netcall,1 sept 2026,9,914772870,9147728708165361545954,9283,Outbound,Portabilidad Postpago,EXPRESS,Logixtal,3115,CANCELADAS,Entregado,Entregado,TLV_NET_CURCIAR,SIM,1 sept 2026,1 sept 2026,null,No,CANCELADAS,2026-09-02 19:47:02,Monolínea,Mono_item,Pasco,null,null,Power ilim 69.90 N
Netcall,3 sept 2026,11,915669039,915669039Empty,9283,Outbound,Portabilidad Postpago,PROGRAMADO,Logixtal,5022,ABIERTAS,Pendiente Entrega,Pendiente de Picking,NET_DVALVERDEM,SIM,5 sept 2026,null,null,No,ABIERTAS,null,Monolínea,Mono_item,Arequipa,null,null,null
Netcall,2 sept 2026,10,915227572,9152275728170009189421,9283,Outbound,Portabilidad Postpago,EXPRESS,Logixtal,5023,CERRADAS,Entregado,Entregado,NET_RURBINAG,SIM,2 sept 2026,2 sept 2026,null,No,CERRADAS,2026-09-03 01:00:45,Monolínea,Mono_item,La Libertad,null,Power 59.90 N,Power 59.90 N
Netcall,1 sept 2026,15,914882548,914882548,9271,Outbound,Portabilidad Postpago,PROGRAMADO,Logixtal,5023,CERRADAS,Entregado,Entregado,NET_STITOP,SIM,2 sept 2026,2 sept 2026,null,No,CERRADAS,2026-09-03 00:36:34,Monolínea,Mono_item,La Libertad,null,Power ilim 69.90 N,null
Netcall,2 sept 2026,10,915240440,9152404408170140014474,9283,Outbound,Venta Regular / Alta,EXPRESS,Logixtal,5023,CERRADAS,Entregado,Entregado,NET_TANCHANTEG,SIM,2 sept 2026,2 sept 2026,02/09/2026,Sí,CERRADAS,2026-09-02 14:56:11,Multilínea,Mono_item,La Libertad,39.95,Power ilim 79.90 SD N,Power ilim 79.90 SD N
Netcall,3 sept 2026,10,915646771,91564677189511710111068681770,9283,Outbound,Portabilidad Postpago,PROGRAMADO,Logixtal,5023,ABIERTAS,Pendiente Entrega,Pendiente de Picking,NET_EAYALAE,SIM,4 sept 2026,null,null,No,ABIERTAS,null,Monolínea,Mono_item,La Libertad,null,null,null
Netcall,3 sept 2026,10,915634302,91563430289511710111071756346,9283,Outbound,Portabilidad Postpago,PROGRAMADO,Logixtal,5023,ABIERTAS,Pendiente Entrega,Pendiente de Picking,NET_ADOMINGUEZF,SIM,7 sept 2026,null,null,No,ABIERTAS,null,Monolínea,Mono_item,La Libertad,null,null,null
Netcall,1 sept 2026,18,914930863,9149308638167012447711,9271,Outbound,Portabilidad Postpago,PROGRAMADO,Logixtal,5023,CERRADAS,Entregado,Entregado,NET_JAREVALOC,SIM,2 sept 2026,2 sept 2026,null,No,CERRADAS,2026-09-03 01:11:16,Monolínea,Mono_item,La Libertad,null,Power 59.90 N,Power 59.90 N
Netcall,2 sept 2026,10,915223224,9152232248170026013574,9271,Outbound,Portabilidad Postpago,EXPRESS,Logixtal,5023,ABIERTAS,Pendiente Entrega,Pendiente Entrega,NET_AYZAGUIRREH,SIM,2 sept 2026,null,null,No,ABIERTAS,null,Monolínea,Mono_item,La Libertad,null,null,Power 59.90 N
Netcall,3 sept 2026,8,915611593,91561159389511710111071756395,9283,Outbound,Portabilidad Postpago,PROGRAMADO,Logixtal,5023,ABIERTAS,Pendiente Entrega,Pendiente de Picking,NET_ARIVERA,SIM,4 sept 2026,null,null,No,ABIERTAS,null,Monolínea,Mono_item,La Libertad,null,null,null
Netcall,2 sept 2026,9,915219618,915219618,9283,Outbound,Portabilidad Postpago,EXPRESS,Logixtal,5023,CERRADAS,Entregado,Entregado,NET_JLIL,SIM,2 sept 2026,2 sept 2026,null,No,CERRADAS,2026-09-03 00:15:27,Monolínea,Mono_item,La Libertad,null,Power 59.90 N,null
Netcall,2 sept 2026,10,915239595,9152395958170131408089,9283,Outbound,Portabilidad Postpago,EXPRESS,Logixtal,5023,CERRADAS,Entregado,Entregado,NET_TANCHANTEG,SIM,2 sept 2026,2 sept 2026,null,No,CERRADAS,2026-09-03 02:26:06,Multilínea,Mono_item,La Libertad,null,Power ilim 79.90 SD N,Power ilim 79.90 SD N
Netcall,1 sept 2026,17,914860498,9148604988166872502919,9271,Outbound,Portabilidad Postpago,RETIRO EN TIENDA,Retiro en tienda,7271,ABIERTAS,Pendiente Entrega,Pendiente Entrega,NET_ATENORIOM,SIM,1 sept 2026,null,null,No,ABIERTAS,null,Monolínea,Mono_item,Junin,null,null,Power ilim 69.90 N
Netcall,1 sept 2026,17,914903342,9149033428166727879154,9271,Outbound,Portabilidad Postpago,PROGRAMADO,Logixtal,9001,ABIERTAS,Pendiente Entrega,Pendiente Entrega,NET_DRUIZR,SIM,4 sept 2026,null,null,No,ABIERTAS,null,Monolínea,Mono_item,Lima - Callao,null,null,Power ilim 79.90 SD N
Netcall,1 sept 2026,13,914847566,9148475668166109279085,9283,Outbound,Portabilidad Postpago,PROGRAMADO,Logixtal,9001,CANCELADAS,Anulado,CLIENTE SE ENCUENTRA DE VIAJE,NET_MCGARCIAG,SIM,2 sept 2026,null,null,No,CANCELADAS,2026-09-02 11:13:50,Monolínea,Mono_item,Lima - Callao,null,null,Power 59.90 N
Netcall,3 sept 2026,11,915658595,915658595Empty,9265,Outbound,Portabilidad Postpago,PROGRAMADO,Logixtal,9001,ABIERTAS,Pendiente Entrega,Pendiente de Picking,NET_IRODRIGUEZS,SIM,4 sept 2026,null,null,No,ABIERTAS,null,Monolínea,Mono_item,Lima - Callao,null,null,null
Netcall,1 sept 2026,12,914823280,9148232808165852649636,9283,Outbound,Portabilidad Postpago,PROGRAMADO,Logixtal,9001,CERRADAS,Entregado,Entregado,NET_KBRACOV,SIM,2 sept 2026,2 sept 2026,null,No,CERRADAS,2026-09-03 01:09:28,Multilínea,Mono_item,Lima - Callao,null,Power ilim 79.90 SD N,Power ilim 79.90 SD N
Netcall,3 sept 2026,13,915697210,915697210Empty,9283,Outbound,Portabilidad Postpago,PROGRAMADO,Logixtal,9001,ABIERTAS,Pendiente Entrega,Pendiente de Picking,NET_AARNAIZA,SIM,4 sept 2026,null,null,No,ABIERTAS,null,Monolínea,Mono_item,Lima - Callao,null,null,null
Netcall,1 sept 2026,12,914828981,914828981,9283,Outbound,Portabilidad Postpago,PROGRAMADO,Logixtal,9001,CERRADAS,Entregado,Entregado,NET_KBRACOV,SIM,2 sept 2026,2 sept 2026,null,No,CERRADAS,2026-09-03 00:31:20,Multilínea,Mono_item,Lima - Callao,null,Power ilim 79.90 SD N,null
Netcall,1 sept 2026,9,914775420,9147754208165386659465,9283,Outbound,Portabilidad Postpago,PROGRAMADO,Logixtal,9001,CERRADAS,Entregado,Entregado,NET_MCVASQUEZ,SIM,2 sept 2026,2 sept 2026,null,No,CERRADAS,2026-09-03 01:36:23,Monolínea,Mono_item,Lima - Callao,null,Power ilim 69.90 N,Power ilim 69.90 N
Netcall,3 sept 2026,0,915504793,91550479389511710101080577965,9283,Outbound,Portabilidad Postpago,PROGRAMADO,Logixtal,9001,ABIERTAS,No bop,No bop,NET_EGOMEZB,SIM,4 sept 2026,null,null,No,ABIERTAS,null,Multilínea,Mono_item,Lima - Callao,null,null,Power ilim 79.90 SD N
Netcall,2 sept 2026,14,915312553,9153125538170876721634,9283,Outbound,Portabilidad Postpago,PROGRAMADO,Logixtal,9001,ABIERTAS,Pendiente Entrega,Pendiente Entrega,NET_GCABALLEROB,SIM,3 sept 2026,null,null,No,ABIERTAS,null,Monolínea,Mono_item,Lima - Callao,null,null,Power 59.90 N
Netcall,1 sept 2026,10,914778026,9147780268165414507031,9271,Outbound,Portabilidad Postpago,PROGRAMADO,Logixtal,9001,CANCELADAS,Anulado,CLIENTE DESISTE - INFORMACIÓN INCORRECTA,NET_KANGELESS,SIM,2 sept 2026,null,null,No,CANCELADAS,2026-09-02 17:27:53,Multilínea,Mono_item,Lima - Callao,null,null,Power ilim 79.90 SD N
Netcall,1 sept 2026,10,914778903,9147789038165413477352,9271,Outbound,Portabilidad Postpago,PROGRAMADO,Logixtal,9001,CANCELADAS,Anulado,CLIENTE DESISTE - INFORMACIÓN INCORRECTA,NET_KANGELESS,SIM,2 sept 2026,null,null,No,CANCELADAS,2026-09-02 17:28:22,Multilínea,Mono_item,Lima - Callao,null,null,Power ilim 79.90 SD N
Netcall,3 sept 2026,0,915504848,91550484889511710101080577973,9283,Outbound,Portabilidad Postpago,PROGRAMADO,Logixtal,9001,ABIERTAS,No bop,No bop,NET_EGOMEZB,SIM,4 sept 2026,null,null,No,ABIERTAS,null,Multilínea,Mono_item,Lima - Callao,null,null,Power ilim 79.90 SD N
Netcall,1 sept 2026,12,914821632,914821632,9283,Outbound,Portabilidad Postpago,PROGRAMADO,Logixtal,9001,CERRADAS,Entregado,Entregado,NET_KBRACOV,SIM,2 sept 2026,2 sept 2026,null,No,CERRADAS,2026-09-03 00:38:25,Multilínea,Mono_item,Lima - Callao,null,Power ilim 79.90 SD N,null
Netcall,1 sept 2026,11,914802056,9148020568165640441517,9283,Outbound,Portabilidad Postpago,RETIRO EN TIENDA,Retiro en tienda,3008,CERRADAS,Entregado,Entregado,NET_YCASTILLOO,SIM,2 sept 2026,1 sept 2026,02/09/2026,Sí,CERRADAS,2026-09-02 01:21:28,Monolínea,Mono_item,Amazonas,29.95,Power 59.90 N,Power 59.90 N
Netcall,1 sept 2026,15,914879427,9148794278166460580953,9283,Outbound,Portabilidad Postpago,RETIRO EN TIENDA,Retiro en tienda,3008,ABIERTAS,Pendiente Entrega,Pendiente Entrega,NET_TCRISANTOV,SIM,4 sept 2026,null,null,No,ABIERTAS,null,Monolínea,Mono_item,Amazonas,null,null,Power 59.90 N
Netcall,1 sept 2026,12,914832896,9148328968165952606873,9283,Outbound,Portabilidad Postpago,EXPRESS,Logixtal,9357,CERRADAS,Entregado,Entregado,NET_VZEGARRAAGU,SIM,1 sept 2026,1 sept 2026,02/09/2026,Sí,CERRADAS,2026-09-02 01:41:21,Multilínea,Mono_item,Amazonas,19.95,Power ilim 79.90 SD N,Power ilim 79.90 SD N
Netcall,2 sept 2026,9,915224171,915224171,9283,Outbound,Portabilidad Postpago,RETIRO EN TIENDA,Retiro en tienda,3008,CERRADAS,Entregado,Entregado,NET_BROMANS,SIM,4 sept 2026,2 sept 2026,null,No,CERRADAS,2026-09-03 00:32:53,Multilínea,Mono_item,Amazonas,null,Power ilim 79.90 SD N,null
Netcall,1 sept 2026,8,914739410,9147394108165098336501,9283,Outbound,Portabilidad Postpago,RETIRO EN TIENDA,Retiro en tienda,3008,CERRADAS,Entregado,Entregado,NET_SLAZOB,SIM,1 sept 2026,1 sept 2026,02/09/2026,Sí,CERRADAS,2026-09-02 00:24:41,Monolínea,Mono_item,Amazonas,34.95,Power ilim 69.90 N,Power ilim 69.90 N
Netcall,1 sept 2026,9,914769211,9147692118165327517733,9283,Outbound,Venta Regular / Alta,EXPRESS,Logixtal,9357,CERRADAS,Entregado,Entregado,NET_LMANRIQUED,SIM,1 sept 2026,2 sept 2026,02/09/2026,Sí,CERRADAS,2026-09-02 16:30:07,Monolínea,Mono_item,Amazonas,29.95,Power 59.90 N,Power 59.90 N
Netcall,1 sept 2026,18,914925515,914925515,9283,Outbound,Portabilidad Postpago,PROGRAMADO,Logixtal,9357,CERRADAS,Entregado,Entregado,NET_JSANGAMA,SIM,2 sept 2026,2 sept 2026,null,No,CERRADAS,2026-09-03 00:15:38,Monolínea,Mono_item,Amazonas,null,Power ilim 69.90 N,null
Netcall,3 sept 2026,10,915645845,91564584589511710101045274443,9283,Outbound,Portabilidad Postpago,EXPRESS,Retiro en tienda,9357,ABIERTAS,Entregado,Entregado,NET_DVILLALOBOS,SIM,3 sept 2026,null,null,No,ABIERTAS,null,Monolínea,Mono_item,Amazonas,null,null,null
Netcall,2 sept 2026,17,915361691,9153616918171396792787,9283,Outbound,Portabilidad Postpago,PROGRAMADO,Logixtal,9357,ABIERTAS,Pendiente Entrega,Pendiente Entrega,NET_LDIAZM,SIM,3 sept 2026,null,null,No,ABIERTAS,null,Monolínea,Mono_item,Amazonas,null,null,Power 59.90 N
Netcall,1 sept 2026,10,914795600,9147956008165579450476,9283,Outbound,Portabilidad Postpago,RETIRO EN TIENDA,Retiro en tienda,3008,CERRADAS,Entregado,Entregado,NET_ANCASTROR,SIM,1 sept 2026,1 sept 2026,02/09/2026,Sí,CERRADAS,2026-09-02 03:16:12,Monolínea,Mono_item,Amazonas,39.95,Power ilim 79.90 SD N,Power ilim 79.90 SD N
Netcall,1 sept 2026,12,914836066,9148360668165985716687,9283,Outbound,Portabilidad Postpago,EXPRESS,Logixtal,9357,CERRADAS,Entregado,Entregado,NET_VZEGARRAAGU,SIM,1 sept 2026,1 sept 2026,02/09/2026,Sí,CERRADAS,2026-09-02 00:03:45,Multilínea,Mono_item,Amazonas,39.95,Power ilim 79.90 SD N,Power ilim 79.90 SD N
Netcall,2 sept 2026,9,915222087,9152220878169958072297,9283,Outbound,Venta Regular / Alta,RETIRO EN TIENDA,Retiro en tienda,3008,CERRADAS,Entregado,Entregado,NET_BROMANS,SIM,4 sept 2026,2 sept 2026,02/09/2026,Sí,CERRADAS,2026-09-02 12:14:05,Multilínea,Mono_item,Amazonas,39.95,Power ilim 79.90 SD N,Power ilim 79.90 SD N
Netcall,1 sept 2026,9,914767995,9147679958165315050587,9283,Outbound,Portabilidad Postpago,EXPRESS,Logixtal,5022,CANCELADAS,Anulado,PUNTO DE ENCUENTRO CAMUFLADO,TLV_NET_JSOTOZ,SIM,1 sept 2026,null,null,No,CANCELADAS,2026-09-01 11:15:13,Multilínea,Mono_item,Arequipa,null,null,Power ilim 79.90 SD N
Netcall,3 sept 2026,10,915646596,91564659689511710111070746967,9283,Outbound,Portabilidad Postpago,EXPRESS,Logixtal,5022,ABIERTAS,Entregado,Entregado,NET_GMENDIGUETE,SIM,3 sept 2026,null,null,No,ABIERTAS,null,Monolínea,Mono_item,Arequipa,null,null,null
Netcall,2 sept 2026,12,915270422,9152704228170432751673,9289,Outbound,Portabilidad Postpago,EXPRESS,Logixtal,5022,CERRADAS,Entregado,Entregado,TLV_NET_MLANDAR,SIM,2 sept 2026,2 sept 2026,null,No,CERRADAS,2026-09-03 01:48:39,Monolínea,Mono_item,Arequipa,null,Power ilim 69.90 N,Power ilim 69.90 N
Netcall,2 sept 2026,14,915301737,915301737,9271,Outbound,Portabilidad Postpago,EXPRESS,Logixtal,5022,CERRADAS,Entregado,Entregado,NET_KGUTIERREZV,SIM,2 sept 2026,2 sept 2026,null,No,CERRADAS,2026-09-03 00:39:55,Monolínea,Mono_item,Arequipa,null,Power 59.90 N,null
Netcall,2 sept 2026,8,915211867,9152118678169869778236,9283,Outbound,Portabilidad Postpago,EXPRESS,Logixtal,5022,CERRADAS,Entregado,Entregado,NET_ADOROTEOSAL,SIM,2 sept 2026,2 sept 2026,null,No,CERRADAS,2026-09-03 01:12:44,Multilínea,Mono_item,Arequipa,null,Power ilim 79.90 SD N,Power ilim 79.90 SD N
Netcall,2 sept 2026,9,915226604,9152266048170004947571,9283,Outbound,Portabilidad Postpago,EXPRESS,Logixtal,5022,ABIERTAS,Pendiente Entrega,Pendiente Entrega,NET_LCCASTILLO,SIM,2 sept 2026,null,null,No,ABIERTAS,null,Monolínea,Mono_item,Arequipa,null,null,Power 59.90 N
Netcall,1 sept 2026,15,914876829,9148768298166427019322,9283,Outbound,Portabilidad Postpago,EXPRESS,Logixtal,5022,CANCELADAS,Anulado,CLIENTE DESISTE - INFORMACIÓN INCORRECTA,NET_ELAURAQ,SIM,1 sept 2026,null,null,No,CANCELADAS,2026-09-01 17:51:39,Monolínea,Mono_item,Arequipa,null,null,Power 59.90 N
Netcall,1 sept 2026,9,914763210,9147632108165275597373,9283,Outbound,Portabilidad Postpago,EXPRESS,Logixtal,5022,CERRADAS,Entregado,Entregado,TLV_NET_JSOTOZ,SIM,1 sept 2026,1 sept 2026,02/09/2026,Sí,CERRADAS,2026-09-02 01:08:38,Monolínea,Mono_item,Arequipa,34.95,Power ilim 69.90 N,Power ilim 69.90 N
Netcall,1 sept 2026,9,914773022,9147730228165358283179,9283,Outbound,Portabilidad Postpago,EXPRESS,Logixtal,5022,CERRADAS,Entregado,Entregado,NET_LCAMPOSCABR,SIM,1 sept 2026,1 sept 2026,02/09/2026,Sí,CERRADAS,2026-09-02 00:16:52,Multilínea,Mono_item,Arequipa,29.91303,Power ilim 79.90 SD N,Power ilim 79.90 SD N
Netcall,2 sept 2026,9,915215327,915215327,9283,Outbound,Portabilidad Postpago,EXPRESS,Logixtal,5022,CERRADAS,Entregado,Entregado,NET_DFRANCIAH,SIM,2 sept 2026,2 sept 2026,null,No,CERRADAS,2026-09-03 00:26:30,Monolínea,Mono_item,Arequipa,null,Power ilim 79.90 SD N,null
Netcall,2 sept 2026,9,915220708,9152207088169945249846,9283,Outbound,Portabilidad Postpago,EXPRESS,Logixtal,5022,CANCELADAS,Anulado,PIN-PORTA NO LLEGA SMS,NET_ECARRETEROH,SIM,2 sept 2026,null,null,No,CANCELADAS,2026-09-02 12:56:20,Monolínea,Mono_item,Arequipa,null,null,Power 59.90 N
Netcall,2 sept 2026,8,915210674,915210674,9283,Outbound,Portabilidad Postpago,EXPRESS,Logixtal,5022,CERRADAS,Entregado,Entregado,NET_ADOROTEOSAL,SIM,2 sept 2026,2 sept 2026,null,No,CERRADAS,2026-09-03 00:14:47,Multilínea,Mono_item,Arequipa,null,Power ilim 79.90 SD N,null
Netcall,2 sept 2026,10,915227189,9152271898170011569926,9283,Outbound,Portabilidad Postpago,PROGRAMADO,Logixtal,5022,ABIERTAS,No bop,No bop,TLV_NET_JSOTOZ,SIM,4 sept 2026,null,null,No,ABIERTAS,null,Multilínea,Mono_item,Arequipa,null,null,Power ilim 79.90 SD N
Netcall,2 sept 2026,11,915247394,9152473948170200381487,9283,Outbound,Portabilidad Postpago,EXPRESS,Logixtal,5022,CANCELADAS,Anulado,RECHAZO CU-ERROR DE REGISTRO,TLV_NET_DVALOI,SIM,2 sept 2026,null,null,No,CANCELADAS,2026-09-02 12:45:40,Monolínea,Mono_item,Arequipa,null,null,Power 59.90 N
Netcall,1 sept 2026,9,914768992,9147689928165322868865,9283,Outbound,Portabilidad Postpago,EXPRESS,Logixtal,5022,CANCELADAS,Anulado,PUNTO DE ENCUENTRO CAMUFLADO,TLV_NET_JSOTOZ,SIM,1 sept 2026,null,null,No,CANCELADAS,2026-09-01 11:21:16,Multilínea,Mono_item,Arequipa,null,null,Power ilim 79.90 SD N
Netcall,2 sept 2026,13,915290573,9152905738170642087435,9283,Outbound,Portabilidad Postpago,PROGRAMADO,Logixtal,5022,ABIERTAS,Pendiente Entrega,Pendiente Entrega,TLV_NET_MMURGAF,SIM,3 sept 2026,null,null,No,ABIERTAS,null,Monolínea,Mono_item,Arequipa,null,null,Power 59.90 N
Netcall,1 sept 2026,10,914777838,9147778388165408322029,9271,Outbound,Portabilidad Postpago,PROGRAMADO,Logixtal,5022,CERRADAS,Entregado,Entregado,NET_DMALCAD,SIM,2 sept 2026,2 sept 2026,null,No,CERRADAS,2026-09-03 01:44:30,Monolínea,Mono_item,Arequipa,null,Power ilim 69.90 N,Power 59.90 N
Netcall,2 sept 2026,14,915303295,9153032958170779021467,9283,Outbound,Portabilidad Postpago,EXPRESS,Logixtal,5022,CERRADAS,Entregado,Entregado,NET_CIOLAYAR,SIM,2 sept 2026,2 sept 2026,null,No,CERRADAS,2026-09-03 01:40:42,Monolínea,Mono_item,Arequipa,null,Power ilim 69.90 N,Power ilim 69.90 N
Netcall,3 sept 2026,14,915717730,915717730Empty,9283,Outbound,Portabilidad Postpago,EXPRESS,Logixtal,5022,ABIERTAS,Pendiente Entrega,Pendiente de Picking,NET_CTRAVIM,SIM,3 sept 2026,null,null,No,ABIERTAS,null,Multilínea,Mono_item,Arequipa,null,null,null
Netcall,1 sept 2026,16,914891923,9148919238166599819860,9283,Outbound,Portabilidad Postpago,PROGRAMADO,Logixtal,5022,ABIERTAS,Pendiente Entrega,Pendiente Entrega,NET_AUCEDAENEQU,SIM,3 sept 2026,null,null,No,ABIERTAS,null,Monolínea,Mono_item,Arequipa,null,null,Power 59.90 N
Netcall,1 sept 2026,16,914896639,9148966398166649190228,9283,Outbound,Portabilidad Postpago,PROGRAMADO,Logixtal,5022,CERRADAS,Entregado,Entregado,NET_GVILELAR,SIM,2 sept 2026,2 sept 2026,null,No,CERRADAS,2026-09-03 01:03:28,Monolínea,Mono_item,Arequipa,null,Power ilim 69.90 N,Power ilim 69.90 N
Netcall,2 sept 2026,15,915324337,9153243378171005167825,9283,Outbound,Portabilidad Postpago,EXPRESS,Logixtal,5022,ABIERTAS,Pendiente Entrega,Pendiente Entrega,NET_ATRIVINOS,SIM,2 sept 2026,null,null,No,ABIERTAS,null,Multilínea,Mono_item,Arequipa,null,null,Power ilim 79.90 SD N
Netcall,2 sept 2026,11,915251029,9152510298170234114897,9283,Outbound,Portabilidad Postpago,EXPRESS,Logixtal,5022,ABIERTAS,Pendiente Entrega,Pendiente Entrega,NET_JLUCIANOT,SIM,2 sept 2026,null,null,No,ABIERTAS,null,Monolínea,Mono_item,Arequipa,null,null,Power 59.90 N
Netcall,2 sept 2026,17,915357961,9153579618171351009261,9283,Outbound,Portabilidad Postpago,PROGRAMADO,Logixtal,5022,ABIERTAS,Pendiente Entrega,Pendiente Entrega,NET_JIYASHAMAR,SIM,3 sept 2026,null,null,No,ABIERTAS,null,Monolínea,Mono_item,Arequipa,null,null,Power 59.90 N
Netcall,1 sept 2026,9,914771100,9147711008165345664318,9283,Outbound,Portabilidad Postpago,EXPRESS,Logixtal,5022,CANCELADAS,Cancelado,CANCELADA EN OMNIX,NET_LCAMPOSCABR,SIM,1 sept 2026,null,null,No,CANCELADAS,2026-09-01 09:42:28,Multilínea,Mono_item,Arequipa,null,null,Power 59.90 N
Netcall,3 sept 2026,14,915720661,915720661Empty,9283,Outbound,Portabilidad Postpago,EXPRESS,Logixtal,5022,ABIERTAS,Pendiente Entrega,Pendiente de Picking,TLV_NET_JMORO,SIM,3 sept 2026,null,null,No,ABIERTAS,null,Monolínea,Mono_item,Arequipa,null,null,null
Netcall,3 sept 2026,11,915661657,91566165789511710111070746942,5299,Outbound,Portabilidad Postpago,EXPRESS,Logixtal,5022,ABIERTAS,Pendiente Entrega,Pendiente de Picking,NET_AREYNOSAC,SIM,3 sept 2026,null,null,No,ABIERTAS,null,Monolínea,Mono_item,Arequipa,null,null,null
Netcall,3 sept 2026,13,915696323,91569632389511710111070719295,9271,Outbound,Portabilidad Postpago,PROGRAMADO,Logixtal,5022,ABIERTAS,Pendiente Entrega,Pendiente de Picking,NET_MSUAREZG,SIM,4 sept 2026,null,null,No,ABIERTAS,null,Monolínea,Mono_item,Arequipa,null,null,null
Netcall,1 sept 2026,16,914883914,9148839148166508825247,9283,Outbound,Portabilidad Postpago,EXPRESS,Logixtal,5022,CANCELADAS,Anulado,PEDIDO MAL GENERADO,TLV_NET_DVALOI,SIM,1 sept 2026,null,null,No,CANCELADAS,2026-09-01 17:30:43,Monolínea,Mono_item,Arequipa,null,null,Power 59.90 N
Netcall,3 sept 2026,14,915716937,915716937Empty,9283,Outbound,Portabilidad Postpago,EXPRESS,Logixtal,5022,ABIERTAS,Pendiente Entrega,Pendiente de Picking,NET_CTRAVIM,SIM,3 sept 2026,null,null,No,ABIERTAS,null,Multilínea,Mono_item,Arequipa,null,null,null
Netcall,2 sept 2026,9,915223207,9152232078169969100292,9283,Outbound,Portabilidad Postpago,PROGRAMADO,Logixtal,5022,ABIERTAS,No bop,No bop,TLV_NET_JSOTOZ,SIM,4 sept 2026,null,null,No,ABIERTAS,null,Multilínea,Mono_item,Arequipa,null,null,Power ilim 79.90 SD N
Netcall,2 sept 2026,16,915345160,9153451608171213555825,9283,Outbound,Portabilidad Postpago,EXPRESS,Logixtal,5022,ABIERTAS,Pendiente Entrega,Pendiente Entrega,NET_KZAVALETAZ,SIM,2 sept 2026,null,null,No,ABIERTAS,null,Monolínea,Mono_item,Arequipa,null,null,Power 59.90 N
Netcall,2 sept 2026,16,915343752,9153437528171201879915,9283,Outbound,Portabilidad Postpago,EXPRESS,Logixtal,5022,ABIERTAS,Pendiente Entrega,Pendiente Entrega,NET_AYZAGUIRREH,SIM,2 sept 2026,null,null,No,ABIERTAS,null,Monolínea,Mono_item,Arequipa,null,null,Power ilim 69.90 N
Netcall,1 sept 2026,15,914880891,9148808918166489898781,9271,Outbound,Portabilidad Postpago,EXPRESS,Logixtal,5022,CERRADAS,Entregado,Entregado,NET_CREYESJ,SIM,1 sept 2026,1 sept 2026,02/09/2026,Sí,CERRADAS,2026-09-02 00:13:52,Monolínea,Mono_item,Arequipa,29.95,Power 59.90 N,Power 59.90 N
Netcall,2 sept 2026,15,915325924,9153259248171017104584,9283,Outbound,Portabilidad Postpago,EXPRESS,Logixtal,5022,ABIERTAS,Pendiente Entrega,Pendiente Entrega,NET_ATRIVINOS,SIM,2 sept 2026,null,null,No,ABIERTAS,null,Multilínea,Mono_item,Arequipa,null,null,Power ilim 79.90 SD N
Netcall,2 sept 2026,16,915342967,9153429678171189132060,9283,Outbound,Portabilidad Postpago,EXPRESS,Logixtal,5022,ABIERTAS,Pendiente Entrega,Pendiente Entrega,NET_KZAVALETAZ,SIM,2 sept 2026,null,null,No,ABIERTAS,null,Monolínea,Mono_item,Arequipa,null,null,Power 59.90 N
Netcall,1 sept 2026,15,914879850,9148798508166466661423,9283,Outbound,Portabilidad Postpago,EXPRESS,Logixtal,5022,CANCELADAS,Anulado,CLIENTE YA NO DESEA PRODUCTO,NET_ELAURAQ,SIM,1 sept 2026,null,null,No,CANCELADAS,2026-09-01 18:20:40,Monolínea,Mono_item,Arequipa,null,null,Power 59.90 N
Netcall,3 sept 2026,14,915716163,915716163Empty,9283,Outbound,Portabilidad Postpago,EXPRESS,Logixtal,5022,ABIERTAS,Pendiente Entrega,Pendiente de Picking,NET_CTRAVIM,SIM,3 sept 2026,null,null,No,ABIERTAS,null,Multilínea,Mono_item,Arequipa,null,null,null
Netcall,1 sept 2026,10,914782072,9147820728165451923436,9283,Outbound,Portabilidad Prepago,EXPRESS,Logixtal,5022,CERRADAS,Entregado,Entregado,NET_JLUCIANOT,SIM,1 sept 2026,1 sept 2026,02/09/2026,Sí,CERRADAS,2026-09-02 03:19:35,Monolínea,Mono_item,Arequipa,29.95,Power 59.90 N,Power 59.90 N
Netcall,3 sept 2026,8,915608361,91560836189511710111070746801,9283,Outbound,Portabilidad Postpago,EXPRESS,Logixtal,5022,CANCELADAS,Pendiente Entrega,Pendiente de Picking,NET_CIOLAYAR,SIM,3 sept 2026,null,null,No,CANCELADAS,2026-09-03 10:42:10,Monolínea,Mono_item,Arequipa,null,null,null
Netcall,3 sept 2026,14,915722410,91572241089511710111070746926,9283,Outbound,Portabilidad Postpago,EXPRESS,Logixtal,5022,ABIERTAS,Pendiente Entrega,Pendiente de Picking,NET_JIYASHAMAR,SIM,3 sept 2026,null,null,No,ABIERTAS,null,Monolínea,Mono_item,Arequipa,null,null,null
Netcall,1 sept 2026,14,914857013,9148570138166216527966,9283,Outbound,Portabilidad Postpago,EXPRESS,Logixtal,5022,CERRADAS,Entregado,Entregado,NET_JCHEROO,SIM,1 sept 2026,1 sept 2026,02/09/2026,Sí,CERRADAS,2026-09-02 00:29:07,Monolínea,Mono_item,Arequipa,39.95,Power ilim 79.90 SD N,Power ilim 79.90 SD N
Netcall,1 sept 2026,11,914815595,9148155958165777392219,9283,Outbound,Portabilidad Prepago,RETIRO EN TIENDA,Retiro en tienda,3096,CERRADAS,Entregado,Entregado,NET_CCOBENAM,SIM,1 sept 2026,1 sept 2026,02/09/2026,Sí,CERRADAS,2026-09-02 01:41:13,Multilínea,Mono_item,Ica,19.95,Power ilim 79.90 SD N,Power ilim 79.90 SD N
Netcall,1 sept 2026,11,914814431,9148144318165763996852,9283,Outbound,Portabilidad Postpago,RETIRO EN TIENDA,Retiro en tienda,3096,CERRADAS,Entregado,Entregado,NET_CCOBENAM,SIM,1 sept 2026,1 sept 2026,02/09/2026,Sí,CERRADAS,2026-09-02 00:40:45,Multilínea,Mono_item,Ica,19.95,Power ilim 79.90 SD N,Power ilim 79.90 SD N
Netcall,1 sept 2026,11,914812273,9148122738165745258822,9283,Outbound,Portabilidad Postpago,RETIRO EN TIENDA,Retiro en tienda,3096,CERRADAS,Entregado,Entregado,NET_CCOBENAM,SIM,1 sept 2026,1 sept 2026,02/09/2026,Sí,CERRADAS,2026-09-02 01:54:30,Multilínea,Mono_item,Ica,19.95,Power ilim 79.90 SD N,Power ilim 79.90 SD N
Netcall,2 sept 2026,17,915355215,9153552158171318460605,9283,Outbound,Portabilidad Postpago,RETIRO EN TIENDA,Retiro en tienda,3096,ABIERTAS,Pendiente Entrega,Pendiente Entrega,NET_CALCAB,SIM,2 sept 2026,null,null,No,ABIERTAS,null,Monolínea,Mono_item,Ica,null,null,Power ilim 79.90 SD N
Netcall,3 sept 2026,14,915715040,915715040Empty,9283,Outbound,Portabilidad Postpago,RETIRO EN TIENDA,Retiro en tienda,3096,ABIERTAS,Pendiente Entrega,Pendiente Entrega,NET_LCALDERONCA,SIM,3 sept 2026,null,null,No,ABIERTAS,null,Monolínea,Mono_item,Ica,null,null,null
Netcall,1 sept 2026,11,914816829,9148168298165789091791,9283,Outbound,Venta Regular / Alta,RETIRO EN TIENDA,Retiro en tienda,3096,CERRADAS,Entregado,Entregado,NET_CCOBENAM,SIM,1 sept 2026,1 sept 2026,01/09/2026,Sí,CERRADAS,2026-09-01 18:52:46,Multilínea,Mono_item,Ica,39.95,Power ilim 79.90 SD N,Power ilim 79.90 SD N
Netcall,1 sept 2026,18,914925019,9149250198166953718984,9283,Outbound,Portabilidad Postpago,RETIRO EN TIENDA,Retiro en tienda,3096,CANCELADAS,Cancelado,Cancelado,TLV_NET_APINTAD,SIM,2 sept 2026,null,null,No,CANCELADAS,2026-09-02 10:10:03,Monolínea,Mono_item,Ica,null,null,Power 59.90 N
Netcall,3 sept 2026,11,915670478,915670478Empty,9283,Outbound,Portabilidad Postpago,RETIRO EN TIENDA,Retiro en tienda,3096,ABIERTAS,Pendiente Entrega,Pendiente Entrega,NET_ADOROTEOSAL,SIM,3 sept 2026,null,null,No,ABIERTAS,null,Monolínea,Mono_item,Ica,null,null,null
Netcall,1 sept 2026,17,914917177,9149171778166873881024,9283,Outbound,Portabilidad Postpago,RETIRO EN TIENDA,Retiro en tienda,3096,ABIERTAS,Pendiente Entrega,Pendiente Entrega,NET_MMREVILLA,SIM,1 sept 2026,null,null,No,ABIERTAS,null,Monolínea,Mono_item,Ica,null,null,Power ilim 79.90 SD N
Netcall,2 sept 2026,17,915357148,9153571488171341530121,9283,Outbound,Portabilidad Postpago,RETIRO EN TIENDA,Retiro en tienda,3096,CERRADAS,Entregado,Entregado,NET_SSALAZARV,SIM,2 sept 2026,2 sept 2026,null,No,CERRADAS,2026-09-03 03:31:46,Monolínea,Mono_item,Ica,null,Power ilim 79.90 SD N,Power ilim 79.90 SD N
Netcall,3 sept 2026,10,915641812,91564181289511710111070713660,9283,Outbound,Portabilidad Postpago,EXPRESS,Logixtal,5022,ABIERTAS,Entregado,Entregado,NET_BBELLIDOP,SIM,3 sept 2026,null,null,No,ABIERTAS,null,Multilínea,Mono_item,Arequipa,null,null,null
Netcall,3 sept 2026,10,915640576,91564057689511710111070713694,9283,Outbound,Portabilidad Postpago,EXPRESS,Logixtal,5022,ABIERTAS,Entregado,Entregado,NET_BBELLIDOP,SIM,3 sept 2026,null,null,No,ABIERTAS,null,Multilínea,Mono_item,Arequipa,null,null,null
Netcall,1 sept 2026,11,914812930,9148129308165752812412,9283,Outbound,Portabilidad Prepago,EXPRESS,Logixtal,5022,CERRADAS,Entregado,Entregado,NET_ACQUISPE,SIM,1 sept 2026,1 sept 2026,02/09/2026,Sí,CERRADAS,2026-09-02 00:32:18,Multilínea,Mono_item,Arequipa,39.95,Power ilim 79.90 SD N,Power ilim 79.90 SD N
Netcall,1 sept 2026,11,914810767,9148107678165730341369,9283,Outbound,Portabilidad Prepago,EXPRESS,Logixtal,5022,CERRADAS,Entregado,Entregado,NET_ACQUISPE,SIM,1 sept 2026,1 sept 2026,02/09/2026,Sí,CERRADAS,2026-09-02 01:52:17,Multilínea,Mono_item,Arequipa,19.95,Power ilim 79.90 SD N,Power ilim 79.90 SD N
Netcall,3 sept 2026,11,915656404,91565640489511710111070730920,9289,Outbound,Portabilidad Postpago,EXPRESS,Logixtal,5022,ABIERTAS,Entregado,Entregado,TLV_NET_MLANDAR,SIM,3 sept 2026,null,null,No,ABIERTAS,null,Monolínea,Mono_item,Arequipa,null,null,null
Netcall,2 sept 2026,10,915230383,9152303838170038008288,9283,Outbound,Portabilidad Postpago,PROGRAMADO,Logixtal,5021,ABIERTAS,Pendiente Entrega,Pendiente Entrega,NET_EMACHEROT,SIM,3 sept 2026,null,null,No,ABIERTAS,null,Monolínea,Mono_item,Piura,null,null,Power ilim 79.90 SD N
Netcall,2 sept 2026,9,915218702,9152187028169922408853,9283,Outbound,Portabilidad Postpago,PROGRAMADO,Logixtal,5021,ABIERTAS,Pendiente Entrega,Pendiente Entrega,TLV_NET_GCUEVAC,SIM,3 sept 2026,null,null,No,ABIERTAS,null,Multilínea,Mono_item,Piura,null,null,Power ilim 79.90 SD N
Netcall,2 sept 2026,9,915223107,9152231078169967628350,9283,Outbound,Portabilidad Postpago,PROGRAMADO,Logixtal,5021,ABIERTAS,Pendiente Entrega,Pendiente Entrega,TLV_NET_GCUEVAC,SIM,3 sept 2026,null,null,No,ABIERTAS,null,Multilínea,Mono_item,Piura,null,null,Power ilim 79.90 SD N
Netcall,2 sept 2026,13,915294304,9152943048170685242674,9283,Outbound,Portabilidad Postpago,PROGRAMADO,Logixtal,5021,ABIERTAS,Pendiente Entrega,Pendiente Entrega,TLV_NET_YAQUINO,SIM,3 sept 2026,null,null,No,ABIERTAS,null,Multilínea,Mono_item,Piura,null,null,Power 59.90 N
Netcall,2 sept 2026,12,915277960,9152779608170509088088,5299,Outbound,Portabilidad Postpago,PROGRAMADO,Logixtal,5021,ABIERTAS,Pendiente Entrega,Pendiente Entrega,NET_JBOZAC,SIM,3 sept 2026,null,null,No,ABIERTAS,null,Monolínea,Mono_item,Piura,null,null,Power ilim 79.90 SD N
Netcall,1 sept 2026,13,914848318,9148483188166119939295,5299,Outbound,Portabilidad Postpago,EXPRESS,Logixtal,5021,CERRADAS,Entregado,Entregado,NET_CPORRASP,SIM,1 sept 2026,1 sept 2026,02/09/2026,Sí,CERRADAS,2026-09-02 00:35:39,Monolínea,Mono_item,Piura,39.95,Power ilim 79.90 SD N,Power ilim 79.90 SD N
Netcall,1 sept 2026,12,914823609,9148236098165857529843,9283,Outbound,Portabilidad Postpago,EXPRESS,Logixtal,5021,CERRADAS,Entregado,Entregado,NET_KORTIZD,SIM,1 sept 2026,1 sept 2026,02/09/2026,Sí,CERRADAS,2026-09-02 02:17:51,Monolínea,Mono_item,Piura,29.95,Power 59.90 N,Power 59.90 N
Netcall,1 sept 2026,7,914669840,9146698408164622491884,9283,Outbound,Portabilidad Postpago,EXPRESS,Logixtal,5021,CANCELADAS,Cancelado,ORDEN NO VALIDO EN SIEBEL O ESTADO CANCELADO,NET_KROJASNAUPA,SIM,1 sept 2026,null,null,No,CANCELADAS,2026-09-01 16:29:26,Monolínea,Mono_item,Piura,null,null,Power 59.90 N
Netcall,1 sept 2026,14,914860449,9148604498166254944740,9283,Outbound,Portabilidad Postpago,EXPRESS,Logixtal,5021,CERRADAS,Entregado,Entregado,NET_DMORENOL,SIM,1 sept 2026,1 sept 2026,02/09/2026,Sí,CERRADAS,2026-09-02 00:48:13,Monolínea,Mono_item,Piura,29.95,Power 59.90 N,Power 59.90 N
Netcall,1 sept 2026,15,914880342,914880342,9283,Outbound,Portabilidad Postpago,EXPRESS,Logixtal,5021,CERRADAS,Entregado,Entregado,NET_YRAYMUNDOTA,SIM,1 sept 2026,2 sept 2026,null,No,CERRADAS,2026-09-03 00:35:46,Monolínea,Mono_item,Piura,null,Power ilim 79.90 SD N,null
Netcall,1 sept 2026,7,914697744,9146977448164803570738,9283,Outbound,Portabilidad Postpago,EXPRESS,Logixtal,5021,CERRADAS,Entregado,Entregado,NET_SRAMOSC,SIM,1 sept 2026,1 sept 2026,02/09/2026,Sí,CERRADAS,2026-09-02 00:36:45,Multilínea,Multi_item,Piura,19.95,Power ilim 79.90 SD N,Power ilim 79.90 SD N
Netcall,2 sept 2026,15,915316229,915316229,9283,Outbound,Portabilidad Postpago,EXPRESS,Logixtal,5021,CERRADAS,Entregado,Entregado,TLV_NET_BRAMIRE,SIM,2 sept 2026,2 sept 2026,null,No,CERRADAS,2026-09-03 00:31:28,Monolínea,Mono_item,Piura,null,Power 59.90 N,null
Netcall,1 sept 2026,17,914906950,9149069508166764138303,9283,Outbound,Portabilidad Postpago,PROGRAMADO,Logixtal,5021,CERRADAS,Entregado,Entregado,TLV_NET_GANACLE,SIM,2 sept 2026,2 sept 2026,null,No,CERRADAS,2026-09-03 00:56:21,Monolínea,Mono_item,Piura,null,Power 59.90 N,Power 59.90 N
Netcall,3 sept 2026,10,915652459,91565245989511710111068555081,9283,Outbound,Portabilidad Postpago,EXPRESS,Logixtal,5021,CANCELADAS,Pendiente Entrega,Pendiente de Picking,TLV_NET_LVILLLA,SIM,3 sept 2026,null,null,No,CANCELADAS,2026-09-03 12:44:52,Monolínea,Mono_item,Piura,null,null,null
Netcall,2 sept 2026,10,915233880,9152338808170074536372,9283,Outbound,Portabilidad Postpago,EXPRESS,Logixtal,5021,ABIERTAS,Pendiente Entrega,Pendiente Entrega,NET_AJSANCHEZR,SIM,2 sept 2026,null,null,No,ABIERTAS,null,Monolínea,Mono_item,Piura,null,null,Power 59.90 N
Netcall,3 sept 2026,10,915633967,91563396789511710111070526971,9271,Outbound,Portabilidad Postpago,PROGRAMADO,Logixtal,5021,ABIERTAS,Pendiente Entrega,Pendiente de Picking,NET_DMALCAD,SIM,5 sept 2026,null,null,No,ABIERTAS,null,Multilínea,Mono_item,Piura,null,null,null
Netcall,1 sept 2026,7,914697744,9146977448164803570300,9283,Outbound,Portabilidad Postpago,EXPRESS,Logixtal,5021,CERRADAS,Entregado,Entregado,NET_SRAMOSC,SIM,1 sept 2026,1 sept 2026,02/09/2026,Sí,CERRADAS,2026-09-02 00:36:45,Multilínea,Multi_item,Piura,39.95,Power ilim 79.90 SD N,Power ilim 79.90 SD N
Netcall,3 sept 2026,10,915635344,91563534489511710111070526963,9271,Outbound,Venta Regular / Alta,PROGRAMADO,Logixtal,5021,ABIERTAS,Pendiente Entrega,Pendiente de Picking,NET_DMALCAD,SIM,5 sept 2026,null,null,No,ABIERTAS,null,Multilínea,Mono_item,Piura,null,null,null
Netcall,1 sept 2026,11,914797744,9147977448165597428485,9283,Outbound,Portabilidad Postpago,EXPRESS,Logixtal,5021,CERRADAS,Entregado,Entregado,NET_GMENDIGUETE,SIM,1 sept 2026,1 sept 2026,02/09/2026,Sí,CERRADAS,2026-09-02 01:19:40,Monolínea,Mono_item,Piura,29.95,Power 59.90 N,Power 59.90 N
Netcall,1 sept 2026,7,914697744,9146977448164803570519,9283,Outbound,Portabilidad Postpago,EXPRESS,Logixtal,5021,CERRADAS,Entregado,Entregado,NET_SRAMOSC,SIM,1 sept 2026,1 sept 2026,02/09/2026,Sí,CERRADAS,2026-09-02 00:36:45,Multilínea,Multi_item,Piura,19.95,Power ilim 79.90 SD N,Power ilim 79.90 SD N
Netcall,1 sept 2026,16,914895507,9148955078166637696829,9283,Outbound,Portabilidad Postpago,EXPRESS,Logixtal,5021,CERRADAS,Entregado,Entregado,NET_ARODRIGUEZF,SIM,1 sept 2026,1 sept 2026,02/09/2026,Sí,CERRADAS,2026-09-02 01:18:17,Monolínea,Mono_item,Piura,29.95,Power 59.90 N,Power 59.90 N
Netcall,3 sept 2026,13,915706805,915706805Empty,9283,Outbound,Portabilidad Postpago,EXPRESS,Logixtal,5021,ABIERTAS,Pendiente Entrega,Pendiente de Picking,TLV_NET_LVILLLA,SIM,3 sept 2026,null,null,No,ABIERTAS,null,Monolínea,Mono_item,Piura,null,null,null
Netcall,2 sept 2026,9,915224676,915224676,9283,Outbound,Portabilidad Postpago,EXPRESS,Logixtal,5021,CERRADAS,Entregado,Entregado,NET_YRAYMUNDOTA,SIM,2 sept 2026,2 sept 2026,null,No,CERRADAS,2026-09-03 00:31:22,Monolínea,Mono_item,Piura,null,Power ilim 79.90 SD N,null
Netcall,2 sept 2026,15,915322530,9153225308170985821033,9271,Outbound,Portabilidad Postpago,PROGRAMADO,Logixtal,5023,ABIERTAS,Pendiente Entrega,Pendiente Entrega,NET_KTORRESP,SIM,8 sept 2026,null,null,No,ABIERTAS,null,Multilínea,Mono_item,La Libertad,null,null,Power ilim 79.90 SD N
Netcall,2 sept 2026,15,915319663,9153196638170954998524,9271,Outbound,Portabilidad Postpago,PROGRAMADO,Logixtal,5023,ABIERTAS,Pendiente Entrega,Pendiente Entrega,NET_KTORRESP,SIM,8 sept 2026,null,null,No,ABIERTAS,null,Multilínea,Mono_item,La Libertad,null,null,Power ilim 79.90 SD N
Netcall,2 sept 2026,15,915323611,9153236118171002687479,9283,Outbound,Portabilidad Postpago,PROGRAMADO,Logixtal,5023,ABIERTAS,Pendiente Entrega,Pendiente Entrega,NET_SBENITESL,SIM,8 sept 2026,null,null,No,ABIERTAS,null,Monolínea,Mono_item,La Libertad,null,null,Power ilim 69.90 N
Netcall,2 sept 2026,10,915241178,9152411788170159920237,9283,Outbound,Portabilidad Postpago,PROGRAMADO,Logixtal,5023,ABIERTAS,Pendiente Entrega,Pendiente Entrega,NET_WBENITESA,SIM,8 sept 2026,null,null,No,ABIERTAS,null,Monolínea,Mono_item,La Libertad,null,null,Power ilim 69.90 N
Netcall,1 sept 2026,18,914923675,9149236758166944656949,9283,Outbound,Portabilidad Postpago,PROGRAMADO,Logixtal,9001,CERRADAS,Entregado,Entregado,NET_KORTIZD,SIM,2 sept 2026,2 sept 2026,null,No,CERRADAS,2026-09-03 01:12:17,Monolínea,Mono_item,Lima - Callao,null,Power ilim 79.90 SD N,Power ilim 79.90 SD N
Netcall,3 sept 2026,9,915627319,91562731989511710111073774263,9283,Outbound,Portabilidad Postpago,EXPRESS,Logixtal,9001,ABIERTAS,Entregado,Entregado,NET_ATISNADOA,SIM,3 sept 2026,null,null,No,ABIERTAS,null,Monolínea,Mono_item,Lima - Callao,null,null,null
Netcall,3 sept 2026,10,915639696,915639696Empty,9283,Outbound,Portabilidad Postpago,PROGRAMADO,Retiro en tienda,9354,ABIERTAS,Pendiente Entrega,Pendiente Entrega,NET_GHERRERAG,SIM,5 sept 2026,null,null,No,ABIERTAS,null,Monolínea,Mono_item,Ayacucho,null,null,null
Netcall,2 sept 2026,18,915374964,9153749648171519217269,5299,Outbound,Portabilidad Postpago,PROGRAMADO,Logixtal,9354,ABIERTAS,Pendiente Entrega,Pendiente Entrega,NET_JBOZAC,SIM,3 sept 2026,null,null,No,ABIERTAS,null,Monolínea,Mono_item,Ayacucho,null,null,Power 59.90 N
Netcall,1 sept 2026,13,914843903,9148439038166083413905,9283,Outbound,Portabilidad Postpago,PROGRAMADO,Logixtal,9001,CERRADAS,Entregado,Entregado,TLV_NET_GJQUISP,SIM,2 sept 2026,2 sept 2026,null,No,CERRADAS,2026-09-03 01:50:19,Monolínea,Mono_item,Lima - Callao,null,Power ilim 69.90 N,Power ilim 69.90 N
Netcall,1 sept 2026,15,914883506,9148835068166510381835,9283,Outbound,Portabilidad Postpago,EXPRESS,Logixtal,9001,CERRADAS,Entregado,Entregado,NET_SDIAZO,SIM,1 sept 2026,1 sept 2026,02/09/2026,Sí,CERRADAS,2026-09-02 01:47:19,Monolínea,Mono_item,Lima - Callao,39.95,Power ilim 79.90 SD N,Power ilim 79.90 SD N
Netcall,2 sept 2026,22,915425009,9154250098172056484877,9283,Outbound,Portabilidad Postpago,PROGRAMADO,Logixtal,9001,ABIERTAS,Pendiente Entrega,Pendiente Entrega,NET_TVASQUEZANG,SIM,3 sept 2026,null,null,No,ABIERTAS,null,Monolínea,Mono_item,Lima - Callao,null,null,Power ilim 69.90 N
Netcall,1 sept 2026,13,914839524,9148395248166023258953,9283,Outbound,Portabilidad Postpago,PROGRAMADO,Logixtal,9001,ABIERTAS,Pendiente Entrega,Pendiente Entrega,NET_TBECERRAC,SIM,3 sept 2026,null,null,No,ABIERTAS,null,Monolínea,Mono_item,Lima - Callao,null,null,Power ilim 79.90 SD N
Netcall,1 sept 2026,10,914787276,9147872768165498596482,9283,Outbound,Portabilidad Postpago,EXPRESS,Logixtal,9001,CERRADAS,Entregado,Entregado,NET_VMEJIAC,SIM,1 sept 2026,1 sept 2026,02/09/2026,Sí,CERRADAS,2026-09-02 01:06:35,Multilínea,Mono_item,Lima - Callao,19.95,Power ilim 79.90 SD N,Power ilim 79.90 SD N
Netcall,2 sept 2026,13,915293792,915293792,9283,Outbound,Portabilidad Postpago,EXPRESS,Logixtal,9001,CERRADAS,Entregado,Entregado,NET_VZEGARRAAGU,SIM,2 sept 2026,2 sept 2026,null,No,CERRADAS,2026-09-03 00:30:46,Multilínea,Mono_item,Lima - Callao,null,Power ilim 79.90 SD N,null
Netcall,3 sept 2026,14,915726046,915726046Empty,9283,Outbound,Portabilidad Postpago,EXPRESS,Logixtal,9001,ABIERTAS,Pendiente Entrega,Pendiente de Picking,NET_MCVASQUEZ,SIM,3 sept 2026,null,null,No,ABIERTAS,null,Multilínea,Mono_item,Lima - Callao,null,null,null
Netcall,2 sept 2026,10,915227529,9152275298170009038154,9283,Outbound,Portabilidad Postpago,EXPRESS,Logixtal,9001,CERRADAS,Entregado,Entregado,NET_TMUNOZCALDE,SIM,2 sept 2026,2 sept 2026,null,No,CERRADAS,2026-09-03 01:15:48,Monolínea,Mono_item,Lima - Callao,null,Power 59.90 N,Power 59.90 N
Netcall,3 sept 2026,11,915653420,91565342089511710101029986376,9283,Outbound,Portabilidad Postpago,EXPRESS,Logixtal,9001,ABIERTAS,Entregado,Entregado,NET_JIYASHAMAR,SIM,3 sept 2026,null,null,No,ABIERTAS,null,Monolínea,Mono_item,Lima - Callao,null,null,null
Netcall,3 sept 2026,12,915678793,91567879389511710101029980916,9283,Outbound,Portabilidad Postpago,EXPRESS,Logixtal,9001,CANCELADAS,Pendiente Entrega,Pendiente de Picking,NET_SDIAZO,SIM,3 sept 2026,null,null,No,CANCELADAS,2026-09-03 12:56:24,Monolínea,Mono_item,Lima - Callao,null,null,null
Netcall,2 sept 2026,9,915216772,9152167728169911162970,9283,Outbound,Portabilidad Postpago,EXPRESS,Logixtal,9001,CERRADAS,Entregado,Entregado,TLV_NET_MCHAMBI,SIM,2 sept 2026,2 sept 2026,null,No,CERRADAS,2026-09-03 01:18:49,Monolínea,Mono_item,Lima - Callao,null,Power ilim 79.90 SD N,Power ilim 79.90 SD N
Netcall,1 sept 2026,15,914785551,9147855518166502364599,9283,Outbound,Portabilidad Postpago,EXPRESS,Logixtal,9001,ABIERTAS,Pendiente Entrega,Pendiente Entrega,NET_KCHUNAP,SIM,1 sept 2026,null,null,No,ABIERTAS,null,Monolínea,Mono_item,Lima - Callao,null,null,Power ilim 79.90 SD N
Netcall,2 sept 2026,12,915272269,9152722698170450839218,9283,Outbound,Portabilidad Postpago,EXPRESS,Logixtal,9001,CERRADAS,Entregado,Entregado,NET_STAVARALIVI,SIM,2 sept 2026,2 sept 2026,null,No,CERRADAS,2026-09-03 01:09:06,Monolínea,Mono_item,Lima - Callao,null,Power ilim 69.90 N,Power ilim 69.90 N
Netcall,1 sept 2026,10,914790163,9147901638165523221647,9283,Outbound,Portabilidad Postpago,EXPRESS,Logixtal,9001,CANCELADAS,Cancelado,ERROR EN CSV,NET_AARNAIZA,SIM,1 sept 2026,null,null,No,CANCELADAS,2026-09-01 10:42:09,Multilínea,Mono_item,Lima - Callao,null,null,Power ilim 79.90 SD N
Netcall,3 sept 2026,14,915726776,915726776Empty,9283,Outbound,Venta Regular / Alta,EXPRESS,Logixtal,9001,ABIERTAS,Pendiente Entrega,Pendiente de Picking,NET_MCVASQUEZ,SIM,3 sept 2026,null,null,No,ABIERTAS,null,Multilínea,Mono_item,Lima - Callao,null,null,null
Netcall,2 sept 2026,13,915292752,915292752,9283,Outbound,Portabilidad Postpago,EXPRESS,Logixtal,9001,CERRADAS,Entregado,Entregado,NET_VZEGARRAAGU,SIM,2 sept 2026,2 sept 2026,null,No,CERRADAS,2026-09-03 00:25:21,Multilínea,Mono_item,Lima - Callao,null,Power ilim 79.90 SD N,null
Netcall,2 sept 2026,23,915492906,9154929068172252059912,9283,Outbound,Portabilidad Postpago,PROGRAMADO,Logixtal,9001,ABIERTAS,Pendiente Entrega,Pendiente Entrega,TLV_NET_DVALOI,SIM,3 sept 2026,null,null,No,ABIERTAS,null,Monolínea,Mono_item,Lima - Callao,null,null,Power 59.90 N
Netcall,3 sept 2026,11,915658827,91565882789511710101029980924,9283,Outbound,Portabilidad Postpago,EXPRESS,Logixtal,9001,ABIERTAS,Entregado,Entregado,NET_MZEVALLOSMA,SIM,3 sept 2026,null,null,No,ABIERTAS,null,Monolínea,Mono_item,Lima - Callao,null,null,null
Netcall,1 sept 2026,9,914761385,9147613858165259391638,9283,Outbound,Portabilidad Postpago,EXPRESS,Logixtal,9001,CANCELADAS,Cancelado,ERROR EN CSV,NET_ABARRERAY,SIM,1 sept 2026,null,null,No,CANCELADAS,2026-09-01 09:07:11,Multilínea,Mono_item,Lima - Callao,null,null,Power ilim 69.90 N
Netcall,1 sept 2026,9,914768353,9147683538165316542997,9283,Outbound,Portabilidad Postpago,EXPRESS,Logixtal,9001,CERRADAS,Entregado,Entregado,NET_CIOLAYAR,SIM,1 sept 2026,1 sept 2026,02/09/2026,Sí,CERRADAS,2026-09-02 01:27:20,Monolínea,Mono_item,Lima - Callao,39.95,Power ilim 79.90 SD N,Power ilim 79.90 SD N
Netcall,3 sept 2026,10,915647667,91564766789511710101029986368,9283,Outbound,Portabilidad Postpago,EXPRESS,Logixtal,9001,ABIERTAS,Entregado,Entregado,NET_JIYASHAMAR,SIM,3 sept 2026,null,null,No,ABIERTAS,null,Monolínea,Mono_item,Lima - Callao,null,null,null
Netcall,2 sept 2026,10,915231181,9152311818170046536253,9283,Outbound,Portabilidad Postpago,EXPRESS,Logixtal,9001,CERRADAS,Entregado,Entregado,NET_ADOMINGUEZF,SIM,2 sept 2026,2 sept 2026,null,No,CERRADAS,2026-09-03 00:49:10,Monolínea,Mono_item,Lima - Callao,null,Power 59.90 N,Power 59.90 N
Netcall,2 sept 2026,18,915373304,915373304,9283,Outbound,Portabilidad Postpago,EXPRESS,Logixtal,9001,CERRADAS,Entregado,Entregado,NET_EMEDINAU,SIM,2 sept 2026,2 sept 2026,null,No,CERRADAS,2026-09-03 00:40:09,Monolínea,Mono_item,Lima - Callao,null,Power 59.90 N,null
Netcall,3 sept 2026,10,915650741,91565074189511710111073972867,9283,Outbound,Portabilidad Postpago,EXPRESS,Logixtal,9001,CANCELADAS,Pendiente Entrega,Pendiente de Picking,NET_SDIAZO,SIM,3 sept 2026,null,null,No,CANCELADAS,2026-09-03 11:32:57,Monolínea,Mono_item,Lima - Callao,null,null,null
Netcall,3 sept 2026,12,915674730,91567473089511710111073972727,9283,Outbound,Portabilidad Postpago,EXPRESS,Logixtal,9001,ABIERTAS,Entregado,Entregado,TLV_NET_CACEVED,SIM,3 sept 2026,null,null,No,ABIERTAS,null,Monolínea,Mono_item,Lima - Callao,null,null,null
Netcall,1 sept 2026,11,914802629,9148026298165642876052,9283,Outbound,Portabilidad Postpago,EXPRESS,Logixtal,9001,CANCELADAS,Cancelado,ERROR EN CSV,NET_AARNAIZA,SIM,1 sept 2026,null,null,No,CANCELADAS,2026-09-01 11:18:10,Multilínea,Mono_item,Lima - Callao,null,null,Power ilim 79.90 SD N
Netcall,1 sept 2026,12,914819987,9148199878165821991617,9271,Outbound,Portabilidad Postpago,EXPRESS,Logixtal,9001,CERRADAS,Entregado,Entregado,NET_KESCORZAC,SIM,1 sept 2026,1 sept 2026,02/09/2026,Sí,CERRADAS,2026-09-02 00:35:41,Monolínea,Mono_item,Lima - Callao,39.95,Power ilim 79.90 SD N,Power ilim 79.90 SD N
Netcall,1 sept 2026,10,914788624,9147886248165510836221,9283,Outbound,Portabilidad Prepago,EXPRESS,Logixtal,9001,CERRADAS,Entregado,Entregado,NET_VMEJIAC,SIM,1 sept 2026,1 sept 2026,02/09/2026,Sí,CERRADAS,2026-09-02 00:39:20,Multilínea,Mono_item,Lima - Callao,39.95,Power ilim 79.90 SD N,Power ilim 79.90 SD N
Netcall,1 sept 2026,11,914801138,9148011388165632067037,9283,Outbound,Portabilidad Postpago,EXPRESS,Logixtal,5022,CANCELADAS,Anulado,CLIENTE YA NO DESEA PRODUCTO,NET_DDIAZC,SIM,1 sept 2026,null,null,No,CANCELADAS,2026-09-01 12:16:39,Monolínea,Mono_item,Arequipa,null,null,Power ilim 79.90 SD N
Netcall,2 sept 2026,16,915343837,9153438378171199067653,9283,Outbound,Portabilidad Postpago,EXPRESS,Logixtal,5022,CERRADAS,Entregado,Entregado,NET_LLOBATONV,SIM,2 sept 2026,2 sept 2026,null,No,CERRADAS,2026-09-03 01:52:03,Multilínea,Mono_item,Arequipa,null,Power ilim 79.90 SD N,Power ilim 79.90 SD N
Netcall,2 sept 2026,16,915345130,9153451308171215972454,9283,Outbound,Venta Regular / Alta,EXPRESS,Logixtal,5022,CERRADAS,Entregado,Entregado,NET_LLOBATONV,SIM,2 sept 2026,2 sept 2026,02/09/2026,Sí,CERRADAS,2026-09-02 19:03:15,Multilínea,Mono_item,Arequipa,39.95,Power ilim 79.90 SD N,Power ilim 79.90 SD N
Netcall,2 sept 2026,17,915352728,9153527288171295343159,9283,Outbound,Portabilidad Postpago,RETIRO EN TIENDA,Retiro en tienda,3048,CERRADAS,Entregado,Entregado,NET_RFIGUEROAR,SIM,2 sept 2026,2 sept 2026,null,No,CERRADAS,2026-09-03 00:41:55,Monolínea,Mono_item,Arequipa,null,Power 59.90 N,Power 59.90 N
Netcall,1 sept 2026,13,914849167,9148491678166129535692,9283,Outbound,Portabilidad Postpago,EXPRESS,Logixtal,5022,CERRADAS,Entregado,Entregado,NET_JIYASHAMAR,SIM,1 sept 2026,1 sept 2026,02/09/2026,Sí,CERRADAS,2026-09-02 00:24:42,Monolínea,Mono_item,Arequipa,34.95,Power ilim 69.90 N,Power ilim 69.90 N
Netcall,2 sept 2026,16,915337020,915337020,9283,Outbound,Portabilidad Postpago,EXPRESS,Logixtal,5022,CERRADAS,Entregado,Entregado,NET_BROMANS,SIM,2 sept 2026,2 sept 2026,null,No,CERRADAS,2026-09-03 00:22:46,Monolínea,Mono_item,Arequipa,null,Power ilim 69.90 N,null
Netcall,1 sept 2026,12,914822869,9148228698165848179681,9283,Outbound,Portabilidad Postpago,EXPRESS,Logixtal,5022,CANCELADAS,Anulado,CLIENTE YA NO DESEA PRODUCTO,NET_YMILLA,SIM,1 sept 2026,null,null,No,CANCELADAS,2026-09-02 19:55:22,Multilínea,Mono_item,Arequipa,null,null,Power ilim 79.90 SD N
Netcall,2 sept 2026,12,915280502,915280502,9283,Outbound,Portabilidad Postpago,EXPRESS,Logixtal,5022,CERRADAS,Entregado,Entregado,NET_SPEREZR,SIM,2 sept 2026,2 sept 2026,null,No,CERRADAS,2026-09-03 00:40:10,Monolínea,Mono_item,Arequipa,null,Power ilim 69.90 N,null
Netcall,2 sept 2026,17,915367394,9153673948171452297526,9283,Outbound,Portabilidad Postpago,RETIRO EN TIENDA,Retiro en tienda,3048,ABIERTAS,Pendiente Entrega,Pendiente Entrega,TLV_NET_NHUAMAA,SIM,2 sept 2026,null,null,No,ABIERTAS,null,Monolínea,Mono_item,Arequipa,null,null,Power ilim 79.90 SD N
Netcall,2 sept 2026,15,915326590,915326590,9283,Outbound,Portabilidad Postpago,EXPRESS,Logixtal,5022,CERRADAS,Entregado,Entregado,NET_SPEREZR,SIM,2 sept 2026,2 sept 2026,null,No,CERRADAS,2026-09-03 00:14:59,Monolínea,Mono_item,Arequipa,null,Power ilim 69.90 N,null
Netcall,1 sept 2026,12,914821884,9148218848165843256350,9283,Outbound,Portabilidad Postpago,EXPRESS,Logixtal,5022,CERRADAS,Entregado,Entregado,NET_YMILLA,SIM,1 sept 2026,2 sept 2026,null,No,CERRADAS,2026-09-03 01:00:44,Multilínea,Mono_item,Arequipa,null,Power ilim 79.90 SD N,Power ilim 79.90 SD N
Netcall,3 sept 2026,11,915662807,91566280789511710111070113168,9283,Outbound,Portabilidad Postpago,EXPRESS,Retiro en tienda,9349,ABIERTAS,Pendiente Entrega,Pendiente Entrega,NET_VCHIRIA,SIM,3 sept 2026,null,null,No,ABIERTAS,null,Monolínea,Mono_item,Ucayali,null,null,null
Netcall,3 sept 2026,13,915707275,915707275Empty,9283,Outbound,Portabilidad Postpago,EXPRESS,Retiro en tienda,9349,ABIERTAS,Pendiente Entrega,Pendiente Entrega,NET_SDIAZO,SIM,3 sept 2026,null,null,No,ABIERTAS,null,Monolínea,Mono_item,Ucayali,null,null,null
Netcall,2 sept 2026,16,915348114,9153481148171242158584,9283,Outbound,Portabilidad Postpago,PROGRAMADO,Logixtal,9349,ABIERTAS,Pendiente Entrega,Pendiente Entrega,NET_LLOPEZM,SIM,3 sept 2026,null,null,No,ABIERTAS,null,Monolínea,Mono_item,Ucayali,null,null,Power ilim 69.90 N
Netcall,3 sept 2026,11,915659388,915659388Empty,9283,Outbound,Portabilidad Postpago,PROGRAMADO,Retiro en tienda,9349,ABIERTAS,Pendiente Entrega,Pendiente Entrega,TLV_NET_KARANDA,SIM,5 sept 2026,null,null,No,ABIERTAS,null,Monolínea,Mono_item,Ucayali,null,null,null
Netcall,1 sept 2026,11,914805626,9148056268165675707914,9283,Outbound,Portabilidad Postpago,EXPRESS,Logixtal,9349,CERRADAS,Entregado,Entregado,TLV_NET_DBARTET,SIM,1 sept 2026,1 sept 2026,02/09/2026,Sí,CERRADAS,2026-09-02 00:45:07,Multilínea,Mono_item,Ucayali,39.95,Power ilim 79.90 SD N,Power ilim 79.90 SD N
Netcall,1 sept 2026,11,914804009,9148040098165662294002,9283,Outbound,Portabilidad Postpago,EXPRESS,Logixtal,9349,CERRADAS,Entregado,Entregado,TLV_NET_DBARTET,SIM,1 sept 2026,1 sept 2026,02/09/2026,Sí,CERRADAS,2026-09-02 01:54:41,Multilínea,Mono_item,Ucayali,19.95,Power ilim 79.90 SD N,Power ilim 79.90 SD N
Netcall,2 sept 2026,9,915216525,9152165258169902787665,9283,Outbound,Portabilidad Postpago,EXPRESS,Logixtal,9349,CERRADAS,Entregado,Entregado,TLV_NET_DCABEZU,SIM,2 sept 2026,2 sept 2026,null,No,CERRADAS,2026-09-03 01:45:46,Monolínea,Mono_item,Ucayali,null,Power ilim 79.90 SD N,Power ilim 79.90 SD N
Netcall,1 sept 2026,13,914848287,9148482878166121871378,9283,Outbound,Portabilidad Postpago,EXPRESS,Logixtal,9349,CANCELADAS,Anulado,DESISTE POR PENALIDAD DE PROVEEDOR ACTUAL,NET_LNARVAEZR,SIM,1 sept 2026,null,null,No,CANCELADAS,2026-09-01 15:38:45,Monolínea,Mono_item,Ucayali,null,null,Power 59.90 N
Netcall,1 sept 2026,12,914826646,9148266468165887343175,9271,Outbound,Venta Regular / Alta,EXPRESS,Logixtal,9349,CERRADAS,Entregado,Entregado,NET_GHUANCASS,SIM,1 sept 2026,1 sept 2026,01/09/2026,Sí,CERRADAS,2026-09-01 15:35:21,Monolínea,Mono_item,Ucayali,39.9,Power 39.90 N,Power 39.90 N
Netcall,1 sept 2026,10,914796230,9147962308165589768945,9283,Outbound,Portabilidad Postpago,EXPRESS,Logixtal,9349,ABIERTAS,Pendiente Entrega,Pendiente Entrega,TLV_NET_MFARFAN,SIM,1 sept 2026,null,null,No,ABIERTAS,null,Monolínea,Mono_item,Ucayali,null,null,Power 59.90 N
Netcall,1 sept 2026,16,914898717,9148987178166672454097,9283,Outbound,Portabilidad Postpago,PROGRAMADO,Logixtal,9349,CANCELADAS,Anulado,SIN DOCUMENTO DE IDENTIDAD / PERDIDA,NET_LLOPEZM,SIM,2 sept 2026,null,null,No,CANCELADAS,2026-09-02 12:47:20,Monolínea,Mono_item,Ucayali,null,null,Power ilim 69.90 N
Netcall,2 sept 2026,13,915295738,9152957388170693778313,9283,Outbound,Portabilidad Postpago,PROGRAMADO,Logixtal,9349,ABIERTAS,Pendiente Entrega,Pendiente Entrega,NET_EGOMEZB,SIM,3 sept 2026,null,null,No,ABIERTAS,null,Monolínea,Mono_item,Ucayali,null,null,Power 59.90 N
Netcall,3 sept 2026,10,915641800,91564180089511710111070113143,9283,Outbound,Portabilidad Postpago,EXPRESS,Retiro en tienda,9349,ABIERTAS,Entregado,Entregado,TLV_NET_CACEVED,SIM,3 sept 2026,null,null,No,ABIERTAS,null,Monolínea,Mono_item,Ucayali,null,null,null
Netcall,1 sept 2026,18,914928164,9149281648166994373922,9283,Outbound,Portabilidad Postpago,PROGRAMADO,Logixtal,9349,CERRADAS,Entregado,Entregado,NET_TDILAST,SIM,2 sept 2026,2 sept 2026,null,No,CERRADAS,2026-09-03 01:18:43,Monolínea,Mono_item,Ucayali,null,Power ilim 79.90 SD N,Power ilim 79.90 SD N
Netcall,3 sept 2026,11,915655293,91565529389511710111070114257,9283,Outbound,Portabilidad Postpago,EXPRESS,Retiro en tienda,9349,ABIERTAS,Entregado,Entregado,NET_SBENITOV,SIM,3 sept 2026,null,null,No,ABIERTAS,null,Monolínea,Mono_item,Ucayali,null,null,null
Netcall,2 sept 2026,13,915291947,9152919478170656156525,9271,Outbound,Portabilidad Postpago,EXPRESS,Logixtal,9349,CERRADAS,Entregado,Entregado,NET_CCAVEROA,SIM,2 sept 2026,2 sept 2026,null,No,CERRADAS,2026-09-03 01:09:40,Monolínea,Mono_item,Ucayali,null,Power 59.90 N,Power 59.90 N
Netcall,1 sept 2026,16,914895449,9148954498166637095567,9271,Outbound,Portabilidad Postpago,PROGRAMADO,Logixtal,9349,ABIERTAS,Pendiente Entrega,Pendiente Entrega,NET_SPALACIOSA,SIM,2 sept 2026,null,null,No,ABIERTAS,null,Monolínea,Mono_item,Ucayali,null,null,Power ilim 79.90 SD N
Netcall,1 sept 2026,10,914777875,9147778758165409106280,9283,Outbound,Portabilidad Postpago,RETIRO EN TIENDA,Retiro en tienda,7147,CANCELADAS,Cancelado,Cancelado,NET_MUBILLUSR,SIM,1 sept 2026,null,null,No,CANCELADAS,2026-09-01 18:11:22,Multilínea,Multi_item,Cajamarca,null,null,Power ilim 79.90 SD N
Netcall,2 sept 2026,14,915301181,915301181,9283,Outbound,Portabilidad Postpago,EXPRESS,Logixtal,9350,CERRADAS,Entregado,Entregado,NET_RFIGUEROAR,SIM,2 sept 2026,2 sept 2026,null,No,CERRADAS,2026-09-03 00:17:26,Multilínea,Mono_item,Cajamarca,null,Power 59.90 N,null
Netcall,2 sept 2026,9,915220590,9152205908169944336129,9271,Outbound,Portabilidad Postpago,EXPRESS,Logixtal,9350,CANCELADAS,Anulado,CLIENTE DESISTE - NO BRINDA MOTIVOS,NET_JAREVALOC,SIM,2 sept 2026,null,null,No,CANCELADAS,2026-09-02 12:37:23,Monolínea,Mono_item,Cajamarca,null,null,Power ilim 79.90 SD N
Netcall,1 sept 2026,16,914901327,9149013278166705049851,9283,Outbound,Portabilidad Postpago,PROGRAMADO,Logixtal,9350,CERRADAS,Entregado,Entregado,NET_LMANRIQUED,SIM,2 sept 2026,2 sept 2026,null,No,CERRADAS,2026-09-03 02:01:48,Monolínea,Mono_item,Cajamarca,null,Power ilim 79.90 SD N,Power ilim 79.90 SD N
Netcall,3 sept 2026,13,915694839,91569483989511710101046955172,9271,Outbound,Venta Regular / Alta,EXPRESS,Retiro en tienda,9350,ABIERTAS,Pendiente Entrega,Pendiente Entrega,NET_RCEVERINOL,SIM,3 sept 2026,null,null,No,ABIERTAS,null,Multilínea,Mono_item,Cajamarca,null,null,null
Netcall,2 sept 2026,16,915344738,9153447388171230264246,9283,Outbound,Portabilidad Postpago,PROGRAMADO,Logixtal,9350,ABIERTAS,Pendiente Entrega,Pendiente Entrega,NET_LVASQUEZT,SIM,3 sept 2026,null,null,No,ABIERTAS,null,Monolínea,Mono_item,Cajamarca,null,null,Power ilim 79.90 SD N
Netcall,1 sept 2026,10,914784285,9147842858165469489047,9283,Outbound,Portabilidad Postpago,EXPRESS,Logixtal,9350,ABIERTAS,Pendiente Entrega,Pendiente Entrega,TLV_NET_BRAMIRE,SIM,1 sept 2026,null,null,No,ABIERTAS,null,Monolínea,Mono_item,Cajamarca,null,null,Power 59.90 N
Netcall,3 sept 2026,12,915691872,91569187289511710101052178784,9271,Outbound,Portabilidad Postpago,EXPRESS,Retiro en tienda,9350,ABIERTAS,Pendiente Entrega,Pendiente Entrega,NET_RCEVERINOL,SIM,3 sept 2026,null,null,No,ABIERTAS,null,Multilínea,Mono_item,Cajamarca,null,null,null
Netcall,1 sept 2026,10,914778940,9147789408165413718225,9283,Outbound,Portabilidad Prepago,EXPRESS,Logixtal,9350,CERRADAS,Entregado,Entregado,NET_ACORDOVAS,SIM,1 sept 2026,1 sept 2026,02/09/2026,Sí,CERRADAS,2026-09-02 00:46:36,Monolínea,Mono_item,Cajamarca,29.95,Power 59.90 N,Power 59.90 N
Netcall,1 sept 2026,12,914828405,9148284058165905101369,9283,Outbound,Portabilidad Postpago,EXPRESS,Logixtal,9350,CANCELADAS,Anulado,HUELLAS DESGASTADAS,NET_JMENDOZAN,SIM,1 sept 2026,null,null,No,CANCELADAS,2026-09-01 14:13:17,Multilínea,Mono_item,Cajamarca,null,null,Power ilim 79.90 SD N
Netcall,2 sept 2026,9,915219182,9152191828169929751622,9283,Outbound,Portabilidad Postpago,EXPRESS,Logixtal,9350,ABIERTAS,Pendiente Entrega,Pendiente Entrega,NET_JMENDOZAN,SIM,2 sept 2026,null,null,No,ABIERTAS,null,Monolínea,Mono_item,Cajamarca,null,null,Power ilim 69.90 N
Netcall,2 sept 2026,12,915273198,9152731988170460993019,9283,Outbound,Portabilidad Postpago,EXPRESS,Logixtal,9350,CERRADAS,Entregado,Entregado,NET_RTORRESB,SIM,2 sept 2026,2 sept 2026,null,No,CERRADAS,2026-09-03 01:50:37,Monolínea,Mono_item,Cajamarca,null,Power ilim 69.90 N,Power ilim 69.90 N
Netcall,1 sept 2026,14,914857095,9148570958166217000064,9283,Outbound,Portabilidad Postpago,EXPRESS,Logixtal,9350,CERRADAS,Entregado,Entregado,NET_SGONZALESF,SIM,1 sept 2026,1 sept 2026,02/09/2026,Sí,CERRADAS,2026-09-02 00:30:38,Monolínea,Mono_item,Cajamarca,29.95,Power 59.90 N,Power 59.90 N
Netcall,2 sept 2026,13,915288440,9152884408170616560599,9283,Outbound,Portabilidad Postpago,RETIRO EN TIENDA,Retiro en tienda,3007,ABIERTAS,Pendiente Entrega,Pendiente Entrega,NET_MVASQUEZV,SIM,2 sept 2026,null,null,No,ABIERTAS,null,Monolínea,Mono_item,Cajamarca,null,null,Power ilim 79.90 SD N
Netcall,2 sept 2026,13,915300132,9153001328170746905617,9283,Outbound,Portabilidad Postpago,EXPRESS,Logixtal,9350,CERRADAS,Entregado,Entregado,NET_RFIGUEROAR,SIM,2 sept 2026,2 sept 2026,null,No,CERRADAS,2026-09-03 01:05:51,Multilínea,Mono_item,Cajamarca,null,Power 59.90 N,Power 59.90 N
Netcall,2 sept 2026,7,915172466,9151724668169587820912,9283,Outbound,Portabilidad Postpago,EXPRESS,Logixtal,9350,ABIERTAS,Pendiente Entrega,Pendiente Entrega,NET_SLAZOB,SIM,2 sept 2026,null,null,No,ABIERTAS,null,Monolínea,Mono_item,Cajamarca,null,null,Power 59.90 N
Netcall,2 sept 2026,14,915307103,9153071038170820627141,9283,Outbound,Portabilidad Postpago,EXPRESS,Logixtal,9350,ABIERTAS,Pendiente Entrega,Pendiente Entrega,NET_CBIELICHR,SIM,3 sept 2026,null,null,No,ABIERTAS,null,Monolínea,Mono_item,Cajamarca,null,null,Power ilim 79.90 SD N
Netcall,2 sept 2026,12,915266928,9152669288170394056211,9283,Outbound,Portabilidad Postpago,PROGRAMADO,Logixtal,9350,ABIERTAS,Pendiente Entrega,Pendiente Entrega,NET_TBECERRAC,SIM,4 sept 2026,null,null,No,ABIERTAS,null,Monolínea,Mono_item,Cajamarca,null,null,Power ilim 79.90 SD N
Netcall,2 sept 2026,9,915215858,915215858,9283,Outbound,Portabilidad Postpago,EXPRESS,Logixtal,9350,CERRADAS,Entregado,Entregado,TLV_NET_DVALOI,SIM,2 sept 2026,2 sept 2026,null,No,CERRADAS,2026-09-03 00:05:11,Monolínea,Mono_item,Cajamarca,null,Power ilim 79.90 SD N,null
Netcall,3 sept 2026,11,915668318,91566831889511710121058209433,9283,Outbound,Portabilidad Postpago,EXPRESS,Retiro en tienda,9350,ABIERTAS,Pendiente Entrega,Pendiente Entrega,NET_RTORRESB,SIM,3 sept 2026,null,null,No,ABIERTAS,null,Monolínea,Mono_item,Cajamarca,null,null,null
Netcall,2 sept 2026,14,915309398,9153093988170844250111,9283,Outbound,Portabilidad Postpago,EXPRESS,Logixtal,9350,ABIERTAS,Pendiente Entrega,Pendiente Entrega,NET_AMANRIQUEC,SIM,3 sept 2026,null,null,No,ABIERTAS,null,Monolínea,Mono_item,Cajamarca,null,null,Power ilim 69.90 N
Netcall,2 sept 2026,11,915248989,9152489898170220459634,9283,Outbound,Portabilidad Postpago,PROGRAMADO,Logixtal,9350,ABIERTAS,Pendiente Entrega,Pendiente Entrega,NET_ABARRERAY,SIM,3 sept 2026,null,null,No,ABIERTAS,null,Monolínea,Mono_item,Cajamarca,null,null,Power 59.90 N
Netcall,3 sept 2026,11,915671080,915671080Empty,9283,Outbound,Portabilidad Postpago,RETIRO EN TIENDA,Retiro en tienda,7147,ABIERTAS,Pendiente Entrega,Pendiente Entrega,NET_ANCASTROR,SIM,3 sept 2026,null,null,No,ABIERTAS,null,Monolínea,Mono_item,Cajamarca,null,null,null
Netcall,2 sept 2026,12,915280942,9152809428170546754793,9283,Outbound,Portabilidad Postpago,EXPRESS,Logixtal,9350,ABIERTAS,Pendiente Entrega,Pendiente Entrega,NET_IVARGASI,SIM,2 sept 2026,null,null,No,ABIERTAS,null,Monolínea,Mono_item,Cajamarca,null,null,Power 59.90 N
Netcall,2 sept 2026,18,915370789,9153707898171487120308,5299,Outbound,Portabilidad Postpago,RETIRO EN TIENDA,Retiro en tienda,7147,ABIERTAS,Pendiente Entrega,Pendiente Entrega,NET_BTRUJILLOT,SIM,2 sept 2026,null,null,No,ABIERTAS,null,Monolínea,Mono_item,Cajamarca,null,null,Power 59.90 N
Netcall,3 sept 2026,13,915695081,915695081Empty,9283,Outbound,Portabilidad Postpago,PROGRAMADO,Retiro en tienda,9350,ABIERTAS,Pendiente Entrega,Pendiente Entrega,NET_JMENDOZAN,SIM,4 sept 2026,null,null,No,ABIERTAS,null,Monolínea,Mono_item,Cajamarca,null,null,null
Netcall,3 sept 2026,8,915620821,91562082189511710101046984719,9283,Outbound,Portabilidad Postpago,EXPRESS,Retiro en tienda,9350,ABIERTAS,Pendiente Entrega,Pendiente Entrega,NET_WBENITESA,SIM,3 sept 2026,null,null,No,ABIERTAS,null,Monolínea,Mono_item,Cajamarca,null,null,null
Netcall,1 sept 2026,18,914933806,9149338068167028679314,9283,Outbound,Portabilidad Postpago,RETIRO EN TIENDA,Retiro en tienda,7147,CANCELADAS,Cancelado,Cancelado,NET_MDONAYRE,SIM,1 sept 2026,null,null,No,CANCELADAS,2026-09-01 19:07:24,Monolínea,Mono_item,Cajamarca,null,null,Power ilim 79.90 SD N
Netcall,1 sept 2026,9,914768590,9147685908165318224289,9283,Outbound,Portabilidad Postpago,RETIRO EN TIENDA,Retiro en tienda,7147,ABIERTAS,Pendiente Entrega,Pendiente Entrega,NET_MFERRER,SIM,1 sept 2026,null,null,No,ABIERTAS,null,Monolínea,Mono_item,Cajamarca,null,null,Power ilim 69.90 N
Netcall,2 sept 2026,16,915349851,9153498518171266274577,9283,Outbound,Portabilidad Postpago,RETIRO EN TIENDA,Retiro en tienda,7147,ABIERTAS,Pendiente Entrega,Pendiente Entrega,NET_NRUBIOMARCO,SIM,2 sept 2026,null,null,No,ABIERTAS,null,Monolínea,Mono_item,Cajamarca,null,null,Power ilim 79.90 SD N
Netcall,2 sept 2026,10,915234106,9152341068170076485068,9271,Outbound,Portabilidad Postpago,EXPRESS,Logixtal,9350,CERRADAS,Entregado,Entregado,NET_MSUAREZG,SIM,2 sept 2026,2 sept 2026,null,No,CERRADAS,2026-09-03 01:47:41,Multilínea,Mono_item,Cajamarca,null,Power ilim 79.90 SD N,Power ilim 79.90 SD N
Netcall,1 sept 2026,9,914760727,9147607278165252983642,9283,Outbound,Portabilidad Postpago,EXPRESS,Logixtal,9350,CERRADAS,Entregado,Entregado,TLV_NET_LVILLLA,SIM,1 sept 2026,1 sept 2026,02/09/2026,Sí,CERRADAS,2026-09-02 01:24:57,Monolínea,Mono_item,Cajamarca,29.95,Power 59.90 N,Power 59.90 N
Netcall,1 sept 2026,12,914826225,9148262258165882749153,9283,Outbound,Portabilidad Postpago,EXPRESS,Logixtal,9350,CERRADAS,Entregado,Entregado,NET_CGARCIAC,SIM,1 sept 2026,2 sept 2026,null,No,CERRADAS,2026-09-03 01:35:32,Monolínea,Mono_item,Cajamarca,null,Power ilim 69.90 N,Power ilim 69.90 N
Netcall,2 sept 2026,17,915354551,9153545518171314958643,9283,Outbound,Portabilidad Postpago,PROGRAMADO,Logixtal,9350,ABIERTAS,Pendiente Entrega,Pendiente Entrega,TLV_NET_JPENAM,SIM,3 sept 2026,null,null,No,ABIERTAS,null,Monolínea,Mono_item,Cajamarca,null,null,Power 59.90 N
Netcall,3 sept 2026,10,915641518,91564151889511710101046984230,9283,Outbound,Portabilidad Postpago,EXPRESS,Retiro en tienda,9350,ABIERTAS,Entregado,Entregado,NET_SGONZALESF,SIM,3 sept 2026,null,null,No,ABIERTAS,null,Monolínea,Mono_item,Cajamarca,null,null,null
Netcall,2 sept 2026,15,915328584,9153285848171043760472,9283,Outbound,Portabilidad Postpago,PROGRAMADO,Logixtal,9350,ABIERTAS,Pendiente Entrega,Pendiente Entrega,NET_MDONAYRE,SIM,3 sept 2026,null,null,No,ABIERTAS,null,Monolínea,Mono_item,Cajamarca,null,null,Power ilim 79.90 SD N
Netcall,2 sept 2026,10,915232666,915232666,9271,Outbound,Portabilidad Postpago,EXPRESS,Logixtal,9350,CERRADAS,Entregado,Entregado,NET_MSUAREZG,SIM,2 sept 2026,2 sept 2026,null,No,CERRADAS,2026-09-03 00:36:34,Multilínea,Mono_item,Cajamarca,null,Power ilim 79.90 SD N,null
Netcall,3 sept 2026,14,915714904,915714904Empty,9283,Outbound,Portabilidad Postpago,PROGRAMADO,Retiro en tienda,9350,ABIERTAS,Pendiente Entrega,Pendiente Entrega,NET_JROMEROC,SIM,5 sept 2026,null,null,No,ABIERTAS,null,Monolínea,Mono_item,Cajamarca,null,null,null
Netcall,1 sept 2026,11,914809694,9148096948165722529244,9283,Outbound,Portabilidad Postpago,EXPRESS,Logixtal,9350,CANCELADAS,Anulado,DIRECCIÓN ERRADA,NET_JMENDOZAN,SIM,1 sept 2026,null,null,No,CANCELADAS,2026-09-01 12:22:08,Multilínea,Mono_item,Cajamarca,null,null,Power ilim 79.90 SD N
Netcall,1 sept 2026,10,914777875,9147778758165409106061,9283,Outbound,Portabilidad Postpago,RETIRO EN TIENDA,Retiro en tienda,7147,CANCELADAS,Cancelado,Cancelado,NET_MUBILLUSR,SIM,1 sept 2026,null,null,No,CANCELADAS,2026-09-01 18:11:22,Multilínea,Multi_item,Cajamarca,null,null,Power ilim 79.90 SD N
Netcall,2 sept 2026,10,915237136,9152371368170127561907,9283,Outbound,Portabilidad Postpago,EXPRESS,Logixtal,9350,CERRADAS,Entregado,Entregado,TLV_NET_ECUROS,SIM,2 sept 2026,2 sept 2026,null,No,CERRADAS,2026-09-03 01:20:12,Monolínea,Mono_item,Cajamarca,null,Power ilim 79.90 SD N,Power ilim 79.90 SD N
Netcall,2 sept 2026,15,915323154,9153231548170990411631,9283,Outbound,Portabilidad Postpago,PROGRAMADO,Logixtal,9350,ABIERTAS,Pendiente Entrega,Pendiente Entrega,NET_VTURKOWSKYG,SIM,3 sept 2026,null,null,No,ABIERTAS,null,Monolínea,Mono_item,Cajamarca,null,null,Power ilim 79.90 SD N
Netcall,2 sept 2026,9,915216745,9152167458169905490272,9283,Outbound,Portabilidad Postpago,PROGRAMADO,Logixtal,9001,ABIERTAS,No bop,No bop,NET_RDULANTORO,SIM,4 sept 2026,null,null,No,ABIERTAS,null,Monolínea,Mono_item,Lima - Callao,null,null,Power ilim 79.90 SD N
Netcall,3 sept 2026,12,915685529,91568552989511710111073773794,9283,Outbound,Portabilidad Postpago,EXPRESS,Logixtal,9001,ABIERTAS,Entregado,Entregado,NET_KORTIZD,SIM,3 sept 2026,null,null,No,ABIERTAS,null,Monolínea,Mono_item,Lima - Callao,null,null,null
Netcall,2 sept 2026,14,915307535,9153075358170824576043,9283,Outbound,Portabilidad Postpago,EXPRESS,Logixtal,9001,CERRADAS,Entregado,Entregado,NET_KCARRENOV,SIM,2 sept 2026,2 sept 2026,null,No,CERRADAS,2026-09-03 01:50:47,Monolínea,Mono_item,Lima - Callao,null,Power ilim 79.90 SD N,Power ilim 79.90 SD N
Netcall,1 sept 2026,15,914880129,9148801298166468443128,9283,Outbound,Portabilidad Postpago,EXPRESS,Logixtal,9001,CERRADAS,Entregado,Entregado,NET_EMEDINAU,SIM,1 sept 2026,1 sept 2026,02/09/2026,Sí,CERRADAS,2026-09-02 00:12:21,Monolínea,Mono_item,Lima - Callao,29.95,Power 59.90 N,Power 59.90 N
Netcall,2 sept 2026,15,915318242,915318242,9283,Outbound,Portabilidad Postpago,EXPRESS,Logixtal,9001,CERRADAS,Entregado,Entregado,NET_KORTIZD,SIM,2 sept 2026,2 sept 2026,null,No,CERRADAS,2026-09-03 00:32:29,Monolínea,Mono_item,Lima - Callao,null,Power ilim 69.90 N,null
Netcall,2 sept 2026,19,915392140,9153921408171693700163,9271,Outbound,Portabilidad Postpago,PROGRAMADO,Logixtal,9001,ABIERTAS,No bop,No bop,TLV_NET_GQUISP,SIM,3 sept 2026,null,null,No,ABIERTAS,null,Monolínea,Mono_item,Lima - Callao,null,null,Power 59.90 N
Netcall,3 sept 2026,9,915624767,91562476789511710111073923753,9283,Outbound,Portabilidad Postpago,EXPRESS,Logixtal,9001,ABIERTAS,Entregado,Entregado,NET_YCASTILLOO,SIM,3 sept 2026,null,null,No,ABIERTAS,null,Multilínea,Mono_item,Lima - Callao,null,null,null
Netcall,3 sept 2026,11,915664538,91566453889511710101029356976,9283,Outbound,Portabilidad Postpago,EXPRESS,Logixtal,9001,ABIERTAS,Entregado,Entregado,NET_KBRACOV,SIM,3 sept 2026,null,null,No,ABIERTAS,null,Multilínea,Mono_item,Lima - Callao,null,null,null
Netcall,3 sept 2026,10,915638661,915638661Empty,9283,Outbound,Portabilidad Postpago,PROGRAMADO,Logixtal,9001,ABIERTAS,Pendiente Entrega,Pendiente de Picking,NET_JRAMIREZQ,SIM,4 sept 2026,null,null,No,ABIERTAS,null,Monolínea,Mono_item,Lima - Callao,null,null,null
Netcall,2 sept 2026,10,915230161,9152301618170041235356,9283,Outbound,Portabilidad Postpago,EXPRESS,Logixtal,9001,ABIERTAS,Pendiente Entrega,Pendiente Entrega,NET_GSILVAF,SIM,2 sept 2026,null,null,No,ABIERTAS,null,Monolínea,Mono_item,Lima - Callao,null,null,Power ilim 79.90 SD N
Netcall,3 sept 2026,11,915662819,91566281989511710101029356984,9283,Outbound,Portabilidad Postpago,EXPRESS,Logixtal,9001,ABIERTAS,Entregado,Entregado,NET_KBRACOV,SIM,3 sept 2026,null,null,No,ABIERTAS,null,Multilínea,Mono_item,Lima - Callao,null,null,null
Netcall,3 sept 2026,9,915626551,91562655189511710111073923530,9283,Outbound,Portabilidad Postpago,EXPRESS,Logixtal,9001,ABIERTAS,Entregado,Entregado,NET_YCASTILLOO,SIM,3 sept 2026,null,null,No,ABIERTAS,null,Multilínea,Mono_item,Lima - Callao,null,null,null
Netcall,2 sept 2026,15,915330051,915330051,9283,Outbound,Portabilidad Postpago,EXPRESS,Logixtal,9001,CERRADAS,Entregado,Entregado,NET_SINGAC,SIM,2 sept 2026,2 sept 2026,null,No,CERRADAS,2026-09-03 00:35:15,Multilínea,Mono_item,Lima - Callao,null,Power ilim 79.90 SD N,null
Netcall,2 sept 2026,15,915331043,9153310438171071012057,9283,Outbound,Portabilidad Postpago,EXPRESS,Logixtal,9001,CERRADAS,Entregado,Entregado,NET_SINGAC,SIM,2 sept 2026,2 sept 2026,null,No,CERRADAS,2026-09-03 01:32:55,Multilínea,Mono_item,Lima - Callao,null,Power ilim 79.90 SD N,Power ilim 79.90 SD N
Netcall,3 sept 2026,9,915625675,91562567589511710111073941037,9283,Outbound,Portabilidad Postpago,EXPRESS,Logixtal,9001,ABIERTAS,Entregado,Entregado,NET_YCASTILLOO,SIM,3 sept 2026,null,null,No,ABIERTAS,null,Multilínea,Mono_item,Lima - Callao,null,null,null
Netcall,1 sept 2026,12,914819124,9148191248165816440654,9283,Outbound,Portabilidad Postpago,PROGRAMADO,Logixtal,5021,CERRADAS,Entregado,Entregado,TLV_NET_MFARFAN,SIM,2 sept 2026,2 sept 2026,null,No,CERRADAS,2026-09-03 00:49:31,Monolínea,Mono_item,Piura,null,Power 59.90 N,Power 59.90 N
Netcall,1 sept 2026,19,914946682,9149466828167172206954,9283,Outbound,Portabilidad Postpago,PROGRAMADO,Logixtal,9001,ABIERTAS,Pendiente Entrega,Pendiente Entrega,NET_MGONZALESPE,SIM,2 sept 2026,null,null,No,ABIERTAS,null,Monolínea,Mono_item,Lima - Callao,null,null,Power 59.90 N
Netcall,3 sept 2026,10,915638116,91563811689511710101029992903,9283,Outbound,Portabilidad Postpago,EXPRESS,Logixtal,9342,ABIERTAS,Entregado,Entregado,NET_EMEDINAU,SIM,3 sept 2026,null,null,No,ABIERTAS,null,Multilínea,Mono_item,Lima - Callao,null,null,null
Netcall,3 sept 2026,10,915639144,91563914489511710101029992895,9283,Outbound,Venta Regular / Alta,EXPRESS,Logixtal,9342,CERRADAS,Entregado,Entregado,NET_EMEDINAU,SIM,3 sept 2026,3 sept 2026,null,No,CERRADAS,2026-09-03 11:33:12,Multilínea,Mono_item,Lima - Callao,null,Power ilim 79.90 SD N,null
Netcall,1 sept 2026,8,914744098,9147440988165144937304,9283,Outbound,Portabilidad Postpago,EXPRESS,Logixtal,9342,CERRADAS,Entregado,Entregado,NET_GDELGADO,SIM,1 sept 2026,1 sept 2026,02/09/2026,Sí,CERRADAS,2026-09-02 00:06:56,Monolínea,Mono_item,Lima - Callao,39.95,Power ilim 79.90 SD N,Power ilim 79.90 SD N
Netcall,1 sept 2026,22,914989124,9149891248167844714251,9283,Outbound,Portabilidad Postpago,RETIRO EN TIENDA,Retiro en tienda,3218,ABIERTAS,Pendiente Entrega,Pendiente Entrega,NET_SLAZOB,SIM,2 sept 2026,null,null,No,ABIERTAS,null,Monolínea,Mono_item,Lima - Callao,null,null,Power ilim 69.90 N
Netcall,3 sept 2026,10,915650463,91565046389511710101030120049,9283,Outbound,Portabilidad Postpago,EXPRESS,Logixtal,9001,ABIERTAS,Entregado,Entregado,NET_VMEJIAC,SIM,3 sept 2026,null,null,No,ABIERTAS,null,Multilínea,Mono_item,Lima - Callao,null,null,null
Netcall,3 sept 2026,10,915649356,91564935689511710101030120031,9283,Outbound,Portabilidad Postpago,EXPRESS,Logixtal,9001,ABIERTAS,Entregado,Entregado,NET_VMEJIAC,SIM,3 sept 2026,null,null,No,ABIERTAS,null,Multilínea,Mono_item,Lima - Callao,null,null,null
Netcall,2 sept 2026,11,915255666,9152556668170282250315,9283,Outbound,Portabilidad Postpago,RETIRO EN TIENDA,Retiro en tienda,3218,CERRADAS,Entregado,Entregado,NET_GMENDIGUETE,SIM,2 sept 2026,2 sept 2026,null,No,CERRADAS,2026-09-03 02:29:12,Monolínea,Mono_item,Lima - Callao,null,Power ilim 79.90 SD N,Power ilim 79.90 SD N
Netcall,3 sept 2026,10,915651660,91565166089511710101030120056,9283,Outbound,Portabilidad Postpago,EXPRESS,Logixtal,9001,ABIERTAS,Entregado,Entregado,NET_VMEJIAC,SIM,3 sept 2026,null,null,No,ABIERTAS,null,Multilínea,Mono_item,Lima - Callao,null,null,null
Netcall,3 sept 2026,10,915650816,915650816Empty,9283,Outbound,Portabilidad Postpago,PROGRAMADO,Logixtal,9001,ABIERTAS,Pendiente Entrega,Pendiente de Picking,NET_KZAVALETAZ,SIM,5 sept 2026,null,null,No,ABIERTAS,null,Monolínea,Mono_item,Lima - Callao,null,null,null
Netcall,1 sept 2026,10,914785696,9147856968165481080702,9283,Outbound,Portabilidad Postpago,EXPRESS,Logixtal,9001,CERRADAS,Entregado,Entregado,NET_SSUAREZG,SIM,1 sept 2026,1 sept 2026,02/09/2026,Sí,CERRADAS,2026-09-02 00:36:34,Monolínea,Mono_item,Lima - Callao,39.95,Power ilim 79.90 SD N,Power ilim 79.90 SD N
Netcall,2 sept 2026,11,915264548,9152645488170365139338,9283,Outbound,Portabilidad Postpago,EXPRESS,Logixtal,9357,CERRADAS,Entregado,Entregado,NET_RCORDOVAC,SIM,2 sept 2026,2 sept 2026,null,No,CERRADAS,2026-09-03 01:04:35,Monolínea,Mono_item,Amazonas,null,Power ilim 79.90 SD N,Power ilim 79.90 SD N
Netcall,1 sept 2026,11,914809144,9148091448165711901527,9283,Outbound,Portabilidad Postpago,EXPRESS,Logixtal,9357,CERRADAS,Entregado,Entregado,NET_SCAVEROC,SIM,1 sept 2026,1 sept 2026,02/09/2026,Sí,CERRADAS,2026-09-02 00:44:41,Monolínea,Mono_item,Amazonas,29.95,Power 59.90 N,Power 59.90 N
Netcall,3 sept 2026,11,915665950,915665950Empty,9283,Outbound,Portabilidad Postpago,PROGRAMADO,Retiro en tienda,9354,ABIERTAS,Pendiente Entrega,Pendiente Entrega,NET_LNARVAEZR,SIM,4 sept 2026,null,null,No,ABIERTAS,null,Monolínea,Mono_item,Ayacucho,null,null,null
Netcall,1 sept 2026,14,914861121,9148611218166258714077,9283,Outbound,Portabilidad Postpago,EXPRESS,Logixtal,9354,CANCELADAS,Anulado,CLIENTE YA NO DESEA PRODUCTO,TLV_NET_MFARFAN,SIM,1 sept 2026,null,null,No,CANCELADAS,2026-09-01 15:52:51,Monolínea,Mono_item,Ayacucho,null,null,Power ilim 79.90 SD N
Netcall,3 sept 2026,14,915724291,915724291Empty,9283,Outbound,Portabilidad Postpago,EXPRESS,Retiro en tienda,9354,ABIERTAS,Pendiente Entrega,Pendiente Entrega,NET_JCHINGAA,SIM,3 sept 2026,null,null,No,ABIERTAS,null,Monolínea,Mono_item,Ayacucho,null,null,null
Netcall,3 sept 2026,9,915628649,91562864989511710121058057634,9283,Outbound,Portabilidad Postpago,EXPRESS,Retiro en tienda,9354,ABIERTAS,Entregado,Entregado,NET_JSIADEN,SIM,3 sept 2026,null,null,No,ABIERTAS,null,Monolínea,Mono_item,Ayacucho,null,null,null
Netcall,3 sept 2026,13,915702764,91570276489511710121058057535,9271,Outbound,Portabilidad Postpago,EXPRESS,Retiro en tienda,9354,ABIERTAS,Pendiente Entrega,Pendiente Entrega,NET_ATENORIOM,SIM,4 sept 2026,null,null,No,ABIERTAS,null,Monolínea,Mono_item,Ayacucho,null,null,null
Netcall,1 sept 2026,11,914806391,9148063918165685186022,9271,Outbound,Portabilidad Postpago,EXPRESS,Logixtal,9354,CANCELADAS,Anulado,PEDIDO MAL GENERADO,NET_SANTONM,SIM,1 sept 2026,null,null,No,CANCELADAS,2026-09-01 12:16:39,Monolínea,Mono_item,Ayacucho,null,null,Power 59.90 N
Netcall,2 sept 2026,11,915246672,9152466728170334685449,9283,Outbound,Portabilidad Postpago,EXPRESS,Logixtal,9354,CERRADAS,Entregado,Entregado,NET_JRAMIREZQ,SIM,2 sept 2026,2 sept 2026,null,No,CERRADAS,2026-09-03 01:17:31,Monolínea,Mono_item,Ayacucho,null,Power ilim 69.90 N,Power ilim 69.90 N
Netcall,2 sept 2026,12,915276339,9152763398170494240795,9283,Outbound,Portabilidad Postpago,EXPRESS,Logixtal,9354,CERRADAS,Entregado,Entregado,NET_NBURGAR,SIM,2 sept 2026,2 sept 2026,null,No,CERRADAS,2026-09-03 01:00:53,Monolínea,Mono_item,Ayacucho,null,Power 59.90 N,Power 59.90 N
Netcall,1 sept 2026,17,914916799,9149167998166867998113,9283,Outbound,Portabilidad Postpago,PROGRAMADO,Logixtal,9354,CERRADAS,Entregado,Entregado,NET_ADOMINGUEZF,SIM,2 sept 2026,2 sept 2026,null,No,CERRADAS,2026-09-03 00:46:29,Monolínea,Mono_item,Ayacucho,null,Power 59.90 N,Power 59.90 N
Netcall,3 sept 2026,11,915670242,91567024289511710121058057816,9283,Outbound,Portabilidad Postpago,EXPRESS,Retiro en tienda,9354,ABIERTAS,Entregado,Entregado,NET_DDEPINHOZ,SIM,3 sept 2026,null,null,No,ABIERTAS,null,Monolínea,Mono_item,Ayacucho,null,null,null
Netcall,2 sept 2026,11,915252020,9152520208170245548632,9271,Outbound,Portabilidad Postpago,EXPRESS,Logixtal,9001,CERRADAS,Entregado,Entregado,NET_CBARRIOSP,SIM,2 sept 2026,2 sept 2026,null,No,CERRADAS,2026-09-03 02:01:57,Monolínea,Mono_item,Lima - Callao,null,Power 59.90 N,Power 59.90 N
Netcall,1 sept 2026,12,914825681,9148256818165878117398,5299,Outbound,Portabilidad Postpago,EXPRESS,Logixtal,9001,ABIERTAS,Pendiente Entrega,Pendiente Entrega,NET_JBOZAC,SIM,1 sept 2026,null,null,No,ABIERTAS,null,Monolínea,Mono_item,Lima - Callao,null,null,Power 59.90 N
Netcall,1 sept 2026,11,914808999,9148089998165721695601,9283,Outbound,Portabilidad Postpago,EXPRESS,Logixtal,9001,CANCELADAS,Anulado,CLIENTE DESISTE - INFORMACIÓN INCORRECTA,NET_MORIHUELAQ,SIM,1 sept 2026,null,null,No,CANCELADAS,2026-09-01 13:13:21,Monolínea,Mono_item,Lima - Callao,null,null,Power ilim 69.90 N
Netcall,1 sept 2026,17,914902489,9149024898166718369964,9283,Outbound,Portabilidad Postpago,EXPRESS,Logixtal,9001,CANCELADAS,Anulado,DIRECCIÓN ERRADA,NET_NBURGAR,SIM,1 sept 2026,null,null,No,CANCELADAS,2026-09-02 17:35:10,Multilínea,Mono_item,Lima - Callao,null,null,Power ilim 79.90 SD N
Netcall,1 sept 2026,12,914827294,9148272948165895437518,9283,Outbound,Portabilidad Postpago,EXPRESS,Logixtal,9001,CANCELADAS,Anulado,ZONA INACCESIBLE,NET_EALBORNOZR,SIM,1 sept 2026,null,null,No,CANCELADAS,2026-09-01 14:31:12,Multilínea,Mono_item,Lima - Callao,null,null,Power ilim 79.90 SD N
Netcall,3 sept 2026,14,915715878,91571587889511710101029981138,9283,Outbound,Portabilidad Postpago,EXPRESS,Logixtal,9001,ABIERTAS,Pendiente Entrega,Pendiente de Picking,NET_JSANGAMAT,SIM,3 sept 2026,null,null,No,ABIERTAS,null,Multilínea,Mono_item,Lima - Callao,null,null,null
Netcall,3 sept 2026,12,915690771,91569077189511710101029986715,9283,Outbound,Portabilidad Postpago,EXPRESS,Logixtal,9001,ABIERTAS,Pendiente Entrega,Pendiente de Picking,NET_CCURAYG,SIM,4 sept 2026,null,null,No,ABIERTAS,null,Monolínea,Mono_item,Lima - Callao,null,null,null
Netcall,2 sept 2026,16,915347830,9153478308171245915567,9283,Outbound,Portabilidad Postpago,PROGRAMADO,Logixtal,9001,ABIERTAS,Pendiente Entrega,Pendiente Entrega,NET_SBENITOV,SIM,3 sept 2026,null,null,No,ABIERTAS,null,Multilínea,Multi_item,Lima - Callao,null,null,Power ilim 79.90 SD N
Netcall,2 sept 2026,18,915372789,9153727898171505678294,9283,Outbound,Venta Regular / Alta,PROGRAMADO,Logixtal,9001,ABIERTAS,Pendiente Entrega,Pendiente Entrega,NET_MDONAYRE,SIM,3 sept 2026,null,null,No,ABIERTAS,null,Multilínea,Mono_item,Lima - Callao,null,null,Power ilim 79.90 SD N
Netcall,1 sept 2026,17,914906369,9149063698166764442834,9283,Outbound,Portabilidad Postpago,PROGRAMADO,Logixtal,9001,CERRADAS,Entregado,Entregado,NET_LPASCUALH,SIM,2 sept 2026,2 sept 2026,null,No,CERRADAS,2026-09-03 00:50:57,Monolínea,Mono_item,Lima - Callao,null,Power ilim 69.90 N,Power ilim 69.90 N
Netcall,1 sept 2026,16,914893911,9148939118166618345548,9271,Outbound,Portabilidad Postpago,EXPRESS,Logixtal,9001,CANCELADAS,Anulado,CLIENTE YA NO DESEA PRODUCTO,NET_MSUAREZG,SIM,1 sept 2026,null,null,No,CANCELADAS,2026-09-01 18:28:22,Monolínea,Mono_item,Lima - Callao,null,null,Power ilim 79.90 SD N
Netcall,2 sept 2026,12,915267778,9152677788170406015718,9283,Outbound,Portabilidad Postpago,EXPRESS,Logixtal,9001,CERRADAS,Entregado,Entregado,TLV_NET_YQUITOV,SIM,2 sept 2026,2 sept 2026,null,No,CERRADAS,2026-09-03 00:45:35,Monolínea,Mono_item,Lima - Callao,null,Power 59.90 N,Power 59.90 N
Netcall,2 sept 2026,16,915347830,9153478308171245915786,9283,Outbound,Portabilidad Postpago,PROGRAMADO,Logixtal,9001,ABIERTAS,Pendiente Entrega,Pendiente Entrega,NET_SBENITOV,SIM,3 sept 2026,null,null,No,ABIERTAS,null,Multilínea,Multi_item,Lima - Callao,null,null,Power ilim 79.90 SD N
Netcall,3 sept 2026,9,915629853,91562985389511710101080504704,9283,Outbound,Portabilidad Postpago,PROGRAMADO,Logixtal,9001,ABIERTAS,Pendiente Entrega,Pendiente de Picking,NET_ANCASTROR,SIM,5 sept 2026,null,null,No,ABIERTAS,null,Monolínea,Mono_item,Lima - Callao,null,null,null
Netcall,2 sept 2026,12,915272028,9152720288170446329374,9283,Outbound,Portabilidad Postpago,EXPRESS,Logixtal,9001,CERRADAS,Entregado,Entregado,NET_TMUNOZCALDE,SIM,2 sept 2026,2 sept 2026,null,No,CERRADAS,2026-09-03 01:35:42,Monolínea,Mono_item,Lima - Callao,null,Power ilim 79.90 SD N,Power ilim 79.90 SD N
Netcall,1 sept 2026,16,914901172,9149011728166710679655,9283,Outbound,Venta Regular / Alta,EXPRESS,Logixtal,9001,CANCELADAS,Anulado,DIRECCIÓN ERRADA,NET_NBURGAR,SIM,1 sept 2026,null,null,No,CANCELADAS,2026-09-02 17:38:21,Multilínea,Mono_item,Lima - Callao,null,null,Power ilim 79.90 SD N
Netcall,2 sept 2026,18,915373618,9153736188171508845312,9283,Outbound,Portabilidad Postpago,PROGRAMADO,Logixtal,9001,ABIERTAS,Pendiente Entrega,Pendiente Entrega,NET_MDONAYRE,SIM,3 sept 2026,null,null,No,ABIERTAS,null,Multilínea,Mono_item,Lima - Callao,null,null,Power ilim 79.90 SD N
Netcall,1 sept 2026,11,914816501,9148165018165787401045,9283,Outbound,Portabilidad Prepago,EXPRESS,Logixtal,9001,CERRADAS,Entregado,Entregado,NET_YPEREZC,SIM,1 sept 2026,1 sept 2026,02/09/2026,Sí,CERRADAS,2026-09-02 01:00:49,Multilínea,Mono_item,Lima - Callao,19.95,Power ilim 79.90 SD N,Power ilim 79.90 SD N
Netcall,1 sept 2026,16,914899831,9148998318166684006321,9283,Outbound,Portabilidad Prepago,EXPRESS,Logixtal,9001,CERRADAS,Entregado,Entregado,NET_MDIAZP,SIM,1 sept 2026,1 sept 2026,02/09/2026,Sí,CERRADAS,2026-09-02 01:43:35,Multilínea,Mono_item,Lima - Callao,19.95,Power ilim 79.90 SD N,Power ilim 79.90 SD N
Netcall,2 sept 2026,14,915311949,9153119498170868335861,9283,Outbound,Portabilidad Postpago,EXPRESS,Logixtal,9001,CERRADAS,Entregado,Entregado,NET_ABARRERAY,SIM,2 sept 2026,2 sept 2026,null,No,CERRADAS,2026-09-03 00:51:08,Monolínea,Mono_item,Lima - Callao,null,Power 59.90 N,Power 59.90 N
Netcall,3 sept 2026,10,915637159,91563715989511710101029981146,9283,Outbound,Portabilidad Postpago,EXPRESS,Logixtal,9001,ABIERTAS,Entregado,Entregado,TLV_NET_EBULNES,SIM,3 sept 2026,null,null,No,ABIERTAS,null,Monolínea,Mono_item,Lima - Callao,null,null,null
Netcall,1 sept 2026,12,914818426,9148184268165806963061,9283,Outbound,Portabilidad Postpago,EXPRESS,Logixtal,9001,CERRADAS,Entregado,Entregado,NET_KSOLORZANOV,SIM,1 sept 2026,1 sept 2026,02/09/2026,Sí,CERRADAS,2026-09-02 01:43:33,Monolínea,Mono_item,Lima - Callao,34.95,Power ilim 69.90 N,Power ilim 69.90 N
Netcall,2 sept 2026,16,915334285,9153342858171101270616,9283,Outbound,Portabilidad Postpago,EXPRESS,Logixtal,9001,CANCELADAS,Anulado,CLIENTE DESISTE - INFORMACIÓN INCORRECTA,TLV_NET_MFARFAN,SIM,2 sept 2026,null,null,No,CANCELADAS,2026-09-02 19:41:55,Monolínea,Mono_item,Lima - Callao,null,null,Power 59.90 N
Netcall,2 sept 2026,11,915235127,9152351278170326778210,9283,Outbound,Portabilidad Postpago,EXPRESS,Logixtal,9001,CANCELADAS,Anulado,CLIENTE DESISTE - NO BRINDA MOTIVOS,NET_OSANCHEZP,SIM,2 sept 2026,null,null,No,CANCELADAS,2026-09-02 13:01:41,Monolínea,Mono_item,Lima - Callao,null,null,Power ilim 79.90 SD N
Netcall,1 sept 2026,16,914897322,9148973228166657623143,9283,Outbound,Portabilidad Postpago,EXPRESS,Logixtal,9001,CERRADAS,Entregado,Entregado,NET_MDIAZP,SIM,1 sept 2026,1 sept 2026,02/09/2026,Sí,CERRADAS,2026-09-02 01:57:19,Multilínea,Mono_item,Lima - Callao,19.95,Power ilim 79.90 SD N,Power ilim 79.90 SD N
Netcall,1 sept 2026,18,914928985,9149289858166996548266,9283,Outbound,Portabilidad Postpago,EXPRESS,Logixtal,9001,CERRADAS,Entregado,Entregado,NET_SAVILAC,SIM,1 sept 2026,1 sept 2026,null,No,CERRADAS,2026-09-03 06:08:24,Multilínea,Multi_item,Lima - Callao,null,Power ilim 79.90 SD N,Power ilim 79.90 SD N
Netcall,3 sept 2026,10,915634016,91563401689511710101029986897,9283,Outbound,Portabilidad Postpago,EXPRESS,Logixtal,9001,ABIERTAS,Pendiente Entrega,Pendiente de Picking,NET_RDULANTORO,SIM,3 sept 2026,null,null,No,ABIERTAS,null,Monolínea,Mono_item,Lima - Callao,null,null,null
Netcall,2 sept 2026,12,915274341,9152743418170468805211,9283,Outbound,Portabilidad Postpago,EXPRESS,Logixtal,9001,CERRADAS,Entregado,Entregado,NET_ACREGALADO,SIM,2 sept 2026,2 sept 2026,null,No,CERRADAS,2026-09-03 01:56:51,Monolínea,Mono_item,Lima - Callao,null,Power ilim 69.90 N,Power ilim 69.90 N
Netcall,1 sept 2026,18,914928985,9149289858166996548047,9283,Outbound,Portabilidad Postpago,EXPRESS,Logixtal,9001,CERRADAS,Entregado,Entregado,NET_SAVILAC,SIM,1 sept 2026,1 sept 2026,null,No,CERRADAS,2026-09-03 06:08:24,Multilínea,Multi_item,Lima - Callao,null,Power ilim 79.90 SD N,Power ilim 79.90 SD N
Netcall,1 sept 2026,16,914898856,9148988568166673114837,9283,Outbound,Portabilidad Prepago,EXPRESS,Logixtal,9001,CERRADAS,Entregado,Entregado,NET_MDIAZP,SIM,1 sept 2026,1 sept 2026,02/09/2026,Sí,CERRADAS,2026-09-02 00:56:15,Multilínea,Mono_item,Lima - Callao,19.95,Power ilim 79.90 SD N,Power ilim 79.90 SD N
Netcall,3 sept 2026,11,915666158,91566615889511710101029955579,9283,Outbound,Portabilidad Postpago,EXPRESS,Logixtal,9001,ABIERTAS,Pendiente Entrega,Pendiente de Picking,NET_EMMENDIZF,SIM,3 sept 2026,null,null,No,ABIERTAS,null,Multilínea,Mono_item,Lima - Callao,null,null,null
Netcall,1 sept 2026,17,914904154,9149041548166733250543,9283,Outbound,Portabilidad Postpago,EXPRESS,Logixtal,9001,CERRADAS,Entregado,Entregado,NET_ACHOQUEB,SIM,1 sept 2026,2 sept 2026,null,No,CERRADAS,2026-09-03 03:29:00,Monolínea,Mono_item,Lima - Callao,null,Power 59.90 N,Power 59.90 N
Netcall,2 sept 2026,10,915236635,9152366358170101248775,9283,Outbound,Portabilidad Postpago,PROGRAMADO,Logixtal,9001,ABIERTAS,No bop,No bop,TLV_NET_MFARFAN,SIM,4 sept 2026,null,null,No,ABIERTAS,null,Monolínea,Mono_item,Lima - Callao,null,null,Power 59.90 N
Netcall,3 sept 2026,11,915652306,91565230689511710111073930626,9283,Outbound,Portabilidad Postpago,EXPRESS,Logixtal,9001,ABIERTAS,Entregado,Entregado,NET_SCAVEROC,SIM,3 sept 2026,null,null,No,ABIERTAS,null,Monolínea,Mono_item,Lima - Callao,null,null,null
Netcall,2 sept 2026,11,915255730,9152557308170282371836,9283,Outbound,Venta Regular / Alta,PROGRAMADO,Logixtal,9001,ABIERTAS,Pendiente Entrega,Pendiente Entrega,NET_BBELLIDOP,SIM,3 sept 2026,null,null,No,ABIERTAS,null,Multilínea,Mono_item,Lima - Callao,null,null,Power ilim 79.90 SD N
Netcall,3 sept 2026,12,915692182,91569218289511710101029989925,9283,Outbound,Venta Regular / Alta,EXPRESS,Logixtal,9001,ABIERTAS,Entregado,Entregado,NET_JROMEROC,SIM,3 sept 2026,null,null,No,ABIERTAS,null,Monolínea,Mono_item,Lima - Callao,null,null,null
Netcall,1 sept 2026,18,914930437,914930437,9283,Outbound,Portabilidad Postpago,EXPRESS,Logixtal,9001,CERRADAS,Entregado,Entregado,NET_SAVILAC,SIM,1 sept 2026,1 sept 2026,null,No,CERRADAS,2026-09-03 00:14:30,Multilínea,Mono_item,Lima - Callao,null,Power ilim 79.90 SD N,null
Netcall,1 sept 2026,18,914928985,9149289858166996534789,9283,Outbound,Portabilidad Postpago,EXPRESS,Logixtal,9001,CERRADAS,Entregado,Entregado,NET_SAVILAC,SIM,1 sept 2026,1 sept 2026,null,No,CERRADAS,2026-09-03 06:08:24,Multilínea,Multi_item,Lima - Callao,null,Power ilim 79.90 SD N,Power ilim 79.90 SD N
Netcall,2 sept 2026,13,915292471,915292471,9283,Outbound,Portabilidad Postpago,EXPRESS,Logixtal,9001,CERRADAS,Entregado,Entregado,NET_EVALDIVIEZO,SIM,2 sept 2026,2 sept 2026,null,No,CERRADAS,2026-09-03 00:18:34,Monolínea,Mono_item,Lima - Callao,null,Power ilim 79.90 SD N,null
Netcall,2 sept 2026,12,915275793,9152757938170490255049,9271,Outbound,Portabilidad Postpago,EXPRESS,Logixtal,9001,ABIERTAS,Pendiente Entrega,Pendiente Entrega,NET_EQUIROZH,SIM,2 sept 2026,null,null,No,ABIERTAS,null,Monolínea,Mono_item,Lima - Callao,null,null,Power ilim 79.90 SD N
Netcall,3 sept 2026,11,915664350,91566435089511710101029955587,9283,Outbound,Portabilidad Postpago,EXPRESS,Logixtal,9001,ABIERTAS,Pendiente Entrega,Pendiente de Picking,NET_EMMENDIZF,SIM,3 sept 2026,null,null,No,ABIERTAS,null,Multilínea,Mono_item,Lima - Callao,null,null,null
Netcall,1 sept 2026,15,914870317,9148703178166356710832,9283,Outbound,Portabilidad Postpago,EXPRESS,Logixtal,9001,CERRADAS,Entregado,Entregado,NET_EALBORNOZR,SIM,1 sept 2026,1 sept 2026,02/09/2026,Sí,CERRADAS,2026-09-02 02:41:53,Multilínea,Mono_item,Lima - Callao,39.95,Power ilim 79.90 SD N,Power ilim 79.90 SD N
Netcall,1 sept 2026,15,914873809,9148738098166397265895,9283,Outbound,Venta Regular / Alta,EXPRESS,Logixtal,9001,CERRADAS,Entregado,Entregado,NET_JCAVEROC,SIM,1 sept 2026,1 sept 2026,01/09/2026,Sí,CERRADAS,2026-09-01 18:19:47,Multilínea,Mono_item,Lima - Callao,29.91303,Power ilim 69.90 N,Power ilim 69.90 N
Netcall,1 sept 2026,9,914764670,9147646708165285284459,9283,Outbound,Portabilidad Postpago,EXPRESS,Logixtal,9001,ABIERTAS,Anulado,DIRECCIÓN ERRADA,NET_EMONZONP,SIM,1 sept 2026,null,null,No,ABIERTAS,null,Monolínea,Mono_item,Lima - Callao,null,null,Power 59.90 N
Netcall,1 sept 2026,15,914868537,9148685378166337089151,9283,Outbound,Portabilidad Postpago,EXPRESS,Logixtal,9001,CERRADAS,Entregado,Entregado,TLV_NET_DVALOI,SIM,1 sept 2026,1 sept 2026,02/09/2026,Sí,CERRADAS,2026-09-02 00:21:27,Monolínea,Mono_item,Lima - Callao,34.95,Power ilim 69.90 N,Power ilim 69.90 N
Netcall,1 sept 2026,12,914831355,9148313558165933256395,9283,Outbound,Portabilidad Postpago,EXPRESS,Logixtal,9001,CERRADAS,Entregado,Entregado,NET_SAVILAC,SIM,1 sept 2026,1 sept 2026,02/09/2026,Sí,CERRADAS,2026-09-02 01:37:14,Monolínea,Mono_item,Lima - Callao,29.95,Power 59.90 N,Power 59.90 N
Netcall,3 sept 2026,9,915630452,91563045289511710101029981013,9283,Outbound,Portabilidad Postpago,EXPRESS,Logixtal,9001,ABIERTAS,Entregado,Entregado,NET_LCALDERONC,SIM,3 sept 2026,null,null,No,ABIERTAS,null,Monolínea,Mono_item,Lima - Callao,null,null,null
Netcall,3 sept 2026,11,915655252,91565525289511710111073930600,9283,Outbound,Portabilidad Postpago,EXPRESS,Logixtal,9001,ABIERTAS,Entregado,Entregado,NET_IQUEREVALUL,SIM,3 sept 2026,null,null,No,ABIERTAS,null,Monolínea,Mono_item,Lima - Callao,null,null,null
Netcall,2 sept 2026,14,915315243,9153152438170905951761,9283,Outbound,Portabilidad Postpago,EXPRESS,Logixtal,9001,CERRADAS,Entregado,Entregado,NET_MMREVILLA,SIM,2 sept 2026,2 sept 2026,null,No,CERRADAS,2026-09-03 00:56:14,Monolínea,Mono_item,Lima - Callao,null,Power ilim 69.90 N,Power ilim 69.90 N
Netcall,1 sept 2026,16,914896407,9148964078166643178265,9283,Outbound,Portabilidad Postpago,EXPRESS,Logixtal,9001,CERRADAS,Entregado,Entregado,NET_JVELASQUEZS,SIM,1 sept 2026,1 sept 2026,02/09/2026,Sí,CERRADAS,2026-09-02 00:35:11,Monolínea,Mono_item,Lima - Callao,29.95,Power 59.90 N,Power 59.90 N
Netcall,1 sept 2026,11,914800518,9148005188165635634451,9283,Outbound,Portabilidad Postpago,EXPRESS,Logixtal,9001,CERRADAS,Entregado,Entregado,NET_MORIHUELAQ,SIM,1 sept 2026,1 sept 2026,02/09/2026,Sí,CERRADAS,2026-09-02 01:21:03,Monolínea,Mono_item,Lima - Callao,34.95,Power ilim 69.90 N,Power ilim 69.90 N
Netcall,1 sept 2026,9,914773354,9147733548165369670121,9283,Outbound,Portabilidad Postpago,EXPRESS,Logixtal,9001,CERRADAS,Entregado,Entregado,NET_TMUNOZCALDE,SIM,1 sept 2026,1 sept 2026,02/09/2026,Sí,CERRADAS,2026-09-02 01:59:40,Monolínea,Mono_item,Lima - Callao,19.95,Power ilim 79.90 SD N,Power ilim 79.90 SD N
Netcall,3 sept 2026,13,915696377,915696377Empty,9271,Outbound,Portabilidad Postpago,PROGRAMADO,Logixtal,9001,ABIERTAS,Pendiente Entrega,Pendiente de Picking,NET_EQUIROZH,SIM,4 sept 2026,null,null,No,ABIERTAS,null,Monolínea,Mono_item,Lima - Callao,null,null,null
Netcall,2 sept 2026,15,915326118,9153261188171018332721,9283,Outbound,Portabilidad Postpago,EXPRESS,Logixtal,9001,CERRADAS,Entregado,Entregado,NET_YFLORESR,SIM,2 sept 2026,2 sept 2026,null,No,CERRADAS,2026-09-03 01:29:46,Multilínea,Mono_item,Lima - Callao,null,Power ilim 79.90 SD N,Power ilim 79.90 SD N
Netcall,2 sept 2026,11,915246586,915246586,9283,Outbound,Portabilidad Postpago,EXPRESS,Logixtal,9001,CERRADAS,Entregado,Entregado,TLV_NET_APINTAD,SIM,2 sept 2026,2 sept 2026,null,No,CERRADAS,2026-09-03 00:21:12,Monolínea,Mono_item,Lima - Callao,null,Power ilim 79.90 SD N,null
Netcall,3 sept 2026,12,915681417,91568141789511710111073921013,9283,Outbound,Portabilidad Postpago,EXPRESS,Logixtal,9001,ABIERTAS,Entregado,Entregado,NET_ATRIVINOS,SIM,3 sept 2026,null,null,No,ABIERTAS,null,Monolínea,Mono_item,Lima - Callao,null,null,null
Netcall,3 sept 2026,10,915638133,91563813389511710111073720332,9283,Outbound,Portabilidad Postpago,EXPRESS,Logixtal,9001,ABIERTAS,Entregado,Entregado,NET_GGUTIERREZM,SIM,3 sept 2026,null,null,No,ABIERTAS,null,Monolínea,Mono_item,Lima - Callao,null,null,null
Netcall,2 sept 2026,12,915270165,915270165,9271,Outbound,Portabilidad Postpago,EXPRESS,Logixtal,9001,CERRADAS,Entregado,Entregado,NET_LNECIOSUPC,SIM,2 sept 2026,2 sept 2026,null,No,CERRADAS,2026-09-03 00:12:42,Monolínea,Mono_item,Lima - Callao,null,Power ilim 69.90 N,null
Netcall,1 sept 2026,11,914815223,9148152238165773188073,9283,Outbound,Portabilidad Postpago,EXPRESS,Logixtal,9001,CERRADAS,Entregado,Entregado,NET_YPEREZC,SIM,1 sept 2026,1 sept 2026,02/09/2026,Sí,CERRADAS,2026-09-02 01:56:30,Multilínea,Mono_item,Lima - Callao,39.95,Power ilim 79.90 SD N,Power ilim 79.90 SD N
Netcall,1 sept 2026,15,914874834,9148748348166407542919,9283,Outbound,Venta Regular / Alta,EXPRESS,Logixtal,9001,CERRADAS,Entregado,Entregado,NET_JCAVEROC,SIM,1 sept 2026,1 sept 2026,01/09/2026,Sí,CERRADAS,2026-09-01 18:37:07,Multilínea,Mono_item,Lima - Callao,29.91303,Power ilim 69.90 N,Power ilim 69.90 N
Netcall,3 sept 2026,11,915658178,91565817889511710111073930725,9283,Outbound,Portabilidad Postpago,EXPRESS,Logixtal,9001,ABIERTAS,Entregado,Entregado,NET_IQUEREVALUL,SIM,3 sept 2026,null,null,No,ABIERTAS,null,Monolínea,Mono_item,Lima - Callao,null,null,null
Netcall,3 sept 2026,11,915658178,91565817889511710111073930618,9283,Outbound,Portabilidad Postpago,EXPRESS,Logixtal,9001,ABIERTAS,Entregado,Entregado,NET_IQUEREVALUL,SIM,3 sept 2026,null,null,No,ABIERTAS,null,Monolínea,Mono_item,Lima - Callao,null,null,null
Netcall,1 sept 2026,13,914846018,9148460188166099619378,9283,Outbound,Venta Regular / Alta,EXPRESS,Logixtal,9001,CERRADAS,Entregado,Entregado,NET_PVEGAC,SIM,1 sept 2026,1 sept 2026,01/09/2026,Sí,CERRADAS,2026-09-01 15:28:41,Monolínea,Mono_item,Lima - Callao,39.9,Power 39.90 N,Power 39.90 N
Netcall,1 sept 2026,12,914832263,9148322638165941887393,9283,Outbound,Portabilidad Postpago,EXPRESS,Logixtal,9001,CERRADAS,Entregado,Entregado,TLV_NET_ACUBASS,SIM,1 sept 2026,1 sept 2026,02/09/2026,Sí,CERRADAS,2026-09-02 01:42:46,Monolínea,Mono_item,Lima - Callao,34.95,Power ilim 69.90 N,Power ilim 69.90 N
Netcall,2 sept 2026,15,915328792,9153287928171046024376,9283,Outbound,Portabilidad Postpago,EXPRESS,Logixtal,9001,CERRADAS,Entregado,Entregado,NET_YFLORESR,SIM,2 sept 2026,2 sept 2026,null,No,CERRADAS,2026-09-03 03:30:55,Multilínea,Mono_item,Lima - Callao,null,Power ilim 79.90 SD N,Power ilim 79.90 SD N
Netcall,1 sept 2026,9,914772371,9147723718165359600967,9283,Outbound,Portabilidad Postpago,EXPRESS,Logixtal,9001,CERRADAS,Entregado,Entregado,NET_MDIAZP,SIM,1 sept 2026,1 sept 2026,02/09/2026,Sí,CERRADAS,2026-09-02 01:39:27,Monolínea,Mono_item,Lima - Callao,34.95,Power ilim 69.90 N,Power ilim 69.90 N
Netcall,1 sept 2026,9,914774523,9147745238165375771092,9283,Outbound,Portabilidad Postpago,EXPRESS,Logixtal,9001,CANCELADAS,Anulado,PIN PORTA_NO VALIDO,NET_SAVILAC,SIM,1 sept 2026,null,null,No,CANCELADAS,2026-09-01 10:14:34,Monolínea,Mono_item,Lima - Callao,null,null,Power 59.90 N
Netcall,1 sept 2026,10,914791945,9147919458165544636779,9283,Outbound,Portabilidad Postpago,EXPRESS,Logixtal,9001,CERRADAS,Entregado,Entregado,NET_GSILVAJ,SIM,1 sept 2026,1 sept 2026,02/09/2026,Sí,CERRADAS,2026-09-02 00:05:54,Monolínea,Mono_item,Lima - Callao,29.95,Power 59.90 N,Power 59.90 N
Netcall,1 sept 2026,16,914895797,9148957978166639687793,9283,Outbound,Portabilidad Postpago,EXPRESS,Logixtal,9001,CERRADAS,Entregado,Entregado,NET_MDIAZP,SIM,1 sept 2026,1 sept 2026,02/09/2026,Sí,CERRADAS,2026-09-02 00:48:12,Multilínea,Mono_item,Lima - Callao,39.95,Power ilim 79.90 SD N,Power ilim 79.90 SD N
Netcall,2 sept 2026,8,915188806,9151888068169700865977,9271,Outbound,Portabilidad Postpago,PROGRAMADO,Logixtal,9001,ABIERTAS,Pendiente Entrega,Pendiente Entrega,NET_LDIAZ,SIM,3 sept 2026,null,null,No,ABIERTAS,null,Monolínea,Mono_item,Lima - Callao,null,null,Power 59.90 N
Netcall,1 sept 2026,9,914772793,9147727938165361238753,9283,Outbound,Portabilidad Postpago,RETIRO EN TIENDA,Retiro en tienda,3114,CERRADAS,Entregado,Entregado,NET_HEULOGIO,SIM,1 sept 2026,1 sept 2026,02/09/2026,Sí,CERRADAS,2026-09-02 00:42:09,Multilínea,Mono_item,La Libertad,19.95,Power ilim 79.90 SD N,Power ilim 79.90 SD N
Netcall,2 sept 2026,11,915256338,9152563388170299604630,9283,Outbound,Portabilidad Postpago,RETIRO EN TIENDA,Retiro en tienda,3114,ABIERTAS,Pendiente Entrega,Pendiente Entrega,NET_FCARRIONM,SIM,2 sept 2026,null,null,No,ABIERTAS,null,Monolínea,Mono_item,La Libertad,null,null,Power 59.90 N
Netcall,2 sept 2026,9,915225215,9152252158169990837223,9283,Outbound,Portabilidad Postpago,RETIRO EN TIENDA,Retiro en tienda,3114,ABIERTAS,Pendiente Entrega,Pendiente Entrega,NET_BBELLIDOP,SIM,2 sept 2026,null,null,No,ABIERTAS,null,Monolínea,Mono_item,La Libertad,null,null,Power 59.90 N
Netcall,1 sept 2026,9,914772204,9147722048165353543373,9283,Outbound,Portabilidad Postpago,RETIRO EN TIENDA,Retiro en tienda,3114,CERRADAS,Entregado,Entregado,NET_HEULOGIO,SIM,1 sept 2026,1 sept 2026,02/09/2026,Sí,CERRADAS,2026-09-02 01:07:47,Multilínea,Mono_item,La Libertad,39.95,Power ilim 79.90 SD N,Power ilim 79.90 SD N
Netcall,2 sept 2026,9,915219258,9152192588169927337689,9271,Outbound,Portabilidad Postpago,RETIRO EN TIENDA,Retiro en tienda,3114,CERRADAS,Entregado,Entregado,NET_KLGARCIAA,SIM,2 sept 2026,2 sept 2026,null,No,CERRADAS,2026-09-03 01:38:02,Monolínea,Mono_item,La Libertad,null,Power ilim 79.90 SD N,Power ilim 79.90 SD N
Netcall,3 sept 2026,14,915720508,915720508Empty,5299,Outbound,Portabilidad Postpago,RETIRO EN TIENDA,Retiro en tienda,3163,ABIERTAS,Pendiente Entrega,Pendiente Entrega,NET_JBOZAC,SIM,3 sept 2026,null,null,No,ABIERTAS,null,Monolínea,Mono_item,Arequipa,null,null,null
Netcall,2 sept 2026,14,915312010,9153120108170870526602,9283,Outbound,Portabilidad Postpago,RETIRO EN TIENDA,Retiro en tienda,3163,ABIERTAS,Pendiente Entrega,Pendiente Entrega,NET_SPEREZR,SIM,2 sept 2026,null,null,No,ABIERTAS,null,Multilínea,Mono_item,Arequipa,null,null,Power ilim 79.90 SD N
Netcall,1 sept 2026,0,914591791,9145917918163418211835,9283,Outbound,Portabilidad Postpago,EXPRESS,Logixtal,5022,CERRADAS,Entregado,Entregado,NET_ARIVERA,SIM,1 sept 2026,1 sept 2026,02/09/2026,Sí,CERRADAS,2026-09-02 01:12:52,Multilínea,Mono_item,Arequipa,19.95,Power ilim 79.90 SD N,Power ilim 79.90 SD N
Netcall,1 sept 2026,0,914592795,9145927958163490571543,9283,Outbound,Portabilidad Postpago,EXPRESS,Logixtal,5022,CERRADAS,Entregado,Entregado,NET_ARIVERA,SIM,1 sept 2026,1 sept 2026,02/09/2026,Sí,CERRADAS,2026-09-02 00:10:53,Multilínea,Mono_item,Arequipa,19.95,Power ilim 79.90 SD N,Power ilim 79.90 SD N
Netcall,1 sept 2026,10,914791727,9147917278165541210015,9271,Outbound,Portabilidad Prepago,EXPRESS,Logixtal,5022,CERRADAS,Entregado,Entregado,NET_CREYESJ,SIM,1 sept 2026,1 sept 2026,02/09/2026,Sí,CERRADAS,2026-09-02 00:14:40,Monolínea,Mono_item,Arequipa,34.95,Power ilim 69.90 N,Power ilim 69.90 N
Netcall,1 sept 2026,15,914883120,914883120,9271,Outbound,Portabilidad Postpago,PROGRAMADO,Logixtal,5022,CERRADAS,Entregado,Entregado,NET_SCOVENASC,SIM,2 sept 2026,2 sept 2026,null,No,CERRADAS,2026-09-03 00:19:00,Monolínea,Mono_item,Arequipa,null,Power 59.90 N,null
Netcall,1 sept 2026,0,914591908,9145919088163438089615,9283,Outbound,Portabilidad Postpago,EXPRESS,Logixtal,5022,CERRADAS,Entregado,Entregado,NET_ARIVERA,SIM,1 sept 2026,1 sept 2026,02/09/2026,Sí,CERRADAS,2026-09-02 01:51:16,Multilínea,Mono_item,Arequipa,19.95,Power ilim 79.90 SD N,Power ilim 79.90 SD N
Netcall,2 sept 2026,13,915294926,9152949268170687952154,9283,Outbound,Venta Regular / Alta,RETIRO EN TIENDA,Retiro en tienda,3163,CERRADAS,Entregado,Entregado,NET_WBENITESA,SIM,2 sept 2026,2 sept 2026,02/09/2026,Sí,CERRADAS,2026-09-02 14:04:43,Multilínea,Mono_item,Arequipa,39.95,Power ilim 79.90 SD N,Power ilim 79.90 SD N
Netcall,2 sept 2026,8,915181998,9151819988169659946239,9283,Outbound,Portabilidad Postpago,PROGRAMADO,Logixtal,5022,ABIERTAS,No bop,No bop,NET_KARAUJOC,SIM,4 sept 2026,null,null,No,ABIERTAS,null,Multilínea,Mono_item,Arequipa,null,null,Power ilim 79.90 SD N
Netcall,2 sept 2026,11,915263067,9152630678170352831776,9283,Outbound,Portabilidad Postpago,RETIRO EN TIENDA,Retiro en tienda,3163,ABIERTAS,Pendiente Entrega,Pendiente Entrega,NET_VCHIRIA,SIM,2 sept 2026,null,null,No,ABIERTAS,null,Monolínea,Mono_item,Arequipa,null,null,Power 59.90 N
Netcall,1 sept 2026,0,914592178,9145921788163458471812,9283,Outbound,Portabilidad Postpago,EXPRESS,Logixtal,5022,CERRADAS,Entregado,Entregado,NET_ARIVERA,SIM,1 sept 2026,1 sept 2026,02/09/2026,Sí,CERRADAS,2026-09-02 00:24:42,Multilínea,Mono_item,Arequipa,39.95,Power ilim 79.90 SD N,Power ilim 79.90 SD N
Netcall,2 sept 2026,15,915326774,9153267748171025926219,9283,Outbound,Portabilidad Postpago,RETIRO EN TIENDA,Retiro en tienda,5058,ABIERTAS,Pendiente Entrega,Pendiente Entrega,NET_JPALOMINOA,SIM,2 sept 2026,null,null,No,ABIERTAS,null,Monolínea,Mono_item,Arequipa,null,null,Power ilim 79.90 SD N
Netcall,2 sept 2026,13,915290634,9152906348170638853542,9283,Outbound,Portabilidad Postpago,EXPRESS,Logixtal,5022,CERRADAS,Entregado,Entregado,NET_MCVASQUEZ,SIM,2 sept 2026,2 sept 2026,null,No,CERRADAS,2026-09-03 02:29:44,Monolínea,Mono_item,Arequipa,null,Power ilim 69.90 N,Power ilim 69.90 N
Netcall,3 sept 2026,13,915707032,91570703289511710111070714825,5299,Outbound,Portabilidad Postpago,EXPRESS,Logixtal,5022,ABIERTAS,Entregado,Entregado,NET_JBOZAC,SIM,3 sept 2026,null,null,No,ABIERTAS,null,Monolínea,Mono_item,Arequipa,null,null,null
Netcall,1 sept 2026,10,914780836,9147808368165439730098,9283,Outbound,Portabilidad Postpago,RETIRO EN TIENDA,Retiro en tienda,3163,CERRADAS,Entregado,Entregado,NET_ACQUISPE,SIM,1 sept 2026,2 sept 2026,null,No,CERRADAS,2026-09-03 01:07:21,Monolínea,Mono_item,Arequipa,null,Power ilim 79.90 SD N,Power ilim 79.90 SD N
Netcall,2 sept 2026,17,915366776,9153667768171443337783,9283,Outbound,Portabilidad Postpago,RETIRO EN TIENDA,Retiro en tienda,3163,ABIERTAS,Pendiente Entrega,Pendiente Entrega,NET_JIYASHAMAR,SIM,2 sept 2026,null,null,No,ABIERTAS,null,Monolínea,Mono_item,Arequipa,null,null,Power 59.90 N
Netcall,1 sept 2026,11,914798277,9147982778165610242771,9283,Outbound,Portabilidad Postpago,EXPRESS,Logixtal,5022,CERRADAS,Entregado,Entregado,TLV_NET_DVALOI,SIM,1 sept 2026,1 sept 2026,02/09/2026,Sí,CERRADAS,2026-09-02 00:26:50,Monolínea,Mono_item,Arequipa,39.95,Power ilim 79.90 SD N,Power ilim 79.90 SD N
Netcall,2 sept 2026,15,915326405,9153264058171024517957,9283,Outbound,Portabilidad Postpago,RETIRO EN TIENDA,Retiro en tienda,8010,ABIERTAS,Pendiente Entrega,Pendiente Entrega,NET_GSANTOSC,SIM,2 sept 2026,null,null,No,ABIERTAS,null,Monolínea,Mono_item,Arequipa,null,null,Power ilim 79.90 SD N
Netcall,1 sept 2026,15,914868865,9148688658166348169027,9283,Outbound,Portabilidad Prepago,RETIRO EN TIENDA,Retiro en tienda,7108,CERRADAS,Entregado,Entregado,TLV_NET_MFARFAN,SIM,1 sept 2026,1 sept 2026,02/09/2026,Sí,CERRADAS,2026-09-02 02:02:17,Monolínea,Mono_item,Arequipa,39.95,Power ilim 79.90 SD N,Power ilim 79.90 SD N
Netcall,2 sept 2026,11,915258380,9152583808170308121549,9283,Outbound,Portabilidad Postpago,EXPRESS,Logixtal,5022,CANCELADAS,Anulado,CLIENTE YA NO DESEA PRODUCTO,NET_CGARCIAC,SIM,2 sept 2026,null,null,No,CANCELADAS,2026-09-02 15:57:54,Monolínea,Mono_item,Arequipa,null,null,Power ilim 69.90 N
Netcall,1 sept 2026,19,914953485,9149534858167233563819,9283,Outbound,Portabilidad Postpago,RETIRO EN TIENDA,Retiro en tienda,5058,CERRADAS,Entregado,Entregado,TLV_NET_BCHAVEZ,SIM,1 sept 2026,1 sept 2026,02/09/2026,Sí,CERRADAS,2026-09-02 01:47:37,Monolínea,Mono_item,Arequipa,39.95,Power ilim 79.90 SD N,Power ilim 79.90 SD N
Netcall,2 sept 2026,11,915249845,9152498458170225640599,9283,Outbound,Portabilidad Postpago,RETIRO EN TIENDA,Retiro en tienda,5058,CANCELADAS,Cancelado,Cancelado,NET_AAFLORESG,SIM,2 sept 2026,null,null,No,CANCELADAS,2026-09-02 19:33:30,Monolínea,Mono_item,Arequipa,null,null,Power ilim 79.90 SD N
Netcall,1 sept 2026,13,914843692,9148436928166074883639,9271,Outbound,Portabilidad Postpago,RETIRO EN TIENDA,Retiro en tienda,3163,CANCELADAS,Cancelado,Cancelado,NET_RCEVERINOL,SIM,1 sept 2026,null,null,No,CANCELADAS,2026-09-01 13:59:40,Multilínea,Mono_item,Arequipa,null,null,Power ilim 79.90 SD N
Netcall,2 sept 2026,12,915274201,9152742018170466968264,9283,Outbound,Portabilidad Postpago,EXPRESS,Logixtal,5022,ABIERTAS,Pendiente Entrega,Pendiente Entrega,NET_MGUZMANP,SIM,2 sept 2026,null,null,No,ABIERTAS,null,Monolínea,Mono_item,Arequipa,null,null,Power ilim 79.90 SD N
Netcall,2 sept 2026,17,915353490,9153534908171309876165,9283,Outbound,Portabilidad Postpago,PROGRAMADO,Logixtal,5022,ABIERTAS,Pendiente Entrega,Pendiente Entrega,NET_JORTIZV,SIM,3 sept 2026,null,null,No,ABIERTAS,null,Monolínea,Mono_item,Arequipa,null,null,Power ilim 69.90 N
Netcall,2 sept 2026,13,915286850,9152868508170604716020,9283,Outbound,Portabilidad Postpago,RETIRO EN TIENDA,Retiro en tienda,8010,ABIERTAS,Pendiente Entrega,Pendiente Entrega,NET_CMDELACRUZV,SIM,2 sept 2026,null,null,No,ABIERTAS,null,Monolínea,Mono_item,Arequipa,null,null,Power 59.90 N
Netcall,3 sept 2026,9,915627464,915627464Empty,9271,Outbound,Portabilidad Postpago,RETIRO EN TIENDA,Retiro en tienda,5058,ABIERTAS,Pendiente Entrega,Pendiente Entrega,NET_BATOP,SIM,3 sept 2026,null,null,No,ABIERTAS,null,Multilínea,Mono_item,Arequipa,null,null,null
Netcall,3 sept 2026,9,915623965,915623965Empty,9271,Outbound,Portabilidad Postpago,RETIRO EN TIENDA,Retiro en tienda,5058,ABIERTAS,Pendiente Entrega,Pendiente Entrega,NET_BATOP,SIM,3 sept 2026,null,null,No,ABIERTAS,null,Multilínea,Mono_item,Arequipa,null,null,null
Netcall,3 sept 2026,13,915692861,915692861Empty,9283,Outbound,Portabilidad Postpago,RETIRO EN TIENDA,Retiro en tienda,3163,ABIERTAS,Pendiente Entrega,Pendiente Entrega,NET_ECARRETEROH,SIM,3 sept 2026,null,null,No,ABIERTAS,null,Monolínea,Mono_item,Arequipa,null,null,null
Netcall,2 sept 2026,14,915301967,9153019678170766546766,5299,Outbound,Portabilidad Postpago,RETIRO EN TIENDA,Retiro en tienda,3163,CANCELADAS,Cancelado,Cancelado,NET_JBOZAC,SIM,2 sept 2026,null,null,No,CANCELADAS,2026-09-02 22:14:45,Monolínea,Mono_item,Arequipa,null,null,Power 59.90 N
Netcall,2 sept 2026,15,915318426,9153184268170951043939,9283,Outbound,Portabilidad Postpago,RETIRO EN TIENDA,Retiro en tienda,8010,CANCELADAS,Cancelado,Cancelado,NET_LRUIZH,SIM,2 sept 2026,null,null,No,CANCELADAS,2026-09-02 17:50:27,Monolínea,Mono_item,Arequipa,null,null,Power ilim 79.90 SD N
Netcall,2 sept 2026,13,915285049,9152850498170589056752,9283,Outbound,Venta Regular / Alta,RETIRO EN TIENDA,Retiro en tienda,3163,CERRADAS,Entregado,Entregado,NET_WBENITESA,SIM,2 sept 2026,2 sept 2026,02/09/2026,Sí,CERRADAS,2026-09-02 13:34:37,Multilínea,Mono_item,Arequipa,19.95,Power ilim 79.90 SD N,Power ilim 79.90 SD N
Netcall,1 sept 2026,18,914939320,9149393208167092513444,9283,Outbound,Portabilidad Postpago,RETIRO EN TIENDA,Retiro en tienda,5058,CERRADAS,Entregado,Entregado,NET_JSIADEN,SIM,1 sept 2026,1 sept 2026,02/09/2026,Sí,CERRADAS,2026-09-02 01:51:59,Monolínea,Mono_item,Arequipa,39.95,Power ilim 79.90 SD N,Power ilim 79.90 SD N
Netcall,1 sept 2026,11,914815441,9148154418165777327721,9283,Outbound,Portabilidad Postpago,RETIRO EN TIENDA,Retiro en tienda,5058,CERRADAS,Entregado,Entregado,NET_THUAMANIP,SIM,1 sept 2026,1 sept 2026,02/09/2026,Sí,CERRADAS,2026-09-02 00:54:35,Multilínea,Mono_item,Arequipa,19.95,Power ilim 79.90 SD N,Power ilim 79.90 SD N
Netcall,3 sept 2026,13,915697782,915697782Empty,9283,Outbound,Portabilidad Postpago,RETIRO EN TIENDA,Retiro en tienda,5058,ABIERTAS,Pendiente Entrega,Pendiente Entrega,NET_JVELASQUEZS,SIM,3 sept 2026,null,null,No,ABIERTAS,null,Monolínea,Mono_item,Arequipa,null,null,null
Netcall,1 sept 2026,12,914825770,9148257708165879934769,9283,Outbound,Portabilidad Postpago,RETIRO EN TIENDA,Retiro en tienda,5058,CANCELADAS,Cancelado,Cancelado,NET_LMORAO,SIM,1 sept 2026,null,null,No,CANCELADAS,2026-09-01 12:38:46,Monolínea,Mono_item,Arequipa,null,null,Power ilim 79.90 SD N
Netcall,2 sept 2026,10,915242140,9152421408170154362602,9283,Outbound,Portabilidad Postpago,EXPRESS,Logixtal,5022,ABIERTAS,Pendiente Entrega,Pendiente Entrega,NET_NSANTAMARIA,SIM,2 sept 2026,null,null,No,ABIERTAS,null,Monolínea,Mono_item,Arequipa,null,null,Power ilim 69.90 N
Netcall,2 sept 2026,12,915280749,9152807498170546698232,9283,Outbound,Portabilidad Postpago,EXPRESS,Logixtal,5022,CERRADAS,Entregado,Entregado,NET_CLOPEZA,SIM,2 sept 2026,2 sept 2026,null,No,CERRADAS,2026-09-03 00:42:06,Monolínea,Mono_item,Arequipa,null,Power ilim 79.90 SD N,Power ilim 79.90 SD N
Netcall,2 sept 2026,8,915175711,9151757118169615647856,9283,Outbound,Portabilidad Postpago,PROGRAMADO,Logixtal,5022,ABIERTAS,No bop,No bop,NET_KARAUJOC,SIM,4 sept 2026,null,null,No,ABIERTAS,null,Multilínea,Mono_item,Arequipa,null,null,Power ilim 79.90 SD N
Netcall,2 sept 2026,19,915395517,9153955178171731568039,9283,Outbound,Portabilidad Postpago,RETIRO EN TIENDA,Retiro en tienda,5058,ABIERTAS,Pendiente Entrega,Pendiente Entrega,TLV_NET_DVALOI,SIM,2 sept 2026,null,null,No,ABIERTAS,null,Monolínea,Mono_item,Arequipa,null,null,Power ilim 79.90 SD N
Netcall,1 sept 2026,14,914865973,9148659738166314471054,9283,Outbound,Portabilidad Postpago,RETIRO EN TIENDA,Retiro en tienda,7128,CERRADAS,Entregado,Entregado,NET_JSIADEN,SIM,1 sept 2026,1 sept 2026,02/09/2026,Sí,CERRADAS,2026-09-02 01:10:44,Monolínea,Mono_item,Arequipa,39.95,Power ilim 79.90 SD N,Power ilim 79.90 SD N
Netcall,1 sept 2026,18,914926447,9149264478166970598178,9271,Outbound,Portabilidad Postpago,RETIRO EN TIENDA,Retiro en tienda,7128,CERRADAS,Entregado,Entregado,NET_KLGARCIAA,SIM,1 sept 2026,2 sept 2026,null,No,CERRADAS,2026-09-03 01:08:21,Monolínea,Mono_item,Arequipa,null,Power ilim 79.90 SD N,Power ilim 79.90 SD N
Netcall,2 sept 2026,10,915228666,9152286668170023872142,9271,Outbound,Portabilidad Postpago,EXPRESS,Logixtal,5022,CERRADAS,Entregado,Entregado,NET_STANANTAM,SIM,2 sept 2026,2 sept 2026,null,No,CERRADAS,2026-09-03 01:52:37,Multilínea,Mono_item,Arequipa,null,Power ilim 79.90 SD N,Power ilim 79.90 SD N
Netcall,1 sept 2026,13,914841525,9148415258166048438292,9271,Outbound,Portabilidad Postpago,RETIRO EN TIENDA,Retiro en tienda,3163,CERRADAS,Entregado,Entregado,NET_RCEVERINOL,SIM,1 sept 2026,1 sept 2026,02/09/2026,Sí,CERRADAS,2026-09-02 01:34:53,Multilínea,Mono_item,Arequipa,19.95,Power ilim 79.90 SD N,Power ilim 79.90 SD N
Netcall,2 sept 2026,16,915336390,9153363908171123426028,9283,Outbound,Portabilidad Postpago,EXPRESS,Logixtal,5022,CANCELADAS,Anulado,POSIBLE FRAUDE,NET_KARAUJOC,SIM,2 sept 2026,null,null,No,CANCELADAS,2026-09-02 17:42:26,Monolínea,Mono_item,Arequipa,null,null,Power ilim 69.90 N
Netcall,2 sept 2026,13,915287761,9152877618170613584826,9283,Outbound,Portabilidad Postpago,RETIRO EN TIENDA,Retiro en tienda,3163,CERRADAS,Entregado,Entregado,NET_WBENITESA,SIM,2 sept 2026,2 sept 2026,null,No,CERRADAS,2026-09-03 03:36:49,Multilínea,Mono_item,Arequipa,null,Power ilim 79.90 SD N,Power ilim 79.90 SD N
Netcall,2 sept 2026,11,915260228,9152602288170329412115,9283,Outbound,Portabilidad Postpago,RETIRO EN TIENDA,Retiro en tienda,5058,CERRADAS,Entregado,Entregado,NET_LTAMAYOD,SIM,2 sept 2026,2 sept 2026,null,No,CERRADAS,2026-09-03 01:32:06,Monolínea,Mono_item,Arequipa,null,Power ilim 79.90 SD N,Power ilim 79.90 SD N
Netcall,1 sept 2026,0,914592508,9145925088163472628945,9283,Outbound,Portabilidad Postpago,EXPRESS,Logixtal,5022,CERRADAS,Entregado,Entregado,NET_ARIVERA,SIM,1 sept 2026,1 sept 2026,02/09/2026,Sí,CERRADAS,2026-09-02 00:21:39,Multilínea,Mono_item,Arequipa,19.95,Power ilim 79.90 SD N,Power ilim 79.90 SD N
Netcall,1 sept 2026,16,914902208,9149022088166713087074,9271,Outbound,Portabilidad Postpago,EXPRESS,Logixtal,5022,CERRADAS,Entregado,Entregado,NET_KANGELESS,SIM,1 sept 2026,1 sept 2026,02/09/2026,Sí,CERRADAS,2026-09-02 03:19:40,Monolínea,Mono_item,Arequipa,29.95,Power 59.90 N,Power 59.90 N
Netcall,2 sept 2026,15,915327326,9153273268171033770700,9283,Outbound,Portabilidad Postpago,EXPRESS,Logixtal,5022,CERRADAS,Entregado,Entregado,NET_LCALDERONC,SIM,2 sept 2026,2 sept 2026,null,No,CERRADAS,2026-09-03 00:59:18,Monolínea,Mono_item,Arequipa,null,Power 59.90 N,Power 59.90 N
Netcall,3 sept 2026,10,915649065,91564906589511710111070731621,9283,Outbound,Portabilidad Postpago,PROGRAMADO,Logixtal,5022,ABIERTAS,Pendiente Entrega,Pendiente de Picking,NET_MJQUISPEM,SIM,4 sept 2026,null,null,No,ABIERTAS,null,Monolínea,Mono_item,Arequipa,null,null,null
Netcall,1 sept 2026,17,914906666,9149066668166817009999,9283,Outbound,Portabilidad Postpago,RETIRO EN TIENDA,Retiro en tienda,8010,ABIERTAS,Pendiente Entrega,Pendiente Entrega,NET_VOBESOS,SIM,1 sept 2026,null,null,No,ABIERTAS,null,Monolínea,Mono_item,Arequipa,null,null,Power 59.90 N
Netcall,2 sept 2026,14,915310601,9153106018170854067709,9283,Outbound,Portabilidad Postpago,RETIRO EN TIENDA,Retiro en tienda,3163,ABIERTAS,Pendiente Entrega,Pendiente Entrega,NET_SPEREZR,SIM,2 sept 2026,null,null,No,ABIERTAS,null,Multilínea,Mono_item,Arequipa,null,null,Power ilim 79.90 SD N
Netcall,1 sept 2026,13,914844365,9148443658166099259465,5299,Outbound,Portabilidad Postpago,EXPRESS,Logixtal,5022,CERRADAS,Entregado,Entregado,NET_RCANDIOTTIA,SIM,1 sept 2026,1 sept 2026,02/09/2026,Sí,CERRADAS,2026-09-02 02:40:20,Monolínea,Mono_item,Arequipa,39.95,Power ilim 79.90 SD N,Power ilim 79.90 SD N
Netcall,2 sept 2026,15,915330786,915330786,9283,Outbound,Portabilidad Postpago,EXPRESS,Logixtal,5022,CERRADAS,Entregado,Entregado,NET_VZEGARRAAGU,SIM,2 sept 2026,2 sept 2026,null,No,CERRADAS,2026-09-03 00:38:45,Monolínea,Mono_item,Arequipa,null,Power ilim 69.90 N,null
Netcall,1 sept 2026,17,914917085,9149170858166873503256,9271,Outbound,Portabilidad Postpago,PROGRAMADO,Logixtal,5022,ABIERTAS,Pendiente Entrega,Pendiente Entrega,NET_SPALACIOSA,SIM,2 sept 2026,null,null,No,ABIERTAS,null,Monolínea,Mono_item,Arequipa,null,null,Power 59.90 N
Netcall,2 sept 2026,18,915374204,915374204,9271,Outbound,Portabilidad Postpago,RETIRO EN TIENDA,Retiro en tienda,5058,CERRADAS,Entregado,Entregado,NET_CREYESJ,SIM,2 sept 2026,2 sept 2026,null,No,CERRADAS,2026-09-03 00:17:51,Monolínea,Mono_item,Arequipa,null,Power 59.90 N,null
Netcall,3 sept 2026,12,915675778,915675778Empty,9289,Outbound,Portabilidad Postpago,RETIRO EN TIENDA,Retiro en tienda,3163,CANCELADAS,Cancelado,Cancelado,TLV_NET_MLANDAR,SIM,3 sept 2026,null,null,No,CANCELADAS,2026-09-03 12:59:33,Monolínea,Mono_item,Arequipa,null,null,null
Netcall,2 sept 2026,10,915227894,915227894,9271,Outbound,Portabilidad Postpago,EXPRESS,Logixtal,5022,CERRADAS,Entregado,Entregado,NET_STANANTAM,SIM,2 sept 2026,2 sept 2026,null,No,CERRADAS,2026-09-03 00:20:33,Multilínea,Mono_item,Arequipa,null,Power ilim 79.90 SD N,null
Netcall,3 sept 2026,11,915661742,91566174289511710111070706524,9283,Outbound,Portabilidad Postpago,EXPRESS,Logixtal,5022,ABIERTAS,Pendiente Entrega,Pendiente de Picking,NET_YHUAMAN,SIM,3 sept 2026,null,null,No,ABIERTAS,null,Monolínea,Mono_item,Arequipa,null,null,null
Netcall,3 sept 2026,10,915641370,915641370Empty,9283,Outbound,Portabilidad Postpago,RETIRO EN TIENDA,Retiro en tienda,3163,ABIERTAS,Pendiente Entrega,Pendiente Entrega,NET_VCHIRIA,SIM,3 sept 2026,null,null,No,ABIERTAS,null,Monolínea,Mono_item,Arequipa,null,null,null
Netcall,1 sept 2026,10,914792480,9147924808165551537230,9283,Outbound,Portabilidad Postpago,RETIRO EN TIENDA,Retiro en tienda,7108,CANCELADAS,Cancelado,Cancelado,NET_ECARRETEROH,SIM,1 sept 2026,null,null,No,CANCELADAS,2026-09-02 09:27:13,Monolínea,Mono_item,Arequipa,null,null,Power 59.90 N
Netcall,3 sept 2026,9,915627152,91562715289511710111070709643,9283,Outbound,Portabilidad Postpago,EXPRESS,Logixtal,5022,ABIERTAS,Entregado,Entregado,NET_MDIAZP,SIM,3 sept 2026,null,null,No,ABIERTAS,null,Monolínea,Mono_item,Arequipa,null,null,null
Netcall,3 sept 2026,14,915712052,915712052Empty,9283,Outbound,Portabilidad Postpago,EXPRESS,Logixtal,5022,ABIERTAS,Pendiente Entrega,Pendiente de Picking,NET_KROJASNAUPA,SIM,3 sept 2026,null,null,No,ABIERTAS,null,Monolínea,Mono_item,Arequipa,null,null,null
Netcall,1 sept 2026,16,914899979,9148999798166686119613,9271,Outbound,Portabilidad Postpago,PROGRAMADO,Logixtal,5022,ABIERTAS,Pendiente Entrega,Pendiente Entrega,NET_LNECIOSUPC,SIM,2 sept 2026,null,null,No,ABIERTAS,null,Monolínea,Mono_item,Arequipa,null,null,Power 59.90 N
Netcall,3 sept 2026,13,915700525,91570052589511710111012288151,9283,Outbound,Venta Regular / Alta,EXPRESS,Logixtal,5022,CANCELADAS,Pendiente Entrega,Pendiente de Picking,NET_BDELGADOC,SIM,3 sept 2026,null,null,No,CANCELADAS,2026-09-03 14:29:20,Monolínea,Mono_item,Arequipa,null,null,null
Netcall,3 sept 2026,11,915667719,915667719Empty,9283,Outbound,Portabilidad Postpago,RETIRO EN TIENDA,Retiro en tienda,5058,ABIERTAS,Pendiente Entrega,Pendiente Entrega,NET_LTAMAYOD,SIM,3 sept 2026,null,null,No,ABIERTAS,null,Monolínea,Mono_item,Arequipa,null,null,null
Netcall,1 sept 2026,11,914813252,9148132528165754226515,9283,Outbound,Portabilidad Postpago,RETIRO EN TIENDA,Retiro en tienda,5058,CERRADAS,Entregado,Entregado,NET_THUAMANIP,SIM,1 sept 2026,1 sept 2026,02/09/2026,Sí,CERRADAS,2026-09-02 00:26:49,Multilínea,Mono_item,Arequipa,39.95,Power ilim 79.90 SD N,Power ilim 79.90 SD N
Netcall,1 sept 2026,17,914914488,914914488,9271,Outbound,Portabilidad Postpago,PROGRAMADO,Logixtal,9354,CERRADAS,Entregado,Entregado,NET_VAYALAS,SIM,2 sept 2026,2 sept 2026,null,No,CERRADAS,2026-09-03 00:14:52,Monolínea,Mono_item,Ayacucho,null,Power 59.90 N,null
Netcall,3 sept 2026,14,915723054,915723054Empty,9283,Outbound,Portabilidad Postpago,EXPRESS,Retiro en tienda,9354,ABIERTAS,Pendiente Entrega,Pendiente Entrega,NET_CTRAVIM,SIM,3 sept 2026,null,null,No,ABIERTAS,null,Multilínea,Mono_item,Ayacucho,null,null,null
Netcall,2 sept 2026,16,915332947,9153329478171089096364,9283,Outbound,Venta Regular / Alta,EXPRESS,Logixtal,9358,CERRADAS,Entregado,Entregado,NET_MCVASQUEZ,SIM,2 sept 2026,2 sept 2026,02/09/2026,Sí,CERRADAS,2026-09-02 18:09:35,Multilínea,Mono_item,Apurimac,39.95,Power ilim 79.90 SD N,Power ilim 79.90 SD N
Netcall,3 sept 2026,12,915680420,91568042089511710101045300065,9283,Outbound,Portabilidad Postpago,EXPRESS,Retiro en tienda,9358,CANCELADAS,Cancelado,Cancelado,TLV_NET_LVILLLA,SIM,3 sept 2026,null,null,No,CANCELADAS,2026-09-03 14:36:24,Monolínea,Mono_item,Apurimac,null,null,null
Netcall,2 sept 2026,10,915226851,9152268518170014954748,9283,Outbound,Portabilidad Postpago,EXPRESS,Logixtal,9358,CERRADAS,Entregado,Entregado,NET_IVARGASI,SIM,2 sept 2026,2 sept 2026,null,No,CERRADAS,2026-09-03 01:20:09,Multilínea,Mono_item,Apurimac,null,Power ilim 79.90 SD N,Power ilim 79.90 SD N
Netcall,2 sept 2026,10,915234193,915234193,9283,Outbound,Portabilidad Postpago,EXPRESS,Logixtal,9358,CERRADAS,Entregado,Entregado,NET_YRAYMUNDOTA,SIM,2 sept 2026,2 sept 2026,null,No,CERRADAS,2026-09-03 00:17:23,Monolínea,Mono_item,Apurimac,null,Power 59.90 N,null
Netcall,1 sept 2026,16,914885771,9148857718166533991837,9283,Outbound,Portabilidad Postpago,PROGRAMADO,Logixtal,9358,ABIERTAS,Pendiente Entrega,Pendiente Entrega,NET_ADOROTEOSAL,SIM,3 sept 2026,null,null,No,ABIERTAS,null,Monolínea,Mono_item,Apurimac,null,null,Power 59.90 N
Netcall,1 sept 2026,10,914792529,9147925298165544023006,5299,Outbound,Portabilidad Postpago,EXPRESS,Logixtal,9358,CANCELADAS,Anulado,CLIENTE DESISTE - INFORMACIÓN INCORRECTA,NET_JBOZAC,SIM,1 sept 2026,null,null,No,CANCELADAS,2026-09-01 11:34:22,Multilínea,Mono_item,Apurimac,null,null,Power ilim 79.90 SD N
Netcall,1 sept 2026,10,914789673,9147896738165520707880,5299,Outbound,Portabilidad Postpago,EXPRESS,Logixtal,9358,CANCELADAS,Anulado,CLIENTE DESISTE - INFORMACIÓN INCORRECTA,NET_JBOZAC,SIM,1 sept 2026,null,null,No,CANCELADAS,2026-09-01 11:39:24,Multilínea,Mono_item,Apurimac,null,null,Power ilim 79.90 SD N
Netcall,2 sept 2026,15,915328534,9153285348171044156640,9283,Outbound,Portabilidad Postpago,EXPRESS,Logixtal,9358,CERRADAS,Entregado,Entregado,NET_MCVASQUEZ,SIM,2 sept 2026,2 sept 2026,null,No,CERRADAS,2026-09-03 00:55:49,Multilínea,Mono_item,Apurimac,null,Power ilim 79.90 SD N,Power ilim 79.90 SD N
Netcall,2 sept 2026,10,915228417,9152284178170022325629,9283,Outbound,Portabilidad Postpago,EXPRESS,Logixtal,9358,CERRADAS,Entregado,Entregado,NET_IVARGASI,SIM,2 sept 2026,2 sept 2026,null,No,CERRADAS,2026-09-03 00:56:35,Multilínea,Mono_item,Apurimac,null,Power ilim 79.90 SD N,Power ilim 79.90 SD N
Netcall,2 sept 2026,11,915262960,9152629608170352822419,9289,Outbound,Portabilidad Postpago,EXPRESS,Logixtal,9358,CERRADAS,Entregado,Entregado,TLV_NET_MLANDAR,SIM,2 sept 2026,2 sept 2026,null,No,CERRADAS,2026-09-03 01:44:49,Monolínea,Mono_item,Apurimac,null,Power ilim 69.90 N,Power ilim 69.90 N
Netcall,2 sept 2026,11,915260960,9152609608170332500261,9289,Outbound,Portabilidad Postpago,EXPRESS,Logixtal,9358,CERRADAS,Entregado,Entregado,TLV_NET_MLANDAR,SIM,2 sept 2026,2 sept 2026,null,No,CERRADAS,2026-09-03 02:03:26,Monolínea,Mono_item,Apurimac,null,Power ilim 69.90 N,Power ilim 69.90 N
Netcall,1 sept 2026,12,914824073,914824073,9283,Outbound,Portabilidad Postpago,PROGRAMADO,Logixtal,9001,CERRADAS,Entregado,Entregado,NET_SDIAZO,SIM,2 sept 2026,2 sept 2026,null,No,CERRADAS,2026-09-03 00:15:24,Monolínea,Mono_item,Lima - Callao,null,Power 59.90 N,null
Netcall,1 sept 2026,10,914785932,9147859328165519479878,9283,Outbound,Portabilidad Postpago,PROGRAMADO,Logixtal,9001,CERRADAS,Entregado,Entregado,NET_EMMENDIZF,SIM,2 sept 2026,2 sept 2026,null,No,CERRADAS,2026-09-03 00:58:43,Monolínea,Mono_item,Lima - Callao,null,Power 59.90 N,Power 59.90 N
Netcall,2 sept 2026,19,915388666,9153886668171671742891,9283,Outbound,Portabilidad Postpago,PROGRAMADO,Logixtal,9001,ABIERTAS,No bop,No bop,NET_ELAURAQ,SIM,4 sept 2026,null,null,No,ABIERTAS,null,Monolínea,Mono_item,Lima - Callao,null,null,Power ilim 69.90 N
Netcall,1 sept 2026,10,914788596,9147885968165510821415,9283,Outbound,Portabilidad Postpago,PROGRAMADO,Logixtal,9001,CANCELADAS,Anulado,CLIENTE YA NO DESEA PRODUCTO,NET_CULLOAC,SIM,2 sept 2026,null,null,No,CANCELADAS,2026-09-02 12:51:24,Monolínea,Mono_item,Lima - Callao,null,null,Power 59.90 N
Netcall,2 sept 2026,11,915259471,9152594718170320537244,9271,Outbound,Portabilidad Postpago,PROGRAMADO,Logixtal,9001,ABIERTAS,No bop,No bop,NET_SBACAD,SIM,4 sept 2026,null,null,No,ABIERTAS,null,Monolínea,Mono_item,Lima - Callao,null,null,Power 59.90 N
Netcall,2 sept 2026,14,915302263,9153022638170768358179,9283,Outbound,Portabilidad Postpago,PROGRAMADO,Logixtal,9001,ABIERTAS,No bop,No bop,NET_EZAPATAC,SIM,4 sept 2026,null,null,No,ABIERTAS,null,Monolínea,Mono_item,Lima - Callao,null,null,Power ilim 69.90 N
Netcall,1 sept 2026,13,914836741,9148367418165988761342,9283,Outbound,Venta Regular / Alta,PROGRAMADO,Logixtal,9001,ABIERTAS,No bop,No bop,NET_GMENDIGUETE,SIM,4 sept 2026,null,null,No,ABIERTAS,null,Multilínea,Mono_item,Lima - Callao,null,null,Power ilim 79.90 SD N
Netcall,2 sept 2026,13,915297149,9152971498170711874923,9283,Outbound,Portabilidad Postpago,PROGRAMADO,Logixtal,9001,ABIERTAS,No bop,No bop,NET_EZAPATAC,SIM,4 sept 2026,null,null,No,ABIERTAS,null,Monolínea,Mono_item,Lima - Callao,null,null,Power ilim 79.90 SD N
Netcall,3 sept 2026,11,915667421,915667421Empty,9283,Outbound,Portabilidad Postpago,PROGRAMADO,Logixtal,9001,ABIERTAS,Pendiente Entrega,Pendiente de Picking,NET_SCAMPOSR,SIM,4 sept 2026,null,null,No,ABIERTAS,null,Multilínea,Mono_item,Lima - Callao,null,null,null
Netcall,1 sept 2026,13,914837891,9148378918166005647246,9283,Outbound,Portabilidad Postpago,PROGRAMADO,Logixtal,9001,CERRADAS,Entregado,Entregado,NET_GMENDIGUETE,SIM,2 sept 2026,2 sept 2026,null,No,CERRADAS,2026-09-03 03:30:32,Multilínea,Mono_item,Lima - Callao,null,Power ilim 79.90 SD N,Power ilim 79.90 SD N
Netcall,3 sept 2026,11,915669975,915669975Empty,9283,Outbound,Portabilidad Postpago,PROGRAMADO,Logixtal,9001,ABIERTAS,Pendiente Entrega,Pendiente de Picking,NET_SCAMPOSR,SIM,4 sept 2026,null,null,No,ABIERTAS,null,Multilínea,Mono_item,Lima - Callao,null,null,null
Netcall,3 sept 2026,13,915706957,915706957Empty,9283,Outbound,Portabilidad Postpago,EXPRESS,Retiro en tienda,9353,ABIERTAS,Pendiente Entrega,Pendiente Entrega,NET_YCASTILLOO,SIM,3 sept 2026,null,null,No,ABIERTAS,null,Monolínea,Mono_item,Huanuco,null,null,null
Netcall,2 sept 2026,10,915236986,9152369868170106105423,9283,Outbound,Portabilidad Postpago,EXPRESS,Logixtal,9353,CERRADAS,Entregado,Entregado,NET_TVASQUEZANG,SIM,2 sept 2026,2 sept 2026,null,No,CERRADAS,2026-09-03 01:20:43,Monolínea,Mono_item,Huanuco,null,Power ilim 79.90 SD N,Power ilim 79.90 SD N
Netcall,2 sept 2026,17,915363504,9153635048171408705736,9283,Outbound,Portabilidad Postpago,PROGRAMADO,Logixtal,9353,ABIERTAS,Pendiente Entrega,Pendiente Entrega,NET_SPEREZM,SIM,3 sept 2026,null,null,No,ABIERTAS,null,Monolínea,Mono_item,Huanuco,null,null,Power ilim 69.90 N
Netcall,1 sept 2026,9,914767369,9147673698165306937506,9283,Outbound,Portabilidad Postpago,EXPRESS,Logixtal,9353,CERRADAS,Entregado,Entregado,TLV_NET_BCHAVEZ,SIM,1 sept 2026,1 sept 2026,02/09/2026,Sí,CERRADAS,2026-09-02 01:30:35,Monolínea,Mono_item,Huanuco,34.95,Power ilim 69.90 N,Power ilim 69.90 N
Netcall,2 sept 2026,16,915341985,9153419858171183474269,9271,Outbound,Portabilidad Postpago,PROGRAMADO,Logixtal,9353,ABIERTAS,Pendiente Entrega,Pendiente Entrega,NET_MVALIENTES,SIM,4 sept 2026,null,null,No,ABIERTAS,null,Monolínea,Mono_item,Huanuco,null,null,Power ilim 79.90 SD N
Netcall,1 sept 2026,9,914774733,9147747338165381906932,9283,Outbound,Portabilidad Postpago,EXPRESS,Logixtal,9353,CERRADAS,Entregado,Entregado,NET_JVELASQUEZS,SIM,1 sept 2026,1 sept 2026,02/09/2026,Sí,CERRADAS,2026-09-02 03:17:11,Monolínea,Mono_item,Huanuco,29.95,Power 59.90 N,Power 59.90 N
Netcall,2 sept 2026,9,915220396,9152203968169939824610,9283,Outbound,Portabilidad Postpago,EXPRESS,Logixtal,9353,ABIERTAS,Anulado,CLIENTE AUSENTE,NET_JSIADEN,SIM,2 sept 2026,null,null,No,ABIERTAS,null,Monolínea,Mono_item,Huanuco,null,null,Power 59.90 N
Netcall,3 sept 2026,10,915641862,91564186289511710111069293369,9271,Outbound,Portabilidad Postpago,EXPRESS,Retiro en tienda,9353,ABIERTAS,Pendiente Entrega,Pendiente Entrega,NET_KGUTIERREZV,SIM,3 sept 2026,null,null,No,ABIERTAS,null,Monolínea,Mono_item,Huanuco,null,null,null
Netcall,1 sept 2026,13,914849250,9148492508166129091840,9283,Outbound,Portabilidad Postpago,EXPRESS,Logixtal,9353,CANCELADAS,Anulado,POSIBLE FRAUDE,NET_PCHAVESTAY,SIM,1 sept 2026,null,null,No,CANCELADAS,2026-09-01 14:47:54,Multilínea,Mono_item,Huanuco,null,null,Power ilim 79.90 SD N
Netcall,3 sept 2026,13,915705182,915705182Empty,5299,Outbound,Portabilidad Postpago,PROGRAMADO,Retiro en tienda,9353,ABIERTAS,Pendiente Entrega,Pendiente Entrega,NET_BTRUJILLOT,SIM,4 sept 2026,null,null,No,ABIERTAS,null,Multilínea,Mono_item,Huanuco,null,null,null
Netcall,1 sept 2026,10,914777491,9147774918165410073145,9283,Outbound,Portabilidad Postpago,EXPRESS,Logixtal,9353,CANCELADAS,Anulado,CLIENTE DESISTE - NO BRINDA MOTIVOS,TLV_NET_YQUITOV,SIM,1 sept 2026,null,null,No,CANCELADAS,2026-09-01 12:15:23,Monolínea,Mono_item,Huanuco,null,null,Power 59.90 N
Netcall,2 sept 2026,14,915304210,9153042108170790034194,9283,Outbound,Portabilidad Postpago,EXPRESS,Logixtal,9353,CERRADAS,Entregado,Entregado,NET_KYUPANQUIC,SIM,2 sept 2026,2 sept 2026,null,No,CERRADAS,2026-09-03 01:32:34,Monolínea,Mono_item,Huanuco,null,Power 59.90 N,Power 59.90 N
Netcall,3 sept 2026,13,915704294,915704294Empty,5299,Outbound,Portabilidad Postpago,PROGRAMADO,Retiro en tienda,9353,ABIERTAS,Pendiente Entrega,Pendiente Entrega,NET_BTRUJILLOT,SIM,4 sept 2026,null,null,No,ABIERTAS,null,Multilínea,Mono_item,Huanuco,null,null,null
Netcall,2 sept 2026,16,915343566,915343566,9283,Outbound,Portabilidad Postpago,EXPRESS,Logixtal,5022,CERRADAS,Entregado,Entregado,NET_SDIAZO,SIM,2 sept 2026,2 sept 2026,null,No,CERRADAS,2026-09-03 00:27:19,Monolínea,Mono_item,Arequipa,null,Power 59.90 N,null
Netcall,2 sept 2026,8,915199185,9151991858169768903753,9283,Outbound,Portabilidad Postpago,EXPRESS,Logixtal,5022,CERRADAS,Entregado,Entregado,NET_ADOROTEOSAL,SIM,2 sept 2026,2 sept 2026,null,No,CERRADAS,2026-09-03 02:03:07,Monolínea,Mono_item,Arequipa,null,Power 59.90 N,Power 59.90 N
Netcall,2 sept 2026,12,915269906,9152699068170426654636,9283,Outbound,Portabilidad Postpago,EXPRESS,Logixtal,5022,CANCELADAS,Entregado,Entregado,NET_GCABALLEROC,SIM,2 sept 2026,2 sept 2026,null,No,CANCELADAS,2026-09-02 22:00:25,Monolínea,Mono_item,Arequipa,null,null,Power ilim 79.90 SD N
Netcall,3 sept 2026,10,915649656,91564965689511710111070706466,9283,Outbound,Portabilidad Postpago,EXPRESS,Logixtal,5022,ABIERTAS,Entregado,Entregado,NET_EGOMEZB,SIM,3 sept 2026,null,null,No,ABIERTAS,null,Multilínea,Mono_item,Arequipa,null,null,null
Netcall,3 sept 2026,10,915637587,91563758789511710111070730078,9283,Outbound,Portabilidad Postpago,EXPRESS,Logixtal,5022,ABIERTAS,Entregado,Entregado,NET_GLOPEZF,SIM,3 sept 2026,null,null,No,ABIERTAS,null,Multilínea,Mono_item,Arequipa,null,null,null
Netcall,3 sept 2026,10,915650998,91565099889511710111070706458,9283,Outbound,Portabilidad Postpago,EXPRESS,Logixtal,5022,ABIERTAS,Pendiente Entrega,Pendiente de Picking,NET_EGOMEZB,SIM,3 sept 2026,null,null,No,ABIERTAS,null,Multilínea,Mono_item,Arequipa,null,null,null
Netcall,2 sept 2026,8,915203140,915203140,9283,Outbound,Portabilidad Postpago,EXPRESS,Logixtal,5022,CERRADAS,Entregado,Entregado,NET_ADOROTEOSAL,SIM,2 sept 2026,2 sept 2026,null,No,CERRADAS,2026-09-03 00:40:07,Monolínea,Mono_item,Arequipa,null,Power ilim 69.90 N,null
Netcall,3 sept 2026,10,915640913,91564091389511710111070749458,9283,Outbound,Venta Regular / Alta,EXPRESS,Logixtal,5022,CERRADAS,Entregado,Entregado,NET_GLOPEZF,SIM,3 sept 2026,3 sept 2026,null,No,CERRADAS,2026-09-03 13:54:12,Multilínea,Mono_item,Arequipa,null,Power ilim 79.90 SD N,null
Netcall,1 sept 2026,16,914894530,9148945308166629329427,9271,Outbound,Portabilidad Postpago,EXPRESS,Logixtal,5022,CERRADAS,Entregado,Entregado,NET_KANGELESS,SIM,1 sept 2026,1 sept 2026,02/09/2026,Sí,CERRADAS,2026-09-02 00:48:44,Monolínea,Mono_item,Arequipa,29.95,Power 59.90 N,Power 59.90 N
Netcall,1 sept 2026,12,914820391,9148203918165829452714,9283,Outbound,Portabilidad Prepago,EXPRESS,Logixtal,9348,CERRADAS,Entregado,Entregado,TLV_NET_GANACLE,SIM,1 sept 2026,1 sept 2026,02/09/2026,Sí,CERRADAS,2026-09-02 01:19:29,Multilínea,Mono_item,Tacna,19.95,Power ilim 79.90 SD N,Power ilim 79.90 SD N
Netcall,1 sept 2026,12,914819055,9148190558165812027966,9283,Outbound,Portabilidad Prepago,EXPRESS,Logixtal,9348,CERRADAS,Entregado,Entregado,TLV_NET_GANACLE,SIM,1 sept 2026,1 sept 2026,02/09/2026,Sí,CERRADAS,2026-09-02 01:19:50,Multilínea,Mono_item,Tacna,39.95,Power ilim 79.90 SD N,Power ilim 79.90 SD N
Netcall,1 sept 2026,12,914832935,9148329358165950960712,9283,Outbound,Portabilidad Prepago,EXPRESS,Logixtal,9358,CERRADAS,Entregado,Entregado,NET_AARNAIZA,SIM,1 sept 2026,1 sept 2026,02/09/2026,Sí,CERRADAS,2026-09-02 01:26:30,Monolínea,Mono_item,Apurimac,29.95,Power 59.90 N,Power 59.90 N
Netcall,1 sept 2026,12,914822279,9148222798165839110831,9283,Outbound,Portabilidad Postpago,EXPRESS,Logixtal,9358,CANCELADAS,Anulado,PIN-PORTA NO LLEGA SMS,NET_JCALDASB,SIM,1 sept 2026,null,null,No,CANCELADAS,2026-09-01 12:58:43,Multilínea,Mono_item,Apurimac,null,null,Power ilim 69.90 N
Netcall,2 sept 2026,12,915270862,9152708628170432102264,9283,Outbound,Venta Regular / Alta,EXPRESS,Logixtal,9358,ABIERTAS,Pendiente Entrega,Pendiente Entrega,NET_JIYASHAMAR,SIM,2 sept 2026,null,null,No,ABIERTAS,null,Multilínea,Mono_item,Apurimac,null,null,Power ilim 79.90 SD N
Netcall,2 sept 2026,16,915339592,9153395928171157193344,9283,Outbound,Portabilidad Postpago,EXPRESS,Logixtal,9358,CERRADAS,Entregado,Entregado,NET_ADOROTEOSAL,SIM,2 sept 2026,2 sept 2026,null,No,CERRADAS,2026-09-03 01:35:35,Multilínea,Mono_item,Apurimac,null,Power ilim 79.90 SD N,Power ilim 79.90 SD N
Netcall,1 sept 2026,16,914898888,9148988888166676349798,9283,Outbound,Portabilidad Postpago,EXPRESS,Logixtal,9358,CERRADAS,Entregado,Entregado,NET_BBELLIDOP,SIM,1 sept 2026,1 sept 2026,02/09/2026,Sí,CERRADAS,2026-09-02 00:06:52,Monolínea,Mono_item,Apurimac,39.95,Power ilim 79.90 SD N,Power ilim 79.90 SD N
Netcall,2 sept 2026,12,915271911,9152719118170445654225,9283,Outbound,Portabilidad Postpago,EXPRESS,Logixtal,9358,ABIERTAS,Pendiente Entrega,Pendiente Entrega,NET_JIYASHAMAR,SIM,2 sept 2026,null,null,No,ABIERTAS,null,Multilínea,Mono_item,Apurimac,null,null,Power ilim 79.90 SD N
Netcall,1 sept 2026,15,914882554,9148825548166494028835,9283,Outbound,Portabilidad Postpago,PROGRAMADO,Logixtal,9358,CERRADAS,Entregado,Entregado,NET_JCALDASB,SIM,2 sept 2026,2 sept 2026,null,No,CERRADAS,2026-09-03 01:40:07,Multilínea,Mono_item,Apurimac,null,Power ilim 69.90 N,Power ilim 69.90 N
Netcall,2 sept 2026,16,915340490,9153404908171165705863,9283,Outbound,Venta Regular / Alta,EXPRESS,Logixtal,9358,CERRADAS,Entregado,Entregado,NET_ADOROTEOSAL,SIM,2 sept 2026,2 sept 2026,02/09/2026,Sí,CERRADAS,2026-09-02 19:36:52,Multilínea,Mono_item,Apurimac,39.95,Power ilim 79.90 SD N,Power ilim 79.90 SD N
Netcall,3 sept 2026,12,915674814,91567481489511710101045294250,9283,Outbound,Portabilidad Postpago,EXPRESS,Retiro en tienda,9358,ABIERTAS,Entregado,Entregado,NET_SLIZARDOPER,SIM,3 sept 2026,null,null,No,ABIERTAS,null,Monolínea,Mono_item,Apurimac,null,null,null
Netcall,3 sept 2026,15,915729399,915729399,9283,Outbound,Portabilidad Postpago,RETIRO EN TIENDA,Retiro en tienda,3138,ABIERTAS,Pendiente Entrega,Pendiente Entrega,TLV_NET_MFERRER,(Sin datos Omnix),3 sept 2026,null,null,No,ABIERTAS,null,Monolínea,Mono_item,null,null,null,null
Netcall,3 sept 2026,15,915728228,915728228,9283,Outbound,Portabilidad Postpago,No bop,Logixtal,5024,ABIERTAS,No bop,No bop,NET_VTURKOWSKYG,(Sin datos Omnix),3 sept 2026,null,null,No,ABIERTAS,null,Monolínea,Mono_item,null,null,null,null
Netcall,1 sept 2026,9,914772329,9147723298165359724190,9271,Outbound,Portabilidad Postpago,RETIRO EN TIENDA,Retiro en tienda,7116,CANCELADAS,Cancelado,Cancelado,NET_GDJULCAT,(Sin datos Omnix),1 sept 2026,null,null,No,CANCELADAS,2026-09-02 03:57:28,Monolínea,Mono_item,Huanuco,null,null,Power 59.90 N
Netcall,3 sept 2026,15,915728625,915728625,9271,Outbound,Portabilidad Postpago,No bop,Logixtal,9001,ABIERTAS,No bop,No bop,NET_FRIVERAO,(Sin datos Omnix),3 sept 2026,null,null,No,ABIERTAS,null,Monolínea,Mono_item,null,null,null,null
Netcall,3 sept 2026,15,915729356,915729356,9283,Outbound,Portabilidad Postpago,No bop,Logixtal,5022,ABIERTAS,No bop,No bop,TLV_NET_GJQUISP,(Sin datos Omnix),3 sept 2026,null,null,No,ABIERTAS,null,Monolínea,Mono_item,null,null,null,null
Netcall,3 sept 2026,15,915727871,915727871,9283,Outbound,Portabilidad Postpago,No bop,Logixtal,9001,ABIERTAS,No bop,No bop,NET_JSANGAMAT,(Sin datos Omnix),3 sept 2026,null,null,No,ABIERTAS,null,Multilínea,Mono_item,null,null,null,null
Netcall,3 sept 2026,15,915728138,915728138,9283,Outbound,Portabilidad Postpago,No bop,Logixtal,9001,ABIERTAS,No bop,No bop,NET_GBUITRONL,(Sin datos Omnix),3 sept 2026,null,null,No,ABIERTAS,null,Multilínea,Mono_item,null,null,null,null
Netcall,3 sept 2026,15,915730152,915730152,9283,Outbound,Portabilidad Postpago,No bop,Logixtal,9001,ABIERTAS,No bop,No bop,NET_MCVASQUEZ,(Sin datos Omnix),3 sept 2026,null,null,No,ABIERTAS,null,Multilínea,Mono_item,null,null,null,null
Netcall,3 sept 2026,10,915649756,915649756,9283,Outbound,Portabilidad Postpago,No bop,Logixtal,9001,CANCELADAS,No bop,No bop,TLV_NET_JPENAM,(Sin datos Omnix),3 sept 2026,null,null,No,CANCELADAS,2026-09-03 11:02:31,Multilínea,Mono_item,null,null,null,null
Netcall,3 sept 2026,15,915730297,915730297,9283,Outbound,Portabilidad Postpago,RETIRO EN TIENDA,Retiro en tienda,9345,ABIERTAS,Pendiente Entrega,Pendiente Entrega,NET_AYROJASS,(Sin datos Omnix),3 sept 2026,null,null,No,ABIERTAS,null,Monolínea,Mono_item,Ica,null,null,null
Netcall,3 sept 2026,15,915730318,915730318,9283,Outbound,Portabilidad Postpago,RETIRO EN TIENDA,Retiro en tienda,9343,ABIERTAS,Pendiente Entrega,Pendiente Entrega,NET_SPEREZR,(Sin datos Omnix),3 sept 2026,null,null,No,ABIERTAS,null,Monolínea,Mono_item,Cusco,null,null,null
Netcall,1 sept 2026,14,914860137,9148601378166248280083,9283,Outbound,Portabilidad Postpago,RETIRO EN TIENDA,Retiro en tienda,9351,CANCELADAS,Cancelado,Cancelado,NET_JCHAVEZC,(Sin datos Omnix),1 sept 2026,null,null,No,CANCELADAS,2026-09-02 04:23:45,Monolínea,Mono_item,null,null,null,Power 59.90 N
Netcall,3 sept 2026,15,915730051,915730051,9283,Outbound,Portabilidad Postpago,No bop,Logixtal,9001,ABIERTAS,No bop,No bop,NET_SAVILAC,(Sin datos Omnix),3 sept 2026,null,null,No,ABIERTAS,null,Monolínea,Mono_item,null,null,null,null
Netcall,3 sept 2026,10,915649941,915649941,9283,Outbound,Portabilidad Postpago,No bop,Logixtal,9001,CANCELADAS,No bop,No bop,NET_AARANAS,(Sin datos Omnix),3 sept 2026,null,null,No,CANCELADAS,2026-09-03 12:19:31,Multilínea,Mono_item,null,null,null,null
Netcall,3 sept 2026,15,915728693,915728693,9283,Outbound,Portabilidad Postpago,No bop,Logixtal,9342,ABIERTAS,No bop,No bop,NET_SBENITESL,(Sin datos Omnix),3 sept 2026,null,null,No,ABIERTAS,null,Monolínea,Mono_item,null,null,null,null
Netcall,3 sept 2026,15,915728928,915728928,9283,Outbound,Portabilidad Postpago,No bop,Logixtal,9342,ABIERTAS,No bop,No bop,NET_SRUIZS,(Sin datos Omnix),3 sept 2026,null,null,No,ABIERTAS,null,Monolínea,Mono_item,null,null,null,null
Netcall,2 sept 2026,12,915279298,9152792988170526965886,9283,Outbound,Portabilidad Postpago,RETIRO EN TIENDA,Retiro en tienda,9343,CANCELADAS,Cancelado,Cancelado,NET_JCAVEROC,(Sin datos Omnix),2 sept 2026,null,null,No,CANCELADAS,2026-09-02 13:40:51,Multilínea,Mono_item,Cusco,null,null,Power ilim 79.90 SD N
Netcall,3 sept 2026,15,915730805,915730805,9283,Outbound,Portabilidad Postpago,RETIRO EN TIENDA,Retiro en tienda,1025,ABIERTAS,Pendiente Entrega,Pendiente Entrega,NET_MGUZMANP,(Sin datos Omnix),3 sept 2026,null,null,No,ABIERTAS,null,Monolínea,Mono_item,null,null,null,null
Netcall,3 sept 2026,15,915729110,915729110,9283,Outbound,Portabilidad Postpago,RETIRO EN TIENDA,Retiro en tienda,9346,ABIERTAS,Pendiente Entrega,Pendiente Entrega,NET_LYAIPENARRO,(Sin datos Omnix),3 sept 2026,null,null,No,ABIERTAS,null,Monolínea,Mono_item,Junin,null,null,null